"GeoUID","Date","DateString","Dwelling Type","Value","Survey","Series"
"59918",1998-01-01,"1998 January","1st 20%",178000,"Scss","Unabsorbed Prices"
"59918",1998-01-01,"1998 January","2nd 40%",186000,"Scss","Unabsorbed Prices"
"59918",1998-01-01,"1998 January","3rd 60%",211000,"Scss","Unabsorbed Prices"
"59918",1998-01-01,"1998 January","4th 80%",284000,"Scss","Unabsorbed Prices"
"59918",1998-01-01,"1998 January","Median",192500,"Scss","Unabsorbed Prices"
"59918",1998-01-01,"1998 January","Average",221875,"Scss","Unabsorbed Prices"
"59918",1998-01-01,"1998 January","Units",12,"Scss","Unabsorbed Prices"
"59918",1998-02-01,"1998 February","1st 20%",163000,"Scss","Unabsorbed Prices"
"59918",1998-02-01,"1998 February","2nd 40%",179000,"Scss","Unabsorbed Prices"
"59918",1998-02-01,"1998 February","3rd 60%",2e+05,"Scss","Unabsorbed Prices"
"59918",1998-02-01,"1998 February","4th 80%",283000,"Scss","Unabsorbed Prices"
"59918",1998-02-01,"1998 February","Median",197500,"Scss","Unabsorbed Prices"
"59918",1998-02-01,"1998 February","Average",223958,"Scss","Unabsorbed Prices"
"59918",1998-02-01,"1998 February","Units",12,"Scss","Unabsorbed Prices"
"59918",1998-03-01,"1998 March","1st 20%",190000,"Scss","Unabsorbed Prices"
"59918",1998-03-01,"1998 March","2nd 40%",219000,"Scss","Unabsorbed Prices"
"59918",1998-03-01,"1998 March","3rd 60%",240000,"Scss","Unabsorbed Prices"
"59918",1998-03-01,"1998 March","4th 80%",269000,"Scss","Unabsorbed Prices"
"59918",1998-03-01,"1998 March","Median",235000,"Scss","Unabsorbed Prices"
"59918",1998-03-01,"1998 March","Average",253333,"Scss","Unabsorbed Prices"
"59918",1998-03-01,"1998 March","Units",17,"Scss","Unabsorbed Prices"
"59918",1998-04-01,"1998 April","1st 20%",149000,"Scss","Unabsorbed Prices"
"59918",1998-04-01,"1998 April","2nd 40%",170000,"Scss","Unabsorbed Prices"
"59918",1998-04-01,"1998 April","3rd 60%",181000,"Scss","Unabsorbed Prices"
"59918",1998-04-01,"1998 April","4th 80%",193000,"Scss","Unabsorbed Prices"
"59918",1998-04-01,"1998 April","Median",180000,"Scss","Unabsorbed Prices"
"59918",1998-04-01,"1998 April","Average",175800,"Scss","Unabsorbed Prices"
"59918",1998-04-01,"1998 April","Units",22,"Scss","Unabsorbed Prices"
"59918",1998-05-01,"1998 May","1st 20%",165000,"Scss","Unabsorbed Prices"
"59918",1998-05-01,"1998 May","2nd 40%",185000,"Scss","Unabsorbed Prices"
"59918",1998-05-01,"1998 May","3rd 60%",240000,"Scss","Unabsorbed Prices"
"59918",1998-05-01,"1998 May","4th 80%",279000,"Scss","Unabsorbed Prices"
"59918",1998-05-01,"1998 May","Median",205000,"Scss","Unabsorbed Prices"
"59918",1998-05-01,"1998 May","Average",221093,"Scss","Unabsorbed Prices"
"59918",1998-05-01,"1998 May","Units",27,"Scss","Unabsorbed Prices"
"59918",1998-06-01,"1998 June","1st 20%",165000,"Scss","Unabsorbed Prices"
"59918",1998-06-01,"1998 June","2nd 40%",185000,"Scss","Unabsorbed Prices"
"59918",1998-06-01,"1998 June","3rd 60%",210000,"Scss","Unabsorbed Prices"
"59918",1998-06-01,"1998 June","4th 80%",275000,"Scss","Unabsorbed Prices"
"59918",1998-06-01,"1998 June","Median",197500,"Scss","Unabsorbed Prices"
"59918",1998-06-01,"1998 June","Average",223571,"Scss","Unabsorbed Prices"
"59918",1998-06-01,"1998 June","Units",14,"Scss","Unabsorbed Prices"
"59918",1998-07-01,"1998 July","1st 20%",175000,"Scss","Unabsorbed Prices"
"59918",1998-07-01,"1998 July","2nd 40%",188000,"Scss","Unabsorbed Prices"
"59918",1998-07-01,"1998 July","3rd 60%",229000,"Scss","Unabsorbed Prices"
"59918",1998-07-01,"1998 July","4th 80%",251000,"Scss","Unabsorbed Prices"
"59918",1998-07-01,"1998 July","Median",210000,"Scss","Unabsorbed Prices"
"59918",1998-07-01,"1998 July","Average",214783,"Scss","Unabsorbed Prices"
"59918",1998-07-01,"1998 July","Units",25,"Scss","Unabsorbed Prices"
"59918",1998-08-01,"1998 August","1st 20%",175000,"Scss","Unabsorbed Prices"
"59918",1998-08-01,"1998 August","2nd 40%",202000,"Scss","Unabsorbed Prices"
"59918",1998-08-01,"1998 August","3rd 60%",225000,"Scss","Unabsorbed Prices"
"59918",1998-08-01,"1998 August","4th 80%",229000,"Scss","Unabsorbed Prices"
"59918",1998-08-01,"1998 August","Median",222500,"Scss","Unabsorbed Prices"
"59918",1998-08-01,"1998 August","Average",229900,"Scss","Unabsorbed Prices"
"59918",1998-08-01,"1998 August","Units",11,"Scss","Unabsorbed Prices"
"59918",1998-09-01,"1998 September","1st 20%",185000,"Scss","Unabsorbed Prices"
"59918",1998-09-01,"1998 September","2nd 40%",190000,"Scss","Unabsorbed Prices"
"59918",1998-09-01,"1998 September","3rd 60%",225000,"Scss","Unabsorbed Prices"
"59918",1998-09-01,"1998 September","4th 80%",260000,"Scss","Unabsorbed Prices"
"59918",1998-09-01,"1998 September","Median",195000,"Scss","Unabsorbed Prices"
"59918",1998-09-01,"1998 September","Average",213947,"Scss","Unabsorbed Prices"
"59918",1998-09-01,"1998 September","Units",24,"Scss","Unabsorbed Prices"
"59918",1998-10-01,"1998 October","1st 20%",174000,"Scss","Unabsorbed Prices"
"59918",1998-10-01,"1998 October","2nd 40%",199000,"Scss","Unabsorbed Prices"
"59918",1998-10-01,"1998 October","3rd 60%",219000,"Scss","Unabsorbed Prices"
"59918",1998-10-01,"1998 October","4th 80%",269000,"Scss","Unabsorbed Prices"
"59918",1998-10-01,"1998 October","Median",210000,"Scss","Unabsorbed Prices"
"59918",1998-10-01,"1998 October","Average",210100,"Scss","Unabsorbed Prices"
"59918",1998-10-01,"1998 October","Units",29,"Scss","Unabsorbed Prices"
"59918",1998-11-01,"1998 November","1st 20%",171000,"Scss","Unabsorbed Prices"
"59918",1998-11-01,"1998 November","2nd 40%",190000,"Scss","Unabsorbed Prices"
"59918",1998-11-01,"1998 November","3rd 60%",210000,"Scss","Unabsorbed Prices"
"59918",1998-11-01,"1998 November","4th 80%",228000,"Scss","Unabsorbed Prices"
"59918",1998-11-01,"1998 November","Median",210000,"Scss","Unabsorbed Prices"
"59918",1998-11-01,"1998 November","Average",201333,"Scss","Unabsorbed Prices"
"59918",1998-11-01,"1998 November","Units",19,"Scss","Unabsorbed Prices"
"59918",1998-12-01,"1998 December","1st 20%",170000,"Scss","Unabsorbed Prices"
"59918",1998-12-01,"1998 December","2nd 40%",190000,"Scss","Unabsorbed Prices"
"59918",1998-12-01,"1998 December","3rd 60%",215000,"Scss","Unabsorbed Prices"
"59918",1998-12-01,"1998 December","4th 80%",285000,"Scss","Unabsorbed Prices"
"59918",1998-12-01,"1998 December","Median",195000,"Scss","Unabsorbed Prices"
"59918",1998-12-01,"1998 December","Average",229342,"Scss","Unabsorbed Prices"
"59918",1998-12-01,"1998 December","Units",20,"Scss","Unabsorbed Prices"
"59918",1999-01-01,"1999 January","1st 20%",NA,"Scss","Unabsorbed Prices"
"59918",1999-01-01,"1999 January","2nd 40%",NA,"Scss","Unabsorbed Prices"
"59918",1999-01-01,"1999 January","3rd 60%",NA,"Scss","Unabsorbed Prices"
"59918",1999-01-01,"1999 January","4th 80%",NA,"Scss","Unabsorbed Prices"
"59918",1999-01-01,"1999 January","Median",NA,"Scss","Unabsorbed Prices"
"59918",1999-01-01,"1999 January","Average",236250,"Scss","Unabsorbed Prices"
"59918",1999-01-01,"1999 January","Units",8,"Scss","Unabsorbed Prices"
"59918",1999-02-01,"1999 February","1st 20%",159000,"Scss","Unabsorbed Prices"
"59918",1999-02-01,"1999 February","2nd 40%",187000,"Scss","Unabsorbed Prices"
"59918",1999-02-01,"1999 February","3rd 60%",197000,"Scss","Unabsorbed Prices"
"59918",1999-02-01,"1999 February","4th 80%",240000,"Scss","Unabsorbed Prices"
"59918",1999-02-01,"1999 February","Median",195000,"Scss","Unabsorbed Prices"
"59918",1999-02-01,"1999 February","Average",211591,"Scss","Unabsorbed Prices"
"59918",1999-02-01,"1999 February","Units",12,"Scss","Unabsorbed Prices"
"59918",1999-03-01,"1999 March","1st 20%",NA,"Scss","Unabsorbed Prices"
"59918",1999-03-01,"1999 March","2nd 40%",NA,"Scss","Unabsorbed Prices"
"59918",1999-03-01,"1999 March","3rd 60%",NA,"Scss","Unabsorbed Prices"
"59918",1999-03-01,"1999 March","4th 80%",NA,"Scss","Unabsorbed Prices"
"59918",1999-03-01,"1999 March","Median",NA,"Scss","Unabsorbed Prices"
"59918",1999-03-01,"1999 March","Average",403000,"Scss","Unabsorbed Prices"
"59918",1999-03-01,"1999 March","Units",5,"Scss","Unabsorbed Prices"
"59918",1999-04-01,"1999 April","1st 20%",NA,"Scss","Unabsorbed Prices"
"59918",1999-04-01,"1999 April","2nd 40%",NA,"Scss","Unabsorbed Prices"
"59918",1999-04-01,"1999 April","3rd 60%",NA,"Scss","Unabsorbed Prices"
"59918",1999-04-01,"1999 April","4th 80%",NA,"Scss","Unabsorbed Prices"
"59918",1999-04-01,"1999 April","Median",NA,"Scss","Unabsorbed Prices"
"59918",1999-04-01,"1999 April","Average",197500,"Scss","Unabsorbed Prices"
"59918",1999-04-01,"1999 April","Units",11,"Scss","Unabsorbed Prices"
"59918",1999-05-01,"1999 May","1st 20%",175000,"Scss","Unabsorbed Prices"
"59918",1999-05-01,"1999 May","2nd 40%",180000,"Scss","Unabsorbed Prices"
"59918",1999-05-01,"1999 May","3rd 60%",214000,"Scss","Unabsorbed Prices"
"59918",1999-05-01,"1999 May","4th 80%",304000,"Scss","Unabsorbed Prices"
"59918",1999-05-01,"1999 May","Median",195000,"Scss","Unabsorbed Prices"
"59918",1999-05-01,"1999 May","Average",238864,"Scss","Unabsorbed Prices"
"59918",1999-05-01,"1999 May","Units",22,"Scss","Unabsorbed Prices"
"59918",1999-06-01,"1999 June","1st 20%",185000,"Scss","Unabsorbed Prices"
"59918",1999-06-01,"1999 June","2nd 40%",195000,"Scss","Unabsorbed Prices"
"59918",1999-06-01,"1999 June","3rd 60%",225000,"Scss","Unabsorbed Prices"
"59918",1999-06-01,"1999 June","4th 80%",260000,"Scss","Unabsorbed Prices"
"59918",1999-06-01,"1999 June","Median",207500,"Scss","Unabsorbed Prices"
"59918",1999-06-01,"1999 June","Average",226786,"Scss","Unabsorbed Prices"
"59918",1999-06-01,"1999 June","Units",15,"Scss","Unabsorbed Prices"
"59918",1999-07-01,"1999 July","1st 20%",174000,"Scss","Unabsorbed Prices"
"59918",1999-07-01,"1999 July","2nd 40%",175000,"Scss","Unabsorbed Prices"
"59918",1999-07-01,"1999 July","3rd 60%",195000,"Scss","Unabsorbed Prices"
"59918",1999-07-01,"1999 July","4th 80%",285000,"Scss","Unabsorbed Prices"
"59918",1999-07-01,"1999 July","Median",182500,"Scss","Unabsorbed Prices"
"59918",1999-07-01,"1999 July","Average",213000,"Scss","Unabsorbed Prices"
"59918",1999-07-01,"1999 July","Units",18,"Scss","Unabsorbed Prices"
"59918",1999-08-01,"1999 August","1st 20%",169000,"Scss","Unabsorbed Prices"
"59918",1999-08-01,"1999 August","2nd 40%",178000,"Scss","Unabsorbed Prices"
"59918",1999-08-01,"1999 August","3rd 60%",192000,"Scss","Unabsorbed Prices"
"59918",1999-08-01,"1999 August","4th 80%",224000,"Scss","Unabsorbed Prices"
"59918",1999-08-01,"1999 August","Median",187500,"Scss","Unabsorbed Prices"
"59918",1999-08-01,"1999 August","Average",205722,"Scss","Unabsorbed Prices"
"59918",1999-08-01,"1999 August","Units",20,"Scss","Unabsorbed Prices"
"59918",1999-09-01,"1999 September","1st 20%",151000,"Scss","Unabsorbed Prices"
"59918",1999-09-01,"1999 September","2nd 40%",168000,"Scss","Unabsorbed Prices"
"59918",1999-09-01,"1999 September","3rd 60%",190000,"Scss","Unabsorbed Prices"
"59918",1999-09-01,"1999 September","4th 80%",355000,"Scss","Unabsorbed Prices"
"59918",1999-09-01,"1999 September","Median",175000,"Scss","Unabsorbed Prices"
"59918",1999-09-01,"1999 September","Average",235550,"Scss","Unabsorbed Prices"
"59918",1999-09-01,"1999 September","Units",19,"Scss","Unabsorbed Prices"
"59918",1999-10-01,"1999 October","1st 20%",170000,"Scss","Unabsorbed Prices"
"59918",1999-10-01,"1999 October","2nd 40%",180000,"Scss","Unabsorbed Prices"
"59918",1999-10-01,"1999 October","3rd 60%",210000,"Scss","Unabsorbed Prices"
"59918",1999-10-01,"1999 October","4th 80%",275000,"Scss","Unabsorbed Prices"
"59918",1999-10-01,"1999 October","Median",205000,"Scss","Unabsorbed Prices"
"59918",1999-10-01,"1999 October","Average",218263,"Scss","Unabsorbed Prices"
"59918",1999-10-01,"1999 October","Units",21,"Scss","Unabsorbed Prices"
"59918",1999-11-01,"1999 November","1st 20%",170000,"Scss","Unabsorbed Prices"
"59918",1999-11-01,"1999 November","2nd 40%",175000,"Scss","Unabsorbed Prices"
"59918",1999-11-01,"1999 November","3rd 60%",190000,"Scss","Unabsorbed Prices"
"59918",1999-11-01,"1999 November","4th 80%",280000,"Scss","Unabsorbed Prices"
"59918",1999-11-01,"1999 November","Median",185000,"Scss","Unabsorbed Prices"
"59918",1999-11-01,"1999 November","Average",210214,"Scss","Unabsorbed Prices"
"59918",1999-11-01,"1999 November","Units",17,"Scss","Unabsorbed Prices"
"59918",1999-12-01,"1999 December","1st 20%",170000,"Scss","Unabsorbed Prices"
"59918",1999-12-01,"1999 December","2nd 40%",195000,"Scss","Unabsorbed Prices"
"59918",1999-12-01,"1999 December","3rd 60%",210000,"Scss","Unabsorbed Prices"
"59918",1999-12-01,"1999 December","4th 80%",325000,"Scss","Unabsorbed Prices"
"59918",1999-12-01,"1999 December","Median",202500,"Scss","Unabsorbed Prices"
"59918",1999-12-01,"1999 December","Average",246708,"Scss","Unabsorbed Prices"
"59918",1999-12-01,"1999 December","Units",25,"Scss","Unabsorbed Prices"
"59918",2000-01-01,"2000 January","1st 20%",173000,"Scss","Unabsorbed Prices"
"59918",2000-01-01,"2000 January","2nd 40%",180000,"Scss","Unabsorbed Prices"
"59918",2000-01-01,"2000 January","3rd 60%",209000,"Scss","Unabsorbed Prices"
"59918",2000-01-01,"2000 January","4th 80%",277000,"Scss","Unabsorbed Prices"
"59918",2000-01-01,"2000 January","Median",182500,"Scss","Unabsorbed Prices"
"59918",2000-01-01,"2000 January","Average",225000,"Scss","Unabsorbed Prices"
"59918",2000-01-01,"2000 January","Units",12,"Scss","Unabsorbed Prices"
"59918",2000-02-01,"2000 February","1st 20%",NA,"Scss","Unabsorbed Prices"
"59918",2000-02-01,"2000 February","2nd 40%",NA,"Scss","Unabsorbed Prices"
"59918",2000-02-01,"2000 February","3rd 60%",NA,"Scss","Unabsorbed Prices"
"59918",2000-02-01,"2000 February","4th 80%",NA,"Scss","Unabsorbed Prices"
"59918",2000-02-01,"2000 February","Median",NA,"Scss","Unabsorbed Prices"
"59918",2000-02-01,"2000 February","Average",275000,"Scss","Unabsorbed Prices"
"59918",2000-02-01,"2000 February","Units",8,"Scss","Unabsorbed Prices"
"59918",2000-03-01,"2000 March","1st 20%",166000,"Scss","Unabsorbed Prices"
"59918",2000-03-01,"2000 March","2nd 40%",170000,"Scss","Unabsorbed Prices"
"59918",2000-03-01,"2000 March","3rd 60%",199000,"Scss","Unabsorbed Prices"
"59918",2000-03-01,"2000 March","4th 80%",236000,"Scss","Unabsorbed Prices"
"59918",2000-03-01,"2000 March","Median",172500,"Scss","Unabsorbed Prices"
"59918",2000-03-01,"2000 March","Average",193500,"Scss","Unabsorbed Prices"
"59918",2000-03-01,"2000 March","Units",10,"Scss","Unabsorbed Prices"
"59918",2000-04-01,"2000 April","1st 20%",179000,"Scss","Unabsorbed Prices"
"59918",2000-04-01,"2000 April","2nd 40%",195000,"Scss","Unabsorbed Prices"
"59918",2000-04-01,"2000 April","3rd 60%",225000,"Scss","Unabsorbed Prices"
"59918",2000-04-01,"2000 April","4th 80%",375000,"Scss","Unabsorbed Prices"
"59918",2000-04-01,"2000 April","Median",217500,"Scss","Unabsorbed Prices"
"59918",2000-04-01,"2000 April","Average",259167,"Scss","Unabsorbed Prices"
"59918",2000-04-01,"2000 April","Units",18,"Scss","Unabsorbed Prices"
"59918",2000-05-01,"2000 May","1st 20%",NA,"Scss","Unabsorbed Prices"
"59918",2000-05-01,"2000 May","2nd 40%",NA,"Scss","Unabsorbed Prices"
"59918",2000-05-01,"2000 May","3rd 60%",NA,"Scss","Unabsorbed Prices"
"59918",2000-05-01,"2000 May","4th 80%",NA,"Scss","Unabsorbed Prices"
"59918",2000-05-01,"2000 May","Median",NA,"Scss","Unabsorbed Prices"
"59918",2000-05-01,"2000 May","Average",259556,"Scss","Unabsorbed Prices"
"59918",2000-05-01,"2000 May","Units",9,"Scss","Unabsorbed Prices"
"59918",2000-06-01,"2000 June","1st 20%",170000,"Scss","Unabsorbed Prices"
"59918",2000-06-01,"2000 June","2nd 40%",170000,"Scss","Unabsorbed Prices"
"59918",2000-06-01,"2000 June","3rd 60%",170000,"Scss","Unabsorbed Prices"
"59918",2000-06-01,"2000 June","4th 80%",265000,"Scss","Unabsorbed Prices"
"59918",2000-06-01,"2000 June","Median",170000,"Scss","Unabsorbed Prices"
"59918",2000-06-01,"2000 June","Average",196500,"Scss","Unabsorbed Prices"
"59918",2000-06-01,"2000 June","Units",12,"Scss","Unabsorbed Prices"
"59918",2000-07-01,"2000 July","1st 20%",172000,"Scss","Unabsorbed Prices"
"59918",2000-07-01,"2000 July","2nd 40%",180000,"Scss","Unabsorbed Prices"
"59918",2000-07-01,"2000 July","3rd 60%",190000,"Scss","Unabsorbed Prices"
"59918",2000-07-01,"2000 July","4th 80%",253000,"Scss","Unabsorbed Prices"
"59918",2000-07-01,"2000 July","Median",185000,"Scss","Unabsorbed Prices"
"59918",2000-07-01,"2000 July","Average",206000,"Scss","Unabsorbed Prices"
"59918",2000-07-01,"2000 July","Units",11,"Scss","Unabsorbed Prices"
"59918",2000-08-01,"2000 August","1st 20%",NA,"Scss","Unabsorbed Prices"
"59918",2000-08-01,"2000 August","2nd 40%",NA,"Scss","Unabsorbed Prices"
"59918",2000-08-01,"2000 August","3rd 60%",NA,"Scss","Unabsorbed Prices"
"59918",2000-08-01,"2000 August","4th 80%",NA,"Scss","Unabsorbed Prices"
"59918",2000-08-01,"2000 August","Median",NA,"Scss","Unabsorbed Prices"
"59918",2000-08-01,"2000 August","Average",308667,"Scss","Unabsorbed Prices"
"59918",2000-08-01,"2000 August","Units",11,"Scss","Unabsorbed Prices"
"59918",2000-09-01,"2000 September","1st 20%",NA,"Scss","Unabsorbed Prices"
"59918",2000-09-01,"2000 September","2nd 40%",NA,"Scss","Unabsorbed Prices"
"59918",2000-09-01,"2000 September","3rd 60%",NA,"Scss","Unabsorbed Prices"
"59918",2000-09-01,"2000 September","4th 80%",NA,"Scss","Unabsorbed Prices"
"59918",2000-09-01,"2000 September","Median",NA,"Scss","Unabsorbed Prices"
"59918",2000-09-01,"2000 September","Average",217857,"Scss","Unabsorbed Prices"
"59918",2000-09-01,"2000 September","Units",7,"Scss","Unabsorbed Prices"
"59918",2000-10-01,"2000 October","1st 20%",167000,"Scss","Unabsorbed Prices"
"59918",2000-10-01,"2000 October","2nd 40%",177000,"Scss","Unabsorbed Prices"
"59918",2000-10-01,"2000 October","3rd 60%",193000,"Scss","Unabsorbed Prices"
"59918",2000-10-01,"2000 October","4th 80%",243000,"Scss","Unabsorbed Prices"
"59918",2000-10-01,"2000 October","Median",180000,"Scss","Unabsorbed Prices"
"59918",2000-10-01,"2000 October","Average",215267,"Scss","Unabsorbed Prices"
"59918",2000-10-01,"2000 October","Units",15,"Scss","Unabsorbed Prices"
"59918",2000-11-01,"2000 November","1st 20%",175000,"Scss","Unabsorbed Prices"
"59918",2000-11-01,"2000 November","2nd 40%",196000,"Scss","Unabsorbed Prices"
"59918",2000-11-01,"2000 November","3rd 60%",238000,"Scss","Unabsorbed Prices"
"59918",2000-11-01,"2000 November","4th 80%",307000,"Scss","Unabsorbed Prices"
"59918",2000-11-01,"2000 November","Median",220000,"Scss","Unabsorbed Prices"
"59918",2000-11-01,"2000 November","Average",245588,"Scss","Unabsorbed Prices"
"59918",2000-11-01,"2000 November","Units",17,"Scss","Unabsorbed Prices"
"59918",2000-12-01,"2000 December","1st 20%",175000,"Scss","Unabsorbed Prices"
"59918",2000-12-01,"2000 December","2nd 40%",193000,"Scss","Unabsorbed Prices"
"59918",2000-12-01,"2000 December","3rd 60%",225000,"Scss","Unabsorbed Prices"
"59918",2000-12-01,"2000 December","4th 80%",385000,"Scss","Unabsorbed Prices"
"59918",2000-12-01,"2000 December","Median",217500,"Scss","Unabsorbed Prices"
"59918",2000-12-01,"2000 December","Average",262778,"Scss","Unabsorbed Prices"
"59918",2000-12-01,"2000 December","Units",18,"Scss","Unabsorbed Prices"
"59918",2001-01-01,"2001 January","1st 20%",NA,"Scss","Unabsorbed Prices"
"59918",2001-01-01,"2001 January","2nd 40%",NA,"Scss","Unabsorbed Prices"
"59918",2001-01-01,"2001 January","3rd 60%",NA,"Scss","Unabsorbed Prices"
"59918",2001-01-01,"2001 January","4th 80%",NA,"Scss","Unabsorbed Prices"
"59918",2001-01-01,"2001 January","Median",NA,"Scss","Unabsorbed Prices"
"59918",2001-01-01,"2001 January","Average",270000,"Scss","Unabsorbed Prices"
"59918",2001-01-01,"2001 January","Units",8,"Scss","Unabsorbed Prices"
"59918",2001-02-01,"2001 February","1st 20%",170000,"Scss","Unabsorbed Prices"
"59918",2001-02-01,"2001 February","2nd 40%",179000,"Scss","Unabsorbed Prices"
"59918",2001-02-01,"2001 February","3rd 60%",220000,"Scss","Unabsorbed Prices"
"59918",2001-02-01,"2001 February","4th 80%",291000,"Scss","Unabsorbed Prices"
"59918",2001-02-01,"2001 February","Median",207500,"Scss","Unabsorbed Prices"
"59918",2001-02-01,"2001 February","Average",223500,"Scss","Unabsorbed Prices"
"59918",2001-02-01,"2001 February","Units",16,"Scss","Unabsorbed Prices"
"59918",2001-03-01,"2001 March","1st 20%",NA,"Scss","Unabsorbed Prices"
"59918",2001-03-01,"2001 March","2nd 40%",NA,"Scss","Unabsorbed Prices"
"59918",2001-03-01,"2001 March","3rd 60%",NA,"Scss","Unabsorbed Prices"
"59918",2001-03-01,"2001 March","4th 80%",NA,"Scss","Unabsorbed Prices"
"59918",2001-03-01,"2001 March","Median",NA,"Scss","Unabsorbed Prices"
"59918",2001-03-01,"2001 March","Average",235500,"Scss","Unabsorbed Prices"
"59918",2001-03-01,"2001 March","Units",10,"Scss","Unabsorbed Prices"
"59918",2001-04-01,"2001 April","1st 20%",186000,"Scss","Unabsorbed Prices"
"59918",2001-04-01,"2001 April","2nd 40%",238000,"Scss","Unabsorbed Prices"
"59918",2001-04-01,"2001 April","3rd 60%",302000,"Scss","Unabsorbed Prices"
"59918",2001-04-01,"2001 April","4th 80%",465000,"Scss","Unabsorbed Prices"
"59918",2001-04-01,"2001 April","Median",280000,"Scss","Unabsorbed Prices"
"59918",2001-04-01,"2001 April","Average",318000,"Scss","Unabsorbed Prices"
"59918",2001-04-01,"2001 April","Units",18,"Scss","Unabsorbed Prices"
"59918",2001-05-01,"2001 May","1st 20%",173000,"Scss","Unabsorbed Prices"
"59918",2001-05-01,"2001 May","2nd 40%",217000,"Scss","Unabsorbed Prices"
"59918",2001-05-01,"2001 May","3rd 60%",297000,"Scss","Unabsorbed Prices"
"59918",2001-05-01,"2001 May","4th 80%",352000,"Scss","Unabsorbed Prices"
"59918",2001-05-01,"2001 May","Median",255000,"Scss","Unabsorbed Prices"
"59918",2001-05-01,"2001 May","Average",262000,"Scss","Unabsorbed Prices"
"59918",2001-05-01,"2001 May","Units",14,"Scss","Unabsorbed Prices"
"59918",2001-06-01,"2001 June","1st 20%",175000,"Scss","Unabsorbed Prices"
"59918",2001-06-01,"2001 June","2nd 40%",189000,"Scss","Unabsorbed Prices"
"59918",2001-06-01,"2001 June","3rd 60%",230000,"Scss","Unabsorbed Prices"
"59918",2001-06-01,"2001 June","4th 80%",404000,"Scss","Unabsorbed Prices"
"59918",2001-06-01,"2001 June","Median",225000,"Scss","Unabsorbed Prices"
"59918",2001-06-01,"2001 June","Average",263636,"Scss","Unabsorbed Prices"
"59918",2001-06-01,"2001 June","Units",11,"Scss","Unabsorbed Prices"
"59918",2001-07-01,"2001 July","1st 20%",NA,"Scss","Unabsorbed Prices"
"59918",2001-07-01,"2001 July","2nd 40%",NA,"Scss","Unabsorbed Prices"
"59918",2001-07-01,"2001 July","3rd 60%",NA,"Scss","Unabsorbed Prices"
"59918",2001-07-01,"2001 July","4th 80%",NA,"Scss","Unabsorbed Prices"
"59918",2001-07-01,"2001 July","Median",NA,"Scss","Unabsorbed Prices"
"59918",2001-07-01,"2001 July","Average",NA,"Scss","Unabsorbed Prices"
"59918",2001-07-01,"2001 July","Units",9,"Scss","Unabsorbed Prices"
"59918",2001-08-01,"2001 August","1st 20%",NA,"Scss","Unabsorbed Prices"
"59918",2001-08-01,"2001 August","2nd 40%",NA,"Scss","Unabsorbed Prices"
"59918",2001-08-01,"2001 August","3rd 60%",NA,"Scss","Unabsorbed Prices"
"59918",2001-08-01,"2001 August","4th 80%",NA,"Scss","Unabsorbed Prices"
"59918",2001-08-01,"2001 August","Median",NA,"Scss","Unabsorbed Prices"
"59918",2001-08-01,"2001 August","Average",193738,"Scss","Unabsorbed Prices"
"59918",2001-08-01,"2001 August","Units",10,"Scss","Unabsorbed Prices"
"59918",2001-09-01,"2001 September","1st 20%",182000,"Scss","Unabsorbed Prices"
"59918",2001-09-01,"2001 September","2nd 40%",224000,"Scss","Unabsorbed Prices"
"59918",2001-09-01,"2001 September","3rd 60%",236000,"Scss","Unabsorbed Prices"
"59918",2001-09-01,"2001 September","4th 80%",282000,"Scss","Unabsorbed Prices"
"59918",2001-09-01,"2001 September","Median",230000,"Scss","Unabsorbed Prices"
"59918",2001-09-01,"2001 September","Average",230227,"Scss","Unabsorbed Prices"
"59918",2001-09-01,"2001 September","Units",11,"Scss","Unabsorbed Prices"
"59918",2001-10-01,"2001 October","1st 20%",164000,"Scss","Unabsorbed Prices"
"59918",2001-10-01,"2001 October","2nd 40%",178000,"Scss","Unabsorbed Prices"
"59918",2001-10-01,"2001 October","3rd 60%",197000,"Scss","Unabsorbed Prices"
"59918",2001-10-01,"2001 October","4th 80%",225000,"Scss","Unabsorbed Prices"
"59918",2001-10-01,"2001 October","Median",185000,"Scss","Unabsorbed Prices"
"59918",2001-10-01,"2001 October","Average",179124,"Scss","Unabsorbed Prices"
"59918",2001-10-01,"2001 October","Units",29,"Scss","Unabsorbed Prices"
"59918",2001-11-01,"2001 November","1st 20%",165000,"Scss","Unabsorbed Prices"
"59918",2001-11-01,"2001 November","2nd 40%",165000,"Scss","Unabsorbed Prices"
"59918",2001-11-01,"2001 November","3rd 60%",240000,"Scss","Unabsorbed Prices"
"59918",2001-11-01,"2001 November","4th 80%",250000,"Scss","Unabsorbed Prices"
"59918",2001-11-01,"2001 November","Median",2e+05,"Scss","Unabsorbed Prices"
"59918",2001-11-01,"2001 November","Average",210850,"Scss","Unabsorbed Prices"
"59918",2001-11-01,"2001 November","Units",14,"Scss","Unabsorbed Prices"
"59918",2001-12-01,"2001 December","1st 20%",186000,"Scss","Unabsorbed Prices"
"59918",2001-12-01,"2001 December","2nd 40%",240000,"Scss","Unabsorbed Prices"
"59918",2001-12-01,"2001 December","3rd 60%",249000,"Scss","Unabsorbed Prices"
"59918",2001-12-01,"2001 December","4th 80%",310000,"Scss","Unabsorbed Prices"
"59918",2001-12-01,"2001 December","Median",242500,"Scss","Unabsorbed Prices"
"59918",2001-12-01,"2001 December","Average",246933,"Scss","Unabsorbed Prices"
"59918",2001-12-01,"2001 December","Units",22,"Scss","Unabsorbed Prices"
"59918",2002-01-01,"2002 January","1st 20%",212000,"Scss","Unabsorbed Prices"
"59918",2002-01-01,"2002 January","2nd 40%",230000,"Scss","Unabsorbed Prices"
"59918",2002-01-01,"2002 January","3rd 60%",252000,"Scss","Unabsorbed Prices"
"59918",2002-01-01,"2002 January","4th 80%",290000,"Scss","Unabsorbed Prices"
"59918",2002-01-01,"2002 January","Median",245000,"Scss","Unabsorbed Prices"
"59918",2002-01-01,"2002 January","Average",245100,"Scss","Unabsorbed Prices"
"59918",2002-01-01,"2002 January","Units",20,"Scss","Unabsorbed Prices"
"59918",2002-02-01,"2002 February","1st 20%",NA,"Scss","Unabsorbed Prices"
"59918",2002-02-01,"2002 February","2nd 40%",NA,"Scss","Unabsorbed Prices"
"59918",2002-02-01,"2002 February","3rd 60%",NA,"Scss","Unabsorbed Prices"
"59918",2002-02-01,"2002 February","4th 80%",NA,"Scss","Unabsorbed Prices"
"59918",2002-02-01,"2002 February","Median",NA,"Scss","Unabsorbed Prices"
"59918",2002-02-01,"2002 February","Average",232000,"Scss","Unabsorbed Prices"
"59918",2002-02-01,"2002 February","Units",4,"Scss","Unabsorbed Prices"
"59918",2002-03-01,"2002 March","1st 20%",NA,"Scss","Unabsorbed Prices"
"59918",2002-03-01,"2002 March","2nd 40%",NA,"Scss","Unabsorbed Prices"
"59918",2002-03-01,"2002 March","3rd 60%",NA,"Scss","Unabsorbed Prices"
"59918",2002-03-01,"2002 March","4th 80%",NA,"Scss","Unabsorbed Prices"
"59918",2002-03-01,"2002 March","Median",NA,"Scss","Unabsorbed Prices"
"59918",2002-03-01,"2002 March","Average",207490,"Scss","Unabsorbed Prices"
"59918",2002-03-01,"2002 March","Units",11,"Scss","Unabsorbed Prices"
"59918",2002-04-01,"2002 April","1st 20%",183000,"Scss","Unabsorbed Prices"
"59918",2002-04-01,"2002 April","2nd 40%",226000,"Scss","Unabsorbed Prices"
"59918",2002-04-01,"2002 April","3rd 60%",317000,"Scss","Unabsorbed Prices"
"59918",2002-04-01,"2002 April","4th 80%",362000,"Scss","Unabsorbed Prices"
"59918",2002-04-01,"2002 April","Median",275000,"Scss","Unabsorbed Prices"
"59918",2002-04-01,"2002 April","Average",284166,"Scss","Unabsorbed Prices"
"59918",2002-04-01,"2002 April","Units",21,"Scss","Unabsorbed Prices"
"59918",2002-05-01,"2002 May","1st 20%",NA,"Scss","Unabsorbed Prices"
"59918",2002-05-01,"2002 May","2nd 40%",NA,"Scss","Unabsorbed Prices"
"59918",2002-05-01,"2002 May","3rd 60%",NA,"Scss","Unabsorbed Prices"
"59918",2002-05-01,"2002 May","4th 80%",NA,"Scss","Unabsorbed Prices"
"59918",2002-05-01,"2002 May","Median",NA,"Scss","Unabsorbed Prices"
"59918",2002-05-01,"2002 May","Average",282860,"Scss","Unabsorbed Prices"
"59918",2002-05-01,"2002 May","Units",10,"Scss","Unabsorbed Prices"
"59918",2002-06-01,"2002 June","1st 20%",NA,"Scss","Unabsorbed Prices"
"59918",2002-06-01,"2002 June","2nd 40%",NA,"Scss","Unabsorbed Prices"
"59918",2002-06-01,"2002 June","3rd 60%",NA,"Scss","Unabsorbed Prices"
"59918",2002-06-01,"2002 June","4th 80%",NA,"Scss","Unabsorbed Prices"
"59918",2002-06-01,"2002 June","Median",NA,"Scss","Unabsorbed Prices"
"59918",2002-06-01,"2002 June","Average",290867,"Scss","Unabsorbed Prices"
"59918",2002-06-01,"2002 June","Units",12,"Scss","Unabsorbed Prices"
"59918",2002-07-01,"2002 July","1st 20%",182000,"Scss","Unabsorbed Prices"
"59918",2002-07-01,"2002 July","2nd 40%",258000,"Scss","Unabsorbed Prices"
"59918",2002-07-01,"2002 July","3rd 60%",328000,"Scss","Unabsorbed Prices"
"59918",2002-07-01,"2002 July","4th 80%",350000,"Scss","Unabsorbed Prices"
"59918",2002-07-01,"2002 July","Median",280000,"Scss","Unabsorbed Prices"
"59918",2002-07-01,"2002 July","Average",286417,"Scss","Unabsorbed Prices"
"59918",2002-07-01,"2002 July","Units",36,"Scss","Unabsorbed Prices"
"59918",2002-08-01,"2002 August","1st 20%",237000,"Scss","Unabsorbed Prices"
"59918",2002-08-01,"2002 August","2nd 40%",250000,"Scss","Unabsorbed Prices"
"59918",2002-08-01,"2002 August","3rd 60%",266000,"Scss","Unabsorbed Prices"
"59918",2002-08-01,"2002 August","4th 80%",321000,"Scss","Unabsorbed Prices"
"59918",2002-08-01,"2002 August","Median",260000,"Scss","Unabsorbed Prices"
"59918",2002-08-01,"2002 August","Average",272182,"Scss","Unabsorbed Prices"
"59918",2002-08-01,"2002 August","Units",11,"Scss","Unabsorbed Prices"
"59918",2002-09-01,"2002 September","1st 20%",NA,"Scss","Unabsorbed Prices"
"59918",2002-09-01,"2002 September","2nd 40%",NA,"Scss","Unabsorbed Prices"
"59918",2002-09-01,"2002 September","3rd 60%",NA,"Scss","Unabsorbed Prices"
"59918",2002-09-01,"2002 September","4th 80%",NA,"Scss","Unabsorbed Prices"
"59918",2002-09-01,"2002 September","Median",NA,"Scss","Unabsorbed Prices"
"59918",2002-09-01,"2002 September","Average",221769,"Scss","Unabsorbed Prices"
"59918",2002-09-01,"2002 September","Units",13,"Scss","Unabsorbed Prices"
"59918",2002-10-01,"2002 October","1st 20%",NA,"Scss","Unabsorbed Prices"
"59918",2002-10-01,"2002 October","2nd 40%",NA,"Scss","Unabsorbed Prices"
"59918",2002-10-01,"2002 October","3rd 60%",NA,"Scss","Unabsorbed Prices"
"59918",2002-10-01,"2002 October","4th 80%",NA,"Scss","Unabsorbed Prices"
"59918",2002-10-01,"2002 October","Median",NA,"Scss","Unabsorbed Prices"
"59918",2002-10-01,"2002 October","Average",300942,"Scss","Unabsorbed Prices"
"59918",2002-10-01,"2002 October","Units",14,"Scss","Unabsorbed Prices"
"59918",2002-11-01,"2002 November","1st 20%",222000,"Scss","Unabsorbed Prices"
"59918",2002-11-01,"2002 November","2nd 40%",252000,"Scss","Unabsorbed Prices"
"59918",2002-11-01,"2002 November","3rd 60%",332000,"Scss","Unabsorbed Prices"
"59918",2002-11-01,"2002 November","4th 80%",358000,"Scss","Unabsorbed Prices"
"59918",2002-11-01,"2002 November","Median",290000,"Scss","Unabsorbed Prices"
"59918",2002-11-01,"2002 November","Average",307296,"Scss","Unabsorbed Prices"
"59918",2002-11-01,"2002 November","Units",28,"Scss","Unabsorbed Prices"
"59918",2002-12-01,"2002 December","1st 20%",254000,"Scss","Unabsorbed Prices"
"59918",2002-12-01,"2002 December","2nd 40%",276000,"Scss","Unabsorbed Prices"
"59918",2002-12-01,"2002 December","3rd 60%",330000,"Scss","Unabsorbed Prices"
"59918",2002-12-01,"2002 December","4th 80%",370000,"Scss","Unabsorbed Prices"
"59918",2002-12-01,"2002 December","Median",307500,"Scss","Unabsorbed Prices"
"59918",2002-12-01,"2002 December","Average",308167,"Scss","Unabsorbed Prices"
"59918",2002-12-01,"2002 December","Units",22,"Scss","Unabsorbed Prices"
"59918",2003-01-01,"2003 January","1st 20%",NA,"Scss","Unabsorbed Prices"
"59918",2003-01-01,"2003 January","2nd 40%",NA,"Scss","Unabsorbed Prices"
"59918",2003-01-01,"2003 January","3rd 60%",NA,"Scss","Unabsorbed Prices"
"59918",2003-01-01,"2003 January","4th 80%",NA,"Scss","Unabsorbed Prices"
"59918",2003-01-01,"2003 January","Median",NA,"Scss","Unabsorbed Prices"
"59918",2003-01-01,"2003 January","Average",290592,"Scss","Unabsorbed Prices"
"59918",2003-01-01,"2003 January","Units",14,"Scss","Unabsorbed Prices"
"59918",2003-02-01,"2003 February","1st 20%",260000,"Scss","Unabsorbed Prices"
"59918",2003-02-01,"2003 February","2nd 40%",298000,"Scss","Unabsorbed Prices"
"59918",2003-02-01,"2003 February","3rd 60%",332000,"Scss","Unabsorbed Prices"
"59918",2003-02-01,"2003 February","4th 80%",362000,"Scss","Unabsorbed Prices"
"59918",2003-02-01,"2003 February","Median",330000,"Scss","Unabsorbed Prices"
"59918",2003-02-01,"2003 February","Average",312527,"Scss","Unabsorbed Prices"
"59918",2003-02-01,"2003 February","Units",11,"Scss","Unabsorbed Prices"
"59918",2003-03-01,"2003 March","1st 20%",NA,"Scss","Unabsorbed Prices"
"59918",2003-03-01,"2003 March","2nd 40%",NA,"Scss","Unabsorbed Prices"
"59918",2003-03-01,"2003 March","3rd 60%",NA,"Scss","Unabsorbed Prices"
"59918",2003-03-01,"2003 March","4th 80%",NA,"Scss","Unabsorbed Prices"
"59918",2003-03-01,"2003 March","Median",NA,"Scss","Unabsorbed Prices"
"59918",2003-03-01,"2003 March","Average",332714,"Scss","Unabsorbed Prices"
"59918",2003-03-01,"2003 March","Units",7,"Scss","Unabsorbed Prices"
"59918",2003-04-01,"2003 April","1st 20%",225000,"Scss","Unabsorbed Prices"
"59918",2003-04-01,"2003 April","2nd 40%",250000,"Scss","Unabsorbed Prices"
"59918",2003-04-01,"2003 April","3rd 60%",270000,"Scss","Unabsorbed Prices"
"59918",2003-04-01,"2003 April","4th 80%",450000,"Scss","Unabsorbed Prices"
"59918",2003-04-01,"2003 April","Median",260000,"Scss","Unabsorbed Prices"
"59918",2003-04-01,"2003 April","Average",329874,"Scss","Unabsorbed Prices"
"59918",2003-04-01,"2003 April","Units",22,"Scss","Unabsorbed Prices"
"59918",2003-05-01,"2003 May","1st 20%",280000,"Scss","Unabsorbed Prices"
"59918",2003-05-01,"2003 May","2nd 40%",321000,"Scss","Unabsorbed Prices"
"59918",2003-05-01,"2003 May","3rd 60%",358000,"Scss","Unabsorbed Prices"
"59918",2003-05-01,"2003 May","4th 80%",405000,"Scss","Unabsorbed Prices"
"59918",2003-05-01,"2003 May","Median",335000,"Scss","Unabsorbed Prices"
"59918",2003-05-01,"2003 May","Average",338995,"Scss","Unabsorbed Prices"
"59918",2003-05-01,"2003 May","Units",24,"Scss","Unabsorbed Prices"
"59918",2003-06-01,"2003 June","1st 20%",254000,"Scss","Unabsorbed Prices"
"59918",2003-06-01,"2003 June","2nd 40%",309000,"Scss","Unabsorbed Prices"
"59918",2003-06-01,"2003 June","3rd 60%",370000,"Scss","Unabsorbed Prices"
"59918",2003-06-01,"2003 June","4th 80%",470000,"Scss","Unabsorbed Prices"
"59918",2003-06-01,"2003 June","Median",350000,"Scss","Unabsorbed Prices"
"59918",2003-06-01,"2003 June","Average",376338,"Scss","Unabsorbed Prices"
"59918",2003-06-01,"2003 June","Units",14,"Scss","Unabsorbed Prices"
"59918",2003-07-01,"2003 July","1st 20%",268000,"Scss","Unabsorbed Prices"
"59918",2003-07-01,"2003 July","2nd 40%",332000,"Scss","Unabsorbed Prices"
"59918",2003-07-01,"2003 July","3rd 60%",350000,"Scss","Unabsorbed Prices"
"59918",2003-07-01,"2003 July","4th 80%",370000,"Scss","Unabsorbed Prices"
"59918",2003-07-01,"2003 July","Median",350000,"Scss","Unabsorbed Prices"
"59918",2003-07-01,"2003 July","Average",345848,"Scss","Unabsorbed Prices"
"59918",2003-07-01,"2003 July","Units",26,"Scss","Unabsorbed Prices"
"59918",2003-08-01,"2003 August","1st 20%",219000,"Scss","Unabsorbed Prices"
"59918",2003-08-01,"2003 August","2nd 40%",252000,"Scss","Unabsorbed Prices"
"59918",2003-08-01,"2003 August","3rd 60%",326000,"Scss","Unabsorbed Prices"
"59918",2003-08-01,"2003 August","4th 80%",408000,"Scss","Unabsorbed Prices"
"59918",2003-08-01,"2003 August","Median",3e+05,"Scss","Unabsorbed Prices"
"59918",2003-08-01,"2003 August","Average",312835,"Scss","Unabsorbed Prices"
"59918",2003-08-01,"2003 August","Units",20,"Scss","Unabsorbed Prices"
"59918",2003-09-01,"2003 September","1st 20%",290000,"Scss","Unabsorbed Prices"
"59918",2003-09-01,"2003 September","2nd 40%",345000,"Scss","Unabsorbed Prices"
"59918",2003-09-01,"2003 September","3rd 60%",350000,"Scss","Unabsorbed Prices"
"59918",2003-09-01,"2003 September","4th 80%",430000,"Scss","Unabsorbed Prices"
"59918",2003-09-01,"2003 September","Median",350000,"Scss","Unabsorbed Prices"
"59918",2003-09-01,"2003 September","Average",364929,"Scss","Unabsorbed Prices"
"59918",2003-09-01,"2003 September","Units",34,"Scss","Unabsorbed Prices"
"59918",2003-10-01,"2003 October","1st 20%",250000,"Scss","Unabsorbed Prices"
"59918",2003-10-01,"2003 October","2nd 40%",310000,"Scss","Unabsorbed Prices"
"59918",2003-10-01,"2003 October","3rd 60%",350000,"Scss","Unabsorbed Prices"
"59918",2003-10-01,"2003 October","4th 80%",5e+05,"Scss","Unabsorbed Prices"
"59918",2003-10-01,"2003 October","Median",330000,"Scss","Unabsorbed Prices"
"59918",2003-10-01,"2003 October","Average",362379,"Scss","Unabsorbed Prices"
"59918",2003-10-01,"2003 October","Units",19,"Scss","Unabsorbed Prices"
"59918",2003-11-01,"2003 November","1st 20%",278000,"Scss","Unabsorbed Prices"
"59918",2003-11-01,"2003 November","2nd 40%",330000,"Scss","Unabsorbed Prices"
"59918",2003-11-01,"2003 November","3rd 60%",4e+05,"Scss","Unabsorbed Prices"
"59918",2003-11-01,"2003 November","4th 80%",442000,"Scss","Unabsorbed Prices"
"59918",2003-11-01,"2003 November","Median",350000,"Scss","Unabsorbed Prices"
"59918",2003-11-01,"2003 November","Average",364338,"Scss","Unabsorbed Prices"
"59918",2003-11-01,"2003 November","Units",26,"Scss","Unabsorbed Prices"
"59918",2003-12-01,"2003 December","1st 20%",330000,"Scss","Unabsorbed Prices"
"59918",2003-12-01,"2003 December","2nd 40%",350000,"Scss","Unabsorbed Prices"
"59918",2003-12-01,"2003 December","3rd 60%",430000,"Scss","Unabsorbed Prices"
"59918",2003-12-01,"2003 December","4th 80%",550000,"Scss","Unabsorbed Prices"
"59918",2003-12-01,"2003 December","Median",380000,"Scss","Unabsorbed Prices"
"59918",2003-12-01,"2003 December","Average",532832,"Scss","Unabsorbed Prices"
"59918",2003-12-01,"2003 December","Units",21,"Scss","Unabsorbed Prices"
"59918",2004-01-01,"2004 January","1st 20%",258000,"Scss","Unabsorbed Prices"
"59918",2004-01-01,"2004 January","2nd 40%",315000,"Scss","Unabsorbed Prices"
"59918",2004-01-01,"2004 January","3rd 60%",344000,"Scss","Unabsorbed Prices"
"59918",2004-01-01,"2004 January","4th 80%",363000,"Scss","Unabsorbed Prices"
"59918",2004-01-01,"2004 January","Median",335000,"Scss","Unabsorbed Prices"
"59918",2004-01-01,"2004 January","Average",328444,"Scss","Unabsorbed Prices"
"59918",2004-01-01,"2004 January","Units",18,"Scss","Unabsorbed Prices"
"59918",2004-02-01,"2004 February","1st 20%",260000,"Scss","Unabsorbed Prices"
"59918",2004-02-01,"2004 February","2nd 40%",325000,"Scss","Unabsorbed Prices"
"59918",2004-02-01,"2004 February","3rd 60%",350000,"Scss","Unabsorbed Prices"
"59918",2004-02-01,"2004 February","4th 80%",5e+05,"Scss","Unabsorbed Prices"
"59918",2004-02-01,"2004 February","Median",340000,"Scss","Unabsorbed Prices"
"59918",2004-02-01,"2004 February","Average",364179,"Scss","Unabsorbed Prices"
"59918",2004-02-01,"2004 February","Units",29,"Scss","Unabsorbed Prices"
"59918",2004-03-01,"2004 March","1st 20%",264000,"Scss","Unabsorbed Prices"
"59918",2004-03-01,"2004 March","2nd 40%",3e+05,"Scss","Unabsorbed Prices"
"59918",2004-03-01,"2004 March","3rd 60%",392000,"Scss","Unabsorbed Prices"
"59918",2004-03-01,"2004 March","4th 80%",580000,"Scss","Unabsorbed Prices"
"59918",2004-03-01,"2004 March","Median",362500,"Scss","Unabsorbed Prices"
"59918",2004-03-01,"2004 March","Average",588169,"Scss","Unabsorbed Prices"
"59918",2004-03-01,"2004 March","Units",18,"Scss","Unabsorbed Prices"
"59918",2004-04-01,"2004 April","1st 20%",327000,"Scss","Unabsorbed Prices"
"59918",2004-04-01,"2004 April","2nd 40%",410000,"Scss","Unabsorbed Prices"
"59918",2004-04-01,"2004 April","3rd 60%",450000,"Scss","Unabsorbed Prices"
"59918",2004-04-01,"2004 April","4th 80%",760000,"Scss","Unabsorbed Prices"
"59918",2004-04-01,"2004 April","Median",425000,"Scss","Unabsorbed Prices"
"59918",2004-04-01,"2004 April","Average",498000,"Scss","Unabsorbed Prices"
"59918",2004-04-01,"2004 April","Units",12,"Scss","Unabsorbed Prices"
"59918",2004-05-01,"2004 May","1st 20%",330000,"Scss","Unabsorbed Prices"
"59918",2004-05-01,"2004 May","2nd 40%",350000,"Scss","Unabsorbed Prices"
"59918",2004-05-01,"2004 May","3rd 60%",386000,"Scss","Unabsorbed Prices"
"59918",2004-05-01,"2004 May","4th 80%",584000,"Scss","Unabsorbed Prices"
"59918",2004-05-01,"2004 May","Median",360000,"Scss","Unabsorbed Prices"
"59918",2004-05-01,"2004 May","Average",376359,"Scss","Unabsorbed Prices"
"59918",2004-05-01,"2004 May","Units",27,"Scss","Unabsorbed Prices"
"59918",2004-06-01,"2004 June","1st 20%",288000,"Scss","Unabsorbed Prices"
"59918",2004-06-01,"2004 June","2nd 40%",382000,"Scss","Unabsorbed Prices"
"59918",2004-06-01,"2004 June","3rd 60%",429000,"Scss","Unabsorbed Prices"
"59918",2004-06-01,"2004 June","4th 80%",585000,"Scss","Unabsorbed Prices"
"59918",2004-06-01,"2004 June","Median",4e+05,"Scss","Unabsorbed Prices"
"59918",2004-06-01,"2004 June","Average",433678,"Scss","Unabsorbed Prices"
"59918",2004-06-01,"2004 June","Units",39,"Scss","Unabsorbed Prices"
"59918",2004-07-01,"2004 July","1st 20%",317000,"Scss","Unabsorbed Prices"
"59918",2004-07-01,"2004 July","2nd 40%",370000,"Scss","Unabsorbed Prices"
"59918",2004-07-01,"2004 July","3rd 60%",452000,"Scss","Unabsorbed Prices"
"59918",2004-07-01,"2004 July","4th 80%",550000,"Scss","Unabsorbed Prices"
"59918",2004-07-01,"2004 July","Median",380000,"Scss","Unabsorbed Prices"
"59918",2004-07-01,"2004 July","Average",438867,"Scss","Unabsorbed Prices"
"59918",2004-07-01,"2004 July","Units",22,"Scss","Unabsorbed Prices"
"59918",2004-08-01,"2004 August","1st 20%",310000,"Scss","Unabsorbed Prices"
"59918",2004-08-01,"2004 August","2nd 40%",382000,"Scss","Unabsorbed Prices"
"59918",2004-08-01,"2004 August","3rd 60%",423000,"Scss","Unabsorbed Prices"
"59918",2004-08-01,"2004 August","4th 80%",470000,"Scss","Unabsorbed Prices"
"59918",2004-08-01,"2004 August","Median",395000,"Scss","Unabsorbed Prices"
"59918",2004-08-01,"2004 August","Average",404041,"Scss","Unabsorbed Prices"
"59918",2004-08-01,"2004 August","Units",34,"Scss","Unabsorbed Prices"
"59918",2004-09-01,"2004 September","1st 20%",284000,"Scss","Unabsorbed Prices"
"59918",2004-09-01,"2004 September","2nd 40%",320000,"Scss","Unabsorbed Prices"
"59918",2004-09-01,"2004 September","3rd 60%",372000,"Scss","Unabsorbed Prices"
"59918",2004-09-01,"2004 September","4th 80%",466000,"Scss","Unabsorbed Prices"
"59918",2004-09-01,"2004 September","Median",340000,"Scss","Unabsorbed Prices"
"59918",2004-09-01,"2004 September","Average",365933,"Scss","Unabsorbed Prices"
"59918",2004-09-01,"2004 September","Units",21,"Scss","Unabsorbed Prices"
"59918",2004-10-01,"2004 October","1st 20%",264000,"Scss","Unabsorbed Prices"
"59918",2004-10-01,"2004 October","2nd 40%",290000,"Scss","Unabsorbed Prices"
"59918",2004-10-01,"2004 October","3rd 60%",332000,"Scss","Unabsorbed Prices"
"59918",2004-10-01,"2004 October","4th 80%",454000,"Scss","Unabsorbed Prices"
"59918",2004-10-01,"2004 October","Median",3e+05,"Scss","Unabsorbed Prices"
"59918",2004-10-01,"2004 October","Average",350748,"Scss","Unabsorbed Prices"
"59918",2004-10-01,"2004 October","Units",33,"Scss","Unabsorbed Prices"
"59918",2004-11-01,"2004 November","1st 20%",266000,"Scss","Unabsorbed Prices"
"59918",2004-11-01,"2004 November","2nd 40%",344000,"Scss","Unabsorbed Prices"
"59918",2004-11-01,"2004 November","3rd 60%",370000,"Scss","Unabsorbed Prices"
"59918",2004-11-01,"2004 November","4th 80%",424000,"Scss","Unabsorbed Prices"
"59918",2004-11-01,"2004 November","Median",357500,"Scss","Unabsorbed Prices"
"59918",2004-11-01,"2004 November","Average",386773,"Scss","Unabsorbed Prices"
"59918",2004-11-01,"2004 November","Units",30,"Scss","Unabsorbed Prices"
"59918",2004-12-01,"2004 December","1st 20%",269000,"Scss","Unabsorbed Prices"
"59918",2004-12-01,"2004 December","2nd 40%",323000,"Scss","Unabsorbed Prices"
"59918",2004-12-01,"2004 December","3rd 60%",450000,"Scss","Unabsorbed Prices"
"59918",2004-12-01,"2004 December","4th 80%",576000,"Scss","Unabsorbed Prices"
"59918",2004-12-01,"2004 December","Median",350000,"Scss","Unabsorbed Prices"
"59918",2004-12-01,"2004 December","Average",412758,"Scss","Unabsorbed Prices"
"59918",2004-12-01,"2004 December","Units",38,"Scss","Unabsorbed Prices"
"59918",2005-01-01,"2005 January","1st 20%",216000,"Scss","Unabsorbed Prices"
"59918",2005-01-01,"2005 January","2nd 40%",292000,"Scss","Unabsorbed Prices"
"59918",2005-01-01,"2005 January","3rd 60%",330000,"Scss","Unabsorbed Prices"
"59918",2005-01-01,"2005 January","4th 80%",4e+05,"Scss","Unabsorbed Prices"
"59918",2005-01-01,"2005 January","Median",320000,"Scss","Unabsorbed Prices"
"59918",2005-01-01,"2005 January","Average",320771,"Scss","Unabsorbed Prices"
"59918",2005-01-01,"2005 January","Units",29,"Scss","Unabsorbed Prices"
"59918",2005-02-01,"2005 February","1st 20%",260000,"Scss","Unabsorbed Prices"
"59918",2005-02-01,"2005 February","2nd 40%",280000,"Scss","Unabsorbed Prices"
"59918",2005-02-01,"2005 February","3rd 60%",346000,"Scss","Unabsorbed Prices"
"59918",2005-02-01,"2005 February","4th 80%",442000,"Scss","Unabsorbed Prices"
"59918",2005-02-01,"2005 February","Median",320000,"Scss","Unabsorbed Prices"
"59918",2005-02-01,"2005 February","Average",339685,"Scss","Unabsorbed Prices"
"59918",2005-02-01,"2005 February","Units",28,"Scss","Unabsorbed Prices"
"59918",2005-03-01,"2005 March","1st 20%",287000,"Scss","Unabsorbed Prices"
"59918",2005-03-01,"2005 March","2nd 40%",318000,"Scss","Unabsorbed Prices"
"59918",2005-03-01,"2005 March","3rd 60%",364000,"Scss","Unabsorbed Prices"
"59918",2005-03-01,"2005 March","4th 80%",432000,"Scss","Unabsorbed Prices"
"59918",2005-03-01,"2005 March","Median",335000,"Scss","Unabsorbed Prices"
"59918",2005-03-01,"2005 March","Average",383536,"Scss","Unabsorbed Prices"
"59918",2005-03-01,"2005 March","Units",28,"Scss","Unabsorbed Prices"
"59918",2005-04-01,"2005 April","1st 20%",270000,"Scss","Unabsorbed Prices"
"59918",2005-04-01,"2005 April","2nd 40%",295000,"Scss","Unabsorbed Prices"
"59918",2005-04-01,"2005 April","3rd 60%",380000,"Scss","Unabsorbed Prices"
"59918",2005-04-01,"2005 April","4th 80%",430000,"Scss","Unabsorbed Prices"
"59918",2005-04-01,"2005 April","Median",350000,"Scss","Unabsorbed Prices"
"59918",2005-04-01,"2005 April","Average",363047,"Scss","Unabsorbed Prices"
"59918",2005-04-01,"2005 April","Units",19,"Scss","Unabsorbed Prices"
"59918",2005-05-01,"2005 May","1st 20%",278000,"Scss","Unabsorbed Prices"
"59918",2005-05-01,"2005 May","2nd 40%",307000,"Scss","Unabsorbed Prices"
"59918",2005-05-01,"2005 May","3rd 60%",394000,"Scss","Unabsorbed Prices"
"59918",2005-05-01,"2005 May","4th 80%",442000,"Scss","Unabsorbed Prices"
"59918",2005-05-01,"2005 May","Median",365000,"Scss","Unabsorbed Prices"
"59918",2005-05-01,"2005 May","Average",366182,"Scss","Unabsorbed Prices"
"59918",2005-05-01,"2005 May","Units",28,"Scss","Unabsorbed Prices"
"59918",2005-06-01,"2005 June","1st 20%",265000,"Scss","Unabsorbed Prices"
"59918",2005-06-01,"2005 June","2nd 40%",340000,"Scss","Unabsorbed Prices"
"59918",2005-06-01,"2005 June","3rd 60%",430000,"Scss","Unabsorbed Prices"
"59918",2005-06-01,"2005 June","4th 80%",455000,"Scss","Unabsorbed Prices"
"59918",2005-06-01,"2005 June","Median",360000,"Scss","Unabsorbed Prices"
"59918",2005-06-01,"2005 June","Average",391844,"Scss","Unabsorbed Prices"
"59918",2005-06-01,"2005 June","Units",43,"Scss","Unabsorbed Prices"
"59918",2005-07-01,"2005 July","1st 20%",279000,"Scss","Unabsorbed Prices"
"59918",2005-07-01,"2005 July","2nd 40%",325000,"Scss","Unabsorbed Prices"
"59918",2005-07-01,"2005 July","3rd 60%",376000,"Scss","Unabsorbed Prices"
"59918",2005-07-01,"2005 July","4th 80%",460000,"Scss","Unabsorbed Prices"
"59918",2005-07-01,"2005 July","Median",355000,"Scss","Unabsorbed Prices"
"59918",2005-07-01,"2005 July","Average",377621,"Scss","Unabsorbed Prices"
"59918",2005-07-01,"2005 July","Units",31,"Scss","Unabsorbed Prices"
"59918",2005-08-01,"2005 August","1st 20%",328000,"Scss","Unabsorbed Prices"
"59918",2005-08-01,"2005 August","2nd 40%",366000,"Scss","Unabsorbed Prices"
"59918",2005-08-01,"2005 August","3rd 60%",408000,"Scss","Unabsorbed Prices"
"59918",2005-08-01,"2005 August","4th 80%",471000,"Scss","Unabsorbed Prices"
"59918",2005-08-01,"2005 August","Median",4e+05,"Scss","Unabsorbed Prices"
"59918",2005-08-01,"2005 August","Average",405683,"Scss","Unabsorbed Prices"
"59918",2005-08-01,"2005 August","Units",33,"Scss","Unabsorbed Prices"
"59918",2005-09-01,"2005 September","1st 20%",330000,"Scss","Unabsorbed Prices"
"59918",2005-09-01,"2005 September","2nd 40%",352000,"Scss","Unabsorbed Prices"
"59918",2005-09-01,"2005 September","3rd 60%",416000,"Scss","Unabsorbed Prices"
"59918",2005-09-01,"2005 September","4th 80%",450000,"Scss","Unabsorbed Prices"
"59918",2005-09-01,"2005 September","Median",360000,"Scss","Unabsorbed Prices"
"59918",2005-09-01,"2005 September","Average",382988,"Scss","Unabsorbed Prices"
"59918",2005-09-01,"2005 September","Units",17,"Scss","Unabsorbed Prices"
"59918",2005-10-01,"2005 October","1st 20%",302000,"Scss","Unabsorbed Prices"
"59918",2005-10-01,"2005 October","2nd 40%",365000,"Scss","Unabsorbed Prices"
"59918",2005-10-01,"2005 October","3rd 60%",423000,"Scss","Unabsorbed Prices"
"59918",2005-10-01,"2005 October","4th 80%",442000,"Scss","Unabsorbed Prices"
"59918",2005-10-01,"2005 October","Median",385000,"Scss","Unabsorbed Prices"
"59918",2005-10-01,"2005 October","Average",393620,"Scss","Unabsorbed Prices"
"59918",2005-10-01,"2005 October","Units",23,"Scss","Unabsorbed Prices"
"59918",2005-11-01,"2005 November","1st 20%",316000,"Scss","Unabsorbed Prices"
"59918",2005-11-01,"2005 November","2nd 40%",360000,"Scss","Unabsorbed Prices"
"59918",2005-11-01,"2005 November","3rd 60%",406000,"Scss","Unabsorbed Prices"
"59918",2005-11-01,"2005 November","4th 80%",430000,"Scss","Unabsorbed Prices"
"59918",2005-11-01,"2005 November","Median",370000,"Scss","Unabsorbed Prices"
"59918",2005-11-01,"2005 November","Average",373814,"Scss","Unabsorbed Prices"
"59918",2005-11-01,"2005 November","Units",26,"Scss","Unabsorbed Prices"
"59918",2005-12-01,"2005 December","1st 20%",338000,"Scss","Unabsorbed Prices"
"59918",2005-12-01,"2005 December","2nd 40%",358000,"Scss","Unabsorbed Prices"
"59918",2005-12-01,"2005 December","3rd 60%",402000,"Scss","Unabsorbed Prices"
"59918",2005-12-01,"2005 December","4th 80%",426000,"Scss","Unabsorbed Prices"
"59918",2005-12-01,"2005 December","Median",4e+05,"Scss","Unabsorbed Prices"
"59918",2005-12-01,"2005 December","Average",381718,"Scss","Unabsorbed Prices"
"59918",2005-12-01,"2005 December","Units",15,"Scss","Unabsorbed Prices"
"59918",2006-01-01,"2006 January","1st 20%",369000,"Scss","Unabsorbed Prices"
"59918",2006-01-01,"2006 January","2nd 40%",4e+05,"Scss","Unabsorbed Prices"
"59918",2006-01-01,"2006 January","3rd 60%",431000,"Scss","Unabsorbed Prices"
"59918",2006-01-01,"2006 January","4th 80%",501000,"Scss","Unabsorbed Prices"
"59918",2006-01-01,"2006 January","Median",425000,"Scss","Unabsorbed Prices"
"59918",2006-01-01,"2006 January","Average",428874,"Scss","Unabsorbed Prices"
"59918",2006-01-01,"2006 January","Units",35,"Scss","Unabsorbed Prices"
"59918",2006-02-01,"2006 February","1st 20%",4e+05,"Scss","Unabsorbed Prices"
"59918",2006-02-01,"2006 February","2nd 40%",438000,"Scss","Unabsorbed Prices"
"59918",2006-02-01,"2006 February","3rd 60%",483000,"Scss","Unabsorbed Prices"
"59918",2006-02-01,"2006 February","4th 80%",574000,"Scss","Unabsorbed Prices"
"59918",2006-02-01,"2006 February","Median",450000,"Scss","Unabsorbed Prices"
"59918",2006-02-01,"2006 February","Average",478623,"Scss","Unabsorbed Prices"
"59918",2006-02-01,"2006 February","Units",31,"Scss","Unabsorbed Prices"
"59918",2006-03-01,"2006 March","1st 20%",NA,"Scss","Unabsorbed Prices"
"59918",2006-03-01,"2006 March","2nd 40%",NA,"Scss","Unabsorbed Prices"
"59918",2006-03-01,"2006 March","3rd 60%",NA,"Scss","Unabsorbed Prices"
"59918",2006-03-01,"2006 March","4th 80%",NA,"Scss","Unabsorbed Prices"
"59918",2006-03-01,"2006 March","Median",NA,"Scss","Unabsorbed Prices"
"59918",2006-03-01,"2006 March","Average",455833,"Scss","Unabsorbed Prices"
"59918",2006-03-01,"2006 March","Units",9,"Scss","Unabsorbed Prices"
"59918",2006-04-01,"2006 April","1st 20%",363000,"Scss","Unabsorbed Prices"
"59918",2006-04-01,"2006 April","2nd 40%",380000,"Scss","Unabsorbed Prices"
"59918",2006-04-01,"2006 April","3rd 60%",428000,"Scss","Unabsorbed Prices"
"59918",2006-04-01,"2006 April","4th 80%",478000,"Scss","Unabsorbed Prices"
"59918",2006-04-01,"2006 April","Median",395000,"Scss","Unabsorbed Prices"
"59918",2006-04-01,"2006 April","Average",418882,"Scss","Unabsorbed Prices"
"59918",2006-04-01,"2006 April","Units",26,"Scss","Unabsorbed Prices"
"59918",2006-05-01,"2006 May","1st 20%",334000,"Scss","Unabsorbed Prices"
"59918",2006-05-01,"2006 May","2nd 40%",424000,"Scss","Unabsorbed Prices"
"59918",2006-05-01,"2006 May","3rd 60%",472000,"Scss","Unabsorbed Prices"
"59918",2006-05-01,"2006 May","4th 80%",567000,"Scss","Unabsorbed Prices"
"59918",2006-05-01,"2006 May","Median",460000,"Scss","Unabsorbed Prices"
"59918",2006-05-01,"2006 May","Average",467960,"Scss","Unabsorbed Prices"
"59918",2006-05-01,"2006 May","Units",22,"Scss","Unabsorbed Prices"
"59918",2006-06-01,"2006 June","1st 20%",452000,"Scss","Unabsorbed Prices"
"59918",2006-06-01,"2006 June","2nd 40%",5e+05,"Scss","Unabsorbed Prices"
"59918",2006-06-01,"2006 June","3rd 60%",554000,"Scss","Unabsorbed Prices"
"59918",2006-06-01,"2006 June","4th 80%",708000,"Scss","Unabsorbed Prices"
"59918",2006-06-01,"2006 June","Median",5e+05,"Scss","Unabsorbed Prices"
"59918",2006-06-01,"2006 June","Average",563747,"Scss","Unabsorbed Prices"
"59918",2006-06-01,"2006 June","Units",17,"Scss","Unabsorbed Prices"
"59918",2006-07-01,"2006 July","1st 20%",412000,"Scss","Unabsorbed Prices"
"59918",2006-07-01,"2006 July","2nd 40%",430000,"Scss","Unabsorbed Prices"
"59918",2006-07-01,"2006 July","3rd 60%",484000,"Scss","Unabsorbed Prices"
"59918",2006-07-01,"2006 July","4th 80%",606000,"Scss","Unabsorbed Prices"
"59918",2006-07-01,"2006 July","Median",460000,"Scss","Unabsorbed Prices"
"59918",2006-07-01,"2006 July","Average",517108,"Scss","Unabsorbed Prices"
"59918",2006-07-01,"2006 July","Units",26,"Scss","Unabsorbed Prices"
"59918",2006-08-01,"2006 August","1st 20%",442000,"Scss","Unabsorbed Prices"
"59918",2006-08-01,"2006 August","2nd 40%",480000,"Scss","Unabsorbed Prices"
"59918",2006-08-01,"2006 August","3rd 60%",530000,"Scss","Unabsorbed Prices"
"59918",2006-08-01,"2006 August","4th 80%",586000,"Scss","Unabsorbed Prices"
"59918",2006-08-01,"2006 August","Median",495000,"Scss","Unabsorbed Prices"
"59918",2006-08-01,"2006 August","Average",519925,"Scss","Unabsorbed Prices"
"59918",2006-08-01,"2006 August","Units",38,"Scss","Unabsorbed Prices"
"59918",2006-09-01,"2006 September","1st 20%",438000,"Scss","Unabsorbed Prices"
"59918",2006-09-01,"2006 September","2nd 40%",502000,"Scss","Unabsorbed Prices"
"59918",2006-09-01,"2006 September","3rd 60%",536000,"Scss","Unabsorbed Prices"
"59918",2006-09-01,"2006 September","4th 80%",636000,"Scss","Unabsorbed Prices"
"59918",2006-09-01,"2006 September","Median",525000,"Scss","Unabsorbed Prices"
"59918",2006-09-01,"2006 September","Average",541942,"Scss","Unabsorbed Prices"
"59918",2006-09-01,"2006 September","Units",31,"Scss","Unabsorbed Prices"
"59918",2006-10-01,"2006 October","1st 20%",417000,"Scss","Unabsorbed Prices"
"59918",2006-10-01,"2006 October","2nd 40%",467000,"Scss","Unabsorbed Prices"
"59918",2006-10-01,"2006 October","3rd 60%",518000,"Scss","Unabsorbed Prices"
"59918",2006-10-01,"2006 October","4th 80%",594000,"Scss","Unabsorbed Prices"
"59918",2006-10-01,"2006 October","Median",480000,"Scss","Unabsorbed Prices"
"59918",2006-10-01,"2006 October","Average",493830,"Scss","Unabsorbed Prices"
"59918",2006-10-01,"2006 October","Units",20,"Scss","Unabsorbed Prices"
"59918",2006-11-01,"2006 November","1st 20%",368000,"Scss","Unabsorbed Prices"
"59918",2006-11-01,"2006 November","2nd 40%",412000,"Scss","Unabsorbed Prices"
"59918",2006-11-01,"2006 November","3rd 60%",480000,"Scss","Unabsorbed Prices"
"59918",2006-11-01,"2006 November","4th 80%",505000,"Scss","Unabsorbed Prices"
"59918",2006-11-01,"2006 November","Median",470000,"Scss","Unabsorbed Prices"
"59918",2006-11-01,"2006 November","Average",494318,"Scss","Unabsorbed Prices"
"59918",2006-11-01,"2006 November","Units",19,"Scss","Unabsorbed Prices"
"59918",2006-12-01,"2006 December","1st 20%",366000,"Scss","Unabsorbed Prices"
"59918",2006-12-01,"2006 December","2nd 40%",438000,"Scss","Unabsorbed Prices"
"59918",2006-12-01,"2006 December","3rd 60%",480000,"Scss","Unabsorbed Prices"
"59918",2006-12-01,"2006 December","4th 80%",624000,"Scss","Unabsorbed Prices"
"59918",2006-12-01,"2006 December","Median",460000,"Scss","Unabsorbed Prices"
"59918",2006-12-01,"2006 December","Average",488124,"Scss","Unabsorbed Prices"
"59918",2006-12-01,"2006 December","Units",25,"Scss","Unabsorbed Prices"
"59918",2007-01-01,"2007 January","1st 20%",372000,"Scss","Unabsorbed Prices"
"59918",2007-01-01,"2007 January","2nd 40%",426000,"Scss","Unabsorbed Prices"
"59918",2007-01-01,"2007 January","3rd 60%",496000,"Scss","Unabsorbed Prices"
"59918",2007-01-01,"2007 January","4th 80%",524000,"Scss","Unabsorbed Prices"
"59918",2007-01-01,"2007 January","Median",480000,"Scss","Unabsorbed Prices"
"59918",2007-01-01,"2007 January","Average",500067,"Scss","Unabsorbed Prices"
"59918",2007-01-01,"2007 January","Units",15,"Scss","Unabsorbed Prices"
"59918",2007-02-01,"2007 February","1st 20%",4e+05,"Scss","Unabsorbed Prices"
"59918",2007-02-01,"2007 February","2nd 40%",430000,"Scss","Unabsorbed Prices"
"59918",2007-02-01,"2007 February","3rd 60%",518000,"Scss","Unabsorbed Prices"
"59918",2007-02-01,"2007 February","4th 80%",680000,"Scss","Unabsorbed Prices"
"59918",2007-02-01,"2007 February","Median",480000,"Scss","Unabsorbed Prices"
"59918",2007-02-01,"2007 February","Average",465234,"Scss","Unabsorbed Prices"
"59918",2007-02-01,"2007 February","Units",32,"Scss","Unabsorbed Prices"
"59918",2007-03-01,"2007 March","1st 20%",396000,"Scss","Unabsorbed Prices"
"59918",2007-03-01,"2007 March","2nd 40%",438000,"Scss","Unabsorbed Prices"
"59918",2007-03-01,"2007 March","3rd 60%",470000,"Scss","Unabsorbed Prices"
"59918",2007-03-01,"2007 March","4th 80%",578000,"Scss","Unabsorbed Prices"
"59918",2007-03-01,"2007 March","Median",470000,"Scss","Unabsorbed Prices"
"59918",2007-03-01,"2007 March","Average",477258,"Scss","Unabsorbed Prices"
"59918",2007-03-01,"2007 March","Units",12,"Scss","Unabsorbed Prices"
"59918",2007-04-01,"2007 April","1st 20%",NA,"Scss","Unabsorbed Prices"
"59918",2007-04-01,"2007 April","2nd 40%",NA,"Scss","Unabsorbed Prices"
"59918",2007-04-01,"2007 April","3rd 60%",NA,"Scss","Unabsorbed Prices"
"59918",2007-04-01,"2007 April","4th 80%",NA,"Scss","Unabsorbed Prices"
"59918",2007-04-01,"2007 April","Median",NA,"Scss","Unabsorbed Prices"
"59918",2007-04-01,"2007 April","Average",557919,"Scss","Unabsorbed Prices"
"59918",2007-04-01,"2007 April","Units",16,"Scss","Unabsorbed Prices"
"59918",2007-05-01,"2007 May","1st 20%",446000,"Scss","Unabsorbed Prices"
"59918",2007-05-01,"2007 May","2nd 40%",530000,"Scss","Unabsorbed Prices"
"59918",2007-05-01,"2007 May","3rd 60%",592000,"Scss","Unabsorbed Prices"
"59918",2007-05-01,"2007 May","4th 80%",660000,"Scss","Unabsorbed Prices"
"59918",2007-05-01,"2007 May","Median",570000,"Scss","Unabsorbed Prices"
"59918",2007-05-01,"2007 May","Average",641654,"Scss","Unabsorbed Prices"
"59918",2007-05-01,"2007 May","Units",35,"Scss","Unabsorbed Prices"
"59918",2007-06-01,"2007 June","1st 20%",NA,"Scss","Unabsorbed Prices"
"59918",2007-06-01,"2007 June","2nd 40%",NA,"Scss","Unabsorbed Prices"
"59918",2007-06-01,"2007 June","3rd 60%",NA,"Scss","Unabsorbed Prices"
"59918",2007-06-01,"2007 June","4th 80%",NA,"Scss","Unabsorbed Prices"
"59918",2007-06-01,"2007 June","Median",NA,"Scss","Unabsorbed Prices"
"59918",2007-06-01,"2007 June","Average",563000,"Scss","Unabsorbed Prices"
"59918",2007-06-01,"2007 June","Units",12,"Scss","Unabsorbed Prices"
"59918",2007-07-01,"2007 July","1st 20%",457000,"Scss","Unabsorbed Prices"
"59918",2007-07-01,"2007 July","2nd 40%",494000,"Scss","Unabsorbed Prices"
"59918",2007-07-01,"2007 July","3rd 60%",570000,"Scss","Unabsorbed Prices"
"59918",2007-07-01,"2007 July","4th 80%",686000,"Scss","Unabsorbed Prices"
"59918",2007-07-01,"2007 July","Median",530000,"Scss","Unabsorbed Prices"
"59918",2007-07-01,"2007 July","Average",492933,"Scss","Unabsorbed Prices"
"59918",2007-07-01,"2007 July","Units",58,"Scss","Unabsorbed Prices"
"59918",2007-08-01,"2007 August","1st 20%",442000,"Scss","Unabsorbed Prices"
"59918",2007-08-01,"2007 August","2nd 40%",530000,"Scss","Unabsorbed Prices"
"59918",2007-08-01,"2007 August","3rd 60%",628000,"Scss","Unabsorbed Prices"
"59918",2007-08-01,"2007 August","4th 80%",758000,"Scss","Unabsorbed Prices"
"59918",2007-08-01,"2007 August","Median",545000,"Scss","Unabsorbed Prices"
"59918",2007-08-01,"2007 August","Average",703728,"Scss","Unabsorbed Prices"
"59918",2007-08-01,"2007 August","Units",37,"Scss","Unabsorbed Prices"
"59918",2007-09-01,"2007 September","1st 20%",384000,"Scss","Unabsorbed Prices"
"59918",2007-09-01,"2007 September","2nd 40%",5e+05,"Scss","Unabsorbed Prices"
"59918",2007-09-01,"2007 September","3rd 60%",592000,"Scss","Unabsorbed Prices"
"59918",2007-09-01,"2007 September","4th 80%",796000,"Scss","Unabsorbed Prices"
"59918",2007-09-01,"2007 September","Median",530000,"Scss","Unabsorbed Prices"
"59918",2007-09-01,"2007 September","Average",602027,"Scss","Unabsorbed Prices"
"59918",2007-09-01,"2007 September","Units",60,"Scss","Unabsorbed Prices"
"59918",2007-10-01,"2007 October","1st 20%",452000,"Scss","Unabsorbed Prices"
"59918",2007-10-01,"2007 October","2nd 40%",540000,"Scss","Unabsorbed Prices"
"59918",2007-10-01,"2007 October","3rd 60%",680000,"Scss","Unabsorbed Prices"
"59918",2007-10-01,"2007 October","4th 80%",7e+05,"Scss","Unabsorbed Prices"
"59918",2007-10-01,"2007 October","Median",625000,"Scss","Unabsorbed Prices"
"59918",2007-10-01,"2007 October","Average",600598,"Scss","Unabsorbed Prices"
"59918",2007-10-01,"2007 October","Units",44,"Scss","Unabsorbed Prices"
"59918",2007-11-01,"2007 November","1st 20%",364000,"Scss","Unabsorbed Prices"
"59918",2007-11-01,"2007 November","2nd 40%",438000,"Scss","Unabsorbed Prices"
"59918",2007-11-01,"2007 November","3rd 60%",452000,"Scss","Unabsorbed Prices"
"59918",2007-11-01,"2007 November","4th 80%",523000,"Scss","Unabsorbed Prices"
"59918",2007-11-01,"2007 November","Median",450000,"Scss","Unabsorbed Prices"
"59918",2007-11-01,"2007 November","Average",416553,"Scss","Unabsorbed Prices"
"59918",2007-11-01,"2007 November","Units",19,"Scss","Unabsorbed Prices"
"59918",2007-12-01,"2007 December","1st 20%",450000,"Scss","Unabsorbed Prices"
"59918",2007-12-01,"2007 December","2nd 40%",560000,"Scss","Unabsorbed Prices"
"59918",2007-12-01,"2007 December","3rd 60%",630000,"Scss","Unabsorbed Prices"
"59918",2007-12-01,"2007 December","4th 80%",710000,"Scss","Unabsorbed Prices"
"59918",2007-12-01,"2007 December","Median",620000,"Scss","Unabsorbed Prices"
"59918",2007-12-01,"2007 December","Average",599356,"Scss","Unabsorbed Prices"
"59918",2007-12-01,"2007 December","Units",43,"Scss","Unabsorbed Prices"
"59918",2008-01-01,"2008 January","1st 20%",456000,"Scss","Unabsorbed Prices"
"59918",2008-01-01,"2008 January","2nd 40%",526000,"Scss","Unabsorbed Prices"
"59918",2008-01-01,"2008 January","3rd 60%",764000,"Scss","Unabsorbed Prices"
"59918",2008-01-01,"2008 January","4th 80%",1234000,"Scss","Unabsorbed Prices"
"59918",2008-01-01,"2008 January","Median",550000,"Scss","Unabsorbed Prices"
"59918",2008-01-01,"2008 January","Average",697360,"Scss","Unabsorbed Prices"
"59918",2008-01-01,"2008 January","Units",25,"Scss","Unabsorbed Prices"
"59918",2008-02-01,"2008 February","1st 20%",420000,"Scss","Unabsorbed Prices"
"59918",2008-02-01,"2008 February","2nd 40%",520000,"Scss","Unabsorbed Prices"
"59918",2008-02-01,"2008 February","3rd 60%",6e+05,"Scss","Unabsorbed Prices"
"59918",2008-02-01,"2008 February","4th 80%",650000,"Scss","Unabsorbed Prices"
"59918",2008-02-01,"2008 February","Median",550000,"Scss","Unabsorbed Prices"
"59918",2008-02-01,"2008 February","Average",576308,"Scss","Unabsorbed Prices"
"59918",2008-02-01,"2008 February","Units",36,"Scss","Unabsorbed Prices"
"59918",2008-03-01,"2008 March","1st 20%",506000,"Scss","Unabsorbed Prices"
"59918",2008-03-01,"2008 March","2nd 40%",542000,"Scss","Unabsorbed Prices"
"59918",2008-03-01,"2008 March","3rd 60%",550000,"Scss","Unabsorbed Prices"
"59918",2008-03-01,"2008 March","4th 80%",640000,"Scss","Unabsorbed Prices"
"59918",2008-03-01,"2008 March","Median",547500,"Scss","Unabsorbed Prices"
"59918",2008-03-01,"2008 March","Average",582100,"Scss","Unabsorbed Prices"
"59918",2008-03-01,"2008 March","Units",10,"Scss","Unabsorbed Prices"
"59918",2008-04-01,"2008 April","1st 20%",370000,"Scss","Unabsorbed Prices"
"59918",2008-04-01,"2008 April","2nd 40%",503000,"Scss","Unabsorbed Prices"
"59918",2008-04-01,"2008 April","3rd 60%",630000,"Scss","Unabsorbed Prices"
"59918",2008-04-01,"2008 April","4th 80%",881000,"Scss","Unabsorbed Prices"
"59918",2008-04-01,"2008 April","Median",570000,"Scss","Unabsorbed Prices"
"59918",2008-04-01,"2008 April","Average",518785,"Scss","Unabsorbed Prices"
"59918",2008-04-01,"2008 April","Units",46,"Scss","Unabsorbed Prices"
"59918",2008-05-01,"2008 May","1st 20%",388000,"Scss","Unabsorbed Prices"
"59918",2008-05-01,"2008 May","2nd 40%",508000,"Scss","Unabsorbed Prices"
"59918",2008-05-01,"2008 May","3rd 60%",606000,"Scss","Unabsorbed Prices"
"59918",2008-05-01,"2008 May","4th 80%",668000,"Scss","Unabsorbed Prices"
"59918",2008-05-01,"2008 May","Median",540000,"Scss","Unabsorbed Prices"
"59918",2008-05-01,"2008 May","Average",545813,"Scss","Unabsorbed Prices"
"59918",2008-05-01,"2008 May","Units",21,"Scss","Unabsorbed Prices"
"59918",2008-06-01,"2008 June","1st 20%",497000,"Scss","Unabsorbed Prices"
"59918",2008-06-01,"2008 June","2nd 40%",524000,"Scss","Unabsorbed Prices"
"59918",2008-06-01,"2008 June","3rd 60%",619000,"Scss","Unabsorbed Prices"
"59918",2008-06-01,"2008 June","4th 80%",680000,"Scss","Unabsorbed Prices"
"59918",2008-06-01,"2008 June","Median",557500,"Scss","Unabsorbed Prices"
"59918",2008-06-01,"2008 June","Average",581409,"Scss","Unabsorbed Prices"
"59918",2008-06-01,"2008 June","Units",17,"Scss","Unabsorbed Prices"
"59918",2008-07-01,"2008 July","1st 20%",537000,"Scss","Unabsorbed Prices"
"59918",2008-07-01,"2008 July","2nd 40%",650000,"Scss","Unabsorbed Prices"
"59918",2008-07-01,"2008 July","3rd 60%",715000,"Scss","Unabsorbed Prices"
"59918",2008-07-01,"2008 July","4th 80%",785000,"Scss","Unabsorbed Prices"
"59918",2008-07-01,"2008 July","Median",7e+05,"Scss","Unabsorbed Prices"
"59918",2008-07-01,"2008 July","Average",660125,"Scss","Unabsorbed Prices"
"59918",2008-07-01,"2008 July","Units",54,"Scss","Unabsorbed Prices"
"59918",2008-08-01,"2008 August","1st 20%",470000,"Scss","Unabsorbed Prices"
"59918",2008-08-01,"2008 August","2nd 40%",520000,"Scss","Unabsorbed Prices"
"59918",2008-08-01,"2008 August","3rd 60%",595000,"Scss","Unabsorbed Prices"
"59918",2008-08-01,"2008 August","4th 80%",735000,"Scss","Unabsorbed Prices"
"59918",2008-08-01,"2008 August","Median",537500,"Scss","Unabsorbed Prices"
"59918",2008-08-01,"2008 August","Average",574717,"Scss","Unabsorbed Prices"
"59918",2008-08-01,"2008 August","Units",35,"Scss","Unabsorbed Prices"
"59918",2008-09-01,"2008 September","1st 20%",NA,"Scss","Unabsorbed Prices"
"59918",2008-09-01,"2008 September","2nd 40%",NA,"Scss","Unabsorbed Prices"
"59918",2008-09-01,"2008 September","3rd 60%",NA,"Scss","Unabsorbed Prices"
"59918",2008-09-01,"2008 September","4th 80%",NA,"Scss","Unabsorbed Prices"
"59918",2008-09-01,"2008 September","Median",NA,"Scss","Unabsorbed Prices"
"59918",2008-09-01,"2008 September","Average",683980,"Scss","Unabsorbed Prices"
"59918",2008-09-01,"2008 September","Units",24,"Scss","Unabsorbed Prices"
"59918",2008-10-01,"2008 October","1st 20%",406000,"Scss","Unabsorbed Prices"
"59918",2008-10-01,"2008 October","2nd 40%",415000,"Scss","Unabsorbed Prices"
"59918",2008-10-01,"2008 October","3rd 60%",524000,"Scss","Unabsorbed Prices"
"59918",2008-10-01,"2008 October","4th 80%",576000,"Scss","Unabsorbed Prices"
"59918",2008-10-01,"2008 October","Median",5e+05,"Scss","Unabsorbed Prices"
"59918",2008-10-01,"2008 October","Average",486069,"Scss","Unabsorbed Prices"
"59918",2008-10-01,"2008 October","Units",18,"Scss","Unabsorbed Prices"
"59918",2008-11-01,"2008 November","1st 20%",430000,"Scss","Unabsorbed Prices"
"59918",2008-11-01,"2008 November","2nd 40%",488000,"Scss","Unabsorbed Prices"
"59918",2008-11-01,"2008 November","3rd 60%",625000,"Scss","Unabsorbed Prices"
"59918",2008-11-01,"2008 November","4th 80%",690000,"Scss","Unabsorbed Prices"
"59918",2008-11-01,"2008 November","Median",570000,"Scss","Unabsorbed Prices"
"59918",2008-11-01,"2008 November","Average",564638,"Scss","Unabsorbed Prices"
"59918",2008-11-01,"2008 November","Units",13,"Scss","Unabsorbed Prices"
"59918",2008-12-01,"2008 December","1st 20%",5e+05,"Scss","Unabsorbed Prices"
"59918",2008-12-01,"2008 December","2nd 40%",602000,"Scss","Unabsorbed Prices"
"59918",2008-12-01,"2008 December","3rd 60%",740000,"Scss","Unabsorbed Prices"
"59918",2008-12-01,"2008 December","4th 80%",814000,"Scss","Unabsorbed Prices"
"59918",2008-12-01,"2008 December","Median",645000,"Scss","Unabsorbed Prices"
"59918",2008-12-01,"2008 December","Average",616798,"Scss","Unabsorbed Prices"
"59918",2008-12-01,"2008 December","Units",35,"Scss","Unabsorbed Prices"
"59918",2009-01-01,"2009 January","1st 20%",505000,"Scss","Unabsorbed Prices"
"59918",2009-01-01,"2009 January","2nd 40%",632000,"Scss","Unabsorbed Prices"
"59918",2009-01-01,"2009 January","3rd 60%",660000,"Scss","Unabsorbed Prices"
"59918",2009-01-01,"2009 January","4th 80%",745000,"Scss","Unabsorbed Prices"
"59918",2009-01-01,"2009 January","Median",640000,"Scss","Unabsorbed Prices"
"59918",2009-01-01,"2009 January","Average",635939,"Scss","Unabsorbed Prices"
"59918",2009-01-01,"2009 January","Units",25,"Scss","Unabsorbed Prices"
"59918",2009-02-01,"2009 February","1st 20%",NA,"Scss","Unabsorbed Prices"
"59918",2009-02-01,"2009 February","2nd 40%",NA,"Scss","Unabsorbed Prices"
"59918",2009-02-01,"2009 February","3rd 60%",NA,"Scss","Unabsorbed Prices"
"59918",2009-02-01,"2009 February","4th 80%",NA,"Scss","Unabsorbed Prices"
"59918",2009-02-01,"2009 February","Median",NA,"Scss","Unabsorbed Prices"
"59918",2009-02-01,"2009 February","Average",631730,"Scss","Unabsorbed Prices"
"59918",2009-02-01,"2009 February","Units",11,"Scss","Unabsorbed Prices"
"59918",2009-03-01,"2009 March","1st 20%",478000,"Scss","Unabsorbed Prices"
"59918",2009-03-01,"2009 March","2nd 40%",561000,"Scss","Unabsorbed Prices"
"59918",2009-03-01,"2009 March","3rd 60%",671000,"Scss","Unabsorbed Prices"
"59918",2009-03-01,"2009 March","4th 80%",775000,"Scss","Unabsorbed Prices"
"59918",2009-03-01,"2009 March","Median",607500,"Scss","Unabsorbed Prices"
"59918",2009-03-01,"2009 March","Average",625737,"Scss","Unabsorbed Prices"
"59918",2009-03-01,"2009 March","Units",18,"Scss","Unabsorbed Prices"
"59918",2009-04-01,"2009 April","1st 20%",453000,"Scss","Unabsorbed Prices"
"59918",2009-04-01,"2009 April","2nd 40%",543000,"Scss","Unabsorbed Prices"
"59918",2009-04-01,"2009 April","3rd 60%",656000,"Scss","Unabsorbed Prices"
"59918",2009-04-01,"2009 April","4th 80%",712000,"Scss","Unabsorbed Prices"
"59918",2009-04-01,"2009 April","Median",575000,"Scss","Unabsorbed Prices"
"59918",2009-04-01,"2009 April","Average",632873,"Scss","Unabsorbed Prices"
"59918",2009-04-01,"2009 April","Units",32,"Scss","Unabsorbed Prices"
"59918",2009-05-01,"2009 May","1st 20%",NA,"Scss","Unabsorbed Prices"
"59918",2009-05-01,"2009 May","2nd 40%",NA,"Scss","Unabsorbed Prices"
"59918",2009-05-01,"2009 May","3rd 60%",NA,"Scss","Unabsorbed Prices"
"59918",2009-05-01,"2009 May","4th 80%",NA,"Scss","Unabsorbed Prices"
"59918",2009-05-01,"2009 May","Median",NA,"Scss","Unabsorbed Prices"
"59918",2009-05-01,"2009 May","Average",666379,"Scss","Unabsorbed Prices"
"59918",2009-05-01,"2009 May","Units",10,"Scss","Unabsorbed Prices"
"59918",2009-06-01,"2009 June","1st 20%",450000,"Scss","Unabsorbed Prices"
"59918",2009-06-01,"2009 June","2nd 40%",530000,"Scss","Unabsorbed Prices"
"59918",2009-06-01,"2009 June","3rd 60%",695000,"Scss","Unabsorbed Prices"
"59918",2009-06-01,"2009 June","4th 80%",1e+06,"Scss","Unabsorbed Prices"
"59918",2009-06-01,"2009 June","Median",565000,"Scss","Unabsorbed Prices"
"59918",2009-06-01,"2009 June","Average",795213,"Scss","Unabsorbed Prices"
"59918",2009-06-01,"2009 June","Units",29,"Scss","Unabsorbed Prices"
"59918",2009-07-01,"2009 July","1st 20%",555000,"Scss","Unabsorbed Prices"
"59918",2009-07-01,"2009 July","2nd 40%",646000,"Scss","Unabsorbed Prices"
"59918",2009-07-01,"2009 July","3rd 60%",738000,"Scss","Unabsorbed Prices"
"59918",2009-07-01,"2009 July","4th 80%",797000,"Scss","Unabsorbed Prices"
"59918",2009-07-01,"2009 July","Median",7e+05,"Scss","Unabsorbed Prices"
"59918",2009-07-01,"2009 July","Average",696138,"Scss","Unabsorbed Prices"
"59918",2009-07-01,"2009 July","Units",30,"Scss","Unabsorbed Prices"
"59918",2009-08-01,"2009 August","1st 20%",NA,"Scss","Unabsorbed Prices"
"59918",2009-08-01,"2009 August","2nd 40%",NA,"Scss","Unabsorbed Prices"
"59918",2009-08-01,"2009 August","3rd 60%",NA,"Scss","Unabsorbed Prices"
"59918",2009-08-01,"2009 August","4th 80%",NA,"Scss","Unabsorbed Prices"
"59918",2009-08-01,"2009 August","Median",NA,"Scss","Unabsorbed Prices"
"59918",2009-08-01,"2009 August","Average",704711,"Scss","Unabsorbed Prices"
"59918",2009-08-01,"2009 August","Units",14,"Scss","Unabsorbed Prices"
"59918",2009-09-01,"2009 September","1st 20%",450000,"Scss","Unabsorbed Prices"
"59918",2009-09-01,"2009 September","2nd 40%",528000,"Scss","Unabsorbed Prices"
"59918",2009-09-01,"2009 September","3rd 60%",790000,"Scss","Unabsorbed Prices"
"59918",2009-09-01,"2009 September","4th 80%",866000,"Scss","Unabsorbed Prices"
"59918",2009-09-01,"2009 September","Median",715000,"Scss","Unabsorbed Prices"
"59918",2009-09-01,"2009 September","Average",683308,"Scss","Unabsorbed Prices"
"59918",2009-09-01,"2009 September","Units",12,"Scss","Unabsorbed Prices"
"59918",2009-10-01,"2009 October","1st 20%",582000,"Scss","Unabsorbed Prices"
"59918",2009-10-01,"2009 October","2nd 40%",676000,"Scss","Unabsorbed Prices"
"59918",2009-10-01,"2009 October","3rd 60%",740000,"Scss","Unabsorbed Prices"
"59918",2009-10-01,"2009 October","4th 80%",1005000,"Scss","Unabsorbed Prices"
"59918",2009-10-01,"2009 October","Median",7e+05,"Scss","Unabsorbed Prices"
"59918",2009-10-01,"2009 October","Average",699702,"Scss","Unabsorbed Prices"
"59918",2009-10-01,"2009 October","Units",23,"Scss","Unabsorbed Prices"
"59918",2009-11-01,"2009 November","1st 20%",526000,"Scss","Unabsorbed Prices"
"59918",2009-11-01,"2009 November","2nd 40%",582000,"Scss","Unabsorbed Prices"
"59918",2009-11-01,"2009 November","3rd 60%",835000,"Scss","Unabsorbed Prices"
"59918",2009-11-01,"2009 November","4th 80%",1233000,"Scss","Unabsorbed Prices"
"59918",2009-11-01,"2009 November","Median",620000,"Scss","Unabsorbed Prices"
"59918",2009-11-01,"2009 November","Average",1005781,"Scss","Unabsorbed Prices"
"59918",2009-11-01,"2009 November","Units",22,"Scss","Unabsorbed Prices"
"59918",2009-12-01,"2009 December","1st 20%",NA,"Scss","Unabsorbed Prices"
"59918",2009-12-01,"2009 December","2nd 40%",NA,"Scss","Unabsorbed Prices"
"59918",2009-12-01,"2009 December","3rd 60%",NA,"Scss","Unabsorbed Prices"
"59918",2009-12-01,"2009 December","4th 80%",NA,"Scss","Unabsorbed Prices"
"59918",2009-12-01,"2009 December","Median",NA,"Scss","Unabsorbed Prices"
"59918",2009-12-01,"2009 December","Average",1006757,"Scss","Unabsorbed Prices"
"59918",2009-12-01,"2009 December","Units",8,"Scss","Unabsorbed Prices"
"59918",2010-01-01,"2010 January","1st 20%",445000,"Scss","Unabsorbed Prices"
"59918",2010-01-01,"2010 January","2nd 40%",549000,"Scss","Unabsorbed Prices"
"59918",2010-01-01,"2010 January","3rd 60%",707000,"Scss","Unabsorbed Prices"
"59918",2010-01-01,"2010 January","4th 80%",9e+05,"Scss","Unabsorbed Prices"
"59918",2010-01-01,"2010 January","Median",587500,"Scss","Unabsorbed Prices"
"59918",2010-01-01,"2010 January","Average",651730,"Scss","Unabsorbed Prices"
"59918",2010-01-01,"2010 January","Units",56,"Scss","Unabsorbed Prices"
"59918",2010-02-01,"2010 February","1st 20%",NA,"Scss","Unabsorbed Prices"
"59918",2010-02-01,"2010 February","2nd 40%",NA,"Scss","Unabsorbed Prices"
"59918",2010-02-01,"2010 February","3rd 60%",NA,"Scss","Unabsorbed Prices"
"59918",2010-02-01,"2010 February","4th 80%",NA,"Scss","Unabsorbed Prices"
"59918",2010-02-01,"2010 February","Median",NA,"Scss","Unabsorbed Prices"
"59918",2010-02-01,"2010 February","Average",1131767,"Scss","Unabsorbed Prices"
"59918",2010-02-01,"2010 February","Units",12,"Scss","Unabsorbed Prices"
"59918",2010-03-01,"2010 March","1st 20%",NA,"Scss","Unabsorbed Prices"
"59918",2010-03-01,"2010 March","2nd 40%",NA,"Scss","Unabsorbed Prices"
"59918",2010-03-01,"2010 March","3rd 60%",NA,"Scss","Unabsorbed Prices"
"59918",2010-03-01,"2010 March","4th 80%",NA,"Scss","Unabsorbed Prices"
"59918",2010-03-01,"2010 March","Median",NA,"Scss","Unabsorbed Prices"
"59918",2010-03-01,"2010 March","Average",701299,"Scss","Unabsorbed Prices"
"59918",2010-03-01,"2010 March","Units",7,"Scss","Unabsorbed Prices"
"59918",2010-04-01,"2010 April","1st 20%",NA,"Scss","Unabsorbed Prices"
"59918",2010-04-01,"2010 April","2nd 40%",NA,"Scss","Unabsorbed Prices"
"59918",2010-04-01,"2010 April","3rd 60%",NA,"Scss","Unabsorbed Prices"
"59918",2010-04-01,"2010 April","4th 80%",NA,"Scss","Unabsorbed Prices"
"59918",2010-04-01,"2010 April","Median",NA,"Scss","Unabsorbed Prices"
"59918",2010-04-01,"2010 April","Average",546049,"Scss","Unabsorbed Prices"
"59918",2010-04-01,"2010 April","Units",10,"Scss","Unabsorbed Prices"
"59918",2010-05-01,"2010 May","1st 20%",NA,"Scss","Unabsorbed Prices"
"59918",2010-05-01,"2010 May","2nd 40%",NA,"Scss","Unabsorbed Prices"
"59918",2010-05-01,"2010 May","3rd 60%",NA,"Scss","Unabsorbed Prices"
"59918",2010-05-01,"2010 May","4th 80%",NA,"Scss","Unabsorbed Prices"
"59918",2010-05-01,"2010 May","Median",NA,"Scss","Unabsorbed Prices"
"59918",2010-05-01,"2010 May","Average",672225,"Scss","Unabsorbed Prices"
"59918",2010-05-01,"2010 May","Units",17,"Scss","Unabsorbed Prices"
"59918",2010-06-01,"2010 June","1st 20%",NA,"Scss","Unabsorbed Prices"
"59918",2010-06-01,"2010 June","2nd 40%",NA,"Scss","Unabsorbed Prices"
"59918",2010-06-01,"2010 June","3rd 60%",NA,"Scss","Unabsorbed Prices"
"59918",2010-06-01,"2010 June","4th 80%",NA,"Scss","Unabsorbed Prices"
"59918",2010-06-01,"2010 June","Median",NA,"Scss","Unabsorbed Prices"
"59918",2010-06-01,"2010 June","Average",NA,"Scss","Unabsorbed Prices"
"59918",2010-06-01,"2010 June","Units",2,"Scss","Unabsorbed Prices"
"59918",2010-07-01,"2010 July","1st 20%",NA,"Scss","Unabsorbed Prices"
"59918",2010-07-01,"2010 July","2nd 40%",NA,"Scss","Unabsorbed Prices"
"59918",2010-07-01,"2010 July","3rd 60%",NA,"Scss","Unabsorbed Prices"
"59918",2010-07-01,"2010 July","4th 80%",NA,"Scss","Unabsorbed Prices"
"59918",2010-07-01,"2010 July","Median",NA,"Scss","Unabsorbed Prices"
"59918",2010-07-01,"2010 July","Average",NA,"Scss","Unabsorbed Prices"
"59918",2010-07-01,"2010 July","Units",18,"Scss","Unabsorbed Prices"
"59918",2010-08-01,"2010 August","1st 20%",5e+05,"Scss","Unabsorbed Prices"
"59918",2010-08-01,"2010 August","2nd 40%",605000,"Scss","Unabsorbed Prices"
"59918",2010-08-01,"2010 August","3rd 60%",735000,"Scss","Unabsorbed Prices"
"59918",2010-08-01,"2010 August","4th 80%",855000,"Scss","Unabsorbed Prices"
"59918",2010-08-01,"2010 August","Median",665000,"Scss","Unabsorbed Prices"
"59918",2010-08-01,"2010 August","Average",681229,"Scss","Unabsorbed Prices"
"59918",2010-08-01,"2010 August","Units",35,"Scss","Unabsorbed Prices"
"59918",2010-09-01,"2010 September","1st 20%",526000,"Scss","Unabsorbed Prices"
"59918",2010-09-01,"2010 September","2nd 40%",590000,"Scss","Unabsorbed Prices"
"59918",2010-09-01,"2010 September","3rd 60%",685000,"Scss","Unabsorbed Prices"
"59918",2010-09-01,"2010 September","4th 80%",747000,"Scss","Unabsorbed Prices"
"59918",2010-09-01,"2010 September","Median",672500,"Scss","Unabsorbed Prices"
"59918",2010-09-01,"2010 September","Average",676430,"Scss","Unabsorbed Prices"
"59918",2010-09-01,"2010 September","Units",32,"Scss","Unabsorbed Prices"
"59918",2010-10-01,"2010 October","1st 20%",540000,"Scss","Unabsorbed Prices"
"59918",2010-10-01,"2010 October","2nd 40%",654000,"Scss","Unabsorbed Prices"
"59918",2010-10-01,"2010 October","3rd 60%",715000,"Scss","Unabsorbed Prices"
"59918",2010-10-01,"2010 October","4th 80%",1154000,"Scss","Unabsorbed Prices"
"59918",2010-10-01,"2010 October","Median",675000,"Scss","Unabsorbed Prices"
"59918",2010-10-01,"2010 October","Average",771582,"Scss","Unabsorbed Prices"
"59918",2010-10-01,"2010 October","Units",19,"Scss","Unabsorbed Prices"
"59918",2010-11-01,"2010 November","1st 20%",NA,"Scss","Unabsorbed Prices"
"59918",2010-11-01,"2010 November","2nd 40%",NA,"Scss","Unabsorbed Prices"
"59918",2010-11-01,"2010 November","3rd 60%",NA,"Scss","Unabsorbed Prices"
"59918",2010-11-01,"2010 November","4th 80%",NA,"Scss","Unabsorbed Prices"
"59918",2010-11-01,"2010 November","Median",NA,"Scss","Unabsorbed Prices"
"59918",2010-11-01,"2010 November","Average",526954,"Scss","Unabsorbed Prices"
"59918",2010-11-01,"2010 November","Units",17,"Scss","Unabsorbed Prices"
"59918",2010-12-01,"2010 December","1st 20%",455000,"Scss","Unabsorbed Prices"
"59918",2010-12-01,"2010 December","2nd 40%",525000,"Scss","Unabsorbed Prices"
"59918",2010-12-01,"2010 December","3rd 60%",640000,"Scss","Unabsorbed Prices"
"59918",2010-12-01,"2010 December","4th 80%",830000,"Scss","Unabsorbed Prices"
"59918",2010-12-01,"2010 December","Median",565000,"Scss","Unabsorbed Prices"
"59918",2010-12-01,"2010 December","Average",657923,"Scss","Unabsorbed Prices"
"59918",2010-12-01,"2010 December","Units",20,"Scss","Unabsorbed Prices"
"59918",2011-01-01,"2011 January","1st 20%",511000,"Scss","Unabsorbed Prices"
"59918",2011-01-01,"2011 January","2nd 40%",554000,"Scss","Unabsorbed Prices"
"59918",2011-01-01,"2011 January","3rd 60%",686000,"Scss","Unabsorbed Prices"
"59918",2011-01-01,"2011 January","4th 80%",746000,"Scss","Unabsorbed Prices"
"59918",2011-01-01,"2011 January","Median",622500,"Scss","Unabsorbed Prices"
"59918",2011-01-01,"2011 January","Average",652987,"Scss","Unabsorbed Prices"
"59918",2011-01-01,"2011 January","Units",22,"Scss","Unabsorbed Prices"
"59918",2011-02-01,"2011 February","1st 20%",486000,"Scss","Unabsorbed Prices"
"59918",2011-02-01,"2011 February","2nd 40%",526000,"Scss","Unabsorbed Prices"
"59918",2011-02-01,"2011 February","3rd 60%",609000,"Scss","Unabsorbed Prices"
"59918",2011-02-01,"2011 February","4th 80%",710000,"Scss","Unabsorbed Prices"
"59918",2011-02-01,"2011 February","Median",570000,"Scss","Unabsorbed Prices"
"59918",2011-02-01,"2011 February","Average",608970,"Scss","Unabsorbed Prices"
"59918",2011-02-01,"2011 February","Units",13,"Scss","Unabsorbed Prices"
"59918",2011-03-01,"2011 March","1st 20%",511000,"Scss","Unabsorbed Prices"
"59918",2011-03-01,"2011 March","2nd 40%",540000,"Scss","Unabsorbed Prices"
"59918",2011-03-01,"2011 March","3rd 60%",588000,"Scss","Unabsorbed Prices"
"59918",2011-03-01,"2011 March","4th 80%",643000,"Scss","Unabsorbed Prices"
"59918",2011-03-01,"2011 March","Median",555000,"Scss","Unabsorbed Prices"
"59918",2011-03-01,"2011 March","Average",619537,"Scss","Unabsorbed Prices"
"59918",2011-03-01,"2011 March","Units",19,"Scss","Unabsorbed Prices"
"59918",2011-04-01,"2011 April","1st 20%",530000,"Scss","Unabsorbed Prices"
"59918",2011-04-01,"2011 April","2nd 40%",585000,"Scss","Unabsorbed Prices"
"59918",2011-04-01,"2011 April","3rd 60%",818000,"Scss","Unabsorbed Prices"
"59918",2011-04-01,"2011 April","4th 80%",956000,"Scss","Unabsorbed Prices"
"59918",2011-04-01,"2011 April","Median",660000,"Scss","Unabsorbed Prices"
"59918",2011-04-01,"2011 April","Average",816479,"Scss","Unabsorbed Prices"
"59918",2011-04-01,"2011 April","Units",11,"Scss","Unabsorbed Prices"
"59918",2011-05-01,"2011 May","1st 20%",525000,"Scss","Unabsorbed Prices"
"59918",2011-05-01,"2011 May","2nd 40%",560000,"Scss","Unabsorbed Prices"
"59918",2011-05-01,"2011 May","3rd 60%",7e+05,"Scss","Unabsorbed Prices"
"59918",2011-05-01,"2011 May","4th 80%",895000,"Scss","Unabsorbed Prices"
"59918",2011-05-01,"2011 May","Median",695000,"Scss","Unabsorbed Prices"
"59918",2011-05-01,"2011 May","Average",774273,"Scss","Unabsorbed Prices"
"59918",2011-05-01,"2011 May","Units",24,"Scss","Unabsorbed Prices"
"59918",2011-06-01,"2011 June","1st 20%",NA,"Scss","Unabsorbed Prices"
"59918",2011-06-01,"2011 June","2nd 40%",NA,"Scss","Unabsorbed Prices"
"59918",2011-06-01,"2011 June","3rd 60%",NA,"Scss","Unabsorbed Prices"
"59918",2011-06-01,"2011 June","4th 80%",NA,"Scss","Unabsorbed Prices"
"59918",2011-06-01,"2011 June","Median",NA,"Scss","Unabsorbed Prices"
"59918",2011-06-01,"2011 June","Average",NA,"Scss","Unabsorbed Prices"
"59918",2011-06-01,"2011 June","Units",23,"Scss","Unabsorbed Prices"
"59918",2011-07-01,"2011 July","1st 20%",548000,"Scss","Unabsorbed Prices"
"59918",2011-07-01,"2011 July","2nd 40%",643000,"Scss","Unabsorbed Prices"
"59918",2011-07-01,"2011 July","3rd 60%",688000,"Scss","Unabsorbed Prices"
"59918",2011-07-01,"2011 July","4th 80%",829000,"Scss","Unabsorbed Prices"
"59918",2011-07-01,"2011 July","Median",660000,"Scss","Unabsorbed Prices"
"59918",2011-07-01,"2011 July","Average",712248,"Scss","Unabsorbed Prices"
"59918",2011-07-01,"2011 July","Units",27,"Scss","Unabsorbed Prices"
"59918",2011-08-01,"2011 August","1st 20%",NA,"Scss","Unabsorbed Prices"
"59918",2011-08-01,"2011 August","2nd 40%",NA,"Scss","Unabsorbed Prices"
"59918",2011-08-01,"2011 August","3rd 60%",NA,"Scss","Unabsorbed Prices"
"59918",2011-08-01,"2011 August","4th 80%",NA,"Scss","Unabsorbed Prices"
"59918",2011-08-01,"2011 August","Median",NA,"Scss","Unabsorbed Prices"
"59918",2011-08-01,"2011 August","Average",653281,"Scss","Unabsorbed Prices"
"59918",2011-08-01,"2011 August","Units",17,"Scss","Unabsorbed Prices"
"59918",2011-09-01,"2011 September","1st 20%",NA,"Scss","Unabsorbed Prices"
"59918",2011-09-01,"2011 September","2nd 40%",NA,"Scss","Unabsorbed Prices"
"59918",2011-09-01,"2011 September","3rd 60%",NA,"Scss","Unabsorbed Prices"
"59918",2011-09-01,"2011 September","4th 80%",NA,"Scss","Unabsorbed Prices"
"59918",2011-09-01,"2011 September","Median",NA,"Scss","Unabsorbed Prices"
"59918",2011-09-01,"2011 September","Average",446318,"Scss","Unabsorbed Prices"
"59918",2011-09-01,"2011 September","Units",4,"Scss","Unabsorbed Prices"
"59918",2011-10-01,"2011 October","1st 20%",NA,"Scss","Unabsorbed Prices"
"59918",2011-10-01,"2011 October","2nd 40%",NA,"Scss","Unabsorbed Prices"
"59918",2011-10-01,"2011 October","3rd 60%",NA,"Scss","Unabsorbed Prices"
"59918",2011-10-01,"2011 October","4th 80%",NA,"Scss","Unabsorbed Prices"
"59918",2011-10-01,"2011 October","Median",NA,"Scss","Unabsorbed Prices"
"59918",2011-10-01,"2011 October","Average",534494,"Scss","Unabsorbed Prices"
"59918",2011-10-01,"2011 October","Units",9,"Scss","Unabsorbed Prices"
"59918",2011-11-01,"2011 November","1st 20%",467000,"Scss","Unabsorbed Prices"
"59918",2011-11-01,"2011 November","2nd 40%",557000,"Scss","Unabsorbed Prices"
"59918",2011-11-01,"2011 November","3rd 60%",625000,"Scss","Unabsorbed Prices"
"59918",2011-11-01,"2011 November","4th 80%",690000,"Scss","Unabsorbed Prices"
"59918",2011-11-01,"2011 November","Median",585000,"Scss","Unabsorbed Prices"
"59918",2011-11-01,"2011 November","Average",615045,"Scss","Unabsorbed Prices"
"59918",2011-11-01,"2011 November","Units",17,"Scss","Unabsorbed Prices"
"59918",2011-12-01,"2011 December","1st 20%",NA,"Scss","Unabsorbed Prices"
"59918",2011-12-01,"2011 December","2nd 40%",NA,"Scss","Unabsorbed Prices"
"59918",2011-12-01,"2011 December","3rd 60%",NA,"Scss","Unabsorbed Prices"
"59918",2011-12-01,"2011 December","4th 80%",NA,"Scss","Unabsorbed Prices"
"59918",2011-12-01,"2011 December","Median",NA,"Scss","Unabsorbed Prices"
"59918",2011-12-01,"2011 December","Average",571700,"Scss","Unabsorbed Prices"
"59918",2011-12-01,"2011 December","Units",4,"Scss","Unabsorbed Prices"
"59918",2012-01-01,"2012 January","1st 20%",473000,"Scss","Unabsorbed Prices"
"59918",2012-01-01,"2012 January","2nd 40%",578000,"Scss","Unabsorbed Prices"
"59918",2012-01-01,"2012 January","3rd 60%",698000,"Scss","Unabsorbed Prices"
"59918",2012-01-01,"2012 January","4th 80%",868000,"Scss","Unabsorbed Prices"
"59918",2012-01-01,"2012 January","Median",645000,"Scss","Unabsorbed Prices"
"59918",2012-01-01,"2012 January","Average",795117,"Scss","Unabsorbed Prices"
"59918",2012-01-01,"2012 January","Units",18,"Scss","Unabsorbed Prices"
"59918",2012-02-01,"2012 February","1st 20%",NA,"Scss","Unabsorbed Prices"
"59918",2012-02-01,"2012 February","2nd 40%",NA,"Scss","Unabsorbed Prices"
"59918",2012-02-01,"2012 February","3rd 60%",NA,"Scss","Unabsorbed Prices"
"59918",2012-02-01,"2012 February","4th 80%",NA,"Scss","Unabsorbed Prices"
"59918",2012-02-01,"2012 February","Median",NA,"Scss","Unabsorbed Prices"
"59918",2012-02-01,"2012 February","Average",947166,"Scss","Unabsorbed Prices"
"59918",2012-02-01,"2012 February","Units",8,"Scss","Unabsorbed Prices"
"59918",2012-03-01,"2012 March","1st 20%",NA,"Scss","Unabsorbed Prices"
"59918",2012-03-01,"2012 March","2nd 40%",NA,"Scss","Unabsorbed Prices"
"59918",2012-03-01,"2012 March","3rd 60%",NA,"Scss","Unabsorbed Prices"
"59918",2012-03-01,"2012 March","4th 80%",NA,"Scss","Unabsorbed Prices"
"59918",2012-03-01,"2012 March","Median",NA,"Scss","Unabsorbed Prices"
"59918",2012-03-01,"2012 March","Average",695165,"Scss","Unabsorbed Prices"
"59918",2012-03-01,"2012 March","Units",10,"Scss","Unabsorbed Prices"
"59918",2012-04-01,"2012 April","1st 20%",475000,"Scss","Unabsorbed Prices"
"59918",2012-04-01,"2012 April","2nd 40%",640000,"Scss","Unabsorbed Prices"
"59918",2012-04-01,"2012 April","3rd 60%",825000,"Scss","Unabsorbed Prices"
"59918",2012-04-01,"2012 April","4th 80%",890000,"Scss","Unabsorbed Prices"
"59918",2012-04-01,"2012 April","Median",755000,"Scss","Unabsorbed Prices"
"59918",2012-04-01,"2012 April","Average",813045,"Scss","Unabsorbed Prices"
"59918",2012-04-01,"2012 April","Units",25,"Scss","Unabsorbed Prices"
"59918",2012-05-01,"2012 May","1st 20%",NA,"Scss","Unabsorbed Prices"
"59918",2012-05-01,"2012 May","2nd 40%",NA,"Scss","Unabsorbed Prices"
"59918",2012-05-01,"2012 May","3rd 60%",NA,"Scss","Unabsorbed Prices"
"59918",2012-05-01,"2012 May","4th 80%",NA,"Scss","Unabsorbed Prices"
"59918",2012-05-01,"2012 May","Median",NA,"Scss","Unabsorbed Prices"
"59918",2012-05-01,"2012 May","Average",637846,"Scss","Unabsorbed Prices"
"59918",2012-05-01,"2012 May","Units",6,"Scss","Unabsorbed Prices"
"59918",2012-06-01,"2012 June","1st 20%",NA,"Scss","Unabsorbed Prices"
"59918",2012-06-01,"2012 June","2nd 40%",NA,"Scss","Unabsorbed Prices"
"59918",2012-06-01,"2012 June","3rd 60%",NA,"Scss","Unabsorbed Prices"
"59918",2012-06-01,"2012 June","4th 80%",NA,"Scss","Unabsorbed Prices"
"59918",2012-06-01,"2012 June","Median",NA,"Scss","Unabsorbed Prices"
"59918",2012-06-01,"2012 June","Average",579618,"Scss","Unabsorbed Prices"
"59918",2012-06-01,"2012 June","Units",13,"Scss","Unabsorbed Prices"
"59918",2012-07-01,"2012 July","1st 20%",563000,"Scss","Unabsorbed Prices"
"59918",2012-07-01,"2012 July","2nd 40%",686000,"Scss","Unabsorbed Prices"
"59918",2012-07-01,"2012 July","3rd 60%",745000,"Scss","Unabsorbed Prices"
"59918",2012-07-01,"2012 July","4th 80%",862000,"Scss","Unabsorbed Prices"
"59918",2012-07-01,"2012 July","Median",720000,"Scss","Unabsorbed Prices"
"59918",2012-07-01,"2012 July","Average",756001,"Scss","Unabsorbed Prices"
"59918",2012-07-01,"2012 July","Units",27,"Scss","Unabsorbed Prices"
"59918",2012-08-01,"2012 August","1st 20%",NA,"Scss","Unabsorbed Prices"
"59918",2012-08-01,"2012 August","2nd 40%",NA,"Scss","Unabsorbed Prices"
"59918",2012-08-01,"2012 August","3rd 60%",NA,"Scss","Unabsorbed Prices"
"59918",2012-08-01,"2012 August","4th 80%",NA,"Scss","Unabsorbed Prices"
"59918",2012-08-01,"2012 August","Median",NA,"Scss","Unabsorbed Prices"
"59918",2012-08-01,"2012 August","Average",673509,"Scss","Unabsorbed Prices"
"59918",2012-08-01,"2012 August","Units",8,"Scss","Unabsorbed Prices"
"59918",2012-09-01,"2012 September","1st 20%",535000,"Scss","Unabsorbed Prices"
"59918",2012-09-01,"2012 September","2nd 40%",567000,"Scss","Unabsorbed Prices"
"59918",2012-09-01,"2012 September","3rd 60%",615000,"Scss","Unabsorbed Prices"
"59918",2012-09-01,"2012 September","4th 80%",695000,"Scss","Unabsorbed Prices"
"59918",2012-09-01,"2012 September","Median",595000,"Scss","Unabsorbed Prices"
"59918",2012-09-01,"2012 September","Average",605953,"Scss","Unabsorbed Prices"
"59918",2012-09-01,"2012 September","Units",18,"Scss","Unabsorbed Prices"
"59918",2012-10-01,"2012 October","1st 20%",525000,"Scss","Unabsorbed Prices"
"59918",2012-10-01,"2012 October","2nd 40%",569000,"Scss","Unabsorbed Prices"
"59918",2012-10-01,"2012 October","3rd 60%",590000,"Scss","Unabsorbed Prices"
"59918",2012-10-01,"2012 October","4th 80%",626000,"Scss","Unabsorbed Prices"
"59918",2012-10-01,"2012 October","Median",580000,"Scss","Unabsorbed Prices"
"59918",2012-10-01,"2012 October","Average",593904,"Scss","Unabsorbed Prices"
"59918",2012-10-01,"2012 October","Units",12,"Scss","Unabsorbed Prices"
"59918",2012-11-01,"2012 November","1st 20%",523000,"Scss","Unabsorbed Prices"
"59918",2012-11-01,"2012 November","2nd 40%",589000,"Scss","Unabsorbed Prices"
"59918",2012-11-01,"2012 November","3rd 60%",734000,"Scss","Unabsorbed Prices"
"59918",2012-11-01,"2012 November","4th 80%",775000,"Scss","Unabsorbed Prices"
"59918",2012-11-01,"2012 November","Median",637500,"Scss","Unabsorbed Prices"
"59918",2012-11-01,"2012 November","Average",708792,"Scss","Unabsorbed Prices"
"59918",2012-11-01,"2012 November","Units",14,"Scss","Unabsorbed Prices"
"59918",2012-12-01,"2012 December","1st 20%",362000,"Scss","Unabsorbed Prices"
"59918",2012-12-01,"2012 December","2nd 40%",592000,"Scss","Unabsorbed Prices"
"59918",2012-12-01,"2012 December","3rd 60%",726000,"Scss","Unabsorbed Prices"
"59918",2012-12-01,"2012 December","4th 80%",1078000,"Scss","Unabsorbed Prices"
"59918",2012-12-01,"2012 December","Median",645000,"Scss","Unabsorbed Prices"
"59918",2012-12-01,"2012 December","Average",803229,"Scss","Unabsorbed Prices"
"59918",2012-12-01,"2012 December","Units",13,"Scss","Unabsorbed Prices"
"59918",2013-01-01,"2013 January","1st 20%",571000,"Scss","Unabsorbed Prices"
"59918",2013-01-01,"2013 January","2nd 40%",613000,"Scss","Unabsorbed Prices"
"59918",2013-01-01,"2013 January","3rd 60%",721000,"Scss","Unabsorbed Prices"
"59918",2013-01-01,"2013 January","4th 80%",760000,"Scss","Unabsorbed Prices"
"59918",2013-01-01,"2013 January","Median",655000,"Scss","Unabsorbed Prices"
"59918",2013-01-01,"2013 January","Average",835420,"Scss","Unabsorbed Prices"
"59918",2013-01-01,"2013 January","Units",11,"Scss","Unabsorbed Prices"
"59918",2013-02-01,"2013 February","1st 20%",NA,"Scss","Unabsorbed Prices"
"59918",2013-02-01,"2013 February","2nd 40%",NA,"Scss","Unabsorbed Prices"
"59918",2013-02-01,"2013 February","3rd 60%",NA,"Scss","Unabsorbed Prices"
"59918",2013-02-01,"2013 February","4th 80%",NA,"Scss","Unabsorbed Prices"
"59918",2013-02-01,"2013 February","Median",NA,"Scss","Unabsorbed Prices"
"59918",2013-02-01,"2013 February","Average",562122,"Scss","Unabsorbed Prices"
"59918",2013-02-01,"2013 February","Units",8,"Scss","Unabsorbed Prices"
"59918",2013-03-01,"2013 March","1st 20%",464000,"Scss","Unabsorbed Prices"
"59918",2013-03-01,"2013 March","2nd 40%",555000,"Scss","Unabsorbed Prices"
"59918",2013-03-01,"2013 March","3rd 60%",677000,"Scss","Unabsorbed Prices"
"59918",2013-03-01,"2013 March","4th 80%",791000,"Scss","Unabsorbed Prices"
"59918",2013-03-01,"2013 March","Median",565000,"Scss","Unabsorbed Prices"
"59918",2013-03-01,"2013 March","Average",631925,"Scss","Unabsorbed Prices"
"59918",2013-03-01,"2013 March","Units",13,"Scss","Unabsorbed Prices"
"59918",2013-04-01,"2013 April","1st 20%",NA,"Scss","Unabsorbed Prices"
"59918",2013-04-01,"2013 April","2nd 40%",NA,"Scss","Unabsorbed Prices"
"59918",2013-04-01,"2013 April","3rd 60%",NA,"Scss","Unabsorbed Prices"
"59918",2013-04-01,"2013 April","4th 80%",NA,"Scss","Unabsorbed Prices"
"59918",2013-04-01,"2013 April","Median",NA,"Scss","Unabsorbed Prices"
"59918",2013-04-01,"2013 April","Average",618548,"Scss","Unabsorbed Prices"
"59918",2013-04-01,"2013 April","Units",19,"Scss","Unabsorbed Prices"
"59918",2013-05-01,"2013 May","1st 20%",492000,"Scss","Unabsorbed Prices"
"59918",2013-05-01,"2013 May","2nd 40%",554000,"Scss","Unabsorbed Prices"
"59918",2013-05-01,"2013 May","3rd 60%",632000,"Scss","Unabsorbed Prices"
"59918",2013-05-01,"2013 May","4th 80%",803000,"Scss","Unabsorbed Prices"
"59918",2013-05-01,"2013 May","Median",590000,"Scss","Unabsorbed Prices"
"59918",2013-05-01,"2013 May","Average",638082,"Scss","Unabsorbed Prices"
"59918",2013-05-01,"2013 May","Units",11,"Scss","Unabsorbed Prices"
"59918",2013-06-01,"2013 June","1st 20%",NA,"Scss","Unabsorbed Prices"
"59918",2013-06-01,"2013 June","2nd 40%",NA,"Scss","Unabsorbed Prices"
"59918",2013-06-01,"2013 June","3rd 60%",NA,"Scss","Unabsorbed Prices"
"59918",2013-06-01,"2013 June","4th 80%",NA,"Scss","Unabsorbed Prices"
"59918",2013-06-01,"2013 June","Median",NA,"Scss","Unabsorbed Prices"
"59918",2013-06-01,"2013 June","Average",643825,"Scss","Unabsorbed Prices"
"59918",2013-06-01,"2013 June","Units",6,"Scss","Unabsorbed Prices"
"59918",2013-07-01,"2013 July","1st 20%",426000,"Scss","Unabsorbed Prices"
"59918",2013-07-01,"2013 July","2nd 40%",566000,"Scss","Unabsorbed Prices"
"59918",2013-07-01,"2013 July","3rd 60%",667000,"Scss","Unabsorbed Prices"
"59918",2013-07-01,"2013 July","4th 80%",879000,"Scss","Unabsorbed Prices"
"59918",2013-07-01,"2013 July","Median",585000,"Scss","Unabsorbed Prices"
"59918",2013-07-01,"2013 July","Average",648449,"Scss","Unabsorbed Prices"
"59918",2013-07-01,"2013 July","Units",13,"Scss","Unabsorbed Prices"
"59918",2013-08-01,"2013 August","1st 20%",504000,"Scss","Unabsorbed Prices"
"59918",2013-08-01,"2013 August","2nd 40%",646000,"Scss","Unabsorbed Prices"
"59918",2013-08-01,"2013 August","3rd 60%",683000,"Scss","Unabsorbed Prices"
"59918",2013-08-01,"2013 August","4th 80%",750000,"Scss","Unabsorbed Prices"
"59918",2013-08-01,"2013 August","Median",670000,"Scss","Unabsorbed Prices"
"59918",2013-08-01,"2013 August","Average",723492,"Scss","Unabsorbed Prices"
"59918",2013-08-01,"2013 August","Units",21,"Scss","Unabsorbed Prices"
"59918",2013-09-01,"2013 September","1st 20%",NA,"Scss","Unabsorbed Prices"
"59918",2013-09-01,"2013 September","2nd 40%",NA,"Scss","Unabsorbed Prices"
"59918",2013-09-01,"2013 September","3rd 60%",NA,"Scss","Unabsorbed Prices"
"59918",2013-09-01,"2013 September","4th 80%",NA,"Scss","Unabsorbed Prices"
"59918",2013-09-01,"2013 September","Median",NA,"Scss","Unabsorbed Prices"
"59918",2013-09-01,"2013 September","Average",621710,"Scss","Unabsorbed Prices"
"59918",2013-09-01,"2013 September","Units",6,"Scss","Unabsorbed Prices"
"59918",2013-10-01,"2013 October","1st 20%",408000,"Scss","Unabsorbed Prices"
"59918",2013-10-01,"2013 October","2nd 40%",520000,"Scss","Unabsorbed Prices"
"59918",2013-10-01,"2013 October","3rd 60%",553000,"Scss","Unabsorbed Prices"
"59918",2013-10-01,"2013 October","4th 80%",618000,"Scss","Unabsorbed Prices"
"59918",2013-10-01,"2013 October","Median",545000,"Scss","Unabsorbed Prices"
"59918",2013-10-01,"2013 October","Average",525005,"Scss","Unabsorbed Prices"
"59918",2013-10-01,"2013 October","Units",17,"Scss","Unabsorbed Prices"
"59918",2013-11-01,"2013 November","1st 20%",6e+05,"Scss","Unabsorbed Prices"
"59918",2013-11-01,"2013 November","2nd 40%",610000,"Scss","Unabsorbed Prices"
"59918",2013-11-01,"2013 November","3rd 60%",642000,"Scss","Unabsorbed Prices"
"59918",2013-11-01,"2013 November","4th 80%",675000,"Scss","Unabsorbed Prices"
"59918",2013-11-01,"2013 November","Median",630000,"Scss","Unabsorbed Prices"
"59918",2013-11-01,"2013 November","Average",825352,"Scss","Unabsorbed Prices"
"59918",2013-11-01,"2013 November","Units",15,"Scss","Unabsorbed Prices"
"59918",2013-12-01,"2013 December","1st 20%",NA,"Scss","Unabsorbed Prices"
"59918",2013-12-01,"2013 December","2nd 40%",NA,"Scss","Unabsorbed Prices"
"59918",2013-12-01,"2013 December","3rd 60%",NA,"Scss","Unabsorbed Prices"
"59918",2013-12-01,"2013 December","4th 80%",NA,"Scss","Unabsorbed Prices"
"59918",2013-12-01,"2013 December","Median",NA,"Scss","Unabsorbed Prices"
"59918",2013-12-01,"2013 December","Average",1220125,"Scss","Unabsorbed Prices"
"59918",2013-12-01,"2013 December","Units",4,"Scss","Unabsorbed Prices"
"59918",2014-01-01,"2014 January","1st 20%",NA,"Scss","Unabsorbed Prices"
"59918",2014-01-01,"2014 January","2nd 40%",NA,"Scss","Unabsorbed Prices"
"59918",2014-01-01,"2014 January","3rd 60%",NA,"Scss","Unabsorbed Prices"
"59918",2014-01-01,"2014 January","4th 80%",NA,"Scss","Unabsorbed Prices"
"59918",2014-01-01,"2014 January","Median",NA,"Scss","Unabsorbed Prices"
"59918",2014-01-01,"2014 January","Average",873927,"Scss","Unabsorbed Prices"
"59918",2014-01-01,"2014 January","Units",10,"Scss","Unabsorbed Prices"
"59918",2014-02-01,"2014 February","1st 20%",NA,"Scss","Unabsorbed Prices"
"59918",2014-02-01,"2014 February","2nd 40%",NA,"Scss","Unabsorbed Prices"
"59918",2014-02-01,"2014 February","3rd 60%",NA,"Scss","Unabsorbed Prices"
"59918",2014-02-01,"2014 February","4th 80%",NA,"Scss","Unabsorbed Prices"
"59918",2014-02-01,"2014 February","Median",NA,"Scss","Unabsorbed Prices"
"59918",2014-02-01,"2014 February","Average",579805,"Scss","Unabsorbed Prices"
"59918",2014-02-01,"2014 February","Units",8,"Scss","Unabsorbed Prices"
"59918",2014-03-01,"2014 March","1st 20%",NA,"Scss","Unabsorbed Prices"
"59918",2014-03-01,"2014 March","2nd 40%",NA,"Scss","Unabsorbed Prices"
"59918",2014-03-01,"2014 March","3rd 60%",NA,"Scss","Unabsorbed Prices"
"59918",2014-03-01,"2014 March","4th 80%",NA,"Scss","Unabsorbed Prices"
"59918",2014-03-01,"2014 March","Median",NA,"Scss","Unabsorbed Prices"
"59918",2014-03-01,"2014 March","Average",616209,"Scss","Unabsorbed Prices"
"59918",2014-03-01,"2014 March","Units",8,"Scss","Unabsorbed Prices"
"59918",2014-04-01,"2014 April","1st 20%",NA,"Scss","Unabsorbed Prices"
"59918",2014-04-01,"2014 April","2nd 40%",NA,"Scss","Unabsorbed Prices"
"59918",2014-04-01,"2014 April","3rd 60%",NA,"Scss","Unabsorbed Prices"
"59918",2014-04-01,"2014 April","4th 80%",NA,"Scss","Unabsorbed Prices"
"59918",2014-04-01,"2014 April","Median",NA,"Scss","Unabsorbed Prices"
"59918",2014-04-01,"2014 April","Average",842100,"Scss","Unabsorbed Prices"
"59918",2014-04-01,"2014 April","Units",9,"Scss","Unabsorbed Prices"
"59918",2014-05-01,"2014 May","1st 20%",573000,"Scss","Unabsorbed Prices"
"59918",2014-05-01,"2014 May","2nd 40%",718000,"Scss","Unabsorbed Prices"
"59918",2014-05-01,"2014 May","3rd 60%",758000,"Scss","Unabsorbed Prices"
"59918",2014-05-01,"2014 May","4th 80%",1007000,"Scss","Unabsorbed Prices"
"59918",2014-05-01,"2014 May","Median",732500,"Scss","Unabsorbed Prices"
"59918",2014-05-01,"2014 May","Average",802081,"Scss","Unabsorbed Prices"
"59918",2014-05-01,"2014 May","Units",18,"Scss","Unabsorbed Prices"
"59918",2014-06-01,"2014 June","1st 20%",NA,"Scss","Unabsorbed Prices"
"59918",2014-06-01,"2014 June","2nd 40%",NA,"Scss","Unabsorbed Prices"
"59918",2014-06-01,"2014 June","3rd 60%",NA,"Scss","Unabsorbed Prices"
"59918",2014-06-01,"2014 June","4th 80%",NA,"Scss","Unabsorbed Prices"
"59918",2014-06-01,"2014 June","Median",NA,"Scss","Unabsorbed Prices"
"59918",2014-06-01,"2014 June","Average",649538,"Scss","Unabsorbed Prices"
"59918",2014-06-01,"2014 June","Units",10,"Scss","Unabsorbed Prices"
"59918",2014-07-01,"2014 July","1st 20%",NA,"Scss","Unabsorbed Prices"
"59918",2014-07-01,"2014 July","2nd 40%",NA,"Scss","Unabsorbed Prices"
"59918",2014-07-01,"2014 July","3rd 60%",NA,"Scss","Unabsorbed Prices"
"59918",2014-07-01,"2014 July","4th 80%",NA,"Scss","Unabsorbed Prices"
"59918",2014-07-01,"2014 July","Median",NA,"Scss","Unabsorbed Prices"
"59918",2014-07-01,"2014 July","Average",732404,"Scss","Unabsorbed Prices"
"59918",2014-07-01,"2014 July","Units",11,"Scss","Unabsorbed Prices"
"59918",2014-08-01,"2014 August","1st 20%",470000,"Scss","Unabsorbed Prices"
"59918",2014-08-01,"2014 August","2nd 40%",610000,"Scss","Unabsorbed Prices"
"59918",2014-08-01,"2014 August","3rd 60%",7e+05,"Scss","Unabsorbed Prices"
"59918",2014-08-01,"2014 August","4th 80%",830000,"Scss","Unabsorbed Prices"
"59918",2014-08-01,"2014 August","Median",697500,"Scss","Unabsorbed Prices"
"59918",2014-08-01,"2014 August","Average",664520,"Scss","Unabsorbed Prices"
"59918",2014-08-01,"2014 August","Units",16,"Scss","Unabsorbed Prices"
"59918",2014-09-01,"2014 September","1st 20%",515000,"Scss","Unabsorbed Prices"
"59918",2014-09-01,"2014 September","2nd 40%",636000,"Scss","Unabsorbed Prices"
"59918",2014-09-01,"2014 September","3rd 60%",777000,"Scss","Unabsorbed Prices"
"59918",2014-09-01,"2014 September","4th 80%",896000,"Scss","Unabsorbed Prices"
"59918",2014-09-01,"2014 September","Median",7e+05,"Scss","Unabsorbed Prices"
"59918",2014-09-01,"2014 September","Average",724036,"Scss","Unabsorbed Prices"
"59918",2014-09-01,"2014 September","Units",28,"Scss","Unabsorbed Prices"
"59918",2014-10-01,"2014 October","1st 20%",545000,"Scss","Unabsorbed Prices"
"59918",2014-10-01,"2014 October","2nd 40%",644000,"Scss","Unabsorbed Prices"
"59918",2014-10-01,"2014 October","3rd 60%",651000,"Scss","Unabsorbed Prices"
"59918",2014-10-01,"2014 October","4th 80%",693000,"Scss","Unabsorbed Prices"
"59918",2014-10-01,"2014 October","Median",650000,"Scss","Unabsorbed Prices"
"59918",2014-10-01,"2014 October","Average",626288,"Scss","Unabsorbed Prices"
"59918",2014-10-01,"2014 October","Units",20,"Scss","Unabsorbed Prices"
"59918",2014-11-01,"2014 November","1st 20%",550000,"Scss","Unabsorbed Prices"
"59918",2014-11-01,"2014 November","2nd 40%",620000,"Scss","Unabsorbed Prices"
"59918",2014-11-01,"2014 November","3rd 60%",720000,"Scss","Unabsorbed Prices"
"59918",2014-11-01,"2014 November","4th 80%",8e+05,"Scss","Unabsorbed Prices"
"59918",2014-11-01,"2014 November","Median",625000,"Scss","Unabsorbed Prices"
"59918",2014-11-01,"2014 November","Average",704980,"Scss","Unabsorbed Prices"
"59918",2014-11-01,"2014 November","Units",25,"Scss","Unabsorbed Prices"
"59918",2014-12-01,"2014 December","1st 20%",485000,"Scss","Unabsorbed Prices"
"59918",2014-12-01,"2014 December","2nd 40%",572000,"Scss","Unabsorbed Prices"
"59918",2014-12-01,"2014 December","3rd 60%",604000,"Scss","Unabsorbed Prices"
"59918",2014-12-01,"2014 December","4th 80%",670000,"Scss","Unabsorbed Prices"
"59918",2014-12-01,"2014 December","Median",590000,"Scss","Unabsorbed Prices"
"59918",2014-12-01,"2014 December","Average",575313,"Scss","Unabsorbed Prices"
"59918",2014-12-01,"2014 December","Units",11,"Scss","Unabsorbed Prices"
"59918",2015-01-01,"2015 January","1st 20%",345000,"Scss","Unabsorbed Prices"
"59918",2015-01-01,"2015 January","2nd 40%",360000,"Scss","Unabsorbed Prices"
"59918",2015-01-01,"2015 January","3rd 60%",550000,"Scss","Unabsorbed Prices"
"59918",2015-01-01,"2015 January","4th 80%",775000,"Scss","Unabsorbed Prices"
"59918",2015-01-01,"2015 January","Median",445000,"Scss","Unabsorbed Prices"
"59918",2015-01-01,"2015 January","Average",715703,"Scss","Unabsorbed Prices"
"59918",2015-01-01,"2015 January","Units",16,"Scss","Unabsorbed Prices"
"59918",2015-02-01,"2015 February","1st 20%",475000,"Scss","Unabsorbed Prices"
"59918",2015-02-01,"2015 February","2nd 40%",665000,"Scss","Unabsorbed Prices"
"59918",2015-02-01,"2015 February","3rd 60%",790000,"Scss","Unabsorbed Prices"
"59918",2015-02-01,"2015 February","4th 80%",850000,"Scss","Unabsorbed Prices"
"59918",2015-02-01,"2015 February","Median",735000,"Scss","Unabsorbed Prices"
"59918",2015-02-01,"2015 February","Average",764935,"Scss","Unabsorbed Prices"
"59918",2015-02-01,"2015 February","Units",30,"Scss","Unabsorbed Prices"
"59918",2015-03-01,"2015 March","1st 20%",NA,"Scss","Unabsorbed Prices"
"59918",2015-03-01,"2015 March","2nd 40%",NA,"Scss","Unabsorbed Prices"
"59918",2015-03-01,"2015 March","3rd 60%",NA,"Scss","Unabsorbed Prices"
"59918",2015-03-01,"2015 March","4th 80%",NA,"Scss","Unabsorbed Prices"
"59918",2015-03-01,"2015 March","Median",NA,"Scss","Unabsorbed Prices"
"59918",2015-03-01,"2015 March","Average",657675,"Scss","Unabsorbed Prices"
"59918",2015-03-01,"2015 March","Units",4,"Scss","Unabsorbed Prices"
"59918",2015-04-01,"2015 April","1st 20%",NA,"Scss","Unabsorbed Prices"
"59918",2015-04-01,"2015 April","2nd 40%",NA,"Scss","Unabsorbed Prices"
"59918",2015-04-01,"2015 April","3rd 60%",NA,"Scss","Unabsorbed Prices"
"59918",2015-04-01,"2015 April","4th 80%",NA,"Scss","Unabsorbed Prices"
"59918",2015-04-01,"2015 April","Median",NA,"Scss","Unabsorbed Prices"
"59918",2015-04-01,"2015 April","Average",NA,"Scss","Unabsorbed Prices"
"59918",2015-04-01,"2015 April","Units",3,"Scss","Unabsorbed Prices"
"59918",2015-05-01,"2015 May","1st 20%",350000,"Scss","Unabsorbed Prices"
"59918",2015-05-01,"2015 May","2nd 40%",468000,"Scss","Unabsorbed Prices"
"59918",2015-05-01,"2015 May","3rd 60%",6e+05,"Scss","Unabsorbed Prices"
"59918",2015-05-01,"2015 May","4th 80%",650000,"Scss","Unabsorbed Prices"
"59918",2015-05-01,"2015 May","Median",575000,"Scss","Unabsorbed Prices"
"59918",2015-05-01,"2015 May","Average",578650,"Scss","Unabsorbed Prices"
"59918",2015-05-01,"2015 May","Units",23,"Scss","Unabsorbed Prices"
"59918",2015-06-01,"2015 June","1st 20%",440000,"Scss","Unabsorbed Prices"
"59918",2015-06-01,"2015 June","2nd 40%",6e+05,"Scss","Unabsorbed Prices"
"59918",2015-06-01,"2015 June","3rd 60%",650000,"Scss","Unabsorbed Prices"
"59918",2015-06-01,"2015 June","4th 80%",710000,"Scss","Unabsorbed Prices"
"59918",2015-06-01,"2015 June","Median",610000,"Scss","Unabsorbed Prices"
"59918",2015-06-01,"2015 June","Average",729468,"Scss","Unabsorbed Prices"
"59918",2015-06-01,"2015 June","Units",17,"Scss","Unabsorbed Prices"
"59918",2015-07-01,"2015 July","1st 20%",550000,"Scss","Unabsorbed Prices"
"59918",2015-07-01,"2015 July","2nd 40%",580000,"Scss","Unabsorbed Prices"
"59918",2015-07-01,"2015 July","3rd 60%",675000,"Scss","Unabsorbed Prices"
"59918",2015-07-01,"2015 July","4th 80%",8e+05,"Scss","Unabsorbed Prices"
"59918",2015-07-01,"2015 July","Median",615000,"Scss","Unabsorbed Prices"
"59918",2015-07-01,"2015 July","Average",685138,"Scss","Unabsorbed Prices"
"59918",2015-07-01,"2015 July","Units",20,"Scss","Unabsorbed Prices"
"59918",2015-08-01,"2015 August","1st 20%",NA,"Scss","Unabsorbed Prices"
"59918",2015-08-01,"2015 August","2nd 40%",NA,"Scss","Unabsorbed Prices"
"59918",2015-08-01,"2015 August","3rd 60%",NA,"Scss","Unabsorbed Prices"
"59918",2015-08-01,"2015 August","4th 80%",NA,"Scss","Unabsorbed Prices"
"59918",2015-08-01,"2015 August","Median",NA,"Scss","Unabsorbed Prices"
"59918",2015-08-01,"2015 August","Average",619267,"Scss","Unabsorbed Prices"
"59918",2015-08-01,"2015 August","Units",16,"Scss","Unabsorbed Prices"
"59918",2015-09-01,"2015 September","1st 20%",NA,"Scss","Unabsorbed Prices"
"59918",2015-09-01,"2015 September","2nd 40%",NA,"Scss","Unabsorbed Prices"
"59918",2015-09-01,"2015 September","3rd 60%",NA,"Scss","Unabsorbed Prices"
"59918",2015-09-01,"2015 September","4th 80%",NA,"Scss","Unabsorbed Prices"
"59918",2015-09-01,"2015 September","Median",NA,"Scss","Unabsorbed Prices"
"59918",2015-09-01,"2015 September","Average",572110,"Scss","Unabsorbed Prices"
"59918",2015-09-01,"2015 September","Units",13,"Scss","Unabsorbed Prices"
"59918",2015-10-01,"2015 October","1st 20%",494000,"Scss","Unabsorbed Prices"
"59918",2015-10-01,"2015 October","2nd 40%",644000,"Scss","Unabsorbed Prices"
"59918",2015-10-01,"2015 October","3rd 60%",676000,"Scss","Unabsorbed Prices"
"59918",2015-10-01,"2015 October","4th 80%",790000,"Scss","Unabsorbed Prices"
"59918",2015-10-01,"2015 October","Median",650000,"Scss","Unabsorbed Prices"
"59918",2015-10-01,"2015 October","Average",721809,"Scss","Unabsorbed Prices"
"59918",2015-10-01,"2015 October","Units",14,"Scss","Unabsorbed Prices"
"59918",2015-11-01,"2015 November","1st 20%",468000,"Scss","Unabsorbed Prices"
"59918",2015-11-01,"2015 November","2nd 40%",620000,"Scss","Unabsorbed Prices"
"59918",2015-11-01,"2015 November","3rd 60%",730000,"Scss","Unabsorbed Prices"
"59918",2015-11-01,"2015 November","4th 80%",990000,"Scss","Unabsorbed Prices"
"59918",2015-11-01,"2015 November","Median",650000,"Scss","Unabsorbed Prices"
"59918",2015-11-01,"2015 November","Average",629632,"Scss","Unabsorbed Prices"
"59918",2015-11-01,"2015 November","Units",22,"Scss","Unabsorbed Prices"
"59918",2015-12-01,"2015 December","1st 20%",6e+05,"Scss","Unabsorbed Prices"
"59918",2015-12-01,"2015 December","2nd 40%",670000,"Scss","Unabsorbed Prices"
"59918",2015-12-01,"2015 December","3rd 60%",7e+05,"Scss","Unabsorbed Prices"
"59918",2015-12-01,"2015 December","4th 80%",890000,"Scss","Unabsorbed Prices"
"59918",2015-12-01,"2015 December","Median",692500,"Scss","Unabsorbed Prices"
"59918",2015-12-01,"2015 December","Average",734313,"Scss","Unabsorbed Prices"
"59918",2015-12-01,"2015 December","Units",17,"Scss","Unabsorbed Prices"
"59918",2016-01-01,"2016 January","1st 20%",NA,"Scss","Unabsorbed Prices"
"59918",2016-01-01,"2016 January","2nd 40%",NA,"Scss","Unabsorbed Prices"
"59918",2016-01-01,"2016 January","3rd 60%",NA,"Scss","Unabsorbed Prices"
"59918",2016-01-01,"2016 January","4th 80%",NA,"Scss","Unabsorbed Prices"
"59918",2016-01-01,"2016 January","Median",NA,"Scss","Unabsorbed Prices"
"59918",2016-01-01,"2016 January","Average",NA,"Scss","Unabsorbed Prices"
"59918",2016-01-01,"2016 January","Units",11,"Scss","Unabsorbed Prices"
"59918",2016-02-01,"2016 February","1st 20%",544000,"Scss","Unabsorbed Prices"
"59918",2016-02-01,"2016 February","2nd 40%",592000,"Scss","Unabsorbed Prices"
"59918",2016-02-01,"2016 February","3rd 60%",630000,"Scss","Unabsorbed Prices"
"59918",2016-02-01,"2016 February","4th 80%",718000,"Scss","Unabsorbed Prices"
"59918",2016-02-01,"2016 February","Median",610000,"Scss","Unabsorbed Prices"
"59918",2016-02-01,"2016 February","Average",618994,"Scss","Unabsorbed Prices"
"59918",2016-02-01,"2016 February","Units",20,"Scss","Unabsorbed Prices"
"59918",2016-03-01,"2016 March","1st 20%",590000,"Scss","Unabsorbed Prices"
"59918",2016-03-01,"2016 March","2nd 40%",655000,"Scss","Unabsorbed Prices"
"59918",2016-03-01,"2016 March","3rd 60%",740000,"Scss","Unabsorbed Prices"
"59918",2016-03-01,"2016 March","4th 80%",920000,"Scss","Unabsorbed Prices"
"59918",2016-03-01,"2016 March","Median",680000,"Scss","Unabsorbed Prices"
"59918",2016-03-01,"2016 March","Average",744824,"Scss","Unabsorbed Prices"
"59918",2016-03-01,"2016 March","Units",20,"Scss","Unabsorbed Prices"
"59918",2016-04-01,"2016 April","1st 20%",468000,"Scss","Unabsorbed Prices"
"59918",2016-04-01,"2016 April","2nd 40%",550000,"Scss","Unabsorbed Prices"
"59918",2016-04-01,"2016 April","3rd 60%",638000,"Scss","Unabsorbed Prices"
"59918",2016-04-01,"2016 April","4th 80%",712000,"Scss","Unabsorbed Prices"
"59918",2016-04-01,"2016 April","Median",570000,"Scss","Unabsorbed Prices"
"59918",2016-04-01,"2016 April","Average",583800,"Scss","Unabsorbed Prices"
"59918",2016-04-01,"2016 April","Units",13,"Scss","Unabsorbed Prices"
"59918",2016-05-01,"2016 May","1st 20%",NA,"Scss","Unabsorbed Prices"
"59918",2016-05-01,"2016 May","2nd 40%",NA,"Scss","Unabsorbed Prices"
"59918",2016-05-01,"2016 May","3rd 60%",NA,"Scss","Unabsorbed Prices"
"59918",2016-05-01,"2016 May","4th 80%",NA,"Scss","Unabsorbed Prices"
"59918",2016-05-01,"2016 May","Median",NA,"Scss","Unabsorbed Prices"
"59918",2016-05-01,"2016 May","Average",770980,"Scss","Unabsorbed Prices"
"59918",2016-05-01,"2016 May","Units",10,"Scss","Unabsorbed Prices"
"59918",2016-06-01,"2016 June","1st 20%",472000,"Scss","Unabsorbed Prices"
"59918",2016-06-01,"2016 June","2nd 40%",666000,"Scss","Unabsorbed Prices"
"59918",2016-06-01,"2016 June","3rd 60%",791000,"Scss","Unabsorbed Prices"
"59918",2016-06-01,"2016 June","4th 80%",1032000,"Scss","Unabsorbed Prices"
"59918",2016-06-01,"2016 June","Median",745000,"Scss","Unabsorbed Prices"
"59918",2016-06-01,"2016 June","Average",1030616,"Scss","Unabsorbed Prices"
"59918",2016-06-01,"2016 June","Units",19,"Scss","Unabsorbed Prices"
"59918",2016-07-01,"2016 July","1st 20%",570000,"Scss","Unabsorbed Prices"
"59918",2016-07-01,"2016 July","2nd 40%",696000,"Scss","Unabsorbed Prices"
"59918",2016-07-01,"2016 July","3rd 60%",765000,"Scss","Unabsorbed Prices"
"59918",2016-07-01,"2016 July","4th 80%",1017000,"Scss","Unabsorbed Prices"
"59918",2016-07-01,"2016 July","Median",715000,"Scss","Unabsorbed Prices"
"59918",2016-07-01,"2016 July","Average",767906,"Scss","Unabsorbed Prices"
"59918",2016-07-01,"2016 July","Units",25,"Scss","Unabsorbed Prices"
"59918",2016-08-01,"2016 August","1st 20%",NA,"Scss","Unabsorbed Prices"
"59918",2016-08-01,"2016 August","2nd 40%",NA,"Scss","Unabsorbed Prices"
"59918",2016-08-01,"2016 August","3rd 60%",NA,"Scss","Unabsorbed Prices"
"59918",2016-08-01,"2016 August","4th 80%",NA,"Scss","Unabsorbed Prices"
"59918",2016-08-01,"2016 August","Median",NA,"Scss","Unabsorbed Prices"
"59918",2016-08-01,"2016 August","Average",894415,"Scss","Unabsorbed Prices"
"59918",2016-08-01,"2016 August","Units",14,"Scss","Unabsorbed Prices"
"59918",2016-09-01,"2016 September","1st 20%",632000,"Scss","Unabsorbed Prices"
"59918",2016-09-01,"2016 September","2nd 40%",710000,"Scss","Unabsorbed Prices"
"59918",2016-09-01,"2016 September","3rd 60%",771000,"Scss","Unabsorbed Prices"
"59918",2016-09-01,"2016 September","4th 80%",1040000,"Scss","Unabsorbed Prices"
"59918",2016-09-01,"2016 September","Median",750000,"Scss","Unabsorbed Prices"
"59918",2016-09-01,"2016 September","Average",954287,"Scss","Unabsorbed Prices"
"59918",2016-09-01,"2016 September","Units",16,"Scss","Unabsorbed Prices"
"59918",2016-10-01,"2016 October","1st 20%",518000,"Scss","Unabsorbed Prices"
"59918",2016-10-01,"2016 October","2nd 40%",606000,"Scss","Unabsorbed Prices"
"59918",2016-10-01,"2016 October","3rd 60%",643000,"Scss","Unabsorbed Prices"
"59918",2016-10-01,"2016 October","4th 80%",744000,"Scss","Unabsorbed Prices"
"59918",2016-10-01,"2016 October","Median",615000,"Scss","Unabsorbed Prices"
"59918",2016-10-01,"2016 October","Average",697768,"Scss","Unabsorbed Prices"
"59918",2016-10-01,"2016 October","Units",27,"Scss","Unabsorbed Prices"
"59918",2016-11-01,"2016 November","1st 20%",558000,"Scss","Unabsorbed Prices"
"59918",2016-11-01,"2016 November","2nd 40%",641000,"Scss","Unabsorbed Prices"
"59918",2016-11-01,"2016 November","3rd 60%",693000,"Scss","Unabsorbed Prices"
"59918",2016-11-01,"2016 November","4th 80%",961000,"Scss","Unabsorbed Prices"
"59918",2016-11-01,"2016 November","Median",662500,"Scss","Unabsorbed Prices"
"59918",2016-11-01,"2016 November","Average",644523,"Scss","Unabsorbed Prices"
"59918",2016-11-01,"2016 November","Units",30,"Scss","Unabsorbed Prices"
"59918",2016-12-01,"2016 December","1st 20%",498000,"Scss","Unabsorbed Prices"
"59918",2016-12-01,"2016 December","2nd 40%",622000,"Scss","Unabsorbed Prices"
"59918",2016-12-01,"2016 December","3rd 60%",734000,"Scss","Unabsorbed Prices"
"59918",2016-12-01,"2016 December","4th 80%",1475000,"Scss","Unabsorbed Prices"
"59918",2016-12-01,"2016 December","Median",650000,"Scss","Unabsorbed Prices"
"59918",2016-12-01,"2016 December","Average",880500,"Scss","Unabsorbed Prices"
"59918",2016-12-01,"2016 December","Units",16,"Scss","Unabsorbed Prices"
"59918",2017-01-01,"2017 January","1st 20%",576000,"Scss","Unabsorbed Prices"
"59918",2017-01-01,"2017 January","2nd 40%",638000,"Scss","Unabsorbed Prices"
"59918",2017-01-01,"2017 January","3rd 60%",725000,"Scss","Unabsorbed Prices"
"59918",2017-01-01,"2017 January","4th 80%",921000,"Scss","Unabsorbed Prices"
"59918",2017-01-01,"2017 January","Median",645000,"Scss","Unabsorbed Prices"
"59918",2017-01-01,"2017 January","Average",739105,"Scss","Unabsorbed Prices"
"59918",2017-01-01,"2017 January","Units",18,"Scss","Unabsorbed Prices"
"59918",2017-02-01,"2017 February","1st 20%",539000,"Scss","Unabsorbed Prices"
"59918",2017-02-01,"2017 February","2nd 40%",582000,"Scss","Unabsorbed Prices"
"59918",2017-02-01,"2017 February","3rd 60%",660000,"Scss","Unabsorbed Prices"
"59918",2017-02-01,"2017 February","4th 80%",840000,"Scss","Unabsorbed Prices"
"59918",2017-02-01,"2017 February","Median",622500,"Scss","Unabsorbed Prices"
"59918",2017-02-01,"2017 February","Average",685300,"Scss","Unabsorbed Prices"
"59918",2017-02-01,"2017 February","Units",17,"Scss","Unabsorbed Prices"
"59918",2017-03-01,"2017 March","1st 20%",630000,"Scss","Unabsorbed Prices"
"59918",2017-03-01,"2017 March","2nd 40%",659000,"Scss","Unabsorbed Prices"
"59918",2017-03-01,"2017 March","3rd 60%",780000,"Scss","Unabsorbed Prices"
"59918",2017-03-01,"2017 March","4th 80%",802000,"Scss","Unabsorbed Prices"
"59918",2017-03-01,"2017 March","Median",687500,"Scss","Unabsorbed Prices"
"59918",2017-03-01,"2017 March","Average",741411,"Scss","Unabsorbed Prices"
"59918",2017-03-01,"2017 March","Units",17,"Scss","Unabsorbed Prices"
"59918",2017-04-01,"2017 April","1st 20%",585000,"Scss","Unabsorbed Prices"
"59918",2017-04-01,"2017 April","2nd 40%",610000,"Scss","Unabsorbed Prices"
"59918",2017-04-01,"2017 April","3rd 60%",694000,"Scss","Unabsorbed Prices"
"59918",2017-04-01,"2017 April","4th 80%",906000,"Scss","Unabsorbed Prices"
"59918",2017-04-01,"2017 April","Median",660000,"Scss","Unabsorbed Prices"
"59918",2017-04-01,"2017 April","Average",711508,"Scss","Unabsorbed Prices"
"59918",2017-04-01,"2017 April","Units",14,"Scss","Unabsorbed Prices"
"59918",2017-05-01,"2017 May","1st 20%",648000,"Scss","Unabsorbed Prices"
"59918",2017-05-01,"2017 May","2nd 40%",826000,"Scss","Unabsorbed Prices"
"59918",2017-05-01,"2017 May","3rd 60%",850000,"Scss","Unabsorbed Prices"
"59918",2017-05-01,"2017 May","4th 80%",1040000,"Scss","Unabsorbed Prices"
"59918",2017-05-01,"2017 May","Median",850000,"Scss","Unabsorbed Prices"
"59918",2017-05-01,"2017 May","Average",759289,"Scss","Unabsorbed Prices"
"59918",2017-05-01,"2017 May","Units",19,"Scss","Unabsorbed Prices"
"59918",2017-06-01,"2017 June","1st 20%",682000,"Scss","Unabsorbed Prices"
"59918",2017-06-01,"2017 June","2nd 40%",7e+05,"Scss","Unabsorbed Prices"
"59918",2017-06-01,"2017 June","3rd 60%",770000,"Scss","Unabsorbed Prices"
"59918",2017-06-01,"2017 June","4th 80%",848000,"Scss","Unabsorbed Prices"
"59918",2017-06-01,"2017 June","Median",722500,"Scss","Unabsorbed Prices"
"59918",2017-06-01,"2017 June","Average",730797,"Scss","Unabsorbed Prices"
"59918",2017-06-01,"2017 June","Units",25,"Scss","Unabsorbed Prices"
"59918",2017-07-01,"2017 July","1st 20%",NA,"Scss","Unabsorbed Prices"
"59918",2017-07-01,"2017 July","2nd 40%",NA,"Scss","Unabsorbed Prices"
"59918",2017-07-01,"2017 July","3rd 60%",NA,"Scss","Unabsorbed Prices"
"59918",2017-07-01,"2017 July","4th 80%",NA,"Scss","Unabsorbed Prices"
"59918",2017-07-01,"2017 July","Median",NA,"Scss","Unabsorbed Prices"
"59918",2017-07-01,"2017 July","Average",980438,"Scss","Unabsorbed Prices"
"59918",2017-07-01,"2017 July","Units",9,"Scss","Unabsorbed Prices"
"59918",2017-08-01,"2017 August","1st 20%",NA,"Scss","Unabsorbed Prices"
"59918",2017-08-01,"2017 August","2nd 40%",NA,"Scss","Unabsorbed Prices"
"59918",2017-08-01,"2017 August","3rd 60%",NA,"Scss","Unabsorbed Prices"
"59918",2017-08-01,"2017 August","4th 80%",NA,"Scss","Unabsorbed Prices"
"59918",2017-08-01,"2017 August","Median",NA,"Scss","Unabsorbed Prices"
"59918",2017-08-01,"2017 August","Average",NA,"Scss","Unabsorbed Prices"
"59918",2017-08-01,"2017 August","Units",17,"Scss","Unabsorbed Prices"
"59918",2017-09-01,"2017 September","1st 20%",NA,"Scss","Unabsorbed Prices"
"59918",2017-09-01,"2017 September","2nd 40%",NA,"Scss","Unabsorbed Prices"
"59918",2017-09-01,"2017 September","3rd 60%",NA,"Scss","Unabsorbed Prices"
"59918",2017-09-01,"2017 September","4th 80%",NA,"Scss","Unabsorbed Prices"
"59918",2017-09-01,"2017 September","Median",NA,"Scss","Unabsorbed Prices"
"59918",2017-09-01,"2017 September","Average",932525,"Scss","Unabsorbed Prices"
"59918",2017-09-01,"2017 September","Units",11,"Scss","Unabsorbed Prices"
"59918",2017-10-01,"2017 October","1st 20%",624000,"Scss","Unabsorbed Prices"
"59918",2017-10-01,"2017 October","2nd 40%",718000,"Scss","Unabsorbed Prices"
"59918",2017-10-01,"2017 October","3rd 60%",744000,"Scss","Unabsorbed Prices"
"59918",2017-10-01,"2017 October","4th 80%",848000,"Scss","Unabsorbed Prices"
"59918",2017-10-01,"2017 October","Median",735000,"Scss","Unabsorbed Prices"
"59918",2017-10-01,"2017 October","Average",771437,"Scss","Unabsorbed Prices"
"59918",2017-10-01,"2017 October","Units",22,"Scss","Unabsorbed Prices"
"59918",2017-11-01,"2017 November","1st 20%",509000,"Scss","Unabsorbed Prices"
"59918",2017-11-01,"2017 November","2nd 40%",665000,"Scss","Unabsorbed Prices"
"59918",2017-11-01,"2017 November","3rd 60%",722000,"Scss","Unabsorbed Prices"
"59918",2017-11-01,"2017 November","4th 80%",920000,"Scss","Unabsorbed Prices"
"59918",2017-11-01,"2017 November","Median",7e+05,"Scss","Unabsorbed Prices"
"59918",2017-11-01,"2017 November","Average",723891,"Scss","Unabsorbed Prices"
"59918",2017-11-01,"2017 November","Units",26,"Scss","Unabsorbed Prices"
"59918",2017-12-01,"2017 December","1st 20%",NA,"Scss","Unabsorbed Prices"
"59918",2017-12-01,"2017 December","2nd 40%",NA,"Scss","Unabsorbed Prices"
"59918",2017-12-01,"2017 December","3rd 60%",NA,"Scss","Unabsorbed Prices"
"59918",2017-12-01,"2017 December","4th 80%",NA,"Scss","Unabsorbed Prices"
"59918",2017-12-01,"2017 December","Median",NA,"Scss","Unabsorbed Prices"
"59918",2017-12-01,"2017 December","Average",954167,"Scss","Unabsorbed Prices"
"59918",2017-12-01,"2017 December","Units",6,"Scss","Unabsorbed Prices"
"59918",2018-01-01,"2018 January","1st 20%",NA,"Scss","Unabsorbed Prices"
"59918",2018-01-01,"2018 January","2nd 40%",NA,"Scss","Unabsorbed Prices"
"59918",2018-01-01,"2018 January","3rd 60%",NA,"Scss","Unabsorbed Prices"
"59918",2018-01-01,"2018 January","4th 80%",NA,"Scss","Unabsorbed Prices"
"59918",2018-01-01,"2018 January","Median",NA,"Scss","Unabsorbed Prices"
"59918",2018-01-01,"2018 January","Average",873956,"Scss","Unabsorbed Prices"
"59918",2018-01-01,"2018 January","Units",18,"Scss","Unabsorbed Prices"
"59918",2018-02-01,"2018 February","1st 20%",NA,"Scss","Unabsorbed Prices"
"59918",2018-02-01,"2018 February","2nd 40%",NA,"Scss","Unabsorbed Prices"
"59918",2018-02-01,"2018 February","3rd 60%",NA,"Scss","Unabsorbed Prices"
"59918",2018-02-01,"2018 February","4th 80%",NA,"Scss","Unabsorbed Prices"
"59918",2018-02-01,"2018 February","Median",NA,"Scss","Unabsorbed Prices"
"59918",2018-02-01,"2018 February","Average",811805,"Scss","Unabsorbed Prices"
"59918",2018-02-01,"2018 February","Units",15,"Scss","Unabsorbed Prices"
"59918",2018-03-01,"2018 March","1st 20%",NA,"Scss","Unabsorbed Prices"
"59918",2018-03-01,"2018 March","2nd 40%",NA,"Scss","Unabsorbed Prices"
"59918",2018-03-01,"2018 March","3rd 60%",NA,"Scss","Unabsorbed Prices"
"59918",2018-03-01,"2018 March","4th 80%",NA,"Scss","Unabsorbed Prices"
"59918",2018-03-01,"2018 March","Median",NA,"Scss","Unabsorbed Prices"
"59918",2018-03-01,"2018 March","Average",1236833,"Scss","Unabsorbed Prices"
"59918",2018-03-01,"2018 March","Units",6,"Scss","Unabsorbed Prices"
"59918",2018-04-01,"2018 April","1st 20%",NA,"Scss","Unabsorbed Prices"
"59918",2018-04-01,"2018 April","2nd 40%",NA,"Scss","Unabsorbed Prices"
"59918",2018-04-01,"2018 April","3rd 60%",NA,"Scss","Unabsorbed Prices"
"59918",2018-04-01,"2018 April","4th 80%",NA,"Scss","Unabsorbed Prices"
"59918",2018-04-01,"2018 April","Median",NA,"Scss","Unabsorbed Prices"
"59918",2018-04-01,"2018 April","Average",834857,"Scss","Unabsorbed Prices"
"59918",2018-04-01,"2018 April","Units",11,"Scss","Unabsorbed Prices"
"59918",2018-05-01,"2018 May","1st 20%",697000,"Scss","Unabsorbed Prices"
"59918",2018-05-01,"2018 May","2nd 40%",8e+05,"Scss","Unabsorbed Prices"
"59918",2018-05-01,"2018 May","3rd 60%",867000,"Scss","Unabsorbed Prices"
"59918",2018-05-01,"2018 May","4th 80%",1112000,"Scss","Unabsorbed Prices"
"59918",2018-05-01,"2018 May","Median",835000,"Scss","Unabsorbed Prices"
"59918",2018-05-01,"2018 May","Average",730867,"Scss","Unabsorbed Prices"
"59918",2018-05-01,"2018 May","Units",30,"Scss","Unabsorbed Prices"
"59918",2018-06-01,"2018 June","1st 20%",718000,"Scss","Unabsorbed Prices"
"59918",2018-06-01,"2018 June","2nd 40%",784000,"Scss","Unabsorbed Prices"
"59918",2018-06-01,"2018 June","3rd 60%",824000,"Scss","Unabsorbed Prices"
"59918",2018-06-01,"2018 June","4th 80%",1240000,"Scss","Unabsorbed Prices"
"59918",2018-06-01,"2018 June","Median",810000,"Scss","Unabsorbed Prices"
"59918",2018-06-01,"2018 June","Average",938928,"Scss","Unabsorbed Prices"
"59918",2018-06-01,"2018 June","Units",17,"Scss","Unabsorbed Prices"
"59918",2018-07-01,"2018 July","1st 20%",695000,"Scss","Unabsorbed Prices"
"59918",2018-07-01,"2018 July","2nd 40%",820000,"Scss","Unabsorbed Prices"
"59918",2018-07-01,"2018 July","3rd 60%",890000,"Scss","Unabsorbed Prices"
"59918",2018-07-01,"2018 July","4th 80%",1125000,"Scss","Unabsorbed Prices"
"59918",2018-07-01,"2018 July","Median",877500,"Scss","Unabsorbed Prices"
"59918",2018-07-01,"2018 July","Average",930498,"Scss","Unabsorbed Prices"
"59918",2018-07-01,"2018 July","Units",14,"Scss","Unabsorbed Prices"
"59918",2018-08-01,"2018 August","1st 20%",NA,"Scss","Unabsorbed Prices"
"59918",2018-08-01,"2018 August","2nd 40%",NA,"Scss","Unabsorbed Prices"
"59918",2018-08-01,"2018 August","3rd 60%",NA,"Scss","Unabsorbed Prices"
"59918",2018-08-01,"2018 August","4th 80%",NA,"Scss","Unabsorbed Prices"
"59918",2018-08-01,"2018 August","Median",NA,"Scss","Unabsorbed Prices"
"59918",2018-08-01,"2018 August","Average",1002222,"Scss","Unabsorbed Prices"
"59918",2018-08-01,"2018 August","Units",10,"Scss","Unabsorbed Prices"
"59918",2018-09-01,"2018 September","1st 20%",NA,"Scss","Unabsorbed Prices"
"59918",2018-09-01,"2018 September","2nd 40%",NA,"Scss","Unabsorbed Prices"
"59918",2018-09-01,"2018 September","3rd 60%",NA,"Scss","Unabsorbed Prices"
"59918",2018-09-01,"2018 September","4th 80%",NA,"Scss","Unabsorbed Prices"
"59918",2018-09-01,"2018 September","Median",NA,"Scss","Unabsorbed Prices"
"59918",2018-09-01,"2018 September","Average",616500,"Scss","Unabsorbed Prices"
"59918",2018-09-01,"2018 September","Units",9,"Scss","Unabsorbed Prices"
"59918",2018-10-01,"2018 October","1st 20%",NA,"Scss","Unabsorbed Prices"
"59918",2018-10-01,"2018 October","2nd 40%",NA,"Scss","Unabsorbed Prices"
"59918",2018-10-01,"2018 October","3rd 60%",NA,"Scss","Unabsorbed Prices"
"59918",2018-10-01,"2018 October","4th 80%",NA,"Scss","Unabsorbed Prices"
"59918",2018-10-01,"2018 October","Median",NA,"Scss","Unabsorbed Prices"
"59918",2018-10-01,"2018 October","Average",766808,"Scss","Unabsorbed Prices"
"59918",2018-10-01,"2018 October","Units",26,"Scss","Unabsorbed Prices"
"59918",2018-11-01,"2018 November","1st 20%",NA,"Scss","Unabsorbed Prices"
"59918",2018-11-01,"2018 November","2nd 40%",NA,"Scss","Unabsorbed Prices"
"59918",2018-11-01,"2018 November","3rd 60%",NA,"Scss","Unabsorbed Prices"
"59918",2018-11-01,"2018 November","4th 80%",NA,"Scss","Unabsorbed Prices"
"59918",2018-11-01,"2018 November","Median",NA,"Scss","Unabsorbed Prices"
"59918",2018-11-01,"2018 November","Average",NA,"Scss","Unabsorbed Prices"
"59918",2018-11-01,"2018 November","Units",4,"Scss","Unabsorbed Prices"
"59918",2018-12-01,"2018 December","1st 20%",NA,"Scss","Unabsorbed Prices"
"59918",2018-12-01,"2018 December","2nd 40%",NA,"Scss","Unabsorbed Prices"
"59918",2018-12-01,"2018 December","3rd 60%",NA,"Scss","Unabsorbed Prices"
"59918",2018-12-01,"2018 December","4th 80%",NA,"Scss","Unabsorbed Prices"
"59918",2018-12-01,"2018 December","Median",NA,"Scss","Unabsorbed Prices"
"59918",2018-12-01,"2018 December","Average",976861,"Scss","Unabsorbed Prices"
"59918",2018-12-01,"2018 December","Units",11,"Scss","Unabsorbed Prices"
"59918",2019-01-01,"2019 January","1st 20%",NA,"Scss","Unabsorbed Prices"
"59918",2019-01-01,"2019 January","2nd 40%",NA,"Scss","Unabsorbed Prices"
"59918",2019-01-01,"2019 January","3rd 60%",NA,"Scss","Unabsorbed Prices"
"59918",2019-01-01,"2019 January","4th 80%",NA,"Scss","Unabsorbed Prices"
"59918",2019-01-01,"2019 January","Median",NA,"Scss","Unabsorbed Prices"
"59918",2019-01-01,"2019 January","Average",933956,"Scss","Unabsorbed Prices"
"59918",2019-01-01,"2019 January","Units",7,"Scss","Unabsorbed Prices"
"59918",2019-02-01,"2019 February","1st 20%",740000,"Scss","Unabsorbed Prices"
"59918",2019-02-01,"2019 February","2nd 40%",871000,"Scss","Unabsorbed Prices"
"59918",2019-02-01,"2019 February","3rd 60%",948000,"Scss","Unabsorbed Prices"
"59918",2019-02-01,"2019 February","4th 80%",1200000,"Scss","Unabsorbed Prices"
"59918",2019-02-01,"2019 February","Median",9e+05,"Scss","Unabsorbed Prices"
"59918",2019-02-01,"2019 February","Average",982076,"Scss","Unabsorbed Prices"
"59918",2019-02-01,"2019 February","Units",18,"Scss","Unabsorbed Prices"
"59918",2019-03-01,"2019 March","1st 20%",630000,"Scss","Unabsorbed Prices"
"59918",2019-03-01,"2019 March","2nd 40%",730000,"Scss","Unabsorbed Prices"
"59918",2019-03-01,"2019 March","3rd 60%",790000,"Scss","Unabsorbed Prices"
"59918",2019-03-01,"2019 March","4th 80%",1065000,"Scss","Unabsorbed Prices"
"59918",2019-03-01,"2019 March","Median",750000,"Scss","Unabsorbed Prices"
"59918",2019-03-01,"2019 March","Average",772250,"Scss","Unabsorbed Prices"
"59918",2019-03-01,"2019 March","Units",15,"Scss","Unabsorbed Prices"
"59918",2019-04-01,"2019 April","1st 20%",NA,"Scss","Unabsorbed Prices"
"59918",2019-04-01,"2019 April","2nd 40%",NA,"Scss","Unabsorbed Prices"
"59918",2019-04-01,"2019 April","3rd 60%",NA,"Scss","Unabsorbed Prices"
"59918",2019-04-01,"2019 April","4th 80%",NA,"Scss","Unabsorbed Prices"
"59918",2019-04-01,"2019 April","Median",NA,"Scss","Unabsorbed Prices"
"59918",2019-04-01,"2019 April","Average",989463,"Scss","Unabsorbed Prices"
"59918",2019-04-01,"2019 April","Units",13,"Scss","Unabsorbed Prices"
"59918",2019-05-01,"2019 May","1st 20%",745000,"Scss","Unabsorbed Prices"
"59918",2019-05-01,"2019 May","2nd 40%",908000,"Scss","Unabsorbed Prices"
"59918",2019-05-01,"2019 May","3rd 60%",1100000,"Scss","Unabsorbed Prices"
"59918",2019-05-01,"2019 May","4th 80%",1310000,"Scss","Unabsorbed Prices"
"59918",2019-05-01,"2019 May","Median",1020000,"Scss","Unabsorbed Prices"
"59918",2019-05-01,"2019 May","Average",1125308,"Scss","Unabsorbed Prices"
"59918",2019-05-01,"2019 May","Units",13,"Scss","Unabsorbed Prices"
"59918",2019-06-01,"2019 June","1st 20%",NA,"Scss","Unabsorbed Prices"
"59918",2019-06-01,"2019 June","2nd 40%",NA,"Scss","Unabsorbed Prices"
"59918",2019-06-01,"2019 June","3rd 60%",NA,"Scss","Unabsorbed Prices"
"59918",2019-06-01,"2019 June","4th 80%",NA,"Scss","Unabsorbed Prices"
"59918",2019-06-01,"2019 June","Median",NA,"Scss","Unabsorbed Prices"
"59918",2019-06-01,"2019 June","Average",578750,"Scss","Unabsorbed Prices"
"59918",2019-06-01,"2019 June","Units",8,"Scss","Unabsorbed Prices"
"59918",2019-07-01,"2019 July","1st 20%",NA,"Scss","Unabsorbed Prices"
"59918",2019-07-01,"2019 July","2nd 40%",NA,"Scss","Unabsorbed Prices"
"59918",2019-07-01,"2019 July","3rd 60%",NA,"Scss","Unabsorbed Prices"
"59918",2019-07-01,"2019 July","4th 80%",NA,"Scss","Unabsorbed Prices"
"59918",2019-07-01,"2019 July","Median",NA,"Scss","Unabsorbed Prices"
"59918",2019-07-01,"2019 July","Average",593178,"Scss","Unabsorbed Prices"
"59918",2019-07-01,"2019 July","Units",12,"Scss","Unabsorbed Prices"
"59918",2019-08-01,"2019 August","1st 20%",NA,"Scss","Unabsorbed Prices"
"59918",2019-08-01,"2019 August","2nd 40%",NA,"Scss","Unabsorbed Prices"
"59918",2019-08-01,"2019 August","3rd 60%",NA,"Scss","Unabsorbed Prices"
"59918",2019-08-01,"2019 August","4th 80%",NA,"Scss","Unabsorbed Prices"
"59918",2019-08-01,"2019 August","Median",NA,"Scss","Unabsorbed Prices"
"59918",2019-08-01,"2019 August","Average",1244857,"Scss","Unabsorbed Prices"
"59918",2019-08-01,"2019 August","Units",9,"Scss","Unabsorbed Prices"
"59918",2019-09-01,"2019 September","1st 20%",755000,"Scss","Unabsorbed Prices"
"59918",2019-09-01,"2019 September","2nd 40%",825000,"Scss","Unabsorbed Prices"
"59918",2019-09-01,"2019 September","3rd 60%",890000,"Scss","Unabsorbed Prices"
"59918",2019-09-01,"2019 September","4th 80%",967000,"Scss","Unabsorbed Prices"
"59918",2019-09-01,"2019 September","Median",845000,"Scss","Unabsorbed Prices"
"59918",2019-09-01,"2019 September","Average",910927,"Scss","Unabsorbed Prices"
"59918",2019-09-01,"2019 September","Units",15,"Scss","Unabsorbed Prices"
"59918",2019-10-01,"2019 October","1st 20%",662000,"Scss","Unabsorbed Prices"
"59918",2019-10-01,"2019 October","2nd 40%",850000,"Scss","Unabsorbed Prices"
"59918",2019-10-01,"2019 October","3rd 60%",930000,"Scss","Unabsorbed Prices"
"59918",2019-10-01,"2019 October","4th 80%",1150000,"Scss","Unabsorbed Prices"
"59918",2019-10-01,"2019 October","Median",850000,"Scss","Unabsorbed Prices"
"59918",2019-10-01,"2019 October","Average",929841,"Scss","Unabsorbed Prices"
"59918",2019-10-01,"2019 October","Units",23,"Scss","Unabsorbed Prices"
"59918",2019-11-01,"2019 November","1st 20%",NA,"Scss","Unabsorbed Prices"
"59918",2019-11-01,"2019 November","2nd 40%",NA,"Scss","Unabsorbed Prices"
"59918",2019-11-01,"2019 November","3rd 60%",NA,"Scss","Unabsorbed Prices"
"59918",2019-11-01,"2019 November","4th 80%",NA,"Scss","Unabsorbed Prices"
"59918",2019-11-01,"2019 November","Median",NA,"Scss","Unabsorbed Prices"
"59918",2019-11-01,"2019 November","Average",1221750,"Scss","Unabsorbed Prices"
"59918",2019-11-01,"2019 November","Units",12,"Scss","Unabsorbed Prices"
"59918",2019-12-01,"2019 December","1st 20%",NA,"Scss","Unabsorbed Prices"
"59918",2019-12-01,"2019 December","2nd 40%",NA,"Scss","Unabsorbed Prices"
"59918",2019-12-01,"2019 December","3rd 60%",NA,"Scss","Unabsorbed Prices"
"59918",2019-12-01,"2019 December","4th 80%",NA,"Scss","Unabsorbed Prices"
"59918",2019-12-01,"2019 December","Median",NA,"Scss","Unabsorbed Prices"
"59918",2019-12-01,"2019 December","Average",1238082,"Scss","Unabsorbed Prices"
"59918",2019-12-01,"2019 December","Units",13,"Scss","Unabsorbed Prices"
"59918",2020-01-01,"2020 January","1st 20%",NA,"Scss","Unabsorbed Prices"
"59918",2020-01-01,"2020 January","2nd 40%",NA,"Scss","Unabsorbed Prices"
"59918",2020-01-01,"2020 January","3rd 60%",NA,"Scss","Unabsorbed Prices"
"59918",2020-01-01,"2020 January","4th 80%",NA,"Scss","Unabsorbed Prices"
"59918",2020-01-01,"2020 January","Median",NA,"Scss","Unabsorbed Prices"
"59918",2020-01-01,"2020 January","Average",NA,"Scss","Unabsorbed Prices"
"59918",2020-01-01,"2020 January","Units",3,"Scss","Unabsorbed Prices"
"59918",2020-02-01,"2020 February","1st 20%",NA,"Scss","Unabsorbed Prices"
"59918",2020-02-01,"2020 February","2nd 40%",NA,"Scss","Unabsorbed Prices"
"59918",2020-02-01,"2020 February","3rd 60%",NA,"Scss","Unabsorbed Prices"
"59918",2020-02-01,"2020 February","4th 80%",NA,"Scss","Unabsorbed Prices"
"59918",2020-02-01,"2020 February","Median",NA,"Scss","Unabsorbed Prices"
"59918",2020-02-01,"2020 February","Average",899181,"Scss","Unabsorbed Prices"
"59918",2020-02-01,"2020 February","Units",13,"Scss","Unabsorbed Prices"
"59918",2020-03-01,"2020 March","1st 20%",650000,"Scss","Unabsorbed Prices"
"59918",2020-03-01,"2020 March","2nd 40%",733000,"Scss","Unabsorbed Prices"
"59918",2020-03-01,"2020 March","3rd 60%",846000,"Scss","Unabsorbed Prices"
"59918",2020-03-01,"2020 March","4th 80%",1060000,"Scss","Unabsorbed Prices"
"59918",2020-03-01,"2020 March","Median",792500,"Scss","Unabsorbed Prices"
"59918",2020-03-01,"2020 March","Average",894930,"Scss","Unabsorbed Prices"
"59918",2020-03-01,"2020 March","Units",10,"Scss","Unabsorbed Prices"
"59918",2020-04-01,"2020 April","1st 20%",650000,"Scss","Unabsorbed Prices"
"59918",2020-04-01,"2020 April","2nd 40%",825000,"Scss","Unabsorbed Prices"
"59918",2020-04-01,"2020 April","3rd 60%",950000,"Scss","Unabsorbed Prices"
"59918",2020-04-01,"2020 April","4th 80%",1250000,"Scss","Unabsorbed Prices"
"59918",2020-04-01,"2020 April","Median",870000,"Scss","Unabsorbed Prices"
"59918",2020-04-01,"2020 April","Average",903136,"Scss","Unabsorbed Prices"
"59918",2020-04-01,"2020 April","Units",17,"Scss","Unabsorbed Prices"
"59918",2020-05-01,"2020 May","1st 20%",NA,"Scss","Unabsorbed Prices"
"59918",2020-05-01,"2020 May","2nd 40%",NA,"Scss","Unabsorbed Prices"
"59918",2020-05-01,"2020 May","3rd 60%",NA,"Scss","Unabsorbed Prices"
"59918",2020-05-01,"2020 May","4th 80%",NA,"Scss","Unabsorbed Prices"
"59918",2020-05-01,"2020 May","Median",NA,"Scss","Unabsorbed Prices"
"59918",2020-05-01,"2020 May","Average",843000,"Scss","Unabsorbed Prices"
"59918",2020-05-01,"2020 May","Units",15,"Scss","Unabsorbed Prices"
"59918",2020-06-01,"2020 June","1st 20%",NA,"Scss","Unabsorbed Prices"
"59918",2020-06-01,"2020 June","2nd 40%",NA,"Scss","Unabsorbed Prices"
"59918",2020-06-01,"2020 June","3rd 60%",NA,"Scss","Unabsorbed Prices"
"59918",2020-06-01,"2020 June","4th 80%",NA,"Scss","Unabsorbed Prices"
"59918",2020-06-01,"2020 June","Median",NA,"Scss","Unabsorbed Prices"
"59918",2020-06-01,"2020 June","Average",943333,"Scss","Unabsorbed Prices"
"59918",2020-06-01,"2020 June","Units",12,"Scss","Unabsorbed Prices"
"59918",2020-07-01,"2020 July","1st 20%",NA,"Scss","Unabsorbed Prices"
"59918",2020-07-01,"2020 July","2nd 40%",NA,"Scss","Unabsorbed Prices"
"59918",2020-07-01,"2020 July","3rd 60%",NA,"Scss","Unabsorbed Prices"
"59918",2020-07-01,"2020 July","4th 80%",NA,"Scss","Unabsorbed Prices"
"59918",2020-07-01,"2020 July","Median",NA,"Scss","Unabsorbed Prices"
"59918",2020-07-01,"2020 July","Average",758667,"Scss","Unabsorbed Prices"
"59918",2020-07-01,"2020 July","Units",8,"Scss","Unabsorbed Prices"
"59918",2020-08-01,"2020 August","1st 20%",NA,"Scss","Unabsorbed Prices"
"59918",2020-08-01,"2020 August","2nd 40%",NA,"Scss","Unabsorbed Prices"
"59918",2020-08-01,"2020 August","3rd 60%",NA,"Scss","Unabsorbed Prices"
"59918",2020-08-01,"2020 August","4th 80%",NA,"Scss","Unabsorbed Prices"
"59918",2020-08-01,"2020 August","Median",NA,"Scss","Unabsorbed Prices"
"59918",2020-08-01,"2020 August","Average",1012889,"Scss","Unabsorbed Prices"
"59918",2020-08-01,"2020 August","Units",12,"Scss","Unabsorbed Prices"
"59918",2020-09-01,"2020 September","1st 20%",NA,"Scss","Unabsorbed Prices"
"59918",2020-09-01,"2020 September","2nd 40%",NA,"Scss","Unabsorbed Prices"
"59918",2020-09-01,"2020 September","3rd 60%",NA,"Scss","Unabsorbed Prices"
"59918",2020-09-01,"2020 September","4th 80%",NA,"Scss","Unabsorbed Prices"
"59918",2020-09-01,"2020 September","Median",NA,"Scss","Unabsorbed Prices"
"59918",2020-09-01,"2020 September","Average",980831,"Scss","Unabsorbed Prices"
"59918",2020-09-01,"2020 September","Units",18,"Scss","Unabsorbed Prices"
"59918",2020-10-01,"2020 October","1st 20%",681000,"Scss","Unabsorbed Prices"
"59918",2020-10-01,"2020 October","2nd 40%",830000,"Scss","Unabsorbed Prices"
"59918",2020-10-01,"2020 October","3rd 60%",906000,"Scss","Unabsorbed Prices"
"59918",2020-10-01,"2020 October","4th 80%",1180000,"Scss","Unabsorbed Prices"
"59918",2020-10-01,"2020 October","Median",870000,"Scss","Unabsorbed Prices"
"59918",2020-10-01,"2020 October","Average",850045,"Scss","Unabsorbed Prices"
"59918",2020-10-01,"2020 October","Units",30,"Scss","Unabsorbed Prices"
"59918",2020-11-01,"2020 November","1st 20%",480000,"Scss","Unabsorbed Prices"
"59918",2020-11-01,"2020 November","2nd 40%",706000,"Scss","Unabsorbed Prices"
"59918",2020-11-01,"2020 November","3rd 60%",766000,"Scss","Unabsorbed Prices"
"59918",2020-11-01,"2020 November","4th 80%",854000,"Scss","Unabsorbed Prices"
"59918",2020-11-01,"2020 November","Median",742500,"Scss","Unabsorbed Prices"
"59918",2020-11-01,"2020 November","Average",725413,"Scss","Unabsorbed Prices"
"59918",2020-11-01,"2020 November","Units",17,"Scss","Unabsorbed Prices"
"59918",2020-12-01,"2020 December","1st 20%",NA,"Scss","Unabsorbed Prices"
"59918",2020-12-01,"2020 December","2nd 40%",NA,"Scss","Unabsorbed Prices"
"59918",2020-12-01,"2020 December","3rd 60%",NA,"Scss","Unabsorbed Prices"
"59918",2020-12-01,"2020 December","4th 80%",NA,"Scss","Unabsorbed Prices"
"59918",2020-12-01,"2020 December","Median",NA,"Scss","Unabsorbed Prices"
"59918",2020-12-01,"2020 December","Average",1584250,"Scss","Unabsorbed Prices"
"59918",2020-12-01,"2020 December","Units",4,"Scss","Unabsorbed Prices"
"59918",2021-01-01,"2021 January","1st 20%",NA,"Scss","Unabsorbed Prices"
"59918",2021-01-01,"2021 January","2nd 40%",NA,"Scss","Unabsorbed Prices"
"59918",2021-01-01,"2021 January","3rd 60%",NA,"Scss","Unabsorbed Prices"
"59918",2021-01-01,"2021 January","4th 80%",NA,"Scss","Unabsorbed Prices"
"59918",2021-01-01,"2021 January","Median",NA,"Scss","Unabsorbed Prices"
"59918",2021-01-01,"2021 January","Average",847350,"Scss","Unabsorbed Prices"
"59918",2021-01-01,"2021 January","Units",11,"Scss","Unabsorbed Prices"
"59918",2021-02-01,"2021 February","1st 20%",NA,"Scss","Unabsorbed Prices"
"59918",2021-02-01,"2021 February","2nd 40%",NA,"Scss","Unabsorbed Prices"
"59918",2021-02-01,"2021 February","3rd 60%",NA,"Scss","Unabsorbed Prices"
"59918",2021-02-01,"2021 February","4th 80%",NA,"Scss","Unabsorbed Prices"
"59918",2021-02-01,"2021 February","Median",NA,"Scss","Unabsorbed Prices"
"59918",2021-02-01,"2021 February","Average",1658932,"Scss","Unabsorbed Prices"
"59918",2021-02-01,"2021 February","Units",11,"Scss","Unabsorbed Prices"
"59918",2021-03-01,"2021 March","1st 20%",650000,"Scss","Unabsorbed Prices"
"59918",2021-03-01,"2021 March","2nd 40%",1040000,"Scss","Unabsorbed Prices"
"59918",2021-03-01,"2021 March","3rd 60%",1300000,"Scss","Unabsorbed Prices"
"59918",2021-03-01,"2021 March","4th 80%",1800000,"Scss","Unabsorbed Prices"
"59918",2021-03-01,"2021 March","Median",1280000,"Scss","Unabsorbed Prices"
"59918",2021-03-01,"2021 March","Average",1644318,"Scss","Unabsorbed Prices"
"59918",2021-03-01,"2021 March","Units",17,"Scss","Unabsorbed Prices"
"59918",2021-04-01,"2021 April","1st 20%",688000,"Scss","Unabsorbed Prices"
"59918",2021-04-01,"2021 April","2nd 40%",750000,"Scss","Unabsorbed Prices"
"59918",2021-04-01,"2021 April","3rd 60%",832000,"Scss","Unabsorbed Prices"
"59918",2021-04-01,"2021 April","4th 80%",1260000,"Scss","Unabsorbed Prices"
"59918",2021-04-01,"2021 April","Median",755000,"Scss","Unabsorbed Prices"
"59918",2021-04-01,"2021 April","Average",782847,"Scss","Unabsorbed Prices"
"59918",2021-04-01,"2021 April","Units",22,"Scss","Unabsorbed Prices"
"59918",2021-05-01,"2021 May","1st 20%",NA,"Scss","Unabsorbed Prices"
"59918",2021-05-01,"2021 May","2nd 40%",NA,"Scss","Unabsorbed Prices"
"59918",2021-05-01,"2021 May","3rd 60%",NA,"Scss","Unabsorbed Prices"
"59918",2021-05-01,"2021 May","4th 80%",NA,"Scss","Unabsorbed Prices"
"59918",2021-05-01,"2021 May","Median",NA,"Scss","Unabsorbed Prices"
"59918",2021-05-01,"2021 May","Average",NA,"Scss","Unabsorbed Prices"
"59918",2021-05-01,"2021 May","Units",5,"Scss","Unabsorbed Prices"
"59918",2021-06-01,"2021 June","1st 20%",NA,"Scss","Unabsorbed Prices"
"59918",2021-06-01,"2021 June","2nd 40%",NA,"Scss","Unabsorbed Prices"
"59918",2021-06-01,"2021 June","3rd 60%",NA,"Scss","Unabsorbed Prices"
"59918",2021-06-01,"2021 June","4th 80%",NA,"Scss","Unabsorbed Prices"
"59918",2021-06-01,"2021 June","Median",NA,"Scss","Unabsorbed Prices"
"59918",2021-06-01,"2021 June","Average",995625,"Scss","Unabsorbed Prices"
"59918",2021-06-01,"2021 June","Units",14,"Scss","Unabsorbed Prices"
"59918",2021-07-01,"2021 July","1st 20%",770000,"Scss","Unabsorbed Prices"
"59918",2021-07-01,"2021 July","2nd 40%",925000,"Scss","Unabsorbed Prices"
"59918",2021-07-01,"2021 July","3rd 60%",1e+06,"Scss","Unabsorbed Prices"
"59918",2021-07-01,"2021 July","4th 80%",1080000,"Scss","Unabsorbed Prices"
"59918",2021-07-01,"2021 July","Median",985000,"Scss","Unabsorbed Prices"
"59918",2021-07-01,"2021 July","Average",940071,"Scss","Unabsorbed Prices"
"59918",2021-07-01,"2021 July","Units",16,"Scss","Unabsorbed Prices"
"59918",2021-08-01,"2021 August","1st 20%",NA,"Scss","Unabsorbed Prices"
"59918",2021-08-01,"2021 August","2nd 40%",NA,"Scss","Unabsorbed Prices"
"59918",2021-08-01,"2021 August","3rd 60%",NA,"Scss","Unabsorbed Prices"
"59918",2021-08-01,"2021 August","4th 80%",NA,"Scss","Unabsorbed Prices"
"59918",2021-08-01,"2021 August","Median",NA,"Scss","Unabsorbed Prices"
"59918",2021-08-01,"2021 August","Average",2034563,"Scss","Unabsorbed Prices"
"59918",2021-08-01,"2021 August","Units",10,"Scss","Unabsorbed Prices"
"59918",2021-09-01,"2021 September","1st 20%",785000,"Scss","Unabsorbed Prices"
"59918",2021-09-01,"2021 September","2nd 40%",813000,"Scss","Unabsorbed Prices"
"59918",2021-09-01,"2021 September","3rd 60%",1017000,"Scss","Unabsorbed Prices"
"59918",2021-09-01,"2021 September","4th 80%",1800000,"Scss","Unabsorbed Prices"
"59918",2021-09-01,"2021 September","Median",850000,"Scss","Unabsorbed Prices"
"59918",2021-09-01,"2021 September","Average",1166948,"Scss","Unabsorbed Prices"
"59918",2021-09-01,"2021 September","Units",19,"Scss","Unabsorbed Prices"
"59918",2021-10-01,"2021 October","1st 20%",NA,"Scss","Unabsorbed Prices"
"59918",2021-10-01,"2021 October","2nd 40%",NA,"Scss","Unabsorbed Prices"
"59918",2021-10-01,"2021 October","3rd 60%",NA,"Scss","Unabsorbed Prices"
"59918",2021-10-01,"2021 October","4th 80%",NA,"Scss","Unabsorbed Prices"
"59918",2021-10-01,"2021 October","Median",NA,"Scss","Unabsorbed Prices"
"59918",2021-10-01,"2021 October","Average",854239,"Scss","Unabsorbed Prices"
"59918",2021-10-01,"2021 October","Units",19,"Scss","Unabsorbed Prices"
"59918",2021-11-01,"2021 November","1st 20%",NA,"Scss","Unabsorbed Prices"
"59918",2021-11-01,"2021 November","2nd 40%",NA,"Scss","Unabsorbed Prices"
"59918",2021-11-01,"2021 November","3rd 60%",NA,"Scss","Unabsorbed Prices"
"59918",2021-11-01,"2021 November","4th 80%",NA,"Scss","Unabsorbed Prices"
"59918",2021-11-01,"2021 November","Median",NA,"Scss","Unabsorbed Prices"
"59918",2021-11-01,"2021 November","Average",1071143,"Scss","Unabsorbed Prices"
"59918",2021-11-01,"2021 November","Units",9,"Scss","Unabsorbed Prices"
"59918",2021-12-01,"2021 December","1st 20%",NA,"Scss","Unabsorbed Prices"
"59918",2021-12-01,"2021 December","2nd 40%",NA,"Scss","Unabsorbed Prices"
"59918",2021-12-01,"2021 December","3rd 60%",NA,"Scss","Unabsorbed Prices"
"59918",2021-12-01,"2021 December","4th 80%",NA,"Scss","Unabsorbed Prices"
"59918",2021-12-01,"2021 December","Median",NA,"Scss","Unabsorbed Prices"
"59918",2021-12-01,"2021 December","Average",1226667,"Scss","Unabsorbed Prices"
"59918",2021-12-01,"2021 December","Units",6,"Scss","Unabsorbed Prices"
"59918",2022-01-01,"2022 January","1st 20%",712000,"Scss","Unabsorbed Prices"
"59918",2022-01-01,"2022 January","2nd 40%",804000,"Scss","Unabsorbed Prices"
"59918",2022-01-01,"2022 January","3rd 60%",940000,"Scss","Unabsorbed Prices"
"59918",2022-01-01,"2022 January","4th 80%",1200000,"Scss","Unabsorbed Prices"
"59918",2022-01-01,"2022 January","Median",830000,"Scss","Unabsorbed Prices"
"59918",2022-01-01,"2022 January","Average",912200,"Scss","Unabsorbed Prices"
"59918",2022-01-01,"2022 January","Units",10,"Scss","Unabsorbed Prices"
"59918",2022-02-01,"2022 February","1st 20%",NA,"Scss","Unabsorbed Prices"
"59918",2022-02-01,"2022 February","2nd 40%",NA,"Scss","Unabsorbed Prices"
"59918",2022-02-01,"2022 February","3rd 60%",NA,"Scss","Unabsorbed Prices"
"59918",2022-02-01,"2022 February","4th 80%",NA,"Scss","Unabsorbed Prices"
"59918",2022-02-01,"2022 February","Median",NA,"Scss","Unabsorbed Prices"
"59918",2022-02-01,"2022 February","Average",1443438,"Scss","Unabsorbed Prices"
"59918",2022-02-01,"2022 February","Units",8,"Scss","Unabsorbed Prices"
"59918",2022-03-01,"2022 March","1st 20%",803000,"Scss","Unabsorbed Prices"
"59918",2022-03-01,"2022 March","2nd 40%",1004000,"Scss","Unabsorbed Prices"
"59918",2022-03-01,"2022 March","3rd 60%",1400000,"Scss","Unabsorbed Prices"
"59918",2022-03-01,"2022 March","4th 80%",1500000,"Scss","Unabsorbed Prices"
"59918",2022-03-01,"2022 March","Median",1205000,"Scss","Unabsorbed Prices"
"59918",2022-03-01,"2022 March","Average",1231200,"Scss","Unabsorbed Prices"
"59918",2022-03-01,"2022 March","Units",10,"Scss","Unabsorbed Prices"
"59918",2022-04-01,"2022 April","1st 20%",NA,"Scss","Unabsorbed Prices"
"59918",2022-04-01,"2022 April","2nd 40%",NA,"Scss","Unabsorbed Prices"
"59918",2022-04-01,"2022 April","3rd 60%",NA,"Scss","Unabsorbed Prices"
"59918",2022-04-01,"2022 April","4th 80%",NA,"Scss","Unabsorbed Prices"
"59918",2022-04-01,"2022 April","Median",NA,"Scss","Unabsorbed Prices"
"59918",2022-04-01,"2022 April","Average",1253364,"Scss","Unabsorbed Prices"
"59918",2022-04-01,"2022 April","Units",14,"Scss","Unabsorbed Prices"
"59918",2022-05-01,"2022 May","1st 20%",NA,"Scss","Unabsorbed Prices"
"59918",2022-05-01,"2022 May","2nd 40%",NA,"Scss","Unabsorbed Prices"
"59918",2022-05-01,"2022 May","3rd 60%",NA,"Scss","Unabsorbed Prices"
"59918",2022-05-01,"2022 May","4th 80%",NA,"Scss","Unabsorbed Prices"
"59918",2022-05-01,"2022 May","Median",NA,"Scss","Unabsorbed Prices"
"59918",2022-05-01,"2022 May","Average",1088042,"Scss","Unabsorbed Prices"
"59918",2022-05-01,"2022 May","Units",9,"Scss","Unabsorbed Prices"
"59918",2022-06-01,"2022 June","1st 20%",NA,"Scss","Unabsorbed Prices"
"59918",2022-06-01,"2022 June","2nd 40%",NA,"Scss","Unabsorbed Prices"
"59918",2022-06-01,"2022 June","3rd 60%",NA,"Scss","Unabsorbed Prices"
"59918",2022-06-01,"2022 June","4th 80%",NA,"Scss","Unabsorbed Prices"
"59918",2022-06-01,"2022 June","Median",NA,"Scss","Unabsorbed Prices"
"59918",2022-06-01,"2022 June","Average",1253143,"Scss","Unabsorbed Prices"
"59918",2022-06-01,"2022 June","Units",15,"Scss","Unabsorbed Prices"
"59918",2022-07-01,"2022 July","1st 20%",NA,"Scss","Unabsorbed Prices"
"59918",2022-07-01,"2022 July","2nd 40%",NA,"Scss","Unabsorbed Prices"
"59918",2022-07-01,"2022 July","3rd 60%",NA,"Scss","Unabsorbed Prices"
"59918",2022-07-01,"2022 July","4th 80%",NA,"Scss","Unabsorbed Prices"
"59918",2022-07-01,"2022 July","Median",NA,"Scss","Unabsorbed Prices"
"59918",2022-07-01,"2022 July","Average",1393850,"Scss","Unabsorbed Prices"
"59918",2022-07-01,"2022 July","Units",13,"Scss","Unabsorbed Prices"
"59918",2022-08-01,"2022 August","1st 20%",NA,"Scss","Unabsorbed Prices"
"59918",2022-08-01,"2022 August","2nd 40%",NA,"Scss","Unabsorbed Prices"
"59918",2022-08-01,"2022 August","3rd 60%",NA,"Scss","Unabsorbed Prices"
"59918",2022-08-01,"2022 August","4th 80%",NA,"Scss","Unabsorbed Prices"
"59918",2022-08-01,"2022 August","Median",NA,"Scss","Unabsorbed Prices"
"59918",2022-08-01,"2022 August","Average",1030758,"Scss","Unabsorbed Prices"
"59918",2022-08-01,"2022 August","Units",6,"Scss","Unabsorbed Prices"
"59918",2022-09-01,"2022 September","1st 20%",1070000,"Scss","Unabsorbed Prices"
"59918",2022-09-01,"2022 September","2nd 40%",1220000,"Scss","Unabsorbed Prices"
"59918",2022-09-01,"2022 September","3rd 60%",1580000,"Scss","Unabsorbed Prices"
"59918",2022-09-01,"2022 September","4th 80%",1700000,"Scss","Unabsorbed Prices"
"59918",2022-09-01,"2022 September","Median",1475000,"Scss","Unabsorbed Prices"
"59918",2022-09-01,"2022 September","Average",1362857,"Scss","Unabsorbed Prices"
"59918",2022-09-01,"2022 September","Units",16,"Scss","Unabsorbed Prices"
"59918",2022-10-01,"2022 October","1st 20%",935000,"Scss","Unabsorbed Prices"
"59918",2022-10-01,"2022 October","2nd 40%",992000,"Scss","Unabsorbed Prices"
"59918",2022-10-01,"2022 October","3rd 60%",1190000,"Scss","Unabsorbed Prices"
"59918",2022-10-01,"2022 October","4th 80%",1653000,"Scss","Unabsorbed Prices"
"59918",2022-10-01,"2022 October","Median",1050000,"Scss","Unabsorbed Prices"
"59918",2022-10-01,"2022 October","Average",1209882,"Scss","Unabsorbed Prices"
"59918",2022-10-01,"2022 October","Units",17,"Scss","Unabsorbed Prices"
"59918",2022-11-01,"2022 November","1st 20%",948000,"Scss","Unabsorbed Prices"
"59918",2022-11-01,"2022 November","2nd 40%",1312000,"Scss","Unabsorbed Prices"
"59918",2022-11-01,"2022 November","3rd 60%",1600000,"Scss","Unabsorbed Prices"
"59918",2022-11-01,"2022 November","4th 80%",2152000,"Scss","Unabsorbed Prices"
"59918",2022-11-01,"2022 November","Median",1540000,"Scss","Unabsorbed Prices"
"59918",2022-11-01,"2022 November","Average",1500490,"Scss","Unabsorbed Prices"
"59918",2022-11-01,"2022 November","Units",15,"Scss","Unabsorbed Prices"
"59918",2022-12-01,"2022 December","1st 20%",NA,"Scss","Unabsorbed Prices"
"59918",2022-12-01,"2022 December","2nd 40%",NA,"Scss","Unabsorbed Prices"
"59918",2022-12-01,"2022 December","3rd 60%",NA,"Scss","Unabsorbed Prices"
"59918",2022-12-01,"2022 December","4th 80%",NA,"Scss","Unabsorbed Prices"
"59918",2022-12-01,"2022 December","Median",NA,"Scss","Unabsorbed Prices"
"59918",2022-12-01,"2022 December","Average",2087630,"Scss","Unabsorbed Prices"
"59918",2022-12-01,"2022 December","Units",6,"Scss","Unabsorbed Prices"
"59918",2023-01-01,"2023 January","1st 20%",NA,"Scss","Unabsorbed Prices"
"59918",2023-01-01,"2023 January","2nd 40%",NA,"Scss","Unabsorbed Prices"
"59918",2023-01-01,"2023 January","3rd 60%",NA,"Scss","Unabsorbed Prices"
"59918",2023-01-01,"2023 January","4th 80%",NA,"Scss","Unabsorbed Prices"
"59918",2023-01-01,"2023 January","Median",NA,"Scss","Unabsorbed Prices"
"59918",2023-01-01,"2023 January","Average",NA,"Scss","Unabsorbed Prices"
"59918",2023-01-01,"2023 January","Units",0,"Scss","Unabsorbed Prices"
"59918",2023-02-01,"2023 February","1st 20%",NA,"Scss","Unabsorbed Prices"
"59918",2023-02-01,"2023 February","2nd 40%",NA,"Scss","Unabsorbed Prices"
"59918",2023-02-01,"2023 February","3rd 60%",NA,"Scss","Unabsorbed Prices"
"59918",2023-02-01,"2023 February","4th 80%",NA,"Scss","Unabsorbed Prices"
"59918",2023-02-01,"2023 February","Median",NA,"Scss","Unabsorbed Prices"
"59918",2023-02-01,"2023 February","Average",NA,"Scss","Unabsorbed Prices"
"59918",2023-02-01,"2023 February","Units",0,"Scss","Unabsorbed Prices"
"59918",2023-03-01,"2023 March","1st 20%",NA,"Scss","Unabsorbed Prices"
"59918",2023-03-01,"2023 March","2nd 40%",NA,"Scss","Unabsorbed Prices"
"59918",2023-03-01,"2023 March","3rd 60%",NA,"Scss","Unabsorbed Prices"
"59918",2023-03-01,"2023 March","4th 80%",NA,"Scss","Unabsorbed Prices"
"59918",2023-03-01,"2023 March","Median",NA,"Scss","Unabsorbed Prices"
"59918",2023-03-01,"2023 March","Average",NA,"Scss","Unabsorbed Prices"
"59918",2023-03-01,"2023 March","Units",0,"Scss","Unabsorbed Prices"
"59918",2023-04-01,"2023 April","1st 20%",NA,"Scss","Unabsorbed Prices"
"59918",2023-04-01,"2023 April","2nd 40%",NA,"Scss","Unabsorbed Prices"
"59918",2023-04-01,"2023 April","3rd 60%",NA,"Scss","Unabsorbed Prices"
"59918",2023-04-01,"2023 April","4th 80%",NA,"Scss","Unabsorbed Prices"
"59918",2023-04-01,"2023 April","Median",NA,"Scss","Unabsorbed Prices"
"59918",2023-04-01,"2023 April","Average",NA,"Scss","Unabsorbed Prices"
"59918",2023-04-01,"2023 April","Units",0,"Scss","Unabsorbed Prices"
"59918",2023-05-01,"2023 May","1st 20%",NA,"Scss","Unabsorbed Prices"
"59918",2023-05-01,"2023 May","2nd 40%",NA,"Scss","Unabsorbed Prices"
"59918",2023-05-01,"2023 May","3rd 60%",NA,"Scss","Unabsorbed Prices"
"59918",2023-05-01,"2023 May","4th 80%",NA,"Scss","Unabsorbed Prices"
"59918",2023-05-01,"2023 May","Median",NA,"Scss","Unabsorbed Prices"
"59918",2023-05-01,"2023 May","Average",NA,"Scss","Unabsorbed Prices"
"59918",2023-05-01,"2023 May","Units",0,"Scss","Unabsorbed Prices"
"59918",2023-06-01,"2023 June","1st 20%",NA,"Scss","Unabsorbed Prices"
"59918",2023-06-01,"2023 June","2nd 40%",NA,"Scss","Unabsorbed Prices"
"59918",2023-06-01,"2023 June","3rd 60%",NA,"Scss","Unabsorbed Prices"
"59918",2023-06-01,"2023 June","4th 80%",NA,"Scss","Unabsorbed Prices"
"59918",2023-06-01,"2023 June","Median",NA,"Scss","Unabsorbed Prices"
"59918",2023-06-01,"2023 June","Average",NA,"Scss","Unabsorbed Prices"
"59918",2023-06-01,"2023 June","Units",0,"Scss","Unabsorbed Prices"
"59918",2023-07-01,"2023 July","1st 20%",NA,"Scss","Unabsorbed Prices"
"59918",2023-07-01,"2023 July","2nd 40%",NA,"Scss","Unabsorbed Prices"
"59918",2023-07-01,"2023 July","3rd 60%",NA,"Scss","Unabsorbed Prices"
"59918",2023-07-01,"2023 July","4th 80%",NA,"Scss","Unabsorbed Prices"
"59918",2023-07-01,"2023 July","Median",NA,"Scss","Unabsorbed Prices"
"59918",2023-07-01,"2023 July","Average",NA,"Scss","Unabsorbed Prices"
"59918",2023-07-01,"2023 July","Units",0,"Scss","Unabsorbed Prices"
"59918",2023-08-01,"2023 August","1st 20%",NA,"Scss","Unabsorbed Prices"
"59918",2023-08-01,"2023 August","2nd 40%",NA,"Scss","Unabsorbed Prices"
"59918",2023-08-01,"2023 August","3rd 60%",NA,"Scss","Unabsorbed Prices"
"59918",2023-08-01,"2023 August","4th 80%",NA,"Scss","Unabsorbed Prices"
"59918",2023-08-01,"2023 August","Median",NA,"Scss","Unabsorbed Prices"
"59918",2023-08-01,"2023 August","Average",NA,"Scss","Unabsorbed Prices"
"59918",2023-08-01,"2023 August","Units",0,"Scss","Unabsorbed Prices"
"59918",2023-09-01,"2023 September","1st 20%",NA,"Scss","Unabsorbed Prices"
"59918",2023-09-01,"2023 September","2nd 40%",NA,"Scss","Unabsorbed Prices"
"59918",2023-09-01,"2023 September","3rd 60%",NA,"Scss","Unabsorbed Prices"
"59918",2023-09-01,"2023 September","4th 80%",NA,"Scss","Unabsorbed Prices"
"59918",2023-09-01,"2023 September","Median",NA,"Scss","Unabsorbed Prices"
"59918",2023-09-01,"2023 September","Average",NA,"Scss","Unabsorbed Prices"
"59918",2023-09-01,"2023 September","Units",0,"Scss","Unabsorbed Prices"
"59918",2023-10-01,"2023 October","1st 20%",NA,"Scss","Unabsorbed Prices"
"59918",2023-10-01,"2023 October","2nd 40%",NA,"Scss","Unabsorbed Prices"
"59918",2023-10-01,"2023 October","3rd 60%",NA,"Scss","Unabsorbed Prices"
"59918",2023-10-01,"2023 October","4th 80%",NA,"Scss","Unabsorbed Prices"
"59918",2023-10-01,"2023 October","Median",NA,"Scss","Unabsorbed Prices"
"59918",2023-10-01,"2023 October","Average",NA,"Scss","Unabsorbed Prices"
"59918",2023-10-01,"2023 October","Units",0,"Scss","Unabsorbed Prices"
"59918",2023-11-01,"2023 November","1st 20%",NA,"Scss","Unabsorbed Prices"
"59918",2023-11-01,"2023 November","2nd 40%",NA,"Scss","Unabsorbed Prices"
"59918",2023-11-01,"2023 November","3rd 60%",NA,"Scss","Unabsorbed Prices"
"59918",2023-11-01,"2023 November","4th 80%",NA,"Scss","Unabsorbed Prices"
"59918",2023-11-01,"2023 November","Median",NA,"Scss","Unabsorbed Prices"
"59918",2023-11-01,"2023 November","Average",NA,"Scss","Unabsorbed Prices"
"59918",2023-11-01,"2023 November","Units",0,"Scss","Unabsorbed Prices"
"59918",2023-12-01,"2023 December","1st 20%",NA,"Scss","Unabsorbed Prices"
"59918",2023-12-01,"2023 December","2nd 40%",NA,"Scss","Unabsorbed Prices"
"59918",2023-12-01,"2023 December","3rd 60%",NA,"Scss","Unabsorbed Prices"
"59918",2023-12-01,"2023 December","4th 80%",NA,"Scss","Unabsorbed Prices"
"59918",2023-12-01,"2023 December","Median",NA,"Scss","Unabsorbed Prices"
"59918",2023-12-01,"2023 December","Average",NA,"Scss","Unabsorbed Prices"
"59918",2023-12-01,"2023 December","Units",0,"Scss","Unabsorbed Prices"
"59918",2024-01-01,"2024 January","1st 20%",NA,"Scss","Unabsorbed Prices"
"59918",2024-01-01,"2024 January","2nd 40%",NA,"Scss","Unabsorbed Prices"
"59918",2024-01-01,"2024 January","3rd 60%",NA,"Scss","Unabsorbed Prices"
"59918",2024-01-01,"2024 January","4th 80%",NA,"Scss","Unabsorbed Prices"
"59918",2024-01-01,"2024 January","Median",NA,"Scss","Unabsorbed Prices"
"59918",2024-01-01,"2024 January","Average",NA,"Scss","Unabsorbed Prices"
"59918",2024-01-01,"2024 January","Units",0,"Scss","Unabsorbed Prices"
"59918",2024-02-01,"2024 February","1st 20%",NA,"Scss","Unabsorbed Prices"
"59918",2024-02-01,"2024 February","2nd 40%",NA,"Scss","Unabsorbed Prices"
"59918",2024-02-01,"2024 February","3rd 60%",NA,"Scss","Unabsorbed Prices"
"59918",2024-02-01,"2024 February","4th 80%",NA,"Scss","Unabsorbed Prices"
"59918",2024-02-01,"2024 February","Median",NA,"Scss","Unabsorbed Prices"
"59918",2024-02-01,"2024 February","Average",NA,"Scss","Unabsorbed Prices"
"59918",2024-02-01,"2024 February","Units",0,"Scss","Unabsorbed Prices"
"59918",2024-03-01,"2024 March","1st 20%",NA,"Scss","Unabsorbed Prices"
"59918",2024-03-01,"2024 March","2nd 40%",NA,"Scss","Unabsorbed Prices"
"59918",2024-03-01,"2024 March","3rd 60%",NA,"Scss","Unabsorbed Prices"
"59918",2024-03-01,"2024 March","4th 80%",NA,"Scss","Unabsorbed Prices"
"59918",2024-03-01,"2024 March","Median",NA,"Scss","Unabsorbed Prices"
"59918",2024-03-01,"2024 March","Average",NA,"Scss","Unabsorbed Prices"
"59918",2024-03-01,"2024 March","Units",0,"Scss","Unabsorbed Prices"
"59918",2024-04-01,"2024 April","1st 20%",NA,"Scss","Unabsorbed Prices"
"59918",2024-04-01,"2024 April","2nd 40%",NA,"Scss","Unabsorbed Prices"
"59918",2024-04-01,"2024 April","3rd 60%",NA,"Scss","Unabsorbed Prices"
"59918",2024-04-01,"2024 April","4th 80%",NA,"Scss","Unabsorbed Prices"
"59918",2024-04-01,"2024 April","Median",NA,"Scss","Unabsorbed Prices"
"59918",2024-04-01,"2024 April","Average",NA,"Scss","Unabsorbed Prices"
"59918",2024-04-01,"2024 April","Units",0,"Scss","Unabsorbed Prices"
"59918",2024-05-01,"2024 May","1st 20%",NA,"Scss","Unabsorbed Prices"
"59918",2024-05-01,"2024 May","2nd 40%",NA,"Scss","Unabsorbed Prices"
"59918",2024-05-01,"2024 May","3rd 60%",NA,"Scss","Unabsorbed Prices"
"59918",2024-05-01,"2024 May","4th 80%",NA,"Scss","Unabsorbed Prices"
"59918",2024-05-01,"2024 May","Median",NA,"Scss","Unabsorbed Prices"
"59918",2024-05-01,"2024 May","Average",NA,"Scss","Unabsorbed Prices"
"59918",2024-05-01,"2024 May","Units",0,"Scss","Unabsorbed Prices"
"59918",2024-06-01,"2024 June","1st 20%",NA,"Scss","Unabsorbed Prices"
"59918",2024-06-01,"2024 June","2nd 40%",NA,"Scss","Unabsorbed Prices"
"59918",2024-06-01,"2024 June","3rd 60%",NA,"Scss","Unabsorbed Prices"
"59918",2024-06-01,"2024 June","4th 80%",NA,"Scss","Unabsorbed Prices"
"59918",2024-06-01,"2024 June","Median",NA,"Scss","Unabsorbed Prices"
"59918",2024-06-01,"2024 June","Average",NA,"Scss","Unabsorbed Prices"
"59918",2024-06-01,"2024 June","Units",0,"Scss","Unabsorbed Prices"
"59918",2024-07-01,"2024 July","1st 20%",NA,"Scss","Unabsorbed Prices"
"59918",2024-07-01,"2024 July","2nd 40%",NA,"Scss","Unabsorbed Prices"
"59918",2024-07-01,"2024 July","3rd 60%",NA,"Scss","Unabsorbed Prices"
"59918",2024-07-01,"2024 July","4th 80%",NA,"Scss","Unabsorbed Prices"
"59918",2024-07-01,"2024 July","Median",NA,"Scss","Unabsorbed Prices"
"59918",2024-07-01,"2024 July","Average",NA,"Scss","Unabsorbed Prices"
"59918",2024-07-01,"2024 July","Units",0,"Scss","Unabsorbed Prices"
"59918",2024-08-01,"2024 August","1st 20%",NA,"Scss","Unabsorbed Prices"
"59918",2024-08-01,"2024 August","2nd 40%",NA,"Scss","Unabsorbed Prices"
"59918",2024-08-01,"2024 August","3rd 60%",NA,"Scss","Unabsorbed Prices"
"59918",2024-08-01,"2024 August","4th 80%",NA,"Scss","Unabsorbed Prices"
"59918",2024-08-01,"2024 August","Median",NA,"Scss","Unabsorbed Prices"
"59918",2024-08-01,"2024 August","Average",NA,"Scss","Unabsorbed Prices"
"59918",2024-08-01,"2024 August","Units",0,"Scss","Unabsorbed Prices"
"59918",2024-09-01,"2024 September","1st 20%",NA,"Scss","Unabsorbed Prices"
"59918",2024-09-01,"2024 September","2nd 40%",NA,"Scss","Unabsorbed Prices"
"59918",2024-09-01,"2024 September","3rd 60%",NA,"Scss","Unabsorbed Prices"
"59918",2024-09-01,"2024 September","4th 80%",NA,"Scss","Unabsorbed Prices"
"59918",2024-09-01,"2024 September","Median",NA,"Scss","Unabsorbed Prices"
"59918",2024-09-01,"2024 September","Average",NA,"Scss","Unabsorbed Prices"
"59918",2024-09-01,"2024 September","Units",0,"Scss","Unabsorbed Prices"
"59918",2024-10-01,"2024 October","1st 20%",NA,"Scss","Unabsorbed Prices"
"59918",2024-10-01,"2024 October","2nd 40%",NA,"Scss","Unabsorbed Prices"
"59918",2024-10-01,"2024 October","3rd 60%",NA,"Scss","Unabsorbed Prices"
"59918",2024-10-01,"2024 October","4th 80%",NA,"Scss","Unabsorbed Prices"
"59918",2024-10-01,"2024 October","Median",NA,"Scss","Unabsorbed Prices"
"59918",2024-10-01,"2024 October","Average",NA,"Scss","Unabsorbed Prices"
"59918",2024-10-01,"2024 October","Units",0,"Scss","Unabsorbed Prices"
"59918",2024-11-01,"2024 November","1st 20%",NA,"Scss","Unabsorbed Prices"
"59918",2024-11-01,"2024 November","2nd 40%",NA,"Scss","Unabsorbed Prices"
"59918",2024-11-01,"2024 November","3rd 60%",NA,"Scss","Unabsorbed Prices"
"59918",2024-11-01,"2024 November","4th 80%",NA,"Scss","Unabsorbed Prices"
"59918",2024-11-01,"2024 November","Median",NA,"Scss","Unabsorbed Prices"
"59918",2024-11-01,"2024 November","Average",NA,"Scss","Unabsorbed Prices"
"59918",2024-11-01,"2024 November","Units",0,"Scss","Unabsorbed Prices"
"59918",2024-12-01,"2024 December","1st 20%",NA,"Scss","Unabsorbed Prices"
"59918",2024-12-01,"2024 December","2nd 40%",NA,"Scss","Unabsorbed Prices"
"59918",2024-12-01,"2024 December","3rd 60%",NA,"Scss","Unabsorbed Prices"
"59918",2024-12-01,"2024 December","4th 80%",NA,"Scss","Unabsorbed Prices"
"59918",2024-12-01,"2024 December","Median",NA,"Scss","Unabsorbed Prices"
"59918",2024-12-01,"2024 December","Average",NA,"Scss","Unabsorbed Prices"
"59918",2024-12-01,"2024 December","Units",0,"Scss","Unabsorbed Prices"
"59918",2025-01-01,"2025 January","1st 20%",NA,"Scss","Unabsorbed Prices"
"59918",2025-01-01,"2025 January","2nd 40%",NA,"Scss","Unabsorbed Prices"
"59918",2025-01-01,"2025 January","3rd 60%",NA,"Scss","Unabsorbed Prices"
"59918",2025-01-01,"2025 January","4th 80%",NA,"Scss","Unabsorbed Prices"
"59918",2025-01-01,"2025 January","Median",NA,"Scss","Unabsorbed Prices"
"59918",2025-01-01,"2025 January","Average",NA,"Scss","Unabsorbed Prices"
"59918",2025-01-01,"2025 January","Units",5,"Scss","Unabsorbed Prices"
"59918",2025-02-01,"2025 February","1st 20%",950000,"Scss","Unabsorbed Prices"
"59918",2025-02-01,"2025 February","2nd 40%",1185000,"Scss","Unabsorbed Prices"
"59918",2025-02-01,"2025 February","3rd 60%",1352000,"Scss","Unabsorbed Prices"
"59918",2025-02-01,"2025 February","4th 80%",1651000,"Scss","Unabsorbed Prices"
"59918",2025-02-01,"2025 February","Median",1275000,"Scss","Unabsorbed Prices"
"59918",2025-02-01,"2025 February","Average",1415365,"Scss","Unabsorbed Prices"
"59918",2025-02-01,"2025 February","Units",313,"Scss","Unabsorbed Prices"
"59918",2025-03-01,"2025 March","1st 20%",934000,"Scss","Unabsorbed Prices"
"59918",2025-03-01,"2025 March","2nd 40%",1138000,"Scss","Unabsorbed Prices"
"59918",2025-03-01,"2025 March","3rd 60%",1150000,"Scss","Unabsorbed Prices"
"59918",2025-03-01,"2025 March","4th 80%",1580000,"Scss","Unabsorbed Prices"
"59918",2025-03-01,"2025 March","Median",1150000,"Scss","Unabsorbed Prices"
"59918",2025-03-01,"2025 March","Average",1225699,"Scss","Unabsorbed Prices"
"59918",2025-03-01,"2025 March","Units",68,"Scss","Unabsorbed Prices"
"59918",2025-04-01,"2025 April","1st 20%",NA,"Scss","Unabsorbed Prices"
"59918",2025-04-01,"2025 April","2nd 40%",NA,"Scss","Unabsorbed Prices"
"59918",2025-04-01,"2025 April","3rd 60%",NA,"Scss","Unabsorbed Prices"
"59918",2025-04-01,"2025 April","4th 80%",NA,"Scss","Unabsorbed Prices"
"59918",2025-04-01,"2025 April","Median",NA,"Scss","Unabsorbed Prices"
"59918",2025-04-01,"2025 April","Average",1573000,"Scss","Unabsorbed Prices"
"59918",2025-04-01,"2025 April","Units",8,"Scss","Unabsorbed Prices"
"59918",2025-05-01,"2025 May","1st 20%",NA,"Scss","Unabsorbed Prices"
"59918",2025-05-01,"2025 May","2nd 40%",NA,"Scss","Unabsorbed Prices"
"59918",2025-05-01,"2025 May","3rd 60%",NA,"Scss","Unabsorbed Prices"
"59918",2025-05-01,"2025 May","4th 80%",NA,"Scss","Unabsorbed Prices"
"59918",2025-05-01,"2025 May","Median",NA,"Scss","Unabsorbed Prices"
"59918",2025-05-01,"2025 May","Average",1652145,"Scss","Unabsorbed Prices"
"59918",2025-05-01,"2025 May","Units",7,"Scss","Unabsorbed Prices"
"59918",2025-06-01,"2025 June","1st 20%",NA,"Scss","Unabsorbed Prices"
"59918",2025-06-01,"2025 June","2nd 40%",NA,"Scss","Unabsorbed Prices"
"59918",2025-06-01,"2025 June","3rd 60%",NA,"Scss","Unabsorbed Prices"
"59918",2025-06-01,"2025 June","4th 80%",NA,"Scss","Unabsorbed Prices"
"59918",2025-06-01,"2025 June","Median",NA,"Scss","Unabsorbed Prices"
"59918",2025-06-01,"2025 June","Average",NA,"Scss","Unabsorbed Prices"
"59918",2025-06-01,"2025 June","Units",3,"Scss","Unabsorbed Prices"
"59918",2025-07-01,"2025 July","1st 20%",NA,"Scss","Unabsorbed Prices"
"59918",2025-07-01,"2025 July","2nd 40%",NA,"Scss","Unabsorbed Prices"
"59918",2025-07-01,"2025 July","3rd 60%",NA,"Scss","Unabsorbed Prices"
"59918",2025-07-01,"2025 July","4th 80%",NA,"Scss","Unabsorbed Prices"
"59918",2025-07-01,"2025 July","Median",NA,"Scss","Unabsorbed Prices"
"59918",2025-07-01,"2025 July","Average",NA,"Scss","Unabsorbed Prices"
"59918",2025-07-01,"2025 July","Units",8,"Scss","Unabsorbed Prices"
"59918",2025-08-01,"2025 August","1st 20%",NA,"Scss","Unabsorbed Prices"
"59918",2025-08-01,"2025 August","2nd 40%",NA,"Scss","Unabsorbed Prices"
"59918",2025-08-01,"2025 August","3rd 60%",NA,"Scss","Unabsorbed Prices"
"59918",2025-08-01,"2025 August","4th 80%",NA,"Scss","Unabsorbed Prices"
"59918",2025-08-01,"2025 August","Median",NA,"Scss","Unabsorbed Prices"
"59918",2025-08-01,"2025 August","Average",1292524,"Scss","Unabsorbed Prices"
"59918",2025-08-01,"2025 August","Units",9,"Scss","Unabsorbed Prices"
"59918",2025-09-01,"2025 September","1st 20%",1441000,"Scss","Unabsorbed Prices"
"59918",2025-09-01,"2025 September","2nd 40%",1685000,"Scss","Unabsorbed Prices"
"59918",2025-09-01,"2025 September","3rd 60%",2179000,"Scss","Unabsorbed Prices"
"59918",2025-09-01,"2025 September","4th 80%",3132000,"Scss","Unabsorbed Prices"
"59918",2025-09-01,"2025 September","Median",1762500,"Scss","Unabsorbed Prices"
"59918",2025-09-01,"2025 September","Average",2118262,"Scss","Unabsorbed Prices"
"59918",2025-09-01,"2025 September","Units",10,"Scss","Unabsorbed Prices"
"59918",2025-10-01,"2025 October","1st 20%",NA,"Scss","Unabsorbed Prices"
"59918",2025-10-01,"2025 October","2nd 40%",NA,"Scss","Unabsorbed Prices"
"59918",2025-10-01,"2025 October","3rd 60%",NA,"Scss","Unabsorbed Prices"
"59918",2025-10-01,"2025 October","4th 80%",NA,"Scss","Unabsorbed Prices"
"59918",2025-10-01,"2025 October","Median",NA,"Scss","Unabsorbed Prices"
"59918",2025-10-01,"2025 October","Average",NA,"Scss","Unabsorbed Prices"
"59918",2025-10-01,"2025 October","Units",6,"Scss","Unabsorbed Prices"
"59918",2025-11-01,"2025 November","1st 20%",NA,"Scss","Unabsorbed Prices"
"59918",2025-11-01,"2025 November","2nd 40%",NA,"Scss","Unabsorbed Prices"
"59918",2025-11-01,"2025 November","3rd 60%",NA,"Scss","Unabsorbed Prices"
"59918",2025-11-01,"2025 November","4th 80%",NA,"Scss","Unabsorbed Prices"
"59918",2025-11-01,"2025 November","Median",NA,"Scss","Unabsorbed Prices"
"59918",2025-11-01,"2025 November","Average",NA,"Scss","Unabsorbed Prices"
"59918",2025-11-01,"2025 November","Units",4,"Scss","Unabsorbed Prices"
"59918",2025-12-01,"2025 December","1st 20%",1376000,"Scss","Unabsorbed Prices"
"59918",2025-12-01,"2025 December","2nd 40%",1486000,"Scss","Unabsorbed Prices"
"59918",2025-12-01,"2025 December","3rd 60%",1787000,"Scss","Unabsorbed Prices"
"59918",2025-12-01,"2025 December","4th 80%",2268000,"Scss","Unabsorbed Prices"
"59918",2025-12-01,"2025 December","Median",1657500,"Scss","Unabsorbed Prices"
"59918",2025-12-01,"2025 December","Average",1828722,"Scss","Unabsorbed Prices"
"59918",2025-12-01,"2025 December","Units",12,"Scss","Unabsorbed Prices"
"59918",2026-01-01,"2026 January","1st 20%",NA,"Scss","Unabsorbed Prices"
"59918",2026-01-01,"2026 January","2nd 40%",NA,"Scss","Unabsorbed Prices"
"59918",2026-01-01,"2026 January","3rd 60%",NA,"Scss","Unabsorbed Prices"
"59918",2026-01-01,"2026 January","4th 80%",NA,"Scss","Unabsorbed Prices"
"59918",2026-01-01,"2026 January","Median",NA,"Scss","Unabsorbed Prices"
"59918",2026-01-01,"2026 January","Average",1892520,"Scss","Unabsorbed Prices"
"59918",2026-01-01,"2026 January","Units",6,"Scss","Unabsorbed Prices"
"59918",2026-02-01,"2026 February","1st 20%",NA,"Scss","Unabsorbed Prices"
"59918",2026-02-01,"2026 February","2nd 40%",NA,"Scss","Unabsorbed Prices"
"59918",2026-02-01,"2026 February","3rd 60%",NA,"Scss","Unabsorbed Prices"
"59918",2026-02-01,"2026 February","4th 80%",NA,"Scss","Unabsorbed Prices"
"59918",2026-02-01,"2026 February","Median",NA,"Scss","Unabsorbed Prices"
"59918",2026-02-01,"2026 February","Average",NA,"Scss","Unabsorbed Prices"
"59918",2026-02-01,"2026 February","Units",7,"Scss","Unabsorbed Prices"
