"GeoUID","Date","DateString","Dwelling Type","Value","Survey","Series"
"35562",1990-01-01,"1990 January","1st 20%",142000,"Scss","Unabsorbed Prices"
"35562",1990-01-01,"1990 January","2nd 40%",154000,"Scss","Unabsorbed Prices"
"35562",1990-01-01,"1990 January","3rd 60%",203000,"Scss","Unabsorbed Prices"
"35562",1990-01-01,"1990 January","4th 80%",256000,"Scss","Unabsorbed Prices"
"35562",1990-01-01,"1990 January","Median",185000,"Scss","Unabsorbed Prices"
"35562",1990-01-01,"1990 January","Average",196484,"Scss","Unabsorbed Prices"
"35562",1990-01-01,"1990 January","Units",31,"Scss","Unabsorbed Prices"
"35562",1990-02-01,"1990 February","1st 20%",137000,"Scss","Unabsorbed Prices"
"35562",1990-02-01,"1990 February","2nd 40%",147000,"Scss","Unabsorbed Prices"
"35562",1990-02-01,"1990 February","3rd 60%",163000,"Scss","Unabsorbed Prices"
"35562",1990-02-01,"1990 February","4th 80%",265000,"Scss","Unabsorbed Prices"
"35562",1990-02-01,"1990 February","Median",150000,"Scss","Unabsorbed Prices"
"35562",1990-02-01,"1990 February","Average",186200,"Scss","Unabsorbed Prices"
"35562",1990-02-01,"1990 February","Units",15,"Scss","Unabsorbed Prices"
"35562",1990-03-01,"1990 March","1st 20%",85000,"Scss","Unabsorbed Prices"
"35562",1990-03-01,"1990 March","2nd 40%",195000,"Scss","Unabsorbed Prices"
"35562",1990-03-01,"1990 March","3rd 60%",217000,"Scss","Unabsorbed Prices"
"35562",1990-03-01,"1990 March","4th 80%",221000,"Scss","Unabsorbed Prices"
"35562",1990-03-01,"1990 March","Median",215000,"Scss","Unabsorbed Prices"
"35562",1990-03-01,"1990 March","Average",196983,"Scss","Unabsorbed Prices"
"35562",1990-03-01,"1990 March","Units",23,"Scss","Unabsorbed Prices"
"35562",1990-04-01,"1990 April","1st 20%",165000,"Scss","Unabsorbed Prices"
"35562",1990-04-01,"1990 April","2nd 40%",175000,"Scss","Unabsorbed Prices"
"35562",1990-04-01,"1990 April","3rd 60%",214000,"Scss","Unabsorbed Prices"
"35562",1990-04-01,"1990 April","4th 80%",266000,"Scss","Unabsorbed Prices"
"35562",1990-04-01,"1990 April","Median",187500,"Scss","Unabsorbed Prices"
"35562",1990-04-01,"1990 April","Average",204433,"Scss","Unabsorbed Prices"
"35562",1990-04-01,"1990 April","Units",18,"Scss","Unabsorbed Prices"
"35562",1990-05-01,"1990 May","1st 20%",165000,"Scss","Unabsorbed Prices"
"35562",1990-05-01,"1990 May","2nd 40%",207000,"Scss","Unabsorbed Prices"
"35562",1990-05-01,"1990 May","3rd 60%",215000,"Scss","Unabsorbed Prices"
"35562",1990-05-01,"1990 May","4th 80%",237000,"Scss","Unabsorbed Prices"
"35562",1990-05-01,"1990 May","Median",215000,"Scss","Unabsorbed Prices"
"35562",1990-05-01,"1990 May","Average",206241,"Scss","Unabsorbed Prices"
"35562",1990-05-01,"1990 May","Units",27,"Scss","Unabsorbed Prices"
"35562",1990-06-01,"1990 June","1st 20%",NA,"Scss","Unabsorbed Prices"
"35562",1990-06-01,"1990 June","2nd 40%",NA,"Scss","Unabsorbed Prices"
"35562",1990-06-01,"1990 June","3rd 60%",NA,"Scss","Unabsorbed Prices"
"35562",1990-06-01,"1990 June","4th 80%",NA,"Scss","Unabsorbed Prices"
"35562",1990-06-01,"1990 June","Median",NA,"Scss","Unabsorbed Prices"
"35562",1990-06-01,"1990 June","Average",211136,"Scss","Unabsorbed Prices"
"35562",1990-06-01,"1990 June","Units",14,"Scss","Unabsorbed Prices"
"35562",1990-07-01,"1990 July","1st 20%",167000,"Scss","Unabsorbed Prices"
"35562",1990-07-01,"1990 July","2nd 40%",216000,"Scss","Unabsorbed Prices"
"35562",1990-07-01,"1990 July","3rd 60%",225000,"Scss","Unabsorbed Prices"
"35562",1990-07-01,"1990 July","4th 80%",245000,"Scss","Unabsorbed Prices"
"35562",1990-07-01,"1990 July","Median",220000,"Scss","Unabsorbed Prices"
"35562",1990-07-01,"1990 July","Average",217176,"Scss","Unabsorbed Prices"
"35562",1990-07-01,"1990 July","Units",17,"Scss","Unabsorbed Prices"
"35562",1990-08-01,"1990 August","1st 20%",NA,"Scss","Unabsorbed Prices"
"35562",1990-08-01,"1990 August","2nd 40%",NA,"Scss","Unabsorbed Prices"
"35562",1990-08-01,"1990 August","3rd 60%",NA,"Scss","Unabsorbed Prices"
"35562",1990-08-01,"1990 August","4th 80%",NA,"Scss","Unabsorbed Prices"
"35562",1990-08-01,"1990 August","Median",NA,"Scss","Unabsorbed Prices"
"35562",1990-08-01,"1990 August","Average",231405,"Scss","Unabsorbed Prices"
"35562",1990-08-01,"1990 August","Units",22,"Scss","Unabsorbed Prices"
"35562",1990-09-01,"1990 September","1st 20%",177000,"Scss","Unabsorbed Prices"
"35562",1990-09-01,"1990 September","2nd 40%",215000,"Scss","Unabsorbed Prices"
"35562",1990-09-01,"1990 September","3rd 60%",223000,"Scss","Unabsorbed Prices"
"35562",1990-09-01,"1990 September","4th 80%",248000,"Scss","Unabsorbed Prices"
"35562",1990-09-01,"1990 September","Median",220000,"Scss","Unabsorbed Prices"
"35562",1990-09-01,"1990 September","Average",216569,"Scss","Unabsorbed Prices"
"35562",1990-09-01,"1990 September","Units",26,"Scss","Unabsorbed Prices"
"35562",1990-10-01,"1990 October","1st 20%",NA,"Scss","Unabsorbed Prices"
"35562",1990-10-01,"1990 October","2nd 40%",NA,"Scss","Unabsorbed Prices"
"35562",1990-10-01,"1990 October","3rd 60%",NA,"Scss","Unabsorbed Prices"
"35562",1990-10-01,"1990 October","4th 80%",NA,"Scss","Unabsorbed Prices"
"35562",1990-10-01,"1990 October","Median",NA,"Scss","Unabsorbed Prices"
"35562",1990-10-01,"1990 October","Average",160900,"Scss","Unabsorbed Prices"
"35562",1990-10-01,"1990 October","Units",5,"Scss","Unabsorbed Prices"
"35562",1990-11-01,"1990 November","1st 20%",147000,"Scss","Unabsorbed Prices"
"35562",1990-11-01,"1990 November","2nd 40%",179000,"Scss","Unabsorbed Prices"
"35562",1990-11-01,"1990 November","3rd 60%",185000,"Scss","Unabsorbed Prices"
"35562",1990-11-01,"1990 November","4th 80%",240000,"Scss","Unabsorbed Prices"
"35562",1990-11-01,"1990 November","Median",180000,"Scss","Unabsorbed Prices"
"35562",1990-11-01,"1990 November","Average",190127,"Scss","Unabsorbed Prices"
"35562",1990-11-01,"1990 November","Units",26,"Scss","Unabsorbed Prices"
"35562",1990-12-01,"1990 December","1st 20%",153000,"Scss","Unabsorbed Prices"
"35562",1990-12-01,"1990 December","2nd 40%",180000,"Scss","Unabsorbed Prices"
"35562",1990-12-01,"1990 December","3rd 60%",185000,"Scss","Unabsorbed Prices"
"35562",1990-12-01,"1990 December","4th 80%",222000,"Scss","Unabsorbed Prices"
"35562",1990-12-01,"1990 December","Median",185000,"Scss","Unabsorbed Prices"
"35562",1990-12-01,"1990 December","Average",190853,"Scss","Unabsorbed Prices"
"35562",1990-12-01,"1990 December","Units",17,"Scss","Unabsorbed Prices"
"35562",1991-01-01,"1991 January","1st 20%",165000,"Scss","Unabsorbed Prices"
"35562",1991-01-01,"1991 January","2nd 40%",175000,"Scss","Unabsorbed Prices"
"35562",1991-01-01,"1991 January","3rd 60%",195000,"Scss","Unabsorbed Prices"
"35562",1991-01-01,"1991 January","4th 80%",210000,"Scss","Unabsorbed Prices"
"35562",1991-01-01,"1991 January","Median",185000,"Scss","Unabsorbed Prices"
"35562",1991-01-01,"1991 January","Average",190929,"Scss","Unabsorbed Prices"
"35562",1991-01-01,"1991 January","Units",26,"Scss","Unabsorbed Prices"
"35562",1991-02-01,"1991 February","1st 20%",NA,"Scss","Unabsorbed Prices"
"35562",1991-02-01,"1991 February","2nd 40%",NA,"Scss","Unabsorbed Prices"
"35562",1991-02-01,"1991 February","3rd 60%",NA,"Scss","Unabsorbed Prices"
"35562",1991-02-01,"1991 February","4th 80%",NA,"Scss","Unabsorbed Prices"
"35562",1991-02-01,"1991 February","Median",NA,"Scss","Unabsorbed Prices"
"35562",1991-02-01,"1991 February","Average",175817,"Scss","Unabsorbed Prices"
"35562",1991-02-01,"1991 February","Units",6,"Scss","Unabsorbed Prices"
"35562",1991-03-01,"1991 March","1st 20%",2e+05,"Scss","Unabsorbed Prices"
"35562",1991-03-01,"1991 March","2nd 40%",215000,"Scss","Unabsorbed Prices"
"35562",1991-03-01,"1991 March","3rd 60%",216000,"Scss","Unabsorbed Prices"
"35562",1991-03-01,"1991 March","4th 80%",245000,"Scss","Unabsorbed Prices"
"35562",1991-03-01,"1991 March","Median",215000,"Scss","Unabsorbed Prices"
"35562",1991-03-01,"1991 March","Average",220750,"Scss","Unabsorbed Prices"
"35562",1991-03-01,"1991 March","Units",16,"Scss","Unabsorbed Prices"
"35562",1991-04-01,"1991 April","1st 20%",NA,"Scss","Unabsorbed Prices"
"35562",1991-04-01,"1991 April","2nd 40%",NA,"Scss","Unabsorbed Prices"
"35562",1991-04-01,"1991 April","3rd 60%",NA,"Scss","Unabsorbed Prices"
"35562",1991-04-01,"1991 April","4th 80%",NA,"Scss","Unabsorbed Prices"
"35562",1991-04-01,"1991 April","Median",NA,"Scss","Unabsorbed Prices"
"35562",1991-04-01,"1991 April","Average",196333,"Scss","Unabsorbed Prices"
"35562",1991-04-01,"1991 April","Units",6,"Scss","Unabsorbed Prices"
"35562",1991-05-01,"1991 May","1st 20%",NA,"Scss","Unabsorbed Prices"
"35562",1991-05-01,"1991 May","2nd 40%",NA,"Scss","Unabsorbed Prices"
"35562",1991-05-01,"1991 May","3rd 60%",NA,"Scss","Unabsorbed Prices"
"35562",1991-05-01,"1991 May","4th 80%",NA,"Scss","Unabsorbed Prices"
"35562",1991-05-01,"1991 May","Median",NA,"Scss","Unabsorbed Prices"
"35562",1991-05-01,"1991 May","Average",208000,"Scss","Unabsorbed Prices"
"35562",1991-05-01,"1991 May","Units",8,"Scss","Unabsorbed Prices"
"35562",1991-06-01,"1991 June","1st 20%",85000,"Scss","Unabsorbed Prices"
"35562",1991-06-01,"1991 June","2nd 40%",157000,"Scss","Unabsorbed Prices"
"35562",1991-06-01,"1991 June","3rd 60%",197000,"Scss","Unabsorbed Prices"
"35562",1991-06-01,"1991 June","4th 80%",227000,"Scss","Unabsorbed Prices"
"35562",1991-06-01,"1991 June","Median",172500,"Scss","Unabsorbed Prices"
"35562",1991-06-01,"1991 June","Average",165089,"Scss","Unabsorbed Prices"
"35562",1991-06-01,"1991 June","Units",22,"Scss","Unabsorbed Prices"
"35562",1991-07-01,"1991 July","1st 20%",152000,"Scss","Unabsorbed Prices"
"35562",1991-07-01,"1991 July","2nd 40%",190000,"Scss","Unabsorbed Prices"
"35562",1991-07-01,"1991 July","3rd 60%",215000,"Scss","Unabsorbed Prices"
"35562",1991-07-01,"1991 July","4th 80%",234000,"Scss","Unabsorbed Prices"
"35562",1991-07-01,"1991 July","Median",210000,"Scss","Unabsorbed Prices"
"35562",1991-07-01,"1991 July","Average",195485,"Scss","Unabsorbed Prices"
"35562",1991-07-01,"1991 July","Units",13,"Scss","Unabsorbed Prices"
"35562",1991-08-01,"1991 August","1st 20%",NA,"Scss","Unabsorbed Prices"
"35562",1991-08-01,"1991 August","2nd 40%",NA,"Scss","Unabsorbed Prices"
"35562",1991-08-01,"1991 August","3rd 60%",NA,"Scss","Unabsorbed Prices"
"35562",1991-08-01,"1991 August","4th 80%",NA,"Scss","Unabsorbed Prices"
"35562",1991-08-01,"1991 August","Median",NA,"Scss","Unabsorbed Prices"
"35562",1991-08-01,"1991 August","Average",181556,"Scss","Unabsorbed Prices"
"35562",1991-08-01,"1991 August","Units",4,"Scss","Unabsorbed Prices"
"35562",1991-09-01,"1991 September","1st 20%",181000,"Scss","Unabsorbed Prices"
"35562",1991-09-01,"1991 September","2nd 40%",188000,"Scss","Unabsorbed Prices"
"35562",1991-09-01,"1991 September","3rd 60%",197000,"Scss","Unabsorbed Prices"
"35562",1991-09-01,"1991 September","4th 80%",211000,"Scss","Unabsorbed Prices"
"35562",1991-09-01,"1991 September","Median",190000,"Scss","Unabsorbed Prices"
"35562",1991-09-01,"1991 September","Average",193846,"Scss","Unabsorbed Prices"
"35562",1991-09-01,"1991 September","Units",14,"Scss","Unabsorbed Prices"
"35562",1991-10-01,"1991 October","1st 20%",186000,"Scss","Unabsorbed Prices"
"35562",1991-10-01,"1991 October","2nd 40%",190000,"Scss","Unabsorbed Prices"
"35562",1991-10-01,"1991 October","3rd 60%",205000,"Scss","Unabsorbed Prices"
"35562",1991-10-01,"1991 October","4th 80%",215000,"Scss","Unabsorbed Prices"
"35562",1991-10-01,"1991 October","Median",205000,"Scss","Unabsorbed Prices"
"35562",1991-10-01,"1991 October","Average",197733,"Scss","Unabsorbed Prices"
"35562",1991-10-01,"1991 October","Units",15,"Scss","Unabsorbed Prices"
"35562",1991-11-01,"1991 November","1st 20%",145000,"Scss","Unabsorbed Prices"
"35562",1991-11-01,"1991 November","2nd 40%",173000,"Scss","Unabsorbed Prices"
"35562",1991-11-01,"1991 November","3rd 60%",210000,"Scss","Unabsorbed Prices"
"35562",1991-11-01,"1991 November","4th 80%",255000,"Scss","Unabsorbed Prices"
"35562",1991-11-01,"1991 November","Median",187500,"Scss","Unabsorbed Prices"
"35562",1991-11-01,"1991 November","Average",201917,"Scss","Unabsorbed Prices"
"35562",1991-11-01,"1991 November","Units",12,"Scss","Unabsorbed Prices"
"35562",1991-12-01,"1991 December","1st 20%",NA,"Scss","Unabsorbed Prices"
"35562",1991-12-01,"1991 December","2nd 40%",NA,"Scss","Unabsorbed Prices"
"35562",1991-12-01,"1991 December","3rd 60%",NA,"Scss","Unabsorbed Prices"
"35562",1991-12-01,"1991 December","4th 80%",NA,"Scss","Unabsorbed Prices"
"35562",1991-12-01,"1991 December","Median",NA,"Scss","Unabsorbed Prices"
"35562",1991-12-01,"1991 December","Average",224656,"Scss","Unabsorbed Prices"
"35562",1991-12-01,"1991 December","Units",9,"Scss","Unabsorbed Prices"
"35562",1992-01-01,"1992 January","1st 20%",168000,"Scss","Unabsorbed Prices"
"35562",1992-01-01,"1992 January","2nd 40%",222000,"Scss","Unabsorbed Prices"
"35562",1992-01-01,"1992 January","3rd 60%",228000,"Scss","Unabsorbed Prices"
"35562",1992-01-01,"1992 January","4th 80%",245000,"Scss","Unabsorbed Prices"
"35562",1992-01-01,"1992 January","Median",225000,"Scss","Unabsorbed Prices"
"35562",1992-01-01,"1992 January","Average",211600,"Scss","Unabsorbed Prices"
"35562",1992-01-01,"1992 January","Units",17,"Scss","Unabsorbed Prices"
"35562",1992-02-01,"1992 February","1st 20%",136000,"Scss","Unabsorbed Prices"
"35562",1992-02-01,"1992 February","2nd 40%",149000,"Scss","Unabsorbed Prices"
"35562",1992-02-01,"1992 February","3rd 60%",176000,"Scss","Unabsorbed Prices"
"35562",1992-02-01,"1992 February","4th 80%",188000,"Scss","Unabsorbed Prices"
"35562",1992-02-01,"1992 February","Median",162500,"Scss","Unabsorbed Prices"
"35562",1992-02-01,"1992 February","Average",166050,"Scss","Unabsorbed Prices"
"35562",1992-02-01,"1992 February","Units",16,"Scss","Unabsorbed Prices"
"35562",1992-03-01,"1992 March","1st 20%",145000,"Scss","Unabsorbed Prices"
"35562",1992-03-01,"1992 March","2nd 40%",176000,"Scss","Unabsorbed Prices"
"35562",1992-03-01,"1992 March","3rd 60%",235000,"Scss","Unabsorbed Prices"
"35562",1992-03-01,"1992 March","4th 80%",273000,"Scss","Unabsorbed Prices"
"35562",1992-03-01,"1992 March","Median",230000,"Scss","Unabsorbed Prices"
"35562",1992-03-01,"1992 March","Average",214253,"Scss","Unabsorbed Prices"
"35562",1992-03-01,"1992 March","Units",17,"Scss","Unabsorbed Prices"
"35562",1992-04-01,"1992 April","1st 20%",146000,"Scss","Unabsorbed Prices"
"35562",1992-04-01,"1992 April","2nd 40%",175000,"Scss","Unabsorbed Prices"
"35562",1992-04-01,"1992 April","3rd 60%",187000,"Scss","Unabsorbed Prices"
"35562",1992-04-01,"1992 April","4th 80%",235000,"Scss","Unabsorbed Prices"
"35562",1992-04-01,"1992 April","Median",180000,"Scss","Unabsorbed Prices"
"35562",1992-04-01,"1992 April","Average",181754,"Scss","Unabsorbed Prices"
"35562",1992-04-01,"1992 April","Units",13,"Scss","Unabsorbed Prices"
"35562",1992-05-01,"1992 May","1st 20%",NA,"Scss","Unabsorbed Prices"
"35562",1992-05-01,"1992 May","2nd 40%",NA,"Scss","Unabsorbed Prices"
"35562",1992-05-01,"1992 May","3rd 60%",NA,"Scss","Unabsorbed Prices"
"35562",1992-05-01,"1992 May","4th 80%",NA,"Scss","Unabsorbed Prices"
"35562",1992-05-01,"1992 May","Median",NA,"Scss","Unabsorbed Prices"
"35562",1992-05-01,"1992 May","Average",214363,"Scss","Unabsorbed Prices"
"35562",1992-05-01,"1992 May","Units",8,"Scss","Unabsorbed Prices"
"35562",1992-06-01,"1992 June","1st 20%",180000,"Scss","Unabsorbed Prices"
"35562",1992-06-01,"1992 June","2nd 40%",195000,"Scss","Unabsorbed Prices"
"35562",1992-06-01,"1992 June","3rd 60%",210000,"Scss","Unabsorbed Prices"
"35562",1992-06-01,"1992 June","4th 80%",235000,"Scss","Unabsorbed Prices"
"35562",1992-06-01,"1992 June","Median",2e+05,"Scss","Unabsorbed Prices"
"35562",1992-06-01,"1992 June","Average",204604,"Scss","Unabsorbed Prices"
"35562",1992-06-01,"1992 June","Units",30,"Scss","Unabsorbed Prices"
"35562",1992-07-01,"1992 July","1st 20%",NA,"Scss","Unabsorbed Prices"
"35562",1992-07-01,"1992 July","2nd 40%",NA,"Scss","Unabsorbed Prices"
"35562",1992-07-01,"1992 July","3rd 60%",NA,"Scss","Unabsorbed Prices"
"35562",1992-07-01,"1992 July","4th 80%",NA,"Scss","Unabsorbed Prices"
"35562",1992-07-01,"1992 July","Median",NA,"Scss","Unabsorbed Prices"
"35562",1992-07-01,"1992 July","Average",256983,"Scss","Unabsorbed Prices"
"35562",1992-07-01,"1992 July","Units",18,"Scss","Unabsorbed Prices"
"35562",1992-08-01,"1992 August","1st 20%",141000,"Scss","Unabsorbed Prices"
"35562",1992-08-01,"1992 August","2nd 40%",185000,"Scss","Unabsorbed Prices"
"35562",1992-08-01,"1992 August","3rd 60%",199000,"Scss","Unabsorbed Prices"
"35562",1992-08-01,"1992 August","4th 80%",231000,"Scss","Unabsorbed Prices"
"35562",1992-08-01,"1992 August","Median",190000,"Scss","Unabsorbed Prices"
"35562",1992-08-01,"1992 August","Average",208891,"Scss","Unabsorbed Prices"
"35562",1992-08-01,"1992 August","Units",13,"Scss","Unabsorbed Prices"
"35562",1992-09-01,"1992 September","1st 20%",167000,"Scss","Unabsorbed Prices"
"35562",1992-09-01,"1992 September","2nd 40%",189000,"Scss","Unabsorbed Prices"
"35562",1992-09-01,"1992 September","3rd 60%",245000,"Scss","Unabsorbed Prices"
"35562",1992-09-01,"1992 September","4th 80%",263000,"Scss","Unabsorbed Prices"
"35562",1992-09-01,"1992 September","Median",245000,"Scss","Unabsorbed Prices"
"35562",1992-09-01,"1992 September","Average",220757,"Scss","Unabsorbed Prices"
"35562",1992-09-01,"1992 September","Units",21,"Scss","Unabsorbed Prices"
"35562",1992-10-01,"1992 October","1st 20%",NA,"Scss","Unabsorbed Prices"
"35562",1992-10-01,"1992 October","2nd 40%",NA,"Scss","Unabsorbed Prices"
"35562",1992-10-01,"1992 October","3rd 60%",NA,"Scss","Unabsorbed Prices"
"35562",1992-10-01,"1992 October","4th 80%",NA,"Scss","Unabsorbed Prices"
"35562",1992-10-01,"1992 October","Median",NA,"Scss","Unabsorbed Prices"
"35562",1992-10-01,"1992 October","Average",233421,"Scss","Unabsorbed Prices"
"35562",1992-10-01,"1992 October","Units",14,"Scss","Unabsorbed Prices"
"35562",1992-11-01,"1992 November","1st 20%",NA,"Scss","Unabsorbed Prices"
"35562",1992-11-01,"1992 November","2nd 40%",NA,"Scss","Unabsorbed Prices"
"35562",1992-11-01,"1992 November","3rd 60%",NA,"Scss","Unabsorbed Prices"
"35562",1992-11-01,"1992 November","4th 80%",NA,"Scss","Unabsorbed Prices"
"35562",1992-11-01,"1992 November","Median",NA,"Scss","Unabsorbed Prices"
"35562",1992-11-01,"1992 November","Average",190523,"Scss","Unabsorbed Prices"
"35562",1992-11-01,"1992 November","Units",13,"Scss","Unabsorbed Prices"
"35562",1992-12-01,"1992 December","1st 20%",NA,"Scss","Unabsorbed Prices"
"35562",1992-12-01,"1992 December","2nd 40%",NA,"Scss","Unabsorbed Prices"
"35562",1992-12-01,"1992 December","3rd 60%",NA,"Scss","Unabsorbed Prices"
"35562",1992-12-01,"1992 December","4th 80%",NA,"Scss","Unabsorbed Prices"
"35562",1992-12-01,"1992 December","Median",NA,"Scss","Unabsorbed Prices"
"35562",1992-12-01,"1992 December","Average",187091,"Scss","Unabsorbed Prices"
"35562",1992-12-01,"1992 December","Units",11,"Scss","Unabsorbed Prices"
"35562",1993-01-01,"1993 January","1st 20%",196000,"Scss","Unabsorbed Prices"
"35562",1993-01-01,"1993 January","2nd 40%",229000,"Scss","Unabsorbed Prices"
"35562",1993-01-01,"1993 January","3rd 60%",263000,"Scss","Unabsorbed Prices"
"35562",1993-01-01,"1993 January","4th 80%",331000,"Scss","Unabsorbed Prices"
"35562",1993-01-01,"1993 January","Median",250000,"Scss","Unabsorbed Prices"
"35562",1993-01-01,"1993 January","Average",260042,"Scss","Unabsorbed Prices"
"35562",1993-01-01,"1993 January","Units",12,"Scss","Unabsorbed Prices"
"35562",1993-02-01,"1993 February","1st 20%",NA,"Scss","Unabsorbed Prices"
"35562",1993-02-01,"1993 February","2nd 40%",NA,"Scss","Unabsorbed Prices"
"35562",1993-02-01,"1993 February","3rd 60%",NA,"Scss","Unabsorbed Prices"
"35562",1993-02-01,"1993 February","4th 80%",NA,"Scss","Unabsorbed Prices"
"35562",1993-02-01,"1993 February","Median",NA,"Scss","Unabsorbed Prices"
"35562",1993-02-01,"1993 February","Average",NA,"Scss","Unabsorbed Prices"
"35562",1993-02-01,"1993 February","Units",1,"Scss","Unabsorbed Prices"
"35562",1993-03-01,"1993 March","1st 20%",NA,"Scss","Unabsorbed Prices"
"35562",1993-03-01,"1993 March","2nd 40%",NA,"Scss","Unabsorbed Prices"
"35562",1993-03-01,"1993 March","3rd 60%",NA,"Scss","Unabsorbed Prices"
"35562",1993-03-01,"1993 March","4th 80%",NA,"Scss","Unabsorbed Prices"
"35562",1993-03-01,"1993 March","Median",NA,"Scss","Unabsorbed Prices"
"35562",1993-03-01,"1993 March","Average",NA,"Scss","Unabsorbed Prices"
"35562",1993-03-01,"1993 March","Units",6,"Scss","Unabsorbed Prices"
"35562",1993-04-01,"1993 April","1st 20%",NA,"Scss","Unabsorbed Prices"
"35562",1993-04-01,"1993 April","2nd 40%",NA,"Scss","Unabsorbed Prices"
"35562",1993-04-01,"1993 April","3rd 60%",NA,"Scss","Unabsorbed Prices"
"35562",1993-04-01,"1993 April","4th 80%",NA,"Scss","Unabsorbed Prices"
"35562",1993-04-01,"1993 April","Median",NA,"Scss","Unabsorbed Prices"
"35562",1993-04-01,"1993 April","Average",193875,"Scss","Unabsorbed Prices"
"35562",1993-04-01,"1993 April","Units",8,"Scss","Unabsorbed Prices"
"35562",1993-05-01,"1993 May","1st 20%",160000,"Scss","Unabsorbed Prices"
"35562",1993-05-01,"1993 May","2nd 40%",171000,"Scss","Unabsorbed Prices"
"35562",1993-05-01,"1993 May","3rd 60%",189000,"Scss","Unabsorbed Prices"
"35562",1993-05-01,"1993 May","4th 80%",243000,"Scss","Unabsorbed Prices"
"35562",1993-05-01,"1993 May","Median",180000,"Scss","Unabsorbed Prices"
"35562",1993-05-01,"1993 May","Average",198583,"Scss","Unabsorbed Prices"
"35562",1993-05-01,"1993 May","Units",14,"Scss","Unabsorbed Prices"
"35562",1993-06-01,"1993 June","1st 20%",170000,"Scss","Unabsorbed Prices"
"35562",1993-06-01,"1993 June","2nd 40%",185000,"Scss","Unabsorbed Prices"
"35562",1993-06-01,"1993 June","3rd 60%",193000,"Scss","Unabsorbed Prices"
"35562",1993-06-01,"1993 June","4th 80%",231000,"Scss","Unabsorbed Prices"
"35562",1993-06-01,"1993 June","Median",185000,"Scss","Unabsorbed Prices"
"35562",1993-06-01,"1993 June","Average",202714,"Scss","Unabsorbed Prices"
"35562",1993-06-01,"1993 June","Units",21,"Scss","Unabsorbed Prices"
"35562",1993-07-01,"1993 July","1st 20%",175000,"Scss","Unabsorbed Prices"
"35562",1993-07-01,"1993 July","2nd 40%",207000,"Scss","Unabsorbed Prices"
"35562",1993-07-01,"1993 July","3rd 60%",235000,"Scss","Unabsorbed Prices"
"35562",1993-07-01,"1993 July","4th 80%",249000,"Scss","Unabsorbed Prices"
"35562",1993-07-01,"1993 July","Median",225000,"Scss","Unabsorbed Prices"
"35562",1993-07-01,"1993 July","Average",222556,"Scss","Unabsorbed Prices"
"35562",1993-07-01,"1993 July","Units",18,"Scss","Unabsorbed Prices"
"35562",1993-08-01,"1993 August","1st 20%",160000,"Scss","Unabsorbed Prices"
"35562",1993-08-01,"1993 August","2nd 40%",165000,"Scss","Unabsorbed Prices"
"35562",1993-08-01,"1993 August","3rd 60%",212000,"Scss","Unabsorbed Prices"
"35562",1993-08-01,"1993 August","4th 80%",245000,"Scss","Unabsorbed Prices"
"35562",1993-08-01,"1993 August","Median",175000,"Scss","Unabsorbed Prices"
"35562",1993-08-01,"1993 August","Average",197800,"Scss","Unabsorbed Prices"
"35562",1993-08-01,"1993 August","Units",20,"Scss","Unabsorbed Prices"
"35562",1993-09-01,"1993 September","1st 20%",NA,"Scss","Unabsorbed Prices"
"35562",1993-09-01,"1993 September","2nd 40%",NA,"Scss","Unabsorbed Prices"
"35562",1993-09-01,"1993 September","3rd 60%",NA,"Scss","Unabsorbed Prices"
"35562",1993-09-01,"1993 September","4th 80%",NA,"Scss","Unabsorbed Prices"
"35562",1993-09-01,"1993 September","Median",NA,"Scss","Unabsorbed Prices"
"35562",1993-09-01,"1993 September","Average",194556,"Scss","Unabsorbed Prices"
"35562",1993-09-01,"1993 September","Units",9,"Scss","Unabsorbed Prices"
"35562",1993-10-01,"1993 October","1st 20%",175000,"Scss","Unabsorbed Prices"
"35562",1993-10-01,"1993 October","2nd 40%",202000,"Scss","Unabsorbed Prices"
"35562",1993-10-01,"1993 October","3rd 60%",235000,"Scss","Unabsorbed Prices"
"35562",1993-10-01,"1993 October","4th 80%",245000,"Scss","Unabsorbed Prices"
"35562",1993-10-01,"1993 October","Median",235000,"Scss","Unabsorbed Prices"
"35562",1993-10-01,"1993 October","Average",232846,"Scss","Unabsorbed Prices"
"35562",1993-10-01,"1993 October","Units",26,"Scss","Unabsorbed Prices"
"35562",1993-11-01,"1993 November","1st 20%",141000,"Scss","Unabsorbed Prices"
"35562",1993-11-01,"1993 November","2nd 40%",165000,"Scss","Unabsorbed Prices"
"35562",1993-11-01,"1993 November","3rd 60%",175000,"Scss","Unabsorbed Prices"
"35562",1993-11-01,"1993 November","4th 80%",231000,"Scss","Unabsorbed Prices"
"35562",1993-11-01,"1993 November","Median",165000,"Scss","Unabsorbed Prices"
"35562",1993-11-01,"1993 November","Average",189706,"Scss","Unabsorbed Prices"
"35562",1993-11-01,"1993 November","Units",17,"Scss","Unabsorbed Prices"
"35562",1993-12-01,"1993 December","1st 20%",163000,"Scss","Unabsorbed Prices"
"35562",1993-12-01,"1993 December","2nd 40%",170000,"Scss","Unabsorbed Prices"
"35562",1993-12-01,"1993 December","3rd 60%",183000,"Scss","Unabsorbed Prices"
"35562",1993-12-01,"1993 December","4th 80%",223000,"Scss","Unabsorbed Prices"
"35562",1993-12-01,"1993 December","Median",175000,"Scss","Unabsorbed Prices"
"35562",1993-12-01,"1993 December","Average",182086,"Scss","Unabsorbed Prices"
"35562",1993-12-01,"1993 December","Units",22,"Scss","Unabsorbed Prices"
"35562",1994-01-01,"1994 January","1st 20%",122000,"Scss","Unabsorbed Prices"
"35562",1994-01-01,"1994 January","2nd 40%",165000,"Scss","Unabsorbed Prices"
"35562",1994-01-01,"1994 January","3rd 60%",181000,"Scss","Unabsorbed Prices"
"35562",1994-01-01,"1994 January","4th 80%",238000,"Scss","Unabsorbed Prices"
"35562",1994-01-01,"1994 January","Median",175000,"Scss","Unabsorbed Prices"
"35562",1994-01-01,"1994 January","Average",198065,"Scss","Unabsorbed Prices"
"35562",1994-01-01,"1994 January","Units",32,"Scss","Unabsorbed Prices"
"35562",1994-02-01,"1994 February","1st 20%",NA,"Scss","Unabsorbed Prices"
"35562",1994-02-01,"1994 February","2nd 40%",NA,"Scss","Unabsorbed Prices"
"35562",1994-02-01,"1994 February","3rd 60%",NA,"Scss","Unabsorbed Prices"
"35562",1994-02-01,"1994 February","4th 80%",NA,"Scss","Unabsorbed Prices"
"35562",1994-02-01,"1994 February","Median",NA,"Scss","Unabsorbed Prices"
"35562",1994-02-01,"1994 February","Average",190000,"Scss","Unabsorbed Prices"
"35562",1994-02-01,"1994 February","Units",6,"Scss","Unabsorbed Prices"
"35562",1994-03-01,"1994 March","1st 20%",NA,"Scss","Unabsorbed Prices"
"35562",1994-03-01,"1994 March","2nd 40%",NA,"Scss","Unabsorbed Prices"
"35562",1994-03-01,"1994 March","3rd 60%",NA,"Scss","Unabsorbed Prices"
"35562",1994-03-01,"1994 March","4th 80%",NA,"Scss","Unabsorbed Prices"
"35562",1994-03-01,"1994 March","Median",NA,"Scss","Unabsorbed Prices"
"35562",1994-03-01,"1994 March","Average",200625,"Scss","Unabsorbed Prices"
"35562",1994-03-01,"1994 March","Units",8,"Scss","Unabsorbed Prices"
"35562",1994-04-01,"1994 April","1st 20%",NA,"Scss","Unabsorbed Prices"
"35562",1994-04-01,"1994 April","2nd 40%",NA,"Scss","Unabsorbed Prices"
"35562",1994-04-01,"1994 April","3rd 60%",NA,"Scss","Unabsorbed Prices"
"35562",1994-04-01,"1994 April","4th 80%",NA,"Scss","Unabsorbed Prices"
"35562",1994-04-01,"1994 April","Median",NA,"Scss","Unabsorbed Prices"
"35562",1994-04-01,"1994 April","Average",183986,"Scss","Unabsorbed Prices"
"35562",1994-04-01,"1994 April","Units",7,"Scss","Unabsorbed Prices"
"35562",1994-05-01,"1994 May","1st 20%",155000,"Scss","Unabsorbed Prices"
"35562",1994-05-01,"1994 May","2nd 40%",174000,"Scss","Unabsorbed Prices"
"35562",1994-05-01,"1994 May","3rd 60%",180000,"Scss","Unabsorbed Prices"
"35562",1994-05-01,"1994 May","4th 80%",196000,"Scss","Unabsorbed Prices"
"35562",1994-05-01,"1994 May","Median",180000,"Scss","Unabsorbed Prices"
"35562",1994-05-01,"1994 May","Average",181357,"Scss","Unabsorbed Prices"
"35562",1994-05-01,"1994 May","Units",21,"Scss","Unabsorbed Prices"
"35562",1994-06-01,"1994 June","1st 20%",155000,"Scss","Unabsorbed Prices"
"35562",1994-06-01,"1994 June","2nd 40%",160000,"Scss","Unabsorbed Prices"
"35562",1994-06-01,"1994 June","3rd 60%",180000,"Scss","Unabsorbed Prices"
"35562",1994-06-01,"1994 June","4th 80%",208000,"Scss","Unabsorbed Prices"
"35562",1994-06-01,"1994 June","Median",170000,"Scss","Unabsorbed Prices"
"35562",1994-06-01,"1994 June","Average",176675,"Scss","Unabsorbed Prices"
"35562",1994-06-01,"1994 June","Units",22,"Scss","Unabsorbed Prices"
"35562",1994-07-01,"1994 July","1st 20%",160000,"Scss","Unabsorbed Prices"
"35562",1994-07-01,"1994 July","2nd 40%",170000,"Scss","Unabsorbed Prices"
"35562",1994-07-01,"1994 July","3rd 60%",190000,"Scss","Unabsorbed Prices"
"35562",1994-07-01,"1994 July","4th 80%",240000,"Scss","Unabsorbed Prices"
"35562",1994-07-01,"1994 July","Median",172500,"Scss","Unabsorbed Prices"
"35562",1994-07-01,"1994 July","Average",196043,"Scss","Unabsorbed Prices"
"35562",1994-07-01,"1994 July","Units",14,"Scss","Unabsorbed Prices"
"35562",1994-08-01,"1994 August","1st 20%",151000,"Scss","Unabsorbed Prices"
"35562",1994-08-01,"1994 August","2nd 40%",160000,"Scss","Unabsorbed Prices"
"35562",1994-08-01,"1994 August","3rd 60%",164000,"Scss","Unabsorbed Prices"
"35562",1994-08-01,"1994 August","4th 80%",198000,"Scss","Unabsorbed Prices"
"35562",1994-08-01,"1994 August","Median",160000,"Scss","Unabsorbed Prices"
"35562",1994-08-01,"1994 August","Average",178642,"Scss","Unabsorbed Prices"
"35562",1994-08-01,"1994 August","Units",12,"Scss","Unabsorbed Prices"
"35562",1994-09-01,"1994 September","1st 20%",160000,"Scss","Unabsorbed Prices"
"35562",1994-09-01,"1994 September","2nd 40%",169000,"Scss","Unabsorbed Prices"
"35562",1994-09-01,"1994 September","3rd 60%",170000,"Scss","Unabsorbed Prices"
"35562",1994-09-01,"1994 September","4th 80%",206000,"Scss","Unabsorbed Prices"
"35562",1994-09-01,"1994 September","Median",170000,"Scss","Unabsorbed Prices"
"35562",1994-09-01,"1994 September","Average",181100,"Scss","Unabsorbed Prices"
"35562",1994-09-01,"1994 September","Units",16,"Scss","Unabsorbed Prices"
"35562",1994-10-01,"1994 October","1st 20%",157000,"Scss","Unabsorbed Prices"
"35562",1994-10-01,"1994 October","2nd 40%",182000,"Scss","Unabsorbed Prices"
"35562",1994-10-01,"1994 October","3rd 60%",232000,"Scss","Unabsorbed Prices"
"35562",1994-10-01,"1994 October","4th 80%",248000,"Scss","Unabsorbed Prices"
"35562",1994-10-01,"1994 October","Median",225000,"Scss","Unabsorbed Prices"
"35562",1994-10-01,"1994 October","Average",208250,"Scss","Unabsorbed Prices"
"35562",1994-10-01,"1994 October","Units",16,"Scss","Unabsorbed Prices"
"35562",1994-11-01,"1994 November","1st 20%",155000,"Scss","Unabsorbed Prices"
"35562",1994-11-01,"1994 November","2nd 40%",176000,"Scss","Unabsorbed Prices"
"35562",1994-11-01,"1994 November","3rd 60%",234000,"Scss","Unabsorbed Prices"
"35562",1994-11-01,"1994 November","4th 80%",321000,"Scss","Unabsorbed Prices"
"35562",1994-11-01,"1994 November","Median",195000,"Scss","Unabsorbed Prices"
"35562",1994-11-01,"1994 November","Average",236100,"Scss","Unabsorbed Prices"
"35562",1994-11-01,"1994 November","Units",23,"Scss","Unabsorbed Prices"
"35562",1994-12-01,"1994 December","1st 20%",NA,"Scss","Unabsorbed Prices"
"35562",1994-12-01,"1994 December","2nd 40%",NA,"Scss","Unabsorbed Prices"
"35562",1994-12-01,"1994 December","3rd 60%",NA,"Scss","Unabsorbed Prices"
"35562",1994-12-01,"1994 December","4th 80%",NA,"Scss","Unabsorbed Prices"
"35562",1994-12-01,"1994 December","Median",NA,"Scss","Unabsorbed Prices"
"35562",1994-12-01,"1994 December","Average",286556,"Scss","Unabsorbed Prices"
"35562",1994-12-01,"1994 December","Units",9,"Scss","Unabsorbed Prices"
"35562",1995-01-01,"1995 January","1st 20%",NA,"Scss","Unabsorbed Prices"
"35562",1995-01-01,"1995 January","2nd 40%",NA,"Scss","Unabsorbed Prices"
"35562",1995-01-01,"1995 January","3rd 60%",NA,"Scss","Unabsorbed Prices"
"35562",1995-01-01,"1995 January","4th 80%",NA,"Scss","Unabsorbed Prices"
"35562",1995-01-01,"1995 January","Median",NA,"Scss","Unabsorbed Prices"
"35562",1995-01-01,"1995 January","Average",204257,"Scss","Unabsorbed Prices"
"35562",1995-01-01,"1995 January","Units",7,"Scss","Unabsorbed Prices"
"35562",1995-02-01,"1995 February","1st 20%",NA,"Scss","Unabsorbed Prices"
"35562",1995-02-01,"1995 February","2nd 40%",NA,"Scss","Unabsorbed Prices"
"35562",1995-02-01,"1995 February","3rd 60%",NA,"Scss","Unabsorbed Prices"
"35562",1995-02-01,"1995 February","4th 80%",NA,"Scss","Unabsorbed Prices"
"35562",1995-02-01,"1995 February","Median",NA,"Scss","Unabsorbed Prices"
"35562",1995-02-01,"1995 February","Average",NA,"Scss","Unabsorbed Prices"
"35562",1995-02-01,"1995 February","Units",2,"Scss","Unabsorbed Prices"
"35562",1995-03-01,"1995 March","1st 20%",147000,"Scss","Unabsorbed Prices"
"35562",1995-03-01,"1995 March","2nd 40%",168000,"Scss","Unabsorbed Prices"
"35562",1995-03-01,"1995 March","3rd 60%",176000,"Scss","Unabsorbed Prices"
"35562",1995-03-01,"1995 March","4th 80%",188000,"Scss","Unabsorbed Prices"
"35562",1995-03-01,"1995 March","Median",170000,"Scss","Unabsorbed Prices"
"35562",1995-03-01,"1995 March","Average",175800,"Scss","Unabsorbed Prices"
"35562",1995-03-01,"1995 March","Units",11,"Scss","Unabsorbed Prices"
"35562",1995-04-01,"1995 April","1st 20%",NA,"Scss","Unabsorbed Prices"
"35562",1995-04-01,"1995 April","2nd 40%",NA,"Scss","Unabsorbed Prices"
"35562",1995-04-01,"1995 April","3rd 60%",NA,"Scss","Unabsorbed Prices"
"35562",1995-04-01,"1995 April","4th 80%",NA,"Scss","Unabsorbed Prices"
"35562",1995-04-01,"1995 April","Median",NA,"Scss","Unabsorbed Prices"
"35562",1995-04-01,"1995 April","Average",180000,"Scss","Unabsorbed Prices"
"35562",1995-04-01,"1995 April","Units",5,"Scss","Unabsorbed Prices"
"35562",1995-05-01,"1995 May","1st 20%",NA,"Scss","Unabsorbed Prices"
"35562",1995-05-01,"1995 May","2nd 40%",NA,"Scss","Unabsorbed Prices"
"35562",1995-05-01,"1995 May","3rd 60%",NA,"Scss","Unabsorbed Prices"
"35562",1995-05-01,"1995 May","4th 80%",NA,"Scss","Unabsorbed Prices"
"35562",1995-05-01,"1995 May","Median",NA,"Scss","Unabsorbed Prices"
"35562",1995-05-01,"1995 May","Average",173300,"Scss","Unabsorbed Prices"
"35562",1995-05-01,"1995 May","Units",6,"Scss","Unabsorbed Prices"
"35562",1995-06-01,"1995 June","1st 20%",NA,"Scss","Unabsorbed Prices"
"35562",1995-06-01,"1995 June","2nd 40%",NA,"Scss","Unabsorbed Prices"
"35562",1995-06-01,"1995 June","3rd 60%",NA,"Scss","Unabsorbed Prices"
"35562",1995-06-01,"1995 June","4th 80%",NA,"Scss","Unabsorbed Prices"
"35562",1995-06-01,"1995 June","Median",NA,"Scss","Unabsorbed Prices"
"35562",1995-06-01,"1995 June","Average",159000,"Scss","Unabsorbed Prices"
"35562",1995-06-01,"1995 June","Units",4,"Scss","Unabsorbed Prices"
"35562",1995-07-01,"1995 July","1st 20%",NA,"Scss","Unabsorbed Prices"
"35562",1995-07-01,"1995 July","2nd 40%",NA,"Scss","Unabsorbed Prices"
"35562",1995-07-01,"1995 July","3rd 60%",NA,"Scss","Unabsorbed Prices"
"35562",1995-07-01,"1995 July","4th 80%",NA,"Scss","Unabsorbed Prices"
"35562",1995-07-01,"1995 July","Median",NA,"Scss","Unabsorbed Prices"
"35562",1995-07-01,"1995 July","Average",152529,"Scss","Unabsorbed Prices"
"35562",1995-07-01,"1995 July","Units",8,"Scss","Unabsorbed Prices"
"35562",1995-08-01,"1995 August","1st 20%",NA,"Scss","Unabsorbed Prices"
"35562",1995-08-01,"1995 August","2nd 40%",NA,"Scss","Unabsorbed Prices"
"35562",1995-08-01,"1995 August","3rd 60%",NA,"Scss","Unabsorbed Prices"
"35562",1995-08-01,"1995 August","4th 80%",NA,"Scss","Unabsorbed Prices"
"35562",1995-08-01,"1995 August","Median",NA,"Scss","Unabsorbed Prices"
"35562",1995-08-01,"1995 August","Average",178717,"Scss","Unabsorbed Prices"
"35562",1995-08-01,"1995 August","Units",6,"Scss","Unabsorbed Prices"
"35562",1995-09-01,"1995 September","1st 20%",NA,"Scss","Unabsorbed Prices"
"35562",1995-09-01,"1995 September","2nd 40%",NA,"Scss","Unabsorbed Prices"
"35562",1995-09-01,"1995 September","3rd 60%",NA,"Scss","Unabsorbed Prices"
"35562",1995-09-01,"1995 September","4th 80%",NA,"Scss","Unabsorbed Prices"
"35562",1995-09-01,"1995 September","Median",NA,"Scss","Unabsorbed Prices"
"35562",1995-09-01,"1995 September","Average",219500,"Scss","Unabsorbed Prices"
"35562",1995-09-01,"1995 September","Units",6,"Scss","Unabsorbed Prices"
"35562",1995-10-01,"1995 October","1st 20%",146000,"Scss","Unabsorbed Prices"
"35562",1995-10-01,"1995 October","2nd 40%",176000,"Scss","Unabsorbed Prices"
"35562",1995-10-01,"1995 October","3rd 60%",180000,"Scss","Unabsorbed Prices"
"35562",1995-10-01,"1995 October","4th 80%",208000,"Scss","Unabsorbed Prices"
"35562",1995-10-01,"1995 October","Median",180000,"Scss","Unabsorbed Prices"
"35562",1995-10-01,"1995 October","Average",184574,"Scss","Unabsorbed Prices"
"35562",1995-10-01,"1995 October","Units",12,"Scss","Unabsorbed Prices"
"35562",1995-11-01,"1995 November","1st 20%",NA,"Scss","Unabsorbed Prices"
"35562",1995-11-01,"1995 November","2nd 40%",NA,"Scss","Unabsorbed Prices"
"35562",1995-11-01,"1995 November","3rd 60%",NA,"Scss","Unabsorbed Prices"
"35562",1995-11-01,"1995 November","4th 80%",NA,"Scss","Unabsorbed Prices"
"35562",1995-11-01,"1995 November","Median",NA,"Scss","Unabsorbed Prices"
"35562",1995-11-01,"1995 November","Average",219871,"Scss","Unabsorbed Prices"
"35562",1995-11-01,"1995 November","Units",7,"Scss","Unabsorbed Prices"
"35562",1995-12-01,"1995 December","1st 20%",NA,"Scss","Unabsorbed Prices"
"35562",1995-12-01,"1995 December","2nd 40%",NA,"Scss","Unabsorbed Prices"
"35562",1995-12-01,"1995 December","3rd 60%",NA,"Scss","Unabsorbed Prices"
"35562",1995-12-01,"1995 December","4th 80%",NA,"Scss","Unabsorbed Prices"
"35562",1995-12-01,"1995 December","Median",NA,"Scss","Unabsorbed Prices"
"35562",1995-12-01,"1995 December","Average",180000,"Scss","Unabsorbed Prices"
"35562",1995-12-01,"1995 December","Units",7,"Scss","Unabsorbed Prices"
"35562",1996-01-01,"1996 January","1st 20%",144000,"Scss","Unabsorbed Prices"
"35562",1996-01-01,"1996 January","2nd 40%",161000,"Scss","Unabsorbed Prices"
"35562",1996-01-01,"1996 January","3rd 60%",202000,"Scss","Unabsorbed Prices"
"35562",1996-01-01,"1996 January","4th 80%",237000,"Scss","Unabsorbed Prices"
"35562",1996-01-01,"1996 January","Median",170000,"Scss","Unabsorbed Prices"
"35562",1996-01-01,"1996 January","Average",191831,"Scss","Unabsorbed Prices"
"35562",1996-01-01,"1996 January","Units",14,"Scss","Unabsorbed Prices"
"35562",1996-02-01,"1996 February","1st 20%",129000,"Scss","Unabsorbed Prices"
"35562",1996-02-01,"1996 February","2nd 40%",169000,"Scss","Unabsorbed Prices"
"35562",1996-02-01,"1996 February","3rd 60%",180000,"Scss","Unabsorbed Prices"
"35562",1996-02-01,"1996 February","4th 80%",204000,"Scss","Unabsorbed Prices"
"35562",1996-02-01,"1996 February","Median",175000,"Scss","Unabsorbed Prices"
"35562",1996-02-01,"1996 February","Average",175398,"Scss","Unabsorbed Prices"
"35562",1996-02-01,"1996 February","Units",15,"Scss","Unabsorbed Prices"
"35562",1996-03-01,"1996 March","1st 20%",NA,"Scss","Unabsorbed Prices"
"35562",1996-03-01,"1996 March","2nd 40%",NA,"Scss","Unabsorbed Prices"
"35562",1996-03-01,"1996 March","3rd 60%",NA,"Scss","Unabsorbed Prices"
"35562",1996-03-01,"1996 March","4th 80%",NA,"Scss","Unabsorbed Prices"
"35562",1996-03-01,"1996 March","Median",NA,"Scss","Unabsorbed Prices"
"35562",1996-03-01,"1996 March","Average",NA,"Scss","Unabsorbed Prices"
"35562",1996-03-01,"1996 March","Units",2,"Scss","Unabsorbed Prices"
"35562",1996-04-01,"1996 April","1st 20%",146000,"Scss","Unabsorbed Prices"
"35562",1996-04-01,"1996 April","2nd 40%",161000,"Scss","Unabsorbed Prices"
"35562",1996-04-01,"1996 April","3rd 60%",175000,"Scss","Unabsorbed Prices"
"35562",1996-04-01,"1996 April","4th 80%",216000,"Scss","Unabsorbed Prices"
"35562",1996-04-01,"1996 April","Median",172500,"Scss","Unabsorbed Prices"
"35562",1996-04-01,"1996 April","Average",200390,"Scss","Unabsorbed Prices"
"35562",1996-04-01,"1996 April","Units",10,"Scss","Unabsorbed Prices"
"35562",1996-05-01,"1996 May","1st 20%",NA,"Scss","Unabsorbed Prices"
"35562",1996-05-01,"1996 May","2nd 40%",NA,"Scss","Unabsorbed Prices"
"35562",1996-05-01,"1996 May","3rd 60%",NA,"Scss","Unabsorbed Prices"
"35562",1996-05-01,"1996 May","4th 80%",NA,"Scss","Unabsorbed Prices"
"35562",1996-05-01,"1996 May","Median",NA,"Scss","Unabsorbed Prices"
"35562",1996-05-01,"1996 May","Average",166429,"Scss","Unabsorbed Prices"
"35562",1996-05-01,"1996 May","Units",7,"Scss","Unabsorbed Prices"
"35562",1996-06-01,"1996 June","1st 20%",NA,"Scss","Unabsorbed Prices"
"35562",1996-06-01,"1996 June","2nd 40%",NA,"Scss","Unabsorbed Prices"
"35562",1996-06-01,"1996 June","3rd 60%",NA,"Scss","Unabsorbed Prices"
"35562",1996-06-01,"1996 June","4th 80%",NA,"Scss","Unabsorbed Prices"
"35562",1996-06-01,"1996 June","Median",NA,"Scss","Unabsorbed Prices"
"35562",1996-06-01,"1996 June","Average",NA,"Scss","Unabsorbed Prices"
"35562",1996-06-01,"1996 June","Units",3,"Scss","Unabsorbed Prices"
"35562",1996-07-01,"1996 July","1st 20%",NA,"Scss","Unabsorbed Prices"
"35562",1996-07-01,"1996 July","2nd 40%",NA,"Scss","Unabsorbed Prices"
"35562",1996-07-01,"1996 July","3rd 60%",NA,"Scss","Unabsorbed Prices"
"35562",1996-07-01,"1996 July","4th 80%",NA,"Scss","Unabsorbed Prices"
"35562",1996-07-01,"1996 July","Median",NA,"Scss","Unabsorbed Prices"
"35562",1996-07-01,"1996 July","Average",NA,"Scss","Unabsorbed Prices"
"35562",1996-07-01,"1996 July","Units",6,"Scss","Unabsorbed Prices"
"35562",1996-08-01,"1996 August","1st 20%",155000,"Scss","Unabsorbed Prices"
"35562",1996-08-01,"1996 August","2nd 40%",164000,"Scss","Unabsorbed Prices"
"35562",1996-08-01,"1996 August","3rd 60%",186000,"Scss","Unabsorbed Prices"
"35562",1996-08-01,"1996 August","4th 80%",254000,"Scss","Unabsorbed Prices"
"35562",1996-08-01,"1996 August","Median",175000,"Scss","Unabsorbed Prices"
"35562",1996-08-01,"1996 August","Average",191460,"Scss","Unabsorbed Prices"
"35562",1996-08-01,"1996 August","Units",10,"Scss","Unabsorbed Prices"
"35562",1996-09-01,"1996 September","1st 20%",140000,"Scss","Unabsorbed Prices"
"35562",1996-09-01,"1996 September","2nd 40%",155000,"Scss","Unabsorbed Prices"
"35562",1996-09-01,"1996 September","3rd 60%",180000,"Scss","Unabsorbed Prices"
"35562",1996-09-01,"1996 September","4th 80%",195000,"Scss","Unabsorbed Prices"
"35562",1996-09-01,"1996 September","Median",175000,"Scss","Unabsorbed Prices"
"35562",1996-09-01,"1996 September","Average",168836,"Scss","Unabsorbed Prices"
"35562",1996-09-01,"1996 September","Units",14,"Scss","Unabsorbed Prices"
"35562",1996-10-01,"1996 October","1st 20%",NA,"Scss","Unabsorbed Prices"
"35562",1996-10-01,"1996 October","2nd 40%",NA,"Scss","Unabsorbed Prices"
"35562",1996-10-01,"1996 October","3rd 60%",NA,"Scss","Unabsorbed Prices"
"35562",1996-10-01,"1996 October","4th 80%",NA,"Scss","Unabsorbed Prices"
"35562",1996-10-01,"1996 October","Median",NA,"Scss","Unabsorbed Prices"
"35562",1996-10-01,"1996 October","Average",190057,"Scss","Unabsorbed Prices"
"35562",1996-10-01,"1996 October","Units",7,"Scss","Unabsorbed Prices"
"35562",1996-11-01,"1996 November","1st 20%",NA,"Scss","Unabsorbed Prices"
"35562",1996-11-01,"1996 November","2nd 40%",NA,"Scss","Unabsorbed Prices"
"35562",1996-11-01,"1996 November","3rd 60%",NA,"Scss","Unabsorbed Prices"
"35562",1996-11-01,"1996 November","4th 80%",NA,"Scss","Unabsorbed Prices"
"35562",1996-11-01,"1996 November","Median",NA,"Scss","Unabsorbed Prices"
"35562",1996-11-01,"1996 November","Average",NA,"Scss","Unabsorbed Prices"
"35562",1996-11-01,"1996 November","Units",6,"Scss","Unabsorbed Prices"
"35562",1996-12-01,"1996 December","1st 20%",158000,"Scss","Unabsorbed Prices"
"35562",1996-12-01,"1996 December","2nd 40%",180000,"Scss","Unabsorbed Prices"
"35562",1996-12-01,"1996 December","3rd 60%",183000,"Scss","Unabsorbed Prices"
"35562",1996-12-01,"1996 December","4th 80%",282000,"Scss","Unabsorbed Prices"
"35562",1996-12-01,"1996 December","Median",180000,"Scss","Unabsorbed Prices"
"35562",1996-12-01,"1996 December","Average",203300,"Scss","Unabsorbed Prices"
"35562",1996-12-01,"1996 December","Units",11,"Scss","Unabsorbed Prices"
"35562",1997-01-01,"1997 January","1st 20%",NA,"Scss","Unabsorbed Prices"
"35562",1997-01-01,"1997 January","2nd 40%",NA,"Scss","Unabsorbed Prices"
"35562",1997-01-01,"1997 January","3rd 60%",NA,"Scss","Unabsorbed Prices"
"35562",1997-01-01,"1997 January","4th 80%",NA,"Scss","Unabsorbed Prices"
"35562",1997-01-01,"1997 January","Median",NA,"Scss","Unabsorbed Prices"
"35562",1997-01-01,"1997 January","Average",NA,"Scss","Unabsorbed Prices"
"35562",1997-01-01,"1997 January","Units",3,"Scss","Unabsorbed Prices"
"35562",1997-02-01,"1997 February","1st 20%",NA,"Scss","Unabsorbed Prices"
"35562",1997-02-01,"1997 February","2nd 40%",NA,"Scss","Unabsorbed Prices"
"35562",1997-02-01,"1997 February","3rd 60%",NA,"Scss","Unabsorbed Prices"
"35562",1997-02-01,"1997 February","4th 80%",NA,"Scss","Unabsorbed Prices"
"35562",1997-02-01,"1997 February","Median",NA,"Scss","Unabsorbed Prices"
"35562",1997-02-01,"1997 February","Average",281213,"Scss","Unabsorbed Prices"
"35562",1997-02-01,"1997 February","Units",8,"Scss","Unabsorbed Prices"
"35562",1997-03-01,"1997 March","1st 20%",NA,"Scss","Unabsorbed Prices"
"35562",1997-03-01,"1997 March","2nd 40%",NA,"Scss","Unabsorbed Prices"
"35562",1997-03-01,"1997 March","3rd 60%",NA,"Scss","Unabsorbed Prices"
"35562",1997-03-01,"1997 March","4th 80%",NA,"Scss","Unabsorbed Prices"
"35562",1997-03-01,"1997 March","Median",NA,"Scss","Unabsorbed Prices"
"35562",1997-03-01,"1997 March","Average",NA,"Scss","Unabsorbed Prices"
"35562",1997-03-01,"1997 March","Units",6,"Scss","Unabsorbed Prices"
"35562",1997-04-01,"1997 April","1st 20%",NA,"Scss","Unabsorbed Prices"
"35562",1997-04-01,"1997 April","2nd 40%",NA,"Scss","Unabsorbed Prices"
"35562",1997-04-01,"1997 April","3rd 60%",NA,"Scss","Unabsorbed Prices"
"35562",1997-04-01,"1997 April","4th 80%",NA,"Scss","Unabsorbed Prices"
"35562",1997-04-01,"1997 April","Median",NA,"Scss","Unabsorbed Prices"
"35562",1997-04-01,"1997 April","Average",170838,"Scss","Unabsorbed Prices"
"35562",1997-04-01,"1997 April","Units",8,"Scss","Unabsorbed Prices"
"35562",1997-05-01,"1997 May","1st 20%",NA,"Scss","Unabsorbed Prices"
"35562",1997-05-01,"1997 May","2nd 40%",NA,"Scss","Unabsorbed Prices"
"35562",1997-05-01,"1997 May","3rd 60%",NA,"Scss","Unabsorbed Prices"
"35562",1997-05-01,"1997 May","4th 80%",NA,"Scss","Unabsorbed Prices"
"35562",1997-05-01,"1997 May","Median",NA,"Scss","Unabsorbed Prices"
"35562",1997-05-01,"1997 May","Average",156229,"Scss","Unabsorbed Prices"
"35562",1997-05-01,"1997 May","Units",9,"Scss","Unabsorbed Prices"
"35562",1997-06-01,"1997 June","1st 20%",150000,"Scss","Unabsorbed Prices"
"35562",1997-06-01,"1997 June","2nd 40%",155000,"Scss","Unabsorbed Prices"
"35562",1997-06-01,"1997 June","3rd 60%",165000,"Scss","Unabsorbed Prices"
"35562",1997-06-01,"1997 June","4th 80%",175000,"Scss","Unabsorbed Prices"
"35562",1997-06-01,"1997 June","Median",160000,"Scss","Unabsorbed Prices"
"35562",1997-06-01,"1997 June","Average",162195,"Scss","Unabsorbed Prices"
"35562",1997-06-01,"1997 June","Units",19,"Scss","Unabsorbed Prices"
"35562",1997-07-01,"1997 July","1st 20%",163000,"Scss","Unabsorbed Prices"
"35562",1997-07-01,"1997 July","2nd 40%",176000,"Scss","Unabsorbed Prices"
"35562",1997-07-01,"1997 July","3rd 60%",190000,"Scss","Unabsorbed Prices"
"35562",1997-07-01,"1997 July","4th 80%",221000,"Scss","Unabsorbed Prices"
"35562",1997-07-01,"1997 July","Median",185000,"Scss","Unabsorbed Prices"
"35562",1997-07-01,"1997 July","Average",190308,"Scss","Unabsorbed Prices"
"35562",1997-07-01,"1997 July","Units",12,"Scss","Unabsorbed Prices"
"35562",1997-08-01,"1997 August","1st 20%",161000,"Scss","Unabsorbed Prices"
"35562",1997-08-01,"1997 August","2nd 40%",185000,"Scss","Unabsorbed Prices"
"35562",1997-08-01,"1997 August","3rd 60%",226000,"Scss","Unabsorbed Prices"
"35562",1997-08-01,"1997 August","4th 80%",260000,"Scss","Unabsorbed Prices"
"35562",1997-08-01,"1997 August","Median",215000,"Scss","Unabsorbed Prices"
"35562",1997-08-01,"1997 August","Average",216673,"Scss","Unabsorbed Prices"
"35562",1997-08-01,"1997 August","Units",15,"Scss","Unabsorbed Prices"
"35562",1997-09-01,"1997 September","1st 20%",166000,"Scss","Unabsorbed Prices"
"35562",1997-09-01,"1997 September","2nd 40%",181000,"Scss","Unabsorbed Prices"
"35562",1997-09-01,"1997 September","3rd 60%",190000,"Scss","Unabsorbed Prices"
"35562",1997-09-01,"1997 September","4th 80%",2e+05,"Scss","Unabsorbed Prices"
"35562",1997-09-01,"1997 September","Median",185000,"Scss","Unabsorbed Prices"
"35562",1997-09-01,"1997 September","Average",219141,"Scss","Unabsorbed Prices"
"35562",1997-09-01,"1997 September","Units",17,"Scss","Unabsorbed Prices"
"35562",1997-10-01,"1997 October","1st 20%",NA,"Scss","Unabsorbed Prices"
"35562",1997-10-01,"1997 October","2nd 40%",NA,"Scss","Unabsorbed Prices"
"35562",1997-10-01,"1997 October","3rd 60%",NA,"Scss","Unabsorbed Prices"
"35562",1997-10-01,"1997 October","4th 80%",NA,"Scss","Unabsorbed Prices"
"35562",1997-10-01,"1997 October","Median",NA,"Scss","Unabsorbed Prices"
"35562",1997-10-01,"1997 October","Average",221011,"Scss","Unabsorbed Prices"
"35562",1997-10-01,"1997 October","Units",9,"Scss","Unabsorbed Prices"
"35562",1997-11-01,"1997 November","1st 20%",NA,"Scss","Unabsorbed Prices"
"35562",1997-11-01,"1997 November","2nd 40%",NA,"Scss","Unabsorbed Prices"
"35562",1997-11-01,"1997 November","3rd 60%",NA,"Scss","Unabsorbed Prices"
"35562",1997-11-01,"1997 November","4th 80%",NA,"Scss","Unabsorbed Prices"
"35562",1997-11-01,"1997 November","Median",NA,"Scss","Unabsorbed Prices"
"35562",1997-11-01,"1997 November","Average",209283,"Scss","Unabsorbed Prices"
"35562",1997-11-01,"1997 November","Units",6,"Scss","Unabsorbed Prices"
"35562",1997-12-01,"1997 December","1st 20%",173000,"Scss","Unabsorbed Prices"
"35562",1997-12-01,"1997 December","2nd 40%",180000,"Scss","Unabsorbed Prices"
"35562",1997-12-01,"1997 December","3rd 60%",203000,"Scss","Unabsorbed Prices"
"35562",1997-12-01,"1997 December","4th 80%",279000,"Scss","Unabsorbed Prices"
"35562",1997-12-01,"1997 December","Median",190000,"Scss","Unabsorbed Prices"
"35562",1997-12-01,"1997 December","Average",214400,"Scss","Unabsorbed Prices"
"35562",1997-12-01,"1997 December","Units",17,"Scss","Unabsorbed Prices"
"35562",1998-01-01,"1998 January","1st 20%",NA,"Scss","Unabsorbed Prices"
"35562",1998-01-01,"1998 January","2nd 40%",NA,"Scss","Unabsorbed Prices"
"35562",1998-01-01,"1998 January","3rd 60%",NA,"Scss","Unabsorbed Prices"
"35562",1998-01-01,"1998 January","4th 80%",NA,"Scss","Unabsorbed Prices"
"35562",1998-01-01,"1998 January","Median",NA,"Scss","Unabsorbed Prices"
"35562",1998-01-01,"1998 January","Average",NA,"Scss","Unabsorbed Prices"
"35562",1998-01-01,"1998 January","Units",8,"Scss","Unabsorbed Prices"
"35562",1998-02-01,"1998 February","1st 20%",153000,"Scss","Unabsorbed Prices"
"35562",1998-02-01,"1998 February","2nd 40%",160000,"Scss","Unabsorbed Prices"
"35562",1998-02-01,"1998 February","3rd 60%",170000,"Scss","Unabsorbed Prices"
"35562",1998-02-01,"1998 February","4th 80%",198000,"Scss","Unabsorbed Prices"
"35562",1998-02-01,"1998 February","Median",165000,"Scss","Unabsorbed Prices"
"35562",1998-02-01,"1998 February","Average",173283,"Scss","Unabsorbed Prices"
"35562",1998-02-01,"1998 February","Units",12,"Scss","Unabsorbed Prices"
"35562",1998-03-01,"1998 March","1st 20%",152000,"Scss","Unabsorbed Prices"
"35562",1998-03-01,"1998 March","2nd 40%",160000,"Scss","Unabsorbed Prices"
"35562",1998-03-01,"1998 March","3rd 60%",180000,"Scss","Unabsorbed Prices"
"35562",1998-03-01,"1998 March","4th 80%",186000,"Scss","Unabsorbed Prices"
"35562",1998-03-01,"1998 March","Median",175000,"Scss","Unabsorbed Prices"
"35562",1998-03-01,"1998 March","Average",171227,"Scss","Unabsorbed Prices"
"35562",1998-03-01,"1998 March","Units",11,"Scss","Unabsorbed Prices"
"35562",1998-04-01,"1998 April","1st 20%",140000,"Scss","Unabsorbed Prices"
"35562",1998-04-01,"1998 April","2nd 40%",162000,"Scss","Unabsorbed Prices"
"35562",1998-04-01,"1998 April","3rd 60%",192000,"Scss","Unabsorbed Prices"
"35562",1998-04-01,"1998 April","4th 80%",226000,"Scss","Unabsorbed Prices"
"35562",1998-04-01,"1998 April","Median",175000,"Scss","Unabsorbed Prices"
"35562",1998-04-01,"1998 April","Average",180746,"Scss","Unabsorbed Prices"
"35562",1998-04-01,"1998 April","Units",13,"Scss","Unabsorbed Prices"
"35562",1998-05-01,"1998 May","1st 20%",169000,"Scss","Unabsorbed Prices"
"35562",1998-05-01,"1998 May","2nd 40%",180000,"Scss","Unabsorbed Prices"
"35562",1998-05-01,"1998 May","3rd 60%",192000,"Scss","Unabsorbed Prices"
"35562",1998-05-01,"1998 May","4th 80%",210000,"Scss","Unabsorbed Prices"
"35562",1998-05-01,"1998 May","Median",185000,"Scss","Unabsorbed Prices"
"35562",1998-05-01,"1998 May","Average",188968,"Scss","Unabsorbed Prices"
"35562",1998-05-01,"1998 May","Units",13,"Scss","Unabsorbed Prices"
"35562",1998-06-01,"1998 June","1st 20%",NA,"Scss","Unabsorbed Prices"
"35562",1998-06-01,"1998 June","2nd 40%",NA,"Scss","Unabsorbed Prices"
"35562",1998-06-01,"1998 June","3rd 60%",NA,"Scss","Unabsorbed Prices"
"35562",1998-06-01,"1998 June","4th 80%",NA,"Scss","Unabsorbed Prices"
"35562",1998-06-01,"1998 June","Median",NA,"Scss","Unabsorbed Prices"
"35562",1998-06-01,"1998 June","Average",182250,"Scss","Unabsorbed Prices"
"35562",1998-06-01,"1998 June","Units",8,"Scss","Unabsorbed Prices"
"35562",1998-07-01,"1998 July","1st 20%",171000,"Scss","Unabsorbed Prices"
"35562",1998-07-01,"1998 July","2nd 40%",182000,"Scss","Unabsorbed Prices"
"35562",1998-07-01,"1998 July","3rd 60%",198000,"Scss","Unabsorbed Prices"
"35562",1998-07-01,"1998 July","4th 80%",238000,"Scss","Unabsorbed Prices"
"35562",1998-07-01,"1998 July","Median",190000,"Scss","Unabsorbed Prices"
"35562",1998-07-01,"1998 July","Average",196830,"Scss","Unabsorbed Prices"
"35562",1998-07-01,"1998 July","Units",11,"Scss","Unabsorbed Prices"
"35562",1998-08-01,"1998 August","1st 20%",155000,"Scss","Unabsorbed Prices"
"35562",1998-08-01,"1998 August","2nd 40%",185000,"Scss","Unabsorbed Prices"
"35562",1998-08-01,"1998 August","3rd 60%",2e+05,"Scss","Unabsorbed Prices"
"35562",1998-08-01,"1998 August","4th 80%",235000,"Scss","Unabsorbed Prices"
"35562",1998-08-01,"1998 August","Median",190000,"Scss","Unabsorbed Prices"
"35562",1998-08-01,"1998 August","Average",197829,"Scss","Unabsorbed Prices"
"35562",1998-08-01,"1998 August","Units",14,"Scss","Unabsorbed Prices"
"35562",1998-09-01,"1998 September","1st 20%",NA,"Scss","Unabsorbed Prices"
"35562",1998-09-01,"1998 September","2nd 40%",NA,"Scss","Unabsorbed Prices"
"35562",1998-09-01,"1998 September","3rd 60%",NA,"Scss","Unabsorbed Prices"
"35562",1998-09-01,"1998 September","4th 80%",NA,"Scss","Unabsorbed Prices"
"35562",1998-09-01,"1998 September","Median",NA,"Scss","Unabsorbed Prices"
"35562",1998-09-01,"1998 September","Average",189303,"Scss","Unabsorbed Prices"
"35562",1998-09-01,"1998 September","Units",9,"Scss","Unabsorbed Prices"
"35562",1998-10-01,"1998 October","1st 20%",164000,"Scss","Unabsorbed Prices"
"35562",1998-10-01,"1998 October","2nd 40%",170000,"Scss","Unabsorbed Prices"
"35562",1998-10-01,"1998 October","3rd 60%",212000,"Scss","Unabsorbed Prices"
"35562",1998-10-01,"1998 October","4th 80%",225000,"Scss","Unabsorbed Prices"
"35562",1998-10-01,"1998 October","Median",195000,"Scss","Unabsorbed Prices"
"35562",1998-10-01,"1998 October","Average",192822,"Scss","Unabsorbed Prices"
"35562",1998-10-01,"1998 October","Units",13,"Scss","Unabsorbed Prices"
"35562",1998-11-01,"1998 November","1st 20%",NA,"Scss","Unabsorbed Prices"
"35562",1998-11-01,"1998 November","2nd 40%",NA,"Scss","Unabsorbed Prices"
"35562",1998-11-01,"1998 November","3rd 60%",NA,"Scss","Unabsorbed Prices"
"35562",1998-11-01,"1998 November","4th 80%",NA,"Scss","Unabsorbed Prices"
"35562",1998-11-01,"1998 November","Median",NA,"Scss","Unabsorbed Prices"
"35562",1998-11-01,"1998 November","Average",192864,"Scss","Unabsorbed Prices"
"35562",1998-11-01,"1998 November","Units",15,"Scss","Unabsorbed Prices"
"35562",1998-12-01,"1998 December","1st 20%",172000,"Scss","Unabsorbed Prices"
"35562",1998-12-01,"1998 December","2nd 40%",185000,"Scss","Unabsorbed Prices"
"35562",1998-12-01,"1998 December","3rd 60%",192000,"Scss","Unabsorbed Prices"
"35562",1998-12-01,"1998 December","4th 80%",246000,"Scss","Unabsorbed Prices"
"35562",1998-12-01,"1998 December","Median",190000,"Scss","Unabsorbed Prices"
"35562",1998-12-01,"1998 December","Average",213059,"Scss","Unabsorbed Prices"
"35562",1998-12-01,"1998 December","Units",17,"Scss","Unabsorbed Prices"
"35562",1999-01-01,"1999 January","1st 20%",178000,"Scss","Unabsorbed Prices"
"35562",1999-01-01,"1999 January","2nd 40%",195000,"Scss","Unabsorbed Prices"
"35562",1999-01-01,"1999 January","3rd 60%",219000,"Scss","Unabsorbed Prices"
"35562",1999-01-01,"1999 January","4th 80%",237000,"Scss","Unabsorbed Prices"
"35562",1999-01-01,"1999 January","Median",195000,"Scss","Unabsorbed Prices"
"35562",1999-01-01,"1999 January","Average",207665,"Scss","Unabsorbed Prices"
"35562",1999-01-01,"1999 January","Units",17,"Scss","Unabsorbed Prices"
"35562",1999-02-01,"1999 February","1st 20%",165000,"Scss","Unabsorbed Prices"
"35562",1999-02-01,"1999 February","2nd 40%",177000,"Scss","Unabsorbed Prices"
"35562",1999-02-01,"1999 February","3rd 60%",193000,"Scss","Unabsorbed Prices"
"35562",1999-02-01,"1999 February","4th 80%",216000,"Scss","Unabsorbed Prices"
"35562",1999-02-01,"1999 February","Median",185000,"Scss","Unabsorbed Prices"
"35562",1999-02-01,"1999 February","Average",184790,"Scss","Unabsorbed Prices"
"35562",1999-02-01,"1999 February","Units",11,"Scss","Unabsorbed Prices"
"35562",1999-03-01,"1999 March","1st 20%",NA,"Scss","Unabsorbed Prices"
"35562",1999-03-01,"1999 March","2nd 40%",NA,"Scss","Unabsorbed Prices"
"35562",1999-03-01,"1999 March","3rd 60%",NA,"Scss","Unabsorbed Prices"
"35562",1999-03-01,"1999 March","4th 80%",NA,"Scss","Unabsorbed Prices"
"35562",1999-03-01,"1999 March","Median",NA,"Scss","Unabsorbed Prices"
"35562",1999-03-01,"1999 March","Average",180284,"Scss","Unabsorbed Prices"
"35562",1999-03-01,"1999 March","Units",7,"Scss","Unabsorbed Prices"
"35562",1999-04-01,"1999 April","1st 20%",NA,"Scss","Unabsorbed Prices"
"35562",1999-04-01,"1999 April","2nd 40%",NA,"Scss","Unabsorbed Prices"
"35562",1999-04-01,"1999 April","3rd 60%",NA,"Scss","Unabsorbed Prices"
"35562",1999-04-01,"1999 April","4th 80%",NA,"Scss","Unabsorbed Prices"
"35562",1999-04-01,"1999 April","Median",NA,"Scss","Unabsorbed Prices"
"35562",1999-04-01,"1999 April","Average",187717,"Scss","Unabsorbed Prices"
"35562",1999-04-01,"1999 April","Units",6,"Scss","Unabsorbed Prices"
"35562",1999-05-01,"1999 May","1st 20%",166000,"Scss","Unabsorbed Prices"
"35562",1999-05-01,"1999 May","2nd 40%",175000,"Scss","Unabsorbed Prices"
"35562",1999-05-01,"1999 May","3rd 60%",188000,"Scss","Unabsorbed Prices"
"35562",1999-05-01,"1999 May","4th 80%",2e+05,"Scss","Unabsorbed Prices"
"35562",1999-05-01,"1999 May","Median",180000,"Scss","Unabsorbed Prices"
"35562",1999-05-01,"1999 May","Average",186100,"Scss","Unabsorbed Prices"
"35562",1999-05-01,"1999 May","Units",20,"Scss","Unabsorbed Prices"
"35562",1999-06-01,"1999 June","1st 20%",171000,"Scss","Unabsorbed Prices"
"35562",1999-06-01,"1999 June","2nd 40%",180000,"Scss","Unabsorbed Prices"
"35562",1999-06-01,"1999 June","3rd 60%",183000,"Scss","Unabsorbed Prices"
"35562",1999-06-01,"1999 June","4th 80%",219000,"Scss","Unabsorbed Prices"
"35562",1999-06-01,"1999 June","Median",180000,"Scss","Unabsorbed Prices"
"35562",1999-06-01,"1999 June","Average",216600,"Scss","Unabsorbed Prices"
"35562",1999-06-01,"1999 June","Units",20,"Scss","Unabsorbed Prices"
"35562",1999-07-01,"1999 July","1st 20%",160000,"Scss","Unabsorbed Prices"
"35562",1999-07-01,"1999 July","2nd 40%",188000,"Scss","Unabsorbed Prices"
"35562",1999-07-01,"1999 July","3rd 60%",2e+05,"Scss","Unabsorbed Prices"
"35562",1999-07-01,"1999 July","4th 80%",232000,"Scss","Unabsorbed Prices"
"35562",1999-07-01,"1999 July","Median",192500,"Scss","Unabsorbed Prices"
"35562",1999-07-01,"1999 July","Average",201928,"Scss","Unabsorbed Prices"
"35562",1999-07-01,"1999 July","Units",18,"Scss","Unabsorbed Prices"
"35562",1999-08-01,"1999 August","1st 20%",135000,"Scss","Unabsorbed Prices"
"35562",1999-08-01,"1999 August","2nd 40%",170000,"Scss","Unabsorbed Prices"
"35562",1999-08-01,"1999 August","3rd 60%",180000,"Scss","Unabsorbed Prices"
"35562",1999-08-01,"1999 August","4th 80%",245000,"Scss","Unabsorbed Prices"
"35562",1999-08-01,"1999 August","Median",177500,"Scss","Unabsorbed Prices"
"35562",1999-08-01,"1999 August","Average",193071,"Scss","Unabsorbed Prices"
"35562",1999-08-01,"1999 August","Units",14,"Scss","Unabsorbed Prices"
"35562",1999-09-01,"1999 September","1st 20%",125000,"Scss","Unabsorbed Prices"
"35562",1999-09-01,"1999 September","2nd 40%",175000,"Scss","Unabsorbed Prices"
"35562",1999-09-01,"1999 September","3rd 60%",2e+05,"Scss","Unabsorbed Prices"
"35562",1999-09-01,"1999 September","4th 80%",225000,"Scss","Unabsorbed Prices"
"35562",1999-09-01,"1999 September","Median",190000,"Scss","Unabsorbed Prices"
"35562",1999-09-01,"1999 September","Average",194105,"Scss","Unabsorbed Prices"
"35562",1999-09-01,"1999 September","Units",23,"Scss","Unabsorbed Prices"
"35562",1999-10-01,"1999 October","1st 20%",180000,"Scss","Unabsorbed Prices"
"35562",1999-10-01,"1999 October","2nd 40%",2e+05,"Scss","Unabsorbed Prices"
"35562",1999-10-01,"1999 October","3rd 60%",220000,"Scss","Unabsorbed Prices"
"35562",1999-10-01,"1999 October","4th 80%",250000,"Scss","Unabsorbed Prices"
"35562",1999-10-01,"1999 October","Median",202500,"Scss","Unabsorbed Prices"
"35562",1999-10-01,"1999 October","Average",222038,"Scss","Unabsorbed Prices"
"35562",1999-10-01,"1999 October","Units",24,"Scss","Unabsorbed Prices"
"35562",1999-11-01,"1999 November","1st 20%",NA,"Scss","Unabsorbed Prices"
"35562",1999-11-01,"1999 November","2nd 40%",NA,"Scss","Unabsorbed Prices"
"35562",1999-11-01,"1999 November","3rd 60%",NA,"Scss","Unabsorbed Prices"
"35562",1999-11-01,"1999 November","4th 80%",NA,"Scss","Unabsorbed Prices"
"35562",1999-11-01,"1999 November","Median",NA,"Scss","Unabsorbed Prices"
"35562",1999-11-01,"1999 November","Average",207225,"Scss","Unabsorbed Prices"
"35562",1999-11-01,"1999 November","Units",4,"Scss","Unabsorbed Prices"
"35562",1999-12-01,"1999 December","1st 20%",163000,"Scss","Unabsorbed Prices"
"35562",1999-12-01,"1999 December","2nd 40%",185000,"Scss","Unabsorbed Prices"
"35562",1999-12-01,"1999 December","3rd 60%",190000,"Scss","Unabsorbed Prices"
"35562",1999-12-01,"1999 December","4th 80%",212000,"Scss","Unabsorbed Prices"
"35562",1999-12-01,"1999 December","Median",190000,"Scss","Unabsorbed Prices"
"35562",1999-12-01,"1999 December","Average",195011,"Scss","Unabsorbed Prices"
"35562",1999-12-01,"1999 December","Units",28,"Scss","Unabsorbed Prices"
"35562",2000-01-01,"2000 January","1st 20%",NA,"Scss","Unabsorbed Prices"
"35562",2000-01-01,"2000 January","2nd 40%",NA,"Scss","Unabsorbed Prices"
"35562",2000-01-01,"2000 January","3rd 60%",NA,"Scss","Unabsorbed Prices"
"35562",2000-01-01,"2000 January","4th 80%",NA,"Scss","Unabsorbed Prices"
"35562",2000-01-01,"2000 January","Median",NA,"Scss","Unabsorbed Prices"
"35562",2000-01-01,"2000 January","Average",171250,"Scss","Unabsorbed Prices"
"35562",2000-01-01,"2000 January","Units",5,"Scss","Unabsorbed Prices"
"35562",2000-02-01,"2000 February","1st 20%",NA,"Scss","Unabsorbed Prices"
"35562",2000-02-01,"2000 February","2nd 40%",NA,"Scss","Unabsorbed Prices"
"35562",2000-02-01,"2000 February","3rd 60%",NA,"Scss","Unabsorbed Prices"
"35562",2000-02-01,"2000 February","4th 80%",NA,"Scss","Unabsorbed Prices"
"35562",2000-02-01,"2000 February","Median",NA,"Scss","Unabsorbed Prices"
"35562",2000-02-01,"2000 February","Average",NA,"Scss","Unabsorbed Prices"
"35562",2000-02-01,"2000 February","Units",4,"Scss","Unabsorbed Prices"
"35562",2000-03-01,"2000 March","1st 20%",125000,"Scss","Unabsorbed Prices"
"35562",2000-03-01,"2000 March","2nd 40%",156000,"Scss","Unabsorbed Prices"
"35562",2000-03-01,"2000 March","3rd 60%",223000,"Scss","Unabsorbed Prices"
"35562",2000-03-01,"2000 March","4th 80%",269000,"Scss","Unabsorbed Prices"
"35562",2000-03-01,"2000 March","Median",177500,"Scss","Unabsorbed Prices"
"35562",2000-03-01,"2000 March","Average",202016,"Scss","Unabsorbed Prices"
"35562",2000-03-01,"2000 March","Units",14,"Scss","Unabsorbed Prices"
"35562",2000-04-01,"2000 April","1st 20%",162000,"Scss","Unabsorbed Prices"
"35562",2000-04-01,"2000 April","2nd 40%",182000,"Scss","Unabsorbed Prices"
"35562",2000-04-01,"2000 April","3rd 60%",196000,"Scss","Unabsorbed Prices"
"35562",2000-04-01,"2000 April","4th 80%",218000,"Scss","Unabsorbed Prices"
"35562",2000-04-01,"2000 April","Median",187500,"Scss","Unabsorbed Prices"
"35562",2000-04-01,"2000 April","Average",203070,"Scss","Unabsorbed Prices"
"35562",2000-04-01,"2000 April","Units",20,"Scss","Unabsorbed Prices"
"35562",2000-05-01,"2000 May","1st 20%",NA,"Scss","Unabsorbed Prices"
"35562",2000-05-01,"2000 May","2nd 40%",NA,"Scss","Unabsorbed Prices"
"35562",2000-05-01,"2000 May","3rd 60%",NA,"Scss","Unabsorbed Prices"
"35562",2000-05-01,"2000 May","4th 80%",NA,"Scss","Unabsorbed Prices"
"35562",2000-05-01,"2000 May","Median",NA,"Scss","Unabsorbed Prices"
"35562",2000-05-01,"2000 May","Average",271233,"Scss","Unabsorbed Prices"
"35562",2000-05-01,"2000 May","Units",8,"Scss","Unabsorbed Prices"
"35562",2000-06-01,"2000 June","1st 20%",177000,"Scss","Unabsorbed Prices"
"35562",2000-06-01,"2000 June","2nd 40%",218000,"Scss","Unabsorbed Prices"
"35562",2000-06-01,"2000 June","3rd 60%",232000,"Scss","Unabsorbed Prices"
"35562",2000-06-01,"2000 June","4th 80%",284000,"Scss","Unabsorbed Prices"
"35562",2000-06-01,"2000 June","Median",220000,"Scss","Unabsorbed Prices"
"35562",2000-06-01,"2000 June","Average",235245,"Scss","Unabsorbed Prices"
"35562",2000-06-01,"2000 June","Units",11,"Scss","Unabsorbed Prices"
"35562",2000-07-01,"2000 July","1st 20%",142000,"Scss","Unabsorbed Prices"
"35562",2000-07-01,"2000 July","2nd 40%",172000,"Scss","Unabsorbed Prices"
"35562",2000-07-01,"2000 July","3rd 60%",222000,"Scss","Unabsorbed Prices"
"35562",2000-07-01,"2000 July","4th 80%",230000,"Scss","Unabsorbed Prices"
"35562",2000-07-01,"2000 July","Median",2e+05,"Scss","Unabsorbed Prices"
"35562",2000-07-01,"2000 July","Average",194269,"Scss","Unabsorbed Prices"
"35562",2000-07-01,"2000 July","Units",13,"Scss","Unabsorbed Prices"
"35562",2000-08-01,"2000 August","1st 20%",177000,"Scss","Unabsorbed Prices"
"35562",2000-08-01,"2000 August","2nd 40%",222000,"Scss","Unabsorbed Prices"
"35562",2000-08-01,"2000 August","3rd 60%",245000,"Scss","Unabsorbed Prices"
"35562",2000-08-01,"2000 August","4th 80%",262000,"Scss","Unabsorbed Prices"
"35562",2000-08-01,"2000 August","Median",240000,"Scss","Unabsorbed Prices"
"35562",2000-08-01,"2000 August","Average",236660,"Scss","Unabsorbed Prices"
"35562",2000-08-01,"2000 August","Units",15,"Scss","Unabsorbed Prices"
"35562",2000-09-01,"2000 September","1st 20%",185000,"Scss","Unabsorbed Prices"
"35562",2000-09-01,"2000 September","2nd 40%",190000,"Scss","Unabsorbed Prices"
"35562",2000-09-01,"2000 September","3rd 60%",260000,"Scss","Unabsorbed Prices"
"35562",2000-09-01,"2000 September","4th 80%",280000,"Scss","Unabsorbed Prices"
"35562",2000-09-01,"2000 September","Median",245000,"Scss","Unabsorbed Prices"
"35562",2000-09-01,"2000 September","Average",233374,"Scss","Unabsorbed Prices"
"35562",2000-09-01,"2000 September","Units",19,"Scss","Unabsorbed Prices"
"35562",2000-10-01,"2000 October","1st 20%",126000,"Scss","Unabsorbed Prices"
"35562",2000-10-01,"2000 October","2nd 40%",172000,"Scss","Unabsorbed Prices"
"35562",2000-10-01,"2000 October","3rd 60%",217000,"Scss","Unabsorbed Prices"
"35562",2000-10-01,"2000 October","4th 80%",244000,"Scss","Unabsorbed Prices"
"35562",2000-10-01,"2000 October","Median",192500,"Scss","Unabsorbed Prices"
"35562",2000-10-01,"2000 October","Average",187733,"Scss","Unabsorbed Prices"
"35562",2000-10-01,"2000 October","Units",12,"Scss","Unabsorbed Prices"
"35562",2000-11-01,"2000 November","1st 20%",146000,"Scss","Unabsorbed Prices"
"35562",2000-11-01,"2000 November","2nd 40%",165000,"Scss","Unabsorbed Prices"
"35562",2000-11-01,"2000 November","3rd 60%",222000,"Scss","Unabsorbed Prices"
"35562",2000-11-01,"2000 November","4th 80%",276000,"Scss","Unabsorbed Prices"
"35562",2000-11-01,"2000 November","Median",210000,"Scss","Unabsorbed Prices"
"35562",2000-11-01,"2000 November","Average",205500,"Scss","Unabsorbed Prices"
"35562",2000-11-01,"2000 November","Units",15,"Scss","Unabsorbed Prices"
"35562",2000-12-01,"2000 December","1st 20%",150000,"Scss","Unabsorbed Prices"
"35562",2000-12-01,"2000 December","2nd 40%",170000,"Scss","Unabsorbed Prices"
"35562",2000-12-01,"2000 December","3rd 60%",2e+05,"Scss","Unabsorbed Prices"
"35562",2000-12-01,"2000 December","4th 80%",310000,"Scss","Unabsorbed Prices"
"35562",2000-12-01,"2000 December","Median",190000,"Scss","Unabsorbed Prices"
"35562",2000-12-01,"2000 December","Average",211721,"Scss","Unabsorbed Prices"
"35562",2000-12-01,"2000 December","Units",19,"Scss","Unabsorbed Prices"
"35562",2001-01-01,"2001 January","1st 20%",125000,"Scss","Unabsorbed Prices"
"35562",2001-01-01,"2001 January","2nd 40%",168000,"Scss","Unabsorbed Prices"
"35562",2001-01-01,"2001 January","3rd 60%",205000,"Scss","Unabsorbed Prices"
"35562",2001-01-01,"2001 January","4th 80%",254000,"Scss","Unabsorbed Prices"
"35562",2001-01-01,"2001 January","Median",190000,"Scss","Unabsorbed Prices"
"35562",2001-01-01,"2001 January","Average",211742,"Scss","Unabsorbed Prices"
"35562",2001-01-01,"2001 January","Units",13,"Scss","Unabsorbed Prices"
"35562",2001-02-01,"2001 February","1st 20%",NA,"Scss","Unabsorbed Prices"
"35562",2001-02-01,"2001 February","2nd 40%",NA,"Scss","Unabsorbed Prices"
"35562",2001-02-01,"2001 February","3rd 60%",NA,"Scss","Unabsorbed Prices"
"35562",2001-02-01,"2001 February","4th 80%",NA,"Scss","Unabsorbed Prices"
"35562",2001-02-01,"2001 February","Median",NA,"Scss","Unabsorbed Prices"
"35562",2001-02-01,"2001 February","Average",223967,"Scss","Unabsorbed Prices"
"35562",2001-02-01,"2001 February","Units",6,"Scss","Unabsorbed Prices"
"35562",2001-03-01,"2001 March","1st 20%",170000,"Scss","Unabsorbed Prices"
"35562",2001-03-01,"2001 March","2nd 40%",190000,"Scss","Unabsorbed Prices"
"35562",2001-03-01,"2001 March","3rd 60%",226000,"Scss","Unabsorbed Prices"
"35562",2001-03-01,"2001 March","4th 80%",260000,"Scss","Unabsorbed Prices"
"35562",2001-03-01,"2001 March","Median",220000,"Scss","Unabsorbed Prices"
"35562",2001-03-01,"2001 March","Average",218387,"Scss","Unabsorbed Prices"
"35562",2001-03-01,"2001 March","Units",15,"Scss","Unabsorbed Prices"
"35562",2001-04-01,"2001 April","1st 20%",NA,"Scss","Unabsorbed Prices"
"35562",2001-04-01,"2001 April","2nd 40%",NA,"Scss","Unabsorbed Prices"
"35562",2001-04-01,"2001 April","3rd 60%",NA,"Scss","Unabsorbed Prices"
"35562",2001-04-01,"2001 April","4th 80%",NA,"Scss","Unabsorbed Prices"
"35562",2001-04-01,"2001 April","Median",NA,"Scss","Unabsorbed Prices"
"35562",2001-04-01,"2001 April","Average",219600,"Scss","Unabsorbed Prices"
"35562",2001-04-01,"2001 April","Units",8,"Scss","Unabsorbed Prices"
"35562",2001-05-01,"2001 May","1st 20%",NA,"Scss","Unabsorbed Prices"
"35562",2001-05-01,"2001 May","2nd 40%",NA,"Scss","Unabsorbed Prices"
"35562",2001-05-01,"2001 May","3rd 60%",NA,"Scss","Unabsorbed Prices"
"35562",2001-05-01,"2001 May","4th 80%",NA,"Scss","Unabsorbed Prices"
"35562",2001-05-01,"2001 May","Median",NA,"Scss","Unabsorbed Prices"
"35562",2001-05-01,"2001 May","Average",234833,"Scss","Unabsorbed Prices"
"35562",2001-05-01,"2001 May","Units",6,"Scss","Unabsorbed Prices"
"35562",2001-06-01,"2001 June","1st 20%",151000,"Scss","Unabsorbed Prices"
"35562",2001-06-01,"2001 June","2nd 40%",172000,"Scss","Unabsorbed Prices"
"35562",2001-06-01,"2001 June","3rd 60%",233000,"Scss","Unabsorbed Prices"
"35562",2001-06-01,"2001 June","4th 80%",269000,"Scss","Unabsorbed Prices"
"35562",2001-06-01,"2001 June","Median",195000,"Scss","Unabsorbed Prices"
"35562",2001-06-01,"2001 June","Average",221200,"Scss","Unabsorbed Prices"
"35562",2001-06-01,"2001 June","Units",20,"Scss","Unabsorbed Prices"
"35562",2001-07-01,"2001 July","1st 20%",158000,"Scss","Unabsorbed Prices"
"35562",2001-07-01,"2001 July","2nd 40%",181000,"Scss","Unabsorbed Prices"
"35562",2001-07-01,"2001 July","3rd 60%",250000,"Scss","Unabsorbed Prices"
"35562",2001-07-01,"2001 July","4th 80%",298000,"Scss","Unabsorbed Prices"
"35562",2001-07-01,"2001 July","Median",220000,"Scss","Unabsorbed Prices"
"35562",2001-07-01,"2001 July","Average",229823,"Scss","Unabsorbed Prices"
"35562",2001-07-01,"2001 July","Units",13,"Scss","Unabsorbed Prices"
"35562",2001-08-01,"2001 August","1st 20%",155000,"Scss","Unabsorbed Prices"
"35562",2001-08-01,"2001 August","2nd 40%",170000,"Scss","Unabsorbed Prices"
"35562",2001-08-01,"2001 August","3rd 60%",205000,"Scss","Unabsorbed Prices"
"35562",2001-08-01,"2001 August","4th 80%",290000,"Scss","Unabsorbed Prices"
"35562",2001-08-01,"2001 August","Median",187500,"Scss","Unabsorbed Prices"
"35562",2001-08-01,"2001 August","Average",227771,"Scss","Unabsorbed Prices"
"35562",2001-08-01,"2001 August","Units",14,"Scss","Unabsorbed Prices"
"35562",2001-09-01,"2001 September","1st 20%",167000,"Scss","Unabsorbed Prices"
"35562",2001-09-01,"2001 September","2nd 40%",184000,"Scss","Unabsorbed Prices"
"35562",2001-09-01,"2001 September","3rd 60%",242000,"Scss","Unabsorbed Prices"
"35562",2001-09-01,"2001 September","4th 80%",312000,"Scss","Unabsorbed Prices"
"35562",2001-09-01,"2001 September","Median",205000,"Scss","Unabsorbed Prices"
"35562",2001-09-01,"2001 September","Average",226106,"Scss","Unabsorbed Prices"
"35562",2001-09-01,"2001 September","Units",16,"Scss","Unabsorbed Prices"
"35562",2001-10-01,"2001 October","1st 20%",168000,"Scss","Unabsorbed Prices"
"35562",2001-10-01,"2001 October","2nd 40%",210000,"Scss","Unabsorbed Prices"
"35562",2001-10-01,"2001 October","3rd 60%",260000,"Scss","Unabsorbed Prices"
"35562",2001-10-01,"2001 October","4th 80%",294000,"Scss","Unabsorbed Prices"
"35562",2001-10-01,"2001 October","Median",245000,"Scss","Unabsorbed Prices"
"35562",2001-10-01,"2001 October","Average",237585,"Scss","Unabsorbed Prices"
"35562",2001-10-01,"2001 October","Units",13,"Scss","Unabsorbed Prices"
"35562",2001-11-01,"2001 November","1st 20%",NA,"Scss","Unabsorbed Prices"
"35562",2001-11-01,"2001 November","2nd 40%",NA,"Scss","Unabsorbed Prices"
"35562",2001-11-01,"2001 November","3rd 60%",NA,"Scss","Unabsorbed Prices"
"35562",2001-11-01,"2001 November","4th 80%",NA,"Scss","Unabsorbed Prices"
"35562",2001-11-01,"2001 November","Median",NA,"Scss","Unabsorbed Prices"
"35562",2001-11-01,"2001 November","Average",221264,"Scss","Unabsorbed Prices"
"35562",2001-11-01,"2001 November","Units",14,"Scss","Unabsorbed Prices"
"35562",2001-12-01,"2001 December","1st 20%",147000,"Scss","Unabsorbed Prices"
"35562",2001-12-01,"2001 December","2nd 40%",187000,"Scss","Unabsorbed Prices"
"35562",2001-12-01,"2001 December","3rd 60%",216000,"Scss","Unabsorbed Prices"
"35562",2001-12-01,"2001 December","4th 80%",264000,"Scss","Unabsorbed Prices"
"35562",2001-12-01,"2001 December","Median",2e+05,"Scss","Unabsorbed Prices"
"35562",2001-12-01,"2001 December","Average",223160,"Scss","Unabsorbed Prices"
"35562",2001-12-01,"2001 December","Units",15,"Scss","Unabsorbed Prices"
"35562",2002-01-01,"2002 January","1st 20%",161000,"Scss","Unabsorbed Prices"
"35562",2002-01-01,"2002 January","2nd 40%",202000,"Scss","Unabsorbed Prices"
"35562",2002-01-01,"2002 January","3rd 60%",248000,"Scss","Unabsorbed Prices"
"35562",2002-01-01,"2002 January","4th 80%",3e+05,"Scss","Unabsorbed Prices"
"35562",2002-01-01,"2002 January","Median",220000,"Scss","Unabsorbed Prices"
"35562",2002-01-01,"2002 January","Average",225831,"Scss","Unabsorbed Prices"
"35562",2002-01-01,"2002 January","Units",13,"Scss","Unabsorbed Prices"
"35562",2002-02-01,"2002 February","1st 20%",138000,"Scss","Unabsorbed Prices"
"35562",2002-02-01,"2002 February","2nd 40%",176000,"Scss","Unabsorbed Prices"
"35562",2002-02-01,"2002 February","3rd 60%",193000,"Scss","Unabsorbed Prices"
"35562",2002-02-01,"2002 February","4th 80%",244000,"Scss","Unabsorbed Prices"
"35562",2002-02-01,"2002 February","Median",180000,"Scss","Unabsorbed Prices"
"35562",2002-02-01,"2002 February","Average",197071,"Scss","Unabsorbed Prices"
"35562",2002-02-01,"2002 February","Units",17,"Scss","Unabsorbed Prices"
"35562",2002-03-01,"2002 March","1st 20%",NA,"Scss","Unabsorbed Prices"
"35562",2002-03-01,"2002 March","2nd 40%",NA,"Scss","Unabsorbed Prices"
"35562",2002-03-01,"2002 March","3rd 60%",NA,"Scss","Unabsorbed Prices"
"35562",2002-03-01,"2002 March","4th 80%",NA,"Scss","Unabsorbed Prices"
"35562",2002-03-01,"2002 March","Median",NA,"Scss","Unabsorbed Prices"
"35562",2002-03-01,"2002 March","Average",196663,"Scss","Unabsorbed Prices"
"35562",2002-03-01,"2002 March","Units",8,"Scss","Unabsorbed Prices"
"35562",2002-04-01,"2002 April","1st 20%",180000,"Scss","Unabsorbed Prices"
"35562",2002-04-01,"2002 April","2nd 40%",212000,"Scss","Unabsorbed Prices"
"35562",2002-04-01,"2002 April","3rd 60%",248000,"Scss","Unabsorbed Prices"
"35562",2002-04-01,"2002 April","4th 80%",292000,"Scss","Unabsorbed Prices"
"35562",2002-04-01,"2002 April","Median",240000,"Scss","Unabsorbed Prices"
"35562",2002-04-01,"2002 April","Average",240641,"Scss","Unabsorbed Prices"
"35562",2002-04-01,"2002 April","Units",17,"Scss","Unabsorbed Prices"
"35562",2002-05-01,"2002 May","1st 20%",188000,"Scss","Unabsorbed Prices"
"35562",2002-05-01,"2002 May","2nd 40%",228000,"Scss","Unabsorbed Prices"
"35562",2002-05-01,"2002 May","3rd 60%",260000,"Scss","Unabsorbed Prices"
"35562",2002-05-01,"2002 May","4th 80%",290000,"Scss","Unabsorbed Prices"
"35562",2002-05-01,"2002 May","Median",240000,"Scss","Unabsorbed Prices"
"35562",2002-05-01,"2002 May","Average",241990,"Scss","Unabsorbed Prices"
"35562",2002-05-01,"2002 May","Units",21,"Scss","Unabsorbed Prices"
"35562",2002-06-01,"2002 June","1st 20%",144000,"Scss","Unabsorbed Prices"
"35562",2002-06-01,"2002 June","2nd 40%",192000,"Scss","Unabsorbed Prices"
"35562",2002-06-01,"2002 June","3rd 60%",201000,"Scss","Unabsorbed Prices"
"35562",2002-06-01,"2002 June","4th 80%",226000,"Scss","Unabsorbed Prices"
"35562",2002-06-01,"2002 June","Median",195000,"Scss","Unabsorbed Prices"
"35562",2002-06-01,"2002 June","Average",191453,"Scss","Unabsorbed Prices"
"35562",2002-06-01,"2002 June","Units",15,"Scss","Unabsorbed Prices"
"35562",2002-07-01,"2002 July","1st 20%",188000,"Scss","Unabsorbed Prices"
"35562",2002-07-01,"2002 July","2nd 40%",208000,"Scss","Unabsorbed Prices"
"35562",2002-07-01,"2002 July","3rd 60%",230000,"Scss","Unabsorbed Prices"
"35562",2002-07-01,"2002 July","4th 80%",298000,"Scss","Unabsorbed Prices"
"35562",2002-07-01,"2002 July","Median",220000,"Scss","Unabsorbed Prices"
"35562",2002-07-01,"2002 July","Average",235707,"Scss","Unabsorbed Prices"
"35562",2002-07-01,"2002 July","Units",15,"Scss","Unabsorbed Prices"
"35562",2002-08-01,"2002 August","1st 20%",173000,"Scss","Unabsorbed Prices"
"35562",2002-08-01,"2002 August","2nd 40%",185000,"Scss","Unabsorbed Prices"
"35562",2002-08-01,"2002 August","3rd 60%",219000,"Scss","Unabsorbed Prices"
"35562",2002-08-01,"2002 August","4th 80%",280000,"Scss","Unabsorbed Prices"
"35562",2002-08-01,"2002 August","Median",2e+05,"Scss","Unabsorbed Prices"
"35562",2002-08-01,"2002 August","Average",223042,"Scss","Unabsorbed Prices"
"35562",2002-08-01,"2002 August","Units",12,"Scss","Unabsorbed Prices"
"35562",2002-09-01,"2002 September","1st 20%",136000,"Scss","Unabsorbed Prices"
"35562",2002-09-01,"2002 September","2nd 40%",183000,"Scss","Unabsorbed Prices"
"35562",2002-09-01,"2002 September","3rd 60%",230000,"Scss","Unabsorbed Prices"
"35562",2002-09-01,"2002 September","4th 80%",256000,"Scss","Unabsorbed Prices"
"35562",2002-09-01,"2002 September","Median",225000,"Scss","Unabsorbed Prices"
"35562",2002-09-01,"2002 September","Average",207088,"Scss","Unabsorbed Prices"
"35562",2002-09-01,"2002 September","Units",17,"Scss","Unabsorbed Prices"
"35562",2002-10-01,"2002 October","1st 20%",145000,"Scss","Unabsorbed Prices"
"35562",2002-10-01,"2002 October","2nd 40%",210000,"Scss","Unabsorbed Prices"
"35562",2002-10-01,"2002 October","3rd 60%",250000,"Scss","Unabsorbed Prices"
"35562",2002-10-01,"2002 October","4th 80%",260000,"Scss","Unabsorbed Prices"
"35562",2002-10-01,"2002 October","Median",242500,"Scss","Unabsorbed Prices"
"35562",2002-10-01,"2002 October","Average",222525,"Scss","Unabsorbed Prices"
"35562",2002-10-01,"2002 October","Units",24,"Scss","Unabsorbed Prices"
"35562",2002-11-01,"2002 November","1st 20%",210000,"Scss","Unabsorbed Prices"
"35562",2002-11-01,"2002 November","2nd 40%",240000,"Scss","Unabsorbed Prices"
"35562",2002-11-01,"2002 November","3rd 60%",266000,"Scss","Unabsorbed Prices"
"35562",2002-11-01,"2002 November","4th 80%",313000,"Scss","Unabsorbed Prices"
"35562",2002-11-01,"2002 November","Median",240000,"Scss","Unabsorbed Prices"
"35562",2002-11-01,"2002 November","Average",253726,"Scss","Unabsorbed Prices"
"35562",2002-11-01,"2002 November","Units",23,"Scss","Unabsorbed Prices"
"35562",2002-12-01,"2002 December","1st 20%",167000,"Scss","Unabsorbed Prices"
"35562",2002-12-01,"2002 December","2nd 40%",226000,"Scss","Unabsorbed Prices"
"35562",2002-12-01,"2002 December","3rd 60%",260000,"Scss","Unabsorbed Prices"
"35562",2002-12-01,"2002 December","4th 80%",318000,"Scss","Unabsorbed Prices"
"35562",2002-12-01,"2002 December","Median",235000,"Scss","Unabsorbed Prices"
"35562",2002-12-01,"2002 December","Average",253889,"Scss","Unabsorbed Prices"
"35562",2002-12-01,"2002 December","Units",18,"Scss","Unabsorbed Prices"
"35562",2003-01-01,"2003 January","1st 20%",135000,"Scss","Unabsorbed Prices"
"35562",2003-01-01,"2003 January","2nd 40%",240000,"Scss","Unabsorbed Prices"
"35562",2003-01-01,"2003 January","3rd 60%",290000,"Scss","Unabsorbed Prices"
"35562",2003-01-01,"2003 January","4th 80%",326000,"Scss","Unabsorbed Prices"
"35562",2003-01-01,"2003 January","Median",255000,"Scss","Unabsorbed Prices"
"35562",2003-01-01,"2003 January","Average",249944,"Scss","Unabsorbed Prices"
"35562",2003-01-01,"2003 January","Units",18,"Scss","Unabsorbed Prices"
"35562",2003-02-01,"2003 February","1st 20%",NA,"Scss","Unabsorbed Prices"
"35562",2003-02-01,"2003 February","2nd 40%",NA,"Scss","Unabsorbed Prices"
"35562",2003-02-01,"2003 February","3rd 60%",NA,"Scss","Unabsorbed Prices"
"35562",2003-02-01,"2003 February","4th 80%",NA,"Scss","Unabsorbed Prices"
"35562",2003-02-01,"2003 February","Median",NA,"Scss","Unabsorbed Prices"
"35562",2003-02-01,"2003 February","Average",230250,"Scss","Unabsorbed Prices"
"35562",2003-02-01,"2003 February","Units",8,"Scss","Unabsorbed Prices"
"35562",2003-03-01,"2003 March","1st 20%",NA,"Scss","Unabsorbed Prices"
"35562",2003-03-01,"2003 March","2nd 40%",NA,"Scss","Unabsorbed Prices"
"35562",2003-03-01,"2003 March","3rd 60%",NA,"Scss","Unabsorbed Prices"
"35562",2003-03-01,"2003 March","4th 80%",NA,"Scss","Unabsorbed Prices"
"35562",2003-03-01,"2003 March","Median",NA,"Scss","Unabsorbed Prices"
"35562",2003-03-01,"2003 March","Average",244780,"Scss","Unabsorbed Prices"
"35562",2003-03-01,"2003 March","Units",10,"Scss","Unabsorbed Prices"
"35562",2003-04-01,"2003 April","1st 20%",146000,"Scss","Unabsorbed Prices"
"35562",2003-04-01,"2003 April","2nd 40%",210000,"Scss","Unabsorbed Prices"
"35562",2003-04-01,"2003 April","3rd 60%",246000,"Scss","Unabsorbed Prices"
"35562",2003-04-01,"2003 April","4th 80%",268000,"Scss","Unabsorbed Prices"
"35562",2003-04-01,"2003 April","Median",227500,"Scss","Unabsorbed Prices"
"35562",2003-04-01,"2003 April","Average",216356,"Scss","Unabsorbed Prices"
"35562",2003-04-01,"2003 April","Units",16,"Scss","Unabsorbed Prices"
"35562",2003-05-01,"2003 May","1st 20%",122000,"Scss","Unabsorbed Prices"
"35562",2003-05-01,"2003 May","2nd 40%",226000,"Scss","Unabsorbed Prices"
"35562",2003-05-01,"2003 May","3rd 60%",266000,"Scss","Unabsorbed Prices"
"35562",2003-05-01,"2003 May","4th 80%",406000,"Scss","Unabsorbed Prices"
"35562",2003-05-01,"2003 May","Median",250000,"Scss","Unabsorbed Prices"
"35562",2003-05-01,"2003 May","Average",252667,"Scss","Unabsorbed Prices"
"35562",2003-05-01,"2003 May","Units",15,"Scss","Unabsorbed Prices"
"35562",2003-06-01,"2003 June","1st 20%",170000,"Scss","Unabsorbed Prices"
"35562",2003-06-01,"2003 June","2nd 40%",196000,"Scss","Unabsorbed Prices"
"35562",2003-06-01,"2003 June","3rd 60%",230000,"Scss","Unabsorbed Prices"
"35562",2003-06-01,"2003 June","4th 80%",255000,"Scss","Unabsorbed Prices"
"35562",2003-06-01,"2003 June","Median",2e+05,"Scss","Unabsorbed Prices"
"35562",2003-06-01,"2003 June","Average",236087,"Scss","Unabsorbed Prices"
"35562",2003-06-01,"2003 June","Units",25,"Scss","Unabsorbed Prices"
"35562",2003-07-01,"2003 July","1st 20%",168000,"Scss","Unabsorbed Prices"
"35562",2003-07-01,"2003 July","2nd 40%",183000,"Scss","Unabsorbed Prices"
"35562",2003-07-01,"2003 July","3rd 60%",216000,"Scss","Unabsorbed Prices"
"35562",2003-07-01,"2003 July","4th 80%",280000,"Scss","Unabsorbed Prices"
"35562",2003-07-01,"2003 July","Median",185000,"Scss","Unabsorbed Prices"
"35562",2003-07-01,"2003 July","Average",209272,"Scss","Unabsorbed Prices"
"35562",2003-07-01,"2003 July","Units",18,"Scss","Unabsorbed Prices"
"35562",2003-08-01,"2003 August","1st 20%",168000,"Scss","Unabsorbed Prices"
"35562",2003-08-01,"2003 August","2nd 40%",185000,"Scss","Unabsorbed Prices"
"35562",2003-08-01,"2003 August","3rd 60%",2e+05,"Scss","Unabsorbed Prices"
"35562",2003-08-01,"2003 August","4th 80%",238000,"Scss","Unabsorbed Prices"
"35562",2003-08-01,"2003 August","Median",2e+05,"Scss","Unabsorbed Prices"
"35562",2003-08-01,"2003 August","Average",203000,"Scss","Unabsorbed Prices"
"35562",2003-08-01,"2003 August","Units",23,"Scss","Unabsorbed Prices"
"35562",2003-09-01,"2003 September","1st 20%",160000,"Scss","Unabsorbed Prices"
"35562",2003-09-01,"2003 September","2nd 40%",170000,"Scss","Unabsorbed Prices"
"35562",2003-09-01,"2003 September","3rd 60%",189000,"Scss","Unabsorbed Prices"
"35562",2003-09-01,"2003 September","4th 80%",296000,"Scss","Unabsorbed Prices"
"35562",2003-09-01,"2003 September","Median",175000,"Scss","Unabsorbed Prices"
"35562",2003-09-01,"2003 September","Average",214333,"Scss","Unabsorbed Prices"
"35562",2003-09-01,"2003 September","Units",15,"Scss","Unabsorbed Prices"
"35562",2003-10-01,"2003 October","1st 20%",165000,"Scss","Unabsorbed Prices"
"35562",2003-10-01,"2003 October","2nd 40%",180000,"Scss","Unabsorbed Prices"
"35562",2003-10-01,"2003 October","3rd 60%",2e+05,"Scss","Unabsorbed Prices"
"35562",2003-10-01,"2003 October","4th 80%",285000,"Scss","Unabsorbed Prices"
"35562",2003-10-01,"2003 October","Median",190000,"Scss","Unabsorbed Prices"
"35562",2003-10-01,"2003 October","Average",211526,"Scss","Unabsorbed Prices"
"35562",2003-10-01,"2003 October","Units",19,"Scss","Unabsorbed Prices"
"35562",2003-11-01,"2003 November","1st 20%",168000,"Scss","Unabsorbed Prices"
"35562",2003-11-01,"2003 November","2nd 40%",183000,"Scss","Unabsorbed Prices"
"35562",2003-11-01,"2003 November","3rd 60%",2e+05,"Scss","Unabsorbed Prices"
"35562",2003-11-01,"2003 November","4th 80%",240000,"Scss","Unabsorbed Prices"
"35562",2003-11-01,"2003 November","Median",185000,"Scss","Unabsorbed Prices"
"35562",2003-11-01,"2003 November","Average",202000,"Scss","Unabsorbed Prices"
"35562",2003-11-01,"2003 November","Units",23,"Scss","Unabsorbed Prices"
"35562",2003-12-01,"2003 December","1st 20%",154000,"Scss","Unabsorbed Prices"
"35562",2003-12-01,"2003 December","2nd 40%",180000,"Scss","Unabsorbed Prices"
"35562",2003-12-01,"2003 December","3rd 60%",189000,"Scss","Unabsorbed Prices"
"35562",2003-12-01,"2003 December","4th 80%",233000,"Scss","Unabsorbed Prices"
"35562",2003-12-01,"2003 December","Median",185000,"Scss","Unabsorbed Prices"
"35562",2003-12-01,"2003 December","Average",236955,"Scss","Unabsorbed Prices"
"35562",2003-12-01,"2003 December","Units",24,"Scss","Unabsorbed Prices"
"35562",2004-01-01,"2004 January","1st 20%",NA,"Scss","Unabsorbed Prices"
"35562",2004-01-01,"2004 January","2nd 40%",NA,"Scss","Unabsorbed Prices"
"35562",2004-01-01,"2004 January","3rd 60%",NA,"Scss","Unabsorbed Prices"
"35562",2004-01-01,"2004 January","4th 80%",NA,"Scss","Unabsorbed Prices"
"35562",2004-01-01,"2004 January","Median",NA,"Scss","Unabsorbed Prices"
"35562",2004-01-01,"2004 January","Average",155167,"Scss","Unabsorbed Prices"
"35562",2004-01-01,"2004 January","Units",6,"Scss","Unabsorbed Prices"
"35562",2004-02-01,"2004 February","1st 20%",175000,"Scss","Unabsorbed Prices"
"35562",2004-02-01,"2004 February","2nd 40%",190000,"Scss","Unabsorbed Prices"
"35562",2004-02-01,"2004 February","3rd 60%",210000,"Scss","Unabsorbed Prices"
"35562",2004-02-01,"2004 February","4th 80%",240000,"Scss","Unabsorbed Prices"
"35562",2004-02-01,"2004 February","Median",2e+05,"Scss","Unabsorbed Prices"
"35562",2004-02-01,"2004 February","Average",215690,"Scss","Unabsorbed Prices"
"35562",2004-02-01,"2004 February","Units",29,"Scss","Unabsorbed Prices"
"35562",2004-03-01,"2004 March","1st 20%",125000,"Scss","Unabsorbed Prices"
"35562",2004-03-01,"2004 March","2nd 40%",171000,"Scss","Unabsorbed Prices"
"35562",2004-03-01,"2004 March","3rd 60%",184000,"Scss","Unabsorbed Prices"
"35562",2004-03-01,"2004 March","4th 80%",240000,"Scss","Unabsorbed Prices"
"35562",2004-03-01,"2004 March","Median",177500,"Scss","Unabsorbed Prices"
"35562",2004-03-01,"2004 March","Average",186250,"Scss","Unabsorbed Prices"
"35562",2004-03-01,"2004 March","Units",12,"Scss","Unabsorbed Prices"
"35562",2004-04-01,"2004 April","1st 20%",130000,"Scss","Unabsorbed Prices"
"35562",2004-04-01,"2004 April","2nd 40%",164000,"Scss","Unabsorbed Prices"
"35562",2004-04-01,"2004 April","3rd 60%",190000,"Scss","Unabsorbed Prices"
"35562",2004-04-01,"2004 April","4th 80%",2e+05,"Scss","Unabsorbed Prices"
"35562",2004-04-01,"2004 April","Median",180000,"Scss","Unabsorbed Prices"
"35562",2004-04-01,"2004 April","Average",179000,"Scss","Unabsorbed Prices"
"35562",2004-04-01,"2004 April","Units",26,"Scss","Unabsorbed Prices"
"35562",2004-05-01,"2004 May","1st 20%",186000,"Scss","Unabsorbed Prices"
"35562",2004-05-01,"2004 May","2nd 40%",212000,"Scss","Unabsorbed Prices"
"35562",2004-05-01,"2004 May","3rd 60%",226000,"Scss","Unabsorbed Prices"
"35562",2004-05-01,"2004 May","4th 80%",312000,"Scss","Unabsorbed Prices"
"35562",2004-05-01,"2004 May","Median",220000,"Scss","Unabsorbed Prices"
"35562",2004-05-01,"2004 May","Average",265645,"Scss","Unabsorbed Prices"
"35562",2004-05-01,"2004 May","Units",20,"Scss","Unabsorbed Prices"
"35562",2004-06-01,"2004 June","1st 20%",NA,"Scss","Unabsorbed Prices"
"35562",2004-06-01,"2004 June","2nd 40%",NA,"Scss","Unabsorbed Prices"
"35562",2004-06-01,"2004 June","3rd 60%",NA,"Scss","Unabsorbed Prices"
"35562",2004-06-01,"2004 June","4th 80%",NA,"Scss","Unabsorbed Prices"
"35562",2004-06-01,"2004 June","Median",NA,"Scss","Unabsorbed Prices"
"35562",2004-06-01,"2004 June","Average",204111,"Scss","Unabsorbed Prices"
"35562",2004-06-01,"2004 June","Units",9,"Scss","Unabsorbed Prices"
"35562",2004-07-01,"2004 July","1st 20%",142000,"Scss","Unabsorbed Prices"
"35562",2004-07-01,"2004 July","2nd 40%",176000,"Scss","Unabsorbed Prices"
"35562",2004-07-01,"2004 July","3rd 60%",186000,"Scss","Unabsorbed Prices"
"35562",2004-07-01,"2004 July","4th 80%",248000,"Scss","Unabsorbed Prices"
"35562",2004-07-01,"2004 July","Median",180000,"Scss","Unabsorbed Prices"
"35562",2004-07-01,"2004 July","Average",192308,"Scss","Unabsorbed Prices"
"35562",2004-07-01,"2004 July","Units",13,"Scss","Unabsorbed Prices"
"35562",2004-08-01,"2004 August","1st 20%",173000,"Scss","Unabsorbed Prices"
"35562",2004-08-01,"2004 August","2nd 40%",188000,"Scss","Unabsorbed Prices"
"35562",2004-08-01,"2004 August","3rd 60%",228000,"Scss","Unabsorbed Prices"
"35562",2004-08-01,"2004 August","4th 80%",260000,"Scss","Unabsorbed Prices"
"35562",2004-08-01,"2004 August","Median",220000,"Scss","Unabsorbed Prices"
"35562",2004-08-01,"2004 August","Average",215167,"Scss","Unabsorbed Prices"
"35562",2004-08-01,"2004 August","Units",12,"Scss","Unabsorbed Prices"
"35562",2004-09-01,"2004 September","1st 20%",157000,"Scss","Unabsorbed Prices"
"35562",2004-09-01,"2004 September","2nd 40%",189000,"Scss","Unabsorbed Prices"
"35562",2004-09-01,"2004 September","3rd 60%",256000,"Scss","Unabsorbed Prices"
"35562",2004-09-01,"2004 September","4th 80%",3e+05,"Scss","Unabsorbed Prices"
"35562",2004-09-01,"2004 September","Median",2e+05,"Scss","Unabsorbed Prices"
"35562",2004-09-01,"2004 September","Average",229273,"Scss","Unabsorbed Prices"
"35562",2004-09-01,"2004 September","Units",11,"Scss","Unabsorbed Prices"
"35562",2004-10-01,"2004 October","1st 20%",167000,"Scss","Unabsorbed Prices"
"35562",2004-10-01,"2004 October","2nd 40%",184000,"Scss","Unabsorbed Prices"
"35562",2004-10-01,"2004 October","3rd 60%",2e+05,"Scss","Unabsorbed Prices"
"35562",2004-10-01,"2004 October","4th 80%",258000,"Scss","Unabsorbed Prices"
"35562",2004-10-01,"2004 October","Median",190000,"Scss","Unabsorbed Prices"
"35562",2004-10-01,"2004 October","Average",208250,"Scss","Unabsorbed Prices"
"35562",2004-10-01,"2004 October","Units",20,"Scss","Unabsorbed Prices"
"35562",2004-11-01,"2004 November","1st 20%",166000,"Scss","Unabsorbed Prices"
"35562",2004-11-01,"2004 November","2nd 40%",185000,"Scss","Unabsorbed Prices"
"35562",2004-11-01,"2004 November","3rd 60%",218000,"Scss","Unabsorbed Prices"
"35562",2004-11-01,"2004 November","4th 80%",242000,"Scss","Unabsorbed Prices"
"35562",2004-11-01,"2004 November","Median",2e+05,"Scss","Unabsorbed Prices"
"35562",2004-11-01,"2004 November","Average",204955,"Scss","Unabsorbed Prices"
"35562",2004-11-01,"2004 November","Units",22,"Scss","Unabsorbed Prices"
"35562",2004-12-01,"2004 December","1st 20%",130000,"Scss","Unabsorbed Prices"
"35562",2004-12-01,"2004 December","2nd 40%",156000,"Scss","Unabsorbed Prices"
"35562",2004-12-01,"2004 December","3rd 60%",172000,"Scss","Unabsorbed Prices"
"35562",2004-12-01,"2004 December","4th 80%",2e+05,"Scss","Unabsorbed Prices"
"35562",2004-12-01,"2004 December","Median",160000,"Scss","Unabsorbed Prices"
"35562",2004-12-01,"2004 December","Average",170111,"Scss","Unabsorbed Prices"
"35562",2004-12-01,"2004 December","Units",27,"Scss","Unabsorbed Prices"
"35562",2005-01-01,"2005 January","1st 20%",160000,"Scss","Unabsorbed Prices"
"35562",2005-01-01,"2005 January","2nd 40%",175000,"Scss","Unabsorbed Prices"
"35562",2005-01-01,"2005 January","3rd 60%",185000,"Scss","Unabsorbed Prices"
"35562",2005-01-01,"2005 January","4th 80%",250000,"Scss","Unabsorbed Prices"
"35562",2005-01-01,"2005 January","Median",180000,"Scss","Unabsorbed Prices"
"35562",2005-01-01,"2005 January","Average",199875,"Scss","Unabsorbed Prices"
"35562",2005-01-01,"2005 January","Units",24,"Scss","Unabsorbed Prices"
"35562",2005-02-01,"2005 February","1st 20%",172000,"Scss","Unabsorbed Prices"
"35562",2005-02-01,"2005 February","2nd 40%",187000,"Scss","Unabsorbed Prices"
"35562",2005-02-01,"2005 February","3rd 60%",236000,"Scss","Unabsorbed Prices"
"35562",2005-02-01,"2005 February","4th 80%",292000,"Scss","Unabsorbed Prices"
"35562",2005-02-01,"2005 February","Median",2e+05,"Scss","Unabsorbed Prices"
"35562",2005-02-01,"2005 February","Average",225133,"Scss","Unabsorbed Prices"
"35562",2005-02-01,"2005 February","Units",15,"Scss","Unabsorbed Prices"
"35562",2005-03-01,"2005 March","1st 20%",150000,"Scss","Unabsorbed Prices"
"35562",2005-03-01,"2005 March","2nd 40%",167000,"Scss","Unabsorbed Prices"
"35562",2005-03-01,"2005 March","3rd 60%",176000,"Scss","Unabsorbed Prices"
"35562",2005-03-01,"2005 March","4th 80%",240000,"Scss","Unabsorbed Prices"
"35562",2005-03-01,"2005 March","Median",170000,"Scss","Unabsorbed Prices"
"35562",2005-03-01,"2005 March","Average",227200,"Scss","Unabsorbed Prices"
"35562",2005-03-01,"2005 March","Units",25,"Scss","Unabsorbed Prices"
"35562",2005-04-01,"2005 April","1st 20%",130000,"Scss","Unabsorbed Prices"
"35562",2005-04-01,"2005 April","2nd 40%",131000,"Scss","Unabsorbed Prices"
"35562",2005-04-01,"2005 April","3rd 60%",192000,"Scss","Unabsorbed Prices"
"35562",2005-04-01,"2005 April","4th 80%",208000,"Scss","Unabsorbed Prices"
"35562",2005-04-01,"2005 April","Median",147500,"Scss","Unabsorbed Prices"
"35562",2005-04-01,"2005 April","Average",176917,"Scss","Unabsorbed Prices"
"35562",2005-04-01,"2005 April","Units",12,"Scss","Unabsorbed Prices"
"35562",2005-05-01,"2005 May","1st 20%",NA,"Scss","Unabsorbed Prices"
"35562",2005-05-01,"2005 May","2nd 40%",NA,"Scss","Unabsorbed Prices"
"35562",2005-05-01,"2005 May","3rd 60%",NA,"Scss","Unabsorbed Prices"
"35562",2005-05-01,"2005 May","4th 80%",NA,"Scss","Unabsorbed Prices"
"35562",2005-05-01,"2005 May","Median",NA,"Scss","Unabsorbed Prices"
"35562",2005-05-01,"2005 May","Average",222143,"Scss","Unabsorbed Prices"
"35562",2005-05-01,"2005 May","Units",7,"Scss","Unabsorbed Prices"
"35562",2005-06-01,"2005 June","1st 20%",185000,"Scss","Unabsorbed Prices"
"35562",2005-06-01,"2005 June","2nd 40%",226000,"Scss","Unabsorbed Prices"
"35562",2005-06-01,"2005 June","3rd 60%",240000,"Scss","Unabsorbed Prices"
"35562",2005-06-01,"2005 June","4th 80%",294000,"Scss","Unabsorbed Prices"
"35562",2005-06-01,"2005 June","Median",237500,"Scss","Unabsorbed Prices"
"35562",2005-06-01,"2005 June","Average",234390,"Scss","Unabsorbed Prices"
"35562",2005-06-01,"2005 June","Units",10,"Scss","Unabsorbed Prices"
"35562",2005-07-01,"2005 July","1st 20%",145000,"Scss","Unabsorbed Prices"
"35562",2005-07-01,"2005 July","2nd 40%",220000,"Scss","Unabsorbed Prices"
"35562",2005-07-01,"2005 July","3rd 60%",250000,"Scss","Unabsorbed Prices"
"35562",2005-07-01,"2005 July","4th 80%",270000,"Scss","Unabsorbed Prices"
"35562",2005-07-01,"2005 July","Median",230000,"Scss","Unabsorbed Prices"
"35562",2005-07-01,"2005 July","Average",223379,"Scss","Unabsorbed Prices"
"35562",2005-07-01,"2005 July","Units",14,"Scss","Unabsorbed Prices"
"35562",2005-08-01,"2005 August","1st 20%",NA,"Scss","Unabsorbed Prices"
"35562",2005-08-01,"2005 August","2nd 40%",NA,"Scss","Unabsorbed Prices"
"35562",2005-08-01,"2005 August","3rd 60%",NA,"Scss","Unabsorbed Prices"
"35562",2005-08-01,"2005 August","4th 80%",NA,"Scss","Unabsorbed Prices"
"35562",2005-08-01,"2005 August","Median",NA,"Scss","Unabsorbed Prices"
"35562",2005-08-01,"2005 August","Average",NA,"Scss","Unabsorbed Prices"
"35562",2005-08-01,"2005 August","Units",3,"Scss","Unabsorbed Prices"
"35562",2005-09-01,"2005 September","1st 20%",254000,"Scss","Unabsorbed Prices"
"35562",2005-09-01,"2005 September","2nd 40%",269000,"Scss","Unabsorbed Prices"
"35562",2005-09-01,"2005 September","3rd 60%",290000,"Scss","Unabsorbed Prices"
"35562",2005-09-01,"2005 September","4th 80%",318000,"Scss","Unabsorbed Prices"
"35562",2005-09-01,"2005 September","Median",285000,"Scss","Unabsorbed Prices"
"35562",2005-09-01,"2005 September","Average",285612,"Scss","Unabsorbed Prices"
"35562",2005-09-01,"2005 September","Units",13,"Scss","Unabsorbed Prices"
"35562",2005-10-01,"2005 October","1st 20%",202000,"Scss","Unabsorbed Prices"
"35562",2005-10-01,"2005 October","2nd 40%",237000,"Scss","Unabsorbed Prices"
"35562",2005-10-01,"2005 October","3rd 60%",248000,"Scss","Unabsorbed Prices"
"35562",2005-10-01,"2005 October","4th 80%",260000,"Scss","Unabsorbed Prices"
"35562",2005-10-01,"2005 October","Median",242500,"Scss","Unabsorbed Prices"
"35562",2005-10-01,"2005 October","Average",268440,"Scss","Unabsorbed Prices"
"35562",2005-10-01,"2005 October","Units",10,"Scss","Unabsorbed Prices"
"35562",2005-11-01,"2005 November","1st 20%",216000,"Scss","Unabsorbed Prices"
"35562",2005-11-01,"2005 November","2nd 40%",276000,"Scss","Unabsorbed Prices"
"35562",2005-11-01,"2005 November","3rd 60%",3e+05,"Scss","Unabsorbed Prices"
"35562",2005-11-01,"2005 November","4th 80%",344000,"Scss","Unabsorbed Prices"
"35562",2005-11-01,"2005 November","Median",285000,"Scss","Unabsorbed Prices"
"35562",2005-11-01,"2005 November","Average",309969,"Scss","Unabsorbed Prices"
"35562",2005-11-01,"2005 November","Units",14,"Scss","Unabsorbed Prices"
"35562",2005-12-01,"2005 December","1st 20%",156000,"Scss","Unabsorbed Prices"
"35562",2005-12-01,"2005 December","2nd 40%",248000,"Scss","Unabsorbed Prices"
"35562",2005-12-01,"2005 December","3rd 60%",276000,"Scss","Unabsorbed Prices"
"35562",2005-12-01,"2005 December","4th 80%",314000,"Scss","Unabsorbed Prices"
"35562",2005-12-01,"2005 December","Median",265000,"Scss","Unabsorbed Prices"
"35562",2005-12-01,"2005 December","Average",251403,"Scss","Unabsorbed Prices"
"35562",2005-12-01,"2005 December","Units",15,"Scss","Unabsorbed Prices"
"35562",2006-01-01,"2006 January","1st 20%",NA,"Scss","Unabsorbed Prices"
"35562",2006-01-01,"2006 January","2nd 40%",NA,"Scss","Unabsorbed Prices"
"35562",2006-01-01,"2006 January","3rd 60%",NA,"Scss","Unabsorbed Prices"
"35562",2006-01-01,"2006 January","4th 80%",NA,"Scss","Unabsorbed Prices"
"35562",2006-01-01,"2006 January","Median",NA,"Scss","Unabsorbed Prices"
"35562",2006-01-01,"2006 January","Average",272560,"Scss","Unabsorbed Prices"
"35562",2006-01-01,"2006 January","Units",5,"Scss","Unabsorbed Prices"
"35562",2006-02-01,"2006 February","1st 20%",NA,"Scss","Unabsorbed Prices"
"35562",2006-02-01,"2006 February","2nd 40%",NA,"Scss","Unabsorbed Prices"
"35562",2006-02-01,"2006 February","3rd 60%",NA,"Scss","Unabsorbed Prices"
"35562",2006-02-01,"2006 February","4th 80%",NA,"Scss","Unabsorbed Prices"
"35562",2006-02-01,"2006 February","Median",NA,"Scss","Unabsorbed Prices"
"35562",2006-02-01,"2006 February","Average",NA,"Scss","Unabsorbed Prices"
"35562",2006-02-01,"2006 February","Units",6,"Scss","Unabsorbed Prices"
"35562",2006-03-01,"2006 March","1st 20%",NA,"Scss","Unabsorbed Prices"
"35562",2006-03-01,"2006 March","2nd 40%",NA,"Scss","Unabsorbed Prices"
"35562",2006-03-01,"2006 March","3rd 60%",NA,"Scss","Unabsorbed Prices"
"35562",2006-03-01,"2006 March","4th 80%",NA,"Scss","Unabsorbed Prices"
"35562",2006-03-01,"2006 March","Median",NA,"Scss","Unabsorbed Prices"
"35562",2006-03-01,"2006 March","Average",259844,"Scss","Unabsorbed Prices"
"35562",2006-03-01,"2006 March","Units",9,"Scss","Unabsorbed Prices"
"35562",2006-04-01,"2006 April","1st 20%",247000,"Scss","Unabsorbed Prices"
"35562",2006-04-01,"2006 April","2nd 40%",250000,"Scss","Unabsorbed Prices"
"35562",2006-04-01,"2006 April","3rd 60%",276000,"Scss","Unabsorbed Prices"
"35562",2006-04-01,"2006 April","4th 80%",414000,"Scss","Unabsorbed Prices"
"35562",2006-04-01,"2006 April","Median",260000,"Scss","Unabsorbed Prices"
"35562",2006-04-01,"2006 April","Average",322125,"Scss","Unabsorbed Prices"
"35562",2006-04-01,"2006 April","Units",17,"Scss","Unabsorbed Prices"
"35562",2006-05-01,"2006 May","1st 20%",158000,"Scss","Unabsorbed Prices"
"35562",2006-05-01,"2006 May","2nd 40%",256000,"Scss","Unabsorbed Prices"
"35562",2006-05-01,"2006 May","3rd 60%",290000,"Scss","Unabsorbed Prices"
"35562",2006-05-01,"2006 May","4th 80%",304000,"Scss","Unabsorbed Prices"
"35562",2006-05-01,"2006 May","Median",270000,"Scss","Unabsorbed Prices"
"35562",2006-05-01,"2006 May","Average",247118,"Scss","Unabsorbed Prices"
"35562",2006-05-01,"2006 May","Units",11,"Scss","Unabsorbed Prices"
"35562",2006-06-01,"2006 June","1st 20%",221000,"Scss","Unabsorbed Prices"
"35562",2006-06-01,"2006 June","2nd 40%",240000,"Scss","Unabsorbed Prices"
"35562",2006-06-01,"2006 June","3rd 60%",261000,"Scss","Unabsorbed Prices"
"35562",2006-06-01,"2006 June","4th 80%",283000,"Scss","Unabsorbed Prices"
"35562",2006-06-01,"2006 June","Median",255000,"Scss","Unabsorbed Prices"
"35562",2006-06-01,"2006 June","Average",249129,"Scss","Unabsorbed Prices"
"35562",2006-06-01,"2006 June","Units",21,"Scss","Unabsorbed Prices"
"35562",2006-07-01,"2006 July","1st 20%",192000,"Scss","Unabsorbed Prices"
"35562",2006-07-01,"2006 July","2nd 40%",254000,"Scss","Unabsorbed Prices"
"35562",2006-07-01,"2006 July","3rd 60%",266000,"Scss","Unabsorbed Prices"
"35562",2006-07-01,"2006 July","4th 80%",287000,"Scss","Unabsorbed Prices"
"35562",2006-07-01,"2006 July","Median",260000,"Scss","Unabsorbed Prices"
"35562",2006-07-01,"2006 July","Average",248190,"Scss","Unabsorbed Prices"
"35562",2006-07-01,"2006 July","Units",10,"Scss","Unabsorbed Prices"
"35562",2006-08-01,"2006 August","1st 20%",252000,"Scss","Unabsorbed Prices"
"35562",2006-08-01,"2006 August","2nd 40%",274000,"Scss","Unabsorbed Prices"
"35562",2006-08-01,"2006 August","3rd 60%",3e+05,"Scss","Unabsorbed Prices"
"35562",2006-08-01,"2006 August","4th 80%",380000,"Scss","Unabsorbed Prices"
"35562",2006-08-01,"2006 August","Median",290000,"Scss","Unabsorbed Prices"
"35562",2006-08-01,"2006 August","Average",309683,"Scss","Unabsorbed Prices"
"35562",2006-08-01,"2006 August","Units",15,"Scss","Unabsorbed Prices"
"35562",2006-09-01,"2006 September","1st 20%",214000,"Scss","Unabsorbed Prices"
"35562",2006-09-01,"2006 September","2nd 40%",263000,"Scss","Unabsorbed Prices"
"35562",2006-09-01,"2006 September","3rd 60%",278000,"Scss","Unabsorbed Prices"
"35562",2006-09-01,"2006 September","4th 80%",358000,"Scss","Unabsorbed Prices"
"35562",2006-09-01,"2006 September","Median",270000,"Scss","Unabsorbed Prices"
"35562",2006-09-01,"2006 September","Average",277867,"Scss","Unabsorbed Prices"
"35562",2006-09-01,"2006 September","Units",18,"Scss","Unabsorbed Prices"
"35562",2006-10-01,"2006 October","1st 20%",160000,"Scss","Unabsorbed Prices"
"35562",2006-10-01,"2006 October","2nd 40%",2e+05,"Scss","Unabsorbed Prices"
"35562",2006-10-01,"2006 October","3rd 60%",250000,"Scss","Unabsorbed Prices"
"35562",2006-10-01,"2006 October","4th 80%",290000,"Scss","Unabsorbed Prices"
"35562",2006-10-01,"2006 October","Median",240000,"Scss","Unabsorbed Prices"
"35562",2006-10-01,"2006 October","Average",229393,"Scss","Unabsorbed Prices"
"35562",2006-10-01,"2006 October","Units",18,"Scss","Unabsorbed Prices"
"35562",2006-11-01,"2006 November","1st 20%",180000,"Scss","Unabsorbed Prices"
"35562",2006-11-01,"2006 November","2nd 40%",240000,"Scss","Unabsorbed Prices"
"35562",2006-11-01,"2006 November","3rd 60%",269000,"Scss","Unabsorbed Prices"
"35562",2006-11-01,"2006 November","4th 80%",328000,"Scss","Unabsorbed Prices"
"35562",2006-11-01,"2006 November","Median",250000,"Scss","Unabsorbed Prices"
"35562",2006-11-01,"2006 November","Average",259954,"Scss","Unabsorbed Prices"
"35562",2006-11-01,"2006 November","Units",39,"Scss","Unabsorbed Prices"
"35562",2006-12-01,"2006 December","1st 20%",NA,"Scss","Unabsorbed Prices"
"35562",2006-12-01,"2006 December","2nd 40%",NA,"Scss","Unabsorbed Prices"
"35562",2006-12-01,"2006 December","3rd 60%",NA,"Scss","Unabsorbed Prices"
"35562",2006-12-01,"2006 December","4th 80%",NA,"Scss","Unabsorbed Prices"
"35562",2006-12-01,"2006 December","Median",NA,"Scss","Unabsorbed Prices"
"35562",2006-12-01,"2006 December","Average",261108,"Scss","Unabsorbed Prices"
"35562",2006-12-01,"2006 December","Units",14,"Scss","Unabsorbed Prices"
"35562",2007-01-01,"2007 January","1st 20%",2e+05,"Scss","Unabsorbed Prices"
"35562",2007-01-01,"2007 January","2nd 40%",244000,"Scss","Unabsorbed Prices"
"35562",2007-01-01,"2007 January","3rd 60%",273000,"Scss","Unabsorbed Prices"
"35562",2007-01-01,"2007 January","4th 80%",398000,"Scss","Unabsorbed Prices"
"35562",2007-01-01,"2007 January","Median",260000,"Scss","Unabsorbed Prices"
"35562",2007-01-01,"2007 January","Average",281460,"Scss","Unabsorbed Prices"
"35562",2007-01-01,"2007 January","Units",10,"Scss","Unabsorbed Prices"
"35562",2007-02-01,"2007 February","1st 20%",206000,"Scss","Unabsorbed Prices"
"35562",2007-02-01,"2007 February","2nd 40%",247000,"Scss","Unabsorbed Prices"
"35562",2007-02-01,"2007 February","3rd 60%",290000,"Scss","Unabsorbed Prices"
"35562",2007-02-01,"2007 February","4th 80%",296000,"Scss","Unabsorbed Prices"
"35562",2007-02-01,"2007 February","Median",280000,"Scss","Unabsorbed Prices"
"35562",2007-02-01,"2007 February","Average",264609,"Scss","Unabsorbed Prices"
"35562",2007-02-01,"2007 February","Units",11,"Scss","Unabsorbed Prices"
"35562",2007-03-01,"2007 March","1st 20%",NA,"Scss","Unabsorbed Prices"
"35562",2007-03-01,"2007 March","2nd 40%",NA,"Scss","Unabsorbed Prices"
"35562",2007-03-01,"2007 March","3rd 60%",NA,"Scss","Unabsorbed Prices"
"35562",2007-03-01,"2007 March","4th 80%",NA,"Scss","Unabsorbed Prices"
"35562",2007-03-01,"2007 March","Median",NA,"Scss","Unabsorbed Prices"
"35562",2007-03-01,"2007 March","Average",261922,"Scss","Unabsorbed Prices"
"35562",2007-03-01,"2007 March","Units",9,"Scss","Unabsorbed Prices"
"35562",2007-04-01,"2007 April","1st 20%",234000,"Scss","Unabsorbed Prices"
"35562",2007-04-01,"2007 April","2nd 40%",256000,"Scss","Unabsorbed Prices"
"35562",2007-04-01,"2007 April","3rd 60%",294000,"Scss","Unabsorbed Prices"
"35562",2007-04-01,"2007 April","4th 80%",427000,"Scss","Unabsorbed Prices"
"35562",2007-04-01,"2007 April","Median",270000,"Scss","Unabsorbed Prices"
"35562",2007-04-01,"2007 April","Average",428885,"Scss","Unabsorbed Prices"
"35562",2007-04-01,"2007 April","Units",15,"Scss","Unabsorbed Prices"
"35562",2007-05-01,"2007 May","1st 20%",175000,"Scss","Unabsorbed Prices"
"35562",2007-05-01,"2007 May","2nd 40%",245000,"Scss","Unabsorbed Prices"
"35562",2007-05-01,"2007 May","3rd 60%",260000,"Scss","Unabsorbed Prices"
"35562",2007-05-01,"2007 May","4th 80%",335000,"Scss","Unabsorbed Prices"
"35562",2007-05-01,"2007 May","Median",252500,"Scss","Unabsorbed Prices"
"35562",2007-05-01,"2007 May","Average",295856,"Scss","Unabsorbed Prices"
"35562",2007-05-01,"2007 May","Units",17,"Scss","Unabsorbed Prices"
"35562",2007-06-01,"2007 June","1st 20%",192000,"Scss","Unabsorbed Prices"
"35562",2007-06-01,"2007 June","2nd 40%",252000,"Scss","Unabsorbed Prices"
"35562",2007-06-01,"2007 June","3rd 60%",288000,"Scss","Unabsorbed Prices"
"35562",2007-06-01,"2007 June","4th 80%",330000,"Scss","Unabsorbed Prices"
"35562",2007-06-01,"2007 June","Median",280000,"Scss","Unabsorbed Prices"
"35562",2007-06-01,"2007 June","Average",305645,"Scss","Unabsorbed Prices"
"35562",2007-06-01,"2007 June","Units",23,"Scss","Unabsorbed Prices"
"35562",2007-07-01,"2007 July","1st 20%",230000,"Scss","Unabsorbed Prices"
"35562",2007-07-01,"2007 July","2nd 40%",260000,"Scss","Unabsorbed Prices"
"35562",2007-07-01,"2007 July","3rd 60%",284000,"Scss","Unabsorbed Prices"
"35562",2007-07-01,"2007 July","4th 80%",356000,"Scss","Unabsorbed Prices"
"35562",2007-07-01,"2007 July","Median",275000,"Scss","Unabsorbed Prices"
"35562",2007-07-01,"2007 July","Average",291110,"Scss","Unabsorbed Prices"
"35562",2007-07-01,"2007 July","Units",21,"Scss","Unabsorbed Prices"
"35562",2007-08-01,"2007 August","1st 20%",219000,"Scss","Unabsorbed Prices"
"35562",2007-08-01,"2007 August","2nd 40%",285000,"Scss","Unabsorbed Prices"
"35562",2007-08-01,"2007 August","3rd 60%",302000,"Scss","Unabsorbed Prices"
"35562",2007-08-01,"2007 August","4th 80%",360000,"Scss","Unabsorbed Prices"
"35562",2007-08-01,"2007 August","Median",290000,"Scss","Unabsorbed Prices"
"35562",2007-08-01,"2007 August","Average",303224,"Scss","Unabsorbed Prices"
"35562",2007-08-01,"2007 August","Units",21,"Scss","Unabsorbed Prices"
"35562",2007-09-01,"2007 September","1st 20%",185000,"Scss","Unabsorbed Prices"
"35562",2007-09-01,"2007 September","2nd 40%",216000,"Scss","Unabsorbed Prices"
"35562",2007-09-01,"2007 September","3rd 60%",242000,"Scss","Unabsorbed Prices"
"35562",2007-09-01,"2007 September","4th 80%",284000,"Scss","Unabsorbed Prices"
"35562",2007-09-01,"2007 September","Median",225000,"Scss","Unabsorbed Prices"
"35562",2007-09-01,"2007 September","Average",237892,"Scss","Unabsorbed Prices"
"35562",2007-09-01,"2007 September","Units",12,"Scss","Unabsorbed Prices"
"35562",2007-10-01,"2007 October","1st 20%",215000,"Scss","Unabsorbed Prices"
"35562",2007-10-01,"2007 October","2nd 40%",264000,"Scss","Unabsorbed Prices"
"35562",2007-10-01,"2007 October","3rd 60%",3e+05,"Scss","Unabsorbed Prices"
"35562",2007-10-01,"2007 October","4th 80%",334000,"Scss","Unabsorbed Prices"
"35562",2007-10-01,"2007 October","Median",280000,"Scss","Unabsorbed Prices"
"35562",2007-10-01,"2007 October","Average",279679,"Scss","Unabsorbed Prices"
"35562",2007-10-01,"2007 October","Units",33,"Scss","Unabsorbed Prices"
"35562",2007-11-01,"2007 November","1st 20%",205000,"Scss","Unabsorbed Prices"
"35562",2007-11-01,"2007 November","2nd 40%",267000,"Scss","Unabsorbed Prices"
"35562",2007-11-01,"2007 November","3rd 60%",308000,"Scss","Unabsorbed Prices"
"35562",2007-11-01,"2007 November","4th 80%",338000,"Scss","Unabsorbed Prices"
"35562",2007-11-01,"2007 November","Median",280000,"Scss","Unabsorbed Prices"
"35562",2007-11-01,"2007 November","Average",276519,"Scss","Unabsorbed Prices"
"35562",2007-11-01,"2007 November","Units",25,"Scss","Unabsorbed Prices"
"35562",2007-12-01,"2007 December","1st 20%",NA,"Scss","Unabsorbed Prices"
"35562",2007-12-01,"2007 December","2nd 40%",NA,"Scss","Unabsorbed Prices"
"35562",2007-12-01,"2007 December","3rd 60%",NA,"Scss","Unabsorbed Prices"
"35562",2007-12-01,"2007 December","4th 80%",NA,"Scss","Unabsorbed Prices"
"35562",2007-12-01,"2007 December","Median",NA,"Scss","Unabsorbed Prices"
"35562",2007-12-01,"2007 December","Average",274344,"Scss","Unabsorbed Prices"
"35562",2007-12-01,"2007 December","Units",9,"Scss","Unabsorbed Prices"
"35562",2008-01-01,"2008 January","1st 20%",272000,"Scss","Unabsorbed Prices"
"35562",2008-01-01,"2008 January","2nd 40%",295000,"Scss","Unabsorbed Prices"
"35562",2008-01-01,"2008 January","3rd 60%",340000,"Scss","Unabsorbed Prices"
"35562",2008-01-01,"2008 January","4th 80%",368000,"Scss","Unabsorbed Prices"
"35562",2008-01-01,"2008 January","Median",297500,"Scss","Unabsorbed Prices"
"35562",2008-01-01,"2008 January","Average",312163,"Scss","Unabsorbed Prices"
"35562",2008-01-01,"2008 January","Units",12,"Scss","Unabsorbed Prices"
"35562",2008-02-01,"2008 February","1st 20%",240000,"Scss","Unabsorbed Prices"
"35562",2008-02-01,"2008 February","2nd 40%",290000,"Scss","Unabsorbed Prices"
"35562",2008-02-01,"2008 February","3rd 60%",294000,"Scss","Unabsorbed Prices"
"35562",2008-02-01,"2008 February","4th 80%",321000,"Scss","Unabsorbed Prices"
"35562",2008-02-01,"2008 February","Median",290000,"Scss","Unabsorbed Prices"
"35562",2008-02-01,"2008 February","Average",283383,"Scss","Unabsorbed Prices"
"35562",2008-02-01,"2008 February","Units",12,"Scss","Unabsorbed Prices"
"35562",2008-03-01,"2008 March","1st 20%",236000,"Scss","Unabsorbed Prices"
"35562",2008-03-01,"2008 March","2nd 40%",284000,"Scss","Unabsorbed Prices"
"35562",2008-03-01,"2008 March","3rd 60%",312000,"Scss","Unabsorbed Prices"
"35562",2008-03-01,"2008 March","4th 80%",390000,"Scss","Unabsorbed Prices"
"35562",2008-03-01,"2008 March","Median",297500,"Scss","Unabsorbed Prices"
"35562",2008-03-01,"2008 March","Average",303905,"Scss","Unabsorbed Prices"
"35562",2008-03-01,"2008 March","Units",20,"Scss","Unabsorbed Prices"
"35562",2008-04-01,"2008 April","1st 20%",227000,"Scss","Unabsorbed Prices"
"35562",2008-04-01,"2008 April","2nd 40%",282000,"Scss","Unabsorbed Prices"
"35562",2008-04-01,"2008 April","3rd 60%",319000,"Scss","Unabsorbed Prices"
"35562",2008-04-01,"2008 April","4th 80%",360000,"Scss","Unabsorbed Prices"
"35562",2008-04-01,"2008 April","Median",295000,"Scss","Unabsorbed Prices"
"35562",2008-04-01,"2008 April","Average",297168,"Scss","Unabsorbed Prices"
"35562",2008-04-01,"2008 April","Units",22,"Scss","Unabsorbed Prices"
"35562",2008-05-01,"2008 May","1st 20%",235000,"Scss","Unabsorbed Prices"
"35562",2008-05-01,"2008 May","2nd 40%",290000,"Scss","Unabsorbed Prices"
"35562",2008-05-01,"2008 May","3rd 60%",320000,"Scss","Unabsorbed Prices"
"35562",2008-05-01,"2008 May","4th 80%",345000,"Scss","Unabsorbed Prices"
"35562",2008-05-01,"2008 May","Median",297500,"Scss","Unabsorbed Prices"
"35562",2008-05-01,"2008 May","Average",290288,"Scss","Unabsorbed Prices"
"35562",2008-05-01,"2008 May","Units",34,"Scss","Unabsorbed Prices"
"35562",2008-06-01,"2008 June","1st 20%",2e+05,"Scss","Unabsorbed Prices"
"35562",2008-06-01,"2008 June","2nd 40%",250000,"Scss","Unabsorbed Prices"
"35562",2008-06-01,"2008 June","3rd 60%",285000,"Scss","Unabsorbed Prices"
"35562",2008-06-01,"2008 June","4th 80%",340000,"Scss","Unabsorbed Prices"
"35562",2008-06-01,"2008 June","Median",272500,"Scss","Unabsorbed Prices"
"35562",2008-06-01,"2008 June","Average",298025,"Scss","Unabsorbed Prices"
"35562",2008-06-01,"2008 June","Units",24,"Scss","Unabsorbed Prices"
"35562",2008-07-01,"2008 July","1st 20%",247000,"Scss","Unabsorbed Prices"
"35562",2008-07-01,"2008 July","2nd 40%",280000,"Scss","Unabsorbed Prices"
"35562",2008-07-01,"2008 July","3rd 60%",318000,"Scss","Unabsorbed Prices"
"35562",2008-07-01,"2008 July","4th 80%",350000,"Scss","Unabsorbed Prices"
"35562",2008-07-01,"2008 July","Median",295000,"Scss","Unabsorbed Prices"
"35562",2008-07-01,"2008 July","Average",295746,"Scss","Unabsorbed Prices"
"35562",2008-07-01,"2008 July","Units",12,"Scss","Unabsorbed Prices"
"35562",2008-08-01,"2008 August","1st 20%",254000,"Scss","Unabsorbed Prices"
"35562",2008-08-01,"2008 August","2nd 40%",280000,"Scss","Unabsorbed Prices"
"35562",2008-08-01,"2008 August","3rd 60%",296000,"Scss","Unabsorbed Prices"
"35562",2008-08-01,"2008 August","4th 80%",363000,"Scss","Unabsorbed Prices"
"35562",2008-08-01,"2008 August","Median",287500,"Scss","Unabsorbed Prices"
"35562",2008-08-01,"2008 August","Average",336808,"Scss","Unabsorbed Prices"
"35562",2008-08-01,"2008 August","Units",30,"Scss","Unabsorbed Prices"
"35562",2008-09-01,"2008 September","1st 20%",252000,"Scss","Unabsorbed Prices"
"35562",2008-09-01,"2008 September","2nd 40%",295000,"Scss","Unabsorbed Prices"
"35562",2008-09-01,"2008 September","3rd 60%",340000,"Scss","Unabsorbed Prices"
"35562",2008-09-01,"2008 September","4th 80%",387000,"Scss","Unabsorbed Prices"
"35562",2008-09-01,"2008 September","Median",315000,"Scss","Unabsorbed Prices"
"35562",2008-09-01,"2008 September","Average",318754,"Scss","Unabsorbed Prices"
"35562",2008-09-01,"2008 September","Units",35,"Scss","Unabsorbed Prices"
"35562",2008-10-01,"2008 October","1st 20%",194000,"Scss","Unabsorbed Prices"
"35562",2008-10-01,"2008 October","2nd 40%",280000,"Scss","Unabsorbed Prices"
"35562",2008-10-01,"2008 October","3rd 60%",302000,"Scss","Unabsorbed Prices"
"35562",2008-10-01,"2008 October","4th 80%",330000,"Scss","Unabsorbed Prices"
"35562",2008-10-01,"2008 October","Median",297500,"Scss","Unabsorbed Prices"
"35562",2008-10-01,"2008 October","Average",276055,"Scss","Unabsorbed Prices"
"35562",2008-10-01,"2008 October","Units",26,"Scss","Unabsorbed Prices"
"35562",2008-11-01,"2008 November","1st 20%",232000,"Scss","Unabsorbed Prices"
"35562",2008-11-01,"2008 November","2nd 40%",263000,"Scss","Unabsorbed Prices"
"35562",2008-11-01,"2008 November","3rd 60%",292000,"Scss","Unabsorbed Prices"
"35562",2008-11-01,"2008 November","4th 80%",350000,"Scss","Unabsorbed Prices"
"35562",2008-11-01,"2008 November","Median",270000,"Scss","Unabsorbed Prices"
"35562",2008-11-01,"2008 November","Average",289957,"Scss","Unabsorbed Prices"
"35562",2008-11-01,"2008 November","Units",21,"Scss","Unabsorbed Prices"
"35562",2008-12-01,"2008 December","1st 20%",252000,"Scss","Unabsorbed Prices"
"35562",2008-12-01,"2008 December","2nd 40%",3e+05,"Scss","Unabsorbed Prices"
"35562",2008-12-01,"2008 December","3rd 60%",326000,"Scss","Unabsorbed Prices"
"35562",2008-12-01,"2008 December","4th 80%",358000,"Scss","Unabsorbed Prices"
"35562",2008-12-01,"2008 December","Median",320000,"Scss","Unabsorbed Prices"
"35562",2008-12-01,"2008 December","Average",316555,"Scss","Unabsorbed Prices"
"35562",2008-12-01,"2008 December","Units",20,"Scss","Unabsorbed Prices"
"35562",2009-01-01,"2009 January","1st 20%",278000,"Scss","Unabsorbed Prices"
"35562",2009-01-01,"2009 January","2nd 40%",312000,"Scss","Unabsorbed Prices"
"35562",2009-01-01,"2009 January","3rd 60%",350000,"Scss","Unabsorbed Prices"
"35562",2009-01-01,"2009 January","4th 80%",384000,"Scss","Unabsorbed Prices"
"35562",2009-01-01,"2009 January","Median",322500,"Scss","Unabsorbed Prices"
"35562",2009-01-01,"2009 January","Average",324044,"Scss","Unabsorbed Prices"
"35562",2009-01-01,"2009 January","Units",16,"Scss","Unabsorbed Prices"
"35562",2009-02-01,"2009 February","1st 20%",NA,"Scss","Unabsorbed Prices"
"35562",2009-02-01,"2009 February","2nd 40%",NA,"Scss","Unabsorbed Prices"
"35562",2009-02-01,"2009 February","3rd 60%",NA,"Scss","Unabsorbed Prices"
"35562",2009-02-01,"2009 February","4th 80%",NA,"Scss","Unabsorbed Prices"
"35562",2009-02-01,"2009 February","Median",NA,"Scss","Unabsorbed Prices"
"35562",2009-02-01,"2009 February","Average",306967,"Scss","Unabsorbed Prices"
"35562",2009-02-01,"2009 February","Units",9,"Scss","Unabsorbed Prices"
"35562",2009-03-01,"2009 March","1st 20%",251000,"Scss","Unabsorbed Prices"
"35562",2009-03-01,"2009 March","2nd 40%",259000,"Scss","Unabsorbed Prices"
"35562",2009-03-01,"2009 March","3rd 60%",286000,"Scss","Unabsorbed Prices"
"35562",2009-03-01,"2009 March","4th 80%",326000,"Scss","Unabsorbed Prices"
"35562",2009-03-01,"2009 March","Median",272500,"Scss","Unabsorbed Prices"
"35562",2009-03-01,"2009 March","Average",288205,"Scss","Unabsorbed Prices"
"35562",2009-03-01,"2009 March","Units",10,"Scss","Unabsorbed Prices"
"35562",2009-04-01,"2009 April","1st 20%",270000,"Scss","Unabsorbed Prices"
"35562",2009-04-01,"2009 April","2nd 40%",287000,"Scss","Unabsorbed Prices"
"35562",2009-04-01,"2009 April","3rd 60%",3e+05,"Scss","Unabsorbed Prices"
"35562",2009-04-01,"2009 April","4th 80%",348000,"Scss","Unabsorbed Prices"
"35562",2009-04-01,"2009 April","Median",295000,"Scss","Unabsorbed Prices"
"35562",2009-04-01,"2009 April","Average",302060,"Scss","Unabsorbed Prices"
"35562",2009-04-01,"2009 April","Units",15,"Scss","Unabsorbed Prices"
"35562",2009-05-01,"2009 May","1st 20%",192000,"Scss","Unabsorbed Prices"
"35562",2009-05-01,"2009 May","2nd 40%",292000,"Scss","Unabsorbed Prices"
"35562",2009-05-01,"2009 May","3rd 60%",343000,"Scss","Unabsorbed Prices"
"35562",2009-05-01,"2009 May","4th 80%",382000,"Scss","Unabsorbed Prices"
"35562",2009-05-01,"2009 May","Median",332500,"Scss","Unabsorbed Prices"
"35562",2009-05-01,"2009 May","Average",300770,"Scss","Unabsorbed Prices"
"35562",2009-05-01,"2009 May","Units",10,"Scss","Unabsorbed Prices"
"35562",2009-06-01,"2009 June","1st 20%",NA,"Scss","Unabsorbed Prices"
"35562",2009-06-01,"2009 June","2nd 40%",NA,"Scss","Unabsorbed Prices"
"35562",2009-06-01,"2009 June","3rd 60%",NA,"Scss","Unabsorbed Prices"
"35562",2009-06-01,"2009 June","4th 80%",NA,"Scss","Unabsorbed Prices"
"35562",2009-06-01,"2009 June","Median",NA,"Scss","Unabsorbed Prices"
"35562",2009-06-01,"2009 June","Average",306383,"Scss","Unabsorbed Prices"
"35562",2009-06-01,"2009 June","Units",9,"Scss","Unabsorbed Prices"
"35562",2009-07-01,"2009 July","1st 20%",265000,"Scss","Unabsorbed Prices"
"35562",2009-07-01,"2009 July","2nd 40%",3e+05,"Scss","Unabsorbed Prices"
"35562",2009-07-01,"2009 July","3rd 60%",375000,"Scss","Unabsorbed Prices"
"35562",2009-07-01,"2009 July","4th 80%",4e+05,"Scss","Unabsorbed Prices"
"35562",2009-07-01,"2009 July","Median",330000,"Scss","Unabsorbed Prices"
"35562",2009-07-01,"2009 July","Average",337536,"Scss","Unabsorbed Prices"
"35562",2009-07-01,"2009 July","Units",14,"Scss","Unabsorbed Prices"
"35562",2009-08-01,"2009 August","1st 20%",247000,"Scss","Unabsorbed Prices"
"35562",2009-08-01,"2009 August","2nd 40%",268000,"Scss","Unabsorbed Prices"
"35562",2009-08-01,"2009 August","3rd 60%",290000,"Scss","Unabsorbed Prices"
"35562",2009-08-01,"2009 August","4th 80%",342000,"Scss","Unabsorbed Prices"
"35562",2009-08-01,"2009 August","Median",277500,"Scss","Unabsorbed Prices"
"35562",2009-08-01,"2009 August","Average",313094,"Scss","Unabsorbed Prices"
"35562",2009-08-01,"2009 August","Units",16,"Scss","Unabsorbed Prices"
"35562",2009-09-01,"2009 September","1st 20%",NA,"Scss","Unabsorbed Prices"
"35562",2009-09-01,"2009 September","2nd 40%",NA,"Scss","Unabsorbed Prices"
"35562",2009-09-01,"2009 September","3rd 60%",NA,"Scss","Unabsorbed Prices"
"35562",2009-09-01,"2009 September","4th 80%",NA,"Scss","Unabsorbed Prices"
"35562",2009-09-01,"2009 September","Median",NA,"Scss","Unabsorbed Prices"
"35562",2009-09-01,"2009 September","Average",269581,"Scss","Unabsorbed Prices"
"35562",2009-09-01,"2009 September","Units",8,"Scss","Unabsorbed Prices"
"35562",2009-10-01,"2009 October","1st 20%",260000,"Scss","Unabsorbed Prices"
"35562",2009-10-01,"2009 October","2nd 40%",272000,"Scss","Unabsorbed Prices"
"35562",2009-10-01,"2009 October","3rd 60%",290000,"Scss","Unabsorbed Prices"
"35562",2009-10-01,"2009 October","4th 80%",330000,"Scss","Unabsorbed Prices"
"35562",2009-10-01,"2009 October","Median",280000,"Scss","Unabsorbed Prices"
"35562",2009-10-01,"2009 October","Average",281864,"Scss","Unabsorbed Prices"
"35562",2009-10-01,"2009 October","Units",25,"Scss","Unabsorbed Prices"
"35562",2009-11-01,"2009 November","1st 20%",NA,"Scss","Unabsorbed Prices"
"35562",2009-11-01,"2009 November","2nd 40%",NA,"Scss","Unabsorbed Prices"
"35562",2009-11-01,"2009 November","3rd 60%",NA,"Scss","Unabsorbed Prices"
"35562",2009-11-01,"2009 November","4th 80%",NA,"Scss","Unabsorbed Prices"
"35562",2009-11-01,"2009 November","Median",NA,"Scss","Unabsorbed Prices"
"35562",2009-11-01,"2009 November","Average",336754,"Scss","Unabsorbed Prices"
"35562",2009-11-01,"2009 November","Units",9,"Scss","Unabsorbed Prices"
"35562",2009-12-01,"2009 December","1st 20%",217000,"Scss","Unabsorbed Prices"
"35562",2009-12-01,"2009 December","2nd 40%",350000,"Scss","Unabsorbed Prices"
"35562",2009-12-01,"2009 December","3rd 60%",367000,"Scss","Unabsorbed Prices"
"35562",2009-12-01,"2009 December","4th 80%",455000,"Scss","Unabsorbed Prices"
"35562",2009-12-01,"2009 December","Median",352500,"Scss","Unabsorbed Prices"
"35562",2009-12-01,"2009 December","Average",360142,"Scss","Unabsorbed Prices"
"35562",2009-12-01,"2009 December","Units",12,"Scss","Unabsorbed Prices"
"35562",2010-01-01,"2010 January","1st 20%",266000,"Scss","Unabsorbed Prices"
"35562",2010-01-01,"2010 January","2nd 40%",312000,"Scss","Unabsorbed Prices"
"35562",2010-01-01,"2010 January","3rd 60%",350000,"Scss","Unabsorbed Prices"
"35562",2010-01-01,"2010 January","4th 80%",369000,"Scss","Unabsorbed Prices"
"35562",2010-01-01,"2010 January","Median",325000,"Scss","Unabsorbed Prices"
"35562",2010-01-01,"2010 January","Average",317782,"Scss","Unabsorbed Prices"
"35562",2010-01-01,"2010 January","Units",11,"Scss","Unabsorbed Prices"
"35562",2010-02-01,"2010 February","1st 20%",247000,"Scss","Unabsorbed Prices"
"35562",2010-02-01,"2010 February","2nd 40%",253000,"Scss","Unabsorbed Prices"
"35562",2010-02-01,"2010 February","3rd 60%",276000,"Scss","Unabsorbed Prices"
"35562",2010-02-01,"2010 February","4th 80%",350000,"Scss","Unabsorbed Prices"
"35562",2010-02-01,"2010 February","Median",260000,"Scss","Unabsorbed Prices"
"35562",2010-02-01,"2010 February","Average",286064,"Scss","Unabsorbed Prices"
"35562",2010-02-01,"2010 February","Units",14,"Scss","Unabsorbed Prices"
"35562",2010-03-01,"2010 March","1st 20%",NA,"Scss","Unabsorbed Prices"
"35562",2010-03-01,"2010 March","2nd 40%",NA,"Scss","Unabsorbed Prices"
"35562",2010-03-01,"2010 March","3rd 60%",NA,"Scss","Unabsorbed Prices"
"35562",2010-03-01,"2010 March","4th 80%",NA,"Scss","Unabsorbed Prices"
"35562",2010-03-01,"2010 March","Median",NA,"Scss","Unabsorbed Prices"
"35562",2010-03-01,"2010 March","Average",NA,"Scss","Unabsorbed Prices"
"35562",2010-03-01,"2010 March","Units",3,"Scss","Unabsorbed Prices"
"35562",2010-04-01,"2010 April","1st 20%",NA,"Scss","Unabsorbed Prices"
"35562",2010-04-01,"2010 April","2nd 40%",NA,"Scss","Unabsorbed Prices"
"35562",2010-04-01,"2010 April","3rd 60%",NA,"Scss","Unabsorbed Prices"
"35562",2010-04-01,"2010 April","4th 80%",NA,"Scss","Unabsorbed Prices"
"35562",2010-04-01,"2010 April","Median",NA,"Scss","Unabsorbed Prices"
"35562",2010-04-01,"2010 April","Average",NA,"Scss","Unabsorbed Prices"
"35562",2010-04-01,"2010 April","Units",0,"Scss","Unabsorbed Prices"
"35562",2010-05-01,"2010 May","1st 20%",250000,"Scss","Unabsorbed Prices"
"35562",2010-05-01,"2010 May","2nd 40%",274000,"Scss","Unabsorbed Prices"
"35562",2010-05-01,"2010 May","3rd 60%",290000,"Scss","Unabsorbed Prices"
"35562",2010-05-01,"2010 May","4th 80%",323000,"Scss","Unabsorbed Prices"
"35562",2010-05-01,"2010 May","Median",285000,"Scss","Unabsorbed Prices"
"35562",2010-05-01,"2010 May","Average",283191,"Scss","Unabsorbed Prices"
"35562",2010-05-01,"2010 May","Units",15,"Scss","Unabsorbed Prices"
"35562",2010-06-01,"2010 June","1st 20%",206000,"Scss","Unabsorbed Prices"
"35562",2010-06-01,"2010 June","2nd 40%",261000,"Scss","Unabsorbed Prices"
"35562",2010-06-01,"2010 June","3rd 60%",306000,"Scss","Unabsorbed Prices"
"35562",2010-06-01,"2010 June","4th 80%",347000,"Scss","Unabsorbed Prices"
"35562",2010-06-01,"2010 June","Median",280000,"Scss","Unabsorbed Prices"
"35562",2010-06-01,"2010 June","Average",281947,"Scss","Unabsorbed Prices"
"35562",2010-06-01,"2010 June","Units",19,"Scss","Unabsorbed Prices"
"35562",2010-07-01,"2010 July","1st 20%",208000,"Scss","Unabsorbed Prices"
"35562",2010-07-01,"2010 July","2nd 40%",270000,"Scss","Unabsorbed Prices"
"35562",2010-07-01,"2010 July","3rd 60%",298000,"Scss","Unabsorbed Prices"
"35562",2010-07-01,"2010 July","4th 80%",377000,"Scss","Unabsorbed Prices"
"35562",2010-07-01,"2010 July","Median",275000,"Scss","Unabsorbed Prices"
"35562",2010-07-01,"2010 July","Average",288633,"Scss","Unabsorbed Prices"
"35562",2010-07-01,"2010 July","Units",28,"Scss","Unabsorbed Prices"
"35562",2010-08-01,"2010 August","1st 20%",NA,"Scss","Unabsorbed Prices"
"35562",2010-08-01,"2010 August","2nd 40%",NA,"Scss","Unabsorbed Prices"
"35562",2010-08-01,"2010 August","3rd 60%",NA,"Scss","Unabsorbed Prices"
"35562",2010-08-01,"2010 August","4th 80%",NA,"Scss","Unabsorbed Prices"
"35562",2010-08-01,"2010 August","Median",NA,"Scss","Unabsorbed Prices"
"35562",2010-08-01,"2010 August","Average",315044,"Scss","Unabsorbed Prices"
"35562",2010-08-01,"2010 August","Units",9,"Scss","Unabsorbed Prices"
"35562",2010-09-01,"2010 September","1st 20%",272000,"Scss","Unabsorbed Prices"
"35562",2010-09-01,"2010 September","2nd 40%",292000,"Scss","Unabsorbed Prices"
"35562",2010-09-01,"2010 September","3rd 60%",316000,"Scss","Unabsorbed Prices"
"35562",2010-09-01,"2010 September","4th 80%",394000,"Scss","Unabsorbed Prices"
"35562",2010-09-01,"2010 September","Median",3e+05,"Scss","Unabsorbed Prices"
"35562",2010-09-01,"2010 September","Average",309906,"Scss","Unabsorbed Prices"
"35562",2010-09-01,"2010 September","Units",17,"Scss","Unabsorbed Prices"
"35562",2010-10-01,"2010 October","1st 20%",NA,"Scss","Unabsorbed Prices"
"35562",2010-10-01,"2010 October","2nd 40%",NA,"Scss","Unabsorbed Prices"
"35562",2010-10-01,"2010 October","3rd 60%",NA,"Scss","Unabsorbed Prices"
"35562",2010-10-01,"2010 October","4th 80%",NA,"Scss","Unabsorbed Prices"
"35562",2010-10-01,"2010 October","Median",NA,"Scss","Unabsorbed Prices"
"35562",2010-10-01,"2010 October","Average",320722,"Scss","Unabsorbed Prices"
"35562",2010-10-01,"2010 October","Units",9,"Scss","Unabsorbed Prices"
"35562",2010-11-01,"2010 November","1st 20%",NA,"Scss","Unabsorbed Prices"
"35562",2010-11-01,"2010 November","2nd 40%",NA,"Scss","Unabsorbed Prices"
"35562",2010-11-01,"2010 November","3rd 60%",NA,"Scss","Unabsorbed Prices"
"35562",2010-11-01,"2010 November","4th 80%",NA,"Scss","Unabsorbed Prices"
"35562",2010-11-01,"2010 November","Median",NA,"Scss","Unabsorbed Prices"
"35562",2010-11-01,"2010 November","Average",314175,"Scss","Unabsorbed Prices"
"35562",2010-11-01,"2010 November","Units",6,"Scss","Unabsorbed Prices"
"35562",2010-12-01,"2010 December","1st 20%",272000,"Scss","Unabsorbed Prices"
"35562",2010-12-01,"2010 December","2nd 40%",282000,"Scss","Unabsorbed Prices"
"35562",2010-12-01,"2010 December","3rd 60%",299000,"Scss","Unabsorbed Prices"
"35562",2010-12-01,"2010 December","4th 80%",327000,"Scss","Unabsorbed Prices"
"35562",2010-12-01,"2010 December","Median",292500,"Scss","Unabsorbed Prices"
"35562",2010-12-01,"2010 December","Average",295725,"Scss","Unabsorbed Prices"
"35562",2010-12-01,"2010 December","Units",12,"Scss","Unabsorbed Prices"
"35562",2011-01-01,"2011 January","1st 20%",NA,"Scss","Unabsorbed Prices"
"35562",2011-01-01,"2011 January","2nd 40%",NA,"Scss","Unabsorbed Prices"
"35562",2011-01-01,"2011 January","3rd 60%",NA,"Scss","Unabsorbed Prices"
"35562",2011-01-01,"2011 January","4th 80%",NA,"Scss","Unabsorbed Prices"
"35562",2011-01-01,"2011 January","Median",NA,"Scss","Unabsorbed Prices"
"35562",2011-01-01,"2011 January","Average",NA,"Scss","Unabsorbed Prices"
"35562",2011-01-01,"2011 January","Units",1,"Scss","Unabsorbed Prices"
"35562",2011-02-01,"2011 February","1st 20%",207000,"Scss","Unabsorbed Prices"
"35562",2011-02-01,"2011 February","2nd 40%",251000,"Scss","Unabsorbed Prices"
"35562",2011-02-01,"2011 February","3rd 60%",273000,"Scss","Unabsorbed Prices"
"35562",2011-02-01,"2011 February","4th 80%",4e+05,"Scss","Unabsorbed Prices"
"35562",2011-02-01,"2011 February","Median",265000,"Scss","Unabsorbed Prices"
"35562",2011-02-01,"2011 February","Average",283140,"Scss","Unabsorbed Prices"
"35562",2011-02-01,"2011 February","Units",10,"Scss","Unabsorbed Prices"
"35562",2011-03-01,"2011 March","1st 20%",264000,"Scss","Unabsorbed Prices"
"35562",2011-03-01,"2011 March","2nd 40%",283000,"Scss","Unabsorbed Prices"
"35562",2011-03-01,"2011 March","3rd 60%",321000,"Scss","Unabsorbed Prices"
"35562",2011-03-01,"2011 March","4th 80%",442000,"Scss","Unabsorbed Prices"
"35562",2011-03-01,"2011 March","Median",320000,"Scss","Unabsorbed Prices"
"35562",2011-03-01,"2011 March","Average",332973,"Scss","Unabsorbed Prices"
"35562",2011-03-01,"2011 March","Units",11,"Scss","Unabsorbed Prices"
"35562",2011-04-01,"2011 April","1st 20%",NA,"Scss","Unabsorbed Prices"
"35562",2011-04-01,"2011 April","2nd 40%",NA,"Scss","Unabsorbed Prices"
"35562",2011-04-01,"2011 April","3rd 60%",NA,"Scss","Unabsorbed Prices"
"35562",2011-04-01,"2011 April","4th 80%",NA,"Scss","Unabsorbed Prices"
"35562",2011-04-01,"2011 April","Median",NA,"Scss","Unabsorbed Prices"
"35562",2011-04-01,"2011 April","Average",NA,"Scss","Unabsorbed Prices"
"35562",2011-04-01,"2011 April","Units",3,"Scss","Unabsorbed Prices"
"35562",2011-05-01,"2011 May","1st 20%",250000,"Scss","Unabsorbed Prices"
"35562",2011-05-01,"2011 May","2nd 40%",270000,"Scss","Unabsorbed Prices"
"35562",2011-05-01,"2011 May","3rd 60%",350000,"Scss","Unabsorbed Prices"
"35562",2011-05-01,"2011 May","4th 80%",388000,"Scss","Unabsorbed Prices"
"35562",2011-05-01,"2011 May","Median",290000,"Scss","Unabsorbed Prices"
"35562",2011-05-01,"2011 May","Average",307848,"Scss","Unabsorbed Prices"
"35562",2011-05-01,"2011 May","Units",27,"Scss","Unabsorbed Prices"
"35562",2011-06-01,"2011 June","1st 20%",NA,"Scss","Unabsorbed Prices"
"35562",2011-06-01,"2011 June","2nd 40%",NA,"Scss","Unabsorbed Prices"
"35562",2011-06-01,"2011 June","3rd 60%",NA,"Scss","Unabsorbed Prices"
"35562",2011-06-01,"2011 June","4th 80%",NA,"Scss","Unabsorbed Prices"
"35562",2011-06-01,"2011 June","Median",NA,"Scss","Unabsorbed Prices"
"35562",2011-06-01,"2011 June","Average",302917,"Scss","Unabsorbed Prices"
"35562",2011-06-01,"2011 June","Units",6,"Scss","Unabsorbed Prices"
"35562",2011-07-01,"2011 July","1st 20%",NA,"Scss","Unabsorbed Prices"
"35562",2011-07-01,"2011 July","2nd 40%",NA,"Scss","Unabsorbed Prices"
"35562",2011-07-01,"2011 July","3rd 60%",NA,"Scss","Unabsorbed Prices"
"35562",2011-07-01,"2011 July","4th 80%",NA,"Scss","Unabsorbed Prices"
"35562",2011-07-01,"2011 July","Median",NA,"Scss","Unabsorbed Prices"
"35562",2011-07-01,"2011 July","Average",NA,"Scss","Unabsorbed Prices"
"35562",2011-07-01,"2011 July","Units",0,"Scss","Unabsorbed Prices"
"35562",2011-08-01,"2011 August","1st 20%",248000,"Scss","Unabsorbed Prices"
"35562",2011-08-01,"2011 August","2nd 40%",253000,"Scss","Unabsorbed Prices"
"35562",2011-08-01,"2011 August","3rd 60%",279000,"Scss","Unabsorbed Prices"
"35562",2011-08-01,"2011 August","4th 80%",327000,"Scss","Unabsorbed Prices"
"35562",2011-08-01,"2011 August","Median",275000,"Scss","Unabsorbed Prices"
"35562",2011-08-01,"2011 August","Average",278559,"Scss","Unabsorbed Prices"
"35562",2011-08-01,"2011 August","Units",17,"Scss","Unabsorbed Prices"
"35562",2011-09-01,"2011 September","1st 20%",1e+05,"Scss","Unabsorbed Prices"
"35562",2011-09-01,"2011 September","2nd 40%",204000,"Scss","Unabsorbed Prices"
"35562",2011-09-01,"2011 September","3rd 60%",284000,"Scss","Unabsorbed Prices"
"35562",2011-09-01,"2011 September","4th 80%",328000,"Scss","Unabsorbed Prices"
"35562",2011-09-01,"2011 September","Median",250000,"Scss","Unabsorbed Prices"
"35562",2011-09-01,"2011 September","Average",229200,"Scss","Unabsorbed Prices"
"35562",2011-09-01,"2011 September","Units",15,"Scss","Unabsorbed Prices"
"35562",2011-10-01,"2011 October","1st 20%",NA,"Scss","Unabsorbed Prices"
"35562",2011-10-01,"2011 October","2nd 40%",NA,"Scss","Unabsorbed Prices"
"35562",2011-10-01,"2011 October","3rd 60%",NA,"Scss","Unabsorbed Prices"
"35562",2011-10-01,"2011 October","4th 80%",NA,"Scss","Unabsorbed Prices"
"35562",2011-10-01,"2011 October","Median",NA,"Scss","Unabsorbed Prices"
"35562",2011-10-01,"2011 October","Average",NA,"Scss","Unabsorbed Prices"
"35562",2011-10-01,"2011 October","Units",1,"Scss","Unabsorbed Prices"
"35562",2011-11-01,"2011 November","1st 20%",234000,"Scss","Unabsorbed Prices"
"35562",2011-11-01,"2011 November","2nd 40%",280000,"Scss","Unabsorbed Prices"
"35562",2011-11-01,"2011 November","3rd 60%",3e+05,"Scss","Unabsorbed Prices"
"35562",2011-11-01,"2011 November","4th 80%",376000,"Scss","Unabsorbed Prices"
"35562",2011-11-01,"2011 November","Median",287500,"Scss","Unabsorbed Prices"
"35562",2011-11-01,"2011 November","Average",298385,"Scss","Unabsorbed Prices"
"35562",2011-11-01,"2011 November","Units",20,"Scss","Unabsorbed Prices"
"35562",2011-12-01,"2011 December","1st 20%",256000,"Scss","Unabsorbed Prices"
"35562",2011-12-01,"2011 December","2nd 40%",274000,"Scss","Unabsorbed Prices"
"35562",2011-12-01,"2011 December","3rd 60%",377000,"Scss","Unabsorbed Prices"
"35562",2011-12-01,"2011 December","4th 80%",393000,"Scss","Unabsorbed Prices"
"35562",2011-12-01,"2011 December","Median",340000,"Scss","Unabsorbed Prices"
"35562",2011-12-01,"2011 December","Average",333236,"Scss","Unabsorbed Prices"
"35562",2011-12-01,"2011 December","Units",13,"Scss","Unabsorbed Prices"
"35562",2012-01-01,"2012 January","1st 20%",NA,"Scss","Unabsorbed Prices"
"35562",2012-01-01,"2012 January","2nd 40%",NA,"Scss","Unabsorbed Prices"
"35562",2012-01-01,"2012 January","3rd 60%",NA,"Scss","Unabsorbed Prices"
"35562",2012-01-01,"2012 January","4th 80%",NA,"Scss","Unabsorbed Prices"
"35562",2012-01-01,"2012 January","Median",NA,"Scss","Unabsorbed Prices"
"35562",2012-01-01,"2012 January","Average",379200,"Scss","Unabsorbed Prices"
"35562",2012-01-01,"2012 January","Units",5,"Scss","Unabsorbed Prices"
"35562",2012-02-01,"2012 February","1st 20%",245000,"Scss","Unabsorbed Prices"
"35562",2012-02-01,"2012 February","2nd 40%",280000,"Scss","Unabsorbed Prices"
"35562",2012-02-01,"2012 February","3rd 60%",290000,"Scss","Unabsorbed Prices"
"35562",2012-02-01,"2012 February","4th 80%",380000,"Scss","Unabsorbed Prices"
"35562",2012-02-01,"2012 February","Median",287500,"Scss","Unabsorbed Prices"
"35562",2012-02-01,"2012 February","Average",293200,"Scss","Unabsorbed Prices"
"35562",2012-02-01,"2012 February","Units",14,"Scss","Unabsorbed Prices"
"35562",2012-03-01,"2012 March","1st 20%",230000,"Scss","Unabsorbed Prices"
"35562",2012-03-01,"2012 March","2nd 40%",250000,"Scss","Unabsorbed Prices"
"35562",2012-03-01,"2012 March","3rd 60%",277000,"Scss","Unabsorbed Prices"
"35562",2012-03-01,"2012 March","4th 80%",409000,"Scss","Unabsorbed Prices"
"35562",2012-03-01,"2012 March","Median",255000,"Scss","Unabsorbed Prices"
"35562",2012-03-01,"2012 March","Average",302582,"Scss","Unabsorbed Prices"
"35562",2012-03-01,"2012 March","Units",17,"Scss","Unabsorbed Prices"
"35562",2012-04-01,"2012 April","1st 20%",NA,"Scss","Unabsorbed Prices"
"35562",2012-04-01,"2012 April","2nd 40%",NA,"Scss","Unabsorbed Prices"
"35562",2012-04-01,"2012 April","3rd 60%",NA,"Scss","Unabsorbed Prices"
"35562",2012-04-01,"2012 April","4th 80%",NA,"Scss","Unabsorbed Prices"
"35562",2012-04-01,"2012 April","Median",NA,"Scss","Unabsorbed Prices"
"35562",2012-04-01,"2012 April","Average",NA,"Scss","Unabsorbed Prices"
"35562",2012-04-01,"2012 April","Units",3,"Scss","Unabsorbed Prices"
"35562",2012-05-01,"2012 May","1st 20%",247000,"Scss","Unabsorbed Prices"
"35562",2012-05-01,"2012 May","2nd 40%",286000,"Scss","Unabsorbed Prices"
"35562",2012-05-01,"2012 May","3rd 60%",318000,"Scss","Unabsorbed Prices"
"35562",2012-05-01,"2012 May","4th 80%",395000,"Scss","Unabsorbed Prices"
"35562",2012-05-01,"2012 May","Median",290000,"Scss","Unabsorbed Prices"
"35562",2012-05-01,"2012 May","Average",308000,"Scss","Unabsorbed Prices"
"35562",2012-05-01,"2012 May","Units",15,"Scss","Unabsorbed Prices"
"35562",2012-06-01,"2012 June","1st 20%",NA,"Scss","Unabsorbed Prices"
"35562",2012-06-01,"2012 June","2nd 40%",NA,"Scss","Unabsorbed Prices"
"35562",2012-06-01,"2012 June","3rd 60%",NA,"Scss","Unabsorbed Prices"
"35562",2012-06-01,"2012 June","4th 80%",NA,"Scss","Unabsorbed Prices"
"35562",2012-06-01,"2012 June","Median",NA,"Scss","Unabsorbed Prices"
"35562",2012-06-01,"2012 June","Average",312333,"Scss","Unabsorbed Prices"
"35562",2012-06-01,"2012 June","Units",6,"Scss","Unabsorbed Prices"
"35562",2012-07-01,"2012 July","1st 20%",NA,"Scss","Unabsorbed Prices"
"35562",2012-07-01,"2012 July","2nd 40%",NA,"Scss","Unabsorbed Prices"
"35562",2012-07-01,"2012 July","3rd 60%",NA,"Scss","Unabsorbed Prices"
"35562",2012-07-01,"2012 July","4th 80%",NA,"Scss","Unabsorbed Prices"
"35562",2012-07-01,"2012 July","Median",NA,"Scss","Unabsorbed Prices"
"35562",2012-07-01,"2012 July","Average",NA,"Scss","Unabsorbed Prices"
"35562",2012-07-01,"2012 July","Units",4,"Scss","Unabsorbed Prices"
"35562",2012-08-01,"2012 August","1st 20%",NA,"Scss","Unabsorbed Prices"
"35562",2012-08-01,"2012 August","2nd 40%",NA,"Scss","Unabsorbed Prices"
"35562",2012-08-01,"2012 August","3rd 60%",NA,"Scss","Unabsorbed Prices"
"35562",2012-08-01,"2012 August","4th 80%",NA,"Scss","Unabsorbed Prices"
"35562",2012-08-01,"2012 August","Median",NA,"Scss","Unabsorbed Prices"
"35562",2012-08-01,"2012 August","Average",289560,"Scss","Unabsorbed Prices"
"35562",2012-08-01,"2012 August","Units",5,"Scss","Unabsorbed Prices"
"35562",2012-09-01,"2012 September","1st 20%",258000,"Scss","Unabsorbed Prices"
"35562",2012-09-01,"2012 September","2nd 40%",292000,"Scss","Unabsorbed Prices"
"35562",2012-09-01,"2012 September","3rd 60%",342000,"Scss","Unabsorbed Prices"
"35562",2012-09-01,"2012 September","4th 80%",430000,"Scss","Unabsorbed Prices"
"35562",2012-09-01,"2012 September","Median",3e+05,"Scss","Unabsorbed Prices"
"35562",2012-09-01,"2012 September","Average",327164,"Scss","Unabsorbed Prices"
"35562",2012-09-01,"2012 September","Units",11,"Scss","Unabsorbed Prices"
"35562",2012-10-01,"2012 October","1st 20%",181000,"Scss","Unabsorbed Prices"
"35562",2012-10-01,"2012 October","2nd 40%",222000,"Scss","Unabsorbed Prices"
"35562",2012-10-01,"2012 October","3rd 60%",309000,"Scss","Unabsorbed Prices"
"35562",2012-10-01,"2012 October","4th 80%",420000,"Scss","Unabsorbed Prices"
"35562",2012-10-01,"2012 October","Median",245000,"Scss","Unabsorbed Prices"
"35562",2012-10-01,"2012 October","Average",280647,"Scss","Unabsorbed Prices"
"35562",2012-10-01,"2012 October","Units",15,"Scss","Unabsorbed Prices"
"35562",2012-11-01,"2012 November","1st 20%",233000,"Scss","Unabsorbed Prices"
"35562",2012-11-01,"2012 November","2nd 40%",291000,"Scss","Unabsorbed Prices"
"35562",2012-11-01,"2012 November","3rd 60%",369000,"Scss","Unabsorbed Prices"
"35562",2012-11-01,"2012 November","4th 80%",424000,"Scss","Unabsorbed Prices"
"35562",2012-11-01,"2012 November","Median",350000,"Scss","Unabsorbed Prices"
"35562",2012-11-01,"2012 November","Average",330700,"Scss","Unabsorbed Prices"
"35562",2012-11-01,"2012 November","Units",12,"Scss","Unabsorbed Prices"
"35562",2012-12-01,"2012 December","1st 20%",278000,"Scss","Unabsorbed Prices"
"35562",2012-12-01,"2012 December","2nd 40%",291000,"Scss","Unabsorbed Prices"
"35562",2012-12-01,"2012 December","3rd 60%",330000,"Scss","Unabsorbed Prices"
"35562",2012-12-01,"2012 December","4th 80%",4e+05,"Scss","Unabsorbed Prices"
"35562",2012-12-01,"2012 December","Median",302500,"Scss","Unabsorbed Prices"
"35562",2012-12-01,"2012 December","Average",321858,"Scss","Unabsorbed Prices"
"35562",2012-12-01,"2012 December","Units",12,"Scss","Unabsorbed Prices"
"35562",2013-01-01,"2013 January","1st 20%",NA,"Scss","Unabsorbed Prices"
"35562",2013-01-01,"2013 January","2nd 40%",NA,"Scss","Unabsorbed Prices"
"35562",2013-01-01,"2013 January","3rd 60%",NA,"Scss","Unabsorbed Prices"
"35562",2013-01-01,"2013 January","4th 80%",NA,"Scss","Unabsorbed Prices"
"35562",2013-01-01,"2013 January","Median",NA,"Scss","Unabsorbed Prices"
"35562",2013-01-01,"2013 January","Average",NA,"Scss","Unabsorbed Prices"
"35562",2013-01-01,"2013 January","Units",3,"Scss","Unabsorbed Prices"
"35562",2013-02-01,"2013 February","1st 20%",NA,"Scss","Unabsorbed Prices"
"35562",2013-02-01,"2013 February","2nd 40%",NA,"Scss","Unabsorbed Prices"
"35562",2013-02-01,"2013 February","3rd 60%",NA,"Scss","Unabsorbed Prices"
"35562",2013-02-01,"2013 February","4th 80%",NA,"Scss","Unabsorbed Prices"
"35562",2013-02-01,"2013 February","Median",NA,"Scss","Unabsorbed Prices"
"35562",2013-02-01,"2013 February","Average",308417,"Scss","Unabsorbed Prices"
"35562",2013-02-01,"2013 February","Units",6,"Scss","Unabsorbed Prices"
"35562",2013-03-01,"2013 March","1st 20%",NA,"Scss","Unabsorbed Prices"
"35562",2013-03-01,"2013 March","2nd 40%",NA,"Scss","Unabsorbed Prices"
"35562",2013-03-01,"2013 March","3rd 60%",NA,"Scss","Unabsorbed Prices"
"35562",2013-03-01,"2013 March","4th 80%",NA,"Scss","Unabsorbed Prices"
"35562",2013-03-01,"2013 March","Median",NA,"Scss","Unabsorbed Prices"
"35562",2013-03-01,"2013 March","Average",342825,"Scss","Unabsorbed Prices"
"35562",2013-03-01,"2013 March","Units",8,"Scss","Unabsorbed Prices"
"35562",2013-04-01,"2013 April","1st 20%",NA,"Scss","Unabsorbed Prices"
"35562",2013-04-01,"2013 April","2nd 40%",NA,"Scss","Unabsorbed Prices"
"35562",2013-04-01,"2013 April","3rd 60%",NA,"Scss","Unabsorbed Prices"
"35562",2013-04-01,"2013 April","4th 80%",NA,"Scss","Unabsorbed Prices"
"35562",2013-04-01,"2013 April","Median",NA,"Scss","Unabsorbed Prices"
"35562",2013-04-01,"2013 April","Average",292711,"Scss","Unabsorbed Prices"
"35562",2013-04-01,"2013 April","Units",9,"Scss","Unabsorbed Prices"
"35562",2013-05-01,"2013 May","1st 20%",NA,"Scss","Unabsorbed Prices"
"35562",2013-05-01,"2013 May","2nd 40%",NA,"Scss","Unabsorbed Prices"
"35562",2013-05-01,"2013 May","3rd 60%",NA,"Scss","Unabsorbed Prices"
"35562",2013-05-01,"2013 May","4th 80%",NA,"Scss","Unabsorbed Prices"
"35562",2013-05-01,"2013 May","Median",NA,"Scss","Unabsorbed Prices"
"35562",2013-05-01,"2013 May","Average",328560,"Scss","Unabsorbed Prices"
"35562",2013-05-01,"2013 May","Units",5,"Scss","Unabsorbed Prices"
"35562",2013-06-01,"2013 June","1st 20%",199000,"Scss","Unabsorbed Prices"
"35562",2013-06-01,"2013 June","2nd 40%",278000,"Scss","Unabsorbed Prices"
"35562",2013-06-01,"2013 June","3rd 60%",337000,"Scss","Unabsorbed Prices"
"35562",2013-06-01,"2013 June","4th 80%",436000,"Scss","Unabsorbed Prices"
"35562",2013-06-01,"2013 June","Median",295000,"Scss","Unabsorbed Prices"
"35562",2013-06-01,"2013 June","Average",352115,"Scss","Unabsorbed Prices"
"35562",2013-06-01,"2013 June","Units",13,"Scss","Unabsorbed Prices"
"35562",2013-07-01,"2013 July","1st 20%",246000,"Scss","Unabsorbed Prices"
"35562",2013-07-01,"2013 July","2nd 40%",294000,"Scss","Unabsorbed Prices"
"35562",2013-07-01,"2013 July","3rd 60%",366000,"Scss","Unabsorbed Prices"
"35562",2013-07-01,"2013 July","4th 80%",489000,"Scss","Unabsorbed Prices"
"35562",2013-07-01,"2013 July","Median",350000,"Scss","Unabsorbed Prices"
"35562",2013-07-01,"2013 July","Average",343913,"Scss","Unabsorbed Prices"
"35562",2013-07-01,"2013 July","Units",15,"Scss","Unabsorbed Prices"
"35562",2013-08-01,"2013 August","1st 20%",NA,"Scss","Unabsorbed Prices"
"35562",2013-08-01,"2013 August","2nd 40%",NA,"Scss","Unabsorbed Prices"
"35562",2013-08-01,"2013 August","3rd 60%",NA,"Scss","Unabsorbed Prices"
"35562",2013-08-01,"2013 August","4th 80%",NA,"Scss","Unabsorbed Prices"
"35562",2013-08-01,"2013 August","Median",NA,"Scss","Unabsorbed Prices"
"35562",2013-08-01,"2013 August","Average",313920,"Scss","Unabsorbed Prices"
"35562",2013-08-01,"2013 August","Units",5,"Scss","Unabsorbed Prices"
"35562",2013-09-01,"2013 September","1st 20%",NA,"Scss","Unabsorbed Prices"
"35562",2013-09-01,"2013 September","2nd 40%",NA,"Scss","Unabsorbed Prices"
"35562",2013-09-01,"2013 September","3rd 60%",NA,"Scss","Unabsorbed Prices"
"35562",2013-09-01,"2013 September","4th 80%",NA,"Scss","Unabsorbed Prices"
"35562",2013-09-01,"2013 September","Median",NA,"Scss","Unabsorbed Prices"
"35562",2013-09-01,"2013 September","Average",332543,"Scss","Unabsorbed Prices"
"35562",2013-09-01,"2013 September","Units",7,"Scss","Unabsorbed Prices"
"35562",2013-10-01,"2013 October","1st 20%",235000,"Scss","Unabsorbed Prices"
"35562",2013-10-01,"2013 October","2nd 40%",250000,"Scss","Unabsorbed Prices"
"35562",2013-10-01,"2013 October","3rd 60%",338000,"Scss","Unabsorbed Prices"
"35562",2013-10-01,"2013 October","4th 80%",5e+05,"Scss","Unabsorbed Prices"
"35562",2013-10-01,"2013 October","Median",290000,"Scss","Unabsorbed Prices"
"35562",2013-10-01,"2013 October","Average",326908,"Scss","Unabsorbed Prices"
"35562",2013-10-01,"2013 October","Units",13,"Scss","Unabsorbed Prices"
"35562",2013-11-01,"2013 November","1st 20%",218000,"Scss","Unabsorbed Prices"
"35562",2013-11-01,"2013 November","2nd 40%",345000,"Scss","Unabsorbed Prices"
"35562",2013-11-01,"2013 November","3rd 60%",388000,"Scss","Unabsorbed Prices"
"35562",2013-11-01,"2013 November","4th 80%",426000,"Scss","Unabsorbed Prices"
"35562",2013-11-01,"2013 November","Median",365000,"Scss","Unabsorbed Prices"
"35562",2013-11-01,"2013 November","Average",348823,"Scss","Unabsorbed Prices"
"35562",2013-11-01,"2013 November","Units",13,"Scss","Unabsorbed Prices"
"35562",2013-12-01,"2013 December","1st 20%",282000,"Scss","Unabsorbed Prices"
"35562",2013-12-01,"2013 December","2nd 40%",304000,"Scss","Unabsorbed Prices"
"35562",2013-12-01,"2013 December","3rd 60%",365000,"Scss","Unabsorbed Prices"
"35562",2013-12-01,"2013 December","4th 80%",365000,"Scss","Unabsorbed Prices"
"35562",2013-12-01,"2013 December","Median",345000,"Scss","Unabsorbed Prices"
"35562",2013-12-01,"2013 December","Average",324470,"Scss","Unabsorbed Prices"
"35562",2013-12-01,"2013 December","Units",13,"Scss","Unabsorbed Prices"
"35562",2014-01-01,"2014 January","1st 20%",NA,"Scss","Unabsorbed Prices"
"35562",2014-01-01,"2014 January","2nd 40%",NA,"Scss","Unabsorbed Prices"
"35562",2014-01-01,"2014 January","3rd 60%",NA,"Scss","Unabsorbed Prices"
"35562",2014-01-01,"2014 January","4th 80%",NA,"Scss","Unabsorbed Prices"
"35562",2014-01-01,"2014 January","Median",NA,"Scss","Unabsorbed Prices"
"35562",2014-01-01,"2014 January","Average",315744,"Scss","Unabsorbed Prices"
"35562",2014-01-01,"2014 January","Units",9,"Scss","Unabsorbed Prices"
"35562",2014-02-01,"2014 February","1st 20%",NA,"Scss","Unabsorbed Prices"
"35562",2014-02-01,"2014 February","2nd 40%",NA,"Scss","Unabsorbed Prices"
"35562",2014-02-01,"2014 February","3rd 60%",NA,"Scss","Unabsorbed Prices"
"35562",2014-02-01,"2014 February","4th 80%",NA,"Scss","Unabsorbed Prices"
"35562",2014-02-01,"2014 February","Median",NA,"Scss","Unabsorbed Prices"
"35562",2014-02-01,"2014 February","Average",346660,"Scss","Unabsorbed Prices"
"35562",2014-02-01,"2014 February","Units",5,"Scss","Unabsorbed Prices"
"35562",2014-03-01,"2014 March","1st 20%",NA,"Scss","Unabsorbed Prices"
"35562",2014-03-01,"2014 March","2nd 40%",NA,"Scss","Unabsorbed Prices"
"35562",2014-03-01,"2014 March","3rd 60%",NA,"Scss","Unabsorbed Prices"
"35562",2014-03-01,"2014 March","4th 80%",NA,"Scss","Unabsorbed Prices"
"35562",2014-03-01,"2014 March","Median",NA,"Scss","Unabsorbed Prices"
"35562",2014-03-01,"2014 March","Average",335686,"Scss","Unabsorbed Prices"
"35562",2014-03-01,"2014 March","Units",7,"Scss","Unabsorbed Prices"
"35562",2014-04-01,"2014 April","1st 20%",NA,"Scss","Unabsorbed Prices"
"35562",2014-04-01,"2014 April","2nd 40%",NA,"Scss","Unabsorbed Prices"
"35562",2014-04-01,"2014 April","3rd 60%",NA,"Scss","Unabsorbed Prices"
"35562",2014-04-01,"2014 April","4th 80%",NA,"Scss","Unabsorbed Prices"
"35562",2014-04-01,"2014 April","Median",NA,"Scss","Unabsorbed Prices"
"35562",2014-04-01,"2014 April","Average",NA,"Scss","Unabsorbed Prices"
"35562",2014-04-01,"2014 April","Units",3,"Scss","Unabsorbed Prices"
"35562",2014-05-01,"2014 May","1st 20%",275000,"Scss","Unabsorbed Prices"
"35562",2014-05-01,"2014 May","2nd 40%",304000,"Scss","Unabsorbed Prices"
"35562",2014-05-01,"2014 May","3rd 60%",329000,"Scss","Unabsorbed Prices"
"35562",2014-05-01,"2014 May","4th 80%",378000,"Scss","Unabsorbed Prices"
"35562",2014-05-01,"2014 May","Median",322500,"Scss","Unabsorbed Prices"
"35562",2014-05-01,"2014 May","Average",319475,"Scss","Unabsorbed Prices"
"35562",2014-05-01,"2014 May","Units",14,"Scss","Unabsorbed Prices"
"35562",2014-06-01,"2014 June","1st 20%",240000,"Scss","Unabsorbed Prices"
"35562",2014-06-01,"2014 June","2nd 40%",267000,"Scss","Unabsorbed Prices"
"35562",2014-06-01,"2014 June","3rd 60%",276000,"Scss","Unabsorbed Prices"
"35562",2014-06-01,"2014 June","4th 80%",343000,"Scss","Unabsorbed Prices"
"35562",2014-06-01,"2014 June","Median",270000,"Scss","Unabsorbed Prices"
"35562",2014-06-01,"2014 June","Average",286070,"Scss","Unabsorbed Prices"
"35562",2014-06-01,"2014 June","Units",21,"Scss","Unabsorbed Prices"
"35562",2014-07-01,"2014 July","1st 20%",279000,"Scss","Unabsorbed Prices"
"35562",2014-07-01,"2014 July","2nd 40%",310000,"Scss","Unabsorbed Prices"
"35562",2014-07-01,"2014 July","3rd 60%",324000,"Scss","Unabsorbed Prices"
"35562",2014-07-01,"2014 July","4th 80%",370000,"Scss","Unabsorbed Prices"
"35562",2014-07-01,"2014 July","Median",315000,"Scss","Unabsorbed Prices"
"35562",2014-07-01,"2014 July","Average",312694,"Scss","Unabsorbed Prices"
"35562",2014-07-01,"2014 July","Units",24,"Scss","Unabsorbed Prices"
"35562",2014-08-01,"2014 August","1st 20%",318000,"Scss","Unabsorbed Prices"
"35562",2014-08-01,"2014 August","2nd 40%",353000,"Scss","Unabsorbed Prices"
"35562",2014-08-01,"2014 August","3rd 60%",410000,"Scss","Unabsorbed Prices"
"35562",2014-08-01,"2014 August","4th 80%",462000,"Scss","Unabsorbed Prices"
"35562",2014-08-01,"2014 August","Median",360000,"Scss","Unabsorbed Prices"
"35562",2014-08-01,"2014 August","Average",394054,"Scss","Unabsorbed Prices"
"35562",2014-08-01,"2014 August","Units",15,"Scss","Unabsorbed Prices"
"35562",2014-09-01,"2014 September","1st 20%",302000,"Scss","Unabsorbed Prices"
"35562",2014-09-01,"2014 September","2nd 40%",331000,"Scss","Unabsorbed Prices"
"35562",2014-09-01,"2014 September","3rd 60%",360000,"Scss","Unabsorbed Prices"
"35562",2014-09-01,"2014 September","4th 80%",429000,"Scss","Unabsorbed Prices"
"35562",2014-09-01,"2014 September","Median",350000,"Scss","Unabsorbed Prices"
"35562",2014-09-01,"2014 September","Average",361507,"Scss","Unabsorbed Prices"
"35562",2014-09-01,"2014 September","Units",15,"Scss","Unabsorbed Prices"
"35562",2014-10-01,"2014 October","1st 20%",280000,"Scss","Unabsorbed Prices"
"35562",2014-10-01,"2014 October","2nd 40%",315000,"Scss","Unabsorbed Prices"
"35562",2014-10-01,"2014 October","3rd 60%",340000,"Scss","Unabsorbed Prices"
"35562",2014-10-01,"2014 October","4th 80%",410000,"Scss","Unabsorbed Prices"
"35562",2014-10-01,"2014 October","Median",320000,"Scss","Unabsorbed Prices"
"35562",2014-10-01,"2014 October","Average",328985,"Scss","Unabsorbed Prices"
"35562",2014-10-01,"2014 October","Units",10,"Scss","Unabsorbed Prices"
"35562",2014-11-01,"2014 November","1st 20%",308000,"Scss","Unabsorbed Prices"
"35562",2014-11-01,"2014 November","2nd 40%",360000,"Scss","Unabsorbed Prices"
"35562",2014-11-01,"2014 November","3rd 60%",415000,"Scss","Unabsorbed Prices"
"35562",2014-11-01,"2014 November","4th 80%",444000,"Scss","Unabsorbed Prices"
"35562",2014-11-01,"2014 November","Median",410000,"Scss","Unabsorbed Prices"
"35562",2014-11-01,"2014 November","Average",381018,"Scss","Unabsorbed Prices"
"35562",2014-11-01,"2014 November","Units",17,"Scss","Unabsorbed Prices"
"35562",2014-12-01,"2014 December","1st 20%",224000,"Scss","Unabsorbed Prices"
"35562",2014-12-01,"2014 December","2nd 40%",317000,"Scss","Unabsorbed Prices"
"35562",2014-12-01,"2014 December","3rd 60%",352000,"Scss","Unabsorbed Prices"
"35562",2014-12-01,"2014 December","4th 80%",409000,"Scss","Unabsorbed Prices"
"35562",2014-12-01,"2014 December","Median",325000,"Scss","Unabsorbed Prices"
"35562",2014-12-01,"2014 December","Average",325367,"Scss","Unabsorbed Prices"
"35562",2014-12-01,"2014 December","Units",21,"Scss","Unabsorbed Prices"
"35562",2015-01-01,"2015 January","1st 20%",267000,"Scss","Unabsorbed Prices"
"35562",2015-01-01,"2015 January","2nd 40%",308000,"Scss","Unabsorbed Prices"
"35562",2015-01-01,"2015 January","3rd 60%",360000,"Scss","Unabsorbed Prices"
"35562",2015-01-01,"2015 January","4th 80%",409000,"Scss","Unabsorbed Prices"
"35562",2015-01-01,"2015 January","Median",320000,"Scss","Unabsorbed Prices"
"35562",2015-01-01,"2015 January","Average",334525,"Scss","Unabsorbed Prices"
"35562",2015-01-01,"2015 January","Units",26,"Scss","Unabsorbed Prices"
"35562",2015-02-01,"2015 February","1st 20%",203000,"Scss","Unabsorbed Prices"
"35562",2015-02-01,"2015 February","2nd 40%",291000,"Scss","Unabsorbed Prices"
"35562",2015-02-01,"2015 February","3rd 60%",350000,"Scss","Unabsorbed Prices"
"35562",2015-02-01,"2015 February","4th 80%",377000,"Scss","Unabsorbed Prices"
"35562",2015-02-01,"2015 February","Median",325000,"Scss","Unabsorbed Prices"
"35562",2015-02-01,"2015 February","Average",307900,"Scss","Unabsorbed Prices"
"35562",2015-02-01,"2015 February","Units",10,"Scss","Unabsorbed Prices"
"35562",2015-03-01,"2015 March","1st 20%",NA,"Scss","Unabsorbed Prices"
"35562",2015-03-01,"2015 March","2nd 40%",NA,"Scss","Unabsorbed Prices"
"35562",2015-03-01,"2015 March","3rd 60%",NA,"Scss","Unabsorbed Prices"
"35562",2015-03-01,"2015 March","4th 80%",NA,"Scss","Unabsorbed Prices"
"35562",2015-03-01,"2015 March","Median",NA,"Scss","Unabsorbed Prices"
"35562",2015-03-01,"2015 March","Average",NA,"Scss","Unabsorbed Prices"
"35562",2015-03-01,"2015 March","Units",3,"Scss","Unabsorbed Prices"
"35562",2015-04-01,"2015 April","1st 20%",NA,"Scss","Unabsorbed Prices"
"35562",2015-04-01,"2015 April","2nd 40%",NA,"Scss","Unabsorbed Prices"
"35562",2015-04-01,"2015 April","3rd 60%",NA,"Scss","Unabsorbed Prices"
"35562",2015-04-01,"2015 April","4th 80%",NA,"Scss","Unabsorbed Prices"
"35562",2015-04-01,"2015 April","Median",NA,"Scss","Unabsorbed Prices"
"35562",2015-04-01,"2015 April","Average",404222,"Scss","Unabsorbed Prices"
"35562",2015-04-01,"2015 April","Units",9,"Scss","Unabsorbed Prices"
"35562",2015-05-01,"2015 May","1st 20%",232000,"Scss","Unabsorbed Prices"
"35562",2015-05-01,"2015 May","2nd 40%",272000,"Scss","Unabsorbed Prices"
"35562",2015-05-01,"2015 May","3rd 60%",324000,"Scss","Unabsorbed Prices"
"35562",2015-05-01,"2015 May","4th 80%",417000,"Scss","Unabsorbed Prices"
"35562",2015-05-01,"2015 May","Median",3e+05,"Scss","Unabsorbed Prices"
"35562",2015-05-01,"2015 May","Average",320104,"Scss","Unabsorbed Prices"
"35562",2015-05-01,"2015 May","Units",12,"Scss","Unabsorbed Prices"
"35562",2015-06-01,"2015 June","1st 20%",NA,"Scss","Unabsorbed Prices"
"35562",2015-06-01,"2015 June","2nd 40%",NA,"Scss","Unabsorbed Prices"
"35562",2015-06-01,"2015 June","3rd 60%",NA,"Scss","Unabsorbed Prices"
"35562",2015-06-01,"2015 June","4th 80%",NA,"Scss","Unabsorbed Prices"
"35562",2015-06-01,"2015 June","Median",NA,"Scss","Unabsorbed Prices"
"35562",2015-06-01,"2015 June","Average",268713,"Scss","Unabsorbed Prices"
"35562",2015-06-01,"2015 June","Units",8,"Scss","Unabsorbed Prices"
"35562",2015-07-01,"2015 July","1st 20%",NA,"Scss","Unabsorbed Prices"
"35562",2015-07-01,"2015 July","2nd 40%",NA,"Scss","Unabsorbed Prices"
"35562",2015-07-01,"2015 July","3rd 60%",NA,"Scss","Unabsorbed Prices"
"35562",2015-07-01,"2015 July","4th 80%",NA,"Scss","Unabsorbed Prices"
"35562",2015-07-01,"2015 July","Median",NA,"Scss","Unabsorbed Prices"
"35562",2015-07-01,"2015 July","Average",367100,"Scss","Unabsorbed Prices"
"35562",2015-07-01,"2015 July","Units",4,"Scss","Unabsorbed Prices"
"35562",2015-08-01,"2015 August","1st 20%",260000,"Scss","Unabsorbed Prices"
"35562",2015-08-01,"2015 August","2nd 40%",269000,"Scss","Unabsorbed Prices"
"35562",2015-08-01,"2015 August","3rd 60%",294000,"Scss","Unabsorbed Prices"
"35562",2015-08-01,"2015 August","4th 80%",482000,"Scss","Unabsorbed Prices"
"35562",2015-08-01,"2015 August","Median",270000,"Scss","Unabsorbed Prices"
"35562",2015-08-01,"2015 August","Average",328682,"Scss","Unabsorbed Prices"
"35562",2015-08-01,"2015 August","Units",11,"Scss","Unabsorbed Prices"
"35562",2015-09-01,"2015 September","1st 20%",191000,"Scss","Unabsorbed Prices"
"35562",2015-09-01,"2015 September","2nd 40%",282000,"Scss","Unabsorbed Prices"
"35562",2015-09-01,"2015 September","3rd 60%",344000,"Scss","Unabsorbed Prices"
"35562",2015-09-01,"2015 September","4th 80%",434000,"Scss","Unabsorbed Prices"
"35562",2015-09-01,"2015 September","Median",330000,"Scss","Unabsorbed Prices"
"35562",2015-09-01,"2015 September","Average",315955,"Scss","Unabsorbed Prices"
"35562",2015-09-01,"2015 September","Units",11,"Scss","Unabsorbed Prices"
"35562",2015-10-01,"2015 October","1st 20%",204000,"Scss","Unabsorbed Prices"
"35562",2015-10-01,"2015 October","2nd 40%",289000,"Scss","Unabsorbed Prices"
"35562",2015-10-01,"2015 October","3rd 60%",325000,"Scss","Unabsorbed Prices"
"35562",2015-10-01,"2015 October","4th 80%",427000,"Scss","Unabsorbed Prices"
"35562",2015-10-01,"2015 October","Median",312500,"Scss","Unabsorbed Prices"
"35562",2015-10-01,"2015 October","Average",320406,"Scss","Unabsorbed Prices"
"35562",2015-10-01,"2015 October","Units",16,"Scss","Unabsorbed Prices"
"35562",2015-11-01,"2015 November","1st 20%",283000,"Scss","Unabsorbed Prices"
"35562",2015-11-01,"2015 November","2nd 40%",338000,"Scss","Unabsorbed Prices"
"35562",2015-11-01,"2015 November","3rd 60%",381000,"Scss","Unabsorbed Prices"
"35562",2015-11-01,"2015 November","4th 80%",434000,"Scss","Unabsorbed Prices"
"35562",2015-11-01,"2015 November","Median",355000,"Scss","Unabsorbed Prices"
"35562",2015-11-01,"2015 November","Average",362010,"Scss","Unabsorbed Prices"
"35562",2015-11-01,"2015 November","Units",10,"Scss","Unabsorbed Prices"
"35562",2015-12-01,"2015 December","1st 20%",273000,"Scss","Unabsorbed Prices"
"35562",2015-12-01,"2015 December","2nd 40%",340000,"Scss","Unabsorbed Prices"
"35562",2015-12-01,"2015 December","3rd 60%",374000,"Scss","Unabsorbed Prices"
"35562",2015-12-01,"2015 December","4th 80%",457000,"Scss","Unabsorbed Prices"
"35562",2015-12-01,"2015 December","Median",357500,"Scss","Unabsorbed Prices"
"35562",2015-12-01,"2015 December","Average",353036,"Scss","Unabsorbed Prices"
"35562",2015-12-01,"2015 December","Units",22,"Scss","Unabsorbed Prices"
"35562",2016-01-01,"2016 January","1st 20%",350000,"Scss","Unabsorbed Prices"
"35562",2016-01-01,"2016 January","2nd 40%",392000,"Scss","Unabsorbed Prices"
"35562",2016-01-01,"2016 January","3rd 60%",440000,"Scss","Unabsorbed Prices"
"35562",2016-01-01,"2016 January","4th 80%",468000,"Scss","Unabsorbed Prices"
"35562",2016-01-01,"2016 January","Median",410000,"Scss","Unabsorbed Prices"
"35562",2016-01-01,"2016 January","Average",403660,"Scss","Unabsorbed Prices"
"35562",2016-01-01,"2016 January","Units",15,"Scss","Unabsorbed Prices"
"35562",2016-02-01,"2016 February","1st 20%",NA,"Scss","Unabsorbed Prices"
"35562",2016-02-01,"2016 February","2nd 40%",NA,"Scss","Unabsorbed Prices"
"35562",2016-02-01,"2016 February","3rd 60%",NA,"Scss","Unabsorbed Prices"
"35562",2016-02-01,"2016 February","4th 80%",NA,"Scss","Unabsorbed Prices"
"35562",2016-02-01,"2016 February","Median",NA,"Scss","Unabsorbed Prices"
"35562",2016-02-01,"2016 February","Average",354750,"Scss","Unabsorbed Prices"
"35562",2016-02-01,"2016 February","Units",4,"Scss","Unabsorbed Prices"
"35562",2016-03-01,"2016 March","1st 20%",NA,"Scss","Unabsorbed Prices"
"35562",2016-03-01,"2016 March","2nd 40%",NA,"Scss","Unabsorbed Prices"
"35562",2016-03-01,"2016 March","3rd 60%",NA,"Scss","Unabsorbed Prices"
"35562",2016-03-01,"2016 March","4th 80%",NA,"Scss","Unabsorbed Prices"
"35562",2016-03-01,"2016 March","Median",NA,"Scss","Unabsorbed Prices"
"35562",2016-03-01,"2016 March","Average",361860,"Scss","Unabsorbed Prices"
"35562",2016-03-01,"2016 March","Units",5,"Scss","Unabsorbed Prices"
"35562",2016-04-01,"2016 April","1st 20%",NA,"Scss","Unabsorbed Prices"
"35562",2016-04-01,"2016 April","2nd 40%",NA,"Scss","Unabsorbed Prices"
"35562",2016-04-01,"2016 April","3rd 60%",NA,"Scss","Unabsorbed Prices"
"35562",2016-04-01,"2016 April","4th 80%",NA,"Scss","Unabsorbed Prices"
"35562",2016-04-01,"2016 April","Median",NA,"Scss","Unabsorbed Prices"
"35562",2016-04-01,"2016 April","Average",375257,"Scss","Unabsorbed Prices"
"35562",2016-04-01,"2016 April","Units",7,"Scss","Unabsorbed Prices"
"35562",2016-05-01,"2016 May","1st 20%",375000,"Scss","Unabsorbed Prices"
"35562",2016-05-01,"2016 May","2nd 40%",430000,"Scss","Unabsorbed Prices"
"35562",2016-05-01,"2016 May","3rd 60%",435000,"Scss","Unabsorbed Prices"
"35562",2016-05-01,"2016 May","4th 80%",480000,"Scss","Unabsorbed Prices"
"35562",2016-05-01,"2016 May","Median",430000,"Scss","Unabsorbed Prices"
"35562",2016-05-01,"2016 May","Average",415008,"Scss","Unabsorbed Prices"
"35562",2016-05-01,"2016 May","Units",14,"Scss","Unabsorbed Prices"
"35562",2016-06-01,"2016 June","1st 20%",336000,"Scss","Unabsorbed Prices"
"35562",2016-06-01,"2016 June","2nd 40%",362000,"Scss","Unabsorbed Prices"
"35562",2016-06-01,"2016 June","3rd 60%",433000,"Scss","Unabsorbed Prices"
"35562",2016-06-01,"2016 June","4th 80%",450000,"Scss","Unabsorbed Prices"
"35562",2016-06-01,"2016 June","Median",370000,"Scss","Unabsorbed Prices"
"35562",2016-06-01,"2016 June","Average",391023,"Scss","Unabsorbed Prices"
"35562",2016-06-01,"2016 June","Units",19,"Scss","Unabsorbed Prices"
"35562",2016-07-01,"2016 July","1st 20%",180000,"Scss","Unabsorbed Prices"
"35562",2016-07-01,"2016 July","2nd 40%",370000,"Scss","Unabsorbed Prices"
"35562",2016-07-01,"2016 July","3rd 60%",390000,"Scss","Unabsorbed Prices"
"35562",2016-07-01,"2016 July","4th 80%",430000,"Scss","Unabsorbed Prices"
"35562",2016-07-01,"2016 July","Median",380000,"Scss","Unabsorbed Prices"
"35562",2016-07-01,"2016 July","Average",335993,"Scss","Unabsorbed Prices"
"35562",2016-07-01,"2016 July","Units",14,"Scss","Unabsorbed Prices"
"35562",2016-08-01,"2016 August","1st 20%",280000,"Scss","Unabsorbed Prices"
"35562",2016-08-01,"2016 August","2nd 40%",352000,"Scss","Unabsorbed Prices"
"35562",2016-08-01,"2016 August","3rd 60%",4e+05,"Scss","Unabsorbed Prices"
"35562",2016-08-01,"2016 August","4th 80%",470000,"Scss","Unabsorbed Prices"
"35562",2016-08-01,"2016 August","Median",390000,"Scss","Unabsorbed Prices"
"35562",2016-08-01,"2016 August","Average",373942,"Scss","Unabsorbed Prices"
"35562",2016-08-01,"2016 August","Units",12,"Scss","Unabsorbed Prices"
"35562",2016-09-01,"2016 September","1st 20%",312000,"Scss","Unabsorbed Prices"
"35562",2016-09-01,"2016 September","2nd 40%",4e+05,"Scss","Unabsorbed Prices"
"35562",2016-09-01,"2016 September","3rd 60%",424000,"Scss","Unabsorbed Prices"
"35562",2016-09-01,"2016 September","4th 80%",483000,"Scss","Unabsorbed Prices"
"35562",2016-09-01,"2016 September","Median",4e+05,"Scss","Unabsorbed Prices"
"35562",2016-09-01,"2016 September","Average",391486,"Scss","Unabsorbed Prices"
"35562",2016-09-01,"2016 September","Units",23,"Scss","Unabsorbed Prices"
"35562",2016-10-01,"2016 October","1st 20%",NA,"Scss","Unabsorbed Prices"
"35562",2016-10-01,"2016 October","2nd 40%",NA,"Scss","Unabsorbed Prices"
"35562",2016-10-01,"2016 October","3rd 60%",NA,"Scss","Unabsorbed Prices"
"35562",2016-10-01,"2016 October","4th 80%",NA,"Scss","Unabsorbed Prices"
"35562",2016-10-01,"2016 October","Median",NA,"Scss","Unabsorbed Prices"
"35562",2016-10-01,"2016 October","Average",385150,"Scss","Unabsorbed Prices"
"35562",2016-10-01,"2016 October","Units",10,"Scss","Unabsorbed Prices"
"35562",2016-11-01,"2016 November","1st 20%",NA,"Scss","Unabsorbed Prices"
"35562",2016-11-01,"2016 November","2nd 40%",NA,"Scss","Unabsorbed Prices"
"35562",2016-11-01,"2016 November","3rd 60%",NA,"Scss","Unabsorbed Prices"
"35562",2016-11-01,"2016 November","4th 80%",NA,"Scss","Unabsorbed Prices"
"35562",2016-11-01,"2016 November","Median",NA,"Scss","Unabsorbed Prices"
"35562",2016-11-01,"2016 November","Average",357475,"Scss","Unabsorbed Prices"
"35562",2016-11-01,"2016 November","Units",12,"Scss","Unabsorbed Prices"
"35562",2016-12-01,"2016 December","1st 20%",195000,"Scss","Unabsorbed Prices"
"35562",2016-12-01,"2016 December","2nd 40%",354000,"Scss","Unabsorbed Prices"
"35562",2016-12-01,"2016 December","3rd 60%",422000,"Scss","Unabsorbed Prices"
"35562",2016-12-01,"2016 December","4th 80%",446000,"Scss","Unabsorbed Prices"
"35562",2016-12-01,"2016 December","Median",410000,"Scss","Unabsorbed Prices"
"35562",2016-12-01,"2016 December","Average",347977,"Scss","Unabsorbed Prices"
"35562",2016-12-01,"2016 December","Units",13,"Scss","Unabsorbed Prices"
"35562",2017-01-01,"2017 January","1st 20%",317000,"Scss","Unabsorbed Prices"
"35562",2017-01-01,"2017 January","2nd 40%",374000,"Scss","Unabsorbed Prices"
"35562",2017-01-01,"2017 January","3rd 60%",430000,"Scss","Unabsorbed Prices"
"35562",2017-01-01,"2017 January","4th 80%",490000,"Scss","Unabsorbed Prices"
"35562",2017-01-01,"2017 January","Median",390000,"Scss","Unabsorbed Prices"
"35562",2017-01-01,"2017 January","Average",398655,"Scss","Unabsorbed Prices"
"35562",2017-01-01,"2017 January","Units",11,"Scss","Unabsorbed Prices"
"35562",2017-02-01,"2017 February","1st 20%",366000,"Scss","Unabsorbed Prices"
"35562",2017-02-01,"2017 February","2nd 40%",395000,"Scss","Unabsorbed Prices"
"35562",2017-02-01,"2017 February","3rd 60%",468000,"Scss","Unabsorbed Prices"
"35562",2017-02-01,"2017 February","4th 80%",548000,"Scss","Unabsorbed Prices"
"35562",2017-02-01,"2017 February","Median",430000,"Scss","Unabsorbed Prices"
"35562",2017-02-01,"2017 February","Average",429250,"Scss","Unabsorbed Prices"
"35562",2017-02-01,"2017 February","Units",12,"Scss","Unabsorbed Prices"
"35562",2017-03-01,"2017 March","1st 20%",265000,"Scss","Unabsorbed Prices"
"35562",2017-03-01,"2017 March","2nd 40%",433000,"Scss","Unabsorbed Prices"
"35562",2017-03-01,"2017 March","3rd 60%",510000,"Scss","Unabsorbed Prices"
"35562",2017-03-01,"2017 March","4th 80%",534000,"Scss","Unabsorbed Prices"
"35562",2017-03-01,"2017 March","Median",485000,"Scss","Unabsorbed Prices"
"35562",2017-03-01,"2017 March","Average",428391,"Scss","Unabsorbed Prices"
"35562",2017-03-01,"2017 March","Units",11,"Scss","Unabsorbed Prices"
"35562",2017-04-01,"2017 April","1st 20%",269000,"Scss","Unabsorbed Prices"
"35562",2017-04-01,"2017 April","2nd 40%",363000,"Scss","Unabsorbed Prices"
"35562",2017-04-01,"2017 April","3rd 60%",429000,"Scss","Unabsorbed Prices"
"35562",2017-04-01,"2017 April","4th 80%",467000,"Scss","Unabsorbed Prices"
"35562",2017-04-01,"2017 April","Median",4e+05,"Scss","Unabsorbed Prices"
"35562",2017-04-01,"2017 April","Average",377525,"Scss","Unabsorbed Prices"
"35562",2017-04-01,"2017 April","Units",12,"Scss","Unabsorbed Prices"
"35562",2017-05-01,"2017 May","1st 20%",NA,"Scss","Unabsorbed Prices"
"35562",2017-05-01,"2017 May","2nd 40%",NA,"Scss","Unabsorbed Prices"
"35562",2017-05-01,"2017 May","3rd 60%",NA,"Scss","Unabsorbed Prices"
"35562",2017-05-01,"2017 May","4th 80%",NA,"Scss","Unabsorbed Prices"
"35562",2017-05-01,"2017 May","Median",NA,"Scss","Unabsorbed Prices"
"35562",2017-05-01,"2017 May","Average",439489,"Scss","Unabsorbed Prices"
"35562",2017-05-01,"2017 May","Units",9,"Scss","Unabsorbed Prices"
"35562",2017-06-01,"2017 June","1st 20%",398000,"Scss","Unabsorbed Prices"
"35562",2017-06-01,"2017 June","2nd 40%",403000,"Scss","Unabsorbed Prices"
"35562",2017-06-01,"2017 June","3rd 60%",427000,"Scss","Unabsorbed Prices"
"35562",2017-06-01,"2017 June","4th 80%",458000,"Scss","Unabsorbed Prices"
"35562",2017-06-01,"2017 June","Median",405000,"Scss","Unabsorbed Prices"
"35562",2017-06-01,"2017 June","Average",433315,"Scss","Unabsorbed Prices"
"35562",2017-06-01,"2017 June","Units",13,"Scss","Unabsorbed Prices"
"35562",2017-07-01,"2017 July","1st 20%",399000,"Scss","Unabsorbed Prices"
"35562",2017-07-01,"2017 July","2nd 40%",456000,"Scss","Unabsorbed Prices"
"35562",2017-07-01,"2017 July","3rd 60%",559000,"Scss","Unabsorbed Prices"
"35562",2017-07-01,"2017 July","4th 80%",670000,"Scss","Unabsorbed Prices"
"35562",2017-07-01,"2017 July","Median",487500,"Scss","Unabsorbed Prices"
"35562",2017-07-01,"2017 July","Average",523692,"Scss","Unabsorbed Prices"
"35562",2017-07-01,"2017 July","Units",14,"Scss","Unabsorbed Prices"
"35562",2017-08-01,"2017 August","1st 20%",248000,"Scss","Unabsorbed Prices"
"35562",2017-08-01,"2017 August","2nd 40%",345000,"Scss","Unabsorbed Prices"
"35562",2017-08-01,"2017 August","3rd 60%",455000,"Scss","Unabsorbed Prices"
"35562",2017-08-01,"2017 August","4th 80%",538000,"Scss","Unabsorbed Prices"
"35562",2017-08-01,"2017 August","Median",385000,"Scss","Unabsorbed Prices"
"35562",2017-08-01,"2017 August","Average",413495,"Scss","Unabsorbed Prices"
"35562",2017-08-01,"2017 August","Units",21,"Scss","Unabsorbed Prices"
"35562",2017-09-01,"2017 September","1st 20%",310000,"Scss","Unabsorbed Prices"
"35562",2017-09-01,"2017 September","2nd 40%",390000,"Scss","Unabsorbed Prices"
"35562",2017-09-01,"2017 September","3rd 60%",470000,"Scss","Unabsorbed Prices"
"35562",2017-09-01,"2017 September","4th 80%",550000,"Scss","Unabsorbed Prices"
"35562",2017-09-01,"2017 September","Median",420000,"Scss","Unabsorbed Prices"
"35562",2017-09-01,"2017 September","Average",418844,"Scss","Unabsorbed Prices"
"35562",2017-09-01,"2017 September","Units",38,"Scss","Unabsorbed Prices"
"35562",2017-10-01,"2017 October","1st 20%",345000,"Scss","Unabsorbed Prices"
"35562",2017-10-01,"2017 October","2nd 40%",424000,"Scss","Unabsorbed Prices"
"35562",2017-10-01,"2017 October","3rd 60%",480000,"Scss","Unabsorbed Prices"
"35562",2017-10-01,"2017 October","4th 80%",576000,"Scss","Unabsorbed Prices"
"35562",2017-10-01,"2017 October","Median",440000,"Scss","Unabsorbed Prices"
"35562",2017-10-01,"2017 October","Average",452488,"Scss","Unabsorbed Prices"
"35562",2017-10-01,"2017 October","Units",16,"Scss","Unabsorbed Prices"
"35562",2017-11-01,"2017 November","1st 20%",345000,"Scss","Unabsorbed Prices"
"35562",2017-11-01,"2017 November","2nd 40%",409000,"Scss","Unabsorbed Prices"
"35562",2017-11-01,"2017 November","3rd 60%",498000,"Scss","Unabsorbed Prices"
"35562",2017-11-01,"2017 November","4th 80%",598000,"Scss","Unabsorbed Prices"
"35562",2017-11-01,"2017 November","Median",470000,"Scss","Unabsorbed Prices"
"35562",2017-11-01,"2017 November","Average",470094,"Scss","Unabsorbed Prices"
"35562",2017-11-01,"2017 November","Units",17,"Scss","Unabsorbed Prices"
"35562",2017-12-01,"2017 December","1st 20%",393000,"Scss","Unabsorbed Prices"
"35562",2017-12-01,"2017 December","2nd 40%",514000,"Scss","Unabsorbed Prices"
"35562",2017-12-01,"2017 December","3rd 60%",603000,"Scss","Unabsorbed Prices"
"35562",2017-12-01,"2017 December","4th 80%",660000,"Scss","Unabsorbed Prices"
"35562",2017-12-01,"2017 December","Median",572500,"Scss","Unabsorbed Prices"
"35562",2017-12-01,"2017 December","Average",541367,"Scss","Unabsorbed Prices"
"35562",2017-12-01,"2017 December","Units",18,"Scss","Unabsorbed Prices"
"35562",2018-01-01,"2018 January","1st 20%",350000,"Scss","Unabsorbed Prices"
"35562",2018-01-01,"2018 January","2nd 40%",390000,"Scss","Unabsorbed Prices"
"35562",2018-01-01,"2018 January","3rd 60%",470000,"Scss","Unabsorbed Prices"
"35562",2018-01-01,"2018 January","4th 80%",550000,"Scss","Unabsorbed Prices"
"35562",2018-01-01,"2018 January","Median",420000,"Scss","Unabsorbed Prices"
"35562",2018-01-01,"2018 January","Average",434166,"Scss","Unabsorbed Prices"
"35562",2018-01-01,"2018 January","Units",14,"Scss","Unabsorbed Prices"
"35562",2018-02-01,"2018 February","1st 20%",NA,"Scss","Unabsorbed Prices"
"35562",2018-02-01,"2018 February","2nd 40%",NA,"Scss","Unabsorbed Prices"
"35562",2018-02-01,"2018 February","3rd 60%",NA,"Scss","Unabsorbed Prices"
"35562",2018-02-01,"2018 February","4th 80%",NA,"Scss","Unabsorbed Prices"
"35562",2018-02-01,"2018 February","Median",NA,"Scss","Unabsorbed Prices"
"35562",2018-02-01,"2018 February","Average",470800,"Scss","Unabsorbed Prices"
"35562",2018-02-01,"2018 February","Units",8,"Scss","Unabsorbed Prices"
"35562",2018-03-01,"2018 March","1st 20%",380000,"Scss","Unabsorbed Prices"
"35562",2018-03-01,"2018 March","2nd 40%",499000,"Scss","Unabsorbed Prices"
"35562",2018-03-01,"2018 March","3rd 60%",520000,"Scss","Unabsorbed Prices"
"35562",2018-03-01,"2018 March","4th 80%",630000,"Scss","Unabsorbed Prices"
"35562",2018-03-01,"2018 March","Median",515000,"Scss","Unabsorbed Prices"
"35562",2018-03-01,"2018 March","Average",541800,"Scss","Unabsorbed Prices"
"35562",2018-03-01,"2018 March","Units",16,"Scss","Unabsorbed Prices"
"35562",2018-04-01,"2018 April","1st 20%",NA,"Scss","Unabsorbed Prices"
"35562",2018-04-01,"2018 April","2nd 40%",NA,"Scss","Unabsorbed Prices"
"35562",2018-04-01,"2018 April","3rd 60%",NA,"Scss","Unabsorbed Prices"
"35562",2018-04-01,"2018 April","4th 80%",NA,"Scss","Unabsorbed Prices"
"35562",2018-04-01,"2018 April","Median",NA,"Scss","Unabsorbed Prices"
"35562",2018-04-01,"2018 April","Average",495980,"Scss","Unabsorbed Prices"
"35562",2018-04-01,"2018 April","Units",5,"Scss","Unabsorbed Prices"
"35562",2018-05-01,"2018 May","1st 20%",390000,"Scss","Unabsorbed Prices"
"35562",2018-05-01,"2018 May","2nd 40%",450000,"Scss","Unabsorbed Prices"
"35562",2018-05-01,"2018 May","3rd 60%",550000,"Scss","Unabsorbed Prices"
"35562",2018-05-01,"2018 May","4th 80%",595000,"Scss","Unabsorbed Prices"
"35562",2018-05-01,"2018 May","Median",490000,"Scss","Unabsorbed Prices"
"35562",2018-05-01,"2018 May","Average",496300,"Scss","Unabsorbed Prices"
"35562",2018-05-01,"2018 May","Units",18,"Scss","Unabsorbed Prices"
"35562",2018-06-01,"2018 June","1st 20%",NA,"Scss","Unabsorbed Prices"
"35562",2018-06-01,"2018 June","2nd 40%",NA,"Scss","Unabsorbed Prices"
"35562",2018-06-01,"2018 June","3rd 60%",NA,"Scss","Unabsorbed Prices"
"35562",2018-06-01,"2018 June","4th 80%",NA,"Scss","Unabsorbed Prices"
"35562",2018-06-01,"2018 June","Median",NA,"Scss","Unabsorbed Prices"
"35562",2018-06-01,"2018 June","Average",507500,"Scss","Unabsorbed Prices"
"35562",2018-06-01,"2018 June","Units",11,"Scss","Unabsorbed Prices"
"35562",2018-07-01,"2018 July","1st 20%",374000,"Scss","Unabsorbed Prices"
"35562",2018-07-01,"2018 July","2nd 40%",490000,"Scss","Unabsorbed Prices"
"35562",2018-07-01,"2018 July","3rd 60%",6e+05,"Scss","Unabsorbed Prices"
"35562",2018-07-01,"2018 July","4th 80%",664000,"Scss","Unabsorbed Prices"
"35562",2018-07-01,"2018 July","Median",550000,"Scss","Unabsorbed Prices"
"35562",2018-07-01,"2018 July","Average",529308,"Scss","Unabsorbed Prices"
"35562",2018-07-01,"2018 July","Units",13,"Scss","Unabsorbed Prices"
"35562",2018-08-01,"2018 August","1st 20%",NA,"Scss","Unabsorbed Prices"
"35562",2018-08-01,"2018 August","2nd 40%",NA,"Scss","Unabsorbed Prices"
"35562",2018-08-01,"2018 August","3rd 60%",NA,"Scss","Unabsorbed Prices"
"35562",2018-08-01,"2018 August","4th 80%",NA,"Scss","Unabsorbed Prices"
"35562",2018-08-01,"2018 August","Median",NA,"Scss","Unabsorbed Prices"
"35562",2018-08-01,"2018 August","Average",507050,"Scss","Unabsorbed Prices"
"35562",2018-08-01,"2018 August","Units",10,"Scss","Unabsorbed Prices"
"35562",2018-09-01,"2018 September","1st 20%",380000,"Scss","Unabsorbed Prices"
"35562",2018-09-01,"2018 September","2nd 40%",390000,"Scss","Unabsorbed Prices"
"35562",2018-09-01,"2018 September","3rd 60%",550000,"Scss","Unabsorbed Prices"
"35562",2018-09-01,"2018 September","4th 80%",630000,"Scss","Unabsorbed Prices"
"35562",2018-09-01,"2018 September","Median",485000,"Scss","Unabsorbed Prices"
"35562",2018-09-01,"2018 September","Average",495439,"Scss","Unabsorbed Prices"
"35562",2018-09-01,"2018 September","Units",16,"Scss","Unabsorbed Prices"
"35562",2018-10-01,"2018 October","1st 20%",NA,"Scss","Unabsorbed Prices"
"35562",2018-10-01,"2018 October","2nd 40%",NA,"Scss","Unabsorbed Prices"
"35562",2018-10-01,"2018 October","3rd 60%",NA,"Scss","Unabsorbed Prices"
"35562",2018-10-01,"2018 October","4th 80%",NA,"Scss","Unabsorbed Prices"
"35562",2018-10-01,"2018 October","Median",NA,"Scss","Unabsorbed Prices"
"35562",2018-10-01,"2018 October","Average",615950,"Scss","Unabsorbed Prices"
"35562",2018-10-01,"2018 October","Units",9,"Scss","Unabsorbed Prices"
"35562",2018-11-01,"2018 November","1st 20%",482000,"Scss","Unabsorbed Prices"
"35562",2018-11-01,"2018 November","2nd 40%",509000,"Scss","Unabsorbed Prices"
"35562",2018-11-01,"2018 November","3rd 60%",634000,"Scss","Unabsorbed Prices"
"35562",2018-11-01,"2018 November","4th 80%",650000,"Scss","Unabsorbed Prices"
"35562",2018-11-01,"2018 November","Median",520000,"Scss","Unabsorbed Prices"
"35562",2018-11-01,"2018 November","Average",558427,"Scss","Unabsorbed Prices"
"35562",2018-11-01,"2018 November","Units",11,"Scss","Unabsorbed Prices"
"35562",2018-12-01,"2018 December","1st 20%",NA,"Scss","Unabsorbed Prices"
"35562",2018-12-01,"2018 December","2nd 40%",NA,"Scss","Unabsorbed Prices"
"35562",2018-12-01,"2018 December","3rd 60%",NA,"Scss","Unabsorbed Prices"
"35562",2018-12-01,"2018 December","4th 80%",NA,"Scss","Unabsorbed Prices"
"35562",2018-12-01,"2018 December","Median",NA,"Scss","Unabsorbed Prices"
"35562",2018-12-01,"2018 December","Average",588278,"Scss","Unabsorbed Prices"
"35562",2018-12-01,"2018 December","Units",9,"Scss","Unabsorbed Prices"
"35562",2019-01-01,"2019 January","1st 20%",NA,"Scss","Unabsorbed Prices"
"35562",2019-01-01,"2019 January","2nd 40%",NA,"Scss","Unabsorbed Prices"
"35562",2019-01-01,"2019 January","3rd 60%",NA,"Scss","Unabsorbed Prices"
"35562",2019-01-01,"2019 January","4th 80%",NA,"Scss","Unabsorbed Prices"
"35562",2019-01-01,"2019 January","Median",NA,"Scss","Unabsorbed Prices"
"35562",2019-01-01,"2019 January","Average",543720,"Scss","Unabsorbed Prices"
"35562",2019-01-01,"2019 January","Units",9,"Scss","Unabsorbed Prices"
"35562",2019-02-01,"2019 February","1st 20%",NA,"Scss","Unabsorbed Prices"
"35562",2019-02-01,"2019 February","2nd 40%",NA,"Scss","Unabsorbed Prices"
"35562",2019-02-01,"2019 February","3rd 60%",NA,"Scss","Unabsorbed Prices"
"35562",2019-02-01,"2019 February","4th 80%",NA,"Scss","Unabsorbed Prices"
"35562",2019-02-01,"2019 February","Median",NA,"Scss","Unabsorbed Prices"
"35562",2019-02-01,"2019 February","Average",582063,"Scss","Unabsorbed Prices"
"35562",2019-02-01,"2019 February","Units",10,"Scss","Unabsorbed Prices"
"35562",2019-03-01,"2019 March","1st 20%",NA,"Scss","Unabsorbed Prices"
"35562",2019-03-01,"2019 March","2nd 40%",NA,"Scss","Unabsorbed Prices"
"35562",2019-03-01,"2019 March","3rd 60%",NA,"Scss","Unabsorbed Prices"
"35562",2019-03-01,"2019 March","4th 80%",NA,"Scss","Unabsorbed Prices"
"35562",2019-03-01,"2019 March","Median",NA,"Scss","Unabsorbed Prices"
"35562",2019-03-01,"2019 March","Average",590733,"Scss","Unabsorbed Prices"
"35562",2019-03-01,"2019 March","Units",6,"Scss","Unabsorbed Prices"
"35562",2019-04-01,"2019 April","1st 20%",420000,"Scss","Unabsorbed Prices"
"35562",2019-04-01,"2019 April","2nd 40%",458000,"Scss","Unabsorbed Prices"
"35562",2019-04-01,"2019 April","3rd 60%",556000,"Scss","Unabsorbed Prices"
"35562",2019-04-01,"2019 April","4th 80%",696000,"Scss","Unabsorbed Prices"
"35562",2019-04-01,"2019 April","Median",545000,"Scss","Unabsorbed Prices"
"35562",2019-04-01,"2019 April","Average",534494,"Scss","Unabsorbed Prices"
"35562",2019-04-01,"2019 April","Units",20,"Scss","Unabsorbed Prices"
"35562",2019-05-01,"2019 May","1st 20%",NA,"Scss","Unabsorbed Prices"
"35562",2019-05-01,"2019 May","2nd 40%",NA,"Scss","Unabsorbed Prices"
"35562",2019-05-01,"2019 May","3rd 60%",NA,"Scss","Unabsorbed Prices"
"35562",2019-05-01,"2019 May","4th 80%",NA,"Scss","Unabsorbed Prices"
"35562",2019-05-01,"2019 May","Median",NA,"Scss","Unabsorbed Prices"
"35562",2019-05-01,"2019 May","Average",NA,"Scss","Unabsorbed Prices"
"35562",2019-05-01,"2019 May","Units",3,"Scss","Unabsorbed Prices"
"35562",2019-06-01,"2019 June","1st 20%",424000,"Scss","Unabsorbed Prices"
"35562",2019-06-01,"2019 June","2nd 40%",582000,"Scss","Unabsorbed Prices"
"35562",2019-06-01,"2019 June","3rd 60%",659000,"Scss","Unabsorbed Prices"
"35562",2019-06-01,"2019 June","4th 80%",725000,"Scss","Unabsorbed Prices"
"35562",2019-06-01,"2019 June","Median",610000,"Scss","Unabsorbed Prices"
"35562",2019-06-01,"2019 June","Average",581064,"Scss","Unabsorbed Prices"
"35562",2019-06-01,"2019 June","Units",11,"Scss","Unabsorbed Prices"
"35562",2019-07-01,"2019 July","1st 20%",520000,"Scss","Unabsorbed Prices"
"35562",2019-07-01,"2019 July","2nd 40%",6e+05,"Scss","Unabsorbed Prices"
"35562",2019-07-01,"2019 July","3rd 60%",690000,"Scss","Unabsorbed Prices"
"35562",2019-07-01,"2019 July","4th 80%",825000,"Scss","Unabsorbed Prices"
"35562",2019-07-01,"2019 July","Median",622500,"Scss","Unabsorbed Prices"
"35562",2019-07-01,"2019 July","Average",748493,"Scss","Unabsorbed Prices"
"35562",2019-07-01,"2019 July","Units",16,"Scss","Unabsorbed Prices"
"35562",2019-08-01,"2019 August","1st 20%",NA,"Scss","Unabsorbed Prices"
"35562",2019-08-01,"2019 August","2nd 40%",NA,"Scss","Unabsorbed Prices"
"35562",2019-08-01,"2019 August","3rd 60%",NA,"Scss","Unabsorbed Prices"
"35562",2019-08-01,"2019 August","4th 80%",NA,"Scss","Unabsorbed Prices"
"35562",2019-08-01,"2019 August","Median",NA,"Scss","Unabsorbed Prices"
"35562",2019-08-01,"2019 August","Average",604122,"Scss","Unabsorbed Prices"
"35562",2019-08-01,"2019 August","Units",9,"Scss","Unabsorbed Prices"
"35562",2019-09-01,"2019 September","1st 20%",440000,"Scss","Unabsorbed Prices"
"35562",2019-09-01,"2019 September","2nd 40%",518000,"Scss","Unabsorbed Prices"
"35562",2019-09-01,"2019 September","3rd 60%",640000,"Scss","Unabsorbed Prices"
"35562",2019-09-01,"2019 September","4th 80%",754000,"Scss","Unabsorbed Prices"
"35562",2019-09-01,"2019 September","Median",565000,"Scss","Unabsorbed Prices"
"35562",2019-09-01,"2019 September","Average",587958,"Scss","Unabsorbed Prices"
"35562",2019-09-01,"2019 September","Units",12,"Scss","Unabsorbed Prices"
"35562",2019-10-01,"2019 October","1st 20%",5e+05,"Scss","Unabsorbed Prices"
"35562",2019-10-01,"2019 October","2nd 40%",530000,"Scss","Unabsorbed Prices"
"35562",2019-10-01,"2019 October","3rd 60%",602000,"Scss","Unabsorbed Prices"
"35562",2019-10-01,"2019 October","4th 80%",638000,"Scss","Unabsorbed Prices"
"35562",2019-10-01,"2019 October","Median",570000,"Scss","Unabsorbed Prices"
"35562",2019-10-01,"2019 October","Average",581877,"Scss","Unabsorbed Prices"
"35562",2019-10-01,"2019 October","Units",13,"Scss","Unabsorbed Prices"
"35562",2019-11-01,"2019 November","1st 20%",480000,"Scss","Unabsorbed Prices"
"35562",2019-11-01,"2019 November","2nd 40%",5e+05,"Scss","Unabsorbed Prices"
"35562",2019-11-01,"2019 November","3rd 60%",550000,"Scss","Unabsorbed Prices"
"35562",2019-11-01,"2019 November","4th 80%",570000,"Scss","Unabsorbed Prices"
"35562",2019-11-01,"2019 November","Median",520000,"Scss","Unabsorbed Prices"
"35562",2019-11-01,"2019 November","Average",546586,"Scss","Unabsorbed Prices"
"35562",2019-11-01,"2019 November","Units",14,"Scss","Unabsorbed Prices"
"35562",2019-12-01,"2019 December","1st 20%",NA,"Scss","Unabsorbed Prices"
"35562",2019-12-01,"2019 December","2nd 40%",NA,"Scss","Unabsorbed Prices"
"35562",2019-12-01,"2019 December","3rd 60%",NA,"Scss","Unabsorbed Prices"
"35562",2019-12-01,"2019 December","4th 80%",NA,"Scss","Unabsorbed Prices"
"35562",2019-12-01,"2019 December","Median",NA,"Scss","Unabsorbed Prices"
"35562",2019-12-01,"2019 December","Average",672800,"Scss","Unabsorbed Prices"
"35562",2019-12-01,"2019 December","Units",6,"Scss","Unabsorbed Prices"
"35562",2020-01-01,"2020 January","1st 20%",NA,"Scss","Unabsorbed Prices"
"35562",2020-01-01,"2020 January","2nd 40%",NA,"Scss","Unabsorbed Prices"
"35562",2020-01-01,"2020 January","3rd 60%",NA,"Scss","Unabsorbed Prices"
"35562",2020-01-01,"2020 January","4th 80%",NA,"Scss","Unabsorbed Prices"
"35562",2020-01-01,"2020 January","Median",NA,"Scss","Unabsorbed Prices"
"35562",2020-01-01,"2020 January","Average",583960,"Scss","Unabsorbed Prices"
"35562",2020-01-01,"2020 January","Units",5,"Scss","Unabsorbed Prices"
"35562",2020-02-01,"2020 February","1st 20%",NA,"Scss","Unabsorbed Prices"
"35562",2020-02-01,"2020 February","2nd 40%",NA,"Scss","Unabsorbed Prices"
"35562",2020-02-01,"2020 February","3rd 60%",NA,"Scss","Unabsorbed Prices"
"35562",2020-02-01,"2020 February","4th 80%",NA,"Scss","Unabsorbed Prices"
"35562",2020-02-01,"2020 February","Median",NA,"Scss","Unabsorbed Prices"
"35562",2020-02-01,"2020 February","Average",602738,"Scss","Unabsorbed Prices"
"35562",2020-02-01,"2020 February","Units",8,"Scss","Unabsorbed Prices"
"35562",2020-03-01,"2020 March","1st 20%",448000,"Scss","Unabsorbed Prices"
"35562",2020-03-01,"2020 March","2nd 40%",488000,"Scss","Unabsorbed Prices"
"35562",2020-03-01,"2020 March","3rd 60%",602000,"Scss","Unabsorbed Prices"
"35562",2020-03-01,"2020 March","4th 80%",712000,"Scss","Unabsorbed Prices"
"35562",2020-03-01,"2020 March","Median",515000,"Scss","Unabsorbed Prices"
"35562",2020-03-01,"2020 March","Average",572800,"Scss","Unabsorbed Prices"
"35562",2020-03-01,"2020 March","Units",10,"Scss","Unabsorbed Prices"
"35562",2020-04-01,"2020 April","1st 20%",NA,"Scss","Unabsorbed Prices"
"35562",2020-04-01,"2020 April","2nd 40%",NA,"Scss","Unabsorbed Prices"
"35562",2020-04-01,"2020 April","3rd 60%",NA,"Scss","Unabsorbed Prices"
"35562",2020-04-01,"2020 April","4th 80%",NA,"Scss","Unabsorbed Prices"
"35562",2020-04-01,"2020 April","Median",NA,"Scss","Unabsorbed Prices"
"35562",2020-04-01,"2020 April","Average",576225,"Scss","Unabsorbed Prices"
"35562",2020-04-01,"2020 April","Units",4,"Scss","Unabsorbed Prices"
"35562",2020-05-01,"2020 May","1st 20%",444000,"Scss","Unabsorbed Prices"
"35562",2020-05-01,"2020 May","2nd 40%",477000,"Scss","Unabsorbed Prices"
"35562",2020-05-01,"2020 May","3rd 60%",504000,"Scss","Unabsorbed Prices"
"35562",2020-05-01,"2020 May","4th 80%",634000,"Scss","Unabsorbed Prices"
"35562",2020-05-01,"2020 May","Median",480000,"Scss","Unabsorbed Prices"
"35562",2020-05-01,"2020 May","Average",514200,"Scss","Unabsorbed Prices"
"35562",2020-05-01,"2020 May","Units",10,"Scss","Unabsorbed Prices"
"35562",2020-06-01,"2020 June","1st 20%",NA,"Scss","Unabsorbed Prices"
"35562",2020-06-01,"2020 June","2nd 40%",NA,"Scss","Unabsorbed Prices"
"35562",2020-06-01,"2020 June","3rd 60%",NA,"Scss","Unabsorbed Prices"
"35562",2020-06-01,"2020 June","4th 80%",NA,"Scss","Unabsorbed Prices"
"35562",2020-06-01,"2020 June","Median",NA,"Scss","Unabsorbed Prices"
"35562",2020-06-01,"2020 June","Average",655733,"Scss","Unabsorbed Prices"
"35562",2020-06-01,"2020 June","Units",9,"Scss","Unabsorbed Prices"
"35562",2020-07-01,"2020 July","1st 20%",NA,"Scss","Unabsorbed Prices"
"35562",2020-07-01,"2020 July","2nd 40%",NA,"Scss","Unabsorbed Prices"
"35562",2020-07-01,"2020 July","3rd 60%",NA,"Scss","Unabsorbed Prices"
"35562",2020-07-01,"2020 July","4th 80%",NA,"Scss","Unabsorbed Prices"
"35562",2020-07-01,"2020 July","Median",NA,"Scss","Unabsorbed Prices"
"35562",2020-07-01,"2020 July","Average",577689,"Scss","Unabsorbed Prices"
"35562",2020-07-01,"2020 July","Units",9,"Scss","Unabsorbed Prices"
"35562",2020-08-01,"2020 August","1st 20%",NA,"Scss","Unabsorbed Prices"
"35562",2020-08-01,"2020 August","2nd 40%",NA,"Scss","Unabsorbed Prices"
"35562",2020-08-01,"2020 August","3rd 60%",NA,"Scss","Unabsorbed Prices"
"35562",2020-08-01,"2020 August","4th 80%",NA,"Scss","Unabsorbed Prices"
"35562",2020-08-01,"2020 August","Median",NA,"Scss","Unabsorbed Prices"
"35562",2020-08-01,"2020 August","Average",634657,"Scss","Unabsorbed Prices"
"35562",2020-08-01,"2020 August","Units",7,"Scss","Unabsorbed Prices"
"35562",2020-09-01,"2020 September","1st 20%",490000,"Scss","Unabsorbed Prices"
"35562",2020-09-01,"2020 September","2nd 40%",531000,"Scss","Unabsorbed Prices"
"35562",2020-09-01,"2020 September","3rd 60%",603000,"Scss","Unabsorbed Prices"
"35562",2020-09-01,"2020 September","4th 80%",713000,"Scss","Unabsorbed Prices"
"35562",2020-09-01,"2020 September","Median",545000,"Scss","Unabsorbed Prices"
"35562",2020-09-01,"2020 September","Average",598067,"Scss","Unabsorbed Prices"
"35562",2020-09-01,"2020 September","Units",21,"Scss","Unabsorbed Prices"
"35562",2020-10-01,"2020 October","1st 20%",513000,"Scss","Unabsorbed Prices"
"35562",2020-10-01,"2020 October","2nd 40%",552000,"Scss","Unabsorbed Prices"
"35562",2020-10-01,"2020 October","3rd 60%",637000,"Scss","Unabsorbed Prices"
"35562",2020-10-01,"2020 October","4th 80%",706000,"Scss","Unabsorbed Prices"
"35562",2020-10-01,"2020 October","Median",612500,"Scss","Unabsorbed Prices"
"35562",2020-10-01,"2020 October","Average",608817,"Scss","Unabsorbed Prices"
"35562",2020-10-01,"2020 October","Units",12,"Scss","Unabsorbed Prices"
"35562",2020-11-01,"2020 November","1st 20%",524000,"Scss","Unabsorbed Prices"
"35562",2020-11-01,"2020 November","2nd 40%",622000,"Scss","Unabsorbed Prices"
"35562",2020-11-01,"2020 November","3rd 60%",699000,"Scss","Unabsorbed Prices"
"35562",2020-11-01,"2020 November","4th 80%",742000,"Scss","Unabsorbed Prices"
"35562",2020-11-01,"2020 November","Median",662500,"Scss","Unabsorbed Prices"
"35562",2020-11-01,"2020 November","Average",670758,"Scss","Unabsorbed Prices"
"35562",2020-11-01,"2020 November","Units",16,"Scss","Unabsorbed Prices"
"35562",2020-12-01,"2020 December","1st 20%",528000,"Scss","Unabsorbed Prices"
"35562",2020-12-01,"2020 December","2nd 40%",566000,"Scss","Unabsorbed Prices"
"35562",2020-12-01,"2020 December","3rd 60%",626000,"Scss","Unabsorbed Prices"
"35562",2020-12-01,"2020 December","4th 80%",796000,"Scss","Unabsorbed Prices"
"35562",2020-12-01,"2020 December","Median",580000,"Scss","Unabsorbed Prices"
"35562",2020-12-01,"2020 December","Average",632062,"Scss","Unabsorbed Prices"
"35562",2020-12-01,"2020 December","Units",13,"Scss","Unabsorbed Prices"
"35562",2021-01-01,"2021 January","1st 20%",NA,"Scss","Unabsorbed Prices"
"35562",2021-01-01,"2021 January","2nd 40%",NA,"Scss","Unabsorbed Prices"
"35562",2021-01-01,"2021 January","3rd 60%",NA,"Scss","Unabsorbed Prices"
"35562",2021-01-01,"2021 January","4th 80%",NA,"Scss","Unabsorbed Prices"
"35562",2021-01-01,"2021 January","Median",NA,"Scss","Unabsorbed Prices"
"35562",2021-01-01,"2021 January","Average",619960,"Scss","Unabsorbed Prices"
"35562",2021-01-01,"2021 January","Units",5,"Scss","Unabsorbed Prices"
"35562",2021-02-01,"2021 February","1st 20%",NA,"Scss","Unabsorbed Prices"
"35562",2021-02-01,"2021 February","2nd 40%",NA,"Scss","Unabsorbed Prices"
"35562",2021-02-01,"2021 February","3rd 60%",NA,"Scss","Unabsorbed Prices"
"35562",2021-02-01,"2021 February","4th 80%",NA,"Scss","Unabsorbed Prices"
"35562",2021-02-01,"2021 February","Median",NA,"Scss","Unabsorbed Prices"
"35562",2021-02-01,"2021 February","Average",615000,"Scss","Unabsorbed Prices"
"35562",2021-02-01,"2021 February","Units",6,"Scss","Unabsorbed Prices"
"35562",2021-03-01,"2021 March","1st 20%",5e+05,"Scss","Unabsorbed Prices"
"35562",2021-03-01,"2021 March","2nd 40%",544000,"Scss","Unabsorbed Prices"
"35562",2021-03-01,"2021 March","3rd 60%",651000,"Scss","Unabsorbed Prices"
"35562",2021-03-01,"2021 March","4th 80%",872000,"Scss","Unabsorbed Prices"
"35562",2021-03-01,"2021 March","Median",560000,"Scss","Unabsorbed Prices"
"35562",2021-03-01,"2021 March","Average",667940,"Scss","Unabsorbed Prices"
"35562",2021-03-01,"2021 March","Units",17,"Scss","Unabsorbed Prices"
"35562",2021-04-01,"2021 April","1st 20%",NA,"Scss","Unabsorbed Prices"
"35562",2021-04-01,"2021 April","2nd 40%",NA,"Scss","Unabsorbed Prices"
"35562",2021-04-01,"2021 April","3rd 60%",NA,"Scss","Unabsorbed Prices"
"35562",2021-04-01,"2021 April","4th 80%",NA,"Scss","Unabsorbed Prices"
"35562",2021-04-01,"2021 April","Median",NA,"Scss","Unabsorbed Prices"
"35562",2021-04-01,"2021 April","Average",657338,"Scss","Unabsorbed Prices"
"35562",2021-04-01,"2021 April","Units",8,"Scss","Unabsorbed Prices"
"35562",2021-05-01,"2021 May","1st 20%",466000,"Scss","Unabsorbed Prices"
"35562",2021-05-01,"2021 May","2nd 40%",513000,"Scss","Unabsorbed Prices"
"35562",2021-05-01,"2021 May","3rd 60%",594000,"Scss","Unabsorbed Prices"
"35562",2021-05-01,"2021 May","4th 80%",680000,"Scss","Unabsorbed Prices"
"35562",2021-05-01,"2021 May","Median",565000,"Scss","Unabsorbed Prices"
"35562",2021-05-01,"2021 May","Average",557702,"Scss","Unabsorbed Prices"
"35562",2021-05-01,"2021 May","Units",52,"Scss","Unabsorbed Prices"
"35562",2021-06-01,"2021 June","1st 20%",560000,"Scss","Unabsorbed Prices"
"35562",2021-06-01,"2021 June","2nd 40%",677000,"Scss","Unabsorbed Prices"
"35562",2021-06-01,"2021 June","3rd 60%",740000,"Scss","Unabsorbed Prices"
"35562",2021-06-01,"2021 June","4th 80%",864000,"Scss","Unabsorbed Prices"
"35562",2021-06-01,"2021 June","Median",695000,"Scss","Unabsorbed Prices"
"35562",2021-06-01,"2021 June","Average",728991,"Scss","Unabsorbed Prices"
"35562",2021-06-01,"2021 June","Units",27,"Scss","Unabsorbed Prices"
"35562",2021-07-01,"2021 July","1st 20%",512000,"Scss","Unabsorbed Prices"
"35562",2021-07-01,"2021 July","2nd 40%",702000,"Scss","Unabsorbed Prices"
"35562",2021-07-01,"2021 July","3rd 60%",723000,"Scss","Unabsorbed Prices"
"35562",2021-07-01,"2021 July","4th 80%",799000,"Scss","Unabsorbed Prices"
"35562",2021-07-01,"2021 July","Median",712500,"Scss","Unabsorbed Prices"
"35562",2021-07-01,"2021 July","Average",697055,"Scss","Unabsorbed Prices"
"35562",2021-07-01,"2021 July","Units",20,"Scss","Unabsorbed Prices"
"35562",2021-08-01,"2021 August","1st 20%",NA,"Scss","Unabsorbed Prices"
"35562",2021-08-01,"2021 August","2nd 40%",NA,"Scss","Unabsorbed Prices"
"35562",2021-08-01,"2021 August","3rd 60%",NA,"Scss","Unabsorbed Prices"
"35562",2021-08-01,"2021 August","4th 80%",NA,"Scss","Unabsorbed Prices"
"35562",2021-08-01,"2021 August","Median",NA,"Scss","Unabsorbed Prices"
"35562",2021-08-01,"2021 August","Average",637657,"Scss","Unabsorbed Prices"
"35562",2021-08-01,"2021 August","Units",9,"Scss","Unabsorbed Prices"
"35562",2021-09-01,"2021 September","1st 20%",510000,"Scss","Unabsorbed Prices"
"35562",2021-09-01,"2021 September","2nd 40%",620000,"Scss","Unabsorbed Prices"
"35562",2021-09-01,"2021 September","3rd 60%",710000,"Scss","Unabsorbed Prices"
"35562",2021-09-01,"2021 September","4th 80%",735000,"Scss","Unabsorbed Prices"
"35562",2021-09-01,"2021 September","Median",680000,"Scss","Unabsorbed Prices"
"35562",2021-09-01,"2021 September","Average",640657,"Scss","Unabsorbed Prices"
"35562",2021-09-01,"2021 September","Units",18,"Scss","Unabsorbed Prices"
"35562",2021-10-01,"2021 October","1st 20%",592000,"Scss","Unabsorbed Prices"
"35562",2021-10-01,"2021 October","2nd 40%",628000,"Scss","Unabsorbed Prices"
"35562",2021-10-01,"2021 October","3rd 60%",744000,"Scss","Unabsorbed Prices"
"35562",2021-10-01,"2021 October","4th 80%",785000,"Scss","Unabsorbed Prices"
"35562",2021-10-01,"2021 October","Median",7e+05,"Scss","Unabsorbed Prices"
"35562",2021-10-01,"2021 October","Average",679577,"Scss","Unabsorbed Prices"
"35562",2021-10-01,"2021 October","Units",28,"Scss","Unabsorbed Prices"
"35562",2021-11-01,"2021 November","1st 20%",582000,"Scss","Unabsorbed Prices"
"35562",2021-11-01,"2021 November","2nd 40%",654000,"Scss","Unabsorbed Prices"
"35562",2021-11-01,"2021 November","3rd 60%",686000,"Scss","Unabsorbed Prices"
"35562",2021-11-01,"2021 November","4th 80%",762000,"Scss","Unabsorbed Prices"
"35562",2021-11-01,"2021 November","Median",675000,"Scss","Unabsorbed Prices"
"35562",2021-11-01,"2021 November","Average",683886,"Scss","Unabsorbed Prices"
"35562",2021-11-01,"2021 November","Units",21,"Scss","Unabsorbed Prices"
"35562",2021-12-01,"2021 December","1st 20%",550000,"Scss","Unabsorbed Prices"
"35562",2021-12-01,"2021 December","2nd 40%",616000,"Scss","Unabsorbed Prices"
"35562",2021-12-01,"2021 December","3rd 60%",718000,"Scss","Unabsorbed Prices"
"35562",2021-12-01,"2021 December","4th 80%",828000,"Scss","Unabsorbed Prices"
"35562",2021-12-01,"2021 December","Median",650000,"Scss","Unabsorbed Prices"
"35562",2021-12-01,"2021 December","Average",754725,"Scss","Unabsorbed Prices"
"35562",2021-12-01,"2021 December","Units",16,"Scss","Unabsorbed Prices"
"35562",2022-01-01,"2022 January","1st 20%",NA,"Scss","Unabsorbed Prices"
"35562",2022-01-01,"2022 January","2nd 40%",NA,"Scss","Unabsorbed Prices"
"35562",2022-01-01,"2022 January","3rd 60%",NA,"Scss","Unabsorbed Prices"
"35562",2022-01-01,"2022 January","4th 80%",NA,"Scss","Unabsorbed Prices"
"35562",2022-01-01,"2022 January","Median",NA,"Scss","Unabsorbed Prices"
"35562",2022-01-01,"2022 January","Average",NA,"Scss","Unabsorbed Prices"
"35562",2022-01-01,"2022 January","Units",0,"Scss","Unabsorbed Prices"
"35562",2022-02-01,"2022 February","1st 20%",596000,"Scss","Unabsorbed Prices"
"35562",2022-02-01,"2022 February","2nd 40%",758000,"Scss","Unabsorbed Prices"
"35562",2022-02-01,"2022 February","3rd 60%",810000,"Scss","Unabsorbed Prices"
"35562",2022-02-01,"2022 February","4th 80%",865000,"Scss","Unabsorbed Prices"
"35562",2022-02-01,"2022 February","Median",8e+05,"Scss","Unabsorbed Prices"
"35562",2022-02-01,"2022 February","Average",779868,"Scss","Unabsorbed Prices"
"35562",2022-02-01,"2022 February","Units",26,"Scss","Unabsorbed Prices"
"35562",2022-03-01,"2022 March","1st 20%",505000,"Scss","Unabsorbed Prices"
"35562",2022-03-01,"2022 March","2nd 40%",656000,"Scss","Unabsorbed Prices"
"35562",2022-03-01,"2022 March","3rd 60%",8e+05,"Scss","Unabsorbed Prices"
"35562",2022-03-01,"2022 March","4th 80%",936000,"Scss","Unabsorbed Prices"
"35562",2022-03-01,"2022 March","Median",7e+05,"Scss","Unabsorbed Prices"
"35562",2022-03-01,"2022 March","Average",752164,"Scss","Unabsorbed Prices"
"35562",2022-03-01,"2022 March","Units",13,"Scss","Unabsorbed Prices"
"35562",2022-04-01,"2022 April","1st 20%",676000,"Scss","Unabsorbed Prices"
"35562",2022-04-01,"2022 April","2nd 40%",748000,"Scss","Unabsorbed Prices"
"35562",2022-04-01,"2022 April","3rd 60%",773000,"Scss","Unabsorbed Prices"
"35562",2022-04-01,"2022 April","4th 80%",840000,"Scss","Unabsorbed Prices"
"35562",2022-04-01,"2022 April","Median",765000,"Scss","Unabsorbed Prices"
"35562",2022-04-01,"2022 April","Average",758168,"Scss","Unabsorbed Prices"
"35562",2022-04-01,"2022 April","Units",10,"Scss","Unabsorbed Prices"
"35562",2022-05-01,"2022 May","1st 20%",628000,"Scss","Unabsorbed Prices"
"35562",2022-05-01,"2022 May","2nd 40%",650000,"Scss","Unabsorbed Prices"
"35562",2022-05-01,"2022 May","3rd 60%",736000,"Scss","Unabsorbed Prices"
"35562",2022-05-01,"2022 May","4th 80%",916000,"Scss","Unabsorbed Prices"
"35562",2022-05-01,"2022 May","Median",7e+05,"Scss","Unabsorbed Prices"
"35562",2022-05-01,"2022 May","Average",798718,"Scss","Unabsorbed Prices"
"35562",2022-05-01,"2022 May","Units",13,"Scss","Unabsorbed Prices"
"35562",2022-06-01,"2022 June","1st 20%",7e+05,"Scss","Unabsorbed Prices"
"35562",2022-06-01,"2022 June","2nd 40%",842000,"Scss","Unabsorbed Prices"
"35562",2022-06-01,"2022 June","3rd 60%",940000,"Scss","Unabsorbed Prices"
"35562",2022-06-01,"2022 June","4th 80%",1144000,"Scss","Unabsorbed Prices"
"35562",2022-06-01,"2022 June","Median",895000,"Scss","Unabsorbed Prices"
"35562",2022-06-01,"2022 June","Average",913285,"Scss","Unabsorbed Prices"
"35562",2022-06-01,"2022 June","Units",17,"Scss","Unabsorbed Prices"
"35562",2022-07-01,"2022 July","1st 20%",765000,"Scss","Unabsorbed Prices"
"35562",2022-07-01,"2022 July","2nd 40%",842000,"Scss","Unabsorbed Prices"
"35562",2022-07-01,"2022 July","3rd 60%",959000,"Scss","Unabsorbed Prices"
"35562",2022-07-01,"2022 July","4th 80%",1168000,"Scss","Unabsorbed Prices"
"35562",2022-07-01,"2022 July","Median",875000,"Scss","Unabsorbed Prices"
"35562",2022-07-01,"2022 July","Average",930443,"Scss","Unabsorbed Prices"
"35562",2022-07-01,"2022 July","Units",20,"Scss","Unabsorbed Prices"
"35562",2022-08-01,"2022 August","1st 20%",720000,"Scss","Unabsorbed Prices"
"35562",2022-08-01,"2022 August","2nd 40%",812000,"Scss","Unabsorbed Prices"
"35562",2022-08-01,"2022 August","3rd 60%",9e+05,"Scss","Unabsorbed Prices"
"35562",2022-08-01,"2022 August","4th 80%",1074000,"Scss","Unabsorbed Prices"
"35562",2022-08-01,"2022 August","Median",865000,"Scss","Unabsorbed Prices"
"35562",2022-08-01,"2022 August","Average",889800,"Scss","Unabsorbed Prices"
"35562",2022-08-01,"2022 August","Units",16,"Scss","Unabsorbed Prices"
"35562",2022-09-01,"2022 September","1st 20%",680000,"Scss","Unabsorbed Prices"
"35562",2022-09-01,"2022 September","2nd 40%",725000,"Scss","Unabsorbed Prices"
"35562",2022-09-01,"2022 September","3rd 60%",838000,"Scss","Unabsorbed Prices"
"35562",2022-09-01,"2022 September","4th 80%",945000,"Scss","Unabsorbed Prices"
"35562",2022-09-01,"2022 September","Median",737500,"Scss","Unabsorbed Prices"
"35562",2022-09-01,"2022 September","Average",795482,"Scss","Unabsorbed Prices"
"35562",2022-09-01,"2022 September","Units",14,"Scss","Unabsorbed Prices"
"35562",2022-10-01,"2022 October","1st 20%",NA,"Scss","Unabsorbed Prices"
"35562",2022-10-01,"2022 October","2nd 40%",NA,"Scss","Unabsorbed Prices"
"35562",2022-10-01,"2022 October","3rd 60%",NA,"Scss","Unabsorbed Prices"
"35562",2022-10-01,"2022 October","4th 80%",NA,"Scss","Unabsorbed Prices"
"35562",2022-10-01,"2022 October","Median",NA,"Scss","Unabsorbed Prices"
"35562",2022-10-01,"2022 October","Average",848760,"Scss","Unabsorbed Prices"
"35562",2022-10-01,"2022 October","Units",14,"Scss","Unabsorbed Prices"
"35562",2022-11-01,"2022 November","1st 20%",786000,"Scss","Unabsorbed Prices"
"35562",2022-11-01,"2022 November","2nd 40%",850000,"Scss","Unabsorbed Prices"
"35562",2022-11-01,"2022 November","3rd 60%",1e+06,"Scss","Unabsorbed Prices"
"35562",2022-11-01,"2022 November","4th 80%",1140000,"Scss","Unabsorbed Prices"
"35562",2022-11-01,"2022 November","Median",925000,"Scss","Unabsorbed Prices"
"35562",2022-11-01,"2022 November","Average",958417,"Scss","Unabsorbed Prices"
"35562",2022-11-01,"2022 November","Units",12,"Scss","Unabsorbed Prices"
"35562",2022-12-01,"2022 December","1st 20%",620000,"Scss","Unabsorbed Prices"
"35562",2022-12-01,"2022 December","2nd 40%",883000,"Scss","Unabsorbed Prices"
"35562",2022-12-01,"2022 December","3rd 60%",999000,"Scss","Unabsorbed Prices"
"35562",2022-12-01,"2022 December","4th 80%",1620000,"Scss","Unabsorbed Prices"
"35562",2022-12-01,"2022 December","Median",945000,"Scss","Unabsorbed Prices"
"35562",2022-12-01,"2022 December","Average",1097483,"Scss","Unabsorbed Prices"
"35562",2022-12-01,"2022 December","Units",20,"Scss","Unabsorbed Prices"
"35562",2023-01-01,"2023 January","1st 20%",NA,"Scss","Unabsorbed Prices"
"35562",2023-01-01,"2023 January","2nd 40%",NA,"Scss","Unabsorbed Prices"
"35562",2023-01-01,"2023 January","3rd 60%",NA,"Scss","Unabsorbed Prices"
"35562",2023-01-01,"2023 January","4th 80%",NA,"Scss","Unabsorbed Prices"
"35562",2023-01-01,"2023 January","Median",NA,"Scss","Unabsorbed Prices"
"35562",2023-01-01,"2023 January","Average",NA,"Scss","Unabsorbed Prices"
"35562",2023-01-01,"2023 January","Units",5,"Scss","Unabsorbed Prices"
"35562",2023-02-01,"2023 February","1st 20%",NA,"Scss","Unabsorbed Prices"
"35562",2023-02-01,"2023 February","2nd 40%",NA,"Scss","Unabsorbed Prices"
"35562",2023-02-01,"2023 February","3rd 60%",NA,"Scss","Unabsorbed Prices"
"35562",2023-02-01,"2023 February","4th 80%",NA,"Scss","Unabsorbed Prices"
"35562",2023-02-01,"2023 February","Median",NA,"Scss","Unabsorbed Prices"
"35562",2023-02-01,"2023 February","Average",NA,"Scss","Unabsorbed Prices"
"35562",2023-02-01,"2023 February","Units",1,"Scss","Unabsorbed Prices"
"35562",2023-03-01,"2023 March","1st 20%",NA,"Scss","Unabsorbed Prices"
"35562",2023-03-01,"2023 March","2nd 40%",NA,"Scss","Unabsorbed Prices"
"35562",2023-03-01,"2023 March","3rd 60%",NA,"Scss","Unabsorbed Prices"
"35562",2023-03-01,"2023 March","4th 80%",NA,"Scss","Unabsorbed Prices"
"35562",2023-03-01,"2023 March","Median",NA,"Scss","Unabsorbed Prices"
"35562",2023-03-01,"2023 March","Average",NA,"Scss","Unabsorbed Prices"
"35562",2023-03-01,"2023 March","Units",0,"Scss","Unabsorbed Prices"
"35562",2023-04-01,"2023 April","1st 20%",NA,"Scss","Unabsorbed Prices"
"35562",2023-04-01,"2023 April","2nd 40%",NA,"Scss","Unabsorbed Prices"
"35562",2023-04-01,"2023 April","3rd 60%",NA,"Scss","Unabsorbed Prices"
"35562",2023-04-01,"2023 April","4th 80%",NA,"Scss","Unabsorbed Prices"
"35562",2023-04-01,"2023 April","Median",NA,"Scss","Unabsorbed Prices"
"35562",2023-04-01,"2023 April","Average",NA,"Scss","Unabsorbed Prices"
"35562",2023-04-01,"2023 April","Units",0,"Scss","Unabsorbed Prices"
"35562",2023-05-01,"2023 May","1st 20%",NA,"Scss","Unabsorbed Prices"
"35562",2023-05-01,"2023 May","2nd 40%",NA,"Scss","Unabsorbed Prices"
"35562",2023-05-01,"2023 May","3rd 60%",NA,"Scss","Unabsorbed Prices"
"35562",2023-05-01,"2023 May","4th 80%",NA,"Scss","Unabsorbed Prices"
"35562",2023-05-01,"2023 May","Median",NA,"Scss","Unabsorbed Prices"
"35562",2023-05-01,"2023 May","Average",NA,"Scss","Unabsorbed Prices"
"35562",2023-05-01,"2023 May","Units",0,"Scss","Unabsorbed Prices"
"35562",2023-06-01,"2023 June","1st 20%",NA,"Scss","Unabsorbed Prices"
"35562",2023-06-01,"2023 June","2nd 40%",NA,"Scss","Unabsorbed Prices"
"35562",2023-06-01,"2023 June","3rd 60%",NA,"Scss","Unabsorbed Prices"
"35562",2023-06-01,"2023 June","4th 80%",NA,"Scss","Unabsorbed Prices"
"35562",2023-06-01,"2023 June","Median",NA,"Scss","Unabsorbed Prices"
"35562",2023-06-01,"2023 June","Average",NA,"Scss","Unabsorbed Prices"
"35562",2023-06-01,"2023 June","Units",0,"Scss","Unabsorbed Prices"
"35562",2023-07-01,"2023 July","1st 20%",NA,"Scss","Unabsorbed Prices"
"35562",2023-07-01,"2023 July","2nd 40%",NA,"Scss","Unabsorbed Prices"
"35562",2023-07-01,"2023 July","3rd 60%",NA,"Scss","Unabsorbed Prices"
"35562",2023-07-01,"2023 July","4th 80%",NA,"Scss","Unabsorbed Prices"
"35562",2023-07-01,"2023 July","Median",NA,"Scss","Unabsorbed Prices"
"35562",2023-07-01,"2023 July","Average",NA,"Scss","Unabsorbed Prices"
"35562",2023-07-01,"2023 July","Units",0,"Scss","Unabsorbed Prices"
"35562",2023-08-01,"2023 August","1st 20%",NA,"Scss","Unabsorbed Prices"
"35562",2023-08-01,"2023 August","2nd 40%",NA,"Scss","Unabsorbed Prices"
"35562",2023-08-01,"2023 August","3rd 60%",NA,"Scss","Unabsorbed Prices"
"35562",2023-08-01,"2023 August","4th 80%",NA,"Scss","Unabsorbed Prices"
"35562",2023-08-01,"2023 August","Median",NA,"Scss","Unabsorbed Prices"
"35562",2023-08-01,"2023 August","Average",NA,"Scss","Unabsorbed Prices"
"35562",2023-08-01,"2023 August","Units",0,"Scss","Unabsorbed Prices"
"35562",2023-09-01,"2023 September","1st 20%",NA,"Scss","Unabsorbed Prices"
"35562",2023-09-01,"2023 September","2nd 40%",NA,"Scss","Unabsorbed Prices"
"35562",2023-09-01,"2023 September","3rd 60%",NA,"Scss","Unabsorbed Prices"
"35562",2023-09-01,"2023 September","4th 80%",NA,"Scss","Unabsorbed Prices"
"35562",2023-09-01,"2023 September","Median",NA,"Scss","Unabsorbed Prices"
"35562",2023-09-01,"2023 September","Average",NA,"Scss","Unabsorbed Prices"
"35562",2023-09-01,"2023 September","Units",0,"Scss","Unabsorbed Prices"
"35562",2023-10-01,"2023 October","1st 20%",NA,"Scss","Unabsorbed Prices"
"35562",2023-10-01,"2023 October","2nd 40%",NA,"Scss","Unabsorbed Prices"
"35562",2023-10-01,"2023 October","3rd 60%",NA,"Scss","Unabsorbed Prices"
"35562",2023-10-01,"2023 October","4th 80%",NA,"Scss","Unabsorbed Prices"
"35562",2023-10-01,"2023 October","Median",NA,"Scss","Unabsorbed Prices"
"35562",2023-10-01,"2023 October","Average",NA,"Scss","Unabsorbed Prices"
"35562",2023-10-01,"2023 October","Units",0,"Scss","Unabsorbed Prices"
"35562",2023-11-01,"2023 November","1st 20%",NA,"Scss","Unabsorbed Prices"
"35562",2023-11-01,"2023 November","2nd 40%",NA,"Scss","Unabsorbed Prices"
"35562",2023-11-01,"2023 November","3rd 60%",NA,"Scss","Unabsorbed Prices"
"35562",2023-11-01,"2023 November","4th 80%",NA,"Scss","Unabsorbed Prices"
"35562",2023-11-01,"2023 November","Median",NA,"Scss","Unabsorbed Prices"
"35562",2023-11-01,"2023 November","Average",NA,"Scss","Unabsorbed Prices"
"35562",2023-11-01,"2023 November","Units",0,"Scss","Unabsorbed Prices"
"35562",2023-12-01,"2023 December","1st 20%",NA,"Scss","Unabsorbed Prices"
"35562",2023-12-01,"2023 December","2nd 40%",NA,"Scss","Unabsorbed Prices"
"35562",2023-12-01,"2023 December","3rd 60%",NA,"Scss","Unabsorbed Prices"
"35562",2023-12-01,"2023 December","4th 80%",NA,"Scss","Unabsorbed Prices"
"35562",2023-12-01,"2023 December","Median",NA,"Scss","Unabsorbed Prices"
"35562",2023-12-01,"2023 December","Average",NA,"Scss","Unabsorbed Prices"
"35562",2023-12-01,"2023 December","Units",0,"Scss","Unabsorbed Prices"
"35562",2024-01-01,"2024 January","1st 20%",NA,"Scss","Unabsorbed Prices"
"35562",2024-01-01,"2024 January","2nd 40%",NA,"Scss","Unabsorbed Prices"
"35562",2024-01-01,"2024 January","3rd 60%",NA,"Scss","Unabsorbed Prices"
"35562",2024-01-01,"2024 January","4th 80%",NA,"Scss","Unabsorbed Prices"
"35562",2024-01-01,"2024 January","Median",NA,"Scss","Unabsorbed Prices"
"35562",2024-01-01,"2024 January","Average",NA,"Scss","Unabsorbed Prices"
"35562",2024-01-01,"2024 January","Units",0,"Scss","Unabsorbed Prices"
"35562",2024-02-01,"2024 February","1st 20%",NA,"Scss","Unabsorbed Prices"
"35562",2024-02-01,"2024 February","2nd 40%",NA,"Scss","Unabsorbed Prices"
"35562",2024-02-01,"2024 February","3rd 60%",NA,"Scss","Unabsorbed Prices"
"35562",2024-02-01,"2024 February","4th 80%",NA,"Scss","Unabsorbed Prices"
"35562",2024-02-01,"2024 February","Median",NA,"Scss","Unabsorbed Prices"
"35562",2024-02-01,"2024 February","Average",NA,"Scss","Unabsorbed Prices"
"35562",2024-02-01,"2024 February","Units",0,"Scss","Unabsorbed Prices"
"35562",2024-03-01,"2024 March","1st 20%",NA,"Scss","Unabsorbed Prices"
"35562",2024-03-01,"2024 March","2nd 40%",NA,"Scss","Unabsorbed Prices"
"35562",2024-03-01,"2024 March","3rd 60%",NA,"Scss","Unabsorbed Prices"
"35562",2024-03-01,"2024 March","4th 80%",NA,"Scss","Unabsorbed Prices"
"35562",2024-03-01,"2024 March","Median",NA,"Scss","Unabsorbed Prices"
"35562",2024-03-01,"2024 March","Average",NA,"Scss","Unabsorbed Prices"
"35562",2024-03-01,"2024 March","Units",0,"Scss","Unabsorbed Prices"
"35562",2024-04-01,"2024 April","1st 20%",NA,"Scss","Unabsorbed Prices"
"35562",2024-04-01,"2024 April","2nd 40%",NA,"Scss","Unabsorbed Prices"
"35562",2024-04-01,"2024 April","3rd 60%",NA,"Scss","Unabsorbed Prices"
"35562",2024-04-01,"2024 April","4th 80%",NA,"Scss","Unabsorbed Prices"
"35562",2024-04-01,"2024 April","Median",NA,"Scss","Unabsorbed Prices"
"35562",2024-04-01,"2024 April","Average",NA,"Scss","Unabsorbed Prices"
"35562",2024-04-01,"2024 April","Units",0,"Scss","Unabsorbed Prices"
"35562",2024-05-01,"2024 May","1st 20%",NA,"Scss","Unabsorbed Prices"
"35562",2024-05-01,"2024 May","2nd 40%",NA,"Scss","Unabsorbed Prices"
"35562",2024-05-01,"2024 May","3rd 60%",NA,"Scss","Unabsorbed Prices"
"35562",2024-05-01,"2024 May","4th 80%",NA,"Scss","Unabsorbed Prices"
"35562",2024-05-01,"2024 May","Median",NA,"Scss","Unabsorbed Prices"
"35562",2024-05-01,"2024 May","Average",NA,"Scss","Unabsorbed Prices"
"35562",2024-05-01,"2024 May","Units",0,"Scss","Unabsorbed Prices"
"35562",2024-06-01,"2024 June","1st 20%",NA,"Scss","Unabsorbed Prices"
"35562",2024-06-01,"2024 June","2nd 40%",NA,"Scss","Unabsorbed Prices"
"35562",2024-06-01,"2024 June","3rd 60%",NA,"Scss","Unabsorbed Prices"
"35562",2024-06-01,"2024 June","4th 80%",NA,"Scss","Unabsorbed Prices"
"35562",2024-06-01,"2024 June","Median",NA,"Scss","Unabsorbed Prices"
"35562",2024-06-01,"2024 June","Average",NA,"Scss","Unabsorbed Prices"
"35562",2024-06-01,"2024 June","Units",0,"Scss","Unabsorbed Prices"
"35562",2024-07-01,"2024 July","1st 20%",NA,"Scss","Unabsorbed Prices"
"35562",2024-07-01,"2024 July","2nd 40%",NA,"Scss","Unabsorbed Prices"
"35562",2024-07-01,"2024 July","3rd 60%",NA,"Scss","Unabsorbed Prices"
"35562",2024-07-01,"2024 July","4th 80%",NA,"Scss","Unabsorbed Prices"
"35562",2024-07-01,"2024 July","Median",NA,"Scss","Unabsorbed Prices"
"35562",2024-07-01,"2024 July","Average",NA,"Scss","Unabsorbed Prices"
"35562",2024-07-01,"2024 July","Units",0,"Scss","Unabsorbed Prices"
"35562",2024-08-01,"2024 August","1st 20%",NA,"Scss","Unabsorbed Prices"
"35562",2024-08-01,"2024 August","2nd 40%",NA,"Scss","Unabsorbed Prices"
"35562",2024-08-01,"2024 August","3rd 60%",NA,"Scss","Unabsorbed Prices"
"35562",2024-08-01,"2024 August","4th 80%",NA,"Scss","Unabsorbed Prices"
"35562",2024-08-01,"2024 August","Median",NA,"Scss","Unabsorbed Prices"
"35562",2024-08-01,"2024 August","Average",NA,"Scss","Unabsorbed Prices"
"35562",2024-08-01,"2024 August","Units",0,"Scss","Unabsorbed Prices"
"35562",2024-09-01,"2024 September","1st 20%",NA,"Scss","Unabsorbed Prices"
"35562",2024-09-01,"2024 September","2nd 40%",NA,"Scss","Unabsorbed Prices"
"35562",2024-09-01,"2024 September","3rd 60%",NA,"Scss","Unabsorbed Prices"
"35562",2024-09-01,"2024 September","4th 80%",NA,"Scss","Unabsorbed Prices"
"35562",2024-09-01,"2024 September","Median",NA,"Scss","Unabsorbed Prices"
"35562",2024-09-01,"2024 September","Average",NA,"Scss","Unabsorbed Prices"
"35562",2024-09-01,"2024 September","Units",0,"Scss","Unabsorbed Prices"
"35562",2024-10-01,"2024 October","1st 20%",NA,"Scss","Unabsorbed Prices"
"35562",2024-10-01,"2024 October","2nd 40%",NA,"Scss","Unabsorbed Prices"
"35562",2024-10-01,"2024 October","3rd 60%",NA,"Scss","Unabsorbed Prices"
"35562",2024-10-01,"2024 October","4th 80%",NA,"Scss","Unabsorbed Prices"
"35562",2024-10-01,"2024 October","Median",NA,"Scss","Unabsorbed Prices"
"35562",2024-10-01,"2024 October","Average",NA,"Scss","Unabsorbed Prices"
"35562",2024-10-01,"2024 October","Units",0,"Scss","Unabsorbed Prices"
"35562",2024-11-01,"2024 November","1st 20%",NA,"Scss","Unabsorbed Prices"
"35562",2024-11-01,"2024 November","2nd 40%",NA,"Scss","Unabsorbed Prices"
"35562",2024-11-01,"2024 November","3rd 60%",NA,"Scss","Unabsorbed Prices"
"35562",2024-11-01,"2024 November","4th 80%",NA,"Scss","Unabsorbed Prices"
"35562",2024-11-01,"2024 November","Median",NA,"Scss","Unabsorbed Prices"
"35562",2024-11-01,"2024 November","Average",NA,"Scss","Unabsorbed Prices"
"35562",2024-11-01,"2024 November","Units",0,"Scss","Unabsorbed Prices"
"35562",2024-12-01,"2024 December","1st 20%",NA,"Scss","Unabsorbed Prices"
"35562",2024-12-01,"2024 December","2nd 40%",NA,"Scss","Unabsorbed Prices"
"35562",2024-12-01,"2024 December","3rd 60%",NA,"Scss","Unabsorbed Prices"
"35562",2024-12-01,"2024 December","4th 80%",NA,"Scss","Unabsorbed Prices"
"35562",2024-12-01,"2024 December","Median",NA,"Scss","Unabsorbed Prices"
"35562",2024-12-01,"2024 December","Average",NA,"Scss","Unabsorbed Prices"
"35562",2024-12-01,"2024 December","Units",0,"Scss","Unabsorbed Prices"
"35562",2025-01-01,"2025 January","1st 20%",8e+05,"Scss","Unabsorbed Prices"
"35562",2025-01-01,"2025 January","2nd 40%",830000,"Scss","Unabsorbed Prices"
"35562",2025-01-01,"2025 January","3rd 60%",950000,"Scss","Unabsorbed Prices"
"35562",2025-01-01,"2025 January","4th 80%",1100000,"Scss","Unabsorbed Prices"
"35562",2025-01-01,"2025 January","Median",860000,"Scss","Unabsorbed Prices"
"35562",2025-01-01,"2025 January","Average",886329,"Scss","Unabsorbed Prices"
"35562",2025-01-01,"2025 January","Units",73,"Scss","Unabsorbed Prices"
"35562",2025-02-01,"2025 February","1st 20%",648000,"Scss","Unabsorbed Prices"
"35562",2025-02-01,"2025 February","2nd 40%",765000,"Scss","Unabsorbed Prices"
"35562",2025-02-01,"2025 February","3rd 60%",806000,"Scss","Unabsorbed Prices"
"35562",2025-02-01,"2025 February","4th 80%",1010000,"Scss","Unabsorbed Prices"
"35562",2025-02-01,"2025 February","Median",780000,"Scss","Unabsorbed Prices"
"35562",2025-02-01,"2025 February","Average",801985,"Scss","Unabsorbed Prices"
"35562",2025-02-01,"2025 February","Units",15,"Scss","Unabsorbed Prices"
"35562",2025-03-01,"2025 March","1st 20%",NA,"Scss","Unabsorbed Prices"
"35562",2025-03-01,"2025 March","2nd 40%",NA,"Scss","Unabsorbed Prices"
"35562",2025-03-01,"2025 March","3rd 60%",NA,"Scss","Unabsorbed Prices"
"35562",2025-03-01,"2025 March","4th 80%",NA,"Scss","Unabsorbed Prices"
"35562",2025-03-01,"2025 March","Median",NA,"Scss","Unabsorbed Prices"
"35562",2025-03-01,"2025 March","Average",NA,"Scss","Unabsorbed Prices"
"35562",2025-03-01,"2025 March","Units",0,"Scss","Unabsorbed Prices"
"35562",2025-04-01,"2025 April","1st 20%",NA,"Scss","Unabsorbed Prices"
"35562",2025-04-01,"2025 April","2nd 40%",NA,"Scss","Unabsorbed Prices"
"35562",2025-04-01,"2025 April","3rd 60%",NA,"Scss","Unabsorbed Prices"
"35562",2025-04-01,"2025 April","4th 80%",NA,"Scss","Unabsorbed Prices"
"35562",2025-04-01,"2025 April","Median",NA,"Scss","Unabsorbed Prices"
"35562",2025-04-01,"2025 April","Average",NA,"Scss","Unabsorbed Prices"
"35562",2025-04-01,"2025 April","Units",0,"Scss","Unabsorbed Prices"
"35562",2025-05-01,"2025 May","1st 20%",NA,"Scss","Unabsorbed Prices"
"35562",2025-05-01,"2025 May","2nd 40%",NA,"Scss","Unabsorbed Prices"
"35562",2025-05-01,"2025 May","3rd 60%",NA,"Scss","Unabsorbed Prices"
"35562",2025-05-01,"2025 May","4th 80%",NA,"Scss","Unabsorbed Prices"
"35562",2025-05-01,"2025 May","Median",NA,"Scss","Unabsorbed Prices"
"35562",2025-05-01,"2025 May","Average",NA,"Scss","Unabsorbed Prices"
"35562",2025-05-01,"2025 May","Units",0,"Scss","Unabsorbed Prices"
"35562",2025-06-01,"2025 June","1st 20%",NA,"Scss","Unabsorbed Prices"
"35562",2025-06-01,"2025 June","2nd 40%",NA,"Scss","Unabsorbed Prices"
"35562",2025-06-01,"2025 June","3rd 60%",NA,"Scss","Unabsorbed Prices"
"35562",2025-06-01,"2025 June","4th 80%",NA,"Scss","Unabsorbed Prices"
"35562",2025-06-01,"2025 June","Median",NA,"Scss","Unabsorbed Prices"
"35562",2025-06-01,"2025 June","Average",869950,"Scss","Unabsorbed Prices"
"35562",2025-06-01,"2025 June","Units",6,"Scss","Unabsorbed Prices"
"35562",2025-07-01,"2025 July","1st 20%",NA,"Scss","Unabsorbed Prices"
"35562",2025-07-01,"2025 July","2nd 40%",NA,"Scss","Unabsorbed Prices"
"35562",2025-07-01,"2025 July","3rd 60%",NA,"Scss","Unabsorbed Prices"
"35562",2025-07-01,"2025 July","4th 80%",NA,"Scss","Unabsorbed Prices"
"35562",2025-07-01,"2025 July","Median",NA,"Scss","Unabsorbed Prices"
"35562",2025-07-01,"2025 July","Average",959720,"Scss","Unabsorbed Prices"
"35562",2025-07-01,"2025 July","Units",5,"Scss","Unabsorbed Prices"
"35562",2025-08-01,"2025 August","1st 20%",NA,"Scss","Unabsorbed Prices"
"35562",2025-08-01,"2025 August","2nd 40%",NA,"Scss","Unabsorbed Prices"
"35562",2025-08-01,"2025 August","3rd 60%",NA,"Scss","Unabsorbed Prices"
"35562",2025-08-01,"2025 August","4th 80%",NA,"Scss","Unabsorbed Prices"
"35562",2025-08-01,"2025 August","Median",NA,"Scss","Unabsorbed Prices"
"35562",2025-08-01,"2025 August","Average",979301,"Scss","Unabsorbed Prices"
"35562",2025-08-01,"2025 August","Units",4,"Scss","Unabsorbed Prices"
"35562",2025-09-01,"2025 September","1st 20%",NA,"Scss","Unabsorbed Prices"
"35562",2025-09-01,"2025 September","2nd 40%",NA,"Scss","Unabsorbed Prices"
"35562",2025-09-01,"2025 September","3rd 60%",NA,"Scss","Unabsorbed Prices"
"35562",2025-09-01,"2025 September","4th 80%",NA,"Scss","Unabsorbed Prices"
"35562",2025-09-01,"2025 September","Median",NA,"Scss","Unabsorbed Prices"
"35562",2025-09-01,"2025 September","Average",832450,"Scss","Unabsorbed Prices"
"35562",2025-09-01,"2025 September","Units",6,"Scss","Unabsorbed Prices"
"35562",2025-10-01,"2025 October","1st 20%",NA,"Scss","Unabsorbed Prices"
"35562",2025-10-01,"2025 October","2nd 40%",NA,"Scss","Unabsorbed Prices"
"35562",2025-10-01,"2025 October","3rd 60%",NA,"Scss","Unabsorbed Prices"
"35562",2025-10-01,"2025 October","4th 80%",NA,"Scss","Unabsorbed Prices"
"35562",2025-10-01,"2025 October","Median",NA,"Scss","Unabsorbed Prices"
"35562",2025-10-01,"2025 October","Average",759680,"Scss","Unabsorbed Prices"
"35562",2025-10-01,"2025 October","Units",5,"Scss","Unabsorbed Prices"
"35562",2025-11-01,"2025 November","1st 20%",NA,"Scss","Unabsorbed Prices"
"35562",2025-11-01,"2025 November","2nd 40%",NA,"Scss","Unabsorbed Prices"
"35562",2025-11-01,"2025 November","3rd 60%",NA,"Scss","Unabsorbed Prices"
"35562",2025-11-01,"2025 November","4th 80%",NA,"Scss","Unabsorbed Prices"
"35562",2025-11-01,"2025 November","Median",NA,"Scss","Unabsorbed Prices"
"35562",2025-11-01,"2025 November","Average",NA,"Scss","Unabsorbed Prices"
"35562",2025-11-01,"2025 November","Units",3,"Scss","Unabsorbed Prices"
"35562",2025-12-01,"2025 December","1st 20%",NA,"Scss","Unabsorbed Prices"
"35562",2025-12-01,"2025 December","2nd 40%",NA,"Scss","Unabsorbed Prices"
"35562",2025-12-01,"2025 December","3rd 60%",NA,"Scss","Unabsorbed Prices"
"35562",2025-12-01,"2025 December","4th 80%",NA,"Scss","Unabsorbed Prices"
"35562",2025-12-01,"2025 December","Median",NA,"Scss","Unabsorbed Prices"
"35562",2025-12-01,"2025 December","Average",NA,"Scss","Unabsorbed Prices"
"35562",2025-12-01,"2025 December","Units",3,"Scss","Unabsorbed Prices"
"35562",2026-01-01,"2026 January","1st 20%",NA,"Scss","Unabsorbed Prices"
"35562",2026-01-01,"2026 January","2nd 40%",NA,"Scss","Unabsorbed Prices"
"35562",2026-01-01,"2026 January","3rd 60%",NA,"Scss","Unabsorbed Prices"
"35562",2026-01-01,"2026 January","4th 80%",NA,"Scss","Unabsorbed Prices"
"35562",2026-01-01,"2026 January","Median",NA,"Scss","Unabsorbed Prices"
"35562",2026-01-01,"2026 January","Average",NA,"Scss","Unabsorbed Prices"
"35562",2026-01-01,"2026 January","Units",0,"Scss","Unabsorbed Prices"
"35562",2026-02-01,"2026 February","1st 20%",NA,"Scss","Unabsorbed Prices"
"35562",2026-02-01,"2026 February","2nd 40%",NA,"Scss","Unabsorbed Prices"
"35562",2026-02-01,"2026 February","3rd 60%",NA,"Scss","Unabsorbed Prices"
"35562",2026-02-01,"2026 February","4th 80%",NA,"Scss","Unabsorbed Prices"
"35562",2026-02-01,"2026 February","Median",NA,"Scss","Unabsorbed Prices"
"35562",2026-02-01,"2026 February","Average",NA,"Scss","Unabsorbed Prices"
"35562",2026-02-01,"2026 February","Units",3,"Scss","Unabsorbed Prices"
