"GeoUID","Date","DateString","Dwelling Type","Value","Survey","Series"
"59933",1990-01-01,"Jan 1990","Single",67.4,"Scss","Share absorbed at completion"
"59933",1990-01-01,"Jan 1990","Semi-Detached",73.1,"Scss","Share absorbed at completion"
"59933",1990-01-01,"Jan 1990","Row",80.5,"Scss","Share absorbed at completion"
"59933",1990-01-01,"Jan 1990","Apartment",80.9,"Scss","Share absorbed at completion"
"59933",1990-01-01,"Jan 1990","All",73.1,"Scss","Share absorbed at completion"
"59933",1990-02-01,"Feb 1990","Single",74.5,"Scss","Share absorbed at completion"
"59933",1990-02-01,"Feb 1990","Semi-Detached",85,"Scss","Share absorbed at completion"
"59933",1990-02-01,"Feb 1990","Row",70.7,"Scss","Share absorbed at completion"
"59933",1990-02-01,"Feb 1990","Apartment",73.3,"Scss","Share absorbed at completion"
"59933",1990-02-01,"Feb 1990","All",73.7,"Scss","Share absorbed at completion"
"59933",1990-03-01,"Mar 1990","Single",68.6,"Scss","Share absorbed at completion"
"59933",1990-03-01,"Mar 1990","Semi-Detached",77.3,"Scss","Share absorbed at completion"
"59933",1990-03-01,"Mar 1990","Row",82.3,"Scss","Share absorbed at completion"
"59933",1990-03-01,"Mar 1990","Apartment",78.8,"Scss","Share absorbed at completion"
"59933",1990-03-01,"Mar 1990","All",74.4,"Scss","Share absorbed at completion"
"59933",1990-04-01,"Apr 1990","Single",61.2,"Scss","Share absorbed at completion"
"59933",1990-04-01,"Apr 1990","Semi-Detached",65.3,"Scss","Share absorbed at completion"
"59933",1990-04-01,"Apr 1990","Row",84.5,"Scss","Share absorbed at completion"
"59933",1990-04-01,"Apr 1990","Apartment",82.9,"Scss","Share absorbed at completion"
"59933",1990-04-01,"Apr 1990","All",71.7,"Scss","Share absorbed at completion"
"59933",1990-05-01,"May 1990","Single",57.4,"Scss","Share absorbed at completion"
"59933",1990-05-01,"May 1990","Semi-Detached",36.8,"Scss","Share absorbed at completion"
"59933",1990-05-01,"May 1990","Row",50.3,"Scss","Share absorbed at completion"
"59933",1990-05-01,"May 1990","Apartment",64.2,"Scss","Share absorbed at completion"
"59933",1990-05-01,"May 1990","All",58.9,"Scss","Share absorbed at completion"
"59933",1990-06-01,"Jun 1990","Single",52.5,"Scss","Share absorbed at completion"
"59933",1990-06-01,"Jun 1990","Semi-Detached",66.7,"Scss","Share absorbed at completion"
"59933",1990-06-01,"Jun 1990","Row",24.2,"Scss","Share absorbed at completion"
"59933",1990-06-01,"Jun 1990","Apartment",54.2,"Scss","Share absorbed at completion"
"59933",1990-06-01,"Jun 1990","All",52.2,"Scss","Share absorbed at completion"
"59933",1990-07-01,"Jul 1990","Single",43.4,"Scss","Share absorbed at completion"
"59933",1990-07-01,"Jul 1990","Semi-Detached",40.4,"Scss","Share absorbed at completion"
"59933",1990-07-01,"Jul 1990","Row",72.8,"Scss","Share absorbed at completion"
"59933",1990-07-01,"Jul 1990","Apartment",41,"Scss","Share absorbed at completion"
"59933",1990-07-01,"Jul 1990","All",47,"Scss","Share absorbed at completion"
"59933",1990-08-01,"Aug 1990","Single",42.8,"Scss","Share absorbed at completion"
"59933",1990-08-01,"Aug 1990","Semi-Detached",45.2,"Scss","Share absorbed at completion"
"59933",1990-08-01,"Aug 1990","Row",38.2,"Scss","Share absorbed at completion"
"59933",1990-08-01,"Aug 1990","Apartment",53.5,"Scss","Share absorbed at completion"
"59933",1990-08-01,"Aug 1990","All",45.6,"Scss","Share absorbed at completion"
"59933",1990-09-01,"Sep 1990","Single",46.6,"Scss","Share absorbed at completion"
"59933",1990-09-01,"Sep 1990","Semi-Detached",15.2,"Scss","Share absorbed at completion"
"59933",1990-09-01,"Sep 1990","Row",41.1,"Scss","Share absorbed at completion"
"59933",1990-09-01,"Sep 1990","Apartment",52.8,"Scss","Share absorbed at completion"
"59933",1990-09-01,"Sep 1990","All",48.2,"Scss","Share absorbed at completion"
"59933",1990-10-01,"Oct 1990","Single",42.1,"Scss","Share absorbed at completion"
"59933",1990-10-01,"Oct 1990","Semi-Detached",23.2,"Scss","Share absorbed at completion"
"59933",1990-10-01,"Oct 1990","Row",39.2,"Scss","Share absorbed at completion"
"59933",1990-10-01,"Oct 1990","Apartment",40.8,"Scss","Share absorbed at completion"
"59933",1990-10-01,"Oct 1990","All",40,"Scss","Share absorbed at completion"
"59933",1990-11-01,"Nov 1990","Single",46.1,"Scss","Share absorbed at completion"
"59933",1990-11-01,"Nov 1990","Semi-Detached",26,"Scss","Share absorbed at completion"
"59933",1990-11-01,"Nov 1990","Row",18.6,"Scss","Share absorbed at completion"
"59933",1990-11-01,"Nov 1990","Apartment",23.2,"Scss","Share absorbed at completion"
"59933",1990-11-01,"Nov 1990","All",33.4,"Scss","Share absorbed at completion"
"59933",1990-12-01,"Dec 1990","Single",50.1,"Scss","Share absorbed at completion"
"59933",1990-12-01,"Dec 1990","Semi-Detached",22.1,"Scss","Share absorbed at completion"
"59933",1990-12-01,"Dec 1990","Row",14.3,"Scss","Share absorbed at completion"
"59933",1990-12-01,"Dec 1990","Apartment",34.7,"Scss","Share absorbed at completion"
"59933",1990-12-01,"Dec 1990","All",36.7,"Scss","Share absorbed at completion"
"59933",1991-01-01,"Jan 1991","Single",58.8,"Scss","Share absorbed at completion"
"59933",1991-01-01,"Jan 1991","Semi-Detached",35.4,"Scss","Share absorbed at completion"
"59933",1991-01-01,"Jan 1991","Row",21.4,"Scss","Share absorbed at completion"
"59933",1991-01-01,"Jan 1991","Apartment",50,"Scss","Share absorbed at completion"
"59933",1991-01-01,"Jan 1991","All",49.1,"Scss","Share absorbed at completion"
"59933",1991-02-01,"Feb 1991","Single",58.5,"Scss","Share absorbed at completion"
"59933",1991-02-01,"Feb 1991","Semi-Detached",34.6,"Scss","Share absorbed at completion"
"59933",1991-02-01,"Feb 1991","Row",30.2,"Scss","Share absorbed at completion"
"59933",1991-02-01,"Feb 1991","Apartment",31.2,"Scss","Share absorbed at completion"
"59933",1991-02-01,"Feb 1991","All",43.4,"Scss","Share absorbed at completion"
"59933",1991-03-01,"Mar 1991","Single",60.4,"Scss","Share absorbed at completion"
"59933",1991-03-01,"Mar 1991","Semi-Detached",65.4,"Scss","Share absorbed at completion"
"59933",1991-03-01,"Mar 1991","Row",40.2,"Scss","Share absorbed at completion"
"59933",1991-03-01,"Mar 1991","Apartment",31.4,"Scss","Share absorbed at completion"
"59933",1991-03-01,"Mar 1991","All",49,"Scss","Share absorbed at completion"
"59933",1991-04-01,"Apr 1991","Single",72.1,"Scss","Share absorbed at completion"
"59933",1991-04-01,"Apr 1991","Semi-Detached",25,"Scss","Share absorbed at completion"
"59933",1991-04-01,"Apr 1991","Row",24.3,"Scss","Share absorbed at completion"
"59933",1991-04-01,"Apr 1991","Apartment",50.8,"Scss","Share absorbed at completion"
"59933",1991-04-01,"Apr 1991","All",55.3,"Scss","Share absorbed at completion"
"59933",1991-05-01,"May 1991","Single",73.6,"Scss","Share absorbed at completion"
"59933",1991-05-01,"May 1991","Semi-Detached",54.5,"Scss","Share absorbed at completion"
"59933",1991-05-01,"May 1991","Row",47.2,"Scss","Share absorbed at completion"
"59933",1991-05-01,"May 1991","Apartment",29,"Scss","Share absorbed at completion"
"59933",1991-05-01,"May 1991","All",56.6,"Scss","Share absorbed at completion"
"59933",1991-06-01,"Jun 1991","Single",73.2,"Scss","Share absorbed at completion"
"59933",1991-06-01,"Jun 1991","Semi-Detached",80,"Scss","Share absorbed at completion"
"59933",1991-06-01,"Jun 1991","Row",42.9,"Scss","Share absorbed at completion"
"59933",1991-06-01,"Jun 1991","Apartment",32,"Scss","Share absorbed at completion"
"59933",1991-06-01,"Jun 1991","All",48.7,"Scss","Share absorbed at completion"
"59933",1991-07-01,"Jul 1991","Single",75.9,"Scss","Share absorbed at completion"
"59933",1991-07-01,"Jul 1991","Semi-Detached",60.7,"Scss","Share absorbed at completion"
"59933",1991-07-01,"Jul 1991","Row",36.9,"Scss","Share absorbed at completion"
"59933",1991-07-01,"Jul 1991","Apartment",60.4,"Scss","Share absorbed at completion"
"59933",1991-07-01,"Jul 1991","All",66.1,"Scss","Share absorbed at completion"
"59933",1991-08-01,"Aug 1991","Single",71.7,"Scss","Share absorbed at completion"
"59933",1991-08-01,"Aug 1991","Semi-Detached",82.5,"Scss","Share absorbed at completion"
"59933",1991-08-01,"Aug 1991","Row",81.7,"Scss","Share absorbed at completion"
"59933",1991-08-01,"Aug 1991","Apartment",29.4,"Scss","Share absorbed at completion"
"59933",1991-08-01,"Aug 1991","All",67.6,"Scss","Share absorbed at completion"
"59933",1991-09-01,"Sep 1991","Single",74.5,"Scss","Share absorbed at completion"
"59933",1991-09-01,"Sep 1991","Semi-Detached",66.7,"Scss","Share absorbed at completion"
"59933",1991-09-01,"Sep 1991","Row",66.7,"Scss","Share absorbed at completion"
"59933",1991-09-01,"Sep 1991","Apartment",23.1,"Scss","Share absorbed at completion"
"59933",1991-09-01,"Sep 1991","All",56.8,"Scss","Share absorbed at completion"
"59933",1991-10-01,"Oct 1991","Single",68.4,"Scss","Share absorbed at completion"
"59933",1991-10-01,"Oct 1991","Semi-Detached",59.8,"Scss","Share absorbed at completion"
"59933",1991-10-01,"Oct 1991","Row",23.6,"Scss","Share absorbed at completion"
"59933",1991-10-01,"Oct 1991","Apartment",21.1,"Scss","Share absorbed at completion"
"59933",1991-10-01,"Oct 1991","All",52,"Scss","Share absorbed at completion"
"59933",1991-11-01,"Nov 1991","Single",64.7,"Scss","Share absorbed at completion"
"59933",1991-11-01,"Nov 1991","Semi-Detached",61.1,"Scss","Share absorbed at completion"
"59933",1991-11-01,"Nov 1991","Row",66.2,"Scss","Share absorbed at completion"
"59933",1991-11-01,"Nov 1991","Apartment",54.6,"Scss","Share absorbed at completion"
"59933",1991-11-01,"Nov 1991","All",63,"Scss","Share absorbed at completion"
"59933",1991-12-01,"Dec 1991","Single",63.5,"Scss","Share absorbed at completion"
"59933",1991-12-01,"Dec 1991","Semi-Detached",84.1,"Scss","Share absorbed at completion"
"59933",1991-12-01,"Dec 1991","Row",30.1,"Scss","Share absorbed at completion"
"59933",1991-12-01,"Dec 1991","Apartment",37.8,"Scss","Share absorbed at completion"
"59933",1991-12-01,"Dec 1991","All",52.7,"Scss","Share absorbed at completion"
"59933",1992-01-01,"Jan 1992","Single",68.6,"Scss","Share absorbed at completion"
"59933",1992-01-01,"Jan 1992","Semi-Detached",47.6,"Scss","Share absorbed at completion"
"59933",1992-01-01,"Jan 1992","Row",31.7,"Scss","Share absorbed at completion"
"59933",1992-01-01,"Jan 1992","Apartment",56,"Scss","Share absorbed at completion"
"59933",1992-01-01,"Jan 1992","All",60.9,"Scss","Share absorbed at completion"
"59933",1992-02-01,"Feb 1992","Single",66,"Scss","Share absorbed at completion"
"59933",1992-02-01,"Feb 1992","Semi-Detached",50,"Scss","Share absorbed at completion"
"59933",1992-02-01,"Feb 1992","Row",61.2,"Scss","Share absorbed at completion"
"59933",1992-02-01,"Feb 1992","Apartment",37,"Scss","Share absorbed at completion"
"59933",1992-02-01,"Feb 1992","All",53.6,"Scss","Share absorbed at completion"
"59933",1992-03-01,"Mar 1992","Single",62.3,"Scss","Share absorbed at completion"
"59933",1992-03-01,"Mar 1992","Semi-Detached",42.3,"Scss","Share absorbed at completion"
"59933",1992-03-01,"Mar 1992","Row",56.6,"Scss","Share absorbed at completion"
"59933",1992-03-01,"Mar 1992","Apartment",54.2,"Scss","Share absorbed at completion"
"59933",1992-03-01,"Mar 1992","All",58.6,"Scss","Share absorbed at completion"
"59933",1992-04-01,"Apr 1992","Single",64.4,"Scss","Share absorbed at completion"
"59933",1992-04-01,"Apr 1992","Semi-Detached",80.6,"Scss","Share absorbed at completion"
"59933",1992-04-01,"Apr 1992","Row",69.7,"Scss","Share absorbed at completion"
"59933",1992-04-01,"Apr 1992","Apartment",39.2,"Scss","Share absorbed at completion"
"59933",1992-04-01,"Apr 1992","All",55.8,"Scss","Share absorbed at completion"
"59933",1992-05-01,"May 1992","Single",66.4,"Scss","Share absorbed at completion"
"59933",1992-05-01,"May 1992","Semi-Detached",89.6,"Scss","Share absorbed at completion"
"59933",1992-05-01,"May 1992","Row",55.8,"Scss","Share absorbed at completion"
"59933",1992-05-01,"May 1992","Apartment",34.9,"Scss","Share absorbed at completion"
"59933",1992-05-01,"May 1992","All",56.2,"Scss","Share absorbed at completion"
"59933",1992-06-01,"Jun 1992","Single",62.7,"Scss","Share absorbed at completion"
"59933",1992-06-01,"Jun 1992","Semi-Detached",60.3,"Scss","Share absorbed at completion"
"59933",1992-06-01,"Jun 1992","Row",52.4,"Scss","Share absorbed at completion"
"59933",1992-06-01,"Jun 1992","Apartment",51.3,"Scss","Share absorbed at completion"
"59933",1992-06-01,"Jun 1992","All",58,"Scss","Share absorbed at completion"
"59933",1992-07-01,"Jul 1992","Single",61.6,"Scss","Share absorbed at completion"
"59933",1992-07-01,"Jul 1992","Semi-Detached",45.5,"Scss","Share absorbed at completion"
"59933",1992-07-01,"Jul 1992","Row",60.3,"Scss","Share absorbed at completion"
"59933",1992-07-01,"Jul 1992","Apartment",47.3,"Scss","Share absorbed at completion"
"59933",1992-07-01,"Jul 1992","All",55,"Scss","Share absorbed at completion"
"59933",1992-08-01,"Aug 1992","Single",63,"Scss","Share absorbed at completion"
"59933",1992-08-01,"Aug 1992","Semi-Detached",64,"Scss","Share absorbed at completion"
"59933",1992-08-01,"Aug 1992","Row",56,"Scss","Share absorbed at completion"
"59933",1992-08-01,"Aug 1992","Apartment",35.4,"Scss","Share absorbed at completion"
"59933",1992-08-01,"Aug 1992","All",50.9,"Scss","Share absorbed at completion"
"59933",1992-09-01,"Sep 1992","Single",66.1,"Scss","Share absorbed at completion"
"59933",1992-09-01,"Sep 1992","Semi-Detached",61.5,"Scss","Share absorbed at completion"
"59933",1992-09-01,"Sep 1992","Row",64.9,"Scss","Share absorbed at completion"
"59933",1992-09-01,"Sep 1992","Apartment",54.8,"Scss","Share absorbed at completion"
"59933",1992-09-01,"Sep 1992","All",61.9,"Scss","Share absorbed at completion"
"59933",1992-10-01,"Oct 1992","Single",59.2,"Scss","Share absorbed at completion"
"59933",1992-10-01,"Oct 1992","Semi-Detached",61.5,"Scss","Share absorbed at completion"
"59933",1992-10-01,"Oct 1992","Row",88.3,"Scss","Share absorbed at completion"
"59933",1992-10-01,"Oct 1992","Apartment",27.8,"Scss","Share absorbed at completion"
"59933",1992-10-01,"Oct 1992","All",55.4,"Scss","Share absorbed at completion"
"59933",1992-11-01,"Nov 1992","Single",66.7,"Scss","Share absorbed at completion"
"59933",1992-11-01,"Nov 1992","Semi-Detached",73.8,"Scss","Share absorbed at completion"
"59933",1992-11-01,"Nov 1992","Row",74.6,"Scss","Share absorbed at completion"
"59933",1992-11-01,"Nov 1992","Apartment",58.1,"Scss","Share absorbed at completion"
"59933",1992-11-01,"Nov 1992","All",65.8,"Scss","Share absorbed at completion"
"59933",1992-12-01,"Dec 1992","Single",66.3,"Scss","Share absorbed at completion"
"59933",1992-12-01,"Dec 1992","Semi-Detached",58.8,"Scss","Share absorbed at completion"
"59933",1992-12-01,"Dec 1992","Row",86.8,"Scss","Share absorbed at completion"
"59933",1992-12-01,"Dec 1992","Apartment",52.8,"Scss","Share absorbed at completion"
"59933",1992-12-01,"Dec 1992","All",66.3,"Scss","Share absorbed at completion"
"59933",1993-01-01,"Jan 1993","Single",67.6,"Scss","Share absorbed at completion"
"59933",1993-01-01,"Jan 1993","Semi-Detached",64.3,"Scss","Share absorbed at completion"
"59933",1993-01-01,"Jan 1993","Row",74.4,"Scss","Share absorbed at completion"
"59933",1993-01-01,"Jan 1993","Apartment",60.9,"Scss","Share absorbed at completion"
"59933",1993-01-01,"Jan 1993","All",66.6,"Scss","Share absorbed at completion"
"59933",1993-02-01,"Feb 1993","Single",68,"Scss","Share absorbed at completion"
"59933",1993-02-01,"Feb 1993","Semi-Detached",68.5,"Scss","Share absorbed at completion"
"59933",1993-02-01,"Feb 1993","Row",74.3,"Scss","Share absorbed at completion"
"59933",1993-02-01,"Feb 1993","Apartment",44.2,"Scss","Share absorbed at completion"
"59933",1993-02-01,"Feb 1993","All",61,"Scss","Share absorbed at completion"
"59933",1993-03-01,"Mar 1993","Single",52.5,"Scss","Share absorbed at completion"
"59933",1993-03-01,"Mar 1993","Semi-Detached",77.6,"Scss","Share absorbed at completion"
"59933",1993-03-01,"Mar 1993","Row",73.1,"Scss","Share absorbed at completion"
"59933",1993-03-01,"Mar 1993","Apartment",64.6,"Scss","Share absorbed at completion"
"59933",1993-03-01,"Mar 1993","All",60.4,"Scss","Share absorbed at completion"
"59933",1993-04-01,"Apr 1993","Single",60,"Scss","Share absorbed at completion"
"59933",1993-04-01,"Apr 1993","Semi-Detached",60,"Scss","Share absorbed at completion"
"59933",1993-04-01,"Apr 1993","Row",89.7,"Scss","Share absorbed at completion"
"59933",1993-04-01,"Apr 1993","Apartment",51,"Scss","Share absorbed at completion"
"59933",1993-04-01,"Apr 1993","All",60,"Scss","Share absorbed at completion"
"59933",1993-05-01,"May 1993","Single",62.1,"Scss","Share absorbed at completion"
"59933",1993-05-01,"May 1993","Semi-Detached",53.6,"Scss","Share absorbed at completion"
"59933",1993-05-01,"May 1993","Row",80.3,"Scss","Share absorbed at completion"
"59933",1993-05-01,"May 1993","Apartment",63.4,"Scss","Share absorbed at completion"
"59933",1993-05-01,"May 1993","All",64.7,"Scss","Share absorbed at completion"
"59933",1993-06-01,"Jun 1993","Single",54.4,"Scss","Share absorbed at completion"
"59933",1993-06-01,"Jun 1993","Semi-Detached",77.5,"Scss","Share absorbed at completion"
"59933",1993-06-01,"Jun 1993","Row",70,"Scss","Share absorbed at completion"
"59933",1993-06-01,"Jun 1993","Apartment",65.8,"Scss","Share absorbed at completion"
"59933",1993-06-01,"Jun 1993","All",62.2,"Scss","Share absorbed at completion"
"59933",1993-07-01,"Jul 1993","Single",51.5,"Scss","Share absorbed at completion"
"59933",1993-07-01,"Jul 1993","Semi-Detached",50,"Scss","Share absorbed at completion"
"59933",1993-07-01,"Jul 1993","Row",92.2,"Scss","Share absorbed at completion"
"59933",1993-07-01,"Jul 1993","Apartment",62.4,"Scss","Share absorbed at completion"
"59933",1993-07-01,"Jul 1993","All",59,"Scss","Share absorbed at completion"
"59933",1993-08-01,"Aug 1993","Single",57.5,"Scss","Share absorbed at completion"
"59933",1993-08-01,"Aug 1993","Semi-Detached",44.4,"Scss","Share absorbed at completion"
"59933",1993-08-01,"Aug 1993","Row",89.4,"Scss","Share absorbed at completion"
"59933",1993-08-01,"Aug 1993","Apartment",56.9,"Scss","Share absorbed at completion"
"59933",1993-08-01,"Aug 1993","All",59.5,"Scss","Share absorbed at completion"
"59933",1993-09-01,"Sep 1993","Single",55.9,"Scss","Share absorbed at completion"
"59933",1993-09-01,"Sep 1993","Semi-Detached",62.8,"Scss","Share absorbed at completion"
"59933",1993-09-01,"Sep 1993","Row",81.3,"Scss","Share absorbed at completion"
"59933",1993-09-01,"Sep 1993","Apartment",63.8,"Scss","Share absorbed at completion"
"59933",1993-09-01,"Sep 1993","All",62.7,"Scss","Share absorbed at completion"
"59933",1993-10-01,"Oct 1993","Single",49.8,"Scss","Share absorbed at completion"
"59933",1993-10-01,"Oct 1993","Semi-Detached",71,"Scss","Share absorbed at completion"
"59933",1993-10-01,"Oct 1993","Row",64.9,"Scss","Share absorbed at completion"
"59933",1993-10-01,"Oct 1993","Apartment",63.5,"Scss","Share absorbed at completion"
"59933",1993-10-01,"Oct 1993","All",59.8,"Scss","Share absorbed at completion"
"59933",1993-11-01,"Nov 1993","Single",55.3,"Scss","Share absorbed at completion"
"59933",1993-11-01,"Nov 1993","Semi-Detached",58.8,"Scss","Share absorbed at completion"
"59933",1993-11-01,"Nov 1993","Row",65.4,"Scss","Share absorbed at completion"
"59933",1993-11-01,"Nov 1993","Apartment",65.1,"Scss","Share absorbed at completion"
"59933",1993-11-01,"Nov 1993","All",61.7,"Scss","Share absorbed at completion"
"59933",1993-12-01,"Dec 1993","Single",61,"Scss","Share absorbed at completion"
"59933",1993-12-01,"Dec 1993","Semi-Detached",55,"Scss","Share absorbed at completion"
"59933",1993-12-01,"Dec 1993","Row",68.3,"Scss","Share absorbed at completion"
"59933",1993-12-01,"Dec 1993","Apartment",57.6,"Scss","Share absorbed at completion"
"59933",1993-12-01,"Dec 1993","All",60.3,"Scss","Share absorbed at completion"
"59933",1994-01-01,"Jan 1994","Single",58.6,"Scss","Share absorbed at completion"
"59933",1994-01-01,"Jan 1994","Semi-Detached",58.3,"Scss","Share absorbed at completion"
"59933",1994-01-01,"Jan 1994","Row",42.6,"Scss","Share absorbed at completion"
"59933",1994-01-01,"Jan 1994","Apartment",57.1,"Scss","Share absorbed at completion"
"59933",1994-01-01,"Jan 1994","All",56.7,"Scss","Share absorbed at completion"
"59933",1994-02-01,"Feb 1994","Single",60.5,"Scss","Share absorbed at completion"
"59933",1994-02-01,"Feb 1994","Semi-Detached",54.7,"Scss","Share absorbed at completion"
"59933",1994-02-01,"Feb 1994","Row",79.4,"Scss","Share absorbed at completion"
"59933",1994-02-01,"Feb 1994","Apartment",64.4,"Scss","Share absorbed at completion"
"59933",1994-02-01,"Feb 1994","All",64,"Scss","Share absorbed at completion"
"59933",1994-03-01,"Mar 1994","Single",55.2,"Scss","Share absorbed at completion"
"59933",1994-03-01,"Mar 1994","Semi-Detached",86.1,"Scss","Share absorbed at completion"
"59933",1994-03-01,"Mar 1994","Row",80.9,"Scss","Share absorbed at completion"
"59933",1994-03-01,"Mar 1994","Apartment",69.3,"Scss","Share absorbed at completion"
"59933",1994-03-01,"Mar 1994","All",64.7,"Scss","Share absorbed at completion"
"59933",1994-04-01,"Apr 1994","Single",58.9,"Scss","Share absorbed at completion"
"59933",1994-04-01,"Apr 1994","Semi-Detached",66.7,"Scss","Share absorbed at completion"
"59933",1994-04-01,"Apr 1994","Row",83.8,"Scss","Share absorbed at completion"
"59933",1994-04-01,"Apr 1994","Apartment",82.5,"Scss","Share absorbed at completion"
"59933",1994-04-01,"Apr 1994","All",74.2,"Scss","Share absorbed at completion"
"59933",1994-05-01,"May 1994","Single",60.4,"Scss","Share absorbed at completion"
"59933",1994-05-01,"May 1994","Semi-Detached",79.8,"Scss","Share absorbed at completion"
"59933",1994-05-01,"May 1994","Row",71,"Scss","Share absorbed at completion"
"59933",1994-05-01,"May 1994","Apartment",65.9,"Scss","Share absorbed at completion"
"59933",1994-05-01,"May 1994","All",66,"Scss","Share absorbed at completion"
"59933",1994-06-01,"Jun 1994","Single",57.4,"Scss","Share absorbed at completion"
"59933",1994-06-01,"Jun 1994","Semi-Detached",62.9,"Scss","Share absorbed at completion"
"59933",1994-06-01,"Jun 1994","Row",71.8,"Scss","Share absorbed at completion"
"59933",1994-06-01,"Jun 1994","Apartment",65.1,"Scss","Share absorbed at completion"
"59933",1994-06-01,"Jun 1994","All",64,"Scss","Share absorbed at completion"
"59933",1994-07-01,"Jul 1994","Single",59.6,"Scss","Share absorbed at completion"
"59933",1994-07-01,"Jul 1994","Semi-Detached",60.7,"Scss","Share absorbed at completion"
"59933",1994-07-01,"Jul 1994","Row",64,"Scss","Share absorbed at completion"
"59933",1994-07-01,"Jul 1994","Apartment",61.1,"Scss","Share absorbed at completion"
"59933",1994-07-01,"Jul 1994","All",61.2,"Scss","Share absorbed at completion"
"59933",1994-08-01,"Aug 1994","Single",59.9,"Scss","Share absorbed at completion"
"59933",1994-08-01,"Aug 1994","Semi-Detached",71.6,"Scss","Share absorbed at completion"
"59933",1994-08-01,"Aug 1994","Row",79.7,"Scss","Share absorbed at completion"
"59933",1994-08-01,"Aug 1994","Apartment",41.6,"Scss","Share absorbed at completion"
"59933",1994-08-01,"Aug 1994","All",59.3,"Scss","Share absorbed at completion"
"59933",1994-09-01,"Sep 1994","Single",59.7,"Scss","Share absorbed at completion"
"59933",1994-09-01,"Sep 1994","Semi-Detached",55,"Scss","Share absorbed at completion"
"59933",1994-09-01,"Sep 1994","Row",48.1,"Scss","Share absorbed at completion"
"59933",1994-09-01,"Sep 1994","Apartment",73.4,"Scss","Share absorbed at completion"
"59933",1994-09-01,"Sep 1994","All",67.2,"Scss","Share absorbed at completion"
"59933",1994-10-01,"Oct 1994","Single",58,"Scss","Share absorbed at completion"
"59933",1994-10-01,"Oct 1994","Semi-Detached",65.2,"Scss","Share absorbed at completion"
"59933",1994-10-01,"Oct 1994","Row",67.8,"Scss","Share absorbed at completion"
"59933",1994-10-01,"Oct 1994","Apartment",54.2,"Scss","Share absorbed at completion"
"59933",1994-10-01,"Oct 1994","All",57.1,"Scss","Share absorbed at completion"
"59933",1994-11-01,"Nov 1994","Single",58.7,"Scss","Share absorbed at completion"
"59933",1994-11-01,"Nov 1994","Semi-Detached",37.3,"Scss","Share absorbed at completion"
"59933",1994-11-01,"Nov 1994","Row",60.4,"Scss","Share absorbed at completion"
"59933",1994-11-01,"Nov 1994","Apartment",78.1,"Scss","Share absorbed at completion"
"59933",1994-11-01,"Nov 1994","All",67,"Scss","Share absorbed at completion"
"59933",1994-12-01,"Dec 1994","Single",57.9,"Scss","Share absorbed at completion"
"59933",1994-12-01,"Dec 1994","Semi-Detached",38.5,"Scss","Share absorbed at completion"
"59933",1994-12-01,"Dec 1994","Row",70.3,"Scss","Share absorbed at completion"
"59933",1994-12-01,"Dec 1994","Apartment",75.5,"Scss","Share absorbed at completion"
"59933",1994-12-01,"Dec 1994","All",65.1,"Scss","Share absorbed at completion"
"59933",1995-01-01,"Jan 1995","Single",61.6,"Scss","Share absorbed at completion"
"59933",1995-01-01,"Jan 1995","Semi-Detached",53.6,"Scss","Share absorbed at completion"
"59933",1995-01-01,"Jan 1995","Row",71.3,"Scss","Share absorbed at completion"
"59933",1995-01-01,"Jan 1995","Apartment",73.4,"Scss","Share absorbed at completion"
"59933",1995-01-01,"Jan 1995","All",69.8,"Scss","Share absorbed at completion"
"59933",1995-02-01,"Feb 1995","Single",53.6,"Scss","Share absorbed at completion"
"59933",1995-02-01,"Feb 1995","Semi-Detached",62.1,"Scss","Share absorbed at completion"
"59933",1995-02-01,"Feb 1995","Row",63.6,"Scss","Share absorbed at completion"
"59933",1995-02-01,"Feb 1995","Apartment",72.6,"Scss","Share absorbed at completion"
"59933",1995-02-01,"Feb 1995","All",65.3,"Scss","Share absorbed at completion"
"59933",1995-03-01,"Mar 1995","Single",48.7,"Scss","Share absorbed at completion"
"59933",1995-03-01,"Mar 1995","Semi-Detached",39.3,"Scss","Share absorbed at completion"
"59933",1995-03-01,"Mar 1995","Row",54.7,"Scss","Share absorbed at completion"
"59933",1995-03-01,"Mar 1995","Apartment",68.6,"Scss","Share absorbed at completion"
"59933",1995-03-01,"Mar 1995","All",58.5,"Scss","Share absorbed at completion"
"59933",1995-04-01,"Apr 1995","Single",45.7,"Scss","Share absorbed at completion"
"59933",1995-04-01,"Apr 1995","Semi-Detached",47.9,"Scss","Share absorbed at completion"
"59933",1995-04-01,"Apr 1995","Row",48.1,"Scss","Share absorbed at completion"
"59933",1995-04-01,"Apr 1995","Apartment",69.2,"Scss","Share absorbed at completion"
"59933",1995-04-01,"Apr 1995","All",61.7,"Scss","Share absorbed at completion"
"59933",1995-05-01,"May 1995","Single",51.8,"Scss","Share absorbed at completion"
"59933",1995-05-01,"May 1995","Semi-Detached",37.5,"Scss","Share absorbed at completion"
"59933",1995-05-01,"May 1995","Row",29.9,"Scss","Share absorbed at completion"
"59933",1995-05-01,"May 1995","Apartment",56.2,"Scss","Share absorbed at completion"
"59933",1995-05-01,"May 1995","All",51.9,"Scss","Share absorbed at completion"
"59933",1995-06-01,"Jun 1995","Single",49.1,"Scss","Share absorbed at completion"
"59933",1995-06-01,"Jun 1995","Semi-Detached",52.9,"Scss","Share absorbed at completion"
"59933",1995-06-01,"Jun 1995","Row",63.1,"Scss","Share absorbed at completion"
"59933",1995-06-01,"Jun 1995","Apartment",40.9,"Scss","Share absorbed at completion"
"59933",1995-06-01,"Jun 1995","All",46.4,"Scss","Share absorbed at completion"
"59933",1995-07-01,"Jul 1995","Single",50.7,"Scss","Share absorbed at completion"
"59933",1995-07-01,"Jul 1995","Semi-Detached",46.4,"Scss","Share absorbed at completion"
"59933",1995-07-01,"Jul 1995","Row",60.2,"Scss","Share absorbed at completion"
"59933",1995-07-01,"Jul 1995","Apartment",56.2,"Scss","Share absorbed at completion"
"59933",1995-07-01,"Jul 1995","All",54.6,"Scss","Share absorbed at completion"
"59933",1995-08-01,"Aug 1995","Single",52.1,"Scss","Share absorbed at completion"
"59933",1995-08-01,"Aug 1995","Semi-Detached",53.8,"Scss","Share absorbed at completion"
"59933",1995-08-01,"Aug 1995","Row",34.9,"Scss","Share absorbed at completion"
"59933",1995-08-01,"Aug 1995","Apartment",37.6,"Scss","Share absorbed at completion"
"59933",1995-08-01,"Aug 1995","All",43.5,"Scss","Share absorbed at completion"
"59933",1995-09-01,"Sep 1995","Single",44,"Scss","Share absorbed at completion"
"59933",1995-09-01,"Sep 1995","Semi-Detached",4.7,"Scss","Share absorbed at completion"
"59933",1995-09-01,"Sep 1995","Row",43.7,"Scss","Share absorbed at completion"
"59933",1995-09-01,"Sep 1995","Apartment",55,"Scss","Share absorbed at completion"
"59933",1995-09-01,"Sep 1995","All",46.1,"Scss","Share absorbed at completion"
"59933",1995-10-01,"Oct 1995","Single",50.8,"Scss","Share absorbed at completion"
"59933",1995-10-01,"Oct 1995","Semi-Detached",34.8,"Scss","Share absorbed at completion"
"59933",1995-10-01,"Oct 1995","Row",44.1,"Scss","Share absorbed at completion"
"59933",1995-10-01,"Oct 1995","Apartment",65.1,"Scss","Share absorbed at completion"
"59933",1995-10-01,"Oct 1995","All",57.8,"Scss","Share absorbed at completion"
"59933",1995-11-01,"Nov 1995","Single",55.2,"Scss","Share absorbed at completion"
"59933",1995-11-01,"Nov 1995","Semi-Detached",30,"Scss","Share absorbed at completion"
"59933",1995-11-01,"Nov 1995","Row",41.3,"Scss","Share absorbed at completion"
"59933",1995-11-01,"Nov 1995","Apartment",59.7,"Scss","Share absorbed at completion"
"59933",1995-11-01,"Nov 1995","All",55.9,"Scss","Share absorbed at completion"
"59933",1995-12-01,"Dec 1995","Single",58.5,"Scss","Share absorbed at completion"
"59933",1995-12-01,"Dec 1995","Semi-Detached",36.8,"Scss","Share absorbed at completion"
"59933",1995-12-01,"Dec 1995","Row",37.5,"Scss","Share absorbed at completion"
"59933",1995-12-01,"Dec 1995","Apartment",57.7,"Scss","Share absorbed at completion"
"59933",1995-12-01,"Dec 1995","All",56.3,"Scss","Share absorbed at completion"
"59933",1996-01-01,"Jan 1996","Single",58.6,"Scss","Share absorbed at completion"
"59933",1996-01-01,"Jan 1996","Semi-Detached",12,"Scss","Share absorbed at completion"
"59933",1996-01-01,"Jan 1996","Row",41.5,"Scss","Share absorbed at completion"
"59933",1996-01-01,"Jan 1996","Apartment",53.7,"Scss","Share absorbed at completion"
"59933",1996-01-01,"Jan 1996","All",51.9,"Scss","Share absorbed at completion"
"59933",1996-02-01,"Feb 1996","Single",57.7,"Scss","Share absorbed at completion"
"59933",1996-02-01,"Feb 1996","Semi-Detached",43.8,"Scss","Share absorbed at completion"
"59933",1996-02-01,"Feb 1996","Row",56,"Scss","Share absorbed at completion"
"59933",1996-02-01,"Feb 1996","Apartment",58.3,"Scss","Share absorbed at completion"
"59933",1996-02-01,"Feb 1996","All",56.9,"Scss","Share absorbed at completion"
"59933",1996-03-01,"Mar 1996","Single",51.9,"Scss","Share absorbed at completion"
"59933",1996-03-01,"Mar 1996","Semi-Detached",55,"Scss","Share absorbed at completion"
"59933",1996-03-01,"Mar 1996","Row",58.9,"Scss","Share absorbed at completion"
"59933",1996-03-01,"Mar 1996","Apartment",53,"Scss","Share absorbed at completion"
"59933",1996-03-01,"Mar 1996","All",53.3,"Scss","Share absorbed at completion"
"59933",1996-04-01,"Apr 1996","Single",61.4,"Scss","Share absorbed at completion"
"59933",1996-04-01,"Apr 1996","Semi-Detached",46.9,"Scss","Share absorbed at completion"
"59933",1996-04-01,"Apr 1996","Row",42.9,"Scss","Share absorbed at completion"
"59933",1996-04-01,"Apr 1996","Apartment",55.1,"Scss","Share absorbed at completion"
"59933",1996-04-01,"Apr 1996","All",56.4,"Scss","Share absorbed at completion"
"59933",1996-05-01,"May 1996","Single",54,"Scss","Share absorbed at completion"
"59933",1996-05-01,"May 1996","Semi-Detached",69.2,"Scss","Share absorbed at completion"
"59933",1996-05-01,"May 1996","Row",40.9,"Scss","Share absorbed at completion"
"59933",1996-05-01,"May 1996","Apartment",27.7,"Scss","Share absorbed at completion"
"59933",1996-05-01,"May 1996","All",45.3,"Scss","Share absorbed at completion"
"59933",1996-06-01,"Jun 1996","Single",59.3,"Scss","Share absorbed at completion"
"59933",1996-06-01,"Jun 1996","Semi-Detached",47.8,"Scss","Share absorbed at completion"
"59933",1996-06-01,"Jun 1996","Row",44.6,"Scss","Share absorbed at completion"
"59933",1996-06-01,"Jun 1996","Apartment",48.3,"Scss","Share absorbed at completion"
"59933",1996-06-01,"Jun 1996","All",51,"Scss","Share absorbed at completion"
"59933",1996-07-01,"Jul 1996","Single",55.9,"Scss","Share absorbed at completion"
"59933",1996-07-01,"Jul 1996","Semi-Detached",58.8,"Scss","Share absorbed at completion"
"59933",1996-07-01,"Jul 1996","Row",50,"Scss","Share absorbed at completion"
"59933",1996-07-01,"Jul 1996","Apartment",59.7,"Scss","Share absorbed at completion"
"59933",1996-07-01,"Jul 1996","All",58.1,"Scss","Share absorbed at completion"
"59933",1996-08-01,"Aug 1996","Single",57.3,"Scss","Share absorbed at completion"
"59933",1996-08-01,"Aug 1996","Semi-Detached",47.6,"Scss","Share absorbed at completion"
"59933",1996-08-01,"Aug 1996","Row",40.9,"Scss","Share absorbed at completion"
"59933",1996-08-01,"Aug 1996","Apartment",69.4,"Scss","Share absorbed at completion"
"59933",1996-08-01,"Aug 1996","All",59.8,"Scss","Share absorbed at completion"
"59933",1996-09-01,"Sep 1996","Single",54,"Scss","Share absorbed at completion"
"59933",1996-09-01,"Sep 1996","Semi-Detached",24.1,"Scss","Share absorbed at completion"
"59933",1996-09-01,"Sep 1996","Row",39.6,"Scss","Share absorbed at completion"
"59933",1996-09-01,"Sep 1996","Apartment",50.9,"Scss","Share absorbed at completion"
"59933",1996-09-01,"Sep 1996","All",49.9,"Scss","Share absorbed at completion"
"59933",1996-10-01,"Oct 1996","Single",52.4,"Scss","Share absorbed at completion"
"59933",1996-10-01,"Oct 1996","Semi-Detached",53.8,"Scss","Share absorbed at completion"
"59933",1996-10-01,"Oct 1996","Row",36.8,"Scss","Share absorbed at completion"
"59933",1996-10-01,"Oct 1996","Apartment",71.5,"Scss","Share absorbed at completion"
"59933",1996-10-01,"Oct 1996","All",58.2,"Scss","Share absorbed at completion"
"59933",1996-11-01,"Nov 1996","Single",59.8,"Scss","Share absorbed at completion"
"59933",1996-11-01,"Nov 1996","Semi-Detached",42.6,"Scss","Share absorbed at completion"
"59933",1996-11-01,"Nov 1996","Row",46.8,"Scss","Share absorbed at completion"
"59933",1996-11-01,"Nov 1996","Apartment",51.5,"Scss","Share absorbed at completion"
"59933",1996-11-01,"Nov 1996","All",54.4,"Scss","Share absorbed at completion"
"59933",1996-12-01,"Dec 1996","Single",60.5,"Scss","Share absorbed at completion"
"59933",1996-12-01,"Dec 1996","Semi-Detached",21.4,"Scss","Share absorbed at completion"
"59933",1996-12-01,"Dec 1996","Row",30.9,"Scss","Share absorbed at completion"
"59933",1996-12-01,"Dec 1996","Apartment",54.9,"Scss","Share absorbed at completion"
"59933",1996-12-01,"Dec 1996","All",52.9,"Scss","Share absorbed at completion"
"59933",1997-01-01,"Jan 1997","Single",64.1,"Scss","Share absorbed at completion"
"59933",1997-01-01,"Jan 1997","Semi-Detached",41.3,"Scss","Share absorbed at completion"
"59933",1997-01-01,"Jan 1997","Row",60.4,"Scss","Share absorbed at completion"
"59933",1997-01-01,"Jan 1997","Apartment",61.6,"Scss","Share absorbed at completion"
"59933",1997-01-01,"Jan 1997","All",61.7,"Scss","Share absorbed at completion"
"59933",1997-02-01,"Feb 1997","Single",57.8,"Scss","Share absorbed at completion"
"59933",1997-02-01,"Feb 1997","Semi-Detached",52.6,"Scss","Share absorbed at completion"
"59933",1997-02-01,"Feb 1997","Row",48.5,"Scss","Share absorbed at completion"
"59933",1997-02-01,"Feb 1997","Apartment",65.7,"Scss","Share absorbed at completion"
"59933",1997-02-01,"Feb 1997","All",59.3,"Scss","Share absorbed at completion"
"59933",1997-03-01,"Mar 1997","Single",56.1,"Scss","Share absorbed at completion"
"59933",1997-03-01,"Mar 1997","Semi-Detached",66.7,"Scss","Share absorbed at completion"
"59933",1997-03-01,"Mar 1997","Row",48.6,"Scss","Share absorbed at completion"
"59933",1997-03-01,"Mar 1997","Apartment",66.1,"Scss","Share absorbed at completion"
"59933",1997-03-01,"Mar 1997","All",61.4,"Scss","Share absorbed at completion"
"59933",1997-04-01,"Apr 1997","Single",55.2,"Scss","Share absorbed at completion"
"59933",1997-04-01,"Apr 1997","Semi-Detached",50,"Scss","Share absorbed at completion"
"59933",1997-04-01,"Apr 1997","Row",48.2,"Scss","Share absorbed at completion"
"59933",1997-04-01,"Apr 1997","Apartment",79.8,"Scss","Share absorbed at completion"
"59933",1997-04-01,"Apr 1997","All",67.8,"Scss","Share absorbed at completion"
"59933",1997-05-01,"May 1997","Single",61.7,"Scss","Share absorbed at completion"
"59933",1997-05-01,"May 1997","Semi-Detached",40.9,"Scss","Share absorbed at completion"
"59933",1997-05-01,"May 1997","Row",35.1,"Scss","Share absorbed at completion"
"59933",1997-05-01,"May 1997","Apartment",75.1,"Scss","Share absorbed at completion"
"59933",1997-05-01,"May 1997","All",66.7,"Scss","Share absorbed at completion"
"59933",1997-06-01,"Jun 1997","Single",63.3,"Scss","Share absorbed at completion"
"59933",1997-06-01,"Jun 1997","Semi-Detached",42.5,"Scss","Share absorbed at completion"
"59933",1997-06-01,"Jun 1997","Row",46.1,"Scss","Share absorbed at completion"
"59933",1997-06-01,"Jun 1997","Apartment",44.7,"Scss","Share absorbed at completion"
"59933",1997-06-01,"Jun 1997","All",54.1,"Scss","Share absorbed at completion"
"59933",1997-07-01,"Jul 1997","Single",65.2,"Scss","Share absorbed at completion"
"59933",1997-07-01,"Jul 1997","Semi-Detached",89.1,"Scss","Share absorbed at completion"
"59933",1997-07-01,"Jul 1997","Row",67.9,"Scss","Share absorbed at completion"
"59933",1997-07-01,"Jul 1997","Apartment",63.2,"Scss","Share absorbed at completion"
"59933",1997-07-01,"Jul 1997","All",65.9,"Scss","Share absorbed at completion"
"59933",1997-08-01,"Aug 1997","Single",64.3,"Scss","Share absorbed at completion"
"59933",1997-08-01,"Aug 1997","Semi-Detached",28.1,"Scss","Share absorbed at completion"
"59933",1997-08-01,"Aug 1997","Row",86.8,"Scss","Share absorbed at completion"
"59933",1997-08-01,"Aug 1997","Apartment",50.6,"Scss","Share absorbed at completion"
"59933",1997-08-01,"Aug 1997","All",59.5,"Scss","Share absorbed at completion"
"59933",1997-09-01,"Sep 1997","Single",54.7,"Scss","Share absorbed at completion"
"59933",1997-09-01,"Sep 1997","Semi-Detached",33.3,"Scss","Share absorbed at completion"
"59933",1997-09-01,"Sep 1997","Row",67,"Scss","Share absorbed at completion"
"59933",1997-09-01,"Sep 1997","Apartment",51.4,"Scss","Share absorbed at completion"
"59933",1997-09-01,"Sep 1997","All",53.5,"Scss","Share absorbed at completion"
"59933",1997-10-01,"Oct 1997","Single",54.3,"Scss","Share absorbed at completion"
"59933",1997-10-01,"Oct 1997","Semi-Detached",50,"Scss","Share absorbed at completion"
"59933",1997-10-01,"Oct 1997","Row",52,"Scss","Share absorbed at completion"
"59933",1997-10-01,"Oct 1997","Apartment",54.6,"Scss","Share absorbed at completion"
"59933",1997-10-01,"Oct 1997","All",53.9,"Scss","Share absorbed at completion"
"59933",1997-11-01,"Nov 1997","Single",55,"Scss","Share absorbed at completion"
"59933",1997-11-01,"Nov 1997","Semi-Detached",42.3,"Scss","Share absorbed at completion"
"59933",1997-11-01,"Nov 1997","Row",39.8,"Scss","Share absorbed at completion"
"59933",1997-11-01,"Nov 1997","Apartment",66.3,"Scss","Share absorbed at completion"
"59933",1997-11-01,"Nov 1997","All",60.8,"Scss","Share absorbed at completion"
"59933",1997-12-01,"Dec 1997","Single",55,"Scss","Share absorbed at completion"
"59933",1997-12-01,"Dec 1997","Semi-Detached",33.3,"Scss","Share absorbed at completion"
"59933",1997-12-01,"Dec 1997","Row",38.6,"Scss","Share absorbed at completion"
"59933",1997-12-01,"Dec 1997","Apartment",71.9,"Scss","Share absorbed at completion"
"59933",1997-12-01,"Dec 1997","All",64.7,"Scss","Share absorbed at completion"
"59933",1998-01-01,"Jan 1998","Single",56.1,"Scss","Share absorbed at completion"
"59933",1998-01-01,"Jan 1998","Semi-Detached",31,"Scss","Share absorbed at completion"
"59933",1998-01-01,"Jan 1998","Row",34.2,"Scss","Share absorbed at completion"
"59933",1998-01-01,"Jan 1998","Apartment",74.7,"Scss","Share absorbed at completion"
"59933",1998-01-01,"Jan 1998","All",60.6,"Scss","Share absorbed at completion"
"59933",1998-02-01,"Feb 1998","Single",57.9,"Scss","Share absorbed at completion"
"59933",1998-02-01,"Feb 1998","Semi-Detached",25,"Scss","Share absorbed at completion"
"59933",1998-02-01,"Feb 1998","Row",45.1,"Scss","Share absorbed at completion"
"59933",1998-02-01,"Feb 1998","Apartment",63.3,"Scss","Share absorbed at completion"
"59933",1998-02-01,"Feb 1998","All",57.9,"Scss","Share absorbed at completion"
"59933",1998-03-01,"Mar 1998","Single",46.7,"Scss","Share absorbed at completion"
"59933",1998-03-01,"Mar 1998","Semi-Detached",25,"Scss","Share absorbed at completion"
"59933",1998-03-01,"Mar 1998","Row",39.7,"Scss","Share absorbed at completion"
"59933",1998-03-01,"Mar 1998","Apartment",69.6,"Scss","Share absorbed at completion"
"59933",1998-03-01,"Mar 1998","All",52.1,"Scss","Share absorbed at completion"
"59933",1998-04-01,"Apr 1998","Single",57.9,"Scss","Share absorbed at completion"
"59933",1998-04-01,"Apr 1998","Semi-Detached",33.3,"Scss","Share absorbed at completion"
"59933",1998-04-01,"Apr 1998","Row",39.4,"Scss","Share absorbed at completion"
"59933",1998-04-01,"Apr 1998","Apartment",73,"Scss","Share absorbed at completion"
"59933",1998-04-01,"Apr 1998","All",65.9,"Scss","Share absorbed at completion"
"59933",1998-05-01,"May 1998","Single",54.1,"Scss","Share absorbed at completion"
"59933",1998-05-01,"May 1998","Semi-Detached",36.7,"Scss","Share absorbed at completion"
"59933",1998-05-01,"May 1998","Row",50,"Scss","Share absorbed at completion"
"59933",1998-05-01,"May 1998","Apartment",26.1,"Scss","Share absorbed at completion"
"59933",1998-05-01,"May 1998","All",46.4,"Scss","Share absorbed at completion"
"59933",1998-06-01,"Jun 1998","Single",45.5,"Scss","Share absorbed at completion"
"59933",1998-06-01,"Jun 1998","Semi-Detached",33.3,"Scss","Share absorbed at completion"
"59933",1998-06-01,"Jun 1998","Row",41.9,"Scss","Share absorbed at completion"
"59933",1998-06-01,"Jun 1998","Apartment",75.2,"Scss","Share absorbed at completion"
"59933",1998-06-01,"Jun 1998","All",61.2,"Scss","Share absorbed at completion"
"59933",1998-07-01,"Jul 1998","Single",49.1,"Scss","Share absorbed at completion"
"59933",1998-07-01,"Jul 1998","Semi-Detached",29.3,"Scss","Share absorbed at completion"
"59933",1998-07-01,"Jul 1998","Row",17.1,"Scss","Share absorbed at completion"
"59933",1998-07-01,"Jul 1998","Apartment",45.3,"Scss","Share absorbed at completion"
"59933",1998-07-01,"Jul 1998","All",40.9,"Scss","Share absorbed at completion"
"59933",1998-08-01,"Aug 1998","Single",51.7,"Scss","Share absorbed at completion"
"59933",1998-08-01,"Aug 1998","Semi-Detached",15.3,"Scss","Share absorbed at completion"
"59933",1998-08-01,"Aug 1998","Row",38.2,"Scss","Share absorbed at completion"
"59933",1998-08-01,"Aug 1998","Apartment",37.4,"Scss","Share absorbed at completion"
"59933",1998-08-01,"Aug 1998","All",39.7,"Scss","Share absorbed at completion"
"59933",1998-09-01,"Sep 1998","Single",53.6,"Scss","Share absorbed at completion"
"59933",1998-09-01,"Sep 1998","Semi-Detached",39.1,"Scss","Share absorbed at completion"
"59933",1998-09-01,"Sep 1998","Row",22,"Scss","Share absorbed at completion"
"59933",1998-09-01,"Sep 1998","Apartment",47.1,"Scss","Share absorbed at completion"
"59933",1998-09-01,"Sep 1998","All",48,"Scss","Share absorbed at completion"
"59933",1998-10-01,"Oct 1998","Single",49,"Scss","Share absorbed at completion"
"59933",1998-10-01,"Oct 1998","Semi-Detached",21.6,"Scss","Share absorbed at completion"
"59933",1998-10-01,"Oct 1998","Row",20.4,"Scss","Share absorbed at completion"
"59933",1998-10-01,"Oct 1998","Apartment",67.6,"Scss","Share absorbed at completion"
"59933",1998-10-01,"Oct 1998","All",54.1,"Scss","Share absorbed at completion"
"59933",1998-11-01,"Nov 1998","Single",53.5,"Scss","Share absorbed at completion"
"59933",1998-11-01,"Nov 1998","Semi-Detached",25,"Scss","Share absorbed at completion"
"59933",1998-11-01,"Nov 1998","Row",38.9,"Scss","Share absorbed at completion"
"59933",1998-11-01,"Nov 1998","Apartment",38.7,"Scss","Share absorbed at completion"
"59933",1998-11-01,"Nov 1998","All",41.9,"Scss","Share absorbed at completion"
"59933",1998-12-01,"Dec 1998","Single",58,"Scss","Share absorbed at completion"
"59933",1998-12-01,"Dec 1998","Semi-Detached",37.5,"Scss","Share absorbed at completion"
"59933",1998-12-01,"Dec 1998","Row",39.5,"Scss","Share absorbed at completion"
"59933",1998-12-01,"Dec 1998","Apartment",60.7,"Scss","Share absorbed at completion"
"59933",1998-12-01,"Dec 1998","All",56.6,"Scss","Share absorbed at completion"
"59933",1999-01-01,"Jan 1999","Single",59.8,"Scss","Share absorbed at completion"
"59933",1999-01-01,"Jan 1999","Semi-Detached",12.9,"Scss","Share absorbed at completion"
"59933",1999-01-01,"Jan 1999","Row",34.5,"Scss","Share absorbed at completion"
"59933",1999-01-01,"Jan 1999","Apartment",78.5,"Scss","Share absorbed at completion"
"59933",1999-01-01,"Jan 1999","All",62.5,"Scss","Share absorbed at completion"
"59933",1999-02-01,"Feb 1999","Single",55,"Scss","Share absorbed at completion"
"59933",1999-02-01,"Feb 1999","Semi-Detached",30.3,"Scss","Share absorbed at completion"
"59933",1999-02-01,"Feb 1999","Row",25.5,"Scss","Share absorbed at completion"
"59933",1999-02-01,"Feb 1999","Apartment",33.8,"Scss","Share absorbed at completion"
"59933",1999-02-01,"Feb 1999","All",39.3,"Scss","Share absorbed at completion"
"59933",1999-03-01,"Mar 1999","Single",60,"Scss","Share absorbed at completion"
"59933",1999-03-01,"Mar 1999","Semi-Detached",26.2,"Scss","Share absorbed at completion"
"59933",1999-03-01,"Mar 1999","Row",53.7,"Scss","Share absorbed at completion"
"59933",1999-03-01,"Mar 1999","Apartment",46.6,"Scss","Share absorbed at completion"
"59933",1999-03-01,"Mar 1999","All",50.5,"Scss","Share absorbed at completion"
"59933",1999-04-01,"Apr 1999","Single",50.2,"Scss","Share absorbed at completion"
"59933",1999-04-01,"Apr 1999","Semi-Detached",26.7,"Scss","Share absorbed at completion"
"59933",1999-04-01,"Apr 1999","Row",36.6,"Scss","Share absorbed at completion"
"59933",1999-04-01,"Apr 1999","Apartment",29.9,"Scss","Share absorbed at completion"
"59933",1999-04-01,"Apr 1999","All",42.7,"Scss","Share absorbed at completion"
"59933",1999-05-01,"May 1999","Single",58.4,"Scss","Share absorbed at completion"
"59933",1999-05-01,"May 1999","Semi-Detached",35.3,"Scss","Share absorbed at completion"
"59933",1999-05-01,"May 1999","Row",30.8,"Scss","Share absorbed at completion"
"59933",1999-05-01,"May 1999","Apartment",21.1,"Scss","Share absorbed at completion"
"59933",1999-05-01,"May 1999","All",42.3,"Scss","Share absorbed at completion"
"59933",1999-06-01,"Jun 1999","Single",61,"Scss","Share absorbed at completion"
"59933",1999-06-01,"Jun 1999","Semi-Detached",46.7,"Scss","Share absorbed at completion"
"59933",1999-06-01,"Jun 1999","Row",38.9,"Scss","Share absorbed at completion"
"59933",1999-06-01,"Jun 1999","Apartment",29.3,"Scss","Share absorbed at completion"
"59933",1999-06-01,"Jun 1999","All",36.9,"Scss","Share absorbed at completion"
"59933",1999-07-01,"Jul 1999","Single",62.8,"Scss","Share absorbed at completion"
"59933",1999-07-01,"Jul 1999","Semi-Detached",30.6,"Scss","Share absorbed at completion"
"59933",1999-07-01,"Jul 1999","Row",35.1,"Scss","Share absorbed at completion"
"59933",1999-07-01,"Jul 1999","Apartment",39.8,"Scss","Share absorbed at completion"
"59933",1999-07-01,"Jul 1999","All",47.7,"Scss","Share absorbed at completion"
"59933",1999-08-01,"Aug 1999","Single",64.7,"Scss","Share absorbed at completion"
"59933",1999-08-01,"Aug 1999","Semi-Detached",36.8,"Scss","Share absorbed at completion"
"59933",1999-08-01,"Aug 1999","Row",22.9,"Scss","Share absorbed at completion"
"59933",1999-08-01,"Aug 1999","Apartment",45.3,"Scss","Share absorbed at completion"
"59933",1999-08-01,"Aug 1999","All",50.6,"Scss","Share absorbed at completion"
"59933",1999-09-01,"Sep 1999","Single",61.5,"Scss","Share absorbed at completion"
"59933",1999-09-01,"Sep 1999","Semi-Detached",43.3,"Scss","Share absorbed at completion"
"59933",1999-09-01,"Sep 1999","Row",41.7,"Scss","Share absorbed at completion"
"59933",1999-09-01,"Sep 1999","Apartment",80.6,"Scss","Share absorbed at completion"
"59933",1999-09-01,"Sep 1999","All",74.8,"Scss","Share absorbed at completion"
"59933",1999-10-01,"Oct 1999","Single",63.4,"Scss","Share absorbed at completion"
"59933",1999-10-01,"Oct 1999","Semi-Detached",29.2,"Scss","Share absorbed at completion"
"59933",1999-10-01,"Oct 1999","Row",21.3,"Scss","Share absorbed at completion"
"59933",1999-10-01,"Oct 1999","Apartment",46,"Scss","Share absorbed at completion"
"59933",1999-10-01,"Oct 1999","All",51.3,"Scss","Share absorbed at completion"
"59933",1999-11-01,"Nov 1999","Single",58.9,"Scss","Share absorbed at completion"
"59933",1999-11-01,"Nov 1999","Semi-Detached",45.7,"Scss","Share absorbed at completion"
"59933",1999-11-01,"Nov 1999","Row",34.4,"Scss","Share absorbed at completion"
"59933",1999-11-01,"Nov 1999","Apartment",27.6,"Scss","Share absorbed at completion"
"59933",1999-11-01,"Nov 1999","All",40.9,"Scss","Share absorbed at completion"
"59933",1999-12-01,"Dec 1999","Single",67.3,"Scss","Share absorbed at completion"
"59933",1999-12-01,"Dec 1999","Semi-Detached",23.3,"Scss","Share absorbed at completion"
"59933",1999-12-01,"Dec 1999","Row",22,"Scss","Share absorbed at completion"
"59933",1999-12-01,"Dec 1999","Apartment",63.4,"Scss","Share absorbed at completion"
"59933",1999-12-01,"Dec 1999","All",60.1,"Scss","Share absorbed at completion"
"59933",2000-01-01,"Jan 2000","Single",53.2,"Scss","Share absorbed at completion"
"59933",2000-01-01,"Jan 2000","Semi-Detached",25,"Scss","Share absorbed at completion"
"59933",2000-01-01,"Jan 2000","Row",27.2,"Scss","Share absorbed at completion"
"59933",2000-01-01,"Jan 2000","Apartment",48.9,"Scss","Share absorbed at completion"
"59933",2000-01-01,"Jan 2000","All",47.7,"Scss","Share absorbed at completion"
"59933",2000-02-01,"Feb 2000","Single",59.9,"Scss","Share absorbed at completion"
"59933",2000-02-01,"Feb 2000","Semi-Detached",26.7,"Scss","Share absorbed at completion"
"59933",2000-02-01,"Feb 2000","Row",61.8,"Scss","Share absorbed at completion"
"59933",2000-02-01,"Feb 2000","Apartment",32.1,"Scss","Share absorbed at completion"
"59933",2000-02-01,"Feb 2000","All",46,"Scss","Share absorbed at completion"
"59933",2000-03-01,"Mar 2000","Single",54.8,"Scss","Share absorbed at completion"
"59933",2000-03-01,"Mar 2000","Semi-Detached",7.1,"Scss","Share absorbed at completion"
"59933",2000-03-01,"Mar 2000","Row",63,"Scss","Share absorbed at completion"
"59933",2000-03-01,"Mar 2000","Apartment",25,"Scss","Share absorbed at completion"
"59933",2000-03-01,"Mar 2000","All",49.1,"Scss","Share absorbed at completion"
"59933",2000-04-01,"Apr 2000","Single",55.2,"Scss","Share absorbed at completion"
"59933",2000-04-01,"Apr 2000","Semi-Detached",13.6,"Scss","Share absorbed at completion"
"59933",2000-04-01,"Apr 2000","Row",17.2,"Scss","Share absorbed at completion"
"59933",2000-04-01,"Apr 2000","Apartment",76.3,"Scss","Share absorbed at completion"
"59933",2000-04-01,"Apr 2000","All",65.7,"Scss","Share absorbed at completion"
"59933",2000-05-01,"May 2000","Single",61.5,"Scss","Share absorbed at completion"
"59933",2000-05-01,"May 2000","Semi-Detached",53.8,"Scss","Share absorbed at completion"
"59933",2000-05-01,"May 2000","Row",35.4,"Scss","Share absorbed at completion"
"59933",2000-05-01,"May 2000","Apartment",58.9,"Scss","Share absorbed at completion"
"59933",2000-05-01,"May 2000","All",56.9,"Scss","Share absorbed at completion"
"59933",2000-06-01,"Jun 2000","Single",65.4,"Scss","Share absorbed at completion"
"59933",2000-06-01,"Jun 2000","Semi-Detached",25,"Scss","Share absorbed at completion"
"59933",2000-06-01,"Jun 2000","Row",29.4,"Scss","Share absorbed at completion"
"59933",2000-06-01,"Jun 2000","Apartment",15.4,"Scss","Share absorbed at completion"
"59933",2000-06-01,"Jun 2000","All",38.9,"Scss","Share absorbed at completion"
"59933",2000-07-01,"Jul 2000","Single",63.6,"Scss","Share absorbed at completion"
"59933",2000-07-01,"Jul 2000","Semi-Detached",23.5,"Scss","Share absorbed at completion"
"59933",2000-07-01,"Jul 2000","Row",14,"Scss","Share absorbed at completion"
"59933",2000-07-01,"Jul 2000","Apartment",47.4,"Scss","Share absorbed at completion"
"59933",2000-07-01,"Jul 2000","All",49.3,"Scss","Share absorbed at completion"
"59933",2000-08-01,"Aug 2000","Single",65.7,"Scss","Share absorbed at completion"
"59933",2000-08-01,"Aug 2000","Semi-Detached",67.6,"Scss","Share absorbed at completion"
"59933",2000-08-01,"Aug 2000","Row",37.1,"Scss","Share absorbed at completion"
"59933",2000-08-01,"Aug 2000","Apartment",39.9,"Scss","Share absorbed at completion"
"59933",2000-08-01,"Aug 2000","All",52.6,"Scss","Share absorbed at completion"
"59933",2000-09-01,"Sep 2000","Single",67.3,"Scss","Share absorbed at completion"
"59933",2000-09-01,"Sep 2000","Semi-Detached",21.7,"Scss","Share absorbed at completion"
"59933",2000-09-01,"Sep 2000","Row",43.8,"Scss","Share absorbed at completion"
"59933",2000-09-01,"Sep 2000","Apartment",39.7,"Scss","Share absorbed at completion"
"59933",2000-09-01,"Sep 2000","All",53.4,"Scss","Share absorbed at completion"
"59933",2000-10-01,"Oct 2000","Single",63.7,"Scss","Share absorbed at completion"
"59933",2000-10-01,"Oct 2000","Semi-Detached",32.4,"Scss","Share absorbed at completion"
"59933",2000-10-01,"Oct 2000","Row",40,"Scss","Share absorbed at completion"
"59933",2000-10-01,"Oct 2000","Apartment",15.3,"Scss","Share absorbed at completion"
"59933",2000-10-01,"Oct 2000","All",46.8,"Scss","Share absorbed at completion"
"59933",2000-11-01,"Nov 2000","Single",62.5,"Scss","Share absorbed at completion"
"59933",2000-11-01,"Nov 2000","Semi-Detached",60,"Scss","Share absorbed at completion"
"59933",2000-11-01,"Nov 2000","Row",39.2,"Scss","Share absorbed at completion"
"59933",2000-11-01,"Nov 2000","Apartment",53.3,"Scss","Share absorbed at completion"
"59933",2000-11-01,"Nov 2000","All",55.7,"Scss","Share absorbed at completion"
"59933",2000-12-01,"Dec 2000","Single",49.5,"Scss","Share absorbed at completion"
"59933",2000-12-01,"Dec 2000","Semi-Detached",16.7,"Scss","Share absorbed at completion"
"59933",2000-12-01,"Dec 2000","Row",32.5,"Scss","Share absorbed at completion"
"59933",2000-12-01,"Dec 2000","Apartment",23.5,"Scss","Share absorbed at completion"
"59933",2000-12-01,"Dec 2000","All",35.5,"Scss","Share absorbed at completion"
"59933",2001-01-01,"Jan 2001","Single",64.9,"Scss","Share absorbed at completion"
"59933",2001-01-01,"Jan 2001","Semi-Detached",26.3,"Scss","Share absorbed at completion"
"59933",2001-01-01,"Jan 2001","Row",37.3,"Scss","Share absorbed at completion"
"59933",2001-01-01,"Jan 2001","Apartment",16.9,"Scss","Share absorbed at completion"
"59933",2001-01-01,"Jan 2001","All",43.7,"Scss","Share absorbed at completion"
"59933",2001-02-01,"Feb 2001","Single",64.5,"Scss","Share absorbed at completion"
"59933",2001-02-01,"Feb 2001","Semi-Detached",50,"Scss","Share absorbed at completion"
"59933",2001-02-01,"Feb 2001","Row",54.5,"Scss","Share absorbed at completion"
"59933",2001-02-01,"Feb 2001","Apartment",26,"Scss","Share absorbed at completion"
"59933",2001-02-01,"Feb 2001","All",55,"Scss","Share absorbed at completion"
"59933",2001-03-01,"Mar 2001","Single",55.5,"Scss","Share absorbed at completion"
"59933",2001-03-01,"Mar 2001","Semi-Detached",39.6,"Scss","Share absorbed at completion"
"59933",2001-03-01,"Mar 2001","Row",67.1,"Scss","Share absorbed at completion"
"59933",2001-03-01,"Mar 2001","Apartment",21.4,"Scss","Share absorbed at completion"
"59933",2001-03-01,"Mar 2001","All",48.2,"Scss","Share absorbed at completion"
"59933",2001-04-01,"Apr 2001","Single",60.2,"Scss","Share absorbed at completion"
"59933",2001-04-01,"Apr 2001","Semi-Detached",63,"Scss","Share absorbed at completion"
"59933",2001-04-01,"Apr 2001","Row",48.3,"Scss","Share absorbed at completion"
"59933",2001-04-01,"Apr 2001","Apartment",37,"Scss","Share absorbed at completion"
"59933",2001-04-01,"Apr 2001","All",49.3,"Scss","Share absorbed at completion"
"59933",2001-05-01,"May 2001","Single",64.2,"Scss","Share absorbed at completion"
"59933",2001-05-01,"May 2001","Semi-Detached",44,"Scss","Share absorbed at completion"
"59933",2001-05-01,"May 2001","Row",38.7,"Scss","Share absorbed at completion"
"59933",2001-05-01,"May 2001","Apartment",69.3,"Scss","Share absorbed at completion"
"59933",2001-05-01,"May 2001","All",59.1,"Scss","Share absorbed at completion"
"59933",2001-06-01,"Jun 2001","Single",75.8,"Scss","Share absorbed at completion"
"59933",2001-06-01,"Jun 2001","Semi-Detached",66.7,"Scss","Share absorbed at completion"
"59933",2001-06-01,"Jun 2001","Row",56.1,"Scss","Share absorbed at completion"
"59933",2001-06-01,"Jun 2001","Apartment",60.4,"Scss","Share absorbed at completion"
"59933",2001-06-01,"Jun 2001","All",67.7,"Scss","Share absorbed at completion"
"59933",2001-07-01,"Jul 2001","Single",68.7,"Scss","Share absorbed at completion"
"59933",2001-07-01,"Jul 2001","Semi-Detached",58.8,"Scss","Share absorbed at completion"
"59933",2001-07-01,"Jul 2001","Row",47.7,"Scss","Share absorbed at completion"
"59933",2001-07-01,"Jul 2001","Apartment",55.8,"Scss","Share absorbed at completion"
"59933",2001-07-01,"Jul 2001","All",59.5,"Scss","Share absorbed at completion"
"59933",2001-08-01,"Aug 2001","Single",72.9,"Scss","Share absorbed at completion"
"59933",2001-08-01,"Aug 2001","Semi-Detached",68,"Scss","Share absorbed at completion"
"59933",2001-08-01,"Aug 2001","Row",81.6,"Scss","Share absorbed at completion"
"59933",2001-08-01,"Aug 2001","Apartment",88.1,"Scss","Share absorbed at completion"
"59933",2001-08-01,"Aug 2001","All",76,"Scss","Share absorbed at completion"
"59933",2001-09-01,"Sep 2001","Single",69.3,"Scss","Share absorbed at completion"
"59933",2001-09-01,"Sep 2001","Semi-Detached",45.8,"Scss","Share absorbed at completion"
"59933",2001-09-01,"Sep 2001","Row",42.9,"Scss","Share absorbed at completion"
"59933",2001-09-01,"Sep 2001","Apartment",83.3,"Scss","Share absorbed at completion"
"59933",2001-09-01,"Sep 2001","All",65.5,"Scss","Share absorbed at completion"
"59933",2001-10-01,"Oct 2001","Single",69,"Scss","Share absorbed at completion"
"59933",2001-10-01,"Oct 2001","Semi-Detached",74.2,"Scss","Share absorbed at completion"
"59933",2001-10-01,"Oct 2001","Row",59.6,"Scss","Share absorbed at completion"
"59933",2001-10-01,"Oct 2001","Apartment",45.9,"Scss","Share absorbed at completion"
"59933",2001-10-01,"Oct 2001","All",61.7,"Scss","Share absorbed at completion"
"59933",2001-11-01,"Nov 2001","Single",73.5,"Scss","Share absorbed at completion"
"59933",2001-11-01,"Nov 2001","Semi-Detached",66.7,"Scss","Share absorbed at completion"
"59933",2001-11-01,"Nov 2001","Row",31.3,"Scss","Share absorbed at completion"
"59933",2001-11-01,"Nov 2001","Apartment",45.7,"Scss","Share absorbed at completion"
"59933",2001-11-01,"Nov 2001","All",61.6,"Scss","Share absorbed at completion"
"59933",2001-12-01,"Dec 2001","Single",73.2,"Scss","Share absorbed at completion"
"59933",2001-12-01,"Dec 2001","Semi-Detached",65,"Scss","Share absorbed at completion"
"59933",2001-12-01,"Dec 2001","Row",43.8,"Scss","Share absorbed at completion"
"59933",2001-12-01,"Dec 2001","Apartment",55.9,"Scss","Share absorbed at completion"
"59933",2001-12-01,"Dec 2001","All",67.5,"Scss","Share absorbed at completion"
"59933",2002-01-01,"Jan 2002","Single",65.8,"Scss","Share absorbed at completion"
"59933",2002-01-01,"Jan 2002","Semi-Detached",70,"Scss","Share absorbed at completion"
"59933",2002-01-01,"Jan 2002","Row",64.7,"Scss","Share absorbed at completion"
"59933",2002-01-01,"Jan 2002","Apartment",81.6,"Scss","Share absorbed at completion"
"59933",2002-01-01,"Jan 2002","All",74.5,"Scss","Share absorbed at completion"
"59933",2002-02-01,"Feb 2002","Single",80.9,"Scss","Share absorbed at completion"
"59933",2002-02-01,"Feb 2002","Semi-Detached",62.8,"Scss","Share absorbed at completion"
"59933",2002-02-01,"Feb 2002","Row",60.6,"Scss","Share absorbed at completion"
"59933",2002-02-01,"Feb 2002","Apartment",89.5,"Scss","Share absorbed at completion"
"59933",2002-02-01,"Feb 2002","All",80,"Scss","Share absorbed at completion"
"59933",2002-03-01,"Mar 2002","Single",70.3,"Scss","Share absorbed at completion"
"59933",2002-03-01,"Mar 2002","Semi-Detached",59.1,"Scss","Share absorbed at completion"
"59933",2002-03-01,"Mar 2002","Row",75.8,"Scss","Share absorbed at completion"
"59933",2002-03-01,"Mar 2002","Apartment",53.8,"Scss","Share absorbed at completion"
"59933",2002-03-01,"Mar 2002","All",66.6,"Scss","Share absorbed at completion"
"59933",2002-04-01,"Apr 2002","Single",70.1,"Scss","Share absorbed at completion"
"59933",2002-04-01,"Apr 2002","Semi-Detached",75,"Scss","Share absorbed at completion"
"59933",2002-04-01,"Apr 2002","Row",79.4,"Scss","Share absorbed at completion"
"59933",2002-04-01,"Apr 2002","Apartment",82.6,"Scss","Share absorbed at completion"
"59933",2002-04-01,"Apr 2002","All",74.2,"Scss","Share absorbed at completion"
"59933",2002-05-01,"May 2002","Single",74.6,"Scss","Share absorbed at completion"
"59933",2002-05-01,"May 2002","Semi-Detached",57.8,"Scss","Share absorbed at completion"
"59933",2002-05-01,"May 2002","Row",86.7,"Scss","Share absorbed at completion"
"59933",2002-05-01,"May 2002","Apartment",54.7,"Scss","Share absorbed at completion"
"59933",2002-05-01,"May 2002","All",68.3,"Scss","Share absorbed at completion"
"59933",2002-06-01,"Jun 2002","Single",80.1,"Scss","Share absorbed at completion"
"59933",2002-06-01,"Jun 2002","Semi-Detached",44.1,"Scss","Share absorbed at completion"
"59933",2002-06-01,"Jun 2002","Row",74.5,"Scss","Share absorbed at completion"
"59933",2002-06-01,"Jun 2002","Apartment",81.3,"Scss","Share absorbed at completion"
"59933",2002-06-01,"Jun 2002","All",77.5,"Scss","Share absorbed at completion"
"59933",2002-07-01,"Jul 2002","Single",79.9,"Scss","Share absorbed at completion"
"59933",2002-07-01,"Jul 2002","Semi-Detached",64.3,"Scss","Share absorbed at completion"
"59933",2002-07-01,"Jul 2002","Row",97.2,"Scss","Share absorbed at completion"
"59933",2002-07-01,"Jul 2002","Apartment",82.3,"Scss","Share absorbed at completion"
"59933",2002-07-01,"Jul 2002","All",81.7,"Scss","Share absorbed at completion"
"59933",2002-08-01,"Aug 2002","Single",77.7,"Scss","Share absorbed at completion"
"59933",2002-08-01,"Aug 2002","Semi-Detached",60.7,"Scss","Share absorbed at completion"
"59933",2002-08-01,"Aug 2002","Row",81.8,"Scss","Share absorbed at completion"
"59933",2002-08-01,"Aug 2002","Apartment",94.2,"Scss","Share absorbed at completion"
"59933",2002-08-01,"Aug 2002","All",80.4,"Scss","Share absorbed at completion"
"59933",2002-09-01,"Sep 2002","Single",80.4,"Scss","Share absorbed at completion"
"59933",2002-09-01,"Sep 2002","Semi-Detached",50,"Scss","Share absorbed at completion"
"59933",2002-09-01,"Sep 2002","Row",88.4,"Scss","Share absorbed at completion"
"59933",2002-09-01,"Sep 2002","Apartment",97.3,"Scss","Share absorbed at completion"
"59933",2002-09-01,"Sep 2002","All",86.8,"Scss","Share absorbed at completion"
"59933",2002-10-01,"Oct 2002","Single",75.1,"Scss","Share absorbed at completion"
"59933",2002-10-01,"Oct 2002","Semi-Detached",55,"Scss","Share absorbed at completion"
"59933",2002-10-01,"Oct 2002","Row",77.1,"Scss","Share absorbed at completion"
"59933",2002-10-01,"Oct 2002","Apartment",85.9,"Scss","Share absorbed at completion"
"59933",2002-10-01,"Oct 2002","All",80,"Scss","Share absorbed at completion"
"59933",2002-11-01,"Nov 2002","Single",71.1,"Scss","Share absorbed at completion"
"59933",2002-11-01,"Nov 2002","Semi-Detached",59.1,"Scss","Share absorbed at completion"
"59933",2002-11-01,"Nov 2002","Row",72.7,"Scss","Share absorbed at completion"
"59933",2002-11-01,"Nov 2002","Apartment",40.9,"Scss","Share absorbed at completion"
"59933",2002-11-01,"Nov 2002","All",60.9,"Scss","Share absorbed at completion"
"59933",2002-12-01,"Dec 2002","Single",74.5,"Scss","Share absorbed at completion"
"59933",2002-12-01,"Dec 2002","Semi-Detached",50,"Scss","Share absorbed at completion"
"59933",2002-12-01,"Dec 2002","Row",70.2,"Scss","Share absorbed at completion"
"59933",2002-12-01,"Dec 2002","Apartment",93.5,"Scss","Share absorbed at completion"
"59933",2002-12-01,"Dec 2002","All",77.7,"Scss","Share absorbed at completion"
"59933",2003-01-01,"Jan 2003","Single",71.2,"Scss","Share absorbed at completion"
"59933",2003-01-01,"Jan 2003","Semi-Detached",47.4,"Scss","Share absorbed at completion"
"59933",2003-01-01,"Jan 2003","Row",83.2,"Scss","Share absorbed at completion"
"59933",2003-01-01,"Jan 2003","Apartment",87.3,"Scss","Share absorbed at completion"
"59933",2003-01-01,"Jan 2003","All",76.3,"Scss","Share absorbed at completion"
"59933",2003-02-01,"Feb 2003","Single",68.8,"Scss","Share absorbed at completion"
"59933",2003-02-01,"Feb 2003","Semi-Detached",18.8,"Scss","Share absorbed at completion"
"59933",2003-02-01,"Feb 2003","Row",89.2,"Scss","Share absorbed at completion"
"59933",2003-02-01,"Feb 2003","Apartment",95.7,"Scss","Share absorbed at completion"
"59933",2003-02-01,"Feb 2003","All",76.1,"Scss","Share absorbed at completion"
"59933",2003-03-01,"Mar 2003","Single",73.9,"Scss","Share absorbed at completion"
"59933",2003-03-01,"Mar 2003","Semi-Detached",55.3,"Scss","Share absorbed at completion"
"59933",2003-03-01,"Mar 2003","Row",74.5,"Scss","Share absorbed at completion"
"59933",2003-03-01,"Mar 2003","Apartment",78.2,"Scss","Share absorbed at completion"
"59933",2003-03-01,"Mar 2003","All",72.3,"Scss","Share absorbed at completion"
"59933",2003-04-01,"Apr 2003","Single",74.1,"Scss","Share absorbed at completion"
"59933",2003-04-01,"Apr 2003","Semi-Detached",43.5,"Scss","Share absorbed at completion"
"59933",2003-04-01,"Apr 2003","Row",73.3,"Scss","Share absorbed at completion"
"59933",2003-04-01,"Apr 2003","Apartment",82.5,"Scss","Share absorbed at completion"
"59933",2003-04-01,"Apr 2003","All",75.1,"Scss","Share absorbed at completion"
"59933",2003-05-01,"May 2003","Single",69.3,"Scss","Share absorbed at completion"
"59933",2003-05-01,"May 2003","Semi-Detached",49,"Scss","Share absorbed at completion"
"59933",2003-05-01,"May 2003","Row",89.4,"Scss","Share absorbed at completion"
"59933",2003-05-01,"May 2003","Apartment",81.6,"Scss","Share absorbed at completion"
"59933",2003-05-01,"May 2003","All",76.3,"Scss","Share absorbed at completion"
"59933",2003-06-01,"Jun 2003","Single",74.1,"Scss","Share absorbed at completion"
"59933",2003-06-01,"Jun 2003","Semi-Detached",43.3,"Scss","Share absorbed at completion"
"59933",2003-06-01,"Jun 2003","Row",82.9,"Scss","Share absorbed at completion"
"59933",2003-06-01,"Jun 2003","Apartment",78.9,"Scss","Share absorbed at completion"
"59933",2003-06-01,"Jun 2003","All",72.8,"Scss","Share absorbed at completion"
"59933",2003-07-01,"Jul 2003","Single",74.7,"Scss","Share absorbed at completion"
"59933",2003-07-01,"Jul 2003","Semi-Detached",67.9,"Scss","Share absorbed at completion"
"59933",2003-07-01,"Jul 2003","Row",90.4,"Scss","Share absorbed at completion"
"59933",2003-07-01,"Jul 2003","Apartment",92.7,"Scss","Share absorbed at completion"
"59933",2003-07-01,"Jul 2003","All",84.7,"Scss","Share absorbed at completion"
"59933",2003-08-01,"Aug 2003","Single",75.8,"Scss","Share absorbed at completion"
"59933",2003-08-01,"Aug 2003","Semi-Detached",53.1,"Scss","Share absorbed at completion"
"59933",2003-08-01,"Aug 2003","Row",68,"Scss","Share absorbed at completion"
"59933",2003-08-01,"Aug 2003","Apartment",87.7,"Scss","Share absorbed at completion"
"59933",2003-08-01,"Aug 2003","All",78.8,"Scss","Share absorbed at completion"
"59933",2003-09-01,"Sep 2003","Single",78.4,"Scss","Share absorbed at completion"
"59933",2003-09-01,"Sep 2003","Semi-Detached",42.9,"Scss","Share absorbed at completion"
"59933",2003-09-01,"Sep 2003","Row",92.6,"Scss","Share absorbed at completion"
"59933",2003-09-01,"Sep 2003","Apartment",85.3,"Scss","Share absorbed at completion"
"59933",2003-09-01,"Sep 2003","All",81.6,"Scss","Share absorbed at completion"
"59933",2003-10-01,"Oct 2003","Single",72.8,"Scss","Share absorbed at completion"
"59933",2003-10-01,"Oct 2003","Semi-Detached",52.3,"Scss","Share absorbed at completion"
"59933",2003-10-01,"Oct 2003","Row",91.9,"Scss","Share absorbed at completion"
"59933",2003-10-01,"Oct 2003","Apartment",90,"Scss","Share absorbed at completion"
"59933",2003-10-01,"Oct 2003","All",83,"Scss","Share absorbed at completion"
"59933",2003-11-01,"Nov 2003","Single",69.6,"Scss","Share absorbed at completion"
"59933",2003-11-01,"Nov 2003","Semi-Detached",51.9,"Scss","Share absorbed at completion"
"59933",2003-11-01,"Nov 2003","Row",90.6,"Scss","Share absorbed at completion"
"59933",2003-11-01,"Nov 2003","Apartment",61.2,"Scss","Share absorbed at completion"
"59933",2003-11-01,"Nov 2003","All",70,"Scss","Share absorbed at completion"
"59933",2003-12-01,"Dec 2003","Single",69.8,"Scss","Share absorbed at completion"
"59933",2003-12-01,"Dec 2003","Semi-Detached",50,"Scss","Share absorbed at completion"
"59933",2003-12-01,"Dec 2003","Row",78.2,"Scss","Share absorbed at completion"
"59933",2003-12-01,"Dec 2003","Apartment",95,"Scss","Share absorbed at completion"
"59933",2003-12-01,"Dec 2003","All",82.1,"Scss","Share absorbed at completion"
"59933",2004-01-01,"Jan 2004","Single",79.9,"Scss","Share absorbed at completion"
"59933",2004-01-01,"Jan 2004","Semi-Detached",78.3,"Scss","Share absorbed at completion"
"59933",2004-01-01,"Jan 2004","Row",93,"Scss","Share absorbed at completion"
"59933",2004-01-01,"Jan 2004","Apartment",96,"Scss","Share absorbed at completion"
"59933",2004-01-01,"Jan 2004","All",89.1,"Scss","Share absorbed at completion"
"59933",2004-02-01,"Feb 2004","Single",70,"Scss","Share absorbed at completion"
"59933",2004-02-01,"Feb 2004","Semi-Detached",66.7,"Scss","Share absorbed at completion"
"59933",2004-02-01,"Feb 2004","Row",86.2,"Scss","Share absorbed at completion"
"59933",2004-02-01,"Feb 2004","Apartment",99.7,"Scss","Share absorbed at completion"
"59933",2004-02-01,"Feb 2004","All",84.2,"Scss","Share absorbed at completion"
"59933",2004-03-01,"Mar 2004","Single",76.1,"Scss","Share absorbed at completion"
"59933",2004-03-01,"Mar 2004","Semi-Detached",50,"Scss","Share absorbed at completion"
"59933",2004-03-01,"Mar 2004","Row",86.8,"Scss","Share absorbed at completion"
"59933",2004-03-01,"Mar 2004","Apartment",96,"Scss","Share absorbed at completion"
"59933",2004-03-01,"Mar 2004","All",83.5,"Scss","Share absorbed at completion"
"59933",2004-04-01,"Apr 2004","Single",74.9,"Scss","Share absorbed at completion"
"59933",2004-04-01,"Apr 2004","Semi-Detached",61.8,"Scss","Share absorbed at completion"
"59933",2004-04-01,"Apr 2004","Row",93.6,"Scss","Share absorbed at completion"
"59933",2004-04-01,"Apr 2004","Apartment",80.2,"Scss","Share absorbed at completion"
"59933",2004-04-01,"Apr 2004","All",79.1,"Scss","Share absorbed at completion"
"59933",2004-05-01,"May 2004","Single",72.4,"Scss","Share absorbed at completion"
"59933",2004-05-01,"May 2004","Semi-Detached",46.2,"Scss","Share absorbed at completion"
"59933",2004-05-01,"May 2004","Row",91.4,"Scss","Share absorbed at completion"
"59933",2004-05-01,"May 2004","Apartment",93.6,"Scss","Share absorbed at completion"
"59933",2004-05-01,"May 2004","All",82.5,"Scss","Share absorbed at completion"
"59933",2004-06-01,"Jun 2004","Single",77.6,"Scss","Share absorbed at completion"
"59933",2004-06-01,"Jun 2004","Semi-Detached",72.1,"Scss","Share absorbed at completion"
"59933",2004-06-01,"Jun 2004","Row",96.4,"Scss","Share absorbed at completion"
"59933",2004-06-01,"Jun 2004","Apartment",95.9,"Scss","Share absorbed at completion"
"59933",2004-06-01,"Jun 2004","All",88.5,"Scss","Share absorbed at completion"
"59933",2004-07-01,"Jul 2004","Single",79.1,"Scss","Share absorbed at completion"
"59933",2004-07-01,"Jul 2004","Semi-Detached",80.4,"Scss","Share absorbed at completion"
"59933",2004-07-01,"Jul 2004","Row",90.1,"Scss","Share absorbed at completion"
"59933",2004-07-01,"Jul 2004","Apartment",93.8,"Scss","Share absorbed at completion"
"59933",2004-07-01,"Jul 2004","All",85.6,"Scss","Share absorbed at completion"
"59933",2004-08-01,"Aug 2004","Single",75.9,"Scss","Share absorbed at completion"
"59933",2004-08-01,"Aug 2004","Semi-Detached",74.4,"Scss","Share absorbed at completion"
"59933",2004-08-01,"Aug 2004","Row",83.6,"Scss","Share absorbed at completion"
"59933",2004-08-01,"Aug 2004","Apartment",99,"Scss","Share absorbed at completion"
"59933",2004-08-01,"Aug 2004","All",88.8,"Scss","Share absorbed at completion"
"59933",2004-09-01,"Sep 2004","Single",77.9,"Scss","Share absorbed at completion"
"59933",2004-09-01,"Sep 2004","Semi-Detached",37,"Scss","Share absorbed at completion"
"59933",2004-09-01,"Sep 2004","Row",87.2,"Scss","Share absorbed at completion"
"59933",2004-09-01,"Sep 2004","Apartment",82.4,"Scss","Share absorbed at completion"
"59933",2004-09-01,"Sep 2004","All",78.3,"Scss","Share absorbed at completion"
"59933",2004-10-01,"Oct 2004","Single",74.6,"Scss","Share absorbed at completion"
"59933",2004-10-01,"Oct 2004","Semi-Detached",59.1,"Scss","Share absorbed at completion"
"59933",2004-10-01,"Oct 2004","Row",73.2,"Scss","Share absorbed at completion"
"59933",2004-10-01,"Oct 2004","Apartment",77.8,"Scss","Share absorbed at completion"
"59933",2004-10-01,"Oct 2004","All",74.2,"Scss","Share absorbed at completion"
"59933",2004-11-01,"Nov 2004","Single",65.7,"Scss","Share absorbed at completion"
"59933",2004-11-01,"Nov 2004","Semi-Detached",53.4,"Scss","Share absorbed at completion"
"59933",2004-11-01,"Nov 2004","Row",74.3,"Scss","Share absorbed at completion"
"59933",2004-11-01,"Nov 2004","Apartment",85.1,"Scss","Share absorbed at completion"
"59933",2004-11-01,"Nov 2004","All",73,"Scss","Share absorbed at completion"
"59933",2004-12-01,"Dec 2004","Single",69.6,"Scss","Share absorbed at completion"
"59933",2004-12-01,"Dec 2004","Semi-Detached",53.7,"Scss","Share absorbed at completion"
"59933",2004-12-01,"Dec 2004","Row",86.1,"Scss","Share absorbed at completion"
"59933",2004-12-01,"Dec 2004","Apartment",93.3,"Scss","Share absorbed at completion"
"59933",2004-12-01,"Dec 2004","All",82.4,"Scss","Share absorbed at completion"
"59933",2005-01-01,"Jan 2005","Single",69.1,"Scss","Share absorbed at completion"
"59933",2005-01-01,"Jan 2005","Semi-Detached",43.2,"Scss","Share absorbed at completion"
"59933",2005-01-01,"Jan 2005","Row",78.2,"Scss","Share absorbed at completion"
"59933",2005-01-01,"Jan 2005","Apartment",94.4,"Scss","Share absorbed at completion"
"59933",2005-01-01,"Jan 2005","All",81.7,"Scss","Share absorbed at completion"
"59933",2005-02-01,"Feb 2005","Single",69.4,"Scss","Share absorbed at completion"
"59933",2005-02-01,"Feb 2005","Semi-Detached",61.7,"Scss","Share absorbed at completion"
"59933",2005-02-01,"Feb 2005","Row",87.9,"Scss","Share absorbed at completion"
"59933",2005-02-01,"Feb 2005","Apartment",97.1,"Scss","Share absorbed at completion"
"59933",2005-02-01,"Feb 2005","All",85.7,"Scss","Share absorbed at completion"
"59933",2005-03-01,"Mar 2005","Single",65.9,"Scss","Share absorbed at completion"
"59933",2005-03-01,"Mar 2005","Semi-Detached",51.9,"Scss","Share absorbed at completion"
"59933",2005-03-01,"Mar 2005","Row",82,"Scss","Share absorbed at completion"
"59933",2005-03-01,"Mar 2005","Apartment",93.3,"Scss","Share absorbed at completion"
"59933",2005-03-01,"Mar 2005","All",80.8,"Scss","Share absorbed at completion"
"59933",2005-04-01,"Apr 2005","Single",71.3,"Scss","Share absorbed at completion"
"59933",2005-04-01,"Apr 2005","Semi-Detached",64,"Scss","Share absorbed at completion"
"59933",2005-04-01,"Apr 2005","Row",85.6,"Scss","Share absorbed at completion"
"59933",2005-04-01,"Apr 2005","Apartment",97.2,"Scss","Share absorbed at completion"
"59933",2005-04-01,"Apr 2005","All",90.4,"Scss","Share absorbed at completion"
"59933",2005-05-01,"May 2005","Single",72.6,"Scss","Share absorbed at completion"
"59933",2005-05-01,"May 2005","Semi-Detached",46.8,"Scss","Share absorbed at completion"
"59933",2005-05-01,"May 2005","Row",78.6,"Scss","Share absorbed at completion"
"59933",2005-05-01,"May 2005","Apartment",99,"Scss","Share absorbed at completion"
"59933",2005-05-01,"May 2005","All",86.3,"Scss","Share absorbed at completion"
"59933",2005-06-01,"Jun 2005","Single",71.4,"Scss","Share absorbed at completion"
"59933",2005-06-01,"Jun 2005","Semi-Detached",86,"Scss","Share absorbed at completion"
"59933",2005-06-01,"Jun 2005","Row",84.9,"Scss","Share absorbed at completion"
"59933",2005-06-01,"Jun 2005","Apartment",94.5,"Scss","Share absorbed at completion"
"59933",2005-06-01,"Jun 2005","All",82.5,"Scss","Share absorbed at completion"
"59933",2005-07-01,"Jul 2005","Single",71.2,"Scss","Share absorbed at completion"
"59933",2005-07-01,"Jul 2005","Semi-Detached",81.4,"Scss","Share absorbed at completion"
"59933",2005-07-01,"Jul 2005","Row",71.3,"Scss","Share absorbed at completion"
"59933",2005-07-01,"Jul 2005","Apartment",98.7,"Scss","Share absorbed at completion"
"59933",2005-07-01,"Jul 2005","All",79.5,"Scss","Share absorbed at completion"
"59933",2005-08-01,"Aug 2005","Single",81.9,"Scss","Share absorbed at completion"
"59933",2005-08-01,"Aug 2005","Semi-Detached",70,"Scss","Share absorbed at completion"
"59933",2005-08-01,"Aug 2005","Row",82.1,"Scss","Share absorbed at completion"
"59933",2005-08-01,"Aug 2005","Apartment",90,"Scss","Share absorbed at completion"
"59933",2005-08-01,"Aug 2005","All",82,"Scss","Share absorbed at completion"
"59933",2005-09-01,"Sep 2005","Single",75.2,"Scss","Share absorbed at completion"
"59933",2005-09-01,"Sep 2005","Semi-Detached",64.1,"Scss","Share absorbed at completion"
"59933",2005-09-01,"Sep 2005","Row",86.5,"Scss","Share absorbed at completion"
"59933",2005-09-01,"Sep 2005","Apartment",98.2,"Scss","Share absorbed at completion"
"59933",2005-09-01,"Sep 2005","All",87.2,"Scss","Share absorbed at completion"
"59933",2005-10-01,"Oct 2005","Single",65,"Scss","Share absorbed at completion"
"59933",2005-10-01,"Oct 2005","Semi-Detached",85,"Scss","Share absorbed at completion"
"59933",2005-10-01,"Oct 2005","Row",91.4,"Scss","Share absorbed at completion"
"59933",2005-10-01,"Oct 2005","Apartment",98.4,"Scss","Share absorbed at completion"
"59933",2005-10-01,"Oct 2005","All",88.8,"Scss","Share absorbed at completion"
"59933",2005-11-01,"Nov 2005","Single",75.4,"Scss","Share absorbed at completion"
"59933",2005-11-01,"Nov 2005","Semi-Detached",73.1,"Scss","Share absorbed at completion"
"59933",2005-11-01,"Nov 2005","Row",79,"Scss","Share absorbed at completion"
"59933",2005-11-01,"Nov 2005","Apartment",66.9,"Scss","Share absorbed at completion"
"59933",2005-11-01,"Nov 2005","All",74.6,"Scss","Share absorbed at completion"
"59933",2005-12-01,"Dec 2005","Single",76.2,"Scss","Share absorbed at completion"
"59933",2005-12-01,"Dec 2005","Semi-Detached",79.2,"Scss","Share absorbed at completion"
"59933",2005-12-01,"Dec 2005","Row",86.6,"Scss","Share absorbed at completion"
"59933",2005-12-01,"Dec 2005","Apartment",83.1,"Scss","Share absorbed at completion"
"59933",2005-12-01,"Dec 2005","All",81.5,"Scss","Share absorbed at completion"
"59933",2006-01-01,"Jan 2006","Single",78.7,"Scss","Share absorbed at completion"
"59933",2006-01-01,"Jan 2006","Semi-Detached",81,"Scss","Share absorbed at completion"
"59933",2006-01-01,"Jan 2006","Row",90.8,"Scss","Share absorbed at completion"
"59933",2006-01-01,"Jan 2006","Apartment",76.3,"Scss","Share absorbed at completion"
"59933",2006-01-01,"Jan 2006","All",81.9,"Scss","Share absorbed at completion"
"59933",2006-02-01,"Feb 2006","Single",75.1,"Scss","Share absorbed at completion"
"59933",2006-02-01,"Feb 2006","Semi-Detached",87.8,"Scss","Share absorbed at completion"
"59933",2006-02-01,"Feb 2006","Row",95.9,"Scss","Share absorbed at completion"
"59933",2006-02-01,"Feb 2006","Apartment",98.8,"Scss","Share absorbed at completion"
"59933",2006-02-01,"Feb 2006","All",95.4,"Scss","Share absorbed at completion"
"59933",2006-03-01,"Mar 2006","Single",70.8,"Scss","Share absorbed at completion"
"59933",2006-03-01,"Mar 2006","Semi-Detached",65.2,"Scss","Share absorbed at completion"
"59933",2006-03-01,"Mar 2006","Row",96.4,"Scss","Share absorbed at completion"
"59933",2006-03-01,"Mar 2006","Apartment",91.4,"Scss","Share absorbed at completion"
"59933",2006-03-01,"Mar 2006","All",80.6,"Scss","Share absorbed at completion"
"59933",2006-04-01,"Apr 2006","Single",69.8,"Scss","Share absorbed at completion"
"59933",2006-04-01,"Apr 2006","Semi-Detached",75.4,"Scss","Share absorbed at completion"
"59933",2006-04-01,"Apr 2006","Row",93.9,"Scss","Share absorbed at completion"
"59933",2006-04-01,"Apr 2006","Apartment",92.1,"Scss","Share absorbed at completion"
"59933",2006-04-01,"Apr 2006","All",84.4,"Scss","Share absorbed at completion"
"59933",2006-05-01,"May 2006","Single",70,"Scss","Share absorbed at completion"
"59933",2006-05-01,"May 2006","Semi-Detached",62,"Scss","Share absorbed at completion"
"59933",2006-05-01,"May 2006","Row",93.8,"Scss","Share absorbed at completion"
"59933",2006-05-01,"May 2006","Apartment",99,"Scss","Share absorbed at completion"
"59933",2006-05-01,"May 2006","All",86.5,"Scss","Share absorbed at completion"
"59933",2006-06-01,"Jun 2006","Single",74.9,"Scss","Share absorbed at completion"
"59933",2006-06-01,"Jun 2006","Semi-Detached",76.1,"Scss","Share absorbed at completion"
"59933",2006-06-01,"Jun 2006","Row",95.6,"Scss","Share absorbed at completion"
"59933",2006-06-01,"Jun 2006","Apartment",93.4,"Scss","Share absorbed at completion"
"59933",2006-06-01,"Jun 2006","All",87.2,"Scss","Share absorbed at completion"
"59933",2006-07-01,"Jul 2006","Single",69.7,"Scss","Share absorbed at completion"
"59933",2006-07-01,"Jul 2006","Semi-Detached",59.1,"Scss","Share absorbed at completion"
"59933",2006-07-01,"Jul 2006","Row",88.5,"Scss","Share absorbed at completion"
"59933",2006-07-01,"Jul 2006","Apartment",98,"Scss","Share absorbed at completion"
"59933",2006-07-01,"Jul 2006","All",86.6,"Scss","Share absorbed at completion"
"59933",2006-08-01,"Aug 2006","Single",63.4,"Scss","Share absorbed at completion"
"59933",2006-08-01,"Aug 2006","Semi-Detached",77,"Scss","Share absorbed at completion"
"59933",2006-08-01,"Aug 2006","Row",83.1,"Scss","Share absorbed at completion"
"59933",2006-08-01,"Aug 2006","Apartment",96.7,"Scss","Share absorbed at completion"
"59933",2006-08-01,"Aug 2006","All",82.6,"Scss","Share absorbed at completion"
"59933",2006-09-01,"Sep 2006","Single",74,"Scss","Share absorbed at completion"
"59933",2006-09-01,"Sep 2006","Semi-Detached",69.4,"Scss","Share absorbed at completion"
"59933",2006-09-01,"Sep 2006","Row",83.1,"Scss","Share absorbed at completion"
"59933",2006-09-01,"Sep 2006","Apartment",89,"Scss","Share absorbed at completion"
"59933",2006-09-01,"Sep 2006","All",81,"Scss","Share absorbed at completion"
"59933",2006-10-01,"Oct 2006","Single",66.4,"Scss","Share absorbed at completion"
"59933",2006-10-01,"Oct 2006","Semi-Detached",67.4,"Scss","Share absorbed at completion"
"59933",2006-10-01,"Oct 2006","Row",85.7,"Scss","Share absorbed at completion"
"59933",2006-10-01,"Oct 2006","Apartment",98.3,"Scss","Share absorbed at completion"
"59933",2006-10-01,"Oct 2006","All",82.1,"Scss","Share absorbed at completion"
"59933",2006-11-01,"Nov 2006","Single",64.8,"Scss","Share absorbed at completion"
"59933",2006-11-01,"Nov 2006","Semi-Detached",39.1,"Scss","Share absorbed at completion"
"59933",2006-11-01,"Nov 2006","Row",82,"Scss","Share absorbed at completion"
"59933",2006-11-01,"Nov 2006","Apartment",96.1,"Scss","Share absorbed at completion"
"59933",2006-11-01,"Nov 2006","All",80.6,"Scss","Share absorbed at completion"
"59933",2006-12-01,"Dec 2006","Single",64.1,"Scss","Share absorbed at completion"
"59933",2006-12-01,"Dec 2006","Semi-Detached",64,"Scss","Share absorbed at completion"
"59933",2006-12-01,"Dec 2006","Row",92.5,"Scss","Share absorbed at completion"
"59933",2006-12-01,"Dec 2006","Apartment",96.2,"Scss","Share absorbed at completion"
"59933",2006-12-01,"Dec 2006","All",85.5,"Scss","Share absorbed at completion"
"59933",2007-01-01,"Jan 2007","Single",62.9,"Scss","Share absorbed at completion"
"59933",2007-01-01,"Jan 2007","Semi-Detached",51.9,"Scss","Share absorbed at completion"
"59933",2007-01-01,"Jan 2007","Row",90.6,"Scss","Share absorbed at completion"
"59933",2007-01-01,"Jan 2007","Apartment",97.8,"Scss","Share absorbed at completion"
"59933",2007-01-01,"Jan 2007","All",88.5,"Scss","Share absorbed at completion"
"59933",2007-02-01,"Feb 2007","Single",65,"Scss","Share absorbed at completion"
"59933",2007-02-01,"Feb 2007","Semi-Detached",25,"Scss","Share absorbed at completion"
"59933",2007-02-01,"Feb 2007","Row",89.4,"Scss","Share absorbed at completion"
"59933",2007-02-01,"Feb 2007","Apartment",91.5,"Scss","Share absorbed at completion"
"59933",2007-02-01,"Feb 2007","All",81.8,"Scss","Share absorbed at completion"
"59933",2007-03-01,"Mar 2007","Single",59.2,"Scss","Share absorbed at completion"
"59933",2007-03-01,"Mar 2007","Semi-Detached",41.7,"Scss","Share absorbed at completion"
"59933",2007-03-01,"Mar 2007","Row",84.4,"Scss","Share absorbed at completion"
"59933",2007-03-01,"Mar 2007","Apartment",88.9,"Scss","Share absorbed at completion"
"59933",2007-03-01,"Mar 2007","All",78.3,"Scss","Share absorbed at completion"
"59933",2007-04-01,"Apr 2007","Single",51.9,"Scss","Share absorbed at completion"
"59933",2007-04-01,"Apr 2007","Semi-Detached",31.7,"Scss","Share absorbed at completion"
"59933",2007-04-01,"Apr 2007","Row",84.1,"Scss","Share absorbed at completion"
"59933",2007-04-01,"Apr 2007","Apartment",95.8,"Scss","Share absorbed at completion"
"59933",2007-04-01,"Apr 2007","All",78.8,"Scss","Share absorbed at completion"
"59933",2007-05-01,"May 2007","Single",55.8,"Scss","Share absorbed at completion"
"59933",2007-05-01,"May 2007","Semi-Detached",66.7,"Scss","Share absorbed at completion"
"59933",2007-05-01,"May 2007","Row",93,"Scss","Share absorbed at completion"
"59933",2007-05-01,"May 2007","Apartment",97.3,"Scss","Share absorbed at completion"
"59933",2007-05-01,"May 2007","All",88,"Scss","Share absorbed at completion"
"59933",2007-06-01,"Jun 2007","Single",59.7,"Scss","Share absorbed at completion"
"59933",2007-06-01,"Jun 2007","Semi-Detached",17.6,"Scss","Share absorbed at completion"
"59933",2007-06-01,"Jun 2007","Row",89.2,"Scss","Share absorbed at completion"
"59933",2007-06-01,"Jun 2007","Apartment",94.3,"Scss","Share absorbed at completion"
"59933",2007-06-01,"Jun 2007","All",80.1,"Scss","Share absorbed at completion"
"59933",2007-07-01,"Jul 2007","Single",61.6,"Scss","Share absorbed at completion"
"59933",2007-07-01,"Jul 2007","Semi-Detached",72,"Scss","Share absorbed at completion"
"59933",2007-07-01,"Jul 2007","Row",87.5,"Scss","Share absorbed at completion"
"59933",2007-07-01,"Jul 2007","Apartment",94.1,"Scss","Share absorbed at completion"
"59933",2007-07-01,"Jul 2007","All",82.9,"Scss","Share absorbed at completion"
"59933",2007-08-01,"Aug 2007","Single",53.6,"Scss","Share absorbed at completion"
"59933",2007-08-01,"Aug 2007","Semi-Detached",46.4,"Scss","Share absorbed at completion"
"59933",2007-08-01,"Aug 2007","Row",86.2,"Scss","Share absorbed at completion"
"59933",2007-08-01,"Aug 2007","Apartment",88.7,"Scss","Share absorbed at completion"
"59933",2007-08-01,"Aug 2007","All",75.9,"Scss","Share absorbed at completion"
"59933",2007-09-01,"Sep 2007","Single",62.3,"Scss","Share absorbed at completion"
"59933",2007-09-01,"Sep 2007","Semi-Detached",74.2,"Scss","Share absorbed at completion"
"59933",2007-09-01,"Sep 2007","Row",89.2,"Scss","Share absorbed at completion"
"59933",2007-09-01,"Sep 2007","Apartment",97.8,"Scss","Share absorbed at completion"
"59933",2007-09-01,"Sep 2007","All",86.7,"Scss","Share absorbed at completion"
"59933",2007-10-01,"Oct 2007","Single",58.4,"Scss","Share absorbed at completion"
"59933",2007-10-01,"Oct 2007","Semi-Detached",32.4,"Scss","Share absorbed at completion"
"59933",2007-10-01,"Oct 2007","Row",90.2,"Scss","Share absorbed at completion"
"59933",2007-10-01,"Oct 2007","Apartment",91.5,"Scss","Share absorbed at completion"
"59933",2007-10-01,"Oct 2007","All",80.2,"Scss","Share absorbed at completion"
"59933",2007-11-01,"Nov 2007","Single",59.4,"Scss","Share absorbed at completion"
"59933",2007-11-01,"Nov 2007","Semi-Detached",58.3,"Scss","Share absorbed at completion"
"59933",2007-11-01,"Nov 2007","Row",84.7,"Scss","Share absorbed at completion"
"59933",2007-11-01,"Nov 2007","Apartment",86.9,"Scss","Share absorbed at completion"
"59933",2007-11-01,"Nov 2007","All",76.2,"Scss","Share absorbed at completion"
"59933",2007-12-01,"Dec 2007","Single",61.5,"Scss","Share absorbed at completion"
"59933",2007-12-01,"Dec 2007","Semi-Detached",75,"Scss","Share absorbed at completion"
"59933",2007-12-01,"Dec 2007","Row",92.3,"Scss","Share absorbed at completion"
"59933",2007-12-01,"Dec 2007","Apartment",98.8,"Scss","Share absorbed at completion"
"59933",2007-12-01,"Dec 2007","All",85.6,"Scss","Share absorbed at completion"
"59933",2008-01-01,"Jan 2008","Single",47.2,"Scss","Share absorbed at completion"
"59933",2008-01-01,"Jan 2008","Semi-Detached",37.9,"Scss","Share absorbed at completion"
"59933",2008-01-01,"Jan 2008","Row",88.5,"Scss","Share absorbed at completion"
"59933",2008-01-01,"Jan 2008","Apartment",79.7,"Scss","Share absorbed at completion"
"59933",2008-01-01,"Jan 2008","All",64,"Scss","Share absorbed at completion"
"59933",2008-02-01,"Feb 2008","Single",56.5,"Scss","Share absorbed at completion"
"59933",2008-02-01,"Feb 2008","Semi-Detached",38.9,"Scss","Share absorbed at completion"
"59933",2008-02-01,"Feb 2008","Row",87.1,"Scss","Share absorbed at completion"
"59933",2008-02-01,"Feb 2008","Apartment",93.4,"Scss","Share absorbed at completion"
"59933",2008-02-01,"Feb 2008","All",83.3,"Scss","Share absorbed at completion"
"59933",2008-03-01,"Mar 2008","Single",50.4,"Scss","Share absorbed at completion"
"59933",2008-03-01,"Mar 2008","Semi-Detached",44.2,"Scss","Share absorbed at completion"
"59933",2008-03-01,"Mar 2008","Row",81.4,"Scss","Share absorbed at completion"
"59933",2008-03-01,"Mar 2008","Apartment",90.2,"Scss","Share absorbed at completion"
"59933",2008-03-01,"Mar 2008","All",73.2,"Scss","Share absorbed at completion"
"59933",2008-04-01,"Apr 2008","Single",64.2,"Scss","Share absorbed at completion"
"59933",2008-04-01,"Apr 2008","Semi-Detached",53.3,"Scss","Share absorbed at completion"
"59933",2008-04-01,"Apr 2008","Row",81.8,"Scss","Share absorbed at completion"
"59933",2008-04-01,"Apr 2008","Apartment",94.4,"Scss","Share absorbed at completion"
"59933",2008-04-01,"Apr 2008","All",89.5,"Scss","Share absorbed at completion"
"59933",2008-05-01,"May 2008","Single",58.5,"Scss","Share absorbed at completion"
"59933",2008-05-01,"May 2008","Semi-Detached",60,"Scss","Share absorbed at completion"
"59933",2008-05-01,"May 2008","Row",87.3,"Scss","Share absorbed at completion"
"59933",2008-05-01,"May 2008","Apartment",97.3,"Scss","Share absorbed at completion"
"59933",2008-05-01,"May 2008","All",88.5,"Scss","Share absorbed at completion"
"59933",2008-06-01,"Jun 2008","Single",61.3,"Scss","Share absorbed at completion"
"59933",2008-06-01,"Jun 2008","Semi-Detached",81.3,"Scss","Share absorbed at completion"
"59933",2008-06-01,"Jun 2008","Row",92,"Scss","Share absorbed at completion"
"59933",2008-06-01,"Jun 2008","Apartment",95.7,"Scss","Share absorbed at completion"
"59933",2008-06-01,"Jun 2008","All",87.2,"Scss","Share absorbed at completion"
"59933",2008-07-01,"Jul 2008","Single",54.7,"Scss","Share absorbed at completion"
"59933",2008-07-01,"Jul 2008","Semi-Detached",73.9,"Scss","Share absorbed at completion"
"59933",2008-07-01,"Jul 2008","Row",77.3,"Scss","Share absorbed at completion"
"59933",2008-07-01,"Jul 2008","Apartment",94.1,"Scss","Share absorbed at completion"
"59933",2008-07-01,"Jul 2008","All",85.1,"Scss","Share absorbed at completion"
"59933",2008-08-01,"Aug 2008","Single",52.7,"Scss","Share absorbed at completion"
"59933",2008-08-01,"Aug 2008","Semi-Detached",30.8,"Scss","Share absorbed at completion"
"59933",2008-08-01,"Aug 2008","Row",81.7,"Scss","Share absorbed at completion"
"59933",2008-08-01,"Aug 2008","Apartment",90.7,"Scss","Share absorbed at completion"
"59933",2008-08-01,"Aug 2008","All",79.6,"Scss","Share absorbed at completion"
"59933",2008-09-01,"Sep 2008","Single",49.2,"Scss","Share absorbed at completion"
"59933",2008-09-01,"Sep 2008","Semi-Detached",43.8,"Scss","Share absorbed at completion"
"59933",2008-09-01,"Sep 2008","Row",70.2,"Scss","Share absorbed at completion"
"59933",2008-09-01,"Sep 2008","Apartment",91.1,"Scss","Share absorbed at completion"
"59933",2008-09-01,"Sep 2008","All",76.8,"Scss","Share absorbed at completion"
"59933",2008-10-01,"Oct 2008","Single",54.7,"Scss","Share absorbed at completion"
"59933",2008-10-01,"Oct 2008","Semi-Detached",31.3,"Scss","Share absorbed at completion"
"59933",2008-10-01,"Oct 2008","Row",78.1,"Scss","Share absorbed at completion"
"59933",2008-10-01,"Oct 2008","Apartment",92.2,"Scss","Share absorbed at completion"
"59933",2008-10-01,"Oct 2008","All",83,"Scss","Share absorbed at completion"
"59933",2008-11-01,"Nov 2008","Single",46.6,"Scss","Share absorbed at completion"
"59933",2008-11-01,"Nov 2008","Semi-Detached",34.1,"Scss","Share absorbed at completion"
"59933",2008-11-01,"Nov 2008","Row",64.2,"Scss","Share absorbed at completion"
"59933",2008-11-01,"Nov 2008","Apartment",81.2,"Scss","Share absorbed at completion"
"59933",2008-11-01,"Nov 2008","All",69.1,"Scss","Share absorbed at completion"
"59933",2008-12-01,"Dec 2008","Single",56,"Scss","Share absorbed at completion"
"59933",2008-12-01,"Dec 2008","Semi-Detached",46.2,"Scss","Share absorbed at completion"
"59933",2008-12-01,"Dec 2008","Row",70.4,"Scss","Share absorbed at completion"
"59933",2008-12-01,"Dec 2008","Apartment",91.4,"Scss","Share absorbed at completion"
"59933",2008-12-01,"Dec 2008","All",83.4,"Scss","Share absorbed at completion"
"59933",2009-01-01,"Jan 2009","Single",52,"Scss","Share absorbed at completion"
"59933",2009-01-01,"Jan 2009","Semi-Detached",50,"Scss","Share absorbed at completion"
"59933",2009-01-01,"Jan 2009","Row",79.4,"Scss","Share absorbed at completion"
"59933",2009-01-01,"Jan 2009","Apartment",94.5,"Scss","Share absorbed at completion"
"59933",2009-01-01,"Jan 2009","All",84.3,"Scss","Share absorbed at completion"
"59933",2009-02-01,"Feb 2009","Single",59.7,"Scss","Share absorbed at completion"
"59933",2009-02-01,"Feb 2009","Semi-Detached",22,"Scss","Share absorbed at completion"
"59933",2009-02-01,"Feb 2009","Row",91.6,"Scss","Share absorbed at completion"
"59933",2009-02-01,"Feb 2009","Apartment",92.1,"Scss","Share absorbed at completion"
"59933",2009-02-01,"Feb 2009","All",81.7,"Scss","Share absorbed at completion"
"59933",2009-03-01,"Mar 2009","Single",44.1,"Scss","Share absorbed at completion"
"59933",2009-03-01,"Mar 2009","Semi-Detached",15.8,"Scss","Share absorbed at completion"
"59933",2009-03-01,"Mar 2009","Row",58.4,"Scss","Share absorbed at completion"
"59933",2009-03-01,"Mar 2009","Apartment",93.3,"Scss","Share absorbed at completion"
"59933",2009-03-01,"Mar 2009","All",72.2,"Scss","Share absorbed at completion"
"59933",2009-04-01,"Apr 2009","Single",45.4,"Scss","Share absorbed at completion"
"59933",2009-04-01,"Apr 2009","Semi-Detached",26.6,"Scss","Share absorbed at completion"
"59933",2009-04-01,"Apr 2009","Row",85.8,"Scss","Share absorbed at completion"
"59933",2009-04-01,"Apr 2009","Apartment",85.9,"Scss","Share absorbed at completion"
"59933",2009-04-01,"Apr 2009","All",76.9,"Scss","Share absorbed at completion"
"59933",2009-05-01,"May 2009","Single",58,"Scss","Share absorbed at completion"
"59933",2009-05-01,"May 2009","Semi-Detached",37.5,"Scss","Share absorbed at completion"
"59933",2009-05-01,"May 2009","Row",77.9,"Scss","Share absorbed at completion"
"59933",2009-05-01,"May 2009","Apartment",92.1,"Scss","Share absorbed at completion"
"59933",2009-05-01,"May 2009","All",83.6,"Scss","Share absorbed at completion"
"59933",2009-06-01,"Jun 2009","Single",55.8,"Scss","Share absorbed at completion"
"59933",2009-06-01,"Jun 2009","Semi-Detached",60.6,"Scss","Share absorbed at completion"
"59933",2009-06-01,"Jun 2009","Row",64.5,"Scss","Share absorbed at completion"
"59933",2009-06-01,"Jun 2009","Apartment",76.4,"Scss","Share absorbed at completion"
"59933",2009-06-01,"Jun 2009","All",70.4,"Scss","Share absorbed at completion"
"59933",2009-07-01,"Jul 2009","Single",59.6,"Scss","Share absorbed at completion"
"59933",2009-07-01,"Jul 2009","Semi-Detached",81.6,"Scss","Share absorbed at completion"
"59933",2009-07-01,"Jul 2009","Row",75.9,"Scss","Share absorbed at completion"
"59933",2009-07-01,"Jul 2009","Apartment",75.7,"Scss","Share absorbed at completion"
"59933",2009-07-01,"Jul 2009","All",71.2,"Scss","Share absorbed at completion"
"59933",2009-08-01,"Aug 2009","Single",71.7,"Scss","Share absorbed at completion"
"59933",2009-08-01,"Aug 2009","Semi-Detached",25,"Scss","Share absorbed at completion"
"59933",2009-08-01,"Aug 2009","Row",73.2,"Scss","Share absorbed at completion"
"59933",2009-08-01,"Aug 2009","Apartment",82.3,"Scss","Share absorbed at completion"
"59933",2009-08-01,"Aug 2009","All",76.9,"Scss","Share absorbed at completion"
"59933",2009-09-01,"Sep 2009","Single",70.8,"Scss","Share absorbed at completion"
"59933",2009-09-01,"Sep 2009","Semi-Detached",52.9,"Scss","Share absorbed at completion"
"59933",2009-09-01,"Sep 2009","Row",84.2,"Scss","Share absorbed at completion"
"59933",2009-09-01,"Sep 2009","Apartment",82.5,"Scss","Share absorbed at completion"
"59933",2009-09-01,"Sep 2009","All",79.1,"Scss","Share absorbed at completion"
"59933",2009-10-01,"Oct 2009","Single",65.4,"Scss","Share absorbed at completion"
"59933",2009-10-01,"Oct 2009","Semi-Detached",60.5,"Scss","Share absorbed at completion"
"59933",2009-10-01,"Oct 2009","Row",70.5,"Scss","Share absorbed at completion"
"59933",2009-10-01,"Oct 2009","Apartment",85.9,"Scss","Share absorbed at completion"
"59933",2009-10-01,"Oct 2009","All",79.2,"Scss","Share absorbed at completion"
"59933",2009-11-01,"Nov 2009","Single",73.7,"Scss","Share absorbed at completion"
"59933",2009-11-01,"Nov 2009","Semi-Detached",60,"Scss","Share absorbed at completion"
"59933",2009-11-01,"Nov 2009","Row",76.2,"Scss","Share absorbed at completion"
"59933",2009-11-01,"Nov 2009","Apartment",81,"Scss","Share absorbed at completion"
"59933",2009-11-01,"Nov 2009","All",78.7,"Scss","Share absorbed at completion"
"59933",2009-12-01,"Dec 2009","Single",79.2,"Scss","Share absorbed at completion"
"59933",2009-12-01,"Dec 2009","Semi-Detached",60,"Scss","Share absorbed at completion"
"59933",2009-12-01,"Dec 2009","Row",94.8,"Scss","Share absorbed at completion"
"59933",2009-12-01,"Dec 2009","Apartment",90.4,"Scss","Share absorbed at completion"
"59933",2009-12-01,"Dec 2009","All",88.5,"Scss","Share absorbed at completion"
"59933",2010-01-01,"Jan 2010","Single",72,"Scss","Share absorbed at completion"
"59933",2010-01-01,"Jan 2010","Semi-Detached",91.2,"Scss","Share absorbed at completion"
"59933",2010-01-01,"Jan 2010","Row",74.6,"Scss","Share absorbed at completion"
"59933",2010-01-01,"Jan 2010","Apartment",65.1,"Scss","Share absorbed at completion"
"59933",2010-01-01,"Jan 2010","All",66.4,"Scss","Share absorbed at completion"
"59933",2010-02-01,"Feb 2010","Single",72.9,"Scss","Share absorbed at completion"
"59933",2010-02-01,"Feb 2010","Semi-Detached",75,"Scss","Share absorbed at completion"
"59933",2010-02-01,"Feb 2010","Row",90.9,"Scss","Share absorbed at completion"
"59933",2010-02-01,"Feb 2010","Apartment",58.9,"Scss","Share absorbed at completion"
"59933",2010-02-01,"Feb 2010","All",67.8,"Scss","Share absorbed at completion"
"59933",2010-03-01,"Mar 2010","Single",74.5,"Scss","Share absorbed at completion"
"59933",2010-03-01,"Mar 2010","Semi-Detached",47.1,"Scss","Share absorbed at completion"
"59933",2010-03-01,"Mar 2010","Row",63.2,"Scss","Share absorbed at completion"
"59933",2010-03-01,"Mar 2010","Apartment",88.1,"Scss","Share absorbed at completion"
"59933",2010-03-01,"Mar 2010","All",77.1,"Scss","Share absorbed at completion"
"59933",2010-04-01,"Apr 2010","Single",77.7,"Scss","Share absorbed at completion"
"59933",2010-04-01,"Apr 2010","Semi-Detached",66.7,"Scss","Share absorbed at completion"
"59933",2010-04-01,"Apr 2010","Row",89.5,"Scss","Share absorbed at completion"
"59933",2010-04-01,"Apr 2010","Apartment",93,"Scss","Share absorbed at completion"
"59933",2010-04-01,"Apr 2010","All",88.5,"Scss","Share absorbed at completion"
"59933",2010-05-01,"May 2010","Single",71,"Scss","Share absorbed at completion"
"59933",2010-05-01,"May 2010","Semi-Detached",67.2,"Scss","Share absorbed at completion"
"59933",2010-05-01,"May 2010","Row",87.4,"Scss","Share absorbed at completion"
"59933",2010-05-01,"May 2010","Apartment",75.8,"Scss","Share absorbed at completion"
"59933",2010-05-01,"May 2010","All",76,"Scss","Share absorbed at completion"
"59933",2010-06-01,"Jun 2010","Single",71.7,"Scss","Share absorbed at completion"
"59933",2010-06-01,"Jun 2010","Semi-Detached",72,"Scss","Share absorbed at completion"
"59933",2010-06-01,"Jun 2010","Row",83,"Scss","Share absorbed at completion"
"59933",2010-06-01,"Jun 2010","Apartment",63.4,"Scss","Share absorbed at completion"
"59933",2010-06-01,"Jun 2010","All",70,"Scss","Share absorbed at completion"
"59933",2010-07-01,"Jul 2010","Single",74,"Scss","Share absorbed at completion"
"59933",2010-07-01,"Jul 2010","Semi-Detached",61.1,"Scss","Share absorbed at completion"
"59933",2010-07-01,"Jul 2010","Row",76.8,"Scss","Share absorbed at completion"
"59933",2010-07-01,"Jul 2010","Apartment",81.6,"Scss","Share absorbed at completion"
"59933",2010-07-01,"Jul 2010","All",78.2,"Scss","Share absorbed at completion"
"59933",2010-08-01,"Aug 2010","Single",78.6,"Scss","Share absorbed at completion"
"59933",2010-08-01,"Aug 2010","Semi-Detached",56.7,"Scss","Share absorbed at completion"
"59933",2010-08-01,"Aug 2010","Row",65.3,"Scss","Share absorbed at completion"
"59933",2010-08-01,"Aug 2010","Apartment",70.7,"Scss","Share absorbed at completion"
"59933",2010-08-01,"Aug 2010","All",73.9,"Scss","Share absorbed at completion"
"59933",2010-09-01,"Sep 2010","Single",67.3,"Scss","Share absorbed at completion"
"59933",2010-09-01,"Sep 2010","Semi-Detached",79.6,"Scss","Share absorbed at completion"
"59933",2010-09-01,"Sep 2010","Row",77.9,"Scss","Share absorbed at completion"
"59933",2010-09-01,"Sep 2010","Apartment",61,"Scss","Share absorbed at completion"
"59933",2010-09-01,"Sep 2010","All",66.1,"Scss","Share absorbed at completion"
"59933",2010-10-01,"Oct 2010","Single",58.1,"Scss","Share absorbed at completion"
"59933",2010-10-01,"Oct 2010","Semi-Detached",46,"Scss","Share absorbed at completion"
"59933",2010-10-01,"Oct 2010","Row",70.3,"Scss","Share absorbed at completion"
"59933",2010-10-01,"Oct 2010","Apartment",62,"Scss","Share absorbed at completion"
"59933",2010-10-01,"Oct 2010","All",61.3,"Scss","Share absorbed at completion"
"59933",2010-11-01,"Nov 2010","Single",67.8,"Scss","Share absorbed at completion"
"59933",2010-11-01,"Nov 2010","Semi-Detached",65.2,"Scss","Share absorbed at completion"
"59933",2010-11-01,"Nov 2010","Row",70.6,"Scss","Share absorbed at completion"
"59933",2010-11-01,"Nov 2010","Apartment",78.2,"Scss","Share absorbed at completion"
"59933",2010-11-01,"Nov 2010","All",72.2,"Scss","Share absorbed at completion"
"59933",2010-12-01,"Dec 2010","Single",64.5,"Scss","Share absorbed at completion"
"59933",2010-12-01,"Dec 2010","Semi-Detached",42.9,"Scss","Share absorbed at completion"
"59933",2010-12-01,"Dec 2010","Row",59.9,"Scss","Share absorbed at completion"
"59933",2010-12-01,"Dec 2010","Apartment",74.9,"Scss","Share absorbed at completion"
"59933",2010-12-01,"Dec 2010","All",67.8,"Scss","Share absorbed at completion"
"59933",2011-01-01,"Jan 2011","Single",58.2,"Scss","Share absorbed at completion"
"59933",2011-01-01,"Jan 2011","Semi-Detached",59.6,"Scss","Share absorbed at completion"
"59933",2011-01-01,"Jan 2011","Row",49.1,"Scss","Share absorbed at completion"
"59933",2011-01-01,"Jan 2011","Apartment",53.7,"Scss","Share absorbed at completion"
"59933",2011-01-01,"Jan 2011","All",54.6,"Scss","Share absorbed at completion"
"59933",2011-02-01,"Feb 2011","Single",68.7,"Scss","Share absorbed at completion"
"59933",2011-02-01,"Feb 2011","Semi-Detached",15,"Scss","Share absorbed at completion"
"59933",2011-02-01,"Feb 2011","Row",56.3,"Scss","Share absorbed at completion"
"59933",2011-02-01,"Feb 2011","Apartment",88,"Scss","Share absorbed at completion"
"59933",2011-02-01,"Feb 2011","All",75.3,"Scss","Share absorbed at completion"
"59933",2011-03-01,"Mar 2011","Single",55.8,"Scss","Share absorbed at completion"
"59933",2011-03-01,"Mar 2011","Semi-Detached",50,"Scss","Share absorbed at completion"
"59933",2011-03-01,"Mar 2011","Row",74.5,"Scss","Share absorbed at completion"
"59933",2011-03-01,"Mar 2011","Apartment",85.9,"Scss","Share absorbed at completion"
"59933",2011-03-01,"Mar 2011","All",67.1,"Scss","Share absorbed at completion"
"59933",2011-04-01,"Apr 2011","Single",65.6,"Scss","Share absorbed at completion"
"59933",2011-04-01,"Apr 2011","Semi-Detached",41.7,"Scss","Share absorbed at completion"
"59933",2011-04-01,"Apr 2011","Row",75.7,"Scss","Share absorbed at completion"
"59933",2011-04-01,"Apr 2011","Apartment",68.1,"Scss","Share absorbed at completion"
"59933",2011-04-01,"Apr 2011","All",69,"Scss","Share absorbed at completion"
"59933",2011-05-01,"May 2011","Single",67.5,"Scss","Share absorbed at completion"
"59933",2011-05-01,"May 2011","Semi-Detached",28.6,"Scss","Share absorbed at completion"
"59933",2011-05-01,"May 2011","Row",61.5,"Scss","Share absorbed at completion"
"59933",2011-05-01,"May 2011","Apartment",69.5,"Scss","Share absorbed at completion"
"59933",2011-05-01,"May 2011","All",67.8,"Scss","Share absorbed at completion"
"59933",2011-06-01,"Jun 2011","Single",65.2,"Scss","Share absorbed at completion"
"59933",2011-06-01,"Jun 2011","Semi-Detached",58.3,"Scss","Share absorbed at completion"
"59933",2011-06-01,"Jun 2011","Row",69.9,"Scss","Share absorbed at completion"
"59933",2011-06-01,"Jun 2011","Apartment",83.3,"Scss","Share absorbed at completion"
"59933",2011-06-01,"Jun 2011","All",74,"Scss","Share absorbed at completion"
"59933",2011-07-01,"Jul 2011","Single",74.4,"Scss","Share absorbed at completion"
"59933",2011-07-01,"Jul 2011","Semi-Detached",63.9,"Scss","Share absorbed at completion"
"59933",2011-07-01,"Jul 2011","Row",68.8,"Scss","Share absorbed at completion"
"59933",2011-07-01,"Jul 2011","Apartment",92.4,"Scss","Share absorbed at completion"
"59933",2011-07-01,"Jul 2011","All",80.2,"Scss","Share absorbed at completion"
"59933",2011-08-01,"Aug 2011","Single",67.6,"Scss","Share absorbed at completion"
"59933",2011-08-01,"Aug 2011","Semi-Detached",35.3,"Scss","Share absorbed at completion"
"59933",2011-08-01,"Aug 2011","Row",71.7,"Scss","Share absorbed at completion"
"59933",2011-08-01,"Aug 2011","Apartment",62.8,"Scss","Share absorbed at completion"
"59933",2011-08-01,"Aug 2011","All",64.7,"Scss","Share absorbed at completion"
"59933",2011-09-01,"Sep 2011","Single",62.6,"Scss","Share absorbed at completion"
"59933",2011-09-01,"Sep 2011","Semi-Detached",47.2,"Scss","Share absorbed at completion"
"59933",2011-09-01,"Sep 2011","Row",59.2,"Scss","Share absorbed at completion"
"59933",2011-09-01,"Sep 2011","Apartment",70.7,"Scss","Share absorbed at completion"
"59933",2011-09-01,"Sep 2011","All",65.2,"Scss","Share absorbed at completion"
"59933",2011-10-01,"Oct 2011","Single",59.5,"Scss","Share absorbed at completion"
"59933",2011-10-01,"Oct 2011","Semi-Detached",39.6,"Scss","Share absorbed at completion"
"59933",2011-10-01,"Oct 2011","Row",71.8,"Scss","Share absorbed at completion"
"59933",2011-10-01,"Oct 2011","Apartment",60.2,"Scss","Share absorbed at completion"
"59933",2011-10-01,"Oct 2011","All",63.8,"Scss","Share absorbed at completion"
"59933",2011-11-01,"Nov 2011","Single",61.8,"Scss","Share absorbed at completion"
"59933",2011-11-01,"Nov 2011","Semi-Detached",70,"Scss","Share absorbed at completion"
"59933",2011-11-01,"Nov 2011","Row",60.6,"Scss","Share absorbed at completion"
"59933",2011-11-01,"Nov 2011","Apartment",69.8,"Scss","Share absorbed at completion"
"59933",2011-11-01,"Nov 2011","All",66,"Scss","Share absorbed at completion"
"59933",2011-12-01,"Dec 2011","Single",62.8,"Scss","Share absorbed at completion"
"59933",2011-12-01,"Dec 2011","Semi-Detached",50,"Scss","Share absorbed at completion"
"59933",2011-12-01,"Dec 2011","Row",64.3,"Scss","Share absorbed at completion"
"59933",2011-12-01,"Dec 2011","Apartment",81.6,"Scss","Share absorbed at completion"
"59933",2011-12-01,"Dec 2011","All",76.6,"Scss","Share absorbed at completion"
"59933",2012-01-01,"Jan 2012","Single",61.4,"Scss","Share absorbed at completion"
"59933",2012-01-01,"Jan 2012","Semi-Detached",56.3,"Scss","Share absorbed at completion"
"59933",2012-01-01,"Jan 2012","Row",67.8,"Scss","Share absorbed at completion"
"59933",2012-01-01,"Jan 2012","Apartment",71.9,"Scss","Share absorbed at completion"
"59933",2012-01-01,"Jan 2012","All",69.9,"Scss","Share absorbed at completion"
"59933",2012-02-01,"Feb 2012","Single",61.3,"Scss","Share absorbed at completion"
"59933",2012-02-01,"Feb 2012","Semi-Detached",52.8,"Scss","Share absorbed at completion"
"59933",2012-02-01,"Feb 2012","Row",66.9,"Scss","Share absorbed at completion"
"59933",2012-02-01,"Feb 2012","Apartment",67.6,"Scss","Share absorbed at completion"
"59933",2012-02-01,"Feb 2012","All",64.9,"Scss","Share absorbed at completion"
"59933",2012-03-01,"Mar 2012","Single",54.6,"Scss","Share absorbed at completion"
"59933",2012-03-01,"Mar 2012","Semi-Detached",48.4,"Scss","Share absorbed at completion"
"59933",2012-03-01,"Mar 2012","Row",69.7,"Scss","Share absorbed at completion"
"59933",2012-03-01,"Mar 2012","Apartment",49.2,"Scss","Share absorbed at completion"
"59933",2012-03-01,"Mar 2012","All",52.8,"Scss","Share absorbed at completion"
"59933",2012-04-01,"Apr 2012","Single",49.4,"Scss","Share absorbed at completion"
"59933",2012-04-01,"Apr 2012","Semi-Detached",50,"Scss","Share absorbed at completion"
"59933",2012-04-01,"Apr 2012","Row",76.1,"Scss","Share absorbed at completion"
"59933",2012-04-01,"Apr 2012","Apartment",71.3,"Scss","Share absorbed at completion"
"59933",2012-04-01,"Apr 2012","All",69.4,"Scss","Share absorbed at completion"
"59933",2012-05-01,"May 2012","Single",62.5,"Scss","Share absorbed at completion"
"59933",2012-05-01,"May 2012","Semi-Detached",70.6,"Scss","Share absorbed at completion"
"59933",2012-05-01,"May 2012","Row",57.7,"Scss","Share absorbed at completion"
"59933",2012-05-01,"May 2012","Apartment",68.4,"Scss","Share absorbed at completion"
"59933",2012-05-01,"May 2012","All",65.7,"Scss","Share absorbed at completion"
"59933",2012-06-01,"Jun 2012","Single",51.1,"Scss","Share absorbed at completion"
"59933",2012-06-01,"Jun 2012","Semi-Detached",15,"Scss","Share absorbed at completion"
"59933",2012-06-01,"Jun 2012","Row",72.2,"Scss","Share absorbed at completion"
"59933",2012-06-01,"Jun 2012","Apartment",68.8,"Scss","Share absorbed at completion"
"59933",2012-06-01,"Jun 2012","All",60.6,"Scss","Share absorbed at completion"
"59933",2012-07-01,"Jul 2012","Single",52.8,"Scss","Share absorbed at completion"
"59933",2012-07-01,"Jul 2012","Semi-Detached",46.2,"Scss","Share absorbed at completion"
"59933",2012-07-01,"Jul 2012","Row",62.4,"Scss","Share absorbed at completion"
"59933",2012-07-01,"Jul 2012","Apartment",67.2,"Scss","Share absorbed at completion"
"59933",2012-07-01,"Jul 2012","All",60.2,"Scss","Share absorbed at completion"
"59933",2012-08-01,"Aug 2012","Single",69.2,"Scss","Share absorbed at completion"
"59933",2012-08-01,"Aug 2012","Semi-Detached",58.3,"Scss","Share absorbed at completion"
"59933",2012-08-01,"Aug 2012","Row",64.1,"Scss","Share absorbed at completion"
"59933",2012-08-01,"Aug 2012","Apartment",76.3,"Scss","Share absorbed at completion"
"59933",2012-08-01,"Aug 2012","All",72.7,"Scss","Share absorbed at completion"
"59933",2012-09-01,"Sep 2012","Single",51.8,"Scss","Share absorbed at completion"
"59933",2012-09-01,"Sep 2012","Semi-Detached",38.2,"Scss","Share absorbed at completion"
"59933",2012-09-01,"Sep 2012","Row",64.7,"Scss","Share absorbed at completion"
"59933",2012-09-01,"Sep 2012","Apartment",79.8,"Scss","Share absorbed at completion"
"59933",2012-09-01,"Sep 2012","All",69.7,"Scss","Share absorbed at completion"
"59933",2012-10-01,"Oct 2012","Single",46,"Scss","Share absorbed at completion"
"59933",2012-10-01,"Oct 2012","Semi-Detached",35.7,"Scss","Share absorbed at completion"
"59933",2012-10-01,"Oct 2012","Row",72.1,"Scss","Share absorbed at completion"
"59933",2012-10-01,"Oct 2012","Apartment",76.8,"Scss","Share absorbed at completion"
"59933",2012-10-01,"Oct 2012","All",70.3,"Scss","Share absorbed at completion"
"59933",2012-11-01,"Nov 2012","Single",50.9,"Scss","Share absorbed at completion"
"59933",2012-11-01,"Nov 2012","Semi-Detached",56.3,"Scss","Share absorbed at completion"
"59933",2012-11-01,"Nov 2012","Row",61.4,"Scss","Share absorbed at completion"
"59933",2012-11-01,"Nov 2012","Apartment",65,"Scss","Share absorbed at completion"
"59933",2012-11-01,"Nov 2012","All",59.7,"Scss","Share absorbed at completion"
"59933",2012-12-01,"Dec 2012","Single",48.2,"Scss","Share absorbed at completion"
"59933",2012-12-01,"Dec 2012","Semi-Detached",41.7,"Scss","Share absorbed at completion"
"59933",2012-12-01,"Dec 2012","Row",42.1,"Scss","Share absorbed at completion"
"59933",2012-12-01,"Dec 2012","Apartment",66.8,"Scss","Share absorbed at completion"
"59933",2012-12-01,"Dec 2012","All",56.9,"Scss","Share absorbed at completion"
"59933",2013-01-01,"Jan 2013","Single",51.8,"Scss","Share absorbed at completion"
"59933",2013-01-01,"Jan 2013","Semi-Detached",38.2,"Scss","Share absorbed at completion"
"59933",2013-01-01,"Jan 2013","Row",53.9,"Scss","Share absorbed at completion"
"59933",2013-01-01,"Jan 2013","Apartment",53.7,"Scss","Share absorbed at completion"
"59933",2013-01-01,"Jan 2013","All",52.6,"Scss","Share absorbed at completion"
"59933",2013-02-01,"Feb 2013","Single",43.5,"Scss","Share absorbed at completion"
"59933",2013-02-01,"Feb 2013","Semi-Detached",15,"Scss","Share absorbed at completion"
"59933",2013-02-01,"Feb 2013","Row",82.8,"Scss","Share absorbed at completion"
"59933",2013-02-01,"Feb 2013","Apartment",87.2,"Scss","Share absorbed at completion"
"59933",2013-02-01,"Feb 2013","All",73.7,"Scss","Share absorbed at completion"
"59933",2013-03-01,"Mar 2013","Single",37.2,"Scss","Share absorbed at completion"
"59933",2013-03-01,"Mar 2013","Semi-Detached",45.8,"Scss","Share absorbed at completion"
"59933",2013-03-01,"Mar 2013","Row",48.8,"Scss","Share absorbed at completion"
"59933",2013-03-01,"Mar 2013","Apartment",77.4,"Scss","Share absorbed at completion"
"59933",2013-03-01,"Mar 2013","All",64.5,"Scss","Share absorbed at completion"
"59933",2013-04-01,"Apr 2013","Single",51.7,"Scss","Share absorbed at completion"
"59933",2013-04-01,"Apr 2013","Semi-Detached",34.4,"Scss","Share absorbed at completion"
"59933",2013-04-01,"Apr 2013","Row",52.9,"Scss","Share absorbed at completion"
"59933",2013-04-01,"Apr 2013","Apartment",66.3,"Scss","Share absorbed at completion"
"59933",2013-04-01,"Apr 2013","All",57.8,"Scss","Share absorbed at completion"
"59933",2013-05-01,"May 2013","Single",46.6,"Scss","Share absorbed at completion"
"59933",2013-05-01,"May 2013","Semi-Detached",26.1,"Scss","Share absorbed at completion"
"59933",2013-05-01,"May 2013","Row",54.1,"Scss","Share absorbed at completion"
"59933",2013-05-01,"May 2013","Apartment",78.3,"Scss","Share absorbed at completion"
"59933",2013-05-01,"May 2013","All",67.2,"Scss","Share absorbed at completion"
"59933",2013-06-01,"Jun 2013","Single",51.5,"Scss","Share absorbed at completion"
"59933",2013-06-01,"Jun 2013","Semi-Detached",27.8,"Scss","Share absorbed at completion"
"59933",2013-06-01,"Jun 2013","Row",54.9,"Scss","Share absorbed at completion"
"59933",2013-06-01,"Jun 2013","Apartment",81.6,"Scss","Share absorbed at completion"
"59933",2013-06-01,"Jun 2013","All",69,"Scss","Share absorbed at completion"
"59933",2013-07-01,"Jul 2013","Single",43.8,"Scss","Share absorbed at completion"
"59933",2013-07-01,"Jul 2013","Semi-Detached",36.7,"Scss","Share absorbed at completion"
"59933",2013-07-01,"Jul 2013","Row",51.1,"Scss","Share absorbed at completion"
"59933",2013-07-01,"Jul 2013","Apartment",75.7,"Scss","Share absorbed at completion"
"59933",2013-07-01,"Jul 2013","All",63.7,"Scss","Share absorbed at completion"
"59933",2013-08-01,"Aug 2013","Single",50,"Scss","Share absorbed at completion"
"59933",2013-08-01,"Aug 2013","Semi-Detached",37,"Scss","Share absorbed at completion"
"59933",2013-08-01,"Aug 2013","Row",56.3,"Scss","Share absorbed at completion"
"59933",2013-08-01,"Aug 2013","Apartment",79,"Scss","Share absorbed at completion"
"59933",2013-08-01,"Aug 2013","All",64.8,"Scss","Share absorbed at completion"
"59933",2013-09-01,"Sep 2013","Single",45.4,"Scss","Share absorbed at completion"
"59933",2013-09-01,"Sep 2013","Semi-Detached",37,"Scss","Share absorbed at completion"
"59933",2013-09-01,"Sep 2013","Row",63.2,"Scss","Share absorbed at completion"
"59933",2013-09-01,"Sep 2013","Apartment",73.6,"Scss","Share absorbed at completion"
"59933",2013-09-01,"Sep 2013","All",63.8,"Scss","Share absorbed at completion"
"59933",2013-10-01,"Oct 2013","Single",53,"Scss","Share absorbed at completion"
"59933",2013-10-01,"Oct 2013","Semi-Detached",63.9,"Scss","Share absorbed at completion"
"59933",2013-10-01,"Oct 2013","Row",74.4,"Scss","Share absorbed at completion"
"59933",2013-10-01,"Oct 2013","Apartment",77.4,"Scss","Share absorbed at completion"
"59933",2013-10-01,"Oct 2013","All",69.2,"Scss","Share absorbed at completion"
"59933",2013-11-01,"Nov 2013","Single",67.2,"Scss","Share absorbed at completion"
"59933",2013-11-01,"Nov 2013","Semi-Detached",40.5,"Scss","Share absorbed at completion"
"59933",2013-11-01,"Nov 2013","Row",43.2,"Scss","Share absorbed at completion"
"59933",2013-11-01,"Nov 2013","Apartment",67.8,"Scss","Share absorbed at completion"
"59933",2013-11-01,"Nov 2013","All",64.7,"Scss","Share absorbed at completion"
"59933",2013-12-01,"Dec 2013","Single",70.4,"Scss","Share absorbed at completion"
"59933",2013-12-01,"Dec 2013","Semi-Detached",89.6,"Scss","Share absorbed at completion"
"59933",2013-12-01,"Dec 2013","Row",48.6,"Scss","Share absorbed at completion"
"59933",2013-12-01,"Dec 2013","Apartment",50.8,"Scss","Share absorbed at completion"
"59933",2013-12-01,"Dec 2013","All",59,"Scss","Share absorbed at completion"
"59933",2014-01-01,"Jan 2014","Single",49.9,"Scss","Share absorbed at completion"
"59933",2014-01-01,"Jan 2014","Semi-Detached",54.1,"Scss","Share absorbed at completion"
"59933",2014-01-01,"Jan 2014","Row",48,"Scss","Share absorbed at completion"
"59933",2014-01-01,"Jan 2014","Apartment",78.4,"Scss","Share absorbed at completion"
"59933",2014-01-01,"Jan 2014","All",65.7,"Scss","Share absorbed at completion"
"59933",2014-02-01,"Feb 2014","Single",55.6,"Scss","Share absorbed at completion"
"59933",2014-02-01,"Feb 2014","Semi-Detached",80.2,"Scss","Share absorbed at completion"
"59933",2014-02-01,"Feb 2014","Row",35.2,"Scss","Share absorbed at completion"
"59933",2014-02-01,"Feb 2014","Apartment",61.8,"Scss","Share absorbed at completion"
"59933",2014-02-01,"Feb 2014","All",59.1,"Scss","Share absorbed at completion"
"59933",2014-03-01,"Mar 2014","Single",40.7,"Scss","Share absorbed at completion"
"59933",2014-03-01,"Mar 2014","Semi-Detached",41.7,"Scss","Share absorbed at completion"
"59933",2014-03-01,"Mar 2014","Row",49,"Scss","Share absorbed at completion"
"59933",2014-03-01,"Mar 2014","Apartment",75.2,"Scss","Share absorbed at completion"
"59933",2014-03-01,"Mar 2014","All",64.1,"Scss","Share absorbed at completion"
"59933",2014-04-01,"Apr 2014","Single",49.5,"Scss","Share absorbed at completion"
"59933",2014-04-01,"Apr 2014","Semi-Detached",61.5,"Scss","Share absorbed at completion"
"59933",2014-04-01,"Apr 2014","Row",56.6,"Scss","Share absorbed at completion"
"59933",2014-04-01,"Apr 2014","Apartment",36.4,"Scss","Share absorbed at completion"
"59933",2014-04-01,"Apr 2014","All",45.9,"Scss","Share absorbed at completion"
"59933",2014-05-01,"May 2014","Single",43.6,"Scss","Share absorbed at completion"
"59933",2014-05-01,"May 2014","Semi-Detached",59.1,"Scss","Share absorbed at completion"
"59933",2014-05-01,"May 2014","Row",64.6,"Scss","Share absorbed at completion"
"59933",2014-05-01,"May 2014","Apartment",65.5,"Scss","Share absorbed at completion"
"59933",2014-05-01,"May 2014","All",59.7,"Scss","Share absorbed at completion"
"59933",2014-06-01,"Jun 2014","Single",54.7,"Scss","Share absorbed at completion"
"59933",2014-06-01,"Jun 2014","Semi-Detached",50,"Scss","Share absorbed at completion"
"59933",2014-06-01,"Jun 2014","Row",76.4,"Scss","Share absorbed at completion"
"59933",2014-06-01,"Jun 2014","Apartment",79.1,"Scss","Share absorbed at completion"
"59933",2014-06-01,"Jun 2014","All",70.4,"Scss","Share absorbed at completion"
"59933",2014-07-01,"Jul 2014","Single",48.2,"Scss","Share absorbed at completion"
"59933",2014-07-01,"Jul 2014","Semi-Detached",66.7,"Scss","Share absorbed at completion"
"59933",2014-07-01,"Jul 2014","Row",68.8,"Scss","Share absorbed at completion"
"59933",2014-07-01,"Jul 2014","Apartment",93.5,"Scss","Share absorbed at completion"
"59933",2014-07-01,"Jul 2014","All",79.2,"Scss","Share absorbed at completion"
"59933",2014-08-01,"Aug 2014","Single",52.2,"Scss","Share absorbed at completion"
"59933",2014-08-01,"Aug 2014","Semi-Detached",32.6,"Scss","Share absorbed at completion"
"59933",2014-08-01,"Aug 2014","Row",67.1,"Scss","Share absorbed at completion"
"59933",2014-08-01,"Aug 2014","Apartment",73.9,"Scss","Share absorbed at completion"
"59933",2014-08-01,"Aug 2014","All",63.7,"Scss","Share absorbed at completion"
"59933",2014-09-01,"Sep 2014","Single",48.5,"Scss","Share absorbed at completion"
"59933",2014-09-01,"Sep 2014","Semi-Detached",54.2,"Scss","Share absorbed at completion"
"59933",2014-09-01,"Sep 2014","Row",78,"Scss","Share absorbed at completion"
"59933",2014-09-01,"Sep 2014","Apartment",85.7,"Scss","Share absorbed at completion"
"59933",2014-09-01,"Sep 2014","All",72.2,"Scss","Share absorbed at completion"
"59933",2014-10-01,"Oct 2014","Single",60.2,"Scss","Share absorbed at completion"
"59933",2014-10-01,"Oct 2014","Semi-Detached",50,"Scss","Share absorbed at completion"
"59933",2014-10-01,"Oct 2014","Row",53.2,"Scss","Share absorbed at completion"
"59933",2014-10-01,"Oct 2014","Apartment",73,"Scss","Share absorbed at completion"
"59933",2014-10-01,"Oct 2014","All",64.6,"Scss","Share absorbed at completion"
"59933",2014-11-01,"Nov 2014","Single",45.7,"Scss","Share absorbed at completion"
"59933",2014-11-01,"Nov 2014","Semi-Detached",40.9,"Scss","Share absorbed at completion"
"59933",2014-11-01,"Nov 2014","Row",72.8,"Scss","Share absorbed at completion"
"59933",2014-11-01,"Nov 2014","Apartment",76.5,"Scss","Share absorbed at completion"
"59933",2014-11-01,"Nov 2014","All",67.9,"Scss","Share absorbed at completion"
"59933",2014-12-01,"Dec 2014","Single",59.7,"Scss","Share absorbed at completion"
"59933",2014-12-01,"Dec 2014","Semi-Detached",72.1,"Scss","Share absorbed at completion"
"59933",2014-12-01,"Dec 2014","Row",65.5,"Scss","Share absorbed at completion"
"59933",2014-12-01,"Dec 2014","Apartment",90.1,"Scss","Share absorbed at completion"
"59933",2014-12-01,"Dec 2014","All",79.9,"Scss","Share absorbed at completion"
"59933",2015-01-01,"Jan 2015","Single",58.3,"Scss","Share absorbed at completion"
"59933",2015-01-01,"Jan 2015","Semi-Detached",32.4,"Scss","Share absorbed at completion"
"59933",2015-01-01,"Jan 2015","Row",49.2,"Scss","Share absorbed at completion"
"59933",2015-01-01,"Jan 2015","Apartment",56.5,"Scss","Share absorbed at completion"
"59933",2015-01-01,"Jan 2015","All",54.8,"Scss","Share absorbed at completion"
"59933",2015-02-01,"Feb 2015","Single",61.6,"Scss","Share absorbed at completion"
"59933",2015-02-01,"Feb 2015","Semi-Detached",35,"Scss","Share absorbed at completion"
"59933",2015-02-01,"Feb 2015","Row",66.2,"Scss","Share absorbed at completion"
"59933",2015-02-01,"Feb 2015","Apartment",89.3,"Scss","Share absorbed at completion"
"59933",2015-02-01,"Feb 2015","All",75.7,"Scss","Share absorbed at completion"
"59933",2015-03-01,"Mar 2015","Single",58.8,"Scss","Share absorbed at completion"
"59933",2015-03-01,"Mar 2015","Semi-Detached",33.3,"Scss","Share absorbed at completion"
"59933",2015-03-01,"Mar 2015","Row",68.9,"Scss","Share absorbed at completion"
"59933",2015-03-01,"Mar 2015","Apartment",72.3,"Scss","Share absorbed at completion"
"59933",2015-03-01,"Mar 2015","All",66.4,"Scss","Share absorbed at completion"
"59933",2015-04-01,"Apr 2015","Single",60,"Scss","Share absorbed at completion"
"59933",2015-04-01,"Apr 2015","Semi-Detached",71,"Scss","Share absorbed at completion"
"59933",2015-04-01,"Apr 2015","Row",79.6,"Scss","Share absorbed at completion"
"59933",2015-04-01,"Apr 2015","Apartment",82,"Scss","Share absorbed at completion"
"59933",2015-04-01,"Apr 2015","All",74.6,"Scss","Share absorbed at completion"
"59933",2015-05-01,"May 2015","Single",57.1,"Scss","Share absorbed at completion"
"59933",2015-05-01,"May 2015","Semi-Detached",54.3,"Scss","Share absorbed at completion"
"59933",2015-05-01,"May 2015","Row",64.6,"Scss","Share absorbed at completion"
"59933",2015-05-01,"May 2015","Apartment",77.8,"Scss","Share absorbed at completion"
"59933",2015-05-01,"May 2015","All",69.8,"Scss","Share absorbed at completion"
"59933",2015-06-01,"Jun 2015","Single",64.3,"Scss","Share absorbed at completion"
"59933",2015-06-01,"Jun 2015","Semi-Detached",67.9,"Scss","Share absorbed at completion"
"59933",2015-06-01,"Jun 2015","Row",75.2,"Scss","Share absorbed at completion"
"59933",2015-06-01,"Jun 2015","Apartment",95.8,"Scss","Share absorbed at completion"
"59933",2015-06-01,"Jun 2015","All",83.4,"Scss","Share absorbed at completion"
"59933",2015-07-01,"Jul 2015","Single",57.8,"Scss","Share absorbed at completion"
"59933",2015-07-01,"Jul 2015","Semi-Detached",55.6,"Scss","Share absorbed at completion"
"59933",2015-07-01,"Jul 2015","Row",56.6,"Scss","Share absorbed at completion"
"59933",2015-07-01,"Jul 2015","Apartment",81.4,"Scss","Share absorbed at completion"
"59933",2015-07-01,"Jul 2015","All",71.6,"Scss","Share absorbed at completion"
"59933",2015-08-01,"Aug 2015","Single",54.9,"Scss","Share absorbed at completion"
"59933",2015-08-01,"Aug 2015","Semi-Detached",54.5,"Scss","Share absorbed at completion"
"59933",2015-08-01,"Aug 2015","Row",68.4,"Scss","Share absorbed at completion"
"59933",2015-08-01,"Aug 2015","Apartment",91.9,"Scss","Share absorbed at completion"
"59933",2015-08-01,"Aug 2015","All",77.1,"Scss","Share absorbed at completion"
"59933",2015-09-01,"Sep 2015","Single",61.4,"Scss","Share absorbed at completion"
"59933",2015-09-01,"Sep 2015","Semi-Detached",53.1,"Scss","Share absorbed at completion"
"59933",2015-09-01,"Sep 2015","Row",89.5,"Scss","Share absorbed at completion"
"59933",2015-09-01,"Sep 2015","Apartment",88.1,"Scss","Share absorbed at completion"
"59933",2015-09-01,"Sep 2015","All",77.8,"Scss","Share absorbed at completion"
"59933",2015-10-01,"Oct 2015","Single",52.6,"Scss","Share absorbed at completion"
"59933",2015-10-01,"Oct 2015","Semi-Detached",47.5,"Scss","Share absorbed at completion"
"59933",2015-10-01,"Oct 2015","Row",71.3,"Scss","Share absorbed at completion"
"59933",2015-10-01,"Oct 2015","Apartment",98.4,"Scss","Share absorbed at completion"
"59933",2015-10-01,"Oct 2015","All",83.3,"Scss","Share absorbed at completion"
"59933",2015-11-01,"Nov 2015","Single",51.6,"Scss","Share absorbed at completion"
"59933",2015-11-01,"Nov 2015","Semi-Detached",57.5,"Scss","Share absorbed at completion"
"59933",2015-11-01,"Nov 2015","Row",82,"Scss","Share absorbed at completion"
"59933",2015-11-01,"Nov 2015","Apartment",79.9,"Scss","Share absorbed at completion"
"59933",2015-11-01,"Nov 2015","All",69,"Scss","Share absorbed at completion"
"59933",2015-12-01,"Dec 2015","Single",61.8,"Scss","Share absorbed at completion"
"59933",2015-12-01,"Dec 2015","Semi-Detached",52.1,"Scss","Share absorbed at completion"
"59933",2015-12-01,"Dec 2015","Row",87.5,"Scss","Share absorbed at completion"
"59933",2015-12-01,"Dec 2015","Apartment",95.5,"Scss","Share absorbed at completion"
"59933",2015-12-01,"Dec 2015","All",85.4,"Scss","Share absorbed at completion"
"59933",2016-01-01,"Jan 2016","Single",63.6,"Scss","Share absorbed at completion"
"59933",2016-01-01,"Jan 2016","Semi-Detached",35.7,"Scss","Share absorbed at completion"
"59933",2016-01-01,"Jan 2016","Row",80.6,"Scss","Share absorbed at completion"
"59933",2016-01-01,"Jan 2016","Apartment",92.4,"Scss","Share absorbed at completion"
"59933",2016-01-01,"Jan 2016","All",85.9,"Scss","Share absorbed at completion"
"59933",2016-02-01,"Feb 2016","Single",67.3,"Scss","Share absorbed at completion"
"59933",2016-02-01,"Feb 2016","Semi-Detached",78.8,"Scss","Share absorbed at completion"
"59933",2016-02-01,"Feb 2016","Row",84.1,"Scss","Share absorbed at completion"
"59933",2016-02-01,"Feb 2016","Apartment",55.8,"Scss","Share absorbed at completion"
"59933",2016-02-01,"Feb 2016","All",63.1,"Scss","Share absorbed at completion"
"59933",2016-03-01,"Mar 2016","Single",59.8,"Scss","Share absorbed at completion"
"59933",2016-03-01,"Mar 2016","Semi-Detached",60,"Scss","Share absorbed at completion"
"59933",2016-03-01,"Mar 2016","Row",92.9,"Scss","Share absorbed at completion"
"59933",2016-03-01,"Mar 2016","Apartment",97.8,"Scss","Share absorbed at completion"
"59933",2016-03-01,"Mar 2016","All",84.6,"Scss","Share absorbed at completion"
"59933",2016-04-01,"Apr 2016","Single",65.9,"Scss","Share absorbed at completion"
"59933",2016-04-01,"Apr 2016","Semi-Detached",50,"Scss","Share absorbed at completion"
"59933",2016-04-01,"Apr 2016","Row",96.2,"Scss","Share absorbed at completion"
"59933",2016-04-01,"Apr 2016","Apartment",92.6,"Scss","Share absorbed at completion"
"59933",2016-04-01,"Apr 2016","All",82.3,"Scss","Share absorbed at completion"
"59933",2016-05-01,"May 2016","Single",67,"Scss","Share absorbed at completion"
"59933",2016-05-01,"May 2016","Semi-Detached",69.4,"Scss","Share absorbed at completion"
"59933",2016-05-01,"May 2016","Row",90.4,"Scss","Share absorbed at completion"
"59933",2016-05-01,"May 2016","Apartment",96.4,"Scss","Share absorbed at completion"
"59933",2016-05-01,"May 2016","All",88.7,"Scss","Share absorbed at completion"
"59933",2016-06-01,"Jun 2016","Single",58.8,"Scss","Share absorbed at completion"
"59933",2016-06-01,"Jun 2016","Semi-Detached",69,"Scss","Share absorbed at completion"
"59933",2016-06-01,"Jun 2016","Row",93.9,"Scss","Share absorbed at completion"
"59933",2016-06-01,"Jun 2016","Apartment",98.6,"Scss","Share absorbed at completion"
"59933",2016-06-01,"Jun 2016","All",86,"Scss","Share absorbed at completion"
"59933",2016-07-01,"Jul 2016","Single",56.1,"Scss","Share absorbed at completion"
"59933",2016-07-01,"Jul 2016","Semi-Detached",55.9,"Scss","Share absorbed at completion"
"59933",2016-07-01,"Jul 2016","Row",89.4,"Scss","Share absorbed at completion"
"59933",2016-07-01,"Jul 2016","Apartment",99.1,"Scss","Share absorbed at completion"
"59933",2016-07-01,"Jul 2016","All",82,"Scss","Share absorbed at completion"
"59933",2016-08-01,"Aug 2016","Single",57.2,"Scss","Share absorbed at completion"
"59933",2016-08-01,"Aug 2016","Semi-Detached",85,"Scss","Share absorbed at completion"
"59933",2016-08-01,"Aug 2016","Row",100,"Scss","Share absorbed at completion"
"59933",2016-08-01,"Aug 2016","Apartment",99.1,"Scss","Share absorbed at completion"
"59933",2016-08-01,"Aug 2016","All",84.2,"Scss","Share absorbed at completion"
"59933",2016-09-01,"Sep 2016","Single",59.2,"Scss","Share absorbed at completion"
"59933",2016-09-01,"Sep 2016","Semi-Detached",59.1,"Scss","Share absorbed at completion"
"59933",2016-09-01,"Sep 2016","Row",93.3,"Scss","Share absorbed at completion"
"59933",2016-09-01,"Sep 2016","Apartment",NA,"Scss","Share absorbed at completion"
"59933",2016-09-01,"Sep 2016","All",74,"Scss","Share absorbed at completion"
"59933",2016-10-01,"Oct 2016","Single",57.6,"Scss","Share absorbed at completion"
"59933",2016-10-01,"Oct 2016","Semi-Detached",25,"Scss","Share absorbed at completion"
"59933",2016-10-01,"Oct 2016","Row",84.4,"Scss","Share absorbed at completion"
"59933",2016-10-01,"Oct 2016","Apartment",100,"Scss","Share absorbed at completion"
"59933",2016-10-01,"Oct 2016","All",70,"Scss","Share absorbed at completion"
"59933",2016-11-01,"Nov 2016","Single",57.3,"Scss","Share absorbed at completion"
"59933",2016-11-01,"Nov 2016","Semi-Detached",55.3,"Scss","Share absorbed at completion"
"59933",2016-11-01,"Nov 2016","Row",90.9,"Scss","Share absorbed at completion"
"59933",2016-11-01,"Nov 2016","Apartment",100,"Scss","Share absorbed at completion"
"59933",2016-11-01,"Nov 2016","All",81.3,"Scss","Share absorbed at completion"
"59933",2016-12-01,"Dec 2016","Single",59.2,"Scss","Share absorbed at completion"
"59933",2016-12-01,"Dec 2016","Semi-Detached",66.7,"Scss","Share absorbed at completion"
"59933",2016-12-01,"Dec 2016","Row",93.3,"Scss","Share absorbed at completion"
"59933",2016-12-01,"Dec 2016","Apartment",98.6,"Scss","Share absorbed at completion"
"59933",2016-12-01,"Dec 2016","All",92.7,"Scss","Share absorbed at completion"
"59933",2017-01-01,"Jan 2017","Single",54.4,"Scss","Share absorbed at completion"
"59933",2017-01-01,"Jan 2017","Semi-Detached",64.3,"Scss","Share absorbed at completion"
"59933",2017-01-01,"Jan 2017","Row",94.7,"Scss","Share absorbed at completion"
"59933",2017-01-01,"Jan 2017","Apartment",95.2,"Scss","Share absorbed at completion"
"59933",2017-01-01,"Jan 2017","All",89.4,"Scss","Share absorbed at completion"
"59933",2017-02-01,"Feb 2017","Single",39.7,"Scss","Share absorbed at completion"
"59933",2017-02-01,"Feb 2017","Semi-Detached",50,"Scss","Share absorbed at completion"
"59933",2017-02-01,"Feb 2017","Row",84.6,"Scss","Share absorbed at completion"
"59933",2017-02-01,"Feb 2017","Apartment",100,"Scss","Share absorbed at completion"
"59933",2017-02-01,"Feb 2017","All",81.9,"Scss","Share absorbed at completion"
"59933",2017-03-01,"Mar 2017","Single",49.1,"Scss","Share absorbed at completion"
"59933",2017-03-01,"Mar 2017","Semi-Detached",57.1,"Scss","Share absorbed at completion"
"59933",2017-03-01,"Mar 2017","Row",80.7,"Scss","Share absorbed at completion"
"59933",2017-03-01,"Mar 2017","Apartment",100,"Scss","Share absorbed at completion"
"59933",2017-03-01,"Mar 2017","All",85.1,"Scss","Share absorbed at completion"
"59933",2017-04-01,"Apr 2017","Single",63.7,"Scss","Share absorbed at completion"
"59933",2017-04-01,"Apr 2017","Semi-Detached",61.1,"Scss","Share absorbed at completion"
"59933",2017-04-01,"Apr 2017","Row",89.8,"Scss","Share absorbed at completion"
"59933",2017-04-01,"Apr 2017","Apartment",89.7,"Scss","Share absorbed at completion"
"59933",2017-04-01,"Apr 2017","All",83.3,"Scss","Share absorbed at completion"
"59933",2017-05-01,"May 2017","Single",51.2,"Scss","Share absorbed at completion"
"59933",2017-05-01,"May 2017","Semi-Detached",36.7,"Scss","Share absorbed at completion"
"59933",2017-05-01,"May 2017","Row",91.5,"Scss","Share absorbed at completion"
"59933",2017-05-01,"May 2017","Apartment",97.8,"Scss","Share absorbed at completion"
"59933",2017-05-01,"May 2017","All",87.3,"Scss","Share absorbed at completion"
"59933",2017-06-01,"Jun 2017","Single",52.8,"Scss","Share absorbed at completion"
"59933",2017-06-01,"Jun 2017","Semi-Detached",30,"Scss","Share absorbed at completion"
"59933",2017-06-01,"Jun 2017","Row",93.6,"Scss","Share absorbed at completion"
"59933",2017-06-01,"Jun 2017","Apartment",99.2,"Scss","Share absorbed at completion"
"59933",2017-06-01,"Jun 2017","All",91.3,"Scss","Share absorbed at completion"
"59933",2017-07-01,"Jul 2017","Single",51.5,"Scss","Share absorbed at completion"
"59933",2017-07-01,"Jul 2017","Semi-Detached",26.3,"Scss","Share absorbed at completion"
"59933",2017-07-01,"Jul 2017","Row",84.7,"Scss","Share absorbed at completion"
"59933",2017-07-01,"Jul 2017","Apartment",98.3,"Scss","Share absorbed at completion"
"59933",2017-07-01,"Jul 2017","All",74.5,"Scss","Share absorbed at completion"
"59933",2017-08-01,"Aug 2017","Single",53.3,"Scss","Share absorbed at completion"
"59933",2017-08-01,"Aug 2017","Semi-Detached",50,"Scss","Share absorbed at completion"
"59933",2017-08-01,"Aug 2017","Row",93.1,"Scss","Share absorbed at completion"
"59933",2017-08-01,"Aug 2017","Apartment",98.3,"Scss","Share absorbed at completion"
"59933",2017-08-01,"Aug 2017","All",75.9,"Scss","Share absorbed at completion"
"59933",2017-09-01,"Sep 2017","Single",54.3,"Scss","Share absorbed at completion"
"59933",2017-09-01,"Sep 2017","Semi-Detached",39.1,"Scss","Share absorbed at completion"
"59933",2017-09-01,"Sep 2017","Row",91.6,"Scss","Share absorbed at completion"
"59933",2017-09-01,"Sep 2017","Apartment",99.8,"Scss","Share absorbed at completion"
"59933",2017-09-01,"Sep 2017","All",84,"Scss","Share absorbed at completion"
"59933",2017-10-01,"Oct 2017","Single",59.6,"Scss","Share absorbed at completion"
"59933",2017-10-01,"Oct 2017","Semi-Detached",78.6,"Scss","Share absorbed at completion"
"59933",2017-10-01,"Oct 2017","Row",94.8,"Scss","Share absorbed at completion"
"59933",2017-10-01,"Oct 2017","Apartment",97.2,"Scss","Share absorbed at completion"
"59933",2017-10-01,"Oct 2017","All",84.8,"Scss","Share absorbed at completion"
"59933",2017-11-01,"Nov 2017","Single",72.8,"Scss","Share absorbed at completion"
"59933",2017-11-01,"Nov 2017","Semi-Detached",86.7,"Scss","Share absorbed at completion"
"59933",2017-11-01,"Nov 2017","Row",90.6,"Scss","Share absorbed at completion"
"59933",2017-11-01,"Nov 2017","Apartment",79.4,"Scss","Share absorbed at completion"
"59933",2017-11-01,"Nov 2017","All",81,"Scss","Share absorbed at completion"
"59933",2017-12-01,"Dec 2017","Single",53.2,"Scss","Share absorbed at completion"
"59933",2017-12-01,"Dec 2017","Semi-Detached",36,"Scss","Share absorbed at completion"
"59933",2017-12-01,"Dec 2017","Row",93.7,"Scss","Share absorbed at completion"
"59933",2017-12-01,"Dec 2017","Apartment",99.5,"Scss","Share absorbed at completion"
"59933",2017-12-01,"Dec 2017","All",83.7,"Scss","Share absorbed at completion"
"59933",2018-01-01,"Jan 2018","Single",57.6,"Scss","Share absorbed at completion"
"59933",2018-01-01,"Jan 2018","Semi-Detached",46.4,"Scss","Share absorbed at completion"
"59933",2018-01-01,"Jan 2018","Row",85.9,"Scss","Share absorbed at completion"
"59933",2018-01-01,"Jan 2018","Apartment",91.6,"Scss","Share absorbed at completion"
"59933",2018-01-01,"Jan 2018","All",81.9,"Scss","Share absorbed at completion"
"59933",2018-02-01,"Feb 2018","Single",54.1,"Scss","Share absorbed at completion"
"59933",2018-02-01,"Feb 2018","Semi-Detached",50,"Scss","Share absorbed at completion"
"59933",2018-02-01,"Feb 2018","Row",83,"Scss","Share absorbed at completion"
"59933",2018-02-01,"Feb 2018","Apartment",94.7,"Scss","Share absorbed at completion"
"59933",2018-02-01,"Feb 2018","All",84.2,"Scss","Share absorbed at completion"
"59933",2018-03-01,"Mar 2018","Single",52.7,"Scss","Share absorbed at completion"
"59933",2018-03-01,"Mar 2018","Semi-Detached",45.5,"Scss","Share absorbed at completion"
"59933",2018-03-01,"Mar 2018","Row",94.3,"Scss","Share absorbed at completion"
"59933",2018-03-01,"Mar 2018","Apartment",84.2,"Scss","Share absorbed at completion"
"59933",2018-03-01,"Mar 2018","All",77.9,"Scss","Share absorbed at completion"
"59933",2018-04-01,"Apr 2018","Single",51.7,"Scss","Share absorbed at completion"
"59933",2018-04-01,"Apr 2018","Semi-Detached",36.4,"Scss","Share absorbed at completion"
"59933",2018-04-01,"Apr 2018","Row",88.9,"Scss","Share absorbed at completion"
"59933",2018-04-01,"Apr 2018","Apartment",95.2,"Scss","Share absorbed at completion"
"59933",2018-04-01,"Apr 2018","All",79.7,"Scss","Share absorbed at completion"
"59933",2018-05-01,"May 2018","Single",44.6,"Scss","Share absorbed at completion"
"59933",2018-05-01,"May 2018","Semi-Detached",42.9,"Scss","Share absorbed at completion"
"59933",2018-05-01,"May 2018","Row",82.6,"Scss","Share absorbed at completion"
"59933",2018-05-01,"May 2018","Apartment",96.4,"Scss","Share absorbed at completion"
"59933",2018-05-01,"May 2018","All",79,"Scss","Share absorbed at completion"
"59933",2018-06-01,"Jun 2018","Single",53.4,"Scss","Share absorbed at completion"
"59933",2018-06-01,"Jun 2018","Semi-Detached",55,"Scss","Share absorbed at completion"
"59933",2018-06-01,"Jun 2018","Row",80.4,"Scss","Share absorbed at completion"
"59933",2018-06-01,"Jun 2018","Apartment",97,"Scss","Share absorbed at completion"
"59933",2018-06-01,"Jun 2018","All",86.2,"Scss","Share absorbed at completion"
"59933",2018-07-01,"Jul 2018","Single",53.6,"Scss","Share absorbed at completion"
"59933",2018-07-01,"Jul 2018","Semi-Detached",44.1,"Scss","Share absorbed at completion"
"59933",2018-07-01,"Jul 2018","Row",74.8,"Scss","Share absorbed at completion"
"59933",2018-07-01,"Jul 2018","Apartment",59.7,"Scss","Share absorbed at completion"
"59933",2018-07-01,"Jul 2018","All",59.3,"Scss","Share absorbed at completion"
"59933",2018-08-01,"Aug 2018","Single",51.1,"Scss","Share absorbed at completion"
"59933",2018-08-01,"Aug 2018","Semi-Detached",30,"Scss","Share absorbed at completion"
"59933",2018-08-01,"Aug 2018","Row",77.8,"Scss","Share absorbed at completion"
"59933",2018-08-01,"Aug 2018","Apartment",81.3,"Scss","Share absorbed at completion"
"59933",2018-08-01,"Aug 2018","All",57.9,"Scss","Share absorbed at completion"
"59933",2018-09-01,"Sep 2018","Single",46.6,"Scss","Share absorbed at completion"
"59933",2018-09-01,"Sep 2018","Semi-Detached",47.2,"Scss","Share absorbed at completion"
"59933",2018-09-01,"Sep 2018","Row",88,"Scss","Share absorbed at completion"
"59933",2018-09-01,"Sep 2018","Apartment",96.3,"Scss","Share absorbed at completion"
"59933",2018-09-01,"Sep 2018","All",86.9,"Scss","Share absorbed at completion"
"59933",2018-10-01,"Oct 2018","Single",44.8,"Scss","Share absorbed at completion"
"59933",2018-10-01,"Oct 2018","Semi-Detached",31.8,"Scss","Share absorbed at completion"
"59933",2018-10-01,"Oct 2018","Row",74.2,"Scss","Share absorbed at completion"
"59933",2018-10-01,"Oct 2018","Apartment",93.5,"Scss","Share absorbed at completion"
"59933",2018-10-01,"Oct 2018","All",85.5,"Scss","Share absorbed at completion"
"59933",2018-11-01,"Nov 2018","Single",55.3,"Scss","Share absorbed at completion"
"59933",2018-11-01,"Nov 2018","Semi-Detached",38.9,"Scss","Share absorbed at completion"
"59933",2018-11-01,"Nov 2018","Row",84.7,"Scss","Share absorbed at completion"
"59933",2018-11-01,"Nov 2018","Apartment",83.1,"Scss","Share absorbed at completion"
"59933",2018-11-01,"Nov 2018","All",73.8,"Scss","Share absorbed at completion"
"59933",2018-12-01,"Dec 2018","Single",44,"Scss","Share absorbed at completion"
"59933",2018-12-01,"Dec 2018","Semi-Detached",16.7,"Scss","Share absorbed at completion"
"59933",2018-12-01,"Dec 2018","Row",74.5,"Scss","Share absorbed at completion"
"59933",2018-12-01,"Dec 2018","Apartment",95.1,"Scss","Share absorbed at completion"
"59933",2018-12-01,"Dec 2018","All",78.6,"Scss","Share absorbed at completion"
"59933",2019-01-01,"Jan 2019","Single",54.7,"Scss","Share absorbed at completion"
"59933",2019-01-01,"Jan 2019","Semi-Detached",5,"Scss","Share absorbed at completion"
"59933",2019-01-01,"Jan 2019","Row",73.6,"Scss","Share absorbed at completion"
"59933",2019-01-01,"Jan 2019","Apartment",89.7,"Scss","Share absorbed at completion"
"59933",2019-01-01,"Jan 2019","All",76.3,"Scss","Share absorbed at completion"
"59933",2019-02-01,"Feb 2019","Single",51.5,"Scss","Share absorbed at completion"
"59933",2019-02-01,"Feb 2019","Semi-Detached",18.8,"Scss","Share absorbed at completion"
"59933",2019-02-01,"Feb 2019","Row",78.6,"Scss","Share absorbed at completion"
"59933",2019-02-01,"Feb 2019","Apartment",60.9,"Scss","Share absorbed at completion"
"59933",2019-02-01,"Feb 2019","All",60.9,"Scss","Share absorbed at completion"
"59933",2019-03-01,"Mar 2019","Single",43.3,"Scss","Share absorbed at completion"
"59933",2019-03-01,"Mar 2019","Semi-Detached",34.2,"Scss","Share absorbed at completion"
"59933",2019-03-01,"Mar 2019","Row",89.2,"Scss","Share absorbed at completion"
"59933",2019-03-01,"Mar 2019","Apartment",87.2,"Scss","Share absorbed at completion"
"59933",2019-03-01,"Mar 2019","All",77.6,"Scss","Share absorbed at completion"
"59933",2019-04-01,"Apr 2019","Single",47.1,"Scss","Share absorbed at completion"
"59933",2019-04-01,"Apr 2019","Semi-Detached",26.9,"Scss","Share absorbed at completion"
"59933",2019-04-01,"Apr 2019","Row",72.8,"Scss","Share absorbed at completion"
"59933",2019-04-01,"Apr 2019","Apartment",84.5,"Scss","Share absorbed at completion"
"59933",2019-04-01,"Apr 2019","All",78.3,"Scss","Share absorbed at completion"
"59933",2019-05-01,"May 2019","Single",58.5,"Scss","Share absorbed at completion"
"59933",2019-05-01,"May 2019","Semi-Detached",50,"Scss","Share absorbed at completion"
"59933",2019-05-01,"May 2019","Row",62.9,"Scss","Share absorbed at completion"
"59933",2019-05-01,"May 2019","Apartment",98.4,"Scss","Share absorbed at completion"
"59933",2019-05-01,"May 2019","All",82.8,"Scss","Share absorbed at completion"
"59933",2019-06-01,"Jun 2019","Single",54.1,"Scss","Share absorbed at completion"
"59933",2019-06-01,"Jun 2019","Semi-Detached",50,"Scss","Share absorbed at completion"
"59933",2019-06-01,"Jun 2019","Row",72.5,"Scss","Share absorbed at completion"
"59933",2019-06-01,"Jun 2019","Apartment",94.4,"Scss","Share absorbed at completion"
"59933",2019-06-01,"Jun 2019","All",82.8,"Scss","Share absorbed at completion"
"59933",2019-07-01,"Jul 2019","Single",49.4,"Scss","Share absorbed at completion"
"59933",2019-07-01,"Jul 2019","Semi-Detached",32.4,"Scss","Share absorbed at completion"
"59933",2019-07-01,"Jul 2019","Row",79.1,"Scss","Share absorbed at completion"
"59933",2019-07-01,"Jul 2019","Apartment",86.3,"Scss","Share absorbed at completion"
"59933",2019-07-01,"Jul 2019","All",72.7,"Scss","Share absorbed at completion"
"59933",2019-08-01,"Aug 2019","Single",62.2,"Scss","Share absorbed at completion"
"59933",2019-08-01,"Aug 2019","Semi-Detached",44.4,"Scss","Share absorbed at completion"
"59933",2019-08-01,"Aug 2019","Row",66.5,"Scss","Share absorbed at completion"
"59933",2019-08-01,"Aug 2019","Apartment",88.6,"Scss","Share absorbed at completion"
"59933",2019-08-01,"Aug 2019","All",79.7,"Scss","Share absorbed at completion"
"59933",2019-09-01,"Sep 2019","Single",50.3,"Scss","Share absorbed at completion"
"59933",2019-09-01,"Sep 2019","Semi-Detached",25,"Scss","Share absorbed at completion"
"59933",2019-09-01,"Sep 2019","Row",45.1,"Scss","Share absorbed at completion"
"59933",2019-09-01,"Sep 2019","Apartment",90.1,"Scss","Share absorbed at completion"
"59933",2019-09-01,"Sep 2019","All",78.1,"Scss","Share absorbed at completion"
"59933",2019-10-01,"Oct 2019","Single",62.4,"Scss","Share absorbed at completion"
"59933",2019-10-01,"Oct 2019","Semi-Detached",47.6,"Scss","Share absorbed at completion"
"59933",2019-10-01,"Oct 2019","Row",70.6,"Scss","Share absorbed at completion"
"59933",2019-10-01,"Oct 2019","Apartment",81.9,"Scss","Share absorbed at completion"
"59933",2019-10-01,"Oct 2019","All",72,"Scss","Share absorbed at completion"
"59933",2019-11-01,"Nov 2019","Single",50.2,"Scss","Share absorbed at completion"
"59933",2019-11-01,"Nov 2019","Semi-Detached",0,"Scss","Share absorbed at completion"
"59933",2019-11-01,"Nov 2019","Row",63.6,"Scss","Share absorbed at completion"
"59933",2019-11-01,"Nov 2019","Apartment",72.2,"Scss","Share absorbed at completion"
"59933",2019-11-01,"Nov 2019","All",59.9,"Scss","Share absorbed at completion"
"59933",2019-12-01,"Dec 2019","Single",52.8,"Scss","Share absorbed at completion"
"59933",2019-12-01,"Dec 2019","Semi-Detached",25.8,"Scss","Share absorbed at completion"
"59933",2019-12-01,"Dec 2019","Row",62,"Scss","Share absorbed at completion"
"59933",2019-12-01,"Dec 2019","Apartment",68.3,"Scss","Share absorbed at completion"
"59933",2019-12-01,"Dec 2019","All",62.7,"Scss","Share absorbed at completion"
"59933",2020-01-01,"Jan 2020","Single",51.6,"Scss","Share absorbed at completion"
"59933",2020-01-01,"Jan 2020","Semi-Detached",16.7,"Scss","Share absorbed at completion"
"59933",2020-01-01,"Jan 2020","Row",82.3,"Scss","Share absorbed at completion"
"59933",2020-01-01,"Jan 2020","Apartment",98.3,"Scss","Share absorbed at completion"
"59933",2020-01-01,"Jan 2020","All",91.2,"Scss","Share absorbed at completion"
"59933",2020-02-01,"Feb 2020","Single",51.7,"Scss","Share absorbed at completion"
"59933",2020-02-01,"Feb 2020","Semi-Detached",50,"Scss","Share absorbed at completion"
"59933",2020-02-01,"Feb 2020","Row",84,"Scss","Share absorbed at completion"
"59933",2020-02-01,"Feb 2020","Apartment",91.1,"Scss","Share absorbed at completion"
"59933",2020-02-01,"Feb 2020","All",80,"Scss","Share absorbed at completion"
"59933",2020-03-01,"Mar 2020","Single",51,"Scss","Share absorbed at completion"
"59933",2020-03-01,"Mar 2020","Semi-Detached",21.4,"Scss","Share absorbed at completion"
"59933",2020-03-01,"Mar 2020","Row",61.4,"Scss","Share absorbed at completion"
"59933",2020-03-01,"Mar 2020","Apartment",11.4,"Scss","Share absorbed at completion"
"59933",2020-03-01,"Mar 2020","All",31.1,"Scss","Share absorbed at completion"
"59933",2020-04-01,"Apr 2020","Single",60.7,"Scss","Share absorbed at completion"
"59933",2020-04-01,"Apr 2020","Semi-Detached",46,"Scss","Share absorbed at completion"
"59933",2020-04-01,"Apr 2020","Row",85.5,"Scss","Share absorbed at completion"
"59933",2020-04-01,"Apr 2020","Apartment",83.6,"Scss","Share absorbed at completion"
"59933",2020-04-01,"Apr 2020","All",81,"Scss","Share absorbed at completion"
"59933",2020-05-01,"May 2020","Single",53.4,"Scss","Share absorbed at completion"
"59933",2020-05-01,"May 2020","Semi-Detached",39.6,"Scss","Share absorbed at completion"
"59933",2020-05-01,"May 2020","Row",57.1,"Scss","Share absorbed at completion"
"59933",2020-05-01,"May 2020","Apartment",97.5,"Scss","Share absorbed at completion"
"59933",2020-05-01,"May 2020","All",82.2,"Scss","Share absorbed at completion"
"59933",2020-06-01,"Jun 2020","Single",54.6,"Scss","Share absorbed at completion"
"59933",2020-06-01,"Jun 2020","Semi-Detached",23.3,"Scss","Share absorbed at completion"
"59933",2020-06-01,"Jun 2020","Row",68.9,"Scss","Share absorbed at completion"
"59933",2020-06-01,"Jun 2020","Apartment",83.6,"Scss","Share absorbed at completion"
"59933",2020-06-01,"Jun 2020","All",74.2,"Scss","Share absorbed at completion"
"59933",2020-07-01,"Jul 2020","Single",62,"Scss","Share absorbed at completion"
"59933",2020-07-01,"Jul 2020","Semi-Detached",57.9,"Scss","Share absorbed at completion"
"59933",2020-07-01,"Jul 2020","Row",56.5,"Scss","Share absorbed at completion"
"59933",2020-07-01,"Jul 2020","Apartment",98.1,"Scss","Share absorbed at completion"
"59933",2020-07-01,"Jul 2020","All",77.1,"Scss","Share absorbed at completion"
"59933",2020-08-01,"Aug 2020","Single",52.5,"Scss","Share absorbed at completion"
"59933",2020-08-01,"Aug 2020","Semi-Detached",35.7,"Scss","Share absorbed at completion"
"59933",2020-08-01,"Aug 2020","Row",67.7,"Scss","Share absorbed at completion"
"59933",2020-08-01,"Aug 2020","Apartment",90.3,"Scss","Share absorbed at completion"
"59933",2020-08-01,"Aug 2020","All",82,"Scss","Share absorbed at completion"
"59933",2020-09-01,"Sep 2020","Single",56.8,"Scss","Share absorbed at completion"
"59933",2020-09-01,"Sep 2020","Semi-Detached",35.4,"Scss","Share absorbed at completion"
"59933",2020-09-01,"Sep 2020","Row",56.3,"Scss","Share absorbed at completion"
"59933",2020-09-01,"Sep 2020","Apartment",97.8,"Scss","Share absorbed at completion"
"59933",2020-09-01,"Sep 2020","All",76.2,"Scss","Share absorbed at completion"
"59933",2020-10-01,"Oct 2020","Single",71.5,"Scss","Share absorbed at completion"
"59933",2020-10-01,"Oct 2020","Semi-Detached",48.1,"Scss","Share absorbed at completion"
"59933",2020-10-01,"Oct 2020","Row",71.9,"Scss","Share absorbed at completion"
"59933",2020-10-01,"Oct 2020","Apartment",84.6,"Scss","Share absorbed at completion"
"59933",2020-10-01,"Oct 2020","All",77.9,"Scss","Share absorbed at completion"
"59933",2020-11-01,"Nov 2020","Single",66.5,"Scss","Share absorbed at completion"
"59933",2020-11-01,"Nov 2020","Semi-Detached",62.5,"Scss","Share absorbed at completion"
"59933",2020-11-01,"Nov 2020","Row",86,"Scss","Share absorbed at completion"
"59933",2020-11-01,"Nov 2020","Apartment",94,"Scss","Share absorbed at completion"
"59933",2020-11-01,"Nov 2020","All",87.7,"Scss","Share absorbed at completion"
"59933",2020-12-01,"Dec 2020","Single",74.2,"Scss","Share absorbed at completion"
"59933",2020-12-01,"Dec 2020","Semi-Detached",53.4,"Scss","Share absorbed at completion"
"59933",2020-12-01,"Dec 2020","Row",88,"Scss","Share absorbed at completion"
"59933",2020-12-01,"Dec 2020","Apartment",100,"Scss","Share absorbed at completion"
"59933",2020-12-01,"Dec 2020","All",89.3,"Scss","Share absorbed at completion"
"59933",2021-01-01,"Jan 2021","Single",76.8,"Scss","Share absorbed at completion"
"59933",2021-01-01,"Jan 2021","Semi-Detached",59.4,"Scss","Share absorbed at completion"
"59933",2021-01-01,"Jan 2021","Row",82.6,"Scss","Share absorbed at completion"
"59933",2021-01-01,"Jan 2021","Apartment",94.7,"Scss","Share absorbed at completion"
"59933",2021-01-01,"Jan 2021","All",86.5,"Scss","Share absorbed at completion"
"59933",2021-02-01,"Feb 2021","Single",60.8,"Scss","Share absorbed at completion"
"59933",2021-02-01,"Feb 2021","Semi-Detached",48.1,"Scss","Share absorbed at completion"
"59933",2021-02-01,"Feb 2021","Row",97.8,"Scss","Share absorbed at completion"
"59933",2021-02-01,"Feb 2021","Apartment",47,"Scss","Share absorbed at completion"
"59933",2021-02-01,"Feb 2021","All",66.4,"Scss","Share absorbed at completion"
"59933",2021-03-01,"Mar 2021","Single",63.7,"Scss","Share absorbed at completion"
"59933",2021-03-01,"Mar 2021","Semi-Detached",52,"Scss","Share absorbed at completion"
"59933",2021-03-01,"Mar 2021","Row",88.6,"Scss","Share absorbed at completion"
"59933",2021-03-01,"Mar 2021","Apartment",89.5,"Scss","Share absorbed at completion"
"59933",2021-03-01,"Mar 2021","All",83.1,"Scss","Share absorbed at completion"
"59933",2021-04-01,"Apr 2021","Single",73,"Scss","Share absorbed at completion"
"59933",2021-04-01,"Apr 2021","Semi-Detached",72.4,"Scss","Share absorbed at completion"
"59933",2021-04-01,"Apr 2021","Row",94.7,"Scss","Share absorbed at completion"
"59933",2021-04-01,"Apr 2021","Apartment",94.8,"Scss","Share absorbed at completion"
"59933",2021-04-01,"Apr 2021","All",90.7,"Scss","Share absorbed at completion"
"59933",2021-05-01,"May 2021","Single",71.5,"Scss","Share absorbed at completion"
"59933",2021-05-01,"May 2021","Semi-Detached",57.5,"Scss","Share absorbed at completion"
"59933",2021-05-01,"May 2021","Row",86.2,"Scss","Share absorbed at completion"
"59933",2021-05-01,"May 2021","Apartment",76.1,"Scss","Share absorbed at completion"
"59933",2021-05-01,"May 2021","All",76,"Scss","Share absorbed at completion"
"59933",2021-06-01,"Jun 2021","Single",60.2,"Scss","Share absorbed at completion"
"59933",2021-06-01,"Jun 2021","Semi-Detached",66.1,"Scss","Share absorbed at completion"
"59933",2021-06-01,"Jun 2021","Row",98.3,"Scss","Share absorbed at completion"
"59933",2021-06-01,"Jun 2021","Apartment",84.3,"Scss","Share absorbed at completion"
"59933",2021-06-01,"Jun 2021","All",82.7,"Scss","Share absorbed at completion"
"59933",2021-07-01,"Jul 2021","Single",71.4,"Scss","Share absorbed at completion"
"59933",2021-07-01,"Jul 2021","Semi-Detached",51.6,"Scss","Share absorbed at completion"
"59933",2021-07-01,"Jul 2021","Row",89.5,"Scss","Share absorbed at completion"
"59933",2021-07-01,"Jul 2021","Apartment",77.1,"Scss","Share absorbed at completion"
"59933",2021-07-01,"Jul 2021","All",77.7,"Scss","Share absorbed at completion"
"59933",2021-08-01,"Aug 2021","Single",66.8,"Scss","Share absorbed at completion"
"59933",2021-08-01,"Aug 2021","Semi-Detached",62.5,"Scss","Share absorbed at completion"
"59933",2021-08-01,"Aug 2021","Row",91.6,"Scss","Share absorbed at completion"
"59933",2021-08-01,"Aug 2021","Apartment",86.7,"Scss","Share absorbed at completion"
"59933",2021-08-01,"Aug 2021","All",84.6,"Scss","Share absorbed at completion"
"59933",2021-09-01,"Sep 2021","Single",63.2,"Scss","Share absorbed at completion"
"59933",2021-09-01,"Sep 2021","Semi-Detached",53.1,"Scss","Share absorbed at completion"
"59933",2021-09-01,"Sep 2021","Row",82.5,"Scss","Share absorbed at completion"
"59933",2021-09-01,"Sep 2021","Apartment",98.2,"Scss","Share absorbed at completion"
"59933",2021-09-01,"Sep 2021","All",91.9,"Scss","Share absorbed at completion"
"59933",2021-10-01,"Oct 2021","Single",65,"Scss","Share absorbed at completion"
"59933",2021-10-01,"Oct 2021","Semi-Detached",65,"Scss","Share absorbed at completion"
"59933",2021-10-01,"Oct 2021","Row",76.6,"Scss","Share absorbed at completion"
"59933",2021-10-01,"Oct 2021","Apartment",100,"Scss","Share absorbed at completion"
"59933",2021-10-01,"Oct 2021","All",72.1,"Scss","Share absorbed at completion"
"59933",2021-11-01,"Nov 2021","Single",72.9,"Scss","Share absorbed at completion"
"59933",2021-11-01,"Nov 2021","Semi-Detached",60.4,"Scss","Share absorbed at completion"
"59933",2021-11-01,"Nov 2021","Row",91,"Scss","Share absorbed at completion"
"59933",2021-11-01,"Nov 2021","Apartment",94.2,"Scss","Share absorbed at completion"
"59933",2021-11-01,"Nov 2021","All",90.7,"Scss","Share absorbed at completion"
"59933",2021-12-01,"Dec 2021","Single",71.5,"Scss","Share absorbed at completion"
"59933",2021-12-01,"Dec 2021","Semi-Detached",75,"Scss","Share absorbed at completion"
"59933",2021-12-01,"Dec 2021","Row",98.7,"Scss","Share absorbed at completion"
"59933",2021-12-01,"Dec 2021","Apartment",54.7,"Scss","Share absorbed at completion"
"59933",2021-12-01,"Dec 2021","All",65.8,"Scss","Share absorbed at completion"
"59933",2022-01-01,"Jan 2022","Single",69.8,"Scss","Share absorbed at completion"
"59933",2022-01-01,"Jan 2022","Semi-Detached",41.7,"Scss","Share absorbed at completion"
"59933",2022-01-01,"Jan 2022","Row",68.6,"Scss","Share absorbed at completion"
"59933",2022-01-01,"Jan 2022","Apartment",85.2,"Scss","Share absorbed at completion"
"59933",2022-01-01,"Jan 2022","All",76.9,"Scss","Share absorbed at completion"
"59933",2022-02-01,"Feb 2022","Single",67.6,"Scss","Share absorbed at completion"
"59933",2022-02-01,"Feb 2022","Semi-Detached",38.2,"Scss","Share absorbed at completion"
"59933",2022-02-01,"Feb 2022","Row",91.4,"Scss","Share absorbed at completion"
"59933",2022-02-01,"Feb 2022","Apartment",98.3,"Scss","Share absorbed at completion"
"59933",2022-02-01,"Feb 2022","All",90.9,"Scss","Share absorbed at completion"
"59933",2022-03-01,"Mar 2022","Single",75,"Scss","Share absorbed at completion"
"59933",2022-03-01,"Mar 2022","Semi-Detached",66.1,"Scss","Share absorbed at completion"
"59933",2022-03-01,"Mar 2022","Row",91.8,"Scss","Share absorbed at completion"
"59933",2022-03-01,"Mar 2022","Apartment",98.3,"Scss","Share absorbed at completion"
"59933",2022-03-01,"Mar 2022","All",94.6,"Scss","Share absorbed at completion"
"59933",2022-04-01,"Apr 2022","Single",71.4,"Scss","Share absorbed at completion"
"59933",2022-04-01,"Apr 2022","Semi-Detached",22.2,"Scss","Share absorbed at completion"
"59933",2022-04-01,"Apr 2022","Row",94.1,"Scss","Share absorbed at completion"
"59933",2022-04-01,"Apr 2022","Apartment",100,"Scss","Share absorbed at completion"
"59933",2022-04-01,"Apr 2022","All",89.7,"Scss","Share absorbed at completion"
"59933",2022-05-01,"May 2022","Single",74.5,"Scss","Share absorbed at completion"
"59933",2022-05-01,"May 2022","Semi-Detached",68.8,"Scss","Share absorbed at completion"
"59933",2022-05-01,"May 2022","Row",90.5,"Scss","Share absorbed at completion"
"59933",2022-05-01,"May 2022","Apartment",96.5,"Scss","Share absorbed at completion"
"59933",2022-05-01,"May 2022","All",94.3,"Scss","Share absorbed at completion"
"59933",2022-06-01,"Jun 2022","Single",66.3,"Scss","Share absorbed at completion"
"59933",2022-06-01,"Jun 2022","Semi-Detached",31.3,"Scss","Share absorbed at completion"
"59933",2022-06-01,"Jun 2022","Row",90.6,"Scss","Share absorbed at completion"
"59933",2022-06-01,"Jun 2022","Apartment",100,"Scss","Share absorbed at completion"
"59933",2022-06-01,"Jun 2022","All",89.2,"Scss","Share absorbed at completion"
"59933",2022-07-01,"Jul 2022","Single",56.9,"Scss","Share absorbed at completion"
"59933",2022-07-01,"Jul 2022","Semi-Detached",38.5,"Scss","Share absorbed at completion"
"59933",2022-07-01,"Jul 2022","Row",93.4,"Scss","Share absorbed at completion"
"59933",2022-07-01,"Jul 2022","Apartment",98.8,"Scss","Share absorbed at completion"
"59933",2022-07-01,"Jul 2022","All",90.9,"Scss","Share absorbed at completion"
"59933",2022-08-01,"Aug 2022","Single",58,"Scss","Share absorbed at completion"
"59933",2022-08-01,"Aug 2022","Semi-Detached",42.9,"Scss","Share absorbed at completion"
"59933",2022-08-01,"Aug 2022","Row",91.9,"Scss","Share absorbed at completion"
"59933",2022-08-01,"Aug 2022","Apartment",15,"Scss","Share absorbed at completion"
"59933",2022-08-01,"Aug 2022","All",73.2,"Scss","Share absorbed at completion"
"59933",2022-09-01,"Sep 2022","Single",71.5,"Scss","Share absorbed at completion"
"59933",2022-09-01,"Sep 2022","Semi-Detached",43.8,"Scss","Share absorbed at completion"
"59933",2022-09-01,"Sep 2022","Row",94.7,"Scss","Share absorbed at completion"
"59933",2022-09-01,"Sep 2022","Apartment",99.6,"Scss","Share absorbed at completion"
"59933",2022-09-01,"Sep 2022","All",88.4,"Scss","Share absorbed at completion"
"59933",2022-10-01,"Oct 2022","Single",69.2,"Scss","Share absorbed at completion"
"59933",2022-10-01,"Oct 2022","Semi-Detached",54.8,"Scss","Share absorbed at completion"
"59933",2022-10-01,"Oct 2022","Row",95.6,"Scss","Share absorbed at completion"
"59933",2022-10-01,"Oct 2022","Apartment",92.5,"Scss","Share absorbed at completion"
"59933",2022-10-01,"Oct 2022","All",83.3,"Scss","Share absorbed at completion"
"59933",2022-11-01,"Nov 2022","Single",64.7,"Scss","Share absorbed at completion"
"59933",2022-11-01,"Nov 2022","Semi-Detached",33.3,"Scss","Share absorbed at completion"
"59933",2022-11-01,"Nov 2022","Row",95.8,"Scss","Share absorbed at completion"
"59933",2022-11-01,"Nov 2022","Apartment",84.7,"Scss","Share absorbed at completion"
"59933",2022-11-01,"Nov 2022","All",82.6,"Scss","Share absorbed at completion"
"59933",2022-12-01,"Dec 2022","Single",71.6,"Scss","Share absorbed at completion"
"59933",2022-12-01,"Dec 2022","Semi-Detached",40.8,"Scss","Share absorbed at completion"
"59933",2022-12-01,"Dec 2022","Row",92.2,"Scss","Share absorbed at completion"
"59933",2022-12-01,"Dec 2022","Apartment",80.2,"Scss","Share absorbed at completion"
"59933",2022-12-01,"Dec 2022","All",76.1,"Scss","Share absorbed at completion"
"59933",2023-01-01,"Jan 2023","Single",68.2,"Scss","Share absorbed at completion"
"59933",2023-01-01,"Jan 2023","Semi-Detached",61,"Scss","Share absorbed at completion"
"59933",2023-01-01,"Jan 2023","Row",81.9,"Scss","Share absorbed at completion"
"59933",2023-01-01,"Jan 2023","Apartment",99.2,"Scss","Share absorbed at completion"
"59933",2023-01-01,"Jan 2023","All",89.1,"Scss","Share absorbed at completion"
"59933",2023-02-01,"Feb 2023","Single",66.7,"Scss","Share absorbed at completion"
"59933",2023-02-01,"Feb 2023","Semi-Detached",53.2,"Scss","Share absorbed at completion"
"59933",2023-02-01,"Feb 2023","Row",53.5,"Scss","Share absorbed at completion"
"59933",2023-02-01,"Feb 2023","Apartment",72,"Scss","Share absorbed at completion"
"59933",2023-02-01,"Feb 2023","All",66.4,"Scss","Share absorbed at completion"
"59933",2023-03-01,"Mar 2023","Single",65.4,"Scss","Share absorbed at completion"
"59933",2023-03-01,"Mar 2023","Semi-Detached",37.9,"Scss","Share absorbed at completion"
"59933",2023-03-01,"Mar 2023","Row",88.2,"Scss","Share absorbed at completion"
"59933",2023-03-01,"Mar 2023","Apartment",98.5,"Scss","Share absorbed at completion"
"59933",2023-03-01,"Mar 2023","All",91.8,"Scss","Share absorbed at completion"
"59933",2023-04-01,"Apr 2023","Single",64.6,"Scss","Share absorbed at completion"
"59933",2023-04-01,"Apr 2023","Semi-Detached",35.1,"Scss","Share absorbed at completion"
"59933",2023-04-01,"Apr 2023","Row",95.6,"Scss","Share absorbed at completion"
"59933",2023-04-01,"Apr 2023","Apartment",89.7,"Scss","Share absorbed at completion"
"59933",2023-04-01,"Apr 2023","All",83.6,"Scss","Share absorbed at completion"
"59933",2023-05-01,"May 2023","Single",75,"Scss","Share absorbed at completion"
"59933",2023-05-01,"May 2023","Semi-Detached",47.7,"Scss","Share absorbed at completion"
"59933",2023-05-01,"May 2023","Row",72.9,"Scss","Share absorbed at completion"
"59933",2023-05-01,"May 2023","Apartment",76.8,"Scss","Share absorbed at completion"
"59933",2023-05-01,"May 2023","All",72.5,"Scss","Share absorbed at completion"
"59933",2023-06-01,"Jun 2023","Single",70.8,"Scss","Share absorbed at completion"
"59933",2023-06-01,"Jun 2023","Semi-Detached",60.9,"Scss","Share absorbed at completion"
"59933",2023-06-01,"Jun 2023","Row",93.6,"Scss","Share absorbed at completion"
"59933",2023-06-01,"Jun 2023","Apartment",89.2,"Scss","Share absorbed at completion"
"59933",2023-06-01,"Jun 2023","All",84.3,"Scss","Share absorbed at completion"
"59933",2023-07-01,"Jul 2023","Single",63.9,"Scss","Share absorbed at completion"
"59933",2023-07-01,"Jul 2023","Semi-Detached",28.6,"Scss","Share absorbed at completion"
"59933",2023-07-01,"Jul 2023","Row",88.3,"Scss","Share absorbed at completion"
"59933",2023-07-01,"Jul 2023","Apartment",78,"Scss","Share absorbed at completion"
"59933",2023-07-01,"Jul 2023","All",71.3,"Scss","Share absorbed at completion"
"59933",2023-08-01,"Aug 2023","Single",52.8,"Scss","Share absorbed at completion"
"59933",2023-08-01,"Aug 2023","Semi-Detached",42.3,"Scss","Share absorbed at completion"
"59933",2023-08-01,"Aug 2023","Row",68.4,"Scss","Share absorbed at completion"
"59933",2023-08-01,"Aug 2023","Apartment",68.3,"Scss","Share absorbed at completion"
"59933",2023-08-01,"Aug 2023","All",66.5,"Scss","Share absorbed at completion"
"59933",2023-09-01,"Sep 2023","Single",76.8,"Scss","Share absorbed at completion"
"59933",2023-09-01,"Sep 2023","Semi-Detached",36.1,"Scss","Share absorbed at completion"
"59933",2023-09-01,"Sep 2023","Row",85.4,"Scss","Share absorbed at completion"
"59933",2023-09-01,"Sep 2023","Apartment",83.7,"Scss","Share absorbed at completion"
"59933",2023-09-01,"Sep 2023","All",78.5,"Scss","Share absorbed at completion"
"59933",2023-10-01,"Oct 2023","Single",69.1,"Scss","Share absorbed at completion"
"59933",2023-10-01,"Oct 2023","Semi-Detached",46.2,"Scss","Share absorbed at completion"
"59933",2023-10-01,"Oct 2023","Row",80.4,"Scss","Share absorbed at completion"
"59933",2023-10-01,"Oct 2023","Apartment",89.9,"Scss","Share absorbed at completion"
"59933",2023-10-01,"Oct 2023","All",81.4,"Scss","Share absorbed at completion"
"59933",2023-11-01,"Nov 2023","Single",62.5,"Scss","Share absorbed at completion"
"59933",2023-11-01,"Nov 2023","Semi-Detached",33.3,"Scss","Share absorbed at completion"
"59933",2023-11-01,"Nov 2023","Row",90.3,"Scss","Share absorbed at completion"
"59933",2023-11-01,"Nov 2023","Apartment",80.5,"Scss","Share absorbed at completion"
"59933",2023-11-01,"Nov 2023","All",76.9,"Scss","Share absorbed at completion"
"59933",2023-12-01,"Dec 2023","Single",61.7,"Scss","Share absorbed at completion"
"59933",2023-12-01,"Dec 2023","Semi-Detached",32.1,"Scss","Share absorbed at completion"
"59933",2023-12-01,"Dec 2023","Row",80.1,"Scss","Share absorbed at completion"
"59933",2023-12-01,"Dec 2023","Apartment",100,"Scss","Share absorbed at completion"
"59933",2023-12-01,"Dec 2023","All",70.2,"Scss","Share absorbed at completion"
"59933",2024-01-01,"Jan 2024","Single",74.7,"Scss","Share absorbed at completion"
"59933",2024-01-01,"Jan 2024","Semi-Detached",44.2,"Scss","Share absorbed at completion"
"59933",2024-01-01,"Jan 2024","Row",82.8,"Scss","Share absorbed at completion"
"59933",2024-01-01,"Jan 2024","Apartment",100,"Scss","Share absorbed at completion"
"59933",2024-01-01,"Jan 2024","All",89.6,"Scss","Share absorbed at completion"
"59933",2024-02-01,"Feb 2024","Single",76.3,"Scss","Share absorbed at completion"
"59933",2024-02-01,"Feb 2024","Semi-Detached",22.6,"Scss","Share absorbed at completion"
"59933",2024-02-01,"Feb 2024","Row",87.2,"Scss","Share absorbed at completion"
"59933",2024-02-01,"Feb 2024","Apartment",78.1,"Scss","Share absorbed at completion"
"59933",2024-02-01,"Feb 2024","All",76.6,"Scss","Share absorbed at completion"
"59933",2024-03-01,"Mar 2024","Single",63.1,"Scss","Share absorbed at completion"
"59933",2024-03-01,"Mar 2024","Semi-Detached",17.1,"Scss","Share absorbed at completion"
"59933",2024-03-01,"Mar 2024","Row",53.8,"Scss","Share absorbed at completion"
"59933",2024-03-01,"Mar 2024","Apartment",99.2,"Scss","Share absorbed at completion"
"59933",2024-03-01,"Mar 2024","All",83.1,"Scss","Share absorbed at completion"
"59933",2024-04-01,"Apr 2024","Single",64.8,"Scss","Share absorbed at completion"
"59933",2024-04-01,"Apr 2024","Semi-Detached",31.4,"Scss","Share absorbed at completion"
"59933",2024-04-01,"Apr 2024","Row",69.1,"Scss","Share absorbed at completion"
"59933",2024-04-01,"Apr 2024","Apartment",66,"Scss","Share absorbed at completion"
"59933",2024-04-01,"Apr 2024","All",63.4,"Scss","Share absorbed at completion"
"59933",2024-05-01,"May 2024","Single",64.5,"Scss","Share absorbed at completion"
"59933",2024-05-01,"May 2024","Semi-Detached",62.1,"Scss","Share absorbed at completion"
"59933",2024-05-01,"May 2024","Row",76.3,"Scss","Share absorbed at completion"
"59933",2024-05-01,"May 2024","Apartment",99.2,"Scss","Share absorbed at completion"
"59933",2024-05-01,"May 2024","All",75.9,"Scss","Share absorbed at completion"
"59933",2024-06-01,"Jun 2024","Single",78.5,"Scss","Share absorbed at completion"
"59933",2024-06-01,"Jun 2024","Semi-Detached",62.5,"Scss","Share absorbed at completion"
"59933",2024-06-01,"Jun 2024","Row",65.9,"Scss","Share absorbed at completion"
"59933",2024-06-01,"Jun 2024","Apartment",88.4,"Scss","Share absorbed at completion"
"59933",2024-06-01,"Jun 2024","All",82.6,"Scss","Share absorbed at completion"
"59933",2024-07-01,"Jul 2024","Single",58.6,"Scss","Share absorbed at completion"
"59933",2024-07-01,"Jul 2024","Semi-Detached",31,"Scss","Share absorbed at completion"
"59933",2024-07-01,"Jul 2024","Row",69.1,"Scss","Share absorbed at completion"
"59933",2024-07-01,"Jul 2024","Apartment",79.9,"Scss","Share absorbed at completion"
"59933",2024-07-01,"Jul 2024","All",71.7,"Scss","Share absorbed at completion"
"59933",2024-08-01,"Aug 2024","Single",61.8,"Scss","Share absorbed at completion"
"59933",2024-08-01,"Aug 2024","Semi-Detached",31.1,"Scss","Share absorbed at completion"
"59933",2024-08-01,"Aug 2024","Row",78.7,"Scss","Share absorbed at completion"
"59933",2024-08-01,"Aug 2024","Apartment",86.8,"Scss","Share absorbed at completion"
"59933",2024-08-01,"Aug 2024","All",77.3,"Scss","Share absorbed at completion"
"59933",2024-09-01,"Sep 2024","Single",67.9,"Scss","Share absorbed at completion"
"59933",2024-09-01,"Sep 2024","Semi-Detached",41.2,"Scss","Share absorbed at completion"
"59933",2024-09-01,"Sep 2024","Row",70.8,"Scss","Share absorbed at completion"
"59933",2024-09-01,"Sep 2024","Apartment",57.2,"Scss","Share absorbed at completion"
"59933",2024-09-01,"Sep 2024","All",60.2,"Scss","Share absorbed at completion"
"59933",2024-10-01,"Oct 2024","Single",71.1,"Scss","Share absorbed at completion"
"59933",2024-10-01,"Oct 2024","Semi-Detached",14.3,"Scss","Share absorbed at completion"
"59933",2024-10-01,"Oct 2024","Row",50.9,"Scss","Share absorbed at completion"
"59933",2024-10-01,"Oct 2024","Apartment",91.1,"Scss","Share absorbed at completion"
"59933",2024-10-01,"Oct 2024","All",81.6,"Scss","Share absorbed at completion"
"59933",2024-11-01,"Nov 2024","Single",63,"Scss","Share absorbed at completion"
"59933",2024-11-01,"Nov 2024","Semi-Detached",27.4,"Scss","Share absorbed at completion"
"59933",2024-11-01,"Nov 2024","Row",60.3,"Scss","Share absorbed at completion"
"59933",2024-11-01,"Nov 2024","Apartment",98.2,"Scss","Share absorbed at completion"
"59933",2024-11-01,"Nov 2024","All",83.5,"Scss","Share absorbed at completion"
"59933",2024-12-01,"Dec 2024","Single",65.9,"Scss","Share absorbed at completion"
"59933",2024-12-01,"Dec 2024","Semi-Detached",34.1,"Scss","Share absorbed at completion"
"59933",2024-12-01,"Dec 2024","Row",70.2,"Scss","Share absorbed at completion"
"59933",2024-12-01,"Dec 2024","Apartment",67.1,"Scss","Share absorbed at completion"
"59933",2024-12-01,"Dec 2024","All",66.3,"Scss","Share absorbed at completion"
"59933",2025-01-01,"Jan 2025","Single",60.6,"Scss","Share absorbed at completion"
"59933",2025-01-01,"Jan 2025","Semi-Detached",21.9,"Scss","Share absorbed at completion"
"59933",2025-01-01,"Jan 2025","Row",69.4,"Scss","Share absorbed at completion"
"59933",2025-01-01,"Jan 2025","Apartment",91.6,"Scss","Share absorbed at completion"
"59933",2025-01-01,"Jan 2025","All",83.7,"Scss","Share absorbed at completion"
"59933",2025-02-01,"Feb 2025","Single",60.4,"Scss","Share absorbed at completion"
"59933",2025-02-01,"Feb 2025","Semi-Detached",36.6,"Scss","Share absorbed at completion"
"59933",2025-02-01,"Feb 2025","Row",47.3,"Scss","Share absorbed at completion"
"59933",2025-02-01,"Feb 2025","Apartment",58.4,"Scss","Share absorbed at completion"
"59933",2025-02-01,"Feb 2025","All",56.2,"Scss","Share absorbed at completion"
"59933",2025-03-01,"Mar 2025","Single",61.8,"Scss","Share absorbed at completion"
"59933",2025-03-01,"Mar 2025","Semi-Detached",35.5,"Scss","Share absorbed at completion"
"59933",2025-03-01,"Mar 2025","Row",49.6,"Scss","Share absorbed at completion"
"59933",2025-03-01,"Mar 2025","Apartment",92.5,"Scss","Share absorbed at completion"
"59933",2025-03-01,"Mar 2025","All",82.3,"Scss","Share absorbed at completion"
"59933",2025-04-01,"Apr 2025","Single",67.7,"Scss","Share absorbed at completion"
"59933",2025-04-01,"Apr 2025","Semi-Detached",22.7,"Scss","Share absorbed at completion"
"59933",2025-04-01,"Apr 2025","Row",52.3,"Scss","Share absorbed at completion"
"59933",2025-04-01,"Apr 2025","Apartment",97,"Scss","Share absorbed at completion"
"59933",2025-04-01,"Apr 2025","All",78,"Scss","Share absorbed at completion"
"59933",2025-05-01,"May 2025","Single",59.3,"Scss","Share absorbed at completion"
"59933",2025-05-01,"May 2025","Semi-Detached",26.9,"Scss","Share absorbed at completion"
"59933",2025-05-01,"May 2025","Row",53.8,"Scss","Share absorbed at completion"
"59933",2025-05-01,"May 2025","Apartment",98.6,"Scss","Share absorbed at completion"
"59933",2025-05-01,"May 2025","All",87,"Scss","Share absorbed at completion"
"59933",2025-06-01,"Jun 2025","Single",66.1,"Scss","Share absorbed at completion"
"59933",2025-06-01,"Jun 2025","Semi-Detached",17.9,"Scss","Share absorbed at completion"
"59933",2025-06-01,"Jun 2025","Row",37.4,"Scss","Share absorbed at completion"
"59933",2025-06-01,"Jun 2025","Apartment",80.9,"Scss","Share absorbed at completion"
"59933",2025-06-01,"Jun 2025","All",75.9,"Scss","Share absorbed at completion"
"59933",2025-07-01,"Jul 2025","Single",77,"Scss","Share absorbed at completion"
"59933",2025-07-01,"Jul 2025","Semi-Detached",33.9,"Scss","Share absorbed at completion"
"59933",2025-07-01,"Jul 2025","Row",56.4,"Scss","Share absorbed at completion"
"59933",2025-07-01,"Jul 2025","Apartment",88.3,"Scss","Share absorbed at completion"
"59933",2025-07-01,"Jul 2025","All",80.2,"Scss","Share absorbed at completion"
"59933",2025-08-01,"Aug 2025","Single",62,"Scss","Share absorbed at completion"
"59933",2025-08-01,"Aug 2025","Semi-Detached",40,"Scss","Share absorbed at completion"
"59933",2025-08-01,"Aug 2025","Row",28.5,"Scss","Share absorbed at completion"
"59933",2025-08-01,"Aug 2025","Apartment",52.6,"Scss","Share absorbed at completion"
"59933",2025-08-01,"Aug 2025","All",48.8,"Scss","Share absorbed at completion"
"59933",2025-09-01,"Sep 2025","Single",60.2,"Scss","Share absorbed at completion"
"59933",2025-09-01,"Sep 2025","Semi-Detached",17.3,"Scss","Share absorbed at completion"
"59933",2025-09-01,"Sep 2025","Row",43.2,"Scss","Share absorbed at completion"
"59933",2025-09-01,"Sep 2025","Apartment",81.6,"Scss","Share absorbed at completion"
"59933",2025-09-01,"Sep 2025","All",75.3,"Scss","Share absorbed at completion"
"59933",2025-10-01,"Oct 2025","Single",69.8,"Scss","Share absorbed at completion"
"59933",2025-10-01,"Oct 2025","Semi-Detached",40,"Scss","Share absorbed at completion"
"59933",2025-10-01,"Oct 2025","Row",53.2,"Scss","Share absorbed at completion"
"59933",2025-10-01,"Oct 2025","Apartment",67.2,"Scss","Share absorbed at completion"
"59933",2025-10-01,"Oct 2025","All",65.4,"Scss","Share absorbed at completion"
"59933",2025-11-01,"Nov 2025","Single",64.5,"Scss","Share absorbed at completion"
"59933",2025-11-01,"Nov 2025","Semi-Detached",25,"Scss","Share absorbed at completion"
"59933",2025-11-01,"Nov 2025","Row",38.4,"Scss","Share absorbed at completion"
"59933",2025-11-01,"Nov 2025","Apartment",78.5,"Scss","Share absorbed at completion"
"59933",2025-11-01,"Nov 2025","All",72.2,"Scss","Share absorbed at completion"
"59933",2025-12-01,"Dec 2025","Single",58.4,"Scss","Share absorbed at completion"
"59933",2025-12-01,"Dec 2025","Semi-Detached",20.7,"Scss","Share absorbed at completion"
"59933",2025-12-01,"Dec 2025","Row",26.5,"Scss","Share absorbed at completion"
"59933",2025-12-01,"Dec 2025","Apartment",71.6,"Scss","Share absorbed at completion"
"59933",2025-12-01,"Dec 2025","All",63,"Scss","Share absorbed at completion"
"59933",2026-01-01,"Jan 2026","Single",69.9,"Scss","Share absorbed at completion"
"59933",2026-01-01,"Jan 2026","Semi-Detached",18.8,"Scss","Share absorbed at completion"
"59933",2026-01-01,"Jan 2026","Row",43.6,"Scss","Share absorbed at completion"
"59933",2026-01-01,"Jan 2026","Apartment",95.1,"Scss","Share absorbed at completion"
"59933",2026-01-01,"Jan 2026","All",73.4,"Scss","Share absorbed at completion"
"59933",2026-02-01,"Feb 2026","Single",47.1,"Scss","Share absorbed at completion"
"59933",2026-02-01,"Feb 2026","Semi-Detached",37.8,"Scss","Share absorbed at completion"
"59933",2026-02-01,"Feb 2026","Row",20.2,"Scss","Share absorbed at completion"
"59933",2026-02-01,"Feb 2026","Apartment",71.1,"Scss","Share absorbed at completion"
"59933",2026-02-01,"Feb 2026","All",55.7,"Scss","Share absorbed at completion"
