"GeoUID","Date","DateString","Dwelling Type","Value","Survey","Series"
"59932",1990-01-01,"Jan 1990","Single",88,"Scss","Share absorbed at completion"
"59932",1990-01-01,"Jan 1990","Semi-Detached",100,"Scss","Share absorbed at completion"
"59932",1990-01-01,"Jan 1990","Row",100,"Scss","Share absorbed at completion"
"59932",1990-01-01,"Jan 1990","Apartment",78,"Scss","Share absorbed at completion"
"59932",1990-01-01,"Jan 1990","All",84.7,"Scss","Share absorbed at completion"
"59932",1990-02-01,"Feb 1990","Single",84.5,"Scss","Share absorbed at completion"
"59932",1990-02-01,"Feb 1990","Semi-Detached",NA,"Scss","Share absorbed at completion"
"59932",1990-02-01,"Feb 1990","Row",100,"Scss","Share absorbed at completion"
"59932",1990-02-01,"Feb 1990","Apartment",53,"Scss","Share absorbed at completion"
"59932",1990-02-01,"Feb 1990","All",71.6,"Scss","Share absorbed at completion"
"59932",1990-03-01,"Mar 1990","Single",82,"Scss","Share absorbed at completion"
"59932",1990-03-01,"Mar 1990","Semi-Detached",100,"Scss","Share absorbed at completion"
"59932",1990-03-01,"Mar 1990","Row",83.3,"Scss","Share absorbed at completion"
"59932",1990-03-01,"Mar 1990","Apartment",NA,"Scss","Share absorbed at completion"
"59932",1990-03-01,"Mar 1990","All",82.3,"Scss","Share absorbed at completion"
"59932",1990-04-01,"Apr 1990","Single",69.1,"Scss","Share absorbed at completion"
"59932",1990-04-01,"Apr 1990","Semi-Detached",100,"Scss","Share absorbed at completion"
"59932",1990-04-01,"Apr 1990","Row",78.9,"Scss","Share absorbed at completion"
"59932",1990-04-01,"Apr 1990","Apartment",100,"Scss","Share absorbed at completion"
"59932",1990-04-01,"Apr 1990","All",73.1,"Scss","Share absorbed at completion"
"59932",1990-05-01,"May 1990","Single",73.6,"Scss","Share absorbed at completion"
"59932",1990-05-01,"May 1990","Semi-Detached",100,"Scss","Share absorbed at completion"
"59932",1990-05-01,"May 1990","Row",89.5,"Scss","Share absorbed at completion"
"59932",1990-05-01,"May 1990","Apartment",NA,"Scss","Share absorbed at completion"
"59932",1990-05-01,"May 1990","All",78.8,"Scss","Share absorbed at completion"
"59932",1990-06-01,"Jun 1990","Single",72.1,"Scss","Share absorbed at completion"
"59932",1990-06-01,"Jun 1990","Semi-Detached",100,"Scss","Share absorbed at completion"
"59932",1990-06-01,"Jun 1990","Row",NA,"Scss","Share absorbed at completion"
"59932",1990-06-01,"Jun 1990","Apartment",NA,"Scss","Share absorbed at completion"
"59932",1990-06-01,"Jun 1990","All",72.6,"Scss","Share absorbed at completion"
"59932",1990-07-01,"Jul 1990","Single",67.6,"Scss","Share absorbed at completion"
"59932",1990-07-01,"Jul 1990","Semi-Detached",NA,"Scss","Share absorbed at completion"
"59932",1990-07-01,"Jul 1990","Row",NA,"Scss","Share absorbed at completion"
"59932",1990-07-01,"Jul 1990","Apartment",81.3,"Scss","Share absorbed at completion"
"59932",1990-07-01,"Jul 1990","All",71.9,"Scss","Share absorbed at completion"
"59932",1990-08-01,"Aug 1990","Single",64.6,"Scss","Share absorbed at completion"
"59932",1990-08-01,"Aug 1990","Semi-Detached",NA,"Scss","Share absorbed at completion"
"59932",1990-08-01,"Aug 1990","Row",87.5,"Scss","Share absorbed at completion"
"59932",1990-08-01,"Aug 1990","Apartment",NA,"Scss","Share absorbed at completion"
"59932",1990-08-01,"Aug 1990","All",68.4,"Scss","Share absorbed at completion"
"59932",1990-09-01,"Sep 1990","Single",75.5,"Scss","Share absorbed at completion"
"59932",1990-09-01,"Sep 1990","Semi-Detached",50,"Scss","Share absorbed at completion"
"59932",1990-09-01,"Sep 1990","Row",63.6,"Scss","Share absorbed at completion"
"59932",1990-09-01,"Sep 1990","Apartment",33.3,"Scss","Share absorbed at completion"
"59932",1990-09-01,"Sep 1990","All",62.2,"Scss","Share absorbed at completion"
"59932",1990-10-01,"Oct 1990","Single",83.3,"Scss","Share absorbed at completion"
"59932",1990-10-01,"Oct 1990","Semi-Detached",100,"Scss","Share absorbed at completion"
"59932",1990-10-01,"Oct 1990","Row",60,"Scss","Share absorbed at completion"
"59932",1990-10-01,"Oct 1990","Apartment",31.3,"Scss","Share absorbed at completion"
"59932",1990-10-01,"Oct 1990","All",68.6,"Scss","Share absorbed at completion"
"59932",1990-11-01,"Nov 1990","Single",71.2,"Scss","Share absorbed at completion"
"59932",1990-11-01,"Nov 1990","Semi-Detached",50,"Scss","Share absorbed at completion"
"59932",1990-11-01,"Nov 1990","Row",75,"Scss","Share absorbed at completion"
"59932",1990-11-01,"Nov 1990","Apartment",46.7,"Scss","Share absorbed at completion"
"59932",1990-11-01,"Nov 1990","All",63.9,"Scss","Share absorbed at completion"
"59932",1990-12-01,"Dec 1990","Single",60,"Scss","Share absorbed at completion"
"59932",1990-12-01,"Dec 1990","Semi-Detached",0,"Scss","Share absorbed at completion"
"59932",1990-12-01,"Dec 1990","Row",NA,"Scss","Share absorbed at completion"
"59932",1990-12-01,"Dec 1990","Apartment",1.7,"Scss","Share absorbed at completion"
"59932",1990-12-01,"Dec 1990","All",19.5,"Scss","Share absorbed at completion"
"59932",1991-01-01,"Jan 1991","Single",82.4,"Scss","Share absorbed at completion"
"59932",1991-01-01,"Jan 1991","Semi-Detached",0,"Scss","Share absorbed at completion"
"59932",1991-01-01,"Jan 1991","Row",NA,"Scss","Share absorbed at completion"
"59932",1991-01-01,"Jan 1991","Apartment",47.8,"Scss","Share absorbed at completion"
"59932",1991-01-01,"Jan 1991","All",73.6,"Scss","Share absorbed at completion"
"59932",1991-02-01,"Feb 1991","Single",83.9,"Scss","Share absorbed at completion"
"59932",1991-02-01,"Feb 1991","Semi-Detached",NA,"Scss","Share absorbed at completion"
"59932",1991-02-01,"Feb 1991","Row",12.5,"Scss","Share absorbed at completion"
"59932",1991-02-01,"Feb 1991","Apartment",53.1,"Scss","Share absorbed at completion"
"59932",1991-02-01,"Feb 1991","All",67.7,"Scss","Share absorbed at completion"
"59932",1991-03-01,"Mar 1991","Single",91.5,"Scss","Share absorbed at completion"
"59932",1991-03-01,"Mar 1991","Semi-Detached",NA,"Scss","Share absorbed at completion"
"59932",1991-03-01,"Mar 1991","Row",NA,"Scss","Share absorbed at completion"
"59932",1991-03-01,"Mar 1991","Apartment",33.3,"Scss","Share absorbed at completion"
"59932",1991-03-01,"Mar 1991","All",55.9,"Scss","Share absorbed at completion"
"59932",1991-04-01,"Apr 1991","Single",90.5,"Scss","Share absorbed at completion"
"59932",1991-04-01,"Apr 1991","Semi-Detached",100,"Scss","Share absorbed at completion"
"59932",1991-04-01,"Apr 1991","Row",43.8,"Scss","Share absorbed at completion"
"59932",1991-04-01,"Apr 1991","Apartment",10.7,"Scss","Share absorbed at completion"
"59932",1991-04-01,"Apr 1991","All",57.8,"Scss","Share absorbed at completion"
"59932",1991-05-01,"May 1991","Single",86.6,"Scss","Share absorbed at completion"
"59932",1991-05-01,"May 1991","Semi-Detached",NA,"Scss","Share absorbed at completion"
"59932",1991-05-01,"May 1991","Row",NA,"Scss","Share absorbed at completion"
"59932",1991-05-01,"May 1991","Apartment",41.7,"Scss","Share absorbed at completion"
"59932",1991-05-01,"May 1991","All",67.8,"Scss","Share absorbed at completion"
"59932",1991-06-01,"Jun 1991","Single",93.1,"Scss","Share absorbed at completion"
"59932",1991-06-01,"Jun 1991","Semi-Detached",100,"Scss","Share absorbed at completion"
"59932",1991-06-01,"Jun 1991","Row",50,"Scss","Share absorbed at completion"
"59932",1991-06-01,"Jun 1991","Apartment",NA,"Scss","Share absorbed at completion"
"59932",1991-06-01,"Jun 1991","All",88.1,"Scss","Share absorbed at completion"
"59932",1991-07-01,"Jul 1991","Single",80.8,"Scss","Share absorbed at completion"
"59932",1991-07-01,"Jul 1991","Semi-Detached",100,"Scss","Share absorbed at completion"
"59932",1991-07-01,"Jul 1991","Row",NA,"Scss","Share absorbed at completion"
"59932",1991-07-01,"Jul 1991","Apartment",NA,"Scss","Share absorbed at completion"
"59932",1991-07-01,"Jul 1991","All",81.3,"Scss","Share absorbed at completion"
"59932",1991-08-01,"Aug 1991","Single",77.4,"Scss","Share absorbed at completion"
"59932",1991-08-01,"Aug 1991","Semi-Detached",NA,"Scss","Share absorbed at completion"
"59932",1991-08-01,"Aug 1991","Row",NA,"Scss","Share absorbed at completion"
"59932",1991-08-01,"Aug 1991","Apartment",NA,"Scss","Share absorbed at completion"
"59932",1991-08-01,"Aug 1991","All",77.4,"Scss","Share absorbed at completion"
"59932",1991-09-01,"Sep 1991","Single",64.3,"Scss","Share absorbed at completion"
"59932",1991-09-01,"Sep 1991","Semi-Detached",100,"Scss","Share absorbed at completion"
"59932",1991-09-01,"Sep 1991","Row",9.7,"Scss","Share absorbed at completion"
"59932",1991-09-01,"Sep 1991","Apartment",NA,"Scss","Share absorbed at completion"
"59932",1991-09-01,"Sep 1991","All",48.5,"Scss","Share absorbed at completion"
"59932",1991-10-01,"Oct 1991","Single",65.6,"Scss","Share absorbed at completion"
"59932",1991-10-01,"Oct 1991","Semi-Detached",NA,"Scss","Share absorbed at completion"
"59932",1991-10-01,"Oct 1991","Row",30,"Scss","Share absorbed at completion"
"59932",1991-10-01,"Oct 1991","Apartment",NA,"Scss","Share absorbed at completion"
"59932",1991-10-01,"Oct 1991","All",60.8,"Scss","Share absorbed at completion"
"59932",1991-11-01,"Nov 1991","Single",56.9,"Scss","Share absorbed at completion"
"59932",1991-11-01,"Nov 1991","Semi-Detached",NA,"Scss","Share absorbed at completion"
"59932",1991-11-01,"Nov 1991","Row",30,"Scss","Share absorbed at completion"
"59932",1991-11-01,"Nov 1991","Apartment",NA,"Scss","Share absorbed at completion"
"59932",1991-11-01,"Nov 1991","All",52.9,"Scss","Share absorbed at completion"
"59932",1991-12-01,"Dec 1991","Single",81,"Scss","Share absorbed at completion"
"59932",1991-12-01,"Dec 1991","Semi-Detached",NA,"Scss","Share absorbed at completion"
"59932",1991-12-01,"Dec 1991","Row",30,"Scss","Share absorbed at completion"
"59932",1991-12-01,"Dec 1991","Apartment",60,"Scss","Share absorbed at completion"
"59932",1991-12-01,"Dec 1991","All",72.8,"Scss","Share absorbed at completion"
"59932",1992-01-01,"Jan 1992","Single",80,"Scss","Share absorbed at completion"
"59932",1992-01-01,"Jan 1992","Semi-Detached",25,"Scss","Share absorbed at completion"
"59932",1992-01-01,"Jan 1992","Row",NA,"Scss","Share absorbed at completion"
"59932",1992-01-01,"Jan 1992","Apartment",23.1,"Scss","Share absorbed at completion"
"59932",1992-01-01,"Jan 1992","All",69.8,"Scss","Share absorbed at completion"
"59932",1992-02-01,"Feb 1992","Single",83.8,"Scss","Share absorbed at completion"
"59932",1992-02-01,"Feb 1992","Semi-Detached",NA,"Scss","Share absorbed at completion"
"59932",1992-02-01,"Feb 1992","Row",31.3,"Scss","Share absorbed at completion"
"59932",1992-02-01,"Feb 1992","Apartment",0,"Scss","Share absorbed at completion"
"59932",1992-02-01,"Feb 1992","All",65.5,"Scss","Share absorbed at completion"
"59932",1992-03-01,"Mar 1992","Single",81.9,"Scss","Share absorbed at completion"
"59932",1992-03-01,"Mar 1992","Semi-Detached",75,"Scss","Share absorbed at completion"
"59932",1992-03-01,"Mar 1992","Row",67.9,"Scss","Share absorbed at completion"
"59932",1992-03-01,"Mar 1992","Apartment",36,"Scss","Share absorbed at completion"
"59932",1992-03-01,"Mar 1992","All",60.7,"Scss","Share absorbed at completion"
"59932",1992-04-01,"Apr 1992","Single",80.7,"Scss","Share absorbed at completion"
"59932",1992-04-01,"Apr 1992","Semi-Detached",50,"Scss","Share absorbed at completion"
"59932",1992-04-01,"Apr 1992","Row",60,"Scss","Share absorbed at completion"
"59932",1992-04-01,"Apr 1992","Apartment",NA,"Scss","Share absorbed at completion"
"59932",1992-04-01,"Apr 1992","All",70.8,"Scss","Share absorbed at completion"
"59932",1992-05-01,"May 1992","Single",83.8,"Scss","Share absorbed at completion"
"59932",1992-05-01,"May 1992","Semi-Detached",NA,"Scss","Share absorbed at completion"
"59932",1992-05-01,"May 1992","Row",73.8,"Scss","Share absorbed at completion"
"59932",1992-05-01,"May 1992","Apartment",NA,"Scss","Share absorbed at completion"
"59932",1992-05-01,"May 1992","All",80.3,"Scss","Share absorbed at completion"
"59932",1992-06-01,"Jun 1992","Single",78.7,"Scss","Share absorbed at completion"
"59932",1992-06-01,"Jun 1992","Semi-Detached",100,"Scss","Share absorbed at completion"
"59932",1992-06-01,"Jun 1992","Row",NA,"Scss","Share absorbed at completion"
"59932",1992-06-01,"Jun 1992","Apartment",50,"Scss","Share absorbed at completion"
"59932",1992-06-01,"Jun 1992","All",68.3,"Scss","Share absorbed at completion"
"59932",1992-07-01,"Jul 1992","Single",67.7,"Scss","Share absorbed at completion"
"59932",1992-07-01,"Jul 1992","Semi-Detached",57.1,"Scss","Share absorbed at completion"
"59932",1992-07-01,"Jul 1992","Row",63.6,"Scss","Share absorbed at completion"
"59932",1992-07-01,"Jul 1992","Apartment",3.7,"Scss","Share absorbed at completion"
"59932",1992-07-01,"Jul 1992","All",53.6,"Scss","Share absorbed at completion"
"59932",1992-08-01,"Aug 1992","Single",71.4,"Scss","Share absorbed at completion"
"59932",1992-08-01,"Aug 1992","Semi-Detached",25,"Scss","Share absorbed at completion"
"59932",1992-08-01,"Aug 1992","Row",80.6,"Scss","Share absorbed at completion"
"59932",1992-08-01,"Aug 1992","Apartment",NA,"Scss","Share absorbed at completion"
"59932",1992-08-01,"Aug 1992","All",67.5,"Scss","Share absorbed at completion"
"59932",1992-09-01,"Sep 1992","Single",76.2,"Scss","Share absorbed at completion"
"59932",1992-09-01,"Sep 1992","Semi-Detached",NA,"Scss","Share absorbed at completion"
"59932",1992-09-01,"Sep 1992","Row",NA,"Scss","Share absorbed at completion"
"59932",1992-09-01,"Sep 1992","Apartment",NA,"Scss","Share absorbed at completion"
"59932",1992-09-01,"Sep 1992","All",76.2,"Scss","Share absorbed at completion"
"59932",1992-10-01,"Oct 1992","Single",87.3,"Scss","Share absorbed at completion"
"59932",1992-10-01,"Oct 1992","Semi-Detached",NA,"Scss","Share absorbed at completion"
"59932",1992-10-01,"Oct 1992","Row",75,"Scss","Share absorbed at completion"
"59932",1992-10-01,"Oct 1992","Apartment",NA,"Scss","Share absorbed at completion"
"59932",1992-10-01,"Oct 1992","All",86.6,"Scss","Share absorbed at completion"
"59932",1992-11-01,"Nov 1992","Single",76.6,"Scss","Share absorbed at completion"
"59932",1992-11-01,"Nov 1992","Semi-Detached",100,"Scss","Share absorbed at completion"
"59932",1992-11-01,"Nov 1992","Row",NA,"Scss","Share absorbed at completion"
"59932",1992-11-01,"Nov 1992","Apartment",NA,"Scss","Share absorbed at completion"
"59932",1992-11-01,"Nov 1992","All",77.1,"Scss","Share absorbed at completion"
"59932",1992-12-01,"Dec 1992","Single",61.4,"Scss","Share absorbed at completion"
"59932",1992-12-01,"Dec 1992","Semi-Detached",NA,"Scss","Share absorbed at completion"
"59932",1992-12-01,"Dec 1992","Row",70.2,"Scss","Share absorbed at completion"
"59932",1992-12-01,"Dec 1992","Apartment",49.5,"Scss","Share absorbed at completion"
"59932",1992-12-01,"Dec 1992","All",58.6,"Scss","Share absorbed at completion"
"59932",1993-01-01,"Jan 1993","Single",73.3,"Scss","Share absorbed at completion"
"59932",1993-01-01,"Jan 1993","Semi-Detached",54.2,"Scss","Share absorbed at completion"
"59932",1993-01-01,"Jan 1993","Row",100,"Scss","Share absorbed at completion"
"59932",1993-01-01,"Jan 1993","Apartment",NA,"Scss","Share absorbed at completion"
"59932",1993-01-01,"Jan 1993","All",67.2,"Scss","Share absorbed at completion"
"59932",1993-02-01,"Feb 1993","Single",79.2,"Scss","Share absorbed at completion"
"59932",1993-02-01,"Feb 1993","Semi-Detached",100,"Scss","Share absorbed at completion"
"59932",1993-02-01,"Feb 1993","Row",NA,"Scss","Share absorbed at completion"
"59932",1993-02-01,"Feb 1993","Apartment",NA,"Scss","Share absorbed at completion"
"59932",1993-02-01,"Feb 1993","All",81.5,"Scss","Share absorbed at completion"
"59932",1993-03-01,"Mar 1993","Single",74.7,"Scss","Share absorbed at completion"
"59932",1993-03-01,"Mar 1993","Semi-Detached",100,"Scss","Share absorbed at completion"
"59932",1993-03-01,"Mar 1993","Row",97.8,"Scss","Share absorbed at completion"
"59932",1993-03-01,"Mar 1993","Apartment",91.7,"Scss","Share absorbed at completion"
"59932",1993-03-01,"Mar 1993","All",85.4,"Scss","Share absorbed at completion"
"59932",1993-04-01,"Apr 1993","Single",74,"Scss","Share absorbed at completion"
"59932",1993-04-01,"Apr 1993","Semi-Detached",NA,"Scss","Share absorbed at completion"
"59932",1993-04-01,"Apr 1993","Row",NA,"Scss","Share absorbed at completion"
"59932",1993-04-01,"Apr 1993","Apartment",NA,"Scss","Share absorbed at completion"
"59932",1993-04-01,"Apr 1993","All",74,"Scss","Share absorbed at completion"
"59932",1993-05-01,"May 1993","Single",68.8,"Scss","Share absorbed at completion"
"59932",1993-05-01,"May 1993","Semi-Detached",NA,"Scss","Share absorbed at completion"
"59932",1993-05-01,"May 1993","Row",NA,"Scss","Share absorbed at completion"
"59932",1993-05-01,"May 1993","Apartment",50,"Scss","Share absorbed at completion"
"59932",1993-05-01,"May 1993","All",58.8,"Scss","Share absorbed at completion"
"59932",1993-06-01,"Jun 1993","Single",63,"Scss","Share absorbed at completion"
"59932",1993-06-01,"Jun 1993","Semi-Detached",0,"Scss","Share absorbed at completion"
"59932",1993-06-01,"Jun 1993","Row",52.6,"Scss","Share absorbed at completion"
"59932",1993-06-01,"Jun 1993","Apartment",50,"Scss","Share absorbed at completion"
"59932",1993-06-01,"Jun 1993","All",52.8,"Scss","Share absorbed at completion"
"59932",1993-07-01,"Jul 1993","Single",73.7,"Scss","Share absorbed at completion"
"59932",1993-07-01,"Jul 1993","Semi-Detached",36.4,"Scss","Share absorbed at completion"
"59932",1993-07-01,"Jul 1993","Row",57.1,"Scss","Share absorbed at completion"
"59932",1993-07-01,"Jul 1993","Apartment",68.3,"Scss","Share absorbed at completion"
"59932",1993-07-01,"Jul 1993","All",60.1,"Scss","Share absorbed at completion"
"59932",1993-08-01,"Aug 1993","Single",75.7,"Scss","Share absorbed at completion"
"59932",1993-08-01,"Aug 1993","Semi-Detached",50,"Scss","Share absorbed at completion"
"59932",1993-08-01,"Aug 1993","Row",71.4,"Scss","Share absorbed at completion"
"59932",1993-08-01,"Aug 1993","Apartment",NA,"Scss","Share absorbed at completion"
"59932",1993-08-01,"Aug 1993","All",69.6,"Scss","Share absorbed at completion"
"59932",1993-09-01,"Sep 1993","Single",68.2,"Scss","Share absorbed at completion"
"59932",1993-09-01,"Sep 1993","Semi-Detached",88.9,"Scss","Share absorbed at completion"
"59932",1993-09-01,"Sep 1993","Row",NA,"Scss","Share absorbed at completion"
"59932",1993-09-01,"Sep 1993","Apartment",15.3,"Scss","Share absorbed at completion"
"59932",1993-09-01,"Sep 1993","All",44.6,"Scss","Share absorbed at completion"
"59932",1993-10-01,"Oct 1993","Single",53.2,"Scss","Share absorbed at completion"
"59932",1993-10-01,"Oct 1993","Semi-Detached",50,"Scss","Share absorbed at completion"
"59932",1993-10-01,"Oct 1993","Row",50,"Scss","Share absorbed at completion"
"59932",1993-10-01,"Oct 1993","Apartment",87.2,"Scss","Share absorbed at completion"
"59932",1993-10-01,"Oct 1993","All",68.3,"Scss","Share absorbed at completion"
"59932",1993-11-01,"Nov 1993","Single",67.2,"Scss","Share absorbed at completion"
"59932",1993-11-01,"Nov 1993","Semi-Detached",73.1,"Scss","Share absorbed at completion"
"59932",1993-11-01,"Nov 1993","Row",69.4,"Scss","Share absorbed at completion"
"59932",1993-11-01,"Nov 1993","Apartment",40.5,"Scss","Share absorbed at completion"
"59932",1993-11-01,"Nov 1993","All",55.6,"Scss","Share absorbed at completion"
"59932",1993-12-01,"Dec 1993","Single",52,"Scss","Share absorbed at completion"
"59932",1993-12-01,"Dec 1993","Semi-Detached",40,"Scss","Share absorbed at completion"
"59932",1993-12-01,"Dec 1993","Row",40.6,"Scss","Share absorbed at completion"
"59932",1993-12-01,"Dec 1993","Apartment",35.6,"Scss","Share absorbed at completion"
"59932",1993-12-01,"Dec 1993","All",43.1,"Scss","Share absorbed at completion"
"59932",1994-01-01,"Jan 1994","Single",68.7,"Scss","Share absorbed at completion"
"59932",1994-01-01,"Jan 1994","Semi-Detached",100,"Scss","Share absorbed at completion"
"59932",1994-01-01,"Jan 1994","Row",NA,"Scss","Share absorbed at completion"
"59932",1994-01-01,"Jan 1994","Apartment",48.9,"Scss","Share absorbed at completion"
"59932",1994-01-01,"Jan 1994","All",60.4,"Scss","Share absorbed at completion"
"59932",1994-02-01,"Feb 1994","Single",68.4,"Scss","Share absorbed at completion"
"59932",1994-02-01,"Feb 1994","Semi-Detached",0,"Scss","Share absorbed at completion"
"59932",1994-02-01,"Feb 1994","Row",NA,"Scss","Share absorbed at completion"
"59932",1994-02-01,"Feb 1994","Apartment",43.1,"Scss","Share absorbed at completion"
"59932",1994-02-01,"Feb 1994","All",47.5,"Scss","Share absorbed at completion"
"59932",1994-03-01,"Mar 1994","Single",52.9,"Scss","Share absorbed at completion"
"59932",1994-03-01,"Mar 1994","Semi-Detached",0,"Scss","Share absorbed at completion"
"59932",1994-03-01,"Mar 1994","Row",NA,"Scss","Share absorbed at completion"
"59932",1994-03-01,"Mar 1994","Apartment",NA,"Scss","Share absorbed at completion"
"59932",1994-03-01,"Mar 1994","All",50.9,"Scss","Share absorbed at completion"
"59932",1994-04-01,"Apr 1994","Single",53.1,"Scss","Share absorbed at completion"
"59932",1994-04-01,"Apr 1994","Semi-Detached",0,"Scss","Share absorbed at completion"
"59932",1994-04-01,"Apr 1994","Row",NA,"Scss","Share absorbed at completion"
"59932",1994-04-01,"Apr 1994","Apartment",10.9,"Scss","Share absorbed at completion"
"59932",1994-04-01,"Apr 1994","All",34.8,"Scss","Share absorbed at completion"
"59932",1994-05-01,"May 1994","Single",53.2,"Scss","Share absorbed at completion"
"59932",1994-05-01,"May 1994","Semi-Detached",NA,"Scss","Share absorbed at completion"
"59932",1994-05-01,"May 1994","Row",52.1,"Scss","Share absorbed at completion"
"59932",1994-05-01,"May 1994","Apartment",NA,"Scss","Share absorbed at completion"
"59932",1994-05-01,"May 1994","All",52.7,"Scss","Share absorbed at completion"
"59932",1994-06-01,"Jun 1994","Single",67.7,"Scss","Share absorbed at completion"
"59932",1994-06-01,"Jun 1994","Semi-Detached",NA,"Scss","Share absorbed at completion"
"59932",1994-06-01,"Jun 1994","Row",60.9,"Scss","Share absorbed at completion"
"59932",1994-06-01,"Jun 1994","Apartment",NA,"Scss","Share absorbed at completion"
"59932",1994-06-01,"Jun 1994","All",65.9,"Scss","Share absorbed at completion"
"59932",1994-07-01,"Jul 1994","Single",65.5,"Scss","Share absorbed at completion"
"59932",1994-07-01,"Jul 1994","Semi-Detached",NA,"Scss","Share absorbed at completion"
"59932",1994-07-01,"Jul 1994","Row",NA,"Scss","Share absorbed at completion"
"59932",1994-07-01,"Jul 1994","Apartment",79.6,"Scss","Share absorbed at completion"
"59932",1994-07-01,"Jul 1994","All",72,"Scss","Share absorbed at completion"
"59932",1994-08-01,"Aug 1994","Single",51.6,"Scss","Share absorbed at completion"
"59932",1994-08-01,"Aug 1994","Semi-Detached",57.1,"Scss","Share absorbed at completion"
"59932",1994-08-01,"Aug 1994","Row",52.4,"Scss","Share absorbed at completion"
"59932",1994-08-01,"Aug 1994","Apartment",20.8,"Scss","Share absorbed at completion"
"59932",1994-08-01,"Aug 1994","All",38.9,"Scss","Share absorbed at completion"
"59932",1994-09-01,"Sep 1994","Single",51.3,"Scss","Share absorbed at completion"
"59932",1994-09-01,"Sep 1994","Semi-Detached",NA,"Scss","Share absorbed at completion"
"59932",1994-09-01,"Sep 1994","Row",4.2,"Scss","Share absorbed at completion"
"59932",1994-09-01,"Sep 1994","Apartment",48.8,"Scss","Share absorbed at completion"
"59932",1994-09-01,"Sep 1994","All",42.8,"Scss","Share absorbed at completion"
"59932",1994-10-01,"Oct 1994","Single",55.4,"Scss","Share absorbed at completion"
"59932",1994-10-01,"Oct 1994","Semi-Detached",NA,"Scss","Share absorbed at completion"
"59932",1994-10-01,"Oct 1994","Row",47.8,"Scss","Share absorbed at completion"
"59932",1994-10-01,"Oct 1994","Apartment",46.9,"Scss","Share absorbed at completion"
"59932",1994-10-01,"Oct 1994","All",50,"Scss","Share absorbed at completion"
"59932",1994-11-01,"Nov 1994","Single",62.1,"Scss","Share absorbed at completion"
"59932",1994-11-01,"Nov 1994","Semi-Detached",61.1,"Scss","Share absorbed at completion"
"59932",1994-11-01,"Nov 1994","Row",62.1,"Scss","Share absorbed at completion"
"59932",1994-11-01,"Nov 1994","Apartment",17.7,"Scss","Share absorbed at completion"
"59932",1994-11-01,"Nov 1994","All",45.2,"Scss","Share absorbed at completion"
"59932",1994-12-01,"Dec 1994","Single",78.8,"Scss","Share absorbed at completion"
"59932",1994-12-01,"Dec 1994","Semi-Detached",100,"Scss","Share absorbed at completion"
"59932",1994-12-01,"Dec 1994","Row",37.5,"Scss","Share absorbed at completion"
"59932",1994-12-01,"Dec 1994","Apartment",NA,"Scss","Share absorbed at completion"
"59932",1994-12-01,"Dec 1994","All",77.9,"Scss","Share absorbed at completion"
"59932",1995-01-01,"Jan 1995","Single",68.4,"Scss","Share absorbed at completion"
"59932",1995-01-01,"Jan 1995","Semi-Detached",31.8,"Scss","Share absorbed at completion"
"59932",1995-01-01,"Jan 1995","Row",30.8,"Scss","Share absorbed at completion"
"59932",1995-01-01,"Jan 1995","Apartment",NA,"Scss","Share absorbed at completion"
"59932",1995-01-01,"Jan 1995","All",47.7,"Scss","Share absorbed at completion"
"59932",1995-02-01,"Feb 1995","Single",48.8,"Scss","Share absorbed at completion"
"59932",1995-02-01,"Feb 1995","Semi-Detached",47.1,"Scss","Share absorbed at completion"
"59932",1995-02-01,"Feb 1995","Row",NA,"Scss","Share absorbed at completion"
"59932",1995-02-01,"Feb 1995","Apartment",NA,"Scss","Share absorbed at completion"
"59932",1995-02-01,"Feb 1995","All",48.1,"Scss","Share absorbed at completion"
"59932",1995-03-01,"Mar 1995","Single",65.9,"Scss","Share absorbed at completion"
"59932",1995-03-01,"Mar 1995","Semi-Detached",60,"Scss","Share absorbed at completion"
"59932",1995-03-01,"Mar 1995","Row",14.3,"Scss","Share absorbed at completion"
"59932",1995-03-01,"Mar 1995","Apartment",16.4,"Scss","Share absorbed at completion"
"59932",1995-03-01,"Mar 1995","All",36.7,"Scss","Share absorbed at completion"
"59932",1995-04-01,"Apr 1995","Single",32.7,"Scss","Share absorbed at completion"
"59932",1995-04-01,"Apr 1995","Semi-Detached",12.5,"Scss","Share absorbed at completion"
"59932",1995-04-01,"Apr 1995","Row",25,"Scss","Share absorbed at completion"
"59932",1995-04-01,"Apr 1995","Apartment",23.5,"Scss","Share absorbed at completion"
"59932",1995-04-01,"Apr 1995","All",27.2,"Scss","Share absorbed at completion"
"59932",1995-05-01,"May 1995","Single",78.9,"Scss","Share absorbed at completion"
"59932",1995-05-01,"May 1995","Semi-Detached",8.3,"Scss","Share absorbed at completion"
"59932",1995-05-01,"May 1995","Row",0,"Scss","Share absorbed at completion"
"59932",1995-05-01,"May 1995","Apartment",NA,"Scss","Share absorbed at completion"
"59932",1995-05-01,"May 1995","All",38.1,"Scss","Share absorbed at completion"
"59932",1995-06-01,"Jun 1995","Single",58.1,"Scss","Share absorbed at completion"
"59932",1995-06-01,"Jun 1995","Semi-Detached",0,"Scss","Share absorbed at completion"
"59932",1995-06-01,"Jun 1995","Row",NA,"Scss","Share absorbed at completion"
"59932",1995-06-01,"Jun 1995","Apartment",13,"Scss","Share absorbed at completion"
"59932",1995-06-01,"Jun 1995","All",36.2,"Scss","Share absorbed at completion"
"59932",1995-07-01,"Jul 1995","Single",79.5,"Scss","Share absorbed at completion"
"59932",1995-07-01,"Jul 1995","Semi-Detached",NA,"Scss","Share absorbed at completion"
"59932",1995-07-01,"Jul 1995","Row",NA,"Scss","Share absorbed at completion"
"59932",1995-07-01,"Jul 1995","Apartment",28.6,"Scss","Share absorbed at completion"
"59932",1995-07-01,"Jul 1995","All",42.4,"Scss","Share absorbed at completion"
"59932",1995-08-01,"Aug 1995","Single",79.1,"Scss","Share absorbed at completion"
"59932",1995-08-01,"Aug 1995","Semi-Detached",50,"Scss","Share absorbed at completion"
"59932",1995-08-01,"Aug 1995","Row",NA,"Scss","Share absorbed at completion"
"59932",1995-08-01,"Aug 1995","Apartment",NA,"Scss","Share absorbed at completion"
"59932",1995-08-01,"Aug 1995","All",73.5,"Scss","Share absorbed at completion"
"59932",1995-09-01,"Sep 1995","Single",64,"Scss","Share absorbed at completion"
"59932",1995-09-01,"Sep 1995","Semi-Detached",NA,"Scss","Share absorbed at completion"
"59932",1995-09-01,"Sep 1995","Row",NA,"Scss","Share absorbed at completion"
"59932",1995-09-01,"Sep 1995","Apartment",0,"Scss","Share absorbed at completion"
"59932",1995-09-01,"Sep 1995","All",23.5,"Scss","Share absorbed at completion"
"59932",1995-10-01,"Oct 1995","Single",76.1,"Scss","Share absorbed at completion"
"59932",1995-10-01,"Oct 1995","Semi-Detached",50,"Scss","Share absorbed at completion"
"59932",1995-10-01,"Oct 1995","Row",NA,"Scss","Share absorbed at completion"
"59932",1995-10-01,"Oct 1995","Apartment",12.5,"Scss","Share absorbed at completion"
"59932",1995-10-01,"Oct 1995","All",50,"Scss","Share absorbed at completion"
"59932",1995-11-01,"Nov 1995","Single",59.4,"Scss","Share absorbed at completion"
"59932",1995-11-01,"Nov 1995","Semi-Detached",NA,"Scss","Share absorbed at completion"
"59932",1995-11-01,"Nov 1995","Row",NA,"Scss","Share absorbed at completion"
"59932",1995-11-01,"Nov 1995","Apartment",NA,"Scss","Share absorbed at completion"
"59932",1995-11-01,"Nov 1995","All",59.4,"Scss","Share absorbed at completion"
"59932",1995-12-01,"Dec 1995","Single",61.8,"Scss","Share absorbed at completion"
"59932",1995-12-01,"Dec 1995","Semi-Detached",NA,"Scss","Share absorbed at completion"
"59932",1995-12-01,"Dec 1995","Row",NA,"Scss","Share absorbed at completion"
"59932",1995-12-01,"Dec 1995","Apartment",36.3,"Scss","Share absorbed at completion"
"59932",1995-12-01,"Dec 1995","All",41.8,"Scss","Share absorbed at completion"
"59932",1996-01-01,"Jan 1996","Single",78.9,"Scss","Share absorbed at completion"
"59932",1996-01-01,"Jan 1996","Semi-Detached",NA,"Scss","Share absorbed at completion"
"59932",1996-01-01,"Jan 1996","Row",50,"Scss","Share absorbed at completion"
"59932",1996-01-01,"Jan 1996","Apartment",9.4,"Scss","Share absorbed at completion"
"59932",1996-01-01,"Jan 1996","All",53.7,"Scss","Share absorbed at completion"
"59932",1996-02-01,"Feb 1996","Single",71.4,"Scss","Share absorbed at completion"
"59932",1996-02-01,"Feb 1996","Semi-Detached",50,"Scss","Share absorbed at completion"
"59932",1996-02-01,"Feb 1996","Row",0,"Scss","Share absorbed at completion"
"59932",1996-02-01,"Feb 1996","Apartment",NA,"Scss","Share absorbed at completion"
"59932",1996-02-01,"Feb 1996","All",60.5,"Scss","Share absorbed at completion"
"59932",1996-03-01,"Mar 1996","Single",75.6,"Scss","Share absorbed at completion"
"59932",1996-03-01,"Mar 1996","Semi-Detached",50,"Scss","Share absorbed at completion"
"59932",1996-03-01,"Mar 1996","Row",0,"Scss","Share absorbed at completion"
"59932",1996-03-01,"Mar 1996","Apartment",0,"Scss","Share absorbed at completion"
"59932",1996-03-01,"Mar 1996","All",43.4,"Scss","Share absorbed at completion"
"59932",1996-04-01,"Apr 1996","Single",72.7,"Scss","Share absorbed at completion"
"59932",1996-04-01,"Apr 1996","Semi-Detached",NA,"Scss","Share absorbed at completion"
"59932",1996-04-01,"Apr 1996","Row",23.5,"Scss","Share absorbed at completion"
"59932",1996-04-01,"Apr 1996","Apartment",NA,"Scss","Share absorbed at completion"
"59932",1996-04-01,"Apr 1996","All",56,"Scss","Share absorbed at completion"
"59932",1996-05-01,"May 1996","Single",83.7,"Scss","Share absorbed at completion"
"59932",1996-05-01,"May 1996","Semi-Detached",25,"Scss","Share absorbed at completion"
"59932",1996-05-01,"May 1996","Row",NA,"Scss","Share absorbed at completion"
"59932",1996-05-01,"May 1996","Apartment",2.2,"Scss","Share absorbed at completion"
"59932",1996-05-01,"May 1996","All",40.2,"Scss","Share absorbed at completion"
"59932",1996-06-01,"Jun 1996","Single",57.1,"Scss","Share absorbed at completion"
"59932",1996-06-01,"Jun 1996","Semi-Detached",20,"Scss","Share absorbed at completion"
"59932",1996-06-01,"Jun 1996","Row",NA,"Scss","Share absorbed at completion"
"59932",1996-06-01,"Jun 1996","Apartment",12.1,"Scss","Share absorbed at completion"
"59932",1996-06-01,"Jun 1996","All",27.9,"Scss","Share absorbed at completion"
"59932",1996-07-01,"Jul 1996","Single",72.2,"Scss","Share absorbed at completion"
"59932",1996-07-01,"Jul 1996","Semi-Detached",25,"Scss","Share absorbed at completion"
"59932",1996-07-01,"Jul 1996","Row",NA,"Scss","Share absorbed at completion"
"59932",1996-07-01,"Jul 1996","Apartment",36.6,"Scss","Share absorbed at completion"
"59932",1996-07-01,"Jul 1996","All",54.4,"Scss","Share absorbed at completion"
"59932",1996-08-01,"Aug 1996","Single",74.4,"Scss","Share absorbed at completion"
"59932",1996-08-01,"Aug 1996","Semi-Detached",NA,"Scss","Share absorbed at completion"
"59932",1996-08-01,"Aug 1996","Row",NA,"Scss","Share absorbed at completion"
"59932",1996-08-01,"Aug 1996","Apartment",NA,"Scss","Share absorbed at completion"
"59932",1996-08-01,"Aug 1996","All",74.4,"Scss","Share absorbed at completion"
"59932",1996-09-01,"Sep 1996","Single",54.4,"Scss","Share absorbed at completion"
"59932",1996-09-01,"Sep 1996","Semi-Detached",NA,"Scss","Share absorbed at completion"
"59932",1996-09-01,"Sep 1996","Row",NA,"Scss","Share absorbed at completion"
"59932",1996-09-01,"Sep 1996","Apartment",NA,"Scss","Share absorbed at completion"
"59932",1996-09-01,"Sep 1996","All",54.4,"Scss","Share absorbed at completion"
"59932",1996-10-01,"Oct 1996","Single",70.4,"Scss","Share absorbed at completion"
"59932",1996-10-01,"Oct 1996","Semi-Detached",NA,"Scss","Share absorbed at completion"
"59932",1996-10-01,"Oct 1996","Row",NA,"Scss","Share absorbed at completion"
"59932",1996-10-01,"Oct 1996","Apartment",60,"Scss","Share absorbed at completion"
"59932",1996-10-01,"Oct 1996","All",64.7,"Scss","Share absorbed at completion"
"59932",1996-11-01,"Nov 1996","Single",71.4,"Scss","Share absorbed at completion"
"59932",1996-11-01,"Nov 1996","Semi-Detached",NA,"Scss","Share absorbed at completion"
"59932",1996-11-01,"Nov 1996","Row",NA,"Scss","Share absorbed at completion"
"59932",1996-11-01,"Nov 1996","Apartment",NA,"Scss","Share absorbed at completion"
"59932",1996-11-01,"Nov 1996","All",71.4,"Scss","Share absorbed at completion"
"59932",1996-12-01,"Dec 1996","Single",79.4,"Scss","Share absorbed at completion"
"59932",1996-12-01,"Dec 1996","Semi-Detached",NA,"Scss","Share absorbed at completion"
"59932",1996-12-01,"Dec 1996","Row",NA,"Scss","Share absorbed at completion"
"59932",1996-12-01,"Dec 1996","Apartment",NA,"Scss","Share absorbed at completion"
"59932",1996-12-01,"Dec 1996","All",79.4,"Scss","Share absorbed at completion"
"59932",1997-01-01,"Jan 1997","Single",82.9,"Scss","Share absorbed at completion"
"59932",1997-01-01,"Jan 1997","Semi-Detached",NA,"Scss","Share absorbed at completion"
"59932",1997-01-01,"Jan 1997","Row",NA,"Scss","Share absorbed at completion"
"59932",1997-01-01,"Jan 1997","Apartment",NA,"Scss","Share absorbed at completion"
"59932",1997-01-01,"Jan 1997","All",82.9,"Scss","Share absorbed at completion"
"59932",1997-02-01,"Feb 1997","Single",51.3,"Scss","Share absorbed at completion"
"59932",1997-02-01,"Feb 1997","Semi-Detached",100,"Scss","Share absorbed at completion"
"59932",1997-02-01,"Feb 1997","Row",14.3,"Scss","Share absorbed at completion"
"59932",1997-02-01,"Feb 1997","Apartment",NA,"Scss","Share absorbed at completion"
"59932",1997-02-01,"Feb 1997","All",47.9,"Scss","Share absorbed at completion"
"59932",1997-03-01,"Mar 1997","Single",80.4,"Scss","Share absorbed at completion"
"59932",1997-03-01,"Mar 1997","Semi-Detached",0,"Scss","Share absorbed at completion"
"59932",1997-03-01,"Mar 1997","Row",0,"Scss","Share absorbed at completion"
"59932",1997-03-01,"Mar 1997","Apartment",NA,"Scss","Share absorbed at completion"
"59932",1997-03-01,"Mar 1997","All",63.4,"Scss","Share absorbed at completion"
"59932",1997-04-01,"Apr 1997","Single",80,"Scss","Share absorbed at completion"
"59932",1997-04-01,"Apr 1997","Semi-Detached",NA,"Scss","Share absorbed at completion"
"59932",1997-04-01,"Apr 1997","Row",NA,"Scss","Share absorbed at completion"
"59932",1997-04-01,"Apr 1997","Apartment",17.5,"Scss","Share absorbed at completion"
"59932",1997-04-01,"Apr 1997","All",37.6,"Scss","Share absorbed at completion"
"59932",1997-05-01,"May 1997","Single",56.5,"Scss","Share absorbed at completion"
"59932",1997-05-01,"May 1997","Semi-Detached",100,"Scss","Share absorbed at completion"
"59932",1997-05-01,"May 1997","Row",34.6,"Scss","Share absorbed at completion"
"59932",1997-05-01,"May 1997","Apartment",100,"Scss","Share absorbed at completion"
"59932",1997-05-01,"May 1997","All",55.1,"Scss","Share absorbed at completion"
"59932",1997-06-01,"Jun 1997","Single",75.7,"Scss","Share absorbed at completion"
"59932",1997-06-01,"Jun 1997","Semi-Detached",NA,"Scss","Share absorbed at completion"
"59932",1997-06-01,"Jun 1997","Row",0,"Scss","Share absorbed at completion"
"59932",1997-06-01,"Jun 1997","Apartment",100,"Scss","Share absorbed at completion"
"59932",1997-06-01,"Jun 1997","All",71.4,"Scss","Share absorbed at completion"
"59932",1997-07-01,"Jul 1997","Single",71.1,"Scss","Share absorbed at completion"
"59932",1997-07-01,"Jul 1997","Semi-Detached",NA,"Scss","Share absorbed at completion"
"59932",1997-07-01,"Jul 1997","Row",25,"Scss","Share absorbed at completion"
"59932",1997-07-01,"Jul 1997","Apartment",NA,"Scss","Share absorbed at completion"
"59932",1997-07-01,"Jul 1997","All",67.3,"Scss","Share absorbed at completion"
"59932",1997-08-01,"Aug 1997","Single",75.8,"Scss","Share absorbed at completion"
"59932",1997-08-01,"Aug 1997","Semi-Detached",NA,"Scss","Share absorbed at completion"
"59932",1997-08-01,"Aug 1997","Row",NA,"Scss","Share absorbed at completion"
"59932",1997-08-01,"Aug 1997","Apartment",NA,"Scss","Share absorbed at completion"
"59932",1997-08-01,"Aug 1997","All",75.8,"Scss","Share absorbed at completion"
"59932",1997-09-01,"Sep 1997","Single",71.2,"Scss","Share absorbed at completion"
"59932",1997-09-01,"Sep 1997","Semi-Detached",41.7,"Scss","Share absorbed at completion"
"59932",1997-09-01,"Sep 1997","Row",100,"Scss","Share absorbed at completion"
"59932",1997-09-01,"Sep 1997","Apartment",NA,"Scss","Share absorbed at completion"
"59932",1997-09-01,"Sep 1997","All",67.6,"Scss","Share absorbed at completion"
"59932",1997-10-01,"Oct 1997","Single",73.7,"Scss","Share absorbed at completion"
"59932",1997-10-01,"Oct 1997","Semi-Detached",100,"Scss","Share absorbed at completion"
"59932",1997-10-01,"Oct 1997","Row",NA,"Scss","Share absorbed at completion"
"59932",1997-10-01,"Oct 1997","Apartment",NA,"Scss","Share absorbed at completion"
"59932",1997-10-01,"Oct 1997","All",75,"Scss","Share absorbed at completion"
"59932",1997-11-01,"Nov 1997","Single",76.4,"Scss","Share absorbed at completion"
"59932",1997-11-01,"Nov 1997","Semi-Detached",33.3,"Scss","Share absorbed at completion"
"59932",1997-11-01,"Nov 1997","Row",0,"Scss","Share absorbed at completion"
"59932",1997-11-01,"Nov 1997","Apartment",67.6,"Scss","Share absorbed at completion"
"59932",1997-11-01,"Nov 1997","All",67.9,"Scss","Share absorbed at completion"
"59932",1997-12-01,"Dec 1997","Single",68.1,"Scss","Share absorbed at completion"
"59932",1997-12-01,"Dec 1997","Semi-Detached",NA,"Scss","Share absorbed at completion"
"59932",1997-12-01,"Dec 1997","Row",NA,"Scss","Share absorbed at completion"
"59932",1997-12-01,"Dec 1997","Apartment",NA,"Scss","Share absorbed at completion"
"59932",1997-12-01,"Dec 1997","All",68.1,"Scss","Share absorbed at completion"
"59932",1998-01-01,"Jan 1998","Single",66.7,"Scss","Share absorbed at completion"
"59932",1998-01-01,"Jan 1998","Semi-Detached",50,"Scss","Share absorbed at completion"
"59932",1998-01-01,"Jan 1998","Row",50,"Scss","Share absorbed at completion"
"59932",1998-01-01,"Jan 1998","Apartment",NA,"Scss","Share absorbed at completion"
"59932",1998-01-01,"Jan 1998","All",63.2,"Scss","Share absorbed at completion"
"59932",1998-02-01,"Feb 1998","Single",74.4,"Scss","Share absorbed at completion"
"59932",1998-02-01,"Feb 1998","Semi-Detached",NA,"Scss","Share absorbed at completion"
"59932",1998-02-01,"Feb 1998","Row",NA,"Scss","Share absorbed at completion"
"59932",1998-02-01,"Feb 1998","Apartment",NA,"Scss","Share absorbed at completion"
"59932",1998-02-01,"Feb 1998","All",74.4,"Scss","Share absorbed at completion"
"59932",1998-03-01,"Mar 1998","Single",88.2,"Scss","Share absorbed at completion"
"59932",1998-03-01,"Mar 1998","Semi-Detached",NA,"Scss","Share absorbed at completion"
"59932",1998-03-01,"Mar 1998","Row",10,"Scss","Share absorbed at completion"
"59932",1998-03-01,"Mar 1998","Apartment",NA,"Scss","Share absorbed at completion"
"59932",1998-03-01,"Mar 1998","All",59.3,"Scss","Share absorbed at completion"
"59932",1998-04-01,"Apr 1998","Single",58.5,"Scss","Share absorbed at completion"
"59932",1998-04-01,"Apr 1998","Semi-Detached",15,"Scss","Share absorbed at completion"
"59932",1998-04-01,"Apr 1998","Row",NA,"Scss","Share absorbed at completion"
"59932",1998-04-01,"Apr 1998","Apartment",NA,"Scss","Share absorbed at completion"
"59932",1998-04-01,"Apr 1998","All",44.3,"Scss","Share absorbed at completion"
"59932",1998-05-01,"May 1998","Single",48.5,"Scss","Share absorbed at completion"
"59932",1998-05-01,"May 1998","Semi-Detached",7.1,"Scss","Share absorbed at completion"
"59932",1998-05-01,"May 1998","Row",NA,"Scss","Share absorbed at completion"
"59932",1998-05-01,"May 1998","Apartment",15.9,"Scss","Share absorbed at completion"
"59932",1998-05-01,"May 1998","All",24.5,"Scss","Share absorbed at completion"
"59932",1998-06-01,"Jun 1998","Single",51.7,"Scss","Share absorbed at completion"
"59932",1998-06-01,"Jun 1998","Semi-Detached",16.7,"Scss","Share absorbed at completion"
"59932",1998-06-01,"Jun 1998","Row",33.3,"Scss","Share absorbed at completion"
"59932",1998-06-01,"Jun 1998","Apartment",NA,"Scss","Share absorbed at completion"
"59932",1998-06-01,"Jun 1998","All",47.8,"Scss","Share absorbed at completion"
"59932",1998-07-01,"Jul 1998","Single",61.4,"Scss","Share absorbed at completion"
"59932",1998-07-01,"Jul 1998","Semi-Detached",NA,"Scss","Share absorbed at completion"
"59932",1998-07-01,"Jul 1998","Row",0,"Scss","Share absorbed at completion"
"59932",1998-07-01,"Jul 1998","Apartment",NA,"Scss","Share absorbed at completion"
"59932",1998-07-01,"Jul 1998","All",50,"Scss","Share absorbed at completion"
"59932",1998-08-01,"Aug 1998","Single",69.6,"Scss","Share absorbed at completion"
"59932",1998-08-01,"Aug 1998","Semi-Detached",0,"Scss","Share absorbed at completion"
"59932",1998-08-01,"Aug 1998","Row",NA,"Scss","Share absorbed at completion"
"59932",1998-08-01,"Aug 1998","Apartment",NA,"Scss","Share absorbed at completion"
"59932",1998-08-01,"Aug 1998","All",61.5,"Scss","Share absorbed at completion"
"59932",1998-09-01,"Sep 1998","Single",77.1,"Scss","Share absorbed at completion"
"59932",1998-09-01,"Sep 1998","Semi-Detached",0,"Scss","Share absorbed at completion"
"59932",1998-09-01,"Sep 1998","Row",NA,"Scss","Share absorbed at completion"
"59932",1998-09-01,"Sep 1998","Apartment",NA,"Scss","Share absorbed at completion"
"59932",1998-09-01,"Sep 1998","All",73,"Scss","Share absorbed at completion"
"59932",1998-10-01,"Oct 1998","Single",82.9,"Scss","Share absorbed at completion"
"59932",1998-10-01,"Oct 1998","Semi-Detached",16.7,"Scss","Share absorbed at completion"
"59932",1998-10-01,"Oct 1998","Row",NA,"Scss","Share absorbed at completion"
"59932",1998-10-01,"Oct 1998","Apartment",NA,"Scss","Share absorbed at completion"
"59932",1998-10-01,"Oct 1998","All",73.2,"Scss","Share absorbed at completion"
"59932",1998-11-01,"Nov 1998","Single",45.8,"Scss","Share absorbed at completion"
"59932",1998-11-01,"Nov 1998","Semi-Detached",NA,"Scss","Share absorbed at completion"
"59932",1998-11-01,"Nov 1998","Row",NA,"Scss","Share absorbed at completion"
"59932",1998-11-01,"Nov 1998","Apartment",3.5,"Scss","Share absorbed at completion"
"59932",1998-11-01,"Nov 1998","All",16,"Scss","Share absorbed at completion"
"59932",1998-12-01,"Dec 1998","Single",45.5,"Scss","Share absorbed at completion"
"59932",1998-12-01,"Dec 1998","Semi-Detached",0,"Scss","Share absorbed at completion"
"59932",1998-12-01,"Dec 1998","Row",NA,"Scss","Share absorbed at completion"
"59932",1998-12-01,"Dec 1998","Apartment",NA,"Scss","Share absorbed at completion"
"59932",1998-12-01,"Dec 1998","All",34.9,"Scss","Share absorbed at completion"
"59932",1999-01-01,"Jan 1999","Single",72.4,"Scss","Share absorbed at completion"
"59932",1999-01-01,"Jan 1999","Semi-Detached",NA,"Scss","Share absorbed at completion"
"59932",1999-01-01,"Jan 1999","Row",7.1,"Scss","Share absorbed at completion"
"59932",1999-01-01,"Jan 1999","Apartment",NA,"Scss","Share absorbed at completion"
"59932",1999-01-01,"Jan 1999","All",51.2,"Scss","Share absorbed at completion"
"59932",1999-02-01,"Feb 1999","Single",60,"Scss","Share absorbed at completion"
"59932",1999-02-01,"Feb 1999","Semi-Detached",NA,"Scss","Share absorbed at completion"
"59932",1999-02-01,"Feb 1999","Row",NA,"Scss","Share absorbed at completion"
"59932",1999-02-01,"Feb 1999","Apartment",NA,"Scss","Share absorbed at completion"
"59932",1999-02-01,"Feb 1999","All",60,"Scss","Share absorbed at completion"
"59932",1999-03-01,"Mar 1999","Single",40.6,"Scss","Share absorbed at completion"
"59932",1999-03-01,"Mar 1999","Semi-Detached",NA,"Scss","Share absorbed at completion"
"59932",1999-03-01,"Mar 1999","Row",NA,"Scss","Share absorbed at completion"
"59932",1999-03-01,"Mar 1999","Apartment",NA,"Scss","Share absorbed at completion"
"59932",1999-03-01,"Mar 1999","All",40.6,"Scss","Share absorbed at completion"
"59932",1999-04-01,"Apr 1999","Single",61.3,"Scss","Share absorbed at completion"
"59932",1999-04-01,"Apr 1999","Semi-Detached",NA,"Scss","Share absorbed at completion"
"59932",1999-04-01,"Apr 1999","Row",NA,"Scss","Share absorbed at completion"
"59932",1999-04-01,"Apr 1999","Apartment",NA,"Scss","Share absorbed at completion"
"59932",1999-04-01,"Apr 1999","All",61.3,"Scss","Share absorbed at completion"
"59932",1999-05-01,"May 1999","Single",55.6,"Scss","Share absorbed at completion"
"59932",1999-05-01,"May 1999","Semi-Detached",NA,"Scss","Share absorbed at completion"
"59932",1999-05-01,"May 1999","Row",NA,"Scss","Share absorbed at completion"
"59932",1999-05-01,"May 1999","Apartment",NA,"Scss","Share absorbed at completion"
"59932",1999-05-01,"May 1999","All",55.6,"Scss","Share absorbed at completion"
"59932",1999-06-01,"Jun 1999","Single",66.7,"Scss","Share absorbed at completion"
"59932",1999-06-01,"Jun 1999","Semi-Detached",NA,"Scss","Share absorbed at completion"
"59932",1999-06-01,"Jun 1999","Row",NA,"Scss","Share absorbed at completion"
"59932",1999-06-01,"Jun 1999","Apartment",NA,"Scss","Share absorbed at completion"
"59932",1999-06-01,"Jun 1999","All",66.7,"Scss","Share absorbed at completion"
"59932",1999-07-01,"Jul 1999","Single",60.5,"Scss","Share absorbed at completion"
"59932",1999-07-01,"Jul 1999","Semi-Detached",NA,"Scss","Share absorbed at completion"
"59932",1999-07-01,"Jul 1999","Row",33.3,"Scss","Share absorbed at completion"
"59932",1999-07-01,"Jul 1999","Apartment",NA,"Scss","Share absorbed at completion"
"59932",1999-07-01,"Jul 1999","All",55.3,"Scss","Share absorbed at completion"
"59932",1999-08-01,"Aug 1999","Single",67.6,"Scss","Share absorbed at completion"
"59932",1999-08-01,"Aug 1999","Semi-Detached",75,"Scss","Share absorbed at completion"
"59932",1999-08-01,"Aug 1999","Row",57.7,"Scss","Share absorbed at completion"
"59932",1999-08-01,"Aug 1999","Apartment",NA,"Scss","Share absorbed at completion"
"59932",1999-08-01,"Aug 1999","All",64.7,"Scss","Share absorbed at completion"
"59932",1999-09-01,"Sep 1999","Single",67.6,"Scss","Share absorbed at completion"
"59932",1999-09-01,"Sep 1999","Semi-Detached",100,"Scss","Share absorbed at completion"
"59932",1999-09-01,"Sep 1999","Row",NA,"Scss","Share absorbed at completion"
"59932",1999-09-01,"Sep 1999","Apartment",NA,"Scss","Share absorbed at completion"
"59932",1999-09-01,"Sep 1999","All",69.2,"Scss","Share absorbed at completion"
"59932",1999-10-01,"Oct 1999","Single",78.2,"Scss","Share absorbed at completion"
"59932",1999-10-01,"Oct 1999","Semi-Detached",0,"Scss","Share absorbed at completion"
"59932",1999-10-01,"Oct 1999","Row",NA,"Scss","Share absorbed at completion"
"59932",1999-10-01,"Oct 1999","Apartment",NA,"Scss","Share absorbed at completion"
"59932",1999-10-01,"Oct 1999","All",72.9,"Scss","Share absorbed at completion"
"59932",1999-11-01,"Nov 1999","Single",85,"Scss","Share absorbed at completion"
"59932",1999-11-01,"Nov 1999","Semi-Detached",50,"Scss","Share absorbed at completion"
"59932",1999-11-01,"Nov 1999","Row",NA,"Scss","Share absorbed at completion"
"59932",1999-11-01,"Nov 1999","Apartment",NA,"Scss","Share absorbed at completion"
"59932",1999-11-01,"Nov 1999","All",83.3,"Scss","Share absorbed at completion"
"59932",1999-12-01,"Dec 1999","Single",80.4,"Scss","Share absorbed at completion"
"59932",1999-12-01,"Dec 1999","Semi-Detached",50,"Scss","Share absorbed at completion"
"59932",1999-12-01,"Dec 1999","Row",NA,"Scss","Share absorbed at completion"
"59932",1999-12-01,"Dec 1999","Apartment",NA,"Scss","Share absorbed at completion"
"59932",1999-12-01,"Dec 1999","All",79.2,"Scss","Share absorbed at completion"
"59932",2000-01-01,"Jan 2000","Single",61.1,"Scss","Share absorbed at completion"
"59932",2000-01-01,"Jan 2000","Semi-Detached",NA,"Scss","Share absorbed at completion"
"59932",2000-01-01,"Jan 2000","Row",44.4,"Scss","Share absorbed at completion"
"59932",2000-01-01,"Jan 2000","Apartment",NA,"Scss","Share absorbed at completion"
"59932",2000-01-01,"Jan 2000","All",57.8,"Scss","Share absorbed at completion"
"59932",2000-02-01,"Feb 2000","Single",75,"Scss","Share absorbed at completion"
"59932",2000-02-01,"Feb 2000","Semi-Detached",NA,"Scss","Share absorbed at completion"
"59932",2000-02-01,"Feb 2000","Row",55.6,"Scss","Share absorbed at completion"
"59932",2000-02-01,"Feb 2000","Apartment",NA,"Scss","Share absorbed at completion"
"59932",2000-02-01,"Feb 2000","All",71.4,"Scss","Share absorbed at completion"
"59932",2000-03-01,"Mar 2000","Single",43.8,"Scss","Share absorbed at completion"
"59932",2000-03-01,"Mar 2000","Semi-Detached",NA,"Scss","Share absorbed at completion"
"59932",2000-03-01,"Mar 2000","Row",NA,"Scss","Share absorbed at completion"
"59932",2000-03-01,"Mar 2000","Apartment",NA,"Scss","Share absorbed at completion"
"59932",2000-03-01,"Mar 2000","All",43.8,"Scss","Share absorbed at completion"
"59932",2000-04-01,"Apr 2000","Single",51.6,"Scss","Share absorbed at completion"
"59932",2000-04-01,"Apr 2000","Semi-Detached",100,"Scss","Share absorbed at completion"
"59932",2000-04-01,"Apr 2000","Row",NA,"Scss","Share absorbed at completion"
"59932",2000-04-01,"Apr 2000","Apartment",NA,"Scss","Share absorbed at completion"
"59932",2000-04-01,"Apr 2000","All",54.5,"Scss","Share absorbed at completion"
"59932",2000-05-01,"May 2000","Single",39.6,"Scss","Share absorbed at completion"
"59932",2000-05-01,"May 2000","Semi-Detached",0,"Scss","Share absorbed at completion"
"59932",2000-05-01,"May 2000","Row",NA,"Scss","Share absorbed at completion"
"59932",2000-05-01,"May 2000","Apartment",NA,"Scss","Share absorbed at completion"
"59932",2000-05-01,"May 2000","All",36.5,"Scss","Share absorbed at completion"
"59932",2000-06-01,"Jun 2000","Single",80,"Scss","Share absorbed at completion"
"59932",2000-06-01,"Jun 2000","Semi-Detached",50,"Scss","Share absorbed at completion"
"59932",2000-06-01,"Jun 2000","Row",NA,"Scss","Share absorbed at completion"
"59932",2000-06-01,"Jun 2000","Apartment",NA,"Scss","Share absorbed at completion"
"59932",2000-06-01,"Jun 2000","All",76.5,"Scss","Share absorbed at completion"
"59932",2000-07-01,"Jul 2000","Single",60.7,"Scss","Share absorbed at completion"
"59932",2000-07-01,"Jul 2000","Semi-Detached",0,"Scss","Share absorbed at completion"
"59932",2000-07-01,"Jul 2000","Row",0,"Scss","Share absorbed at completion"
"59932",2000-07-01,"Jul 2000","Apartment",NA,"Scss","Share absorbed at completion"
"59932",2000-07-01,"Jul 2000","All",41.5,"Scss","Share absorbed at completion"
"59932",2000-08-01,"Aug 2000","Single",64.9,"Scss","Share absorbed at completion"
"59932",2000-08-01,"Aug 2000","Semi-Detached",NA,"Scss","Share absorbed at completion"
"59932",2000-08-01,"Aug 2000","Row",NA,"Scss","Share absorbed at completion"
"59932",2000-08-01,"Aug 2000","Apartment",NA,"Scss","Share absorbed at completion"
"59932",2000-08-01,"Aug 2000","All",64.9,"Scss","Share absorbed at completion"
"59932",2000-09-01,"Sep 2000","Single",64,"Scss","Share absorbed at completion"
"59932",2000-09-01,"Sep 2000","Semi-Detached",NA,"Scss","Share absorbed at completion"
"59932",2000-09-01,"Sep 2000","Row",NA,"Scss","Share absorbed at completion"
"59932",2000-09-01,"Sep 2000","Apartment",NA,"Scss","Share absorbed at completion"
"59932",2000-09-01,"Sep 2000","All",64,"Scss","Share absorbed at completion"
"59932",2000-10-01,"Oct 2000","Single",70.6,"Scss","Share absorbed at completion"
"59932",2000-10-01,"Oct 2000","Semi-Detached",NA,"Scss","Share absorbed at completion"
"59932",2000-10-01,"Oct 2000","Row",NA,"Scss","Share absorbed at completion"
"59932",2000-10-01,"Oct 2000","Apartment",NA,"Scss","Share absorbed at completion"
"59932",2000-10-01,"Oct 2000","All",70.6,"Scss","Share absorbed at completion"
"59932",2000-11-01,"Nov 2000","Single",55,"Scss","Share absorbed at completion"
"59932",2000-11-01,"Nov 2000","Semi-Detached",NA,"Scss","Share absorbed at completion"
"59932",2000-11-01,"Nov 2000","Row",NA,"Scss","Share absorbed at completion"
"59932",2000-11-01,"Nov 2000","Apartment",NA,"Scss","Share absorbed at completion"
"59932",2000-11-01,"Nov 2000","All",55,"Scss","Share absorbed at completion"
"59932",2000-12-01,"Dec 2000","Single",90,"Scss","Share absorbed at completion"
"59932",2000-12-01,"Dec 2000","Semi-Detached",0,"Scss","Share absorbed at completion"
"59932",2000-12-01,"Dec 2000","Row",NA,"Scss","Share absorbed at completion"
"59932",2000-12-01,"Dec 2000","Apartment",NA,"Scss","Share absorbed at completion"
"59932",2000-12-01,"Dec 2000","All",85.7,"Scss","Share absorbed at completion"
"59932",2001-01-01,"Jan 2001","Single",73.2,"Scss","Share absorbed at completion"
"59932",2001-01-01,"Jan 2001","Semi-Detached",NA,"Scss","Share absorbed at completion"
"59932",2001-01-01,"Jan 2001","Row",NA,"Scss","Share absorbed at completion"
"59932",2001-01-01,"Jan 2001","Apartment",NA,"Scss","Share absorbed at completion"
"59932",2001-01-01,"Jan 2001","All",73.2,"Scss","Share absorbed at completion"
"59932",2001-02-01,"Feb 2001","Single",80,"Scss","Share absorbed at completion"
"59932",2001-02-01,"Feb 2001","Semi-Detached",0,"Scss","Share absorbed at completion"
"59932",2001-02-01,"Feb 2001","Row",NA,"Scss","Share absorbed at completion"
"59932",2001-02-01,"Feb 2001","Apartment",NA,"Scss","Share absorbed at completion"
"59932",2001-02-01,"Feb 2001","All",75.7,"Scss","Share absorbed at completion"
"59932",2001-03-01,"Mar 2001","Single",68.2,"Scss","Share absorbed at completion"
"59932",2001-03-01,"Mar 2001","Semi-Detached",NA,"Scss","Share absorbed at completion"
"59932",2001-03-01,"Mar 2001","Row",NA,"Scss","Share absorbed at completion"
"59932",2001-03-01,"Mar 2001","Apartment",NA,"Scss","Share absorbed at completion"
"59932",2001-03-01,"Mar 2001","All",68.2,"Scss","Share absorbed at completion"
"59932",2001-04-01,"Apr 2001","Single",66.7,"Scss","Share absorbed at completion"
"59932",2001-04-01,"Apr 2001","Semi-Detached",NA,"Scss","Share absorbed at completion"
"59932",2001-04-01,"Apr 2001","Row",NA,"Scss","Share absorbed at completion"
"59932",2001-04-01,"Apr 2001","Apartment",NA,"Scss","Share absorbed at completion"
"59932",2001-04-01,"Apr 2001","All",66.7,"Scss","Share absorbed at completion"
"59932",2001-05-01,"May 2001","Single",80,"Scss","Share absorbed at completion"
"59932",2001-05-01,"May 2001","Semi-Detached",NA,"Scss","Share absorbed at completion"
"59932",2001-05-01,"May 2001","Row",NA,"Scss","Share absorbed at completion"
"59932",2001-05-01,"May 2001","Apartment",NA,"Scss","Share absorbed at completion"
"59932",2001-05-01,"May 2001","All",80,"Scss","Share absorbed at completion"
"59932",2001-06-01,"Jun 2001","Single",51.6,"Scss","Share absorbed at completion"
"59932",2001-06-01,"Jun 2001","Semi-Detached",18.8,"Scss","Share absorbed at completion"
"59932",2001-06-01,"Jun 2001","Row",NA,"Scss","Share absorbed at completion"
"59932",2001-06-01,"Jun 2001","Apartment",NA,"Scss","Share absorbed at completion"
"59932",2001-06-01,"Jun 2001","All",40.4,"Scss","Share absorbed at completion"
"59932",2001-07-01,"Jul 2001","Single",56.5,"Scss","Share absorbed at completion"
"59932",2001-07-01,"Jul 2001","Semi-Detached",NA,"Scss","Share absorbed at completion"
"59932",2001-07-01,"Jul 2001","Row",NA,"Scss","Share absorbed at completion"
"59932",2001-07-01,"Jul 2001","Apartment",NA,"Scss","Share absorbed at completion"
"59932",2001-07-01,"Jul 2001","All",56.5,"Scss","Share absorbed at completion"
"59932",2001-08-01,"Aug 2001","Single",81.6,"Scss","Share absorbed at completion"
"59932",2001-08-01,"Aug 2001","Semi-Detached",NA,"Scss","Share absorbed at completion"
"59932",2001-08-01,"Aug 2001","Row",NA,"Scss","Share absorbed at completion"
"59932",2001-08-01,"Aug 2001","Apartment",NA,"Scss","Share absorbed at completion"
"59932",2001-08-01,"Aug 2001","All",81.6,"Scss","Share absorbed at completion"
"59932",2001-09-01,"Sep 2001","Single",63.2,"Scss","Share absorbed at completion"
"59932",2001-09-01,"Sep 2001","Semi-Detached",NA,"Scss","Share absorbed at completion"
"59932",2001-09-01,"Sep 2001","Row",NA,"Scss","Share absorbed at completion"
"59932",2001-09-01,"Sep 2001","Apartment",NA,"Scss","Share absorbed at completion"
"59932",2001-09-01,"Sep 2001","All",63.2,"Scss","Share absorbed at completion"
"59932",2001-10-01,"Oct 2001","Single",59.5,"Scss","Share absorbed at completion"
"59932",2001-10-01,"Oct 2001","Semi-Detached",NA,"Scss","Share absorbed at completion"
"59932",2001-10-01,"Oct 2001","Row",NA,"Scss","Share absorbed at completion"
"59932",2001-10-01,"Oct 2001","Apartment",NA,"Scss","Share absorbed at completion"
"59932",2001-10-01,"Oct 2001","All",59.5,"Scss","Share absorbed at completion"
"59932",2001-11-01,"Nov 2001","Single",65.7,"Scss","Share absorbed at completion"
"59932",2001-11-01,"Nov 2001","Semi-Detached",NA,"Scss","Share absorbed at completion"
"59932",2001-11-01,"Nov 2001","Row",NA,"Scss","Share absorbed at completion"
"59932",2001-11-01,"Nov 2001","Apartment",NA,"Scss","Share absorbed at completion"
"59932",2001-11-01,"Nov 2001","All",65.7,"Scss","Share absorbed at completion"
"59932",2001-12-01,"Dec 2001","Single",78.9,"Scss","Share absorbed at completion"
"59932",2001-12-01,"Dec 2001","Semi-Detached",NA,"Scss","Share absorbed at completion"
"59932",2001-12-01,"Dec 2001","Row",NA,"Scss","Share absorbed at completion"
"59932",2001-12-01,"Dec 2001","Apartment",NA,"Scss","Share absorbed at completion"
"59932",2001-12-01,"Dec 2001","All",78.9,"Scss","Share absorbed at completion"
"59932",2002-01-01,"Jan 2002","Single",48,"Scss","Share absorbed at completion"
"59932",2002-01-01,"Jan 2002","Semi-Detached",NA,"Scss","Share absorbed at completion"
"59932",2002-01-01,"Jan 2002","Row",NA,"Scss","Share absorbed at completion"
"59932",2002-01-01,"Jan 2002","Apartment",NA,"Scss","Share absorbed at completion"
"59932",2002-01-01,"Jan 2002","All",48,"Scss","Share absorbed at completion"
"59932",2002-02-01,"Feb 2002","Single",61,"Scss","Share absorbed at completion"
"59932",2002-02-01,"Feb 2002","Semi-Detached",100,"Scss","Share absorbed at completion"
"59932",2002-02-01,"Feb 2002","Row",NA,"Scss","Share absorbed at completion"
"59932",2002-02-01,"Feb 2002","Apartment",NA,"Scss","Share absorbed at completion"
"59932",2002-02-01,"Feb 2002","All",62.8,"Scss","Share absorbed at completion"
"59932",2002-03-01,"Mar 2002","Single",84.2,"Scss","Share absorbed at completion"
"59932",2002-03-01,"Mar 2002","Semi-Detached",NA,"Scss","Share absorbed at completion"
"59932",2002-03-01,"Mar 2002","Row",NA,"Scss","Share absorbed at completion"
"59932",2002-03-01,"Mar 2002","Apartment",NA,"Scss","Share absorbed at completion"
"59932",2002-03-01,"Mar 2002","All",84.2,"Scss","Share absorbed at completion"
"59932",2002-04-01,"Apr 2002","Single",85.2,"Scss","Share absorbed at completion"
"59932",2002-04-01,"Apr 2002","Semi-Detached",NA,"Scss","Share absorbed at completion"
"59932",2002-04-01,"Apr 2002","Row",NA,"Scss","Share absorbed at completion"
"59932",2002-04-01,"Apr 2002","Apartment",NA,"Scss","Share absorbed at completion"
"59932",2002-04-01,"Apr 2002","All",85.2,"Scss","Share absorbed at completion"
"59932",2002-05-01,"May 2002","Single",71,"Scss","Share absorbed at completion"
"59932",2002-05-01,"May 2002","Semi-Detached",100,"Scss","Share absorbed at completion"
"59932",2002-05-01,"May 2002","Row",NA,"Scss","Share absorbed at completion"
"59932",2002-05-01,"May 2002","Apartment",NA,"Scss","Share absorbed at completion"
"59932",2002-05-01,"May 2002","All",72.7,"Scss","Share absorbed at completion"
"59932",2002-06-01,"Jun 2002","Single",80,"Scss","Share absorbed at completion"
"59932",2002-06-01,"Jun 2002","Semi-Detached",NA,"Scss","Share absorbed at completion"
"59932",2002-06-01,"Jun 2002","Row",NA,"Scss","Share absorbed at completion"
"59932",2002-06-01,"Jun 2002","Apartment",NA,"Scss","Share absorbed at completion"
"59932",2002-06-01,"Jun 2002","All",80,"Scss","Share absorbed at completion"
"59932",2002-07-01,"Jul 2002","Single",83.3,"Scss","Share absorbed at completion"
"59932",2002-07-01,"Jul 2002","Semi-Detached",50,"Scss","Share absorbed at completion"
"59932",2002-07-01,"Jul 2002","Row",NA,"Scss","Share absorbed at completion"
"59932",2002-07-01,"Jul 2002","Apartment",NA,"Scss","Share absorbed at completion"
"59932",2002-07-01,"Jul 2002","All",80,"Scss","Share absorbed at completion"
"59932",2002-08-01,"Aug 2002","Single",69.4,"Scss","Share absorbed at completion"
"59932",2002-08-01,"Aug 2002","Semi-Detached",NA,"Scss","Share absorbed at completion"
"59932",2002-08-01,"Aug 2002","Row",NA,"Scss","Share absorbed at completion"
"59932",2002-08-01,"Aug 2002","Apartment",100,"Scss","Share absorbed at completion"
"59932",2002-08-01,"Aug 2002","All",73.2,"Scss","Share absorbed at completion"
"59932",2002-09-01,"Sep 2002","Single",68.4,"Scss","Share absorbed at completion"
"59932",2002-09-01,"Sep 2002","Semi-Detached",NA,"Scss","Share absorbed at completion"
"59932",2002-09-01,"Sep 2002","Row",66.7,"Scss","Share absorbed at completion"
"59932",2002-09-01,"Sep 2002","Apartment",100,"Scss","Share absorbed at completion"
"59932",2002-09-01,"Sep 2002","All",77.5,"Scss","Share absorbed at completion"
"59932",2002-10-01,"Oct 2002","Single",56.1,"Scss","Share absorbed at completion"
"59932",2002-10-01,"Oct 2002","Semi-Detached",NA,"Scss","Share absorbed at completion"
"59932",2002-10-01,"Oct 2002","Row",100,"Scss","Share absorbed at completion"
"59932",2002-10-01,"Oct 2002","Apartment",100,"Scss","Share absorbed at completion"
"59932",2002-10-01,"Oct 2002","All",70.5,"Scss","Share absorbed at completion"
"59932",2002-11-01,"Nov 2002","Single",54.5,"Scss","Share absorbed at completion"
"59932",2002-11-01,"Nov 2002","Semi-Detached",NA,"Scss","Share absorbed at completion"
"59932",2002-11-01,"Nov 2002","Row",75,"Scss","Share absorbed at completion"
"59932",2002-11-01,"Nov 2002","Apartment",100,"Scss","Share absorbed at completion"
"59932",2002-11-01,"Nov 2002","All",63.1,"Scss","Share absorbed at completion"
"59932",2002-12-01,"Dec 2002","Single",63.2,"Scss","Share absorbed at completion"
"59932",2002-12-01,"Dec 2002","Semi-Detached",NA,"Scss","Share absorbed at completion"
"59932",2002-12-01,"Dec 2002","Row",NA,"Scss","Share absorbed at completion"
"59932",2002-12-01,"Dec 2002","Apartment",100,"Scss","Share absorbed at completion"
"59932",2002-12-01,"Dec 2002","All",78.8,"Scss","Share absorbed at completion"
"59932",2003-01-01,"Jan 2003","Single",59.6,"Scss","Share absorbed at completion"
"59932",2003-01-01,"Jan 2003","Semi-Detached",NA,"Scss","Share absorbed at completion"
"59932",2003-01-01,"Jan 2003","Row",NA,"Scss","Share absorbed at completion"
"59932",2003-01-01,"Jan 2003","Apartment",100,"Scss","Share absorbed at completion"
"59932",2003-01-01,"Jan 2003","All",67.2,"Scss","Share absorbed at completion"
"59932",2003-02-01,"Feb 2003","Single",69.6,"Scss","Share absorbed at completion"
"59932",2003-02-01,"Feb 2003","Semi-Detached",NA,"Scss","Share absorbed at completion"
"59932",2003-02-01,"Feb 2003","Row",NA,"Scss","Share absorbed at completion"
"59932",2003-02-01,"Feb 2003","Apartment",100,"Scss","Share absorbed at completion"
"59932",2003-02-01,"Feb 2003","All",77.4,"Scss","Share absorbed at completion"
"59932",2003-03-01,"Mar 2003","Single",65.8,"Scss","Share absorbed at completion"
"59932",2003-03-01,"Mar 2003","Semi-Detached",100,"Scss","Share absorbed at completion"
"59932",2003-03-01,"Mar 2003","Row",NA,"Scss","Share absorbed at completion"
"59932",2003-03-01,"Mar 2003","Apartment",100,"Scss","Share absorbed at completion"
"59932",2003-03-01,"Mar 2003","All",72.9,"Scss","Share absorbed at completion"
"59932",2003-04-01,"Apr 2003","Single",72.7,"Scss","Share absorbed at completion"
"59932",2003-04-01,"Apr 2003","Semi-Detached",NA,"Scss","Share absorbed at completion"
"59932",2003-04-01,"Apr 2003","Row",100,"Scss","Share absorbed at completion"
"59932",2003-04-01,"Apr 2003","Apartment",100,"Scss","Share absorbed at completion"
"59932",2003-04-01,"Apr 2003","All",80.3,"Scss","Share absorbed at completion"
"59932",2003-05-01,"May 2003","Single",68.4,"Scss","Share absorbed at completion"
"59932",2003-05-01,"May 2003","Semi-Detached",50,"Scss","Share absorbed at completion"
"59932",2003-05-01,"May 2003","Row",100,"Scss","Share absorbed at completion"
"59932",2003-05-01,"May 2003","Apartment",100,"Scss","Share absorbed at completion"
"59932",2003-05-01,"May 2003","All",78,"Scss","Share absorbed at completion"
"59932",2003-06-01,"Jun 2003","Single",73,"Scss","Share absorbed at completion"
"59932",2003-06-01,"Jun 2003","Semi-Detached",NA,"Scss","Share absorbed at completion"
"59932",2003-06-01,"Jun 2003","Row",NA,"Scss","Share absorbed at completion"
"59932",2003-06-01,"Jun 2003","Apartment",100,"Scss","Share absorbed at completion"
"59932",2003-06-01,"Jun 2003","All",84.1,"Scss","Share absorbed at completion"
"59932",2003-07-01,"Jul 2003","Single",64.1,"Scss","Share absorbed at completion"
"59932",2003-07-01,"Jul 2003","Semi-Detached",NA,"Scss","Share absorbed at completion"
"59932",2003-07-01,"Jul 2003","Row",NA,"Scss","Share absorbed at completion"
"59932",2003-07-01,"Jul 2003","Apartment",100,"Scss","Share absorbed at completion"
"59932",2003-07-01,"Jul 2003","All",74.5,"Scss","Share absorbed at completion"
"59932",2003-08-01,"Aug 2003","Single",69.8,"Scss","Share absorbed at completion"
"59932",2003-08-01,"Aug 2003","Semi-Detached",100,"Scss","Share absorbed at completion"
"59932",2003-08-01,"Aug 2003","Row",100,"Scss","Share absorbed at completion"
"59932",2003-08-01,"Aug 2003","Apartment",100,"Scss","Share absorbed at completion"
"59932",2003-08-01,"Aug 2003","All",76.5,"Scss","Share absorbed at completion"
"59932",2003-09-01,"Sep 2003","Single",72.5,"Scss","Share absorbed at completion"
"59932",2003-09-01,"Sep 2003","Semi-Detached",NA,"Scss","Share absorbed at completion"
"59932",2003-09-01,"Sep 2003","Row",100,"Scss","Share absorbed at completion"
"59932",2003-09-01,"Sep 2003","Apartment",100,"Scss","Share absorbed at completion"
"59932",2003-09-01,"Sep 2003","All",82.3,"Scss","Share absorbed at completion"
"59932",2003-10-01,"Oct 2003","Single",58.5,"Scss","Share absorbed at completion"
"59932",2003-10-01,"Oct 2003","Semi-Detached",NA,"Scss","Share absorbed at completion"
"59932",2003-10-01,"Oct 2003","Row",43.8,"Scss","Share absorbed at completion"
"59932",2003-10-01,"Oct 2003","Apartment",100,"Scss","Share absorbed at completion"
"59932",2003-10-01,"Oct 2003","All",65.2,"Scss","Share absorbed at completion"
"59932",2003-11-01,"Nov 2003","Single",65.5,"Scss","Share absorbed at completion"
"59932",2003-11-01,"Nov 2003","Semi-Detached",100,"Scss","Share absorbed at completion"
"59932",2003-11-01,"Nov 2003","Row",37.5,"Scss","Share absorbed at completion"
"59932",2003-11-01,"Nov 2003","Apartment",100,"Scss","Share absorbed at completion"
"59932",2003-11-01,"Nov 2003","All",77.6,"Scss","Share absorbed at completion"
"59932",2003-12-01,"Dec 2003","Single",66.7,"Scss","Share absorbed at completion"
"59932",2003-12-01,"Dec 2003","Semi-Detached",NA,"Scss","Share absorbed at completion"
"59932",2003-12-01,"Dec 2003","Row",84,"Scss","Share absorbed at completion"
"59932",2003-12-01,"Dec 2003","Apartment",67.5,"Scss","Share absorbed at completion"
"59932",2003-12-01,"Dec 2003","All",70.4,"Scss","Share absorbed at completion"
"59932",2004-01-01,"Jan 2004","Single",89.8,"Scss","Share absorbed at completion"
"59932",2004-01-01,"Jan 2004","Semi-Detached",NA,"Scss","Share absorbed at completion"
"59932",2004-01-01,"Jan 2004","Row",25,"Scss","Share absorbed at completion"
"59932",2004-01-01,"Jan 2004","Apartment",100,"Scss","Share absorbed at completion"
"59932",2004-01-01,"Jan 2004","All",88.1,"Scss","Share absorbed at completion"
"59932",2004-02-01,"Feb 2004","Single",63.6,"Scss","Share absorbed at completion"
"59932",2004-02-01,"Feb 2004","Semi-Detached",100,"Scss","Share absorbed at completion"
"59932",2004-02-01,"Feb 2004","Row",100,"Scss","Share absorbed at completion"
"59932",2004-02-01,"Feb 2004","Apartment",100,"Scss","Share absorbed at completion"
"59932",2004-02-01,"Feb 2004","All",77.3,"Scss","Share absorbed at completion"
"59932",2004-03-01,"Mar 2004","Single",76.4,"Scss","Share absorbed at completion"
"59932",2004-03-01,"Mar 2004","Semi-Detached",100,"Scss","Share absorbed at completion"
"59932",2004-03-01,"Mar 2004","Row",NA,"Scss","Share absorbed at completion"
"59932",2004-03-01,"Mar 2004","Apartment",100,"Scss","Share absorbed at completion"
"59932",2004-03-01,"Mar 2004","All",82.3,"Scss","Share absorbed at completion"
"59932",2004-04-01,"Apr 2004","Single",77.1,"Scss","Share absorbed at completion"
"59932",2004-04-01,"Apr 2004","Semi-Detached",0,"Scss","Share absorbed at completion"
"59932",2004-04-01,"Apr 2004","Row",NA,"Scss","Share absorbed at completion"
"59932",2004-04-01,"Apr 2004","Apartment",100,"Scss","Share absorbed at completion"
"59932",2004-04-01,"Apr 2004","All",79,"Scss","Share absorbed at completion"
"59932",2004-05-01,"May 2004","Single",68.3,"Scss","Share absorbed at completion"
"59932",2004-05-01,"May 2004","Semi-Detached",83.3,"Scss","Share absorbed at completion"
"59932",2004-05-01,"May 2004","Row",0,"Scss","Share absorbed at completion"
"59932",2004-05-01,"May 2004","Apartment",100,"Scss","Share absorbed at completion"
"59932",2004-05-01,"May 2004","All",67.8,"Scss","Share absorbed at completion"
"59932",2004-06-01,"Jun 2004","Single",81.3,"Scss","Share absorbed at completion"
"59932",2004-06-01,"Jun 2004","Semi-Detached",100,"Scss","Share absorbed at completion"
"59932",2004-06-01,"Jun 2004","Row",NA,"Scss","Share absorbed at completion"
"59932",2004-06-01,"Jun 2004","Apartment",100,"Scss","Share absorbed at completion"
"59932",2004-06-01,"Jun 2004","All",89.7,"Scss","Share absorbed at completion"
"59932",2004-07-01,"Jul 2004","Single",62.5,"Scss","Share absorbed at completion"
"59932",2004-07-01,"Jul 2004","Semi-Detached",100,"Scss","Share absorbed at completion"
"59932",2004-07-01,"Jul 2004","Row",100,"Scss","Share absorbed at completion"
"59932",2004-07-01,"Jul 2004","Apartment",100,"Scss","Share absorbed at completion"
"59932",2004-07-01,"Jul 2004","All",73.3,"Scss","Share absorbed at completion"
"59932",2004-08-01,"Aug 2004","Single",69.9,"Scss","Share absorbed at completion"
"59932",2004-08-01,"Aug 2004","Semi-Detached",0,"Scss","Share absorbed at completion"
"59932",2004-08-01,"Aug 2004","Row",100,"Scss","Share absorbed at completion"
"59932",2004-08-01,"Aug 2004","Apartment",100,"Scss","Share absorbed at completion"
"59932",2004-08-01,"Aug 2004","All",72.2,"Scss","Share absorbed at completion"
"59932",2004-09-01,"Sep 2004","Single",72.9,"Scss","Share absorbed at completion"
"59932",2004-09-01,"Sep 2004","Semi-Detached",100,"Scss","Share absorbed at completion"
"59932",2004-09-01,"Sep 2004","Row",100,"Scss","Share absorbed at completion"
"59932",2004-09-01,"Sep 2004","Apartment",100,"Scss","Share absorbed at completion"
"59932",2004-09-01,"Sep 2004","All",84,"Scss","Share absorbed at completion"
"59932",2004-10-01,"Oct 2004","Single",51.6,"Scss","Share absorbed at completion"
"59932",2004-10-01,"Oct 2004","Semi-Detached",NA,"Scss","Share absorbed at completion"
"59932",2004-10-01,"Oct 2004","Row",100,"Scss","Share absorbed at completion"
"59932",2004-10-01,"Oct 2004","Apartment",100,"Scss","Share absorbed at completion"
"59932",2004-10-01,"Oct 2004","All",66.7,"Scss","Share absorbed at completion"
"59932",2004-11-01,"Nov 2004","Single",53.2,"Scss","Share absorbed at completion"
"59932",2004-11-01,"Nov 2004","Semi-Detached",100,"Scss","Share absorbed at completion"
"59932",2004-11-01,"Nov 2004","Row",100,"Scss","Share absorbed at completion"
"59932",2004-11-01,"Nov 2004","Apartment",100,"Scss","Share absorbed at completion"
"59932",2004-11-01,"Nov 2004","All",70.7,"Scss","Share absorbed at completion"
"59932",2004-12-01,"Dec 2004","Single",49.1,"Scss","Share absorbed at completion"
"59932",2004-12-01,"Dec 2004","Semi-Detached",NA,"Scss","Share absorbed at completion"
"59932",2004-12-01,"Dec 2004","Row",100,"Scss","Share absorbed at completion"
"59932",2004-12-01,"Dec 2004","Apartment",100,"Scss","Share absorbed at completion"
"59932",2004-12-01,"Dec 2004","All",63.3,"Scss","Share absorbed at completion"
"59932",2005-01-01,"Jan 2005","Single",42.9,"Scss","Share absorbed at completion"
"59932",2005-01-01,"Jan 2005","Semi-Detached",NA,"Scss","Share absorbed at completion"
"59932",2005-01-01,"Jan 2005","Row",40,"Scss","Share absorbed at completion"
"59932",2005-01-01,"Jan 2005","Apartment",100,"Scss","Share absorbed at completion"
"59932",2005-01-01,"Jan 2005","All",61.3,"Scss","Share absorbed at completion"
"59932",2005-02-01,"Feb 2005","Single",44.2,"Scss","Share absorbed at completion"
"59932",2005-02-01,"Feb 2005","Semi-Detached",NA,"Scss","Share absorbed at completion"
"59932",2005-02-01,"Feb 2005","Row",NA,"Scss","Share absorbed at completion"
"59932",2005-02-01,"Feb 2005","Apartment",86.5,"Scss","Share absorbed at completion"
"59932",2005-02-01,"Feb 2005","All",70.9,"Scss","Share absorbed at completion"
"59932",2005-03-01,"Mar 2005","Single",35.4,"Scss","Share absorbed at completion"
"59932",2005-03-01,"Mar 2005","Semi-Detached",NA,"Scss","Share absorbed at completion"
"59932",2005-03-01,"Mar 2005","Row",NA,"Scss","Share absorbed at completion"
"59932",2005-03-01,"Mar 2005","Apartment",100,"Scss","Share absorbed at completion"
"59932",2005-03-01,"Mar 2005","All",45.5,"Scss","Share absorbed at completion"
"59932",2005-04-01,"Apr 2005","Single",56.1,"Scss","Share absorbed at completion"
"59932",2005-04-01,"Apr 2005","Semi-Detached",NA,"Scss","Share absorbed at completion"
"59932",2005-04-01,"Apr 2005","Row",25,"Scss","Share absorbed at completion"
"59932",2005-04-01,"Apr 2005","Apartment",100,"Scss","Share absorbed at completion"
"59932",2005-04-01,"Apr 2005","All",61.8,"Scss","Share absorbed at completion"
"59932",2005-05-01,"May 2005","Single",63.3,"Scss","Share absorbed at completion"
"59932",2005-05-01,"May 2005","Semi-Detached",NA,"Scss","Share absorbed at completion"
"59932",2005-05-01,"May 2005","Row",36.4,"Scss","Share absorbed at completion"
"59932",2005-05-01,"May 2005","Apartment",39.3,"Scss","Share absorbed at completion"
"59932",2005-05-01,"May 2005","All",47.2,"Scss","Share absorbed at completion"
"59932",2005-06-01,"Jun 2005","Single",86,"Scss","Share absorbed at completion"
"59932",2005-06-01,"Jun 2005","Semi-Detached",75,"Scss","Share absorbed at completion"
"59932",2005-06-01,"Jun 2005","Row",NA,"Scss","Share absorbed at completion"
"59932",2005-06-01,"Jun 2005","Apartment",100,"Scss","Share absorbed at completion"
"59932",2005-06-01,"Jun 2005","All",86.9,"Scss","Share absorbed at completion"
"59932",2005-07-01,"Jul 2005","Single",74.4,"Scss","Share absorbed at completion"
"59932",2005-07-01,"Jul 2005","Semi-Detached",50,"Scss","Share absorbed at completion"
"59932",2005-07-01,"Jul 2005","Row",NA,"Scss","Share absorbed at completion"
"59932",2005-07-01,"Jul 2005","Apartment",NA,"Scss","Share absorbed at completion"
"59932",2005-07-01,"Jul 2005","All",72.1,"Scss","Share absorbed at completion"
"59932",2005-08-01,"Aug 2005","Single",50,"Scss","Share absorbed at completion"
"59932",2005-08-01,"Aug 2005","Semi-Detached",NA,"Scss","Share absorbed at completion"
"59932",2005-08-01,"Aug 2005","Row",44.4,"Scss","Share absorbed at completion"
"59932",2005-08-01,"Aug 2005","Apartment",94.7,"Scss","Share absorbed at completion"
"59932",2005-08-01,"Aug 2005","All",65.7,"Scss","Share absorbed at completion"
"59932",2005-09-01,"Sep 2005","Single",75,"Scss","Share absorbed at completion"
"59932",2005-09-01,"Sep 2005","Semi-Detached",NA,"Scss","Share absorbed at completion"
"59932",2005-09-01,"Sep 2005","Row",NA,"Scss","Share absorbed at completion"
"59932",2005-09-01,"Sep 2005","Apartment",68.2,"Scss","Share absorbed at completion"
"59932",2005-09-01,"Sep 2005","All",70.8,"Scss","Share absorbed at completion"
"59932",2005-10-01,"Oct 2005","Single",71,"Scss","Share absorbed at completion"
"59932",2005-10-01,"Oct 2005","Semi-Detached",NA,"Scss","Share absorbed at completion"
"59932",2005-10-01,"Oct 2005","Row",NA,"Scss","Share absorbed at completion"
"59932",2005-10-01,"Oct 2005","Apartment",82.4,"Scss","Share absorbed at completion"
"59932",2005-10-01,"Oct 2005","All",76.9,"Scss","Share absorbed at completion"
"59932",2005-11-01,"Nov 2005","Single",60,"Scss","Share absorbed at completion"
"59932",2005-11-01,"Nov 2005","Semi-Detached",NA,"Scss","Share absorbed at completion"
"59932",2005-11-01,"Nov 2005","Row",NA,"Scss","Share absorbed at completion"
"59932",2005-11-01,"Nov 2005","Apartment",75,"Scss","Share absorbed at completion"
"59932",2005-11-01,"Nov 2005","All",63.6,"Scss","Share absorbed at completion"
"59932",2005-12-01,"Dec 2005","Single",38.3,"Scss","Share absorbed at completion"
"59932",2005-12-01,"Dec 2005","Semi-Detached",NA,"Scss","Share absorbed at completion"
"59932",2005-12-01,"Dec 2005","Row",NA,"Scss","Share absorbed at completion"
"59932",2005-12-01,"Dec 2005","Apartment",61.3,"Scss","Share absorbed at completion"
"59932",2005-12-01,"Dec 2005","All",51.4,"Scss","Share absorbed at completion"
"59932",2006-01-01,"Jan 2006","Single",58.1,"Scss","Share absorbed at completion"
"59932",2006-01-01,"Jan 2006","Semi-Detached",NA,"Scss","Share absorbed at completion"
"59932",2006-01-01,"Jan 2006","Row",NA,"Scss","Share absorbed at completion"
"59932",2006-01-01,"Jan 2006","Apartment",87.5,"Scss","Share absorbed at completion"
"59932",2006-01-01,"Jan 2006","All",68.1,"Scss","Share absorbed at completion"
"59932",2006-02-01,"Feb 2006","Single",71.9,"Scss","Share absorbed at completion"
"59932",2006-02-01,"Feb 2006","Semi-Detached",NA,"Scss","Share absorbed at completion"
"59932",2006-02-01,"Feb 2006","Row",NA,"Scss","Share absorbed at completion"
"59932",2006-02-01,"Feb 2006","Apartment",55.6,"Scss","Share absorbed at completion"
"59932",2006-02-01,"Feb 2006","All",61.6,"Scss","Share absorbed at completion"
"59932",2006-03-01,"Mar 2006","Single",44,"Scss","Share absorbed at completion"
"59932",2006-03-01,"Mar 2006","Semi-Detached",NA,"Scss","Share absorbed at completion"
"59932",2006-03-01,"Mar 2006","Row",40,"Scss","Share absorbed at completion"
"59932",2006-03-01,"Mar 2006","Apartment",55.6,"Scss","Share absorbed at completion"
"59932",2006-03-01,"Mar 2006","All",47.9,"Scss","Share absorbed at completion"
"59932",2006-04-01,"Apr 2006","Single",63,"Scss","Share absorbed at completion"
"59932",2006-04-01,"Apr 2006","Semi-Detached",NA,"Scss","Share absorbed at completion"
"59932",2006-04-01,"Apr 2006","Row",NA,"Scss","Share absorbed at completion"
"59932",2006-04-01,"Apr 2006","Apartment",85.7,"Scss","Share absorbed at completion"
"59932",2006-04-01,"Apr 2006","All",70.7,"Scss","Share absorbed at completion"
"59932",2006-05-01,"May 2006","Single",63.6,"Scss","Share absorbed at completion"
"59932",2006-05-01,"May 2006","Semi-Detached",100,"Scss","Share absorbed at completion"
"59932",2006-05-01,"May 2006","Row",100,"Scss","Share absorbed at completion"
"59932",2006-05-01,"May 2006","Apartment",100,"Scss","Share absorbed at completion"
"59932",2006-05-01,"May 2006","All",81.3,"Scss","Share absorbed at completion"
"59932",2006-06-01,"Jun 2006","Single",40,"Scss","Share absorbed at completion"
"59932",2006-06-01,"Jun 2006","Semi-Detached",NA,"Scss","Share absorbed at completion"
"59932",2006-06-01,"Jun 2006","Row",NA,"Scss","Share absorbed at completion"
"59932",2006-06-01,"Jun 2006","Apartment",NA,"Scss","Share absorbed at completion"
"59932",2006-06-01,"Jun 2006","All",40,"Scss","Share absorbed at completion"
"59932",2006-07-01,"Jul 2006","Single",65.6,"Scss","Share absorbed at completion"
"59932",2006-07-01,"Jul 2006","Semi-Detached",NA,"Scss","Share absorbed at completion"
"59932",2006-07-01,"Jul 2006","Row",92.3,"Scss","Share absorbed at completion"
"59932",2006-07-01,"Jul 2006","Apartment",100,"Scss","Share absorbed at completion"
"59932",2006-07-01,"Jul 2006","All",81.4,"Scss","Share absorbed at completion"
"59932",2006-08-01,"Aug 2006","Single",66.7,"Scss","Share absorbed at completion"
"59932",2006-08-01,"Aug 2006","Semi-Detached",NA,"Scss","Share absorbed at completion"
"59932",2006-08-01,"Aug 2006","Row",100,"Scss","Share absorbed at completion"
"59932",2006-08-01,"Aug 2006","Apartment",75,"Scss","Share absorbed at completion"
"59932",2006-08-01,"Aug 2006","All",70.6,"Scss","Share absorbed at completion"
"59932",2006-09-01,"Sep 2006","Single",64.7,"Scss","Share absorbed at completion"
"59932",2006-09-01,"Sep 2006","Semi-Detached",100,"Scss","Share absorbed at completion"
"59932",2006-09-01,"Sep 2006","Row",100,"Scss","Share absorbed at completion"
"59932",2006-09-01,"Sep 2006","Apartment",86.8,"Scss","Share absorbed at completion"
"59932",2006-09-01,"Sep 2006","All",81.5,"Scss","Share absorbed at completion"
"59932",2006-10-01,"Oct 2006","Single",44,"Scss","Share absorbed at completion"
"59932",2006-10-01,"Oct 2006","Semi-Detached",NA,"Scss","Share absorbed at completion"
"59932",2006-10-01,"Oct 2006","Row",NA,"Scss","Share absorbed at completion"
"59932",2006-10-01,"Oct 2006","Apartment",100,"Scss","Share absorbed at completion"
"59932",2006-10-01,"Oct 2006","All",48.1,"Scss","Share absorbed at completion"
"59932",2006-11-01,"Nov 2006","Single",46.3,"Scss","Share absorbed at completion"
"59932",2006-11-01,"Nov 2006","Semi-Detached",100,"Scss","Share absorbed at completion"
"59932",2006-11-01,"Nov 2006","Row",NA,"Scss","Share absorbed at completion"
"59932",2006-11-01,"Nov 2006","Apartment",0,"Scss","Share absorbed at completion"
"59932",2006-11-01,"Nov 2006","All",46.9,"Scss","Share absorbed at completion"
"59932",2006-12-01,"Dec 2006","Single",86.2,"Scss","Share absorbed at completion"
"59932",2006-12-01,"Dec 2006","Semi-Detached",100,"Scss","Share absorbed at completion"
"59932",2006-12-01,"Dec 2006","Row",NA,"Scss","Share absorbed at completion"
"59932",2006-12-01,"Dec 2006","Apartment",33.3,"Scss","Share absorbed at completion"
"59932",2006-12-01,"Dec 2006","All",78.4,"Scss","Share absorbed at completion"
"59932",2007-01-01,"Jan 2007","Single",63.9,"Scss","Share absorbed at completion"
"59932",2007-01-01,"Jan 2007","Semi-Detached",50,"Scss","Share absorbed at completion"
"59932",2007-01-01,"Jan 2007","Row",100,"Scss","Share absorbed at completion"
"59932",2007-01-01,"Jan 2007","Apartment",100,"Scss","Share absorbed at completion"
"59932",2007-01-01,"Jan 2007","All",89.4,"Scss","Share absorbed at completion"
"59932",2007-02-01,"Feb 2007","Single",62.5,"Scss","Share absorbed at completion"
"59932",2007-02-01,"Feb 2007","Semi-Detached",NA,"Scss","Share absorbed at completion"
"59932",2007-02-01,"Feb 2007","Row",28.6,"Scss","Share absorbed at completion"
"59932",2007-02-01,"Feb 2007","Apartment",25,"Scss","Share absorbed at completion"
"59932",2007-02-01,"Feb 2007","All",49.2,"Scss","Share absorbed at completion"
"59932",2007-03-01,"Mar 2007","Single",54.3,"Scss","Share absorbed at completion"
"59932",2007-03-01,"Mar 2007","Semi-Detached",100,"Scss","Share absorbed at completion"
"59932",2007-03-01,"Mar 2007","Row",100,"Scss","Share absorbed at completion"
"59932",2007-03-01,"Mar 2007","Apartment",92.4,"Scss","Share absorbed at completion"
"59932",2007-03-01,"Mar 2007","All",83.1,"Scss","Share absorbed at completion"
"59932",2007-04-01,"Apr 2007","Single",39.3,"Scss","Share absorbed at completion"
"59932",2007-04-01,"Apr 2007","Semi-Detached",NA,"Scss","Share absorbed at completion"
"59932",2007-04-01,"Apr 2007","Row",NA,"Scss","Share absorbed at completion"
"59932",2007-04-01,"Apr 2007","Apartment",96.2,"Scss","Share absorbed at completion"
"59932",2007-04-01,"Apr 2007","All",76.5,"Scss","Share absorbed at completion"
"59932",2007-05-01,"May 2007","Single",67.9,"Scss","Share absorbed at completion"
"59932",2007-05-01,"May 2007","Semi-Detached",NA,"Scss","Share absorbed at completion"
"59932",2007-05-01,"May 2007","Row",NA,"Scss","Share absorbed at completion"
"59932",2007-05-01,"May 2007","Apartment",NA,"Scss","Share absorbed at completion"
"59932",2007-05-01,"May 2007","All",67.9,"Scss","Share absorbed at completion"
"59932",2007-06-01,"Jun 2007","Single",56.3,"Scss","Share absorbed at completion"
"59932",2007-06-01,"Jun 2007","Semi-Detached",NA,"Scss","Share absorbed at completion"
"59932",2007-06-01,"Jun 2007","Row",NA,"Scss","Share absorbed at completion"
"59932",2007-06-01,"Jun 2007","Apartment",100,"Scss","Share absorbed at completion"
"59932",2007-06-01,"Jun 2007","All",65,"Scss","Share absorbed at completion"
"59932",2007-07-01,"Jul 2007","Single",40.7,"Scss","Share absorbed at completion"
"59932",2007-07-01,"Jul 2007","Semi-Detached",NA,"Scss","Share absorbed at completion"
"59932",2007-07-01,"Jul 2007","Row",100,"Scss","Share absorbed at completion"
"59932",2007-07-01,"Jul 2007","Apartment",77.5,"Scss","Share absorbed at completion"
"59932",2007-07-01,"Jul 2007","All",74.1,"Scss","Share absorbed at completion"
"59932",2007-08-01,"Aug 2007","Single",66.7,"Scss","Share absorbed at completion"
"59932",2007-08-01,"Aug 2007","Semi-Detached",NA,"Scss","Share absorbed at completion"
"59932",2007-08-01,"Aug 2007","Row",NA,"Scss","Share absorbed at completion"
"59932",2007-08-01,"Aug 2007","Apartment",66.7,"Scss","Share absorbed at completion"
"59932",2007-08-01,"Aug 2007","All",66.7,"Scss","Share absorbed at completion"
"59932",2007-09-01,"Sep 2007","Single",51.2,"Scss","Share absorbed at completion"
"59932",2007-09-01,"Sep 2007","Semi-Detached",NA,"Scss","Share absorbed at completion"
"59932",2007-09-01,"Sep 2007","Row",94.3,"Scss","Share absorbed at completion"
"59932",2007-09-01,"Sep 2007","Apartment",38.6,"Scss","Share absorbed at completion"
"59932",2007-09-01,"Sep 2007","All",54.1,"Scss","Share absorbed at completion"
"59932",2007-10-01,"Oct 2007","Single",35.7,"Scss","Share absorbed at completion"
"59932",2007-10-01,"Oct 2007","Semi-Detached",NA,"Scss","Share absorbed at completion"
"59932",2007-10-01,"Oct 2007","Row",NA,"Scss","Share absorbed at completion"
"59932",2007-10-01,"Oct 2007","Apartment",93.3,"Scss","Share absorbed at completion"
"59932",2007-10-01,"Oct 2007","All",77.7,"Scss","Share absorbed at completion"
"59932",2007-11-01,"Nov 2007","Single",69.8,"Scss","Share absorbed at completion"
"59932",2007-11-01,"Nov 2007","Semi-Detached",100,"Scss","Share absorbed at completion"
"59932",2007-11-01,"Nov 2007","Row",25,"Scss","Share absorbed at completion"
"59932",2007-11-01,"Nov 2007","Apartment",91.7,"Scss","Share absorbed at completion"
"59932",2007-11-01,"Nov 2007","All",70.4,"Scss","Share absorbed at completion"
"59932",2007-12-01,"Dec 2007","Single",53.7,"Scss","Share absorbed at completion"
"59932",2007-12-01,"Dec 2007","Semi-Detached",NA,"Scss","Share absorbed at completion"
"59932",2007-12-01,"Dec 2007","Row",25,"Scss","Share absorbed at completion"
"59932",2007-12-01,"Dec 2007","Apartment",97.5,"Scss","Share absorbed at completion"
"59932",2007-12-01,"Dec 2007","All",79.2,"Scss","Share absorbed at completion"
"59932",2008-01-01,"Jan 2008","Single",57.1,"Scss","Share absorbed at completion"
"59932",2008-01-01,"Jan 2008","Semi-Detached",NA,"Scss","Share absorbed at completion"
"59932",2008-01-01,"Jan 2008","Row",25,"Scss","Share absorbed at completion"
"59932",2008-01-01,"Jan 2008","Apartment",56.6,"Scss","Share absorbed at completion"
"59932",2008-01-01,"Jan 2008","All",54.9,"Scss","Share absorbed at completion"
"59932",2008-02-01,"Feb 2008","Single",54.1,"Scss","Share absorbed at completion"
"59932",2008-02-01,"Feb 2008","Semi-Detached",NA,"Scss","Share absorbed at completion"
"59932",2008-02-01,"Feb 2008","Row",0,"Scss","Share absorbed at completion"
"59932",2008-02-01,"Feb 2008","Apartment",100,"Scss","Share absorbed at completion"
"59932",2008-02-01,"Feb 2008","All",56.1,"Scss","Share absorbed at completion"
"59932",2008-03-01,"Mar 2008","Single",24.5,"Scss","Share absorbed at completion"
"59932",2008-03-01,"Mar 2008","Semi-Detached",NA,"Scss","Share absorbed at completion"
"59932",2008-03-01,"Mar 2008","Row",NA,"Scss","Share absorbed at completion"
"59932",2008-03-01,"Mar 2008","Apartment",27.3,"Scss","Share absorbed at completion"
"59932",2008-03-01,"Mar 2008","All",25.3,"Scss","Share absorbed at completion"
"59932",2008-04-01,"Apr 2008","Single",50,"Scss","Share absorbed at completion"
"59932",2008-04-01,"Apr 2008","Semi-Detached",NA,"Scss","Share absorbed at completion"
"59932",2008-04-01,"Apr 2008","Row",NA,"Scss","Share absorbed at completion"
"59932",2008-04-01,"Apr 2008","Apartment",100,"Scss","Share absorbed at completion"
"59932",2008-04-01,"Apr 2008","All",85.1,"Scss","Share absorbed at completion"
"59932",2008-05-01,"May 2008","Single",67.6,"Scss","Share absorbed at completion"
"59932",2008-05-01,"May 2008","Semi-Detached",100,"Scss","Share absorbed at completion"
"59932",2008-05-01,"May 2008","Row",95,"Scss","Share absorbed at completion"
"59932",2008-05-01,"May 2008","Apartment",77.6,"Scss","Share absorbed at completion"
"59932",2008-05-01,"May 2008","All",80.3,"Scss","Share absorbed at completion"
"59932",2008-06-01,"Jun 2008","Single",39.5,"Scss","Share absorbed at completion"
"59932",2008-06-01,"Jun 2008","Semi-Detached",NA,"Scss","Share absorbed at completion"
"59932",2008-06-01,"Jun 2008","Row",NA,"Scss","Share absorbed at completion"
"59932",2008-06-01,"Jun 2008","Apartment",25,"Scss","Share absorbed at completion"
"59932",2008-06-01,"Jun 2008","All",37.3,"Scss","Share absorbed at completion"
"59932",2008-07-01,"Jul 2008","Single",32.6,"Scss","Share absorbed at completion"
"59932",2008-07-01,"Jul 2008","Semi-Detached",NA,"Scss","Share absorbed at completion"
"59932",2008-07-01,"Jul 2008","Row",35.7,"Scss","Share absorbed at completion"
"59932",2008-07-01,"Jul 2008","Apartment",47.4,"Scss","Share absorbed at completion"
"59932",2008-07-01,"Jul 2008","All",38.9,"Scss","Share absorbed at completion"
"59932",2008-08-01,"Aug 2008","Single",34.6,"Scss","Share absorbed at completion"
"59932",2008-08-01,"Aug 2008","Semi-Detached",NA,"Scss","Share absorbed at completion"
"59932",2008-08-01,"Aug 2008","Row",0,"Scss","Share absorbed at completion"
"59932",2008-08-01,"Aug 2008","Apartment",85.7,"Scss","Share absorbed at completion"
"59932",2008-08-01,"Aug 2008","All",38.9,"Scss","Share absorbed at completion"
"59932",2008-09-01,"Sep 2008","Single",51,"Scss","Share absorbed at completion"
"59932",2008-09-01,"Sep 2008","Semi-Detached",NA,"Scss","Share absorbed at completion"
"59932",2008-09-01,"Sep 2008","Row",NA,"Scss","Share absorbed at completion"
"59932",2008-09-01,"Sep 2008","Apartment",NA,"Scss","Share absorbed at completion"
"59932",2008-09-01,"Sep 2008","All",51,"Scss","Share absorbed at completion"
"59932",2008-10-01,"Oct 2008","Single",46.4,"Scss","Share absorbed at completion"
"59932",2008-10-01,"Oct 2008","Semi-Detached",NA,"Scss","Share absorbed at completion"
"59932",2008-10-01,"Oct 2008","Row",NA,"Scss","Share absorbed at completion"
"59932",2008-10-01,"Oct 2008","Apartment",44.4,"Scss","Share absorbed at completion"
"59932",2008-10-01,"Oct 2008","All",45.7,"Scss","Share absorbed at completion"
"59932",2008-11-01,"Nov 2008","Single",49.2,"Scss","Share absorbed at completion"
"59932",2008-11-01,"Nov 2008","Semi-Detached",NA,"Scss","Share absorbed at completion"
"59932",2008-11-01,"Nov 2008","Row",52.4,"Scss","Share absorbed at completion"
"59932",2008-11-01,"Nov 2008","Apartment",66.7,"Scss","Share absorbed at completion"
"59932",2008-11-01,"Nov 2008","All",51.1,"Scss","Share absorbed at completion"
"59932",2008-12-01,"Dec 2008","Single",33.3,"Scss","Share absorbed at completion"
"59932",2008-12-01,"Dec 2008","Semi-Detached",NA,"Scss","Share absorbed at completion"
"59932",2008-12-01,"Dec 2008","Row",3.8,"Scss","Share absorbed at completion"
"59932",2008-12-01,"Dec 2008","Apartment",100,"Scss","Share absorbed at completion"
"59932",2008-12-01,"Dec 2008","All",27.1,"Scss","Share absorbed at completion"
"59932",2009-01-01,"Jan 2009","Single",38.9,"Scss","Share absorbed at completion"
"59932",2009-01-01,"Jan 2009","Semi-Detached",NA,"Scss","Share absorbed at completion"
"59932",2009-01-01,"Jan 2009","Row",48.5,"Scss","Share absorbed at completion"
"59932",2009-01-01,"Jan 2009","Apartment",83.3,"Scss","Share absorbed at completion"
"59932",2009-01-01,"Jan 2009","All",52.4,"Scss","Share absorbed at completion"
"59932",2009-02-01,"Feb 2009","Single",18.8,"Scss","Share absorbed at completion"
"59932",2009-02-01,"Feb 2009","Semi-Detached",12.5,"Scss","Share absorbed at completion"
"59932",2009-02-01,"Feb 2009","Row",NA,"Scss","Share absorbed at completion"
"59932",2009-02-01,"Feb 2009","Apartment",100,"Scss","Share absorbed at completion"
"59932",2009-02-01,"Feb 2009","All",32.5,"Scss","Share absorbed at completion"
"59932",2009-03-01,"Mar 2009","Single",32.4,"Scss","Share absorbed at completion"
"59932",2009-03-01,"Mar 2009","Semi-Detached",NA,"Scss","Share absorbed at completion"
"59932",2009-03-01,"Mar 2009","Row",NA,"Scss","Share absorbed at completion"
"59932",2009-03-01,"Mar 2009","Apartment",0,"Scss","Share absorbed at completion"
"59932",2009-03-01,"Mar 2009","All",30.6,"Scss","Share absorbed at completion"
"59932",2009-04-01,"Apr 2009","Single",45.5,"Scss","Share absorbed at completion"
"59932",2009-04-01,"Apr 2009","Semi-Detached",NA,"Scss","Share absorbed at completion"
"59932",2009-04-01,"Apr 2009","Row",NA,"Scss","Share absorbed at completion"
"59932",2009-04-01,"Apr 2009","Apartment",100,"Scss","Share absorbed at completion"
"59932",2009-04-01,"Apr 2009","All",57.1,"Scss","Share absorbed at completion"
"59932",2009-05-01,"May 2009","Single",47.4,"Scss","Share absorbed at completion"
"59932",2009-05-01,"May 2009","Semi-Detached",NA,"Scss","Share absorbed at completion"
"59932",2009-05-01,"May 2009","Row",NA,"Scss","Share absorbed at completion"
"59932",2009-05-01,"May 2009","Apartment",75,"Scss","Share absorbed at completion"
"59932",2009-05-01,"May 2009","All",60,"Scss","Share absorbed at completion"
"59932",2009-06-01,"Jun 2009","Single",59.1,"Scss","Share absorbed at completion"
"59932",2009-06-01,"Jun 2009","Semi-Detached",100,"Scss","Share absorbed at completion"
"59932",2009-06-01,"Jun 2009","Row",100,"Scss","Share absorbed at completion"
"59932",2009-06-01,"Jun 2009","Apartment",71.3,"Scss","Share absorbed at completion"
"59932",2009-06-01,"Jun 2009","All",71.2,"Scss","Share absorbed at completion"
"59932",2009-07-01,"Jul 2009","Single",53.3,"Scss","Share absorbed at completion"
"59932",2009-07-01,"Jul 2009","Semi-Detached",12.5,"Scss","Share absorbed at completion"
"59932",2009-07-01,"Jul 2009","Row",NA,"Scss","Share absorbed at completion"
"59932",2009-07-01,"Jul 2009","Apartment",NA,"Scss","Share absorbed at completion"
"59932",2009-07-01,"Jul 2009","All",32.3,"Scss","Share absorbed at completion"
"59932",2009-08-01,"Aug 2009","Single",52.9,"Scss","Share absorbed at completion"
"59932",2009-08-01,"Aug 2009","Semi-Detached",NA,"Scss","Share absorbed at completion"
"59932",2009-08-01,"Aug 2009","Row",NA,"Scss","Share absorbed at completion"
"59932",2009-08-01,"Aug 2009","Apartment",83.3,"Scss","Share absorbed at completion"
"59932",2009-08-01,"Aug 2009","All",77.1,"Scss","Share absorbed at completion"
"59932",2009-09-01,"Sep 2009","Single",58.3,"Scss","Share absorbed at completion"
"59932",2009-09-01,"Sep 2009","Semi-Detached",NA,"Scss","Share absorbed at completion"
"59932",2009-09-01,"Sep 2009","Row",NA,"Scss","Share absorbed at completion"
"59932",2009-09-01,"Sep 2009","Apartment",100,"Scss","Share absorbed at completion"
"59932",2009-09-01,"Sep 2009","All",94.6,"Scss","Share absorbed at completion"
"59932",2009-10-01,"Oct 2009","Single",57.1,"Scss","Share absorbed at completion"
"59932",2009-10-01,"Oct 2009","Semi-Detached",NA,"Scss","Share absorbed at completion"
"59932",2009-10-01,"Oct 2009","Row",NA,"Scss","Share absorbed at completion"
"59932",2009-10-01,"Oct 2009","Apartment",NA,"Scss","Share absorbed at completion"
"59932",2009-10-01,"Oct 2009","All",57.1,"Scss","Share absorbed at completion"
"59932",2009-11-01,"Nov 2009","Single",59.5,"Scss","Share absorbed at completion"
"59932",2009-11-01,"Nov 2009","Semi-Detached",NA,"Scss","Share absorbed at completion"
"59932",2009-11-01,"Nov 2009","Row",0,"Scss","Share absorbed at completion"
"59932",2009-11-01,"Nov 2009","Apartment",85,"Scss","Share absorbed at completion"
"59932",2009-11-01,"Nov 2009","All",76.4,"Scss","Share absorbed at completion"
"59932",2009-12-01,"Dec 2009","Single",68.8,"Scss","Share absorbed at completion"
"59932",2009-12-01,"Dec 2009","Semi-Detached",NA,"Scss","Share absorbed at completion"
"59932",2009-12-01,"Dec 2009","Row",NA,"Scss","Share absorbed at completion"
"59932",2009-12-01,"Dec 2009","Apartment",100,"Scss","Share absorbed at completion"
"59932",2009-12-01,"Dec 2009","All",75,"Scss","Share absorbed at completion"
"59932",2010-01-01,"Jan 2010","Single",55,"Scss","Share absorbed at completion"
"59932",2010-01-01,"Jan 2010","Semi-Detached",NA,"Scss","Share absorbed at completion"
"59932",2010-01-01,"Jan 2010","Row",100,"Scss","Share absorbed at completion"
"59932",2010-01-01,"Jan 2010","Apartment",91.1,"Scss","Share absorbed at completion"
"59932",2010-01-01,"Jan 2010","All",84.8,"Scss","Share absorbed at completion"
"59932",2010-02-01,"Feb 2010","Single",28,"Scss","Share absorbed at completion"
"59932",2010-02-01,"Feb 2010","Semi-Detached",NA,"Scss","Share absorbed at completion"
"59932",2010-02-01,"Feb 2010","Row",NA,"Scss","Share absorbed at completion"
"59932",2010-02-01,"Feb 2010","Apartment",98.6,"Scss","Share absorbed at completion"
"59932",2010-02-01,"Feb 2010","All",80.6,"Scss","Share absorbed at completion"
"59932",2010-03-01,"Mar 2010","Single",40,"Scss","Share absorbed at completion"
"59932",2010-03-01,"Mar 2010","Semi-Detached",NA,"Scss","Share absorbed at completion"
"59932",2010-03-01,"Mar 2010","Row",NA,"Scss","Share absorbed at completion"
"59932",2010-03-01,"Mar 2010","Apartment",83.3,"Scss","Share absorbed at completion"
"59932",2010-03-01,"Mar 2010","All",46.3,"Scss","Share absorbed at completion"
"59932",2010-04-01,"Apr 2010","Single",61.5,"Scss","Share absorbed at completion"
"59932",2010-04-01,"Apr 2010","Semi-Detached",NA,"Scss","Share absorbed at completion"
"59932",2010-04-01,"Apr 2010","Row",NA,"Scss","Share absorbed at completion"
"59932",2010-04-01,"Apr 2010","Apartment",80,"Scss","Share absorbed at completion"
"59932",2010-04-01,"Apr 2010","All",69.6,"Scss","Share absorbed at completion"
"59932",2010-05-01,"May 2010","Single",66.7,"Scss","Share absorbed at completion"
"59932",2010-05-01,"May 2010","Semi-Detached",100,"Scss","Share absorbed at completion"
"59932",2010-05-01,"May 2010","Row",NA,"Scss","Share absorbed at completion"
"59932",2010-05-01,"May 2010","Apartment",66.7,"Scss","Share absorbed at completion"
"59932",2010-05-01,"May 2010","All",70.8,"Scss","Share absorbed at completion"
"59932",2010-06-01,"Jun 2010","Single",69.2,"Scss","Share absorbed at completion"
"59932",2010-06-01,"Jun 2010","Semi-Detached",NA,"Scss","Share absorbed at completion"
"59932",2010-06-01,"Jun 2010","Row",NA,"Scss","Share absorbed at completion"
"59932",2010-06-01,"Jun 2010","Apartment",0,"Scss","Share absorbed at completion"
"59932",2010-06-01,"Jun 2010","All",62.8,"Scss","Share absorbed at completion"
"59932",2010-07-01,"Jul 2010","Single",86.4,"Scss","Share absorbed at completion"
"59932",2010-07-01,"Jul 2010","Semi-Detached",NA,"Scss","Share absorbed at completion"
"59932",2010-07-01,"Jul 2010","Row",100,"Scss","Share absorbed at completion"
"59932",2010-07-01,"Jul 2010","Apartment",51.5,"Scss","Share absorbed at completion"
"59932",2010-07-01,"Jul 2010","All",61,"Scss","Share absorbed at completion"
"59932",2010-08-01,"Aug 2010","Single",71.4,"Scss","Share absorbed at completion"
"59932",2010-08-01,"Aug 2010","Semi-Detached",NA,"Scss","Share absorbed at completion"
"59932",2010-08-01,"Aug 2010","Row",NA,"Scss","Share absorbed at completion"
"59932",2010-08-01,"Aug 2010","Apartment",100,"Scss","Share absorbed at completion"
"59932",2010-08-01,"Aug 2010","All",74.4,"Scss","Share absorbed at completion"
"59932",2010-09-01,"Sep 2010","Single",69.2,"Scss","Share absorbed at completion"
"59932",2010-09-01,"Sep 2010","Semi-Detached",NA,"Scss","Share absorbed at completion"
"59932",2010-09-01,"Sep 2010","Row",NA,"Scss","Share absorbed at completion"
"59932",2010-09-01,"Sep 2010","Apartment",66.1,"Scss","Share absorbed at completion"
"59932",2010-09-01,"Sep 2010","All",66.7,"Scss","Share absorbed at completion"
"59932",2010-10-01,"Oct 2010","Single",60.8,"Scss","Share absorbed at completion"
"59932",2010-10-01,"Oct 2010","Semi-Detached",NA,"Scss","Share absorbed at completion"
"59932",2010-10-01,"Oct 2010","Row",NA,"Scss","Share absorbed at completion"
"59932",2010-10-01,"Oct 2010","Apartment",100,"Scss","Share absorbed at completion"
"59932",2010-10-01,"Oct 2010","All",63.6,"Scss","Share absorbed at completion"
"59932",2010-11-01,"Nov 2010","Single",40,"Scss","Share absorbed at completion"
"59932",2010-11-01,"Nov 2010","Semi-Detached",NA,"Scss","Share absorbed at completion"
"59932",2010-11-01,"Nov 2010","Row",100,"Scss","Share absorbed at completion"
"59932",2010-11-01,"Nov 2010","Apartment",70,"Scss","Share absorbed at completion"
"59932",2010-11-01,"Nov 2010","All",51.5,"Scss","Share absorbed at completion"
"59932",2010-12-01,"Dec 2010","Single",65.4,"Scss","Share absorbed at completion"
"59932",2010-12-01,"Dec 2010","Semi-Detached",NA,"Scss","Share absorbed at completion"
"59932",2010-12-01,"Dec 2010","Row",NA,"Scss","Share absorbed at completion"
"59932",2010-12-01,"Dec 2010","Apartment",100,"Scss","Share absorbed at completion"
"59932",2010-12-01,"Dec 2010","All",73.5,"Scss","Share absorbed at completion"
"59932",2011-01-01,"Jan 2011","Single",41.9,"Scss","Share absorbed at completion"
"59932",2011-01-01,"Jan 2011","Semi-Detached",50,"Scss","Share absorbed at completion"
"59932",2011-01-01,"Jan 2011","Row",NA,"Scss","Share absorbed at completion"
"59932",2011-01-01,"Jan 2011","Apartment",80,"Scss","Share absorbed at completion"
"59932",2011-01-01,"Jan 2011","All",51.1,"Scss","Share absorbed at completion"
"59932",2011-02-01,"Feb 2011","Single",58.8,"Scss","Share absorbed at completion"
"59932",2011-02-01,"Feb 2011","Semi-Detached",100,"Scss","Share absorbed at completion"
"59932",2011-02-01,"Feb 2011","Row",100,"Scss","Share absorbed at completion"
"59932",2011-02-01,"Feb 2011","Apartment",NA,"Scss","Share absorbed at completion"
"59932",2011-02-01,"Feb 2011","All",66.7,"Scss","Share absorbed at completion"
"59932",2011-03-01,"Mar 2011","Single",57.9,"Scss","Share absorbed at completion"
"59932",2011-03-01,"Mar 2011","Semi-Detached",NA,"Scss","Share absorbed at completion"
"59932",2011-03-01,"Mar 2011","Row",NA,"Scss","Share absorbed at completion"
"59932",2011-03-01,"Mar 2011","Apartment",50,"Scss","Share absorbed at completion"
"59932",2011-03-01,"Mar 2011","All",55.6,"Scss","Share absorbed at completion"
"59932",2011-04-01,"Apr 2011","Single",44,"Scss","Share absorbed at completion"
"59932",2011-04-01,"Apr 2011","Semi-Detached",NA,"Scss","Share absorbed at completion"
"59932",2011-04-01,"Apr 2011","Row",94.4,"Scss","Share absorbed at completion"
"59932",2011-04-01,"Apr 2011","Apartment",75,"Scss","Share absorbed at completion"
"59932",2011-04-01,"Apr 2011","All",66.7,"Scss","Share absorbed at completion"
"59932",2011-05-01,"May 2011","Single",33.3,"Scss","Share absorbed at completion"
"59932",2011-05-01,"May 2011","Semi-Detached",NA,"Scss","Share absorbed at completion"
"59932",2011-05-01,"May 2011","Row",70.6,"Scss","Share absorbed at completion"
"59932",2011-05-01,"May 2011","Apartment",100,"Scss","Share absorbed at completion"
"59932",2011-05-01,"May 2011","All",60.5,"Scss","Share absorbed at completion"
"59932",2011-06-01,"Jun 2011","Single",57.1,"Scss","Share absorbed at completion"
"59932",2011-06-01,"Jun 2011","Semi-Detached",NA,"Scss","Share absorbed at completion"
"59932",2011-06-01,"Jun 2011","Row",NA,"Scss","Share absorbed at completion"
"59932",2011-06-01,"Jun 2011","Apartment",100,"Scss","Share absorbed at completion"
"59932",2011-06-01,"Jun 2011","All",64,"Scss","Share absorbed at completion"
"59932",2011-07-01,"Jul 2011","Single",60.9,"Scss","Share absorbed at completion"
"59932",2011-07-01,"Jul 2011","Semi-Detached",NA,"Scss","Share absorbed at completion"
"59932",2011-07-01,"Jul 2011","Row",25,"Scss","Share absorbed at completion"
"59932",2011-07-01,"Jul 2011","Apartment",66.7,"Scss","Share absorbed at completion"
"59932",2011-07-01,"Jul 2011","All",43.9,"Scss","Share absorbed at completion"
"59932",2011-08-01,"Aug 2011","Single",41.2,"Scss","Share absorbed at completion"
"59932",2011-08-01,"Aug 2011","Semi-Detached",100,"Scss","Share absorbed at completion"
"59932",2011-08-01,"Aug 2011","Row",NA,"Scss","Share absorbed at completion"
"59932",2011-08-01,"Aug 2011","Apartment",100,"Scss","Share absorbed at completion"
"59932",2011-08-01,"Aug 2011","All",56.5,"Scss","Share absorbed at completion"
"59932",2011-09-01,"Sep 2011","Single",52.6,"Scss","Share absorbed at completion"
"59932",2011-09-01,"Sep 2011","Semi-Detached",NA,"Scss","Share absorbed at completion"
"59932",2011-09-01,"Sep 2011","Row",53.3,"Scss","Share absorbed at completion"
"59932",2011-09-01,"Sep 2011","Apartment",100,"Scss","Share absorbed at completion"
"59932",2011-09-01,"Sep 2011","All",61.9,"Scss","Share absorbed at completion"
"59932",2011-10-01,"Oct 2011","Single",33.3,"Scss","Share absorbed at completion"
"59932",2011-10-01,"Oct 2011","Semi-Detached",NA,"Scss","Share absorbed at completion"
"59932",2011-10-01,"Oct 2011","Row",NA,"Scss","Share absorbed at completion"
"59932",2011-10-01,"Oct 2011","Apartment",50,"Scss","Share absorbed at completion"
"59932",2011-10-01,"Oct 2011","All",36.8,"Scss","Share absorbed at completion"
"59932",2011-11-01,"Nov 2011","Single",36.4,"Scss","Share absorbed at completion"
"59932",2011-11-01,"Nov 2011","Semi-Detached",NA,"Scss","Share absorbed at completion"
"59932",2011-11-01,"Nov 2011","Row",0,"Scss","Share absorbed at completion"
"59932",2011-11-01,"Nov 2011","Apartment",66.7,"Scss","Share absorbed at completion"
"59932",2011-11-01,"Nov 2011","All",38.7,"Scss","Share absorbed at completion"
"59932",2011-12-01,"Dec 2011","Single",34.3,"Scss","Share absorbed at completion"
"59932",2011-12-01,"Dec 2011","Semi-Detached",NA,"Scss","Share absorbed at completion"
"59932",2011-12-01,"Dec 2011","Row",100,"Scss","Share absorbed at completion"
"59932",2011-12-01,"Dec 2011","Apartment",50,"Scss","Share absorbed at completion"
"59932",2011-12-01,"Dec 2011","All",44.4,"Scss","Share absorbed at completion"
"59932",2012-01-01,"Jan 2012","Single",63.6,"Scss","Share absorbed at completion"
"59932",2012-01-01,"Jan 2012","Semi-Detached",NA,"Scss","Share absorbed at completion"
"59932",2012-01-01,"Jan 2012","Row",NA,"Scss","Share absorbed at completion"
"59932",2012-01-01,"Jan 2012","Apartment",NA,"Scss","Share absorbed at completion"
"59932",2012-01-01,"Jan 2012","All",63.6,"Scss","Share absorbed at completion"
"59932",2012-02-01,"Feb 2012","Single",42.9,"Scss","Share absorbed at completion"
"59932",2012-02-01,"Feb 2012","Semi-Detached",NA,"Scss","Share absorbed at completion"
"59932",2012-02-01,"Feb 2012","Row",0,"Scss","Share absorbed at completion"
"59932",2012-02-01,"Feb 2012","Apartment",75,"Scss","Share absorbed at completion"
"59932",2012-02-01,"Feb 2012","All",46.2,"Scss","Share absorbed at completion"
"59932",2012-03-01,"Mar 2012","Single",50,"Scss","Share absorbed at completion"
"59932",2012-03-01,"Mar 2012","Semi-Detached",NA,"Scss","Share absorbed at completion"
"59932",2012-03-01,"Mar 2012","Row",NA,"Scss","Share absorbed at completion"
"59932",2012-03-01,"Mar 2012","Apartment",50,"Scss","Share absorbed at completion"
"59932",2012-03-01,"Mar 2012","All",50,"Scss","Share absorbed at completion"
"59932",2012-04-01,"Apr 2012","Single",60,"Scss","Share absorbed at completion"
"59932",2012-04-01,"Apr 2012","Semi-Detached",NA,"Scss","Share absorbed at completion"
"59932",2012-04-01,"Apr 2012","Row",NA,"Scss","Share absorbed at completion"
"59932",2012-04-01,"Apr 2012","Apartment",85.7,"Scss","Share absorbed at completion"
"59932",2012-04-01,"Apr 2012","All",72.4,"Scss","Share absorbed at completion"
"59932",2012-05-01,"May 2012","Single",48.1,"Scss","Share absorbed at completion"
"59932",2012-05-01,"May 2012","Semi-Detached",NA,"Scss","Share absorbed at completion"
"59932",2012-05-01,"May 2012","Row",0,"Scss","Share absorbed at completion"
"59932",2012-05-01,"May 2012","Apartment",100,"Scss","Share absorbed at completion"
"59932",2012-05-01,"May 2012","All",63.3,"Scss","Share absorbed at completion"
"59932",2012-06-01,"Jun 2012","Single",60,"Scss","Share absorbed at completion"
"59932",2012-06-01,"Jun 2012","Semi-Detached",NA,"Scss","Share absorbed at completion"
"59932",2012-06-01,"Jun 2012","Row",57.1,"Scss","Share absorbed at completion"
"59932",2012-06-01,"Jun 2012","Apartment",16.9,"Scss","Share absorbed at completion"
"59932",2012-06-01,"Jun 2012","All",23.6,"Scss","Share absorbed at completion"
"59932",2012-07-01,"Jul 2012","Single",18.2,"Scss","Share absorbed at completion"
"59932",2012-07-01,"Jul 2012","Semi-Detached",NA,"Scss","Share absorbed at completion"
"59932",2012-07-01,"Jul 2012","Row",100,"Scss","Share absorbed at completion"
"59932",2012-07-01,"Jul 2012","Apartment",50,"Scss","Share absorbed at completion"
"59932",2012-07-01,"Jul 2012","All",74.1,"Scss","Share absorbed at completion"
"59932",2012-08-01,"Aug 2012","Single",57.9,"Scss","Share absorbed at completion"
"59932",2012-08-01,"Aug 2012","Semi-Detached",0,"Scss","Share absorbed at completion"
"59932",2012-08-01,"Aug 2012","Row",33.3,"Scss","Share absorbed at completion"
"59932",2012-08-01,"Aug 2012","Apartment",100,"Scss","Share absorbed at completion"
"59932",2012-08-01,"Aug 2012","All",53.8,"Scss","Share absorbed at completion"
"59932",2012-09-01,"Sep 2012","Single",38.1,"Scss","Share absorbed at completion"
"59932",2012-09-01,"Sep 2012","Semi-Detached",NA,"Scss","Share absorbed at completion"
"59932",2012-09-01,"Sep 2012","Row",13.7,"Scss","Share absorbed at completion"
"59932",2012-09-01,"Sep 2012","Apartment",0,"Scss","Share absorbed at completion"
"59932",2012-09-01,"Sep 2012","All",19.7,"Scss","Share absorbed at completion"
"59932",2012-10-01,"Oct 2012","Single",38.1,"Scss","Share absorbed at completion"
"59932",2012-10-01,"Oct 2012","Semi-Detached",NA,"Scss","Share absorbed at completion"
"59932",2012-10-01,"Oct 2012","Row",NA,"Scss","Share absorbed at completion"
"59932",2012-10-01,"Oct 2012","Apartment",100,"Scss","Share absorbed at completion"
"59932",2012-10-01,"Oct 2012","All",55.2,"Scss","Share absorbed at completion"
"59932",2012-11-01,"Nov 2012","Single",35.3,"Scss","Share absorbed at completion"
"59932",2012-11-01,"Nov 2012","Semi-Detached",0,"Scss","Share absorbed at completion"
"59932",2012-11-01,"Nov 2012","Row",20,"Scss","Share absorbed at completion"
"59932",2012-11-01,"Nov 2012","Apartment",100,"Scss","Share absorbed at completion"
"59932",2012-11-01,"Nov 2012","All",39.3,"Scss","Share absorbed at completion"
"59932",2012-12-01,"Dec 2012","Single",23.5,"Scss","Share absorbed at completion"
"59932",2012-12-01,"Dec 2012","Semi-Detached",NA,"Scss","Share absorbed at completion"
"59932",2012-12-01,"Dec 2012","Row",NA,"Scss","Share absorbed at completion"
"59932",2012-12-01,"Dec 2012","Apartment",100,"Scss","Share absorbed at completion"
"59932",2012-12-01,"Dec 2012","All",38.1,"Scss","Share absorbed at completion"
"59932",2013-01-01,"Jan 2013","Single",69.2,"Scss","Share absorbed at completion"
"59932",2013-01-01,"Jan 2013","Semi-Detached",NA,"Scss","Share absorbed at completion"
"59932",2013-01-01,"Jan 2013","Row",0,"Scss","Share absorbed at completion"
"59932",2013-01-01,"Jan 2013","Apartment",NA,"Scss","Share absorbed at completion"
"59932",2013-01-01,"Jan 2013","All",50,"Scss","Share absorbed at completion"
"59932",2013-02-01,"Feb 2013","Single",63.2,"Scss","Share absorbed at completion"
"59932",2013-02-01,"Feb 2013","Semi-Detached",NA,"Scss","Share absorbed at completion"
"59932",2013-02-01,"Feb 2013","Row",NA,"Scss","Share absorbed at completion"
"59932",2013-02-01,"Feb 2013","Apartment",NA,"Scss","Share absorbed at completion"
"59932",2013-02-01,"Feb 2013","All",63.2,"Scss","Share absorbed at completion"
"59932",2013-03-01,"Mar 2013","Single",55.6,"Scss","Share absorbed at completion"
"59932",2013-03-01,"Mar 2013","Semi-Detached",NA,"Scss","Share absorbed at completion"
"59932",2013-03-01,"Mar 2013","Row",33.3,"Scss","Share absorbed at completion"
"59932",2013-03-01,"Mar 2013","Apartment",NA,"Scss","Share absorbed at completion"
"59932",2013-03-01,"Mar 2013","All",50,"Scss","Share absorbed at completion"
"59932",2013-04-01,"Apr 2013","Single",41.7,"Scss","Share absorbed at completion"
"59932",2013-04-01,"Apr 2013","Semi-Detached",NA,"Scss","Share absorbed at completion"
"59932",2013-04-01,"Apr 2013","Row",40,"Scss","Share absorbed at completion"
"59932",2013-04-01,"Apr 2013","Apartment",NA,"Scss","Share absorbed at completion"
"59932",2013-04-01,"Apr 2013","All",40.9,"Scss","Share absorbed at completion"
"59932",2013-05-01,"May 2013","Single",37.5,"Scss","Share absorbed at completion"
"59932",2013-05-01,"May 2013","Semi-Detached",NA,"Scss","Share absorbed at completion"
"59932",2013-05-01,"May 2013","Row",33.3,"Scss","Share absorbed at completion"
"59932",2013-05-01,"May 2013","Apartment",NA,"Scss","Share absorbed at completion"
"59932",2013-05-01,"May 2013","All",36.4,"Scss","Share absorbed at completion"
"59932",2013-06-01,"Jun 2013","Single",70,"Scss","Share absorbed at completion"
"59932",2013-06-01,"Jun 2013","Semi-Detached",NA,"Scss","Share absorbed at completion"
"59932",2013-06-01,"Jun 2013","Row",9.5,"Scss","Share absorbed at completion"
"59932",2013-06-01,"Jun 2013","Apartment",NA,"Scss","Share absorbed at completion"
"59932",2013-06-01,"Jun 2013","All",29,"Scss","Share absorbed at completion"
"59932",2013-07-01,"Jul 2013","Single",36.4,"Scss","Share absorbed at completion"
"59932",2013-07-01,"Jul 2013","Semi-Detached",NA,"Scss","Share absorbed at completion"
"59932",2013-07-01,"Jul 2013","Row",0,"Scss","Share absorbed at completion"
"59932",2013-07-01,"Jul 2013","Apartment",NA,"Scss","Share absorbed at completion"
"59932",2013-07-01,"Jul 2013","All",21.1,"Scss","Share absorbed at completion"
"59932",2013-08-01,"Aug 2013","Single",55,"Scss","Share absorbed at completion"
"59932",2013-08-01,"Aug 2013","Semi-Detached",NA,"Scss","Share absorbed at completion"
"59932",2013-08-01,"Aug 2013","Row",47.6,"Scss","Share absorbed at completion"
"59932",2013-08-01,"Aug 2013","Apartment",NA,"Scss","Share absorbed at completion"
"59932",2013-08-01,"Aug 2013","All",51.2,"Scss","Share absorbed at completion"
"59932",2013-09-01,"Sep 2013","Single",53.3,"Scss","Share absorbed at completion"
"59932",2013-09-01,"Sep 2013","Semi-Detached",NA,"Scss","Share absorbed at completion"
"59932",2013-09-01,"Sep 2013","Row",NA,"Scss","Share absorbed at completion"
"59932",2013-09-01,"Sep 2013","Apartment",NA,"Scss","Share absorbed at completion"
"59932",2013-09-01,"Sep 2013","All",53.3,"Scss","Share absorbed at completion"
"59932",2013-10-01,"Oct 2013","Single",66.7,"Scss","Share absorbed at completion"
"59932",2013-10-01,"Oct 2013","Semi-Detached",NA,"Scss","Share absorbed at completion"
"59932",2013-10-01,"Oct 2013","Row",14.3,"Scss","Share absorbed at completion"
"59932",2013-10-01,"Oct 2013","Apartment",NA,"Scss","Share absorbed at completion"
"59932",2013-10-01,"Oct 2013","All",47.4,"Scss","Share absorbed at completion"
"59932",2013-11-01,"Nov 2013","Single",66.7,"Scss","Share absorbed at completion"
"59932",2013-11-01,"Nov 2013","Semi-Detached",NA,"Scss","Share absorbed at completion"
"59932",2013-11-01,"Nov 2013","Row",30.4,"Scss","Share absorbed at completion"
"59932",2013-11-01,"Nov 2013","Apartment",NA,"Scss","Share absorbed at completion"
"59932",2013-11-01,"Nov 2013","All",46.3,"Scss","Share absorbed at completion"
"59932",2013-12-01,"Dec 2013","Single",50,"Scss","Share absorbed at completion"
"59932",2013-12-01,"Dec 2013","Semi-Detached",NA,"Scss","Share absorbed at completion"
"59932",2013-12-01,"Dec 2013","Row",NA,"Scss","Share absorbed at completion"
"59932",2013-12-01,"Dec 2013","Apartment",NA,"Scss","Share absorbed at completion"
"59932",2013-12-01,"Dec 2013","All",50,"Scss","Share absorbed at completion"
"59932",2014-01-01,"Jan 2014","Single",58.3,"Scss","Share absorbed at completion"
"59932",2014-01-01,"Jan 2014","Semi-Detached",NA,"Scss","Share absorbed at completion"
"59932",2014-01-01,"Jan 2014","Row",NA,"Scss","Share absorbed at completion"
"59932",2014-01-01,"Jan 2014","Apartment",NA,"Scss","Share absorbed at completion"
"59932",2014-01-01,"Jan 2014","All",58.3,"Scss","Share absorbed at completion"
"59932",2014-02-01,"Feb 2014","Single",46.7,"Scss","Share absorbed at completion"
"59932",2014-02-01,"Feb 2014","Semi-Detached",NA,"Scss","Share absorbed at completion"
"59932",2014-02-01,"Feb 2014","Row",50,"Scss","Share absorbed at completion"
"59932",2014-02-01,"Feb 2014","Apartment",NA,"Scss","Share absorbed at completion"
"59932",2014-02-01,"Feb 2014","All",47.6,"Scss","Share absorbed at completion"
"59932",2014-03-01,"Mar 2014","Single",58.3,"Scss","Share absorbed at completion"
"59932",2014-03-01,"Mar 2014","Semi-Detached",NA,"Scss","Share absorbed at completion"
"59932",2014-03-01,"Mar 2014","Row",NA,"Scss","Share absorbed at completion"
"59932",2014-03-01,"Mar 2014","Apartment",NA,"Scss","Share absorbed at completion"
"59932",2014-03-01,"Mar 2014","All",58.3,"Scss","Share absorbed at completion"
"59932",2014-04-01,"Apr 2014","Single",58.3,"Scss","Share absorbed at completion"
"59932",2014-04-01,"Apr 2014","Semi-Detached",NA,"Scss","Share absorbed at completion"
"59932",2014-04-01,"Apr 2014","Row",NA,"Scss","Share absorbed at completion"
"59932",2014-04-01,"Apr 2014","Apartment",NA,"Scss","Share absorbed at completion"
"59932",2014-04-01,"Apr 2014","All",58.3,"Scss","Share absorbed at completion"
"59932",2014-05-01,"May 2014","Single",27.3,"Scss","Share absorbed at completion"
"59932",2014-05-01,"May 2014","Semi-Detached",NA,"Scss","Share absorbed at completion"
"59932",2014-05-01,"May 2014","Row",NA,"Scss","Share absorbed at completion"
"59932",2014-05-01,"May 2014","Apartment",NA,"Scss","Share absorbed at completion"
"59932",2014-05-01,"May 2014","All",27.3,"Scss","Share absorbed at completion"
"59932",2014-06-01,"Jun 2014","Single",61.9,"Scss","Share absorbed at completion"
"59932",2014-06-01,"Jun 2014","Semi-Detached",NA,"Scss","Share absorbed at completion"
"59932",2014-06-01,"Jun 2014","Row",71.4,"Scss","Share absorbed at completion"
"59932",2014-06-01,"Jun 2014","Apartment",NA,"Scss","Share absorbed at completion"
"59932",2014-06-01,"Jun 2014","All",67.9,"Scss","Share absorbed at completion"
"59932",2014-07-01,"Jul 2014","Single",60,"Scss","Share absorbed at completion"
"59932",2014-07-01,"Jul 2014","Semi-Detached",NA,"Scss","Share absorbed at completion"
"59932",2014-07-01,"Jul 2014","Row",100,"Scss","Share absorbed at completion"
"59932",2014-07-01,"Jul 2014","Apartment",NA,"Scss","Share absorbed at completion"
"59932",2014-07-01,"Jul 2014","All",71.4,"Scss","Share absorbed at completion"
"59932",2014-08-01,"Aug 2014","Single",76.2,"Scss","Share absorbed at completion"
"59932",2014-08-01,"Aug 2014","Semi-Detached",NA,"Scss","Share absorbed at completion"
"59932",2014-08-01,"Aug 2014","Row",NA,"Scss","Share absorbed at completion"
"59932",2014-08-01,"Aug 2014","Apartment",NA,"Scss","Share absorbed at completion"
"59932",2014-08-01,"Aug 2014","All",76.2,"Scss","Share absorbed at completion"
"59932",2014-09-01,"Sep 2014","Single",71.4,"Scss","Share absorbed at completion"
"59932",2014-09-01,"Sep 2014","Semi-Detached",NA,"Scss","Share absorbed at completion"
"59932",2014-09-01,"Sep 2014","Row",NA,"Scss","Share absorbed at completion"
"59932",2014-09-01,"Sep 2014","Apartment",NA,"Scss","Share absorbed at completion"
"59932",2014-09-01,"Sep 2014","All",71.4,"Scss","Share absorbed at completion"
"59932",2014-10-01,"Oct 2014","Single",57.9,"Scss","Share absorbed at completion"
"59932",2014-10-01,"Oct 2014","Semi-Detached",NA,"Scss","Share absorbed at completion"
"59932",2014-10-01,"Oct 2014","Row",0,"Scss","Share absorbed at completion"
"59932",2014-10-01,"Oct 2014","Apartment",5.9,"Scss","Share absorbed at completion"
"59932",2014-10-01,"Oct 2014","All",27.9,"Scss","Share absorbed at completion"
"59932",2014-11-01,"Nov 2014","Single",38.9,"Scss","Share absorbed at completion"
"59932",2014-11-01,"Nov 2014","Semi-Detached",NA,"Scss","Share absorbed at completion"
"59932",2014-11-01,"Nov 2014","Row",NA,"Scss","Share absorbed at completion"
"59932",2014-11-01,"Nov 2014","Apartment",NA,"Scss","Share absorbed at completion"
"59932",2014-11-01,"Nov 2014","All",38.9,"Scss","Share absorbed at completion"
"59932",2014-12-01,"Dec 2014","Single",77.8,"Scss","Share absorbed at completion"
"59932",2014-12-01,"Dec 2014","Semi-Detached",NA,"Scss","Share absorbed at completion"
"59932",2014-12-01,"Dec 2014","Row",NA,"Scss","Share absorbed at completion"
"59932",2014-12-01,"Dec 2014","Apartment",100,"Scss","Share absorbed at completion"
"59932",2014-12-01,"Dec 2014","All",96.1,"Scss","Share absorbed at completion"
"59932",2015-01-01,"Jan 2015","Single",66.7,"Scss","Share absorbed at completion"
"59932",2015-01-01,"Jan 2015","Semi-Detached",NA,"Scss","Share absorbed at completion"
"59932",2015-01-01,"Jan 2015","Row",NA,"Scss","Share absorbed at completion"
"59932",2015-01-01,"Jan 2015","Apartment",NA,"Scss","Share absorbed at completion"
"59932",2015-01-01,"Jan 2015","All",66.7,"Scss","Share absorbed at completion"
"59932",2015-02-01,"Feb 2015","Single",64.3,"Scss","Share absorbed at completion"
"59932",2015-02-01,"Feb 2015","Semi-Detached",NA,"Scss","Share absorbed at completion"
"59932",2015-02-01,"Feb 2015","Row",26.3,"Scss","Share absorbed at completion"
"59932",2015-02-01,"Feb 2015","Apartment",46.7,"Scss","Share absorbed at completion"
"59932",2015-02-01,"Feb 2015","All",45.5,"Scss","Share absorbed at completion"
"59932",2015-03-01,"Mar 2015","Single",55.6,"Scss","Share absorbed at completion"
"59932",2015-03-01,"Mar 2015","Semi-Detached",NA,"Scss","Share absorbed at completion"
"59932",2015-03-01,"Mar 2015","Row",NA,"Scss","Share absorbed at completion"
"59932",2015-03-01,"Mar 2015","Apartment",NA,"Scss","Share absorbed at completion"
"59932",2015-03-01,"Mar 2015","All",55.6,"Scss","Share absorbed at completion"
"59932",2015-04-01,"Apr 2015","Single",84.6,"Scss","Share absorbed at completion"
"59932",2015-04-01,"Apr 2015","Semi-Detached",NA,"Scss","Share absorbed at completion"
"59932",2015-04-01,"Apr 2015","Row",NA,"Scss","Share absorbed at completion"
"59932",2015-04-01,"Apr 2015","Apartment",56.7,"Scss","Share absorbed at completion"
"59932",2015-04-01,"Apr 2015","All",61.6,"Scss","Share absorbed at completion"
"59932",2015-05-01,"May 2015","Single",52.2,"Scss","Share absorbed at completion"
"59932",2015-05-01,"May 2015","Semi-Detached",NA,"Scss","Share absorbed at completion"
"59932",2015-05-01,"May 2015","Row",100,"Scss","Share absorbed at completion"
"59932",2015-05-01,"May 2015","Apartment",NA,"Scss","Share absorbed at completion"
"59932",2015-05-01,"May 2015","All",62.1,"Scss","Share absorbed at completion"
"59932",2015-06-01,"Jun 2015","Single",45.8,"Scss","Share absorbed at completion"
"59932",2015-06-01,"Jun 2015","Semi-Detached",NA,"Scss","Share absorbed at completion"
"59932",2015-06-01,"Jun 2015","Row",100,"Scss","Share absorbed at completion"
"59932",2015-06-01,"Jun 2015","Apartment",NA,"Scss","Share absorbed at completion"
"59932",2015-06-01,"Jun 2015","All",69.8,"Scss","Share absorbed at completion"
"59932",2015-07-01,"Jul 2015","Single",69.6,"Scss","Share absorbed at completion"
"59932",2015-07-01,"Jul 2015","Semi-Detached",0,"Scss","Share absorbed at completion"
"59932",2015-07-01,"Jul 2015","Row",25,"Scss","Share absorbed at completion"
"59932",2015-07-01,"Jul 2015","Apartment",NA,"Scss","Share absorbed at completion"
"59932",2015-07-01,"Jul 2015","All",58.6,"Scss","Share absorbed at completion"
"59932",2015-08-01,"Aug 2015","Single",81.3,"Scss","Share absorbed at completion"
"59932",2015-08-01,"Aug 2015","Semi-Detached",NA,"Scss","Share absorbed at completion"
"59932",2015-08-01,"Aug 2015","Row",0,"Scss","Share absorbed at completion"
"59932",2015-08-01,"Aug 2015","Apartment",NA,"Scss","Share absorbed at completion"
"59932",2015-08-01,"Aug 2015","All",54.2,"Scss","Share absorbed at completion"
"59932",2015-09-01,"Sep 2015","Single",79.3,"Scss","Share absorbed at completion"
"59932",2015-09-01,"Sep 2015","Semi-Detached",NA,"Scss","Share absorbed at completion"
"59932",2015-09-01,"Sep 2015","Row",NA,"Scss","Share absorbed at completion"
"59932",2015-09-01,"Sep 2015","Apartment",NA,"Scss","Share absorbed at completion"
"59932",2015-09-01,"Sep 2015","All",79.3,"Scss","Share absorbed at completion"
"59932",2015-10-01,"Oct 2015","Single",76,"Scss","Share absorbed at completion"
"59932",2015-10-01,"Oct 2015","Semi-Detached",NA,"Scss","Share absorbed at completion"
"59932",2015-10-01,"Oct 2015","Row",30,"Scss","Share absorbed at completion"
"59932",2015-10-01,"Oct 2015","Apartment",NA,"Scss","Share absorbed at completion"
"59932",2015-10-01,"Oct 2015","All",62.9,"Scss","Share absorbed at completion"
"59932",2015-11-01,"Nov 2015","Single",54.5,"Scss","Share absorbed at completion"
"59932",2015-11-01,"Nov 2015","Semi-Detached",NA,"Scss","Share absorbed at completion"
"59932",2015-11-01,"Nov 2015","Row",53.8,"Scss","Share absorbed at completion"
"59932",2015-11-01,"Nov 2015","Apartment",NA,"Scss","Share absorbed at completion"
"59932",2015-11-01,"Nov 2015","All",54.3,"Scss","Share absorbed at completion"
"59932",2015-12-01,"Dec 2015","Single",85.7,"Scss","Share absorbed at completion"
"59932",2015-12-01,"Dec 2015","Semi-Detached",75,"Scss","Share absorbed at completion"
"59932",2015-12-01,"Dec 2015","Row",NA,"Scss","Share absorbed at completion"
"59932",2015-12-01,"Dec 2015","Apartment",100,"Scss","Share absorbed at completion"
"59932",2015-12-01,"Dec 2015","All",95.7,"Scss","Share absorbed at completion"
"59932",2016-01-01,"Jan 2016","Single",87,"Scss","Share absorbed at completion"
"59932",2016-01-01,"Jan 2016","Semi-Detached",NA,"Scss","Share absorbed at completion"
"59932",2016-01-01,"Jan 2016","Row",NA,"Scss","Share absorbed at completion"
"59932",2016-01-01,"Jan 2016","Apartment",NA,"Scss","Share absorbed at completion"
"59932",2016-01-01,"Jan 2016","All",87,"Scss","Share absorbed at completion"
"59932",2016-02-01,"Feb 2016","Single",85.7,"Scss","Share absorbed at completion"
"59932",2016-02-01,"Feb 2016","Semi-Detached",NA,"Scss","Share absorbed at completion"
"59932",2016-02-01,"Feb 2016","Row",0,"Scss","Share absorbed at completion"
"59932",2016-02-01,"Feb 2016","Apartment",NA,"Scss","Share absorbed at completion"
"59932",2016-02-01,"Feb 2016","All",68.6,"Scss","Share absorbed at completion"
"59932",2016-03-01,"Mar 2016","Single",80,"Scss","Share absorbed at completion"
"59932",2016-03-01,"Mar 2016","Semi-Detached",NA,"Scss","Share absorbed at completion"
"59932",2016-03-01,"Mar 2016","Row",100,"Scss","Share absorbed at completion"
"59932",2016-03-01,"Mar 2016","Apartment",NA,"Scss","Share absorbed at completion"
"59932",2016-03-01,"Mar 2016","All",93.1,"Scss","Share absorbed at completion"
"59932",2016-04-01,"Apr 2016","Single",92.9,"Scss","Share absorbed at completion"
"59932",2016-04-01,"Apr 2016","Semi-Detached",NA,"Scss","Share absorbed at completion"
"59932",2016-04-01,"Apr 2016","Row",100,"Scss","Share absorbed at completion"
"59932",2016-04-01,"Apr 2016","Apartment",NA,"Scss","Share absorbed at completion"
"59932",2016-04-01,"Apr 2016","All",93.9,"Scss","Share absorbed at completion"
"59932",2016-05-01,"May 2016","Single",94.1,"Scss","Share absorbed at completion"
"59932",2016-05-01,"May 2016","Semi-Detached",0,"Scss","Share absorbed at completion"
"59932",2016-05-01,"May 2016","Row",0,"Scss","Share absorbed at completion"
"59932",2016-05-01,"May 2016","Apartment",97,"Scss","Share absorbed at completion"
"59932",2016-05-01,"May 2016","All",91.1,"Scss","Share absorbed at completion"
"59932",2016-06-01,"Jun 2016","Single",91.5,"Scss","Share absorbed at completion"
"59932",2016-06-01,"Jun 2016","Semi-Detached",NA,"Scss","Share absorbed at completion"
"59932",2016-06-01,"Jun 2016","Row",100,"Scss","Share absorbed at completion"
"59932",2016-06-01,"Jun 2016","Apartment",NA,"Scss","Share absorbed at completion"
"59932",2016-06-01,"Jun 2016","All",92.5,"Scss","Share absorbed at completion"
"59932",2016-07-01,"Jul 2016","Single",85.2,"Scss","Share absorbed at completion"
"59932",2016-07-01,"Jul 2016","Semi-Detached",NA,"Scss","Share absorbed at completion"
"59932",2016-07-01,"Jul 2016","Row",100,"Scss","Share absorbed at completion"
"59932",2016-07-01,"Jul 2016","Apartment",NA,"Scss","Share absorbed at completion"
"59932",2016-07-01,"Jul 2016","All",87.1,"Scss","Share absorbed at completion"
"59932",2016-08-01,"Aug 2016","Single",89.7,"Scss","Share absorbed at completion"
"59932",2016-08-01,"Aug 2016","Semi-Detached",NA,"Scss","Share absorbed at completion"
"59932",2016-08-01,"Aug 2016","Row",100,"Scss","Share absorbed at completion"
"59932",2016-08-01,"Aug 2016","Apartment",NA,"Scss","Share absorbed at completion"
"59932",2016-08-01,"Aug 2016","All",96.6,"Scss","Share absorbed at completion"
"59932",2016-09-01,"Sep 2016","Single",42.6,"Scss","Share absorbed at completion"
"59932",2016-09-01,"Sep 2016","Semi-Detached",NA,"Scss","Share absorbed at completion"
"59932",2016-09-01,"Sep 2016","Row",62.5,"Scss","Share absorbed at completion"
"59932",2016-09-01,"Sep 2016","Apartment",NA,"Scss","Share absorbed at completion"
"59932",2016-09-01,"Sep 2016","All",45.5,"Scss","Share absorbed at completion"
"59932",2016-10-01,"Oct 2016","Single",45.5,"Scss","Share absorbed at completion"
"59932",2016-10-01,"Oct 2016","Semi-Detached",NA,"Scss","Share absorbed at completion"
"59932",2016-10-01,"Oct 2016","Row",63.6,"Scss","Share absorbed at completion"
"59932",2016-10-01,"Oct 2016","Apartment",93.2,"Scss","Share absorbed at completion"
"59932",2016-10-01,"Oct 2016","All",64.5,"Scss","Share absorbed at completion"
"59932",2016-11-01,"Nov 2016","Single",73.3,"Scss","Share absorbed at completion"
"59932",2016-11-01,"Nov 2016","Semi-Detached",83.3,"Scss","Share absorbed at completion"
"59932",2016-11-01,"Nov 2016","Row",96.6,"Scss","Share absorbed at completion"
"59932",2016-11-01,"Nov 2016","Apartment",NA,"Scss","Share absorbed at completion"
"59932",2016-11-01,"Nov 2016","All",87.5,"Scss","Share absorbed at completion"
"59932",2016-12-01,"Dec 2016","Single",36.8,"Scss","Share absorbed at completion"
"59932",2016-12-01,"Dec 2016","Semi-Detached",NA,"Scss","Share absorbed at completion"
"59932",2016-12-01,"Dec 2016","Row",78.6,"Scss","Share absorbed at completion"
"59932",2016-12-01,"Dec 2016","Apartment",NA,"Scss","Share absorbed at completion"
"59932",2016-12-01,"Dec 2016","All",54.5,"Scss","Share absorbed at completion"
"59932",2017-01-01,"Jan 2017","Single",43.9,"Scss","Share absorbed at completion"
"59932",2017-01-01,"Jan 2017","Semi-Detached",12.5,"Scss","Share absorbed at completion"
"59932",2017-01-01,"Jan 2017","Row",100,"Scss","Share absorbed at completion"
"59932",2017-01-01,"Jan 2017","Apartment",96.8,"Scss","Share absorbed at completion"
"59932",2017-01-01,"Jan 2017","All",70.2,"Scss","Share absorbed at completion"
"59932",2017-02-01,"Feb 2017","Single",50,"Scss","Share absorbed at completion"
"59932",2017-02-01,"Feb 2017","Semi-Detached",NA,"Scss","Share absorbed at completion"
"59932",2017-02-01,"Feb 2017","Row",62.5,"Scss","Share absorbed at completion"
"59932",2017-02-01,"Feb 2017","Apartment",NA,"Scss","Share absorbed at completion"
"59932",2017-02-01,"Feb 2017","All",53.3,"Scss","Share absorbed at completion"
"59932",2017-03-01,"Mar 2017","Single",33.3,"Scss","Share absorbed at completion"
"59932",2017-03-01,"Mar 2017","Semi-Detached",NA,"Scss","Share absorbed at completion"
"59932",2017-03-01,"Mar 2017","Row",68.8,"Scss","Share absorbed at completion"
"59932",2017-03-01,"Mar 2017","Apartment",NA,"Scss","Share absorbed at completion"
"59932",2017-03-01,"Mar 2017","All",48.6,"Scss","Share absorbed at completion"
"59932",2017-04-01,"Apr 2017","Single",60,"Scss","Share absorbed at completion"
"59932",2017-04-01,"Apr 2017","Semi-Detached",100,"Scss","Share absorbed at completion"
"59932",2017-04-01,"Apr 2017","Row",51.9,"Scss","Share absorbed at completion"
"59932",2017-04-01,"Apr 2017","Apartment",NA,"Scss","Share absorbed at completion"
"59932",2017-04-01,"Apr 2017","All",58,"Scss","Share absorbed at completion"
"59932",2017-05-01,"May 2017","Single",100,"Scss","Share absorbed at completion"
"59932",2017-05-01,"May 2017","Semi-Detached",100,"Scss","Share absorbed at completion"
"59932",2017-05-01,"May 2017","Row",100,"Scss","Share absorbed at completion"
"59932",2017-05-01,"May 2017","Apartment",NA,"Scss","Share absorbed at completion"
"59932",2017-05-01,"May 2017","All",100,"Scss","Share absorbed at completion"
"59932",2017-06-01,"Jun 2017","Single",44.4,"Scss","Share absorbed at completion"
"59932",2017-06-01,"Jun 2017","Semi-Detached",NA,"Scss","Share absorbed at completion"
"59932",2017-06-01,"Jun 2017","Row",31.9,"Scss","Share absorbed at completion"
"59932",2017-06-01,"Jun 2017","Apartment",NA,"Scss","Share absorbed at completion"
"59932",2017-06-01,"Jun 2017","All",33.9,"Scss","Share absorbed at completion"
"59932",2017-07-01,"Jul 2017","Single",69.2,"Scss","Share absorbed at completion"
"59932",2017-07-01,"Jul 2017","Semi-Detached",NA,"Scss","Share absorbed at completion"
"59932",2017-07-01,"Jul 2017","Row",54.5,"Scss","Share absorbed at completion"
"59932",2017-07-01,"Jul 2017","Apartment",100,"Scss","Share absorbed at completion"
"59932",2017-07-01,"Jul 2017","All",95.1,"Scss","Share absorbed at completion"
"59932",2017-08-01,"Aug 2017","Single",71,"Scss","Share absorbed at completion"
"59932",2017-08-01,"Aug 2017","Semi-Detached",NA,"Scss","Share absorbed at completion"
"59932",2017-08-01,"Aug 2017","Row",100,"Scss","Share absorbed at completion"
"59932",2017-08-01,"Aug 2017","Apartment",NA,"Scss","Share absorbed at completion"
"59932",2017-08-01,"Aug 2017","All",76.3,"Scss","Share absorbed at completion"
"59932",2017-09-01,"Sep 2017","Single",86.8,"Scss","Share absorbed at completion"
"59932",2017-09-01,"Sep 2017","Semi-Detached",NA,"Scss","Share absorbed at completion"
"59932",2017-09-01,"Sep 2017","Row",90.9,"Scss","Share absorbed at completion"
"59932",2017-09-01,"Sep 2017","Apartment",NA,"Scss","Share absorbed at completion"
"59932",2017-09-01,"Sep 2017","All",87.8,"Scss","Share absorbed at completion"
"59932",2017-10-01,"Oct 2017","Single",90,"Scss","Share absorbed at completion"
"59932",2017-10-01,"Oct 2017","Semi-Detached",NA,"Scss","Share absorbed at completion"
"59932",2017-10-01,"Oct 2017","Row",NA,"Scss","Share absorbed at completion"
"59932",2017-10-01,"Oct 2017","Apartment",NA,"Scss","Share absorbed at completion"
"59932",2017-10-01,"Oct 2017","All",90,"Scss","Share absorbed at completion"
"59932",2017-11-01,"Nov 2017","Single",80,"Scss","Share absorbed at completion"
"59932",2017-11-01,"Nov 2017","Semi-Detached",NA,"Scss","Share absorbed at completion"
"59932",2017-11-01,"Nov 2017","Row",100,"Scss","Share absorbed at completion"
"59932",2017-11-01,"Nov 2017","Apartment",NA,"Scss","Share absorbed at completion"
"59932",2017-11-01,"Nov 2017","All",82.9,"Scss","Share absorbed at completion"
"59932",2017-12-01,"Dec 2017","Single",78.1,"Scss","Share absorbed at completion"
"59932",2017-12-01,"Dec 2017","Semi-Detached",NA,"Scss","Share absorbed at completion"
"59932",2017-12-01,"Dec 2017","Row",30.8,"Scss","Share absorbed at completion"
"59932",2017-12-01,"Dec 2017","Apartment",NA,"Scss","Share absorbed at completion"
"59932",2017-12-01,"Dec 2017","All",64.4,"Scss","Share absorbed at completion"
"59932",2018-01-01,"Jan 2018","Single",63,"Scss","Share absorbed at completion"
"59932",2018-01-01,"Jan 2018","Semi-Detached",NA,"Scss","Share absorbed at completion"
"59932",2018-01-01,"Jan 2018","Row",NA,"Scss","Share absorbed at completion"
"59932",2018-01-01,"Jan 2018","Apartment",NA,"Scss","Share absorbed at completion"
"59932",2018-01-01,"Jan 2018","All",63,"Scss","Share absorbed at completion"
"59932",2018-02-01,"Feb 2018","Single",88.5,"Scss","Share absorbed at completion"
"59932",2018-02-01,"Feb 2018","Semi-Detached",0,"Scss","Share absorbed at completion"
"59932",2018-02-01,"Feb 2018","Row",75,"Scss","Share absorbed at completion"
"59932",2018-02-01,"Feb 2018","Apartment",NA,"Scss","Share absorbed at completion"
"59932",2018-02-01,"Feb 2018","All",82.9,"Scss","Share absorbed at completion"
"59932",2018-03-01,"Mar 2018","Single",56.8,"Scss","Share absorbed at completion"
"59932",2018-03-01,"Mar 2018","Semi-Detached",NA,"Scss","Share absorbed at completion"
"59932",2018-03-01,"Mar 2018","Row",NA,"Scss","Share absorbed at completion"
"59932",2018-03-01,"Mar 2018","Apartment",NA,"Scss","Share absorbed at completion"
"59932",2018-03-01,"Mar 2018","All",56.8,"Scss","Share absorbed at completion"
"59932",2018-04-01,"Apr 2018","Single",50,"Scss","Share absorbed at completion"
"59932",2018-04-01,"Apr 2018","Semi-Detached",NA,"Scss","Share absorbed at completion"
"59932",2018-04-01,"Apr 2018","Row",NA,"Scss","Share absorbed at completion"
"59932",2018-04-01,"Apr 2018","Apartment",NA,"Scss","Share absorbed at completion"
"59932",2018-04-01,"Apr 2018","All",50,"Scss","Share absorbed at completion"
"59932",2018-05-01,"May 2018","Single",66.7,"Scss","Share absorbed at completion"
"59932",2018-05-01,"May 2018","Semi-Detached",NA,"Scss","Share absorbed at completion"
"59932",2018-05-01,"May 2018","Row",NA,"Scss","Share absorbed at completion"
"59932",2018-05-01,"May 2018","Apartment",NA,"Scss","Share absorbed at completion"
"59932",2018-05-01,"May 2018","All",66.7,"Scss","Share absorbed at completion"
"59932",2018-06-01,"Jun 2018","Single",65.8,"Scss","Share absorbed at completion"
"59932",2018-06-01,"Jun 2018","Semi-Detached",NA,"Scss","Share absorbed at completion"
"59932",2018-06-01,"Jun 2018","Row",100,"Scss","Share absorbed at completion"
"59932",2018-06-01,"Jun 2018","Apartment",100,"Scss","Share absorbed at completion"
"59932",2018-06-01,"Jun 2018","All",94.2,"Scss","Share absorbed at completion"
"59932",2018-07-01,"Jul 2018","Single",51.7,"Scss","Share absorbed at completion"
"59932",2018-07-01,"Jul 2018","Semi-Detached",NA,"Scss","Share absorbed at completion"
"59932",2018-07-01,"Jul 2018","Row",100,"Scss","Share absorbed at completion"
"59932",2018-07-01,"Jul 2018","Apartment",NA,"Scss","Share absorbed at completion"
"59932",2018-07-01,"Jul 2018","All",80.8,"Scss","Share absorbed at completion"
"59932",2018-08-01,"Aug 2018","Single",52.8,"Scss","Share absorbed at completion"
"59932",2018-08-01,"Aug 2018","Semi-Detached",NA,"Scss","Share absorbed at completion"
"59932",2018-08-01,"Aug 2018","Row",NA,"Scss","Share absorbed at completion"
"59932",2018-08-01,"Aug 2018","Apartment",NA,"Scss","Share absorbed at completion"
"59932",2018-08-01,"Aug 2018","All",52.8,"Scss","Share absorbed at completion"
"59932",2018-09-01,"Sep 2018","Single",72.2,"Scss","Share absorbed at completion"
"59932",2018-09-01,"Sep 2018","Semi-Detached",NA,"Scss","Share absorbed at completion"
"59932",2018-09-01,"Sep 2018","Row",NA,"Scss","Share absorbed at completion"
"59932",2018-09-01,"Sep 2018","Apartment",NA,"Scss","Share absorbed at completion"
"59932",2018-09-01,"Sep 2018","All",72.2,"Scss","Share absorbed at completion"
"59932",2018-10-01,"Oct 2018","Single",56.4,"Scss","Share absorbed at completion"
"59932",2018-10-01,"Oct 2018","Semi-Detached",0,"Scss","Share absorbed at completion"
"59932",2018-10-01,"Oct 2018","Row",NA,"Scss","Share absorbed at completion"
"59932",2018-10-01,"Oct 2018","Apartment",NA,"Scss","Share absorbed at completion"
"59932",2018-10-01,"Oct 2018","All",53.7,"Scss","Share absorbed at completion"
"59932",2018-11-01,"Nov 2018","Single",63.2,"Scss","Share absorbed at completion"
"59932",2018-11-01,"Nov 2018","Semi-Detached",NA,"Scss","Share absorbed at completion"
"59932",2018-11-01,"Nov 2018","Row",100,"Scss","Share absorbed at completion"
"59932",2018-11-01,"Nov 2018","Apartment",NA,"Scss","Share absorbed at completion"
"59932",2018-11-01,"Nov 2018","All",73.1,"Scss","Share absorbed at completion"
"59932",2018-12-01,"Dec 2018","Single",69.7,"Scss","Share absorbed at completion"
"59932",2018-12-01,"Dec 2018","Semi-Detached",100,"Scss","Share absorbed at completion"
"59932",2018-12-01,"Dec 2018","Row",67.9,"Scss","Share absorbed at completion"
"59932",2018-12-01,"Dec 2018","Apartment",54.3,"Scss","Share absorbed at completion"
"59932",2018-12-01,"Dec 2018","All",61.4,"Scss","Share absorbed at completion"
"59932",2019-01-01,"Jan 2019","Single",64,"Scss","Share absorbed at completion"
"59932",2019-01-01,"Jan 2019","Semi-Detached",NA,"Scss","Share absorbed at completion"
"59932",2019-01-01,"Jan 2019","Row",100,"Scss","Share absorbed at completion"
"59932",2019-01-01,"Jan 2019","Apartment",NA,"Scss","Share absorbed at completion"
"59932",2019-01-01,"Jan 2019","All",69,"Scss","Share absorbed at completion"
"59932",2019-02-01,"Feb 2019","Single",57.7,"Scss","Share absorbed at completion"
"59932",2019-02-01,"Feb 2019","Semi-Detached",NA,"Scss","Share absorbed at completion"
"59932",2019-02-01,"Feb 2019","Row",NA,"Scss","Share absorbed at completion"
"59932",2019-02-01,"Feb 2019","Apartment",NA,"Scss","Share absorbed at completion"
"59932",2019-02-01,"Feb 2019","All",57.7,"Scss","Share absorbed at completion"
"59932",2019-03-01,"Mar 2019","Single",50,"Scss","Share absorbed at completion"
"59932",2019-03-01,"Mar 2019","Semi-Detached",100,"Scss","Share absorbed at completion"
"59932",2019-03-01,"Mar 2019","Row",100,"Scss","Share absorbed at completion"
"59932",2019-03-01,"Mar 2019","Apartment",100,"Scss","Share absorbed at completion"
"59932",2019-03-01,"Mar 2019","All",93.6,"Scss","Share absorbed at completion"
"59932",2019-04-01,"Apr 2019","Single",70,"Scss","Share absorbed at completion"
"59932",2019-04-01,"Apr 2019","Semi-Detached",100,"Scss","Share absorbed at completion"
"59932",2019-04-01,"Apr 2019","Row",97.7,"Scss","Share absorbed at completion"
"59932",2019-04-01,"Apr 2019","Apartment",NA,"Scss","Share absorbed at completion"
"59932",2019-04-01,"Apr 2019","All",90.1,"Scss","Share absorbed at completion"
"59932",2019-05-01,"May 2019","Single",82.4,"Scss","Share absorbed at completion"
"59932",2019-05-01,"May 2019","Semi-Detached",100,"Scss","Share absorbed at completion"
"59932",2019-05-01,"May 2019","Row",NA,"Scss","Share absorbed at completion"
"59932",2019-05-01,"May 2019","Apartment",NA,"Scss","Share absorbed at completion"
"59932",2019-05-01,"May 2019","All",87,"Scss","Share absorbed at completion"
"59932",2019-06-01,"Jun 2019","Single",63,"Scss","Share absorbed at completion"
"59932",2019-06-01,"Jun 2019","Semi-Detached",50,"Scss","Share absorbed at completion"
"59932",2019-06-01,"Jun 2019","Row",76.2,"Scss","Share absorbed at completion"
"59932",2019-06-01,"Jun 2019","Apartment",NA,"Scss","Share absorbed at completion"
"59932",2019-06-01,"Jun 2019","All",70.8,"Scss","Share absorbed at completion"
"59932",2019-07-01,"Jul 2019","Single",65.2,"Scss","Share absorbed at completion"
"59932",2019-07-01,"Jul 2019","Semi-Detached",25,"Scss","Share absorbed at completion"
"59932",2019-07-01,"Jul 2019","Row",65.9,"Scss","Share absorbed at completion"
"59932",2019-07-01,"Jul 2019","Apartment",NA,"Scss","Share absorbed at completion"
"59932",2019-07-01,"Jul 2019","All",63.4,"Scss","Share absorbed at completion"
"59932",2019-08-01,"Aug 2019","Single",53.8,"Scss","Share absorbed at completion"
"59932",2019-08-01,"Aug 2019","Semi-Detached",100,"Scss","Share absorbed at completion"
"59932",2019-08-01,"Aug 2019","Row",70.3,"Scss","Share absorbed at completion"
"59932",2019-08-01,"Aug 2019","Apartment",NA,"Scss","Share absorbed at completion"
"59932",2019-08-01,"Aug 2019","All",67.3,"Scss","Share absorbed at completion"
"59932",2019-09-01,"Sep 2019","Single",55.3,"Scss","Share absorbed at completion"
"59932",2019-09-01,"Sep 2019","Semi-Detached",50,"Scss","Share absorbed at completion"
"59932",2019-09-01,"Sep 2019","Row",38.7,"Scss","Share absorbed at completion"
"59932",2019-09-01,"Sep 2019","Apartment",NA,"Scss","Share absorbed at completion"
"59932",2019-09-01,"Sep 2019","All",44.7,"Scss","Share absorbed at completion"
"59932",2019-10-01,"Oct 2019","Single",69.6,"Scss","Share absorbed at completion"
"59932",2019-10-01,"Oct 2019","Semi-Detached",30,"Scss","Share absorbed at completion"
"59932",2019-10-01,"Oct 2019","Row",NA,"Scss","Share absorbed at completion"
"59932",2019-10-01,"Oct 2019","Apartment",NA,"Scss","Share absorbed at completion"
"59932",2019-10-01,"Oct 2019","All",57.6,"Scss","Share absorbed at completion"
"59932",2019-11-01,"Nov 2019","Single",80,"Scss","Share absorbed at completion"
"59932",2019-11-01,"Nov 2019","Semi-Detached",NA,"Scss","Share absorbed at completion"
"59932",2019-11-01,"Nov 2019","Row",33.9,"Scss","Share absorbed at completion"
"59932",2019-11-01,"Nov 2019","Apartment",NA,"Scss","Share absorbed at completion"
"59932",2019-11-01,"Nov 2019","All",51.6,"Scss","Share absorbed at completion"
"59932",2019-12-01,"Dec 2019","Single",71.4,"Scss","Share absorbed at completion"
"59932",2019-12-01,"Dec 2019","Semi-Detached",NA,"Scss","Share absorbed at completion"
"59932",2019-12-01,"Dec 2019","Row",46.2,"Scss","Share absorbed at completion"
"59932",2019-12-01,"Dec 2019","Apartment",NA,"Scss","Share absorbed at completion"
"59932",2019-12-01,"Dec 2019","All",55,"Scss","Share absorbed at completion"
"59932",2020-01-01,"Jan 2020","Single",42.4,"Scss","Share absorbed at completion"
"59932",2020-01-01,"Jan 2020","Semi-Detached",0,"Scss","Share absorbed at completion"
"59932",2020-01-01,"Jan 2020","Row",0,"Scss","Share absorbed at completion"
"59932",2020-01-01,"Jan 2020","Apartment",NA,"Scss","Share absorbed at completion"
"59932",2020-01-01,"Jan 2020","All",25.9,"Scss","Share absorbed at completion"
"59932",2020-02-01,"Feb 2020","Single",42.9,"Scss","Share absorbed at completion"
"59932",2020-02-01,"Feb 2020","Semi-Detached",NA,"Scss","Share absorbed at completion"
"59932",2020-02-01,"Feb 2020","Row",84.2,"Scss","Share absorbed at completion"
"59932",2020-02-01,"Feb 2020","Apartment",NA,"Scss","Share absorbed at completion"
"59932",2020-02-01,"Feb 2020","All",55.7,"Scss","Share absorbed at completion"
"59932",2020-03-01,"Mar 2020","Single",65.4,"Scss","Share absorbed at completion"
"59932",2020-03-01,"Mar 2020","Semi-Detached",0,"Scss","Share absorbed at completion"
"59932",2020-03-01,"Mar 2020","Row",NA,"Scss","Share absorbed at completion"
"59932",2020-03-01,"Mar 2020","Apartment",NA,"Scss","Share absorbed at completion"
"59932",2020-03-01,"Mar 2020","All",60.7,"Scss","Share absorbed at completion"
"59932",2020-04-01,"Apr 2020","Single",52.9,"Scss","Share absorbed at completion"
"59932",2020-04-01,"Apr 2020","Semi-Detached",NA,"Scss","Share absorbed at completion"
"59932",2020-04-01,"Apr 2020","Row",0,"Scss","Share absorbed at completion"
"59932",2020-04-01,"Apr 2020","Apartment",NA,"Scss","Share absorbed at completion"
"59932",2020-04-01,"Apr 2020","All",31,"Scss","Share absorbed at completion"
"59932",2020-05-01,"May 2020","Single",55.6,"Scss","Share absorbed at completion"
"59932",2020-05-01,"May 2020","Semi-Detached",NA,"Scss","Share absorbed at completion"
"59932",2020-05-01,"May 2020","Row",17.9,"Scss","Share absorbed at completion"
"59932",2020-05-01,"May 2020","Apartment",NA,"Scss","Share absorbed at completion"
"59932",2020-05-01,"May 2020","All",36.4,"Scss","Share absorbed at completion"
"59932",2020-06-01,"Jun 2020","Single",60.9,"Scss","Share absorbed at completion"
"59932",2020-06-01,"Jun 2020","Semi-Detached",0,"Scss","Share absorbed at completion"
"59932",2020-06-01,"Jun 2020","Row",NA,"Scss","Share absorbed at completion"
"59932",2020-06-01,"Jun 2020","Apartment",NA,"Scss","Share absorbed at completion"
"59932",2020-06-01,"Jun 2020","All",56,"Scss","Share absorbed at completion"
"59932",2020-07-01,"Jul 2020","Single",57.9,"Scss","Share absorbed at completion"
"59932",2020-07-01,"Jul 2020","Semi-Detached",NA,"Scss","Share absorbed at completion"
"59932",2020-07-01,"Jul 2020","Row",33.3,"Scss","Share absorbed at completion"
"59932",2020-07-01,"Jul 2020","Apartment",NA,"Scss","Share absorbed at completion"
"59932",2020-07-01,"Jul 2020","All",48.4,"Scss","Share absorbed at completion"
"59932",2020-08-01,"Aug 2020","Single",63.3,"Scss","Share absorbed at completion"
"59932",2020-08-01,"Aug 2020","Semi-Detached",NA,"Scss","Share absorbed at completion"
"59932",2020-08-01,"Aug 2020","Row",NA,"Scss","Share absorbed at completion"
"59932",2020-08-01,"Aug 2020","Apartment",NA,"Scss","Share absorbed at completion"
"59932",2020-08-01,"Aug 2020","All",63.3,"Scss","Share absorbed at completion"
"59932",2020-09-01,"Sep 2020","Single",66.7,"Scss","Share absorbed at completion"
"59932",2020-09-01,"Sep 2020","Semi-Detached",83.3,"Scss","Share absorbed at completion"
"59932",2020-09-01,"Sep 2020","Row",93.8,"Scss","Share absorbed at completion"
"59932",2020-09-01,"Sep 2020","Apartment",NA,"Scss","Share absorbed at completion"
"59932",2020-09-01,"Sep 2020","All",84,"Scss","Share absorbed at completion"
"59932",2020-10-01,"Oct 2020","Single",75,"Scss","Share absorbed at completion"
"59932",2020-10-01,"Oct 2020","Semi-Detached",100,"Scss","Share absorbed at completion"
"59932",2020-10-01,"Oct 2020","Row",100,"Scss","Share absorbed at completion"
"59932",2020-10-01,"Oct 2020","Apartment",NA,"Scss","Share absorbed at completion"
"59932",2020-10-01,"Oct 2020","All",81.8,"Scss","Share absorbed at completion"
"59932",2020-11-01,"Nov 2020","Single",86.4,"Scss","Share absorbed at completion"
"59932",2020-11-01,"Nov 2020","Semi-Detached",NA,"Scss","Share absorbed at completion"
"59932",2020-11-01,"Nov 2020","Row",100,"Scss","Share absorbed at completion"
"59932",2020-11-01,"Nov 2020","Apartment",NA,"Scss","Share absorbed at completion"
"59932",2020-11-01,"Nov 2020","All",93.5,"Scss","Share absorbed at completion"
"59932",2020-12-01,"Dec 2020","Single",48.3,"Scss","Share absorbed at completion"
"59932",2020-12-01,"Dec 2020","Semi-Detached",NA,"Scss","Share absorbed at completion"
"59932",2020-12-01,"Dec 2020","Row",37.1,"Scss","Share absorbed at completion"
"59932",2020-12-01,"Dec 2020","Apartment",100,"Scss","Share absorbed at completion"
"59932",2020-12-01,"Dec 2020","All",77.7,"Scss","Share absorbed at completion"
"59932",2021-01-01,"Jan 2021","Single",67.9,"Scss","Share absorbed at completion"
"59932",2021-01-01,"Jan 2021","Semi-Detached",NA,"Scss","Share absorbed at completion"
"59932",2021-01-01,"Jan 2021","Row",100,"Scss","Share absorbed at completion"
"59932",2021-01-01,"Jan 2021","Apartment",NA,"Scss","Share absorbed at completion"
"59932",2021-01-01,"Jan 2021","All",71.9,"Scss","Share absorbed at completion"
"59932",2021-02-01,"Feb 2021","Single",58.6,"Scss","Share absorbed at completion"
"59932",2021-02-01,"Feb 2021","Semi-Detached",NA,"Scss","Share absorbed at completion"
"59932",2021-02-01,"Feb 2021","Row",NA,"Scss","Share absorbed at completion"
"59932",2021-02-01,"Feb 2021","Apartment",NA,"Scss","Share absorbed at completion"
"59932",2021-02-01,"Feb 2021","All",58.6,"Scss","Share absorbed at completion"
"59932",2021-03-01,"Mar 2021","Single",46.9,"Scss","Share absorbed at completion"
"59932",2021-03-01,"Mar 2021","Semi-Detached",75,"Scss","Share absorbed at completion"
"59932",2021-03-01,"Mar 2021","Row",100,"Scss","Share absorbed at completion"
"59932",2021-03-01,"Mar 2021","Apartment",NA,"Scss","Share absorbed at completion"
"59932",2021-03-01,"Mar 2021","All",55,"Scss","Share absorbed at completion"
"59932",2021-04-01,"Apr 2021","Single",68.4,"Scss","Share absorbed at completion"
"59932",2021-04-01,"Apr 2021","Semi-Detached",100,"Scss","Share absorbed at completion"
"59932",2021-04-01,"Apr 2021","Row",NA,"Scss","Share absorbed at completion"
"59932",2021-04-01,"Apr 2021","Apartment",NA,"Scss","Share absorbed at completion"
"59932",2021-04-01,"Apr 2021","All",70,"Scss","Share absorbed at completion"
"59932",2021-05-01,"May 2021","Single",66.7,"Scss","Share absorbed at completion"
"59932",2021-05-01,"May 2021","Semi-Detached",NA,"Scss","Share absorbed at completion"
"59932",2021-05-01,"May 2021","Row",NA,"Scss","Share absorbed at completion"
"59932",2021-05-01,"May 2021","Apartment",94.3,"Scss","Share absorbed at completion"
"59932",2021-05-01,"May 2021","All",91.7,"Scss","Share absorbed at completion"
"59932",2021-06-01,"Jun 2021","Single",80,"Scss","Share absorbed at completion"
"59932",2021-06-01,"Jun 2021","Semi-Detached",NA,"Scss","Share absorbed at completion"
"59932",2021-06-01,"Jun 2021","Row",83.3,"Scss","Share absorbed at completion"
"59932",2021-06-01,"Jun 2021","Apartment",100,"Scss","Share absorbed at completion"
"59932",2021-06-01,"Jun 2021","All",93.2,"Scss","Share absorbed at completion"
"59932",2021-07-01,"Jul 2021","Single",57.1,"Scss","Share absorbed at completion"
"59932",2021-07-01,"Jul 2021","Semi-Detached",NA,"Scss","Share absorbed at completion"
"59932",2021-07-01,"Jul 2021","Row",NA,"Scss","Share absorbed at completion"
"59932",2021-07-01,"Jul 2021","Apartment",NA,"Scss","Share absorbed at completion"
"59932",2021-07-01,"Jul 2021","All",57.1,"Scss","Share absorbed at completion"
"59932",2021-08-01,"Aug 2021","Single",100,"Scss","Share absorbed at completion"
"59932",2021-08-01,"Aug 2021","Semi-Detached",100,"Scss","Share absorbed at completion"
"59932",2021-08-01,"Aug 2021","Row",100,"Scss","Share absorbed at completion"
"59932",2021-08-01,"Aug 2021","Apartment",NA,"Scss","Share absorbed at completion"
"59932",2021-08-01,"Aug 2021","All",100,"Scss","Share absorbed at completion"
"59932",2021-09-01,"Sep 2021","Single",62.5,"Scss","Share absorbed at completion"
"59932",2021-09-01,"Sep 2021","Semi-Detached",NA,"Scss","Share absorbed at completion"
"59932",2021-09-01,"Sep 2021","Row",100,"Scss","Share absorbed at completion"
"59932",2021-09-01,"Sep 2021","Apartment",NA,"Scss","Share absorbed at completion"
"59932",2021-09-01,"Sep 2021","All",67.9,"Scss","Share absorbed at completion"
"59932",2021-10-01,"Oct 2021","Single",81,"Scss","Share absorbed at completion"
"59932",2021-10-01,"Oct 2021","Semi-Detached",0,"Scss","Share absorbed at completion"
"59932",2021-10-01,"Oct 2021","Row",NA,"Scss","Share absorbed at completion"
"59932",2021-10-01,"Oct 2021","Apartment",NA,"Scss","Share absorbed at completion"
"59932",2021-10-01,"Oct 2021","All",73.9,"Scss","Share absorbed at completion"
"59932",2021-11-01,"Nov 2021","Single",69.2,"Scss","Share absorbed at completion"
"59932",2021-11-01,"Nov 2021","Semi-Detached",NA,"Scss","Share absorbed at completion"
"59932",2021-11-01,"Nov 2021","Row",38.9,"Scss","Share absorbed at completion"
"59932",2021-11-01,"Nov 2021","Apartment",100,"Scss","Share absorbed at completion"
"59932",2021-11-01,"Nov 2021","All",86.2,"Scss","Share absorbed at completion"
"59932",2021-12-01,"Dec 2021","Single",77.5,"Scss","Share absorbed at completion"
"59932",2021-12-01,"Dec 2021","Semi-Detached",NA,"Scss","Share absorbed at completion"
"59932",2021-12-01,"Dec 2021","Row",NA,"Scss","Share absorbed at completion"
"59932",2021-12-01,"Dec 2021","Apartment",100,"Scss","Share absorbed at completion"
"59932",2021-12-01,"Dec 2021","All",97.6,"Scss","Share absorbed at completion"
"59932",2022-01-01,"Jan 2022","Single",53.1,"Scss","Share absorbed at completion"
"59932",2022-01-01,"Jan 2022","Semi-Detached",NA,"Scss","Share absorbed at completion"
"59932",2022-01-01,"Jan 2022","Row",82.1,"Scss","Share absorbed at completion"
"59932",2022-01-01,"Jan 2022","Apartment",NA,"Scss","Share absorbed at completion"
"59932",2022-01-01,"Jan 2022","All",66.7,"Scss","Share absorbed at completion"
"59932",2022-02-01,"Feb 2022","Single",52.6,"Scss","Share absorbed at completion"
"59932",2022-02-01,"Feb 2022","Semi-Detached",NA,"Scss","Share absorbed at completion"
"59932",2022-02-01,"Feb 2022","Row",27.3,"Scss","Share absorbed at completion"
"59932",2022-02-01,"Feb 2022","Apartment",100,"Scss","Share absorbed at completion"
"59932",2022-02-01,"Feb 2022","All",59.5,"Scss","Share absorbed at completion"
"59932",2022-03-01,"Mar 2022","Single",46.9,"Scss","Share absorbed at completion"
"59932",2022-03-01,"Mar 2022","Semi-Detached",100,"Scss","Share absorbed at completion"
"59932",2022-03-01,"Mar 2022","Row",NA,"Scss","Share absorbed at completion"
"59932",2022-03-01,"Mar 2022","Apartment",NA,"Scss","Share absorbed at completion"
"59932",2022-03-01,"Mar 2022","All",50,"Scss","Share absorbed at completion"
"59932",2022-04-01,"Apr 2022","Single",100,"Scss","Share absorbed at completion"
"59932",2022-04-01,"Apr 2022","Semi-Detached",NA,"Scss","Share absorbed at completion"
"59932",2022-04-01,"Apr 2022","Row",100,"Scss","Share absorbed at completion"
"59932",2022-04-01,"Apr 2022","Apartment",100,"Scss","Share absorbed at completion"
"59932",2022-04-01,"Apr 2022","All",100,"Scss","Share absorbed at completion"
"59932",2022-05-01,"May 2022","Single",50,"Scss","Share absorbed at completion"
"59932",2022-05-01,"May 2022","Semi-Detached",NA,"Scss","Share absorbed at completion"
"59932",2022-05-01,"May 2022","Row",100,"Scss","Share absorbed at completion"
"59932",2022-05-01,"May 2022","Apartment",NA,"Scss","Share absorbed at completion"
"59932",2022-05-01,"May 2022","All",70,"Scss","Share absorbed at completion"
"59932",2022-06-01,"Jun 2022","Single",72.1,"Scss","Share absorbed at completion"
"59932",2022-06-01,"Jun 2022","Semi-Detached",NA,"Scss","Share absorbed at completion"
"59932",2022-06-01,"Jun 2022","Row",90.9,"Scss","Share absorbed at completion"
"59932",2022-06-01,"Jun 2022","Apartment",NA,"Scss","Share absorbed at completion"
"59932",2022-06-01,"Jun 2022","All",80.3,"Scss","Share absorbed at completion"
"59932",2022-07-01,"Jul 2022","Single",47.1,"Scss","Share absorbed at completion"
"59932",2022-07-01,"Jul 2022","Semi-Detached",100,"Scss","Share absorbed at completion"
"59932",2022-07-01,"Jul 2022","Row",57.9,"Scss","Share absorbed at completion"
"59932",2022-07-01,"Jul 2022","Apartment",NA,"Scss","Share absorbed at completion"
"59932",2022-07-01,"Jul 2022","All",56.1,"Scss","Share absorbed at completion"
"59932",2022-08-01,"Aug 2022","Single",36.4,"Scss","Share absorbed at completion"
"59932",2022-08-01,"Aug 2022","Semi-Detached",100,"Scss","Share absorbed at completion"
"59932",2022-08-01,"Aug 2022","Row",100,"Scss","Share absorbed at completion"
"59932",2022-08-01,"Aug 2022","Apartment",NA,"Scss","Share absorbed at completion"
"59932",2022-08-01,"Aug 2022","All",75.9,"Scss","Share absorbed at completion"
"59932",2022-09-01,"Sep 2022","Single",53.6,"Scss","Share absorbed at completion"
"59932",2022-09-01,"Sep 2022","Semi-Detached",NA,"Scss","Share absorbed at completion"
"59932",2022-09-01,"Sep 2022","Row",NA,"Scss","Share absorbed at completion"
"59932",2022-09-01,"Sep 2022","Apartment",NA,"Scss","Share absorbed at completion"
"59932",2022-09-01,"Sep 2022","All",53.6,"Scss","Share absorbed at completion"
"59932",2022-10-01,"Oct 2022","Single",61.1,"Scss","Share absorbed at completion"
"59932",2022-10-01,"Oct 2022","Semi-Detached",NA,"Scss","Share absorbed at completion"
"59932",2022-10-01,"Oct 2022","Row",NA,"Scss","Share absorbed at completion"
"59932",2022-10-01,"Oct 2022","Apartment",100,"Scss","Share absorbed at completion"
"59932",2022-10-01,"Oct 2022","All",79.4,"Scss","Share absorbed at completion"
"59932",2022-11-01,"Nov 2022","Single",56.8,"Scss","Share absorbed at completion"
"59932",2022-11-01,"Nov 2022","Semi-Detached",0,"Scss","Share absorbed at completion"
"59932",2022-11-01,"Nov 2022","Row",0,"Scss","Share absorbed at completion"
"59932",2022-11-01,"Nov 2022","Apartment",NA,"Scss","Share absorbed at completion"
"59932",2022-11-01,"Nov 2022","All",46.3,"Scss","Share absorbed at completion"
"59932",2022-12-01,"Dec 2022","Single",56.3,"Scss","Share absorbed at completion"
"59932",2022-12-01,"Dec 2022","Semi-Detached",NA,"Scss","Share absorbed at completion"
"59932",2022-12-01,"Dec 2022","Row",0,"Scss","Share absorbed at completion"
"59932",2022-12-01,"Dec 2022","Apartment",NA,"Scss","Share absorbed at completion"
"59932",2022-12-01,"Dec 2022","All",39.1,"Scss","Share absorbed at completion"
"59932",2023-01-01,"Jan 2023","Single",64.3,"Scss","Share absorbed at completion"
"59932",2023-01-01,"Jan 2023","Semi-Detached",NA,"Scss","Share absorbed at completion"
"59932",2023-01-01,"Jan 2023","Row",100,"Scss","Share absorbed at completion"
"59932",2023-01-01,"Jan 2023","Apartment",NA,"Scss","Share absorbed at completion"
"59932",2023-01-01,"Jan 2023","All",87.5,"Scss","Share absorbed at completion"
"59932",2023-02-01,"Feb 2023","Single",90.9,"Scss","Share absorbed at completion"
"59932",2023-02-01,"Feb 2023","Semi-Detached",NA,"Scss","Share absorbed at completion"
"59932",2023-02-01,"Feb 2023","Row",100,"Scss","Share absorbed at completion"
"59932",2023-02-01,"Feb 2023","Apartment",NA,"Scss","Share absorbed at completion"
"59932",2023-02-01,"Feb 2023","All",97.6,"Scss","Share absorbed at completion"
"59932",2023-03-01,"Mar 2023","Single",48,"Scss","Share absorbed at completion"
"59932",2023-03-01,"Mar 2023","Semi-Detached",NA,"Scss","Share absorbed at completion"
"59932",2023-03-01,"Mar 2023","Row",100,"Scss","Share absorbed at completion"
"59932",2023-03-01,"Mar 2023","Apartment",100,"Scss","Share absorbed at completion"
"59932",2023-03-01,"Mar 2023","All",68.3,"Scss","Share absorbed at completion"
"59932",2023-04-01,"Apr 2023","Single",68,"Scss","Share absorbed at completion"
"59932",2023-04-01,"Apr 2023","Semi-Detached",NA,"Scss","Share absorbed at completion"
"59932",2023-04-01,"Apr 2023","Row",NA,"Scss","Share absorbed at completion"
"59932",2023-04-01,"Apr 2023","Apartment",NA,"Scss","Share absorbed at completion"
"59932",2023-04-01,"Apr 2023","All",68,"Scss","Share absorbed at completion"
"59932",2023-05-01,"May 2023","Single",68.2,"Scss","Share absorbed at completion"
"59932",2023-05-01,"May 2023","Semi-Detached",50,"Scss","Share absorbed at completion"
"59932",2023-05-01,"May 2023","Row",0,"Scss","Share absorbed at completion"
"59932",2023-05-01,"May 2023","Apartment",NA,"Scss","Share absorbed at completion"
"59932",2023-05-01,"May 2023","All",53.3,"Scss","Share absorbed at completion"
"59932",2023-06-01,"Jun 2023","Single",70.8,"Scss","Share absorbed at completion"
"59932",2023-06-01,"Jun 2023","Semi-Detached",0,"Scss","Share absorbed at completion"
"59932",2023-06-01,"Jun 2023","Row",0,"Scss","Share absorbed at completion"
"59932",2023-06-01,"Jun 2023","Apartment",100,"Scss","Share absorbed at completion"
"59932",2023-06-01,"Jun 2023","All",36.7,"Scss","Share absorbed at completion"
"59932",2023-07-01,"Jul 2023","Single",67.9,"Scss","Share absorbed at completion"
"59932",2023-07-01,"Jul 2023","Semi-Detached",0,"Scss","Share absorbed at completion"
"59932",2023-07-01,"Jul 2023","Row",0,"Scss","Share absorbed at completion"
"59932",2023-07-01,"Jul 2023","Apartment",NA,"Scss","Share absorbed at completion"
"59932",2023-07-01,"Jul 2023","All",42.2,"Scss","Share absorbed at completion"
"59932",2023-08-01,"Aug 2023","Single",78.4,"Scss","Share absorbed at completion"
"59932",2023-08-01,"Aug 2023","Semi-Detached",NA,"Scss","Share absorbed at completion"
"59932",2023-08-01,"Aug 2023","Row",NA,"Scss","Share absorbed at completion"
"59932",2023-08-01,"Aug 2023","Apartment",NA,"Scss","Share absorbed at completion"
"59932",2023-08-01,"Aug 2023","All",78.4,"Scss","Share absorbed at completion"
"59932",2023-09-01,"Sep 2023","Single",75.9,"Scss","Share absorbed at completion"
"59932",2023-09-01,"Sep 2023","Semi-Detached",NA,"Scss","Share absorbed at completion"
"59932",2023-09-01,"Sep 2023","Row",NA,"Scss","Share absorbed at completion"
"59932",2023-09-01,"Sep 2023","Apartment",NA,"Scss","Share absorbed at completion"
"59932",2023-09-01,"Sep 2023","All",75.9,"Scss","Share absorbed at completion"
"59932",2023-10-01,"Oct 2023","Single",51.4,"Scss","Share absorbed at completion"
"59932",2023-10-01,"Oct 2023","Semi-Detached",NA,"Scss","Share absorbed at completion"
"59932",2023-10-01,"Oct 2023","Row",0,"Scss","Share absorbed at completion"
"59932",2023-10-01,"Oct 2023","Apartment",100,"Scss","Share absorbed at completion"
"59932",2023-10-01,"Oct 2023","All",60.4,"Scss","Share absorbed at completion"
"59932",2023-11-01,"Nov 2023","Single",73.1,"Scss","Share absorbed at completion"
"59932",2023-11-01,"Nov 2023","Semi-Detached",100,"Scss","Share absorbed at completion"
"59932",2023-11-01,"Nov 2023","Row",NA,"Scss","Share absorbed at completion"
"59932",2023-11-01,"Nov 2023","Apartment",100,"Scss","Share absorbed at completion"
"59932",2023-11-01,"Nov 2023","All",94.4,"Scss","Share absorbed at completion"
"59932",2023-12-01,"Dec 2023","Single",76.7,"Scss","Share absorbed at completion"
"59932",2023-12-01,"Dec 2023","Semi-Detached",0,"Scss","Share absorbed at completion"
"59932",2023-12-01,"Dec 2023","Row",15.4,"Scss","Share absorbed at completion"
"59932",2023-12-01,"Dec 2023","Apartment",100,"Scss","Share absorbed at completion"
"59932",2023-12-01,"Dec 2023","All",79.8,"Scss","Share absorbed at completion"
"59932",2024-01-01,"Jan 2024","Single",40,"Scss","Share absorbed at completion"
"59932",2024-01-01,"Jan 2024","Semi-Detached",100,"Scss","Share absorbed at completion"
"59932",2024-01-01,"Jan 2024","Row",25,"Scss","Share absorbed at completion"
"59932",2024-01-01,"Jan 2024","Apartment",NA,"Scss","Share absorbed at completion"
"59932",2024-01-01,"Jan 2024","All",40,"Scss","Share absorbed at completion"
"59932",2024-02-01,"Feb 2024","Single",47.6,"Scss","Share absorbed at completion"
"59932",2024-02-01,"Feb 2024","Semi-Detached",NA,"Scss","Share absorbed at completion"
"59932",2024-02-01,"Feb 2024","Row",0,"Scss","Share absorbed at completion"
"59932",2024-02-01,"Feb 2024","Apartment",100,"Scss","Share absorbed at completion"
"59932",2024-02-01,"Feb 2024","All",80.5,"Scss","Share absorbed at completion"
"59932",2024-03-01,"Mar 2024","Single",85.7,"Scss","Share absorbed at completion"
"59932",2024-03-01,"Mar 2024","Semi-Detached",NA,"Scss","Share absorbed at completion"
"59932",2024-03-01,"Mar 2024","Row",42.9,"Scss","Share absorbed at completion"
"59932",2024-03-01,"Mar 2024","Apartment",NA,"Scss","Share absorbed at completion"
"59932",2024-03-01,"Mar 2024","All",64.3,"Scss","Share absorbed at completion"
"59932",2024-04-01,"Apr 2024","Single",0,"Scss","Share absorbed at completion"
"59932",2024-04-01,"Apr 2024","Semi-Detached",NA,"Scss","Share absorbed at completion"
"59932",2024-04-01,"Apr 2024","Row",12.5,"Scss","Share absorbed at completion"
"59932",2024-04-01,"Apr 2024","Apartment",NA,"Scss","Share absorbed at completion"
"59932",2024-04-01,"Apr 2024","All",11.1,"Scss","Share absorbed at completion"
"59932",2024-05-01,"May 2024","Single",79.4,"Scss","Share absorbed at completion"
"59932",2024-05-01,"May 2024","Semi-Detached",0,"Scss","Share absorbed at completion"
"59932",2024-05-01,"May 2024","Row",NA,"Scss","Share absorbed at completion"
"59932",2024-05-01,"May 2024","Apartment",NA,"Scss","Share absorbed at completion"
"59932",2024-05-01,"May 2024","All",71.1,"Scss","Share absorbed at completion"
"59932",2024-06-01,"Jun 2024","Single",85.7,"Scss","Share absorbed at completion"
"59932",2024-06-01,"Jun 2024","Semi-Detached",NA,"Scss","Share absorbed at completion"
"59932",2024-06-01,"Jun 2024","Row",40,"Scss","Share absorbed at completion"
"59932",2024-06-01,"Jun 2024","Apartment",100,"Scss","Share absorbed at completion"
"59932",2024-06-01,"Jun 2024","All",94.2,"Scss","Share absorbed at completion"
"59932",2024-07-01,"Jul 2024","Single",76,"Scss","Share absorbed at completion"
"59932",2024-07-01,"Jul 2024","Semi-Detached",50,"Scss","Share absorbed at completion"
"59932",2024-07-01,"Jul 2024","Row",72.5,"Scss","Share absorbed at completion"
"59932",2024-07-01,"Jul 2024","Apartment",NA,"Scss","Share absorbed at completion"
"59932",2024-07-01,"Jul 2024","All",72.5,"Scss","Share absorbed at completion"
"59932",2024-08-01,"Aug 2024","Single",76.1,"Scss","Share absorbed at completion"
"59932",2024-08-01,"Aug 2024","Semi-Detached",NA,"Scss","Share absorbed at completion"
"59932",2024-08-01,"Aug 2024","Row",NA,"Scss","Share absorbed at completion"
"59932",2024-08-01,"Aug 2024","Apartment",NA,"Scss","Share absorbed at completion"
"59932",2024-08-01,"Aug 2024","All",76.1,"Scss","Share absorbed at completion"
"59932",2024-09-01,"Sep 2024","Single",60,"Scss","Share absorbed at completion"
"59932",2024-09-01,"Sep 2024","Semi-Detached",NA,"Scss","Share absorbed at completion"
"59932",2024-09-01,"Sep 2024","Row",NA,"Scss","Share absorbed at completion"
"59932",2024-09-01,"Sep 2024","Apartment",NA,"Scss","Share absorbed at completion"
"59932",2024-09-01,"Sep 2024","All",60,"Scss","Share absorbed at completion"
"59932",2024-10-01,"Oct 2024","Single",75,"Scss","Share absorbed at completion"
"59932",2024-10-01,"Oct 2024","Semi-Detached",66.7,"Scss","Share absorbed at completion"
"59932",2024-10-01,"Oct 2024","Row",0,"Scss","Share absorbed at completion"
"59932",2024-10-01,"Oct 2024","Apartment",NA,"Scss","Share absorbed at completion"
"59932",2024-10-01,"Oct 2024","All",36.1,"Scss","Share absorbed at completion"
"59932",2024-11-01,"Nov 2024","Single",70,"Scss","Share absorbed at completion"
"59932",2024-11-01,"Nov 2024","Semi-Detached",0,"Scss","Share absorbed at completion"
"59932",2024-11-01,"Nov 2024","Row",88.4,"Scss","Share absorbed at completion"
"59932",2024-11-01,"Nov 2024","Apartment",NA,"Scss","Share absorbed at completion"
"59932",2024-11-01,"Nov 2024","All",84,"Scss","Share absorbed at completion"
"59932",2024-12-01,"Dec 2024","Single",84.6,"Scss","Share absorbed at completion"
"59932",2024-12-01,"Dec 2024","Semi-Detached",NA,"Scss","Share absorbed at completion"
"59932",2024-12-01,"Dec 2024","Row",42.9,"Scss","Share absorbed at completion"
"59932",2024-12-01,"Dec 2024","Apartment",NA,"Scss","Share absorbed at completion"
"59932",2024-12-01,"Dec 2024","All",66,"Scss","Share absorbed at completion"
"59932",2025-01-01,"Jan 2025","Single",78.6,"Scss","Share absorbed at completion"
"59932",2025-01-01,"Jan 2025","Semi-Detached",0,"Scss","Share absorbed at completion"
"59932",2025-01-01,"Jan 2025","Row",NA,"Scss","Share absorbed at completion"
"59932",2025-01-01,"Jan 2025","Apartment",NA,"Scss","Share absorbed at completion"
"59932",2025-01-01,"Jan 2025","All",61.1,"Scss","Share absorbed at completion"
"59932",2025-02-01,"Feb 2025","Single",90.9,"Scss","Share absorbed at completion"
"59932",2025-02-01,"Feb 2025","Semi-Detached",NA,"Scss","Share absorbed at completion"
"59932",2025-02-01,"Feb 2025","Row",NA,"Scss","Share absorbed at completion"
"59932",2025-02-01,"Feb 2025","Apartment",NA,"Scss","Share absorbed at completion"
"59932",2025-02-01,"Feb 2025","All",90.9,"Scss","Share absorbed at completion"
"59932",2025-03-01,"Mar 2025","Single",68.8,"Scss","Share absorbed at completion"
"59932",2025-03-01,"Mar 2025","Semi-Detached",0,"Scss","Share absorbed at completion"
"59932",2025-03-01,"Mar 2025","Row",100,"Scss","Share absorbed at completion"
"59932",2025-03-01,"Mar 2025","Apartment",4.8,"Scss","Share absorbed at completion"
"59932",2025-03-01,"Mar 2025","All",24.6,"Scss","Share absorbed at completion"
"59932",2025-04-01,"Apr 2025","Single",60,"Scss","Share absorbed at completion"
"59932",2025-04-01,"Apr 2025","Semi-Detached",NA,"Scss","Share absorbed at completion"
"59932",2025-04-01,"Apr 2025","Row",NA,"Scss","Share absorbed at completion"
"59932",2025-04-01,"Apr 2025","Apartment",NA,"Scss","Share absorbed at completion"
"59932",2025-04-01,"Apr 2025","All",60,"Scss","Share absorbed at completion"
"59932",2025-05-01,"May 2025","Single",50,"Scss","Share absorbed at completion"
"59932",2025-05-01,"May 2025","Semi-Detached",0,"Scss","Share absorbed at completion"
"59932",2025-05-01,"May 2025","Row",NA,"Scss","Share absorbed at completion"
"59932",2025-05-01,"May 2025","Apartment",41.2,"Scss","Share absorbed at completion"
"59932",2025-05-01,"May 2025","All",41,"Scss","Share absorbed at completion"
"59932",2025-06-01,"Jun 2025","Single",82.4,"Scss","Share absorbed at completion"
"59932",2025-06-01,"Jun 2025","Semi-Detached",NA,"Scss","Share absorbed at completion"
"59932",2025-06-01,"Jun 2025","Row",NA,"Scss","Share absorbed at completion"
"59932",2025-06-01,"Jun 2025","Apartment",NA,"Scss","Share absorbed at completion"
"59932",2025-06-01,"Jun 2025","All",82.4,"Scss","Share absorbed at completion"
"59932",2025-07-01,"Jul 2025","Single",88.9,"Scss","Share absorbed at completion"
"59932",2025-07-01,"Jul 2025","Semi-Detached",18.8,"Scss","Share absorbed at completion"
"59932",2025-07-01,"Jul 2025","Row",19,"Scss","Share absorbed at completion"
"59932",2025-07-01,"Jul 2025","Apartment",NA,"Scss","Share absorbed at completion"
"59932",2025-07-01,"Jul 2025","All",41.8,"Scss","Share absorbed at completion"
"59932",2025-08-01,"Aug 2025","Single",80,"Scss","Share absorbed at completion"
"59932",2025-08-01,"Aug 2025","Semi-Detached",0,"Scss","Share absorbed at completion"
"59932",2025-08-01,"Aug 2025","Row",11.5,"Scss","Share absorbed at completion"
"59932",2025-08-01,"Aug 2025","Apartment",NA,"Scss","Share absorbed at completion"
"59932",2025-08-01,"Aug 2025","All",38,"Scss","Share absorbed at completion"
"59932",2025-09-01,"Sep 2025","Single",66.7,"Scss","Share absorbed at completion"
"59932",2025-09-01,"Sep 2025","Semi-Detached",NA,"Scss","Share absorbed at completion"
"59932",2025-09-01,"Sep 2025","Row",37.5,"Scss","Share absorbed at completion"
"59932",2025-09-01,"Sep 2025","Apartment",NA,"Scss","Share absorbed at completion"
"59932",2025-09-01,"Sep 2025","All",45.5,"Scss","Share absorbed at completion"
"59932",2025-10-01,"Oct 2025","Single",68,"Scss","Share absorbed at completion"
"59932",2025-10-01,"Oct 2025","Semi-Detached",16.7,"Scss","Share absorbed at completion"
"59932",2025-10-01,"Oct 2025","Row",10.8,"Scss","Share absorbed at completion"
"59932",2025-10-01,"Oct 2025","Apartment",98.6,"Scss","Share absorbed at completion"
"59932",2025-10-01,"Oct 2025","All",75.2,"Scss","Share absorbed at completion"
"59932",2025-11-01,"Nov 2025","Single",50,"Scss","Share absorbed at completion"
"59932",2025-11-01,"Nov 2025","Semi-Detached",NA,"Scss","Share absorbed at completion"
"59932",2025-11-01,"Nov 2025","Row",NA,"Scss","Share absorbed at completion"
"59932",2025-11-01,"Nov 2025","Apartment",NA,"Scss","Share absorbed at completion"
"59932",2025-11-01,"Nov 2025","All",50,"Scss","Share absorbed at completion"
"59932",2025-12-01,"Dec 2025","Single",68.4,"Scss","Share absorbed at completion"
"59932",2025-12-01,"Dec 2025","Semi-Detached",50,"Scss","Share absorbed at completion"
"59932",2025-12-01,"Dec 2025","Row",57.5,"Scss","Share absorbed at completion"
"59932",2025-12-01,"Dec 2025","Apartment",0,"Scss","Share absorbed at completion"
"59932",2025-12-01,"Dec 2025","All",21.5,"Scss","Share absorbed at completion"
"59932",2026-01-01,"Jan 2026","Single",54.5,"Scss","Share absorbed at completion"
"59932",2026-01-01,"Jan 2026","Semi-Detached",0,"Scss","Share absorbed at completion"
"59932",2026-01-01,"Jan 2026","Row",100,"Scss","Share absorbed at completion"
"59932",2026-01-01,"Jan 2026","Apartment",NA,"Scss","Share absorbed at completion"
"59932",2026-01-01,"Jan 2026","All",34.6,"Scss","Share absorbed at completion"
"59932",2026-02-01,"Feb 2026","Single",87.5,"Scss","Share absorbed at completion"
"59932",2026-02-01,"Feb 2026","Semi-Detached",0,"Scss","Share absorbed at completion"
"59932",2026-02-01,"Feb 2026","Row",0,"Scss","Share absorbed at completion"
"59932",2026-02-01,"Feb 2026","Apartment",NA,"Scss","Share absorbed at completion"
"59932",2026-02-01,"Feb 2026","All",31.8,"Scss","Share absorbed at completion"
