"GeoUID","Date","DateString","Dwelling Type","Value","Survey","Series"
"35541",1990-01-01,"Jan 1990","Single",65.5,"Scss","Share absorbed at completion"
"35541",1990-01-01,"Jan 1990","Semi-Detached",58.3,"Scss","Share absorbed at completion"
"35541",1990-01-01,"Jan 1990","Row",66.7,"Scss","Share absorbed at completion"
"35541",1990-01-01,"Jan 1990","Apartment",NA,"Scss","Share absorbed at completion"
"35541",1990-01-01,"Jan 1990","All",65.2,"Scss","Share absorbed at completion"
"35541",1990-02-01,"Feb 1990","Single",68.5,"Scss","Share absorbed at completion"
"35541",1990-02-01,"Feb 1990","Semi-Detached",NA,"Scss","Share absorbed at completion"
"35541",1990-02-01,"Feb 1990","Row",NA,"Scss","Share absorbed at completion"
"35541",1990-02-01,"Feb 1990","Apartment",NA,"Scss","Share absorbed at completion"
"35541",1990-02-01,"Feb 1990","All",68.5,"Scss","Share absorbed at completion"
"35541",1990-03-01,"Mar 1990","Single",58.7,"Scss","Share absorbed at completion"
"35541",1990-03-01,"Mar 1990","Semi-Detached",NA,"Scss","Share absorbed at completion"
"35541",1990-03-01,"Mar 1990","Row",79.5,"Scss","Share absorbed at completion"
"35541",1990-03-01,"Mar 1990","Apartment",NA,"Scss","Share absorbed at completion"
"35541",1990-03-01,"Mar 1990","All",66.7,"Scss","Share absorbed at completion"
"35541",1990-04-01,"Apr 1990","Single",50,"Scss","Share absorbed at completion"
"35541",1990-04-01,"Apr 1990","Semi-Detached",33.3,"Scss","Share absorbed at completion"
"35541",1990-04-01,"Apr 1990","Row",100,"Scss","Share absorbed at completion"
"35541",1990-04-01,"Apr 1990","Apartment",66,"Scss","Share absorbed at completion"
"35541",1990-04-01,"Apr 1990","All",66.8,"Scss","Share absorbed at completion"
"35541",1990-05-01,"May 1990","Single",52.3,"Scss","Share absorbed at completion"
"35541",1990-05-01,"May 1990","Semi-Detached",50,"Scss","Share absorbed at completion"
"35541",1990-05-01,"May 1990","Row",NA,"Scss","Share absorbed at completion"
"35541",1990-05-01,"May 1990","Apartment",NA,"Scss","Share absorbed at completion"
"35541",1990-05-01,"May 1990","All",51.4,"Scss","Share absorbed at completion"
"35541",1990-06-01,"Jun 1990","Single",60.7,"Scss","Share absorbed at completion"
"35541",1990-06-01,"Jun 1990","Semi-Detached",29.4,"Scss","Share absorbed at completion"
"35541",1990-06-01,"Jun 1990","Row",0,"Scss","Share absorbed at completion"
"35541",1990-06-01,"Jun 1990","Apartment",NA,"Scss","Share absorbed at completion"
"35541",1990-06-01,"Jun 1990","All",50,"Scss","Share absorbed at completion"
"35541",1990-07-01,"Jul 1990","Single",72.5,"Scss","Share absorbed at completion"
"35541",1990-07-01,"Jul 1990","Semi-Detached",72.2,"Scss","Share absorbed at completion"
"35541",1990-07-01,"Jul 1990","Row",33.3,"Scss","Share absorbed at completion"
"35541",1990-07-01,"Jul 1990","Apartment",48.1,"Scss","Share absorbed at completion"
"35541",1990-07-01,"Jul 1990","All",56.8,"Scss","Share absorbed at completion"
"35541",1990-08-01,"Aug 1990","Single",76.7,"Scss","Share absorbed at completion"
"35541",1990-08-01,"Aug 1990","Semi-Detached",53.4,"Scss","Share absorbed at completion"
"35541",1990-08-01,"Aug 1990","Row",50,"Scss","Share absorbed at completion"
"35541",1990-08-01,"Aug 1990","Apartment",12.5,"Scss","Share absorbed at completion"
"35541",1990-08-01,"Aug 1990","All",59.4,"Scss","Share absorbed at completion"
"35541",1990-09-01,"Sep 1990","Single",56.7,"Scss","Share absorbed at completion"
"35541",1990-09-01,"Sep 1990","Semi-Detached",36.4,"Scss","Share absorbed at completion"
"35541",1990-09-01,"Sep 1990","Row",NA,"Scss","Share absorbed at completion"
"35541",1990-09-01,"Sep 1990","Apartment",NA,"Scss","Share absorbed at completion"
"35541",1990-09-01,"Sep 1990","All",51.5,"Scss","Share absorbed at completion"
"35541",1990-10-01,"Oct 1990","Single",54.7,"Scss","Share absorbed at completion"
"35541",1990-10-01,"Oct 1990","Semi-Detached",56.3,"Scss","Share absorbed at completion"
"35541",1990-10-01,"Oct 1990","Row",52,"Scss","Share absorbed at completion"
"35541",1990-10-01,"Oct 1990","Apartment",18.3,"Scss","Share absorbed at completion"
"35541",1990-10-01,"Oct 1990","All",48,"Scss","Share absorbed at completion"
"35541",1990-11-01,"Nov 1990","Single",63.6,"Scss","Share absorbed at completion"
"35541",1990-11-01,"Nov 1990","Semi-Detached",61.5,"Scss","Share absorbed at completion"
"35541",1990-11-01,"Nov 1990","Row",35.9,"Scss","Share absorbed at completion"
"35541",1990-11-01,"Nov 1990","Apartment",NA,"Scss","Share absorbed at completion"
"35541",1990-11-01,"Nov 1990","All",54.5,"Scss","Share absorbed at completion"
"35541",1990-12-01,"Dec 1990","Single",66.7,"Scss","Share absorbed at completion"
"35541",1990-12-01,"Dec 1990","Semi-Detached",66.7,"Scss","Share absorbed at completion"
"35541",1990-12-01,"Dec 1990","Row",NA,"Scss","Share absorbed at completion"
"35541",1990-12-01,"Dec 1990","Apartment",NA,"Scss","Share absorbed at completion"
"35541",1990-12-01,"Dec 1990","All",66.7,"Scss","Share absorbed at completion"
"35541",1991-01-01,"Jan 1991","Single",69.4,"Scss","Share absorbed at completion"
"35541",1991-01-01,"Jan 1991","Semi-Detached",62.5,"Scss","Share absorbed at completion"
"35541",1991-01-01,"Jan 1991","Row",100,"Scss","Share absorbed at completion"
"35541",1991-01-01,"Jan 1991","Apartment",NA,"Scss","Share absorbed at completion"
"35541",1991-01-01,"Jan 1991","All",71,"Scss","Share absorbed at completion"
"35541",1991-02-01,"Feb 1991","Single",76.2,"Scss","Share absorbed at completion"
"35541",1991-02-01,"Feb 1991","Semi-Detached",50,"Scss","Share absorbed at completion"
"35541",1991-02-01,"Feb 1991","Row",NA,"Scss","Share absorbed at completion"
"35541",1991-02-01,"Feb 1991","Apartment",NA,"Scss","Share absorbed at completion"
"35541",1991-02-01,"Feb 1991","All",63.4,"Scss","Share absorbed at completion"
"35541",1991-03-01,"Mar 1991","Single",66.7,"Scss","Share absorbed at completion"
"35541",1991-03-01,"Mar 1991","Semi-Detached",50,"Scss","Share absorbed at completion"
"35541",1991-03-01,"Mar 1991","Row",87,"Scss","Share absorbed at completion"
"35541",1991-03-01,"Mar 1991","Apartment",43,"Scss","Share absorbed at completion"
"35541",1991-03-01,"Mar 1991","All",49.8,"Scss","Share absorbed at completion"
"35541",1991-04-01,"Apr 1991","Single",72.7,"Scss","Share absorbed at completion"
"35541",1991-04-01,"Apr 1991","Semi-Detached",50,"Scss","Share absorbed at completion"
"35541",1991-04-01,"Apr 1991","Row",6.3,"Scss","Share absorbed at completion"
"35541",1991-04-01,"Apr 1991","Apartment",NA,"Scss","Share absorbed at completion"
"35541",1991-04-01,"Apr 1991","All",38.5,"Scss","Share absorbed at completion"
"35541",1991-05-01,"May 1991","Single",84.2,"Scss","Share absorbed at completion"
"35541",1991-05-01,"May 1991","Semi-Detached",58.3,"Scss","Share absorbed at completion"
"35541",1991-05-01,"May 1991","Row",50,"Scss","Share absorbed at completion"
"35541",1991-05-01,"May 1991","Apartment",NA,"Scss","Share absorbed at completion"
"35541",1991-05-01,"May 1991","All",75.9,"Scss","Share absorbed at completion"
"35541",1991-06-01,"Jun 1991","Single",69.1,"Scss","Share absorbed at completion"
"35541",1991-06-01,"Jun 1991","Semi-Detached",75,"Scss","Share absorbed at completion"
"35541",1991-06-01,"Jun 1991","Row",NA,"Scss","Share absorbed at completion"
"35541",1991-06-01,"Jun 1991","Apartment",NA,"Scss","Share absorbed at completion"
"35541",1991-06-01,"Jun 1991","All",71.1,"Scss","Share absorbed at completion"
"35541",1991-07-01,"Jul 1991","Single",68.9,"Scss","Share absorbed at completion"
"35541",1991-07-01,"Jul 1991","Semi-Detached",60,"Scss","Share absorbed at completion"
"35541",1991-07-01,"Jul 1991","Row",NA,"Scss","Share absorbed at completion"
"35541",1991-07-01,"Jul 1991","Apartment",NA,"Scss","Share absorbed at completion"
"35541",1991-07-01,"Jul 1991","All",66.3,"Scss","Share absorbed at completion"
"35541",1991-08-01,"Aug 1991","Single",65.8,"Scss","Share absorbed at completion"
"35541",1991-08-01,"Aug 1991","Semi-Detached",50,"Scss","Share absorbed at completion"
"35541",1991-08-01,"Aug 1991","Row",100,"Scss","Share absorbed at completion"
"35541",1991-08-01,"Aug 1991","Apartment",88.9,"Scss","Share absorbed at completion"
"35541",1991-08-01,"Aug 1991","All",69.2,"Scss","Share absorbed at completion"
"35541",1991-09-01,"Sep 1991","Single",78,"Scss","Share absorbed at completion"
"35541",1991-09-01,"Sep 1991","Semi-Detached",65.4,"Scss","Share absorbed at completion"
"35541",1991-09-01,"Sep 1991","Row",25,"Scss","Share absorbed at completion"
"35541",1991-09-01,"Sep 1991","Apartment",10.7,"Scss","Share absorbed at completion"
"35541",1991-09-01,"Sep 1991","All",43.5,"Scss","Share absorbed at completion"
"35541",1991-10-01,"Oct 1991","Single",62.2,"Scss","Share absorbed at completion"
"35541",1991-10-01,"Oct 1991","Semi-Detached",44.8,"Scss","Share absorbed at completion"
"35541",1991-10-01,"Oct 1991","Row",NA,"Scss","Share absorbed at completion"
"35541",1991-10-01,"Oct 1991","Apartment",NA,"Scss","Share absorbed at completion"
"35541",1991-10-01,"Oct 1991","All",54.5,"Scss","Share absorbed at completion"
"35541",1991-11-01,"Nov 1991","Single",57.1,"Scss","Share absorbed at completion"
"35541",1991-11-01,"Nov 1991","Semi-Detached",40.5,"Scss","Share absorbed at completion"
"35541",1991-11-01,"Nov 1991","Row",42.9,"Scss","Share absorbed at completion"
"35541",1991-11-01,"Nov 1991","Apartment",NA,"Scss","Share absorbed at completion"
"35541",1991-11-01,"Nov 1991","All",48.6,"Scss","Share absorbed at completion"
"35541",1991-12-01,"Dec 1991","Single",78.4,"Scss","Share absorbed at completion"
"35541",1991-12-01,"Dec 1991","Semi-Detached",71.7,"Scss","Share absorbed at completion"
"35541",1991-12-01,"Dec 1991","Row",33.3,"Scss","Share absorbed at completion"
"35541",1991-12-01,"Dec 1991","Apartment",NA,"Scss","Share absorbed at completion"
"35541",1991-12-01,"Dec 1991","All",65.4,"Scss","Share absorbed at completion"
"35541",1992-01-01,"Jan 1992","Single",67.9,"Scss","Share absorbed at completion"
"35541",1992-01-01,"Jan 1992","Semi-Detached",80,"Scss","Share absorbed at completion"
"35541",1992-01-01,"Jan 1992","Row",60,"Scss","Share absorbed at completion"
"35541",1992-01-01,"Jan 1992","Apartment",NA,"Scss","Share absorbed at completion"
"35541",1992-01-01,"Jan 1992","All",68.4,"Scss","Share absorbed at completion"
"35541",1992-02-01,"Feb 1992","Single",58.1,"Scss","Share absorbed at completion"
"35541",1992-02-01,"Feb 1992","Semi-Detached",37.5,"Scss","Share absorbed at completion"
"35541",1992-02-01,"Feb 1992","Row",NA,"Scss","Share absorbed at completion"
"35541",1992-02-01,"Feb 1992","Apartment",NA,"Scss","Share absorbed at completion"
"35541",1992-02-01,"Feb 1992","All",53.8,"Scss","Share absorbed at completion"
"35541",1992-03-01,"Mar 1992","Single",62.1,"Scss","Share absorbed at completion"
"35541",1992-03-01,"Mar 1992","Semi-Detached",83.3,"Scss","Share absorbed at completion"
"35541",1992-03-01,"Mar 1992","Row",61.9,"Scss","Share absorbed at completion"
"35541",1992-03-01,"Mar 1992","Apartment",0,"Scss","Share absorbed at completion"
"35541",1992-03-01,"Mar 1992","All",36.6,"Scss","Share absorbed at completion"
"35541",1992-04-01,"Apr 1992","Single",62.5,"Scss","Share absorbed at completion"
"35541",1992-04-01,"Apr 1992","Semi-Detached",72.2,"Scss","Share absorbed at completion"
"35541",1992-04-01,"Apr 1992","Row",NA,"Scss","Share absorbed at completion"
"35541",1992-04-01,"Apr 1992","Apartment",NA,"Scss","Share absorbed at completion"
"35541",1992-04-01,"Apr 1992","All",65.5,"Scss","Share absorbed at completion"
"35541",1992-05-01,"May 1992","Single",75,"Scss","Share absorbed at completion"
"35541",1992-05-01,"May 1992","Semi-Detached",43.8,"Scss","Share absorbed at completion"
"35541",1992-05-01,"May 1992","Row",83.3,"Scss","Share absorbed at completion"
"35541",1992-05-01,"May 1992","Apartment",NA,"Scss","Share absorbed at completion"
"35541",1992-05-01,"May 1992","All",69.2,"Scss","Share absorbed at completion"
"35541",1992-06-01,"Jun 1992","Single",72,"Scss","Share absorbed at completion"
"35541",1992-06-01,"Jun 1992","Semi-Detached",59.1,"Scss","Share absorbed at completion"
"35541",1992-06-01,"Jun 1992","Row",72.7,"Scss","Share absorbed at completion"
"35541",1992-06-01,"Jun 1992","Apartment",NA,"Scss","Share absorbed at completion"
"35541",1992-06-01,"Jun 1992","All",67.9,"Scss","Share absorbed at completion"
"35541",1992-07-01,"Jul 1992","Single",77.3,"Scss","Share absorbed at completion"
"35541",1992-07-01,"Jul 1992","Semi-Detached",58.1,"Scss","Share absorbed at completion"
"35541",1992-07-01,"Jul 1992","Row",100,"Scss","Share absorbed at completion"
"35541",1992-07-01,"Jul 1992","Apartment",NA,"Scss","Share absorbed at completion"
"35541",1992-07-01,"Jul 1992","All",70.6,"Scss","Share absorbed at completion"
"35541",1992-08-01,"Aug 1992","Single",70.9,"Scss","Share absorbed at completion"
"35541",1992-08-01,"Aug 1992","Semi-Detached",53.6,"Scss","Share absorbed at completion"
"35541",1992-08-01,"Aug 1992","Row",50,"Scss","Share absorbed at completion"
"35541",1992-08-01,"Aug 1992","Apartment",37.5,"Scss","Share absorbed at completion"
"35541",1992-08-01,"Aug 1992","All",59.6,"Scss","Share absorbed at completion"
"35541",1992-09-01,"Sep 1992","Single",93.2,"Scss","Share absorbed at completion"
"35541",1992-09-01,"Sep 1992","Semi-Detached",73.5,"Scss","Share absorbed at completion"
"35541",1992-09-01,"Sep 1992","Row",NA,"Scss","Share absorbed at completion"
"35541",1992-09-01,"Sep 1992","Apartment",NA,"Scss","Share absorbed at completion"
"35541",1992-09-01,"Sep 1992","All",91.1,"Scss","Share absorbed at completion"
"35541",1992-10-01,"Oct 1992","Single",75.9,"Scss","Share absorbed at completion"
"35541",1992-10-01,"Oct 1992","Semi-Detached",66.7,"Scss","Share absorbed at completion"
"35541",1992-10-01,"Oct 1992","Row",78.6,"Scss","Share absorbed at completion"
"35541",1992-10-01,"Oct 1992","Apartment",NA,"Scss","Share absorbed at completion"
"35541",1992-10-01,"Oct 1992","All",74.6,"Scss","Share absorbed at completion"
"35541",1992-11-01,"Nov 1992","Single",70.8,"Scss","Share absorbed at completion"
"35541",1992-11-01,"Nov 1992","Semi-Detached",42.9,"Scss","Share absorbed at completion"
"35541",1992-11-01,"Nov 1992","Row",46.4,"Scss","Share absorbed at completion"
"35541",1992-11-01,"Nov 1992","Apartment",NA,"Scss","Share absorbed at completion"
"35541",1992-11-01,"Nov 1992","All",59.4,"Scss","Share absorbed at completion"
"35541",1992-12-01,"Dec 1992","Single",84.3,"Scss","Share absorbed at completion"
"35541",1992-12-01,"Dec 1992","Semi-Detached",61.5,"Scss","Share absorbed at completion"
"35541",1992-12-01,"Dec 1992","Row",NA,"Scss","Share absorbed at completion"
"35541",1992-12-01,"Dec 1992","Apartment",NA,"Scss","Share absorbed at completion"
"35541",1992-12-01,"Dec 1992","All",80.3,"Scss","Share absorbed at completion"
"35541",1993-01-01,"Jan 1993","Single",75,"Scss","Share absorbed at completion"
"35541",1993-01-01,"Jan 1993","Semi-Detached",43.8,"Scss","Share absorbed at completion"
"35541",1993-01-01,"Jan 1993","Row",NA,"Scss","Share absorbed at completion"
"35541",1993-01-01,"Jan 1993","Apartment",53.9,"Scss","Share absorbed at completion"
"35541",1993-01-01,"Jan 1993","All",60.3,"Scss","Share absorbed at completion"
"35541",1993-02-01,"Feb 1993","Single",80.5,"Scss","Share absorbed at completion"
"35541",1993-02-01,"Feb 1993","Semi-Detached",87.5,"Scss","Share absorbed at completion"
"35541",1993-02-01,"Feb 1993","Row",NA,"Scss","Share absorbed at completion"
"35541",1993-02-01,"Feb 1993","Apartment",NA,"Scss","Share absorbed at completion"
"35541",1993-02-01,"Feb 1993","All",81.7,"Scss","Share absorbed at completion"
"35541",1993-03-01,"Mar 1993","Single",83.3,"Scss","Share absorbed at completion"
"35541",1993-03-01,"Mar 1993","Semi-Detached",66.7,"Scss","Share absorbed at completion"
"35541",1993-03-01,"Mar 1993","Row",NA,"Scss","Share absorbed at completion"
"35541",1993-03-01,"Mar 1993","Apartment",NA,"Scss","Share absorbed at completion"
"35541",1993-03-01,"Mar 1993","All",79.2,"Scss","Share absorbed at completion"
"35541",1993-04-01,"Apr 1993","Single",83.6,"Scss","Share absorbed at completion"
"35541",1993-04-01,"Apr 1993","Semi-Detached",57.1,"Scss","Share absorbed at completion"
"35541",1993-04-01,"Apr 1993","Row",100,"Scss","Share absorbed at completion"
"35541",1993-04-01,"Apr 1993","Apartment",NA,"Scss","Share absorbed at completion"
"35541",1993-04-01,"Apr 1993","All",84.2,"Scss","Share absorbed at completion"
"35541",1993-05-01,"May 1993","Single",72.4,"Scss","Share absorbed at completion"
"35541",1993-05-01,"May 1993","Semi-Detached",42.9,"Scss","Share absorbed at completion"
"35541",1993-05-01,"May 1993","Row",NA,"Scss","Share absorbed at completion"
"35541",1993-05-01,"May 1993","Apartment",NA,"Scss","Share absorbed at completion"
"35541",1993-05-01,"May 1993","All",68.3,"Scss","Share absorbed at completion"
"35541",1993-06-01,"Jun 1993","Single",56.5,"Scss","Share absorbed at completion"
"35541",1993-06-01,"Jun 1993","Semi-Detached",31.3,"Scss","Share absorbed at completion"
"35541",1993-06-01,"Jun 1993","Row",NA,"Scss","Share absorbed at completion"
"35541",1993-06-01,"Jun 1993","Apartment",NA,"Scss","Share absorbed at completion"
"35541",1993-06-01,"Jun 1993","All",51.3,"Scss","Share absorbed at completion"
"35541",1993-07-01,"Jul 1993","Single",77.1,"Scss","Share absorbed at completion"
"35541",1993-07-01,"Jul 1993","Semi-Detached",70,"Scss","Share absorbed at completion"
"35541",1993-07-01,"Jul 1993","Row",23.1,"Scss","Share absorbed at completion"
"35541",1993-07-01,"Jul 1993","Apartment",NA,"Scss","Share absorbed at completion"
"35541",1993-07-01,"Jul 1993","All",72.4,"Scss","Share absorbed at completion"
"35541",1993-08-01,"Aug 1993","Single",77.9,"Scss","Share absorbed at completion"
"35541",1993-08-01,"Aug 1993","Semi-Detached",66.7,"Scss","Share absorbed at completion"
"35541",1993-08-01,"Aug 1993","Row",75,"Scss","Share absorbed at completion"
"35541",1993-08-01,"Aug 1993","Apartment",NA,"Scss","Share absorbed at completion"
"35541",1993-08-01,"Aug 1993","All",76.3,"Scss","Share absorbed at completion"
"35541",1993-09-01,"Sep 1993","Single",74.8,"Scss","Share absorbed at completion"
"35541",1993-09-01,"Sep 1993","Semi-Detached",66.7,"Scss","Share absorbed at completion"
"35541",1993-09-01,"Sep 1993","Row",75.7,"Scss","Share absorbed at completion"
"35541",1993-09-01,"Sep 1993","Apartment",NA,"Scss","Share absorbed at completion"
"35541",1993-09-01,"Sep 1993","All",74.5,"Scss","Share absorbed at completion"
"35541",1993-10-01,"Oct 1993","Single",66.3,"Scss","Share absorbed at completion"
"35541",1993-10-01,"Oct 1993","Semi-Detached",0,"Scss","Share absorbed at completion"
"35541",1993-10-01,"Oct 1993","Row",NA,"Scss","Share absorbed at completion"
"35541",1993-10-01,"Oct 1993","Apartment",NA,"Scss","Share absorbed at completion"
"35541",1993-10-01,"Oct 1993","All",59.6,"Scss","Share absorbed at completion"
"35541",1993-11-01,"Nov 1993","Single",75.6,"Scss","Share absorbed at completion"
"35541",1993-11-01,"Nov 1993","Semi-Detached",40,"Scss","Share absorbed at completion"
"35541",1993-11-01,"Nov 1993","Row",64,"Scss","Share absorbed at completion"
"35541",1993-11-01,"Nov 1993","Apartment",NA,"Scss","Share absorbed at completion"
"35541",1993-11-01,"Nov 1993","All",70.4,"Scss","Share absorbed at completion"
"35541",1993-12-01,"Dec 1993","Single",80.4,"Scss","Share absorbed at completion"
"35541",1993-12-01,"Dec 1993","Semi-Detached",66.7,"Scss","Share absorbed at completion"
"35541",1993-12-01,"Dec 1993","Row",100,"Scss","Share absorbed at completion"
"35541",1993-12-01,"Dec 1993","Apartment",NA,"Scss","Share absorbed at completion"
"35541",1993-12-01,"Dec 1993","All",80.7,"Scss","Share absorbed at completion"
"35541",1994-01-01,"Jan 1994","Single",45.2,"Scss","Share absorbed at completion"
"35541",1994-01-01,"Jan 1994","Semi-Detached",100,"Scss","Share absorbed at completion"
"35541",1994-01-01,"Jan 1994","Row",NA,"Scss","Share absorbed at completion"
"35541",1994-01-01,"Jan 1994","Apartment",NA,"Scss","Share absorbed at completion"
"35541",1994-01-01,"Jan 1994","All",47.7,"Scss","Share absorbed at completion"
"35541",1994-02-01,"Feb 1994","Single",65,"Scss","Share absorbed at completion"
"35541",1994-02-01,"Feb 1994","Semi-Detached",70,"Scss","Share absorbed at completion"
"35541",1994-02-01,"Feb 1994","Row",85,"Scss","Share absorbed at completion"
"35541",1994-02-01,"Feb 1994","Apartment",NA,"Scss","Share absorbed at completion"
"35541",1994-02-01,"Feb 1994","All",71.4,"Scss","Share absorbed at completion"
"35541",1994-03-01,"Mar 1994","Single",69.1,"Scss","Share absorbed at completion"
"35541",1994-03-01,"Mar 1994","Semi-Detached",57.1,"Scss","Share absorbed at completion"
"35541",1994-03-01,"Mar 1994","Row",67.4,"Scss","Share absorbed at completion"
"35541",1994-03-01,"Mar 1994","Apartment",45.5,"Scss","Share absorbed at completion"
"35541",1994-03-01,"Mar 1994","All",65.1,"Scss","Share absorbed at completion"
"35541",1994-04-01,"Apr 1994","Single",85.7,"Scss","Share absorbed at completion"
"35541",1994-04-01,"Apr 1994","Semi-Detached",60,"Scss","Share absorbed at completion"
"35541",1994-04-01,"Apr 1994","Row",63.6,"Scss","Share absorbed at completion"
"35541",1994-04-01,"Apr 1994","Apartment",NA,"Scss","Share absorbed at completion"
"35541",1994-04-01,"Apr 1994","All",79.2,"Scss","Share absorbed at completion"
"35541",1994-05-01,"May 1994","Single",89.4,"Scss","Share absorbed at completion"
"35541",1994-05-01,"May 1994","Semi-Detached",85,"Scss","Share absorbed at completion"
"35541",1994-05-01,"May 1994","Row",67.6,"Scss","Share absorbed at completion"
"35541",1994-05-01,"May 1994","Apartment",NA,"Scss","Share absorbed at completion"
"35541",1994-05-01,"May 1994","All",82.5,"Scss","Share absorbed at completion"
"35541",1994-06-01,"Jun 1994","Single",86.1,"Scss","Share absorbed at completion"
"35541",1994-06-01,"Jun 1994","Semi-Detached",83.3,"Scss","Share absorbed at completion"
"35541",1994-06-01,"Jun 1994","Row",NA,"Scss","Share absorbed at completion"
"35541",1994-06-01,"Jun 1994","Apartment",NA,"Scss","Share absorbed at completion"
"35541",1994-06-01,"Jun 1994","All",85.6,"Scss","Share absorbed at completion"
"35541",1994-07-01,"Jul 1994","Single",85.2,"Scss","Share absorbed at completion"
"35541",1994-07-01,"Jul 1994","Semi-Detached",60,"Scss","Share absorbed at completion"
"35541",1994-07-01,"Jul 1994","Row",100,"Scss","Share absorbed at completion"
"35541",1994-07-01,"Jul 1994","Apartment",75,"Scss","Share absorbed at completion"
"35541",1994-07-01,"Jul 1994","All",81.1,"Scss","Share absorbed at completion"
"35541",1994-08-01,"Aug 1994","Single",85.3,"Scss","Share absorbed at completion"
"35541",1994-08-01,"Aug 1994","Semi-Detached",58.9,"Scss","Share absorbed at completion"
"35541",1994-08-01,"Aug 1994","Row",NA,"Scss","Share absorbed at completion"
"35541",1994-08-01,"Aug 1994","Apartment",NA,"Scss","Share absorbed at completion"
"35541",1994-08-01,"Aug 1994","All",79.4,"Scss","Share absorbed at completion"
"35541",1994-09-01,"Sep 1994","Single",67.1,"Scss","Share absorbed at completion"
"35541",1994-09-01,"Sep 1994","Semi-Detached",100,"Scss","Share absorbed at completion"
"35541",1994-09-01,"Sep 1994","Row",NA,"Scss","Share absorbed at completion"
"35541",1994-09-01,"Sep 1994","Apartment",33.3,"Scss","Share absorbed at completion"
"35541",1994-09-01,"Sep 1994","All",64,"Scss","Share absorbed at completion"
"35541",1994-10-01,"Oct 1994","Single",87.8,"Scss","Share absorbed at completion"
"35541",1994-10-01,"Oct 1994","Semi-Detached",72.7,"Scss","Share absorbed at completion"
"35541",1994-10-01,"Oct 1994","Row",77.8,"Scss","Share absorbed at completion"
"35541",1994-10-01,"Oct 1994","Apartment",NA,"Scss","Share absorbed at completion"
"35541",1994-10-01,"Oct 1994","All",84.8,"Scss","Share absorbed at completion"
"35541",1994-11-01,"Nov 1994","Single",68.9,"Scss","Share absorbed at completion"
"35541",1994-11-01,"Nov 1994","Semi-Detached",64.3,"Scss","Share absorbed at completion"
"35541",1994-11-01,"Nov 1994","Row",52,"Scss","Share absorbed at completion"
"35541",1994-11-01,"Nov 1994","Apartment",NA,"Scss","Share absorbed at completion"
"35541",1994-11-01,"Nov 1994","All",64.6,"Scss","Share absorbed at completion"
"35541",1994-12-01,"Dec 1994","Single",86.9,"Scss","Share absorbed at completion"
"35541",1994-12-01,"Dec 1994","Semi-Detached",45,"Scss","Share absorbed at completion"
"35541",1994-12-01,"Dec 1994","Row",45.5,"Scss","Share absorbed at completion"
"35541",1994-12-01,"Dec 1994","Apartment",NA,"Scss","Share absorbed at completion"
"35541",1994-12-01,"Dec 1994","All",72.8,"Scss","Share absorbed at completion"
"35541",1995-01-01,"Jan 1995","Single",52.2,"Scss","Share absorbed at completion"
"35541",1995-01-01,"Jan 1995","Semi-Detached",70,"Scss","Share absorbed at completion"
"35541",1995-01-01,"Jan 1995","Row",62.9,"Scss","Share absorbed at completion"
"35541",1995-01-01,"Jan 1995","Apartment",NA,"Scss","Share absorbed at completion"
"35541",1995-01-01,"Jan 1995","All",58.2,"Scss","Share absorbed at completion"
"35541",1995-02-01,"Feb 1995","Single",69.4,"Scss","Share absorbed at completion"
"35541",1995-02-01,"Feb 1995","Semi-Detached",25,"Scss","Share absorbed at completion"
"35541",1995-02-01,"Feb 1995","Row",58.8,"Scss","Share absorbed at completion"
"35541",1995-02-01,"Feb 1995","Apartment",NA,"Scss","Share absorbed at completion"
"35541",1995-02-01,"Feb 1995","All",58.4,"Scss","Share absorbed at completion"
"35541",1995-03-01,"Mar 1995","Single",67.4,"Scss","Share absorbed at completion"
"35541",1995-03-01,"Mar 1995","Semi-Detached",88.9,"Scss","Share absorbed at completion"
"35541",1995-03-01,"Mar 1995","Row",60,"Scss","Share absorbed at completion"
"35541",1995-03-01,"Mar 1995","Apartment",NA,"Scss","Share absorbed at completion"
"35541",1995-03-01,"Mar 1995","All",70.4,"Scss","Share absorbed at completion"
"35541",1995-04-01,"Apr 1995","Single",51.8,"Scss","Share absorbed at completion"
"35541",1995-04-01,"Apr 1995","Semi-Detached",25,"Scss","Share absorbed at completion"
"35541",1995-04-01,"Apr 1995","Row",88.5,"Scss","Share absorbed at completion"
"35541",1995-04-01,"Apr 1995","Apartment",NA,"Scss","Share absorbed at completion"
"35541",1995-04-01,"Apr 1995","All",58.5,"Scss","Share absorbed at completion"
"35541",1995-05-01,"May 1995","Single",58,"Scss","Share absorbed at completion"
"35541",1995-05-01,"May 1995","Semi-Detached",55,"Scss","Share absorbed at completion"
"35541",1995-05-01,"May 1995","Row",60,"Scss","Share absorbed at completion"
"35541",1995-05-01,"May 1995","Apartment",NA,"Scss","Share absorbed at completion"
"35541",1995-05-01,"May 1995","All",57.5,"Scss","Share absorbed at completion"
"35541",1995-06-01,"Jun 1995","Single",66.2,"Scss","Share absorbed at completion"
"35541",1995-06-01,"Jun 1995","Semi-Detached",50,"Scss","Share absorbed at completion"
"35541",1995-06-01,"Jun 1995","Row",NA,"Scss","Share absorbed at completion"
"35541",1995-06-01,"Jun 1995","Apartment",NA,"Scss","Share absorbed at completion"
"35541",1995-06-01,"Jun 1995","All",64,"Scss","Share absorbed at completion"
"35541",1995-07-01,"Jul 1995","Single",76,"Scss","Share absorbed at completion"
"35541",1995-07-01,"Jul 1995","Semi-Detached",71.4,"Scss","Share absorbed at completion"
"35541",1995-07-01,"Jul 1995","Row",73.3,"Scss","Share absorbed at completion"
"35541",1995-07-01,"Jul 1995","Apartment",NA,"Scss","Share absorbed at completion"
"35541",1995-07-01,"Jul 1995","All",75,"Scss","Share absorbed at completion"
"35541",1995-08-01,"Aug 1995","Single",88.1,"Scss","Share absorbed at completion"
"35541",1995-08-01,"Aug 1995","Semi-Detached",75,"Scss","Share absorbed at completion"
"35541",1995-08-01,"Aug 1995","Row",71.8,"Scss","Share absorbed at completion"
"35541",1995-08-01,"Aug 1995","Apartment",NA,"Scss","Share absorbed at completion"
"35541",1995-08-01,"Aug 1995","All",81.4,"Scss","Share absorbed at completion"
"35541",1995-09-01,"Sep 1995","Single",69.6,"Scss","Share absorbed at completion"
"35541",1995-09-01,"Sep 1995","Semi-Detached",73.1,"Scss","Share absorbed at completion"
"35541",1995-09-01,"Sep 1995","Row",NA,"Scss","Share absorbed at completion"
"35541",1995-09-01,"Sep 1995","Apartment",NA,"Scss","Share absorbed at completion"
"35541",1995-09-01,"Sep 1995","All",70.3,"Scss","Share absorbed at completion"
"35541",1995-10-01,"Oct 1995","Single",80.6,"Scss","Share absorbed at completion"
"35541",1995-10-01,"Oct 1995","Semi-Detached",50,"Scss","Share absorbed at completion"
"35541",1995-10-01,"Oct 1995","Row",60,"Scss","Share absorbed at completion"
"35541",1995-10-01,"Oct 1995","Apartment",NA,"Scss","Share absorbed at completion"
"35541",1995-10-01,"Oct 1995","All",76.5,"Scss","Share absorbed at completion"
"35541",1995-11-01,"Nov 1995","Single",80.2,"Scss","Share absorbed at completion"
"35541",1995-11-01,"Nov 1995","Semi-Detached",16.7,"Scss","Share absorbed at completion"
"35541",1995-11-01,"Nov 1995","Row",83.3,"Scss","Share absorbed at completion"
"35541",1995-11-01,"Nov 1995","Apartment",NA,"Scss","Share absorbed at completion"
"35541",1995-11-01,"Nov 1995","All",76.3,"Scss","Share absorbed at completion"
"35541",1995-12-01,"Dec 1995","Single",81.4,"Scss","Share absorbed at completion"
"35541",1995-12-01,"Dec 1995","Semi-Detached",57.1,"Scss","Share absorbed at completion"
"35541",1995-12-01,"Dec 1995","Row",85.7,"Scss","Share absorbed at completion"
"35541",1995-12-01,"Dec 1995","Apartment",NA,"Scss","Share absorbed at completion"
"35541",1995-12-01,"Dec 1995","All",78,"Scss","Share absorbed at completion"
"35541",1996-01-01,"Jan 1996","Single",68.3,"Scss","Share absorbed at completion"
"35541",1996-01-01,"Jan 1996","Semi-Detached",50,"Scss","Share absorbed at completion"
"35541",1996-01-01,"Jan 1996","Row",86.2,"Scss","Share absorbed at completion"
"35541",1996-01-01,"Jan 1996","Apartment",33.3,"Scss","Share absorbed at completion"
"35541",1996-01-01,"Jan 1996","All",65.6,"Scss","Share absorbed at completion"
"35541",1996-02-01,"Feb 1996","Single",73.2,"Scss","Share absorbed at completion"
"35541",1996-02-01,"Feb 1996","Semi-Detached",50,"Scss","Share absorbed at completion"
"35541",1996-02-01,"Feb 1996","Row",100,"Scss","Share absorbed at completion"
"35541",1996-02-01,"Feb 1996","Apartment",NA,"Scss","Share absorbed at completion"
"35541",1996-02-01,"Feb 1996","All",75.4,"Scss","Share absorbed at completion"
"35541",1996-03-01,"Mar 1996","Single",52.8,"Scss","Share absorbed at completion"
"35541",1996-03-01,"Mar 1996","Semi-Detached",75,"Scss","Share absorbed at completion"
"35541",1996-03-01,"Mar 1996","Row",100,"Scss","Share absorbed at completion"
"35541",1996-03-01,"Mar 1996","Apartment",NA,"Scss","Share absorbed at completion"
"35541",1996-03-01,"Mar 1996","All",57.4,"Scss","Share absorbed at completion"
"35541",1996-04-01,"Apr 1996","Single",74.6,"Scss","Share absorbed at completion"
"35541",1996-04-01,"Apr 1996","Semi-Detached",83.3,"Scss","Share absorbed at completion"
"35541",1996-04-01,"Apr 1996","Row",66.7,"Scss","Share absorbed at completion"
"35541",1996-04-01,"Apr 1996","Apartment",NA,"Scss","Share absorbed at completion"
"35541",1996-04-01,"Apr 1996","All",73.3,"Scss","Share absorbed at completion"
"35541",1996-05-01,"May 1996","Single",69.4,"Scss","Share absorbed at completion"
"35541",1996-05-01,"May 1996","Semi-Detached",58.3,"Scss","Share absorbed at completion"
"35541",1996-05-01,"May 1996","Row",0,"Scss","Share absorbed at completion"
"35541",1996-05-01,"May 1996","Apartment",NA,"Scss","Share absorbed at completion"
"35541",1996-05-01,"May 1996","All",63.1,"Scss","Share absorbed at completion"
"35541",1996-06-01,"Jun 1996","Single",85.1,"Scss","Share absorbed at completion"
"35541",1996-06-01,"Jun 1996","Semi-Detached",50,"Scss","Share absorbed at completion"
"35541",1996-06-01,"Jun 1996","Row",NA,"Scss","Share absorbed at completion"
"35541",1996-06-01,"Jun 1996","Apartment",NA,"Scss","Share absorbed at completion"
"35541",1996-06-01,"Jun 1996","All",84.4,"Scss","Share absorbed at completion"
"35541",1996-07-01,"Jul 1996","Single",81.8,"Scss","Share absorbed at completion"
"35541",1996-07-01,"Jul 1996","Semi-Detached",68.2,"Scss","Share absorbed at completion"
"35541",1996-07-01,"Jul 1996","Row",61.1,"Scss","Share absorbed at completion"
"35541",1996-07-01,"Jul 1996","Apartment",NA,"Scss","Share absorbed at completion"
"35541",1996-07-01,"Jul 1996","All",76.9,"Scss","Share absorbed at completion"
"35541",1996-08-01,"Aug 1996","Single",90.6,"Scss","Share absorbed at completion"
"35541",1996-08-01,"Aug 1996","Semi-Detached",62.5,"Scss","Share absorbed at completion"
"35541",1996-08-01,"Aug 1996","Row",53.3,"Scss","Share absorbed at completion"
"35541",1996-08-01,"Aug 1996","Apartment",NA,"Scss","Share absorbed at completion"
"35541",1996-08-01,"Aug 1996","All",85.8,"Scss","Share absorbed at completion"
"35541",1996-09-01,"Sep 1996","Single",88.6,"Scss","Share absorbed at completion"
"35541",1996-09-01,"Sep 1996","Semi-Detached",66.7,"Scss","Share absorbed at completion"
"35541",1996-09-01,"Sep 1996","Row",NA,"Scss","Share absorbed at completion"
"35541",1996-09-01,"Sep 1996","Apartment",NA,"Scss","Share absorbed at completion"
"35541",1996-09-01,"Sep 1996","All",82.7,"Scss","Share absorbed at completion"
"35541",1996-10-01,"Oct 1996","Single",77,"Scss","Share absorbed at completion"
"35541",1996-10-01,"Oct 1996","Semi-Detached",70,"Scss","Share absorbed at completion"
"35541",1996-10-01,"Oct 1996","Row",100,"Scss","Share absorbed at completion"
"35541",1996-10-01,"Oct 1996","Apartment",NA,"Scss","Share absorbed at completion"
"35541",1996-10-01,"Oct 1996","All",78.3,"Scss","Share absorbed at completion"
"35541",1996-11-01,"Nov 1996","Single",75.7,"Scss","Share absorbed at completion"
"35541",1996-11-01,"Nov 1996","Semi-Detached",56.3,"Scss","Share absorbed at completion"
"35541",1996-11-01,"Nov 1996","Row",64,"Scss","Share absorbed at completion"
"35541",1996-11-01,"Nov 1996","Apartment",NA,"Scss","Share absorbed at completion"
"35541",1996-11-01,"Nov 1996","All",71.1,"Scss","Share absorbed at completion"
"35541",1996-12-01,"Dec 1996","Single",81.2,"Scss","Share absorbed at completion"
"35541",1996-12-01,"Dec 1996","Semi-Detached",59.1,"Scss","Share absorbed at completion"
"35541",1996-12-01,"Dec 1996","Row",37.5,"Scss","Share absorbed at completion"
"35541",1996-12-01,"Dec 1996","Apartment",0,"Scss","Share absorbed at completion"
"35541",1996-12-01,"Dec 1996","All",59.4,"Scss","Share absorbed at completion"
"35541",1997-01-01,"Jan 1997","Single",68.8,"Scss","Share absorbed at completion"
"35541",1997-01-01,"Jan 1997","Semi-Detached",75,"Scss","Share absorbed at completion"
"35541",1997-01-01,"Jan 1997","Row",100,"Scss","Share absorbed at completion"
"35541",1997-01-01,"Jan 1997","Apartment",NA,"Scss","Share absorbed at completion"
"35541",1997-01-01,"Jan 1997","All",70.8,"Scss","Share absorbed at completion"
"35541",1997-02-01,"Feb 1997","Single",66.2,"Scss","Share absorbed at completion"
"35541",1997-02-01,"Feb 1997","Semi-Detached",37.5,"Scss","Share absorbed at completion"
"35541",1997-02-01,"Feb 1997","Row",71.4,"Scss","Share absorbed at completion"
"35541",1997-02-01,"Feb 1997","Apartment",NA,"Scss","Share absorbed at completion"
"35541",1997-02-01,"Feb 1997","All",65.4,"Scss","Share absorbed at completion"
"35541",1997-03-01,"Mar 1997","Single",80,"Scss","Share absorbed at completion"
"35541",1997-03-01,"Mar 1997","Semi-Detached",96.4,"Scss","Share absorbed at completion"
"35541",1997-03-01,"Mar 1997","Row",100,"Scss","Share absorbed at completion"
"35541",1997-03-01,"Mar 1997","Apartment",NA,"Scss","Share absorbed at completion"
"35541",1997-03-01,"Mar 1997","All",86.9,"Scss","Share absorbed at completion"
"35541",1997-04-01,"Apr 1997","Single",72.1,"Scss","Share absorbed at completion"
"35541",1997-04-01,"Apr 1997","Semi-Detached",77.1,"Scss","Share absorbed at completion"
"35541",1997-04-01,"Apr 1997","Row",78,"Scss","Share absorbed at completion"
"35541",1997-04-01,"Apr 1997","Apartment",26.7,"Scss","Share absorbed at completion"
"35541",1997-04-01,"Apr 1997","All",71.3,"Scss","Share absorbed at completion"
"35541",1997-05-01,"May 1997","Single",80,"Scss","Share absorbed at completion"
"35541",1997-05-01,"May 1997","Semi-Detached",71.9,"Scss","Share absorbed at completion"
"35541",1997-05-01,"May 1997","Row",55.2,"Scss","Share absorbed at completion"
"35541",1997-05-01,"May 1997","Apartment",NA,"Scss","Share absorbed at completion"
"35541",1997-05-01,"May 1997","All",74.1,"Scss","Share absorbed at completion"
"35541",1997-06-01,"Jun 1997","Single",87.1,"Scss","Share absorbed at completion"
"35541",1997-06-01,"Jun 1997","Semi-Detached",63.6,"Scss","Share absorbed at completion"
"35541",1997-06-01,"Jun 1997","Row",65,"Scss","Share absorbed at completion"
"35541",1997-06-01,"Jun 1997","Apartment",NA,"Scss","Share absorbed at completion"
"35541",1997-06-01,"Jun 1997","All",82.6,"Scss","Share absorbed at completion"
"35541",1997-07-01,"Jul 1997","Single",93.4,"Scss","Share absorbed at completion"
"35541",1997-07-01,"Jul 1997","Semi-Detached",67.9,"Scss","Share absorbed at completion"
"35541",1997-07-01,"Jul 1997","Row",70.5,"Scss","Share absorbed at completion"
"35541",1997-07-01,"Jul 1997","Apartment",NA,"Scss","Share absorbed at completion"
"35541",1997-07-01,"Jul 1997","All",85.2,"Scss","Share absorbed at completion"
"35541",1997-08-01,"Aug 1997","Single",83,"Scss","Share absorbed at completion"
"35541",1997-08-01,"Aug 1997","Semi-Detached",60,"Scss","Share absorbed at completion"
"35541",1997-08-01,"Aug 1997","Row",50,"Scss","Share absorbed at completion"
"35541",1997-08-01,"Aug 1997","Apartment",NA,"Scss","Share absorbed at completion"
"35541",1997-08-01,"Aug 1997","All",77,"Scss","Share absorbed at completion"
"35541",1997-09-01,"Sep 1997","Single",81.8,"Scss","Share absorbed at completion"
"35541",1997-09-01,"Sep 1997","Semi-Detached",54.2,"Scss","Share absorbed at completion"
"35541",1997-09-01,"Sep 1997","Row",66.7,"Scss","Share absorbed at completion"
"35541",1997-09-01,"Sep 1997","Apartment",NA,"Scss","Share absorbed at completion"
"35541",1997-09-01,"Sep 1997","All",77.5,"Scss","Share absorbed at completion"
"35541",1997-10-01,"Oct 1997","Single",78.3,"Scss","Share absorbed at completion"
"35541",1997-10-01,"Oct 1997","Semi-Detached",65,"Scss","Share absorbed at completion"
"35541",1997-10-01,"Oct 1997","Row",73.8,"Scss","Share absorbed at completion"
"35541",1997-10-01,"Oct 1997","Apartment",NA,"Scss","Share absorbed at completion"
"35541",1997-10-01,"Oct 1997","All",75.6,"Scss","Share absorbed at completion"
"35541",1997-11-01,"Nov 1997","Single",77.6,"Scss","Share absorbed at completion"
"35541",1997-11-01,"Nov 1997","Semi-Detached",66.7,"Scss","Share absorbed at completion"
"35541",1997-11-01,"Nov 1997","Row",41.7,"Scss","Share absorbed at completion"
"35541",1997-11-01,"Nov 1997","Apartment",NA,"Scss","Share absorbed at completion"
"35541",1997-11-01,"Nov 1997","All",69.6,"Scss","Share absorbed at completion"
"35541",1997-12-01,"Dec 1997","Single",83,"Scss","Share absorbed at completion"
"35541",1997-12-01,"Dec 1997","Semi-Detached",60,"Scss","Share absorbed at completion"
"35541",1997-12-01,"Dec 1997","Row",73.3,"Scss","Share absorbed at completion"
"35541",1997-12-01,"Dec 1997","Apartment",NA,"Scss","Share absorbed at completion"
"35541",1997-12-01,"Dec 1997","All",80.3,"Scss","Share absorbed at completion"
"35541",1998-01-01,"Jan 1998","Single",62.3,"Scss","Share absorbed at completion"
"35541",1998-01-01,"Jan 1998","Semi-Detached",66.7,"Scss","Share absorbed at completion"
"35541",1998-01-01,"Jan 1998","Row",77.8,"Scss","Share absorbed at completion"
"35541",1998-01-01,"Jan 1998","Apartment",NA,"Scss","Share absorbed at completion"
"35541",1998-01-01,"Jan 1998","All",64.8,"Scss","Share absorbed at completion"
"35541",1998-02-01,"Feb 1998","Single",75.4,"Scss","Share absorbed at completion"
"35541",1998-02-01,"Feb 1998","Semi-Detached",57.1,"Scss","Share absorbed at completion"
"35541",1998-02-01,"Feb 1998","Row",62.3,"Scss","Share absorbed at completion"
"35541",1998-02-01,"Feb 1998","Apartment",NA,"Scss","Share absorbed at completion"
"35541",1998-02-01,"Feb 1998","All",70.3,"Scss","Share absorbed at completion"
"35541",1998-03-01,"Mar 1998","Single",66.7,"Scss","Share absorbed at completion"
"35541",1998-03-01,"Mar 1998","Semi-Detached",90,"Scss","Share absorbed at completion"
"35541",1998-03-01,"Mar 1998","Row",61.7,"Scss","Share absorbed at completion"
"35541",1998-03-01,"Mar 1998","Apartment",NA,"Scss","Share absorbed at completion"
"35541",1998-03-01,"Mar 1998","All",66.3,"Scss","Share absorbed at completion"
"35541",1998-04-01,"Apr 1998","Single",81.7,"Scss","Share absorbed at completion"
"35541",1998-04-01,"Apr 1998","Semi-Detached",83.3,"Scss","Share absorbed at completion"
"35541",1998-04-01,"Apr 1998","Row",45.5,"Scss","Share absorbed at completion"
"35541",1998-04-01,"Apr 1998","Apartment",NA,"Scss","Share absorbed at completion"
"35541",1998-04-01,"Apr 1998","All",78.8,"Scss","Share absorbed at completion"
"35541",1998-05-01,"May 1998","Single",73.1,"Scss","Share absorbed at completion"
"35541",1998-05-01,"May 1998","Semi-Detached",78.6,"Scss","Share absorbed at completion"
"35541",1998-05-01,"May 1998","Row",56,"Scss","Share absorbed at completion"
"35541",1998-05-01,"May 1998","Apartment",47.1,"Scss","Share absorbed at completion"
"35541",1998-05-01,"May 1998","All",65,"Scss","Share absorbed at completion"
"35541",1998-06-01,"Jun 1998","Single",76.1,"Scss","Share absorbed at completion"
"35541",1998-06-01,"Jun 1998","Semi-Detached",45,"Scss","Share absorbed at completion"
"35541",1998-06-01,"Jun 1998","Row",54.8,"Scss","Share absorbed at completion"
"35541",1998-06-01,"Jun 1998","Apartment",NA,"Scss","Share absorbed at completion"
"35541",1998-06-01,"Jun 1998","All",68.3,"Scss","Share absorbed at completion"
"35541",1998-07-01,"Jul 1998","Single",86.8,"Scss","Share absorbed at completion"
"35541",1998-07-01,"Jul 1998","Semi-Detached",40,"Scss","Share absorbed at completion"
"35541",1998-07-01,"Jul 1998","Row",45,"Scss","Share absorbed at completion"
"35541",1998-07-01,"Jul 1998","Apartment",NA,"Scss","Share absorbed at completion"
"35541",1998-07-01,"Jul 1998","All",80.2,"Scss","Share absorbed at completion"
"35541",1998-08-01,"Aug 1998","Single",86.3,"Scss","Share absorbed at completion"
"35541",1998-08-01,"Aug 1998","Semi-Detached",70.8,"Scss","Share absorbed at completion"
"35541",1998-08-01,"Aug 1998","Row",61.3,"Scss","Share absorbed at completion"
"35541",1998-08-01,"Aug 1998","Apartment",100,"Scss","Share absorbed at completion"
"35541",1998-08-01,"Aug 1998","All",78.2,"Scss","Share absorbed at completion"
"35541",1998-09-01,"Sep 1998","Single",81.1,"Scss","Share absorbed at completion"
"35541",1998-09-01,"Sep 1998","Semi-Detached",80,"Scss","Share absorbed at completion"
"35541",1998-09-01,"Sep 1998","Row",68.6,"Scss","Share absorbed at completion"
"35541",1998-09-01,"Sep 1998","Apartment",NA,"Scss","Share absorbed at completion"
"35541",1998-09-01,"Sep 1998","All",78.8,"Scss","Share absorbed at completion"
"35541",1998-10-01,"Oct 1998","Single",79.1,"Scss","Share absorbed at completion"
"35541",1998-10-01,"Oct 1998","Semi-Detached",83.3,"Scss","Share absorbed at completion"
"35541",1998-10-01,"Oct 1998","Row",70,"Scss","Share absorbed at completion"
"35541",1998-10-01,"Oct 1998","Apartment",NA,"Scss","Share absorbed at completion"
"35541",1998-10-01,"Oct 1998","All",79.2,"Scss","Share absorbed at completion"
"35541",1998-11-01,"Nov 1998","Single",80.7,"Scss","Share absorbed at completion"
"35541",1998-11-01,"Nov 1998","Semi-Detached",60,"Scss","Share absorbed at completion"
"35541",1998-11-01,"Nov 1998","Row",83.3,"Scss","Share absorbed at completion"
"35541",1998-11-01,"Nov 1998","Apartment",NA,"Scss","Share absorbed at completion"
"35541",1998-11-01,"Nov 1998","All",79.7,"Scss","Share absorbed at completion"
"35541",1998-12-01,"Dec 1998","Single",85.9,"Scss","Share absorbed at completion"
"35541",1998-12-01,"Dec 1998","Semi-Detached",62.5,"Scss","Share absorbed at completion"
"35541",1998-12-01,"Dec 1998","Row",31.4,"Scss","Share absorbed at completion"
"35541",1998-12-01,"Dec 1998","Apartment",NA,"Scss","Share absorbed at completion"
"35541",1998-12-01,"Dec 1998","All",77.3,"Scss","Share absorbed at completion"
"35541",1999-01-01,"Jan 1999","Single",80.2,"Scss","Share absorbed at completion"
"35541",1999-01-01,"Jan 1999","Semi-Detached",50,"Scss","Share absorbed at completion"
"35541",1999-01-01,"Jan 1999","Row",58.3,"Scss","Share absorbed at completion"
"35541",1999-01-01,"Jan 1999","Apartment",NA,"Scss","Share absorbed at completion"
"35541",1999-01-01,"Jan 1999","All",76.5,"Scss","Share absorbed at completion"
"35541",1999-02-01,"Feb 1999","Single",78.5,"Scss","Share absorbed at completion"
"35541",1999-02-01,"Feb 1999","Semi-Detached",62.5,"Scss","Share absorbed at completion"
"35541",1999-02-01,"Feb 1999","Row",71.4,"Scss","Share absorbed at completion"
"35541",1999-02-01,"Feb 1999","Apartment",NA,"Scss","Share absorbed at completion"
"35541",1999-02-01,"Feb 1999","All",76.9,"Scss","Share absorbed at completion"
"35541",1999-03-01,"Mar 1999","Single",86.2,"Scss","Share absorbed at completion"
"35541",1999-03-01,"Mar 1999","Semi-Detached",50,"Scss","Share absorbed at completion"
"35541",1999-03-01,"Mar 1999","Row",60,"Scss","Share absorbed at completion"
"35541",1999-03-01,"Mar 1999","Apartment",NA,"Scss","Share absorbed at completion"
"35541",1999-03-01,"Mar 1999","All",81.4,"Scss","Share absorbed at completion"
"35541",1999-04-01,"Apr 1999","Single",81.6,"Scss","Share absorbed at completion"
"35541",1999-04-01,"Apr 1999","Semi-Detached",70,"Scss","Share absorbed at completion"
"35541",1999-04-01,"Apr 1999","Row",45.5,"Scss","Share absorbed at completion"
"35541",1999-04-01,"Apr 1999","Apartment",NA,"Scss","Share absorbed at completion"
"35541",1999-04-01,"Apr 1999","All",77.3,"Scss","Share absorbed at completion"
"35541",1999-05-01,"May 1999","Single",80.5,"Scss","Share absorbed at completion"
"35541",1999-05-01,"May 1999","Semi-Detached",62.5,"Scss","Share absorbed at completion"
"35541",1999-05-01,"May 1999","Row",88.1,"Scss","Share absorbed at completion"
"35541",1999-05-01,"May 1999","Apartment",NA,"Scss","Share absorbed at completion"
"35541",1999-05-01,"May 1999","All",81.3,"Scss","Share absorbed at completion"
"35541",1999-06-01,"Jun 1999","Single",91.2,"Scss","Share absorbed at completion"
"35541",1999-06-01,"Jun 1999","Semi-Detached",80,"Scss","Share absorbed at completion"
"35541",1999-06-01,"Jun 1999","Row",74.5,"Scss","Share absorbed at completion"
"35541",1999-06-01,"Jun 1999","Apartment",NA,"Scss","Share absorbed at completion"
"35541",1999-06-01,"Jun 1999","All",86.2,"Scss","Share absorbed at completion"
"35541",1999-07-01,"Jul 1999","Single",91.7,"Scss","Share absorbed at completion"
"35541",1999-07-01,"Jul 1999","Semi-Detached",100,"Scss","Share absorbed at completion"
"35541",1999-07-01,"Jul 1999","Row",62.9,"Scss","Share absorbed at completion"
"35541",1999-07-01,"Jul 1999","Apartment",NA,"Scss","Share absorbed at completion"
"35541",1999-07-01,"Jul 1999","All",87.4,"Scss","Share absorbed at completion"
"35541",1999-08-01,"Aug 1999","Single",91.2,"Scss","Share absorbed at completion"
"35541",1999-08-01,"Aug 1999","Semi-Detached",75,"Scss","Share absorbed at completion"
"35541",1999-08-01,"Aug 1999","Row",81.8,"Scss","Share absorbed at completion"
"35541",1999-08-01,"Aug 1999","Apartment",NA,"Scss","Share absorbed at completion"
"35541",1999-08-01,"Aug 1999","All",89,"Scss","Share absorbed at completion"
"35541",1999-09-01,"Sep 1999","Single",87.4,"Scss","Share absorbed at completion"
"35541",1999-09-01,"Sep 1999","Semi-Detached",83.3,"Scss","Share absorbed at completion"
"35541",1999-09-01,"Sep 1999","Row",84.6,"Scss","Share absorbed at completion"
"35541",1999-09-01,"Sep 1999","Apartment",NA,"Scss","Share absorbed at completion"
"35541",1999-09-01,"Sep 1999","All",86.9,"Scss","Share absorbed at completion"
"35541",1999-10-01,"Oct 1999","Single",91.1,"Scss","Share absorbed at completion"
"35541",1999-10-01,"Oct 1999","Semi-Detached",80,"Scss","Share absorbed at completion"
"35541",1999-10-01,"Oct 1999","Row",100,"Scss","Share absorbed at completion"
"35541",1999-10-01,"Oct 1999","Apartment",NA,"Scss","Share absorbed at completion"
"35541",1999-10-01,"Oct 1999","All",90.9,"Scss","Share absorbed at completion"
"35541",1999-11-01,"Nov 1999","Single",93.5,"Scss","Share absorbed at completion"
"35541",1999-11-01,"Nov 1999","Semi-Detached",75,"Scss","Share absorbed at completion"
"35541",1999-11-01,"Nov 1999","Row",93.3,"Scss","Share absorbed at completion"
"35541",1999-11-01,"Nov 1999","Apartment",NA,"Scss","Share absorbed at completion"
"35541",1999-11-01,"Nov 1999","All",92.3,"Scss","Share absorbed at completion"
"35541",1999-12-01,"Dec 1999","Single",91.2,"Scss","Share absorbed at completion"
"35541",1999-12-01,"Dec 1999","Semi-Detached",90,"Scss","Share absorbed at completion"
"35541",1999-12-01,"Dec 1999","Row",70.8,"Scss","Share absorbed at completion"
"35541",1999-12-01,"Dec 1999","Apartment",NA,"Scss","Share absorbed at completion"
"35541",1999-12-01,"Dec 1999","All",86.9,"Scss","Share absorbed at completion"
"35541",2000-01-01,"Jan 2000","Single",83.1,"Scss","Share absorbed at completion"
"35541",2000-01-01,"Jan 2000","Semi-Detached",62.5,"Scss","Share absorbed at completion"
"35541",2000-01-01,"Jan 2000","Row",89.5,"Scss","Share absorbed at completion"
"35541",2000-01-01,"Jan 2000","Apartment",NA,"Scss","Share absorbed at completion"
"35541",2000-01-01,"Jan 2000","All",83.5,"Scss","Share absorbed at completion"
"35541",2000-02-01,"Feb 2000","Single",77.2,"Scss","Share absorbed at completion"
"35541",2000-02-01,"Feb 2000","Semi-Detached",58.3,"Scss","Share absorbed at completion"
"35541",2000-02-01,"Feb 2000","Row",56.1,"Scss","Share absorbed at completion"
"35541",2000-02-01,"Feb 2000","Apartment",NA,"Scss","Share absorbed at completion"
"35541",2000-02-01,"Feb 2000","All",71,"Scss","Share absorbed at completion"
"35541",2000-03-01,"Mar 2000","Single",85.8,"Scss","Share absorbed at completion"
"35541",2000-03-01,"Mar 2000","Semi-Detached",92.9,"Scss","Share absorbed at completion"
"35541",2000-03-01,"Mar 2000","Row",63.6,"Scss","Share absorbed at completion"
"35541",2000-03-01,"Mar 2000","Apartment",NA,"Scss","Share absorbed at completion"
"35541",2000-03-01,"Mar 2000","All",80.2,"Scss","Share absorbed at completion"
"35541",2000-04-01,"Apr 2000","Single",74.3,"Scss","Share absorbed at completion"
"35541",2000-04-01,"Apr 2000","Semi-Detached",62.5,"Scss","Share absorbed at completion"
"35541",2000-04-01,"Apr 2000","Row",56.3,"Scss","Share absorbed at completion"
"35541",2000-04-01,"Apr 2000","Apartment",NA,"Scss","Share absorbed at completion"
"35541",2000-04-01,"Apr 2000","All",69.7,"Scss","Share absorbed at completion"
"35541",2000-05-01,"May 2000","Single",94.7,"Scss","Share absorbed at completion"
"35541",2000-05-01,"May 2000","Semi-Detached",80,"Scss","Share absorbed at completion"
"35541",2000-05-01,"May 2000","Row",72.7,"Scss","Share absorbed at completion"
"35541",2000-05-01,"May 2000","Apartment",NA,"Scss","Share absorbed at completion"
"35541",2000-05-01,"May 2000","All",92,"Scss","Share absorbed at completion"
"35541",2000-06-01,"Jun 2000","Single",88.6,"Scss","Share absorbed at completion"
"35541",2000-06-01,"Jun 2000","Semi-Detached",100,"Scss","Share absorbed at completion"
"35541",2000-06-01,"Jun 2000","Row",75,"Scss","Share absorbed at completion"
"35541",2000-06-01,"Jun 2000","Apartment",100,"Scss","Share absorbed at completion"
"35541",2000-06-01,"Jun 2000","All",88.6,"Scss","Share absorbed at completion"
"35541",2000-07-01,"Jul 2000","Single",88.4,"Scss","Share absorbed at completion"
"35541",2000-07-01,"Jul 2000","Semi-Detached",80,"Scss","Share absorbed at completion"
"35541",2000-07-01,"Jul 2000","Row",84.2,"Scss","Share absorbed at completion"
"35541",2000-07-01,"Jul 2000","Apartment",NA,"Scss","Share absorbed at completion"
"35541",2000-07-01,"Jul 2000","All",87.9,"Scss","Share absorbed at completion"
"35541",2000-08-01,"Aug 2000","Single",87.9,"Scss","Share absorbed at completion"
"35541",2000-08-01,"Aug 2000","Semi-Detached",75,"Scss","Share absorbed at completion"
"35541",2000-08-01,"Aug 2000","Row",82.4,"Scss","Share absorbed at completion"
"35541",2000-08-01,"Aug 2000","Apartment",NA,"Scss","Share absorbed at completion"
"35541",2000-08-01,"Aug 2000","All",86.4,"Scss","Share absorbed at completion"
"35541",2000-09-01,"Sep 2000","Single",90.3,"Scss","Share absorbed at completion"
"35541",2000-09-01,"Sep 2000","Semi-Detached",78.6,"Scss","Share absorbed at completion"
"35541",2000-09-01,"Sep 2000","Row",94.6,"Scss","Share absorbed at completion"
"35541",2000-09-01,"Sep 2000","Apartment",NA,"Scss","Share absorbed at completion"
"35541",2000-09-01,"Sep 2000","All",90.3,"Scss","Share absorbed at completion"
"35541",2000-10-01,"Oct 2000","Single",84.1,"Scss","Share absorbed at completion"
"35541",2000-10-01,"Oct 2000","Semi-Detached",80,"Scss","Share absorbed at completion"
"35541",2000-10-01,"Oct 2000","Row",88.5,"Scss","Share absorbed at completion"
"35541",2000-10-01,"Oct 2000","Apartment",NA,"Scss","Share absorbed at completion"
"35541",2000-10-01,"Oct 2000","All",85,"Scss","Share absorbed at completion"
"35541",2000-11-01,"Nov 2000","Single",84.6,"Scss","Share absorbed at completion"
"35541",2000-11-01,"Nov 2000","Semi-Detached",50,"Scss","Share absorbed at completion"
"35541",2000-11-01,"Nov 2000","Row",94.7,"Scss","Share absorbed at completion"
"35541",2000-11-01,"Nov 2000","Apartment",100,"Scss","Share absorbed at completion"
"35541",2000-11-01,"Nov 2000","All",83.8,"Scss","Share absorbed at completion"
"35541",2000-12-01,"Dec 2000","Single",87.1,"Scss","Share absorbed at completion"
"35541",2000-12-01,"Dec 2000","Semi-Detached",100,"Scss","Share absorbed at completion"
"35541",2000-12-01,"Dec 2000","Row",81.8,"Scss","Share absorbed at completion"
"35541",2000-12-01,"Dec 2000","Apartment",NA,"Scss","Share absorbed at completion"
"35541",2000-12-01,"Dec 2000","All",86.9,"Scss","Share absorbed at completion"
"35541",2001-01-01,"Jan 2001","Single",85.9,"Scss","Share absorbed at completion"
"35541",2001-01-01,"Jan 2001","Semi-Detached",50,"Scss","Share absorbed at completion"
"35541",2001-01-01,"Jan 2001","Row",61.3,"Scss","Share absorbed at completion"
"35541",2001-01-01,"Jan 2001","Apartment",NA,"Scss","Share absorbed at completion"
"35541",2001-01-01,"Jan 2001","All",81,"Scss","Share absorbed at completion"
"35541",2001-02-01,"Feb 2001","Single",73.6,"Scss","Share absorbed at completion"
"35541",2001-02-01,"Feb 2001","Semi-Detached",NA,"Scss","Share absorbed at completion"
"35541",2001-02-01,"Feb 2001","Row",70.8,"Scss","Share absorbed at completion"
"35541",2001-02-01,"Feb 2001","Apartment",NA,"Scss","Share absorbed at completion"
"35541",2001-02-01,"Feb 2001","All",72.6,"Scss","Share absorbed at completion"
"35541",2001-03-01,"Mar 2001","Single",75.5,"Scss","Share absorbed at completion"
"35541",2001-03-01,"Mar 2001","Semi-Detached",80,"Scss","Share absorbed at completion"
"35541",2001-03-01,"Mar 2001","Row",62.5,"Scss","Share absorbed at completion"
"35541",2001-03-01,"Mar 2001","Apartment",NA,"Scss","Share absorbed at completion"
"35541",2001-03-01,"Mar 2001","All",74.6,"Scss","Share absorbed at completion"
"35541",2001-04-01,"Apr 2001","Single",72.8,"Scss","Share absorbed at completion"
"35541",2001-04-01,"Apr 2001","Semi-Detached",66.7,"Scss","Share absorbed at completion"
"35541",2001-04-01,"Apr 2001","Row",75,"Scss","Share absorbed at completion"
"35541",2001-04-01,"Apr 2001","Apartment",NA,"Scss","Share absorbed at completion"
"35541",2001-04-01,"Apr 2001","All",72.9,"Scss","Share absorbed at completion"
"35541",2001-05-01,"May 2001","Single",74.7,"Scss","Share absorbed at completion"
"35541",2001-05-01,"May 2001","Semi-Detached",80,"Scss","Share absorbed at completion"
"35541",2001-05-01,"May 2001","Row",83.7,"Scss","Share absorbed at completion"
"35541",2001-05-01,"May 2001","Apartment",NA,"Scss","Share absorbed at completion"
"35541",2001-05-01,"May 2001","All",76.8,"Scss","Share absorbed at completion"
"35541",2001-06-01,"Jun 2001","Single",86.2,"Scss","Share absorbed at completion"
"35541",2001-06-01,"Jun 2001","Semi-Detached",100,"Scss","Share absorbed at completion"
"35541",2001-06-01,"Jun 2001","Row",96,"Scss","Share absorbed at completion"
"35541",2001-06-01,"Jun 2001","Apartment",NA,"Scss","Share absorbed at completion"
"35541",2001-06-01,"Jun 2001","All",87.8,"Scss","Share absorbed at completion"
"35541",2001-07-01,"Jul 2001","Single",85.9,"Scss","Share absorbed at completion"
"35541",2001-07-01,"Jul 2001","Semi-Detached",66.7,"Scss","Share absorbed at completion"
"35541",2001-07-01,"Jul 2001","Row",81.4,"Scss","Share absorbed at completion"
"35541",2001-07-01,"Jul 2001","Apartment",NA,"Scss","Share absorbed at completion"
"35541",2001-07-01,"Jul 2001","All",84.4,"Scss","Share absorbed at completion"
"35541",2001-08-01,"Aug 2001","Single",91.4,"Scss","Share absorbed at completion"
"35541",2001-08-01,"Aug 2001","Semi-Detached",75,"Scss","Share absorbed at completion"
"35541",2001-08-01,"Aug 2001","Row",94.4,"Scss","Share absorbed at completion"
"35541",2001-08-01,"Aug 2001","Apartment",NA,"Scss","Share absorbed at completion"
"35541",2001-08-01,"Aug 2001","All",90.1,"Scss","Share absorbed at completion"
"35541",2001-09-01,"Sep 2001","Single",85.4,"Scss","Share absorbed at completion"
"35541",2001-09-01,"Sep 2001","Semi-Detached",0,"Scss","Share absorbed at completion"
"35541",2001-09-01,"Sep 2001","Row",75,"Scss","Share absorbed at completion"
"35541",2001-09-01,"Sep 2001","Apartment",NA,"Scss","Share absorbed at completion"
"35541",2001-09-01,"Sep 2001","All",82.7,"Scss","Share absorbed at completion"
"35541",2001-10-01,"Oct 2001","Single",90,"Scss","Share absorbed at completion"
"35541",2001-10-01,"Oct 2001","Semi-Detached",87.5,"Scss","Share absorbed at completion"
"35541",2001-10-01,"Oct 2001","Row",85.5,"Scss","Share absorbed at completion"
"35541",2001-10-01,"Oct 2001","Apartment",NA,"Scss","Share absorbed at completion"
"35541",2001-10-01,"Oct 2001","All",88.9,"Scss","Share absorbed at completion"
"35541",2001-11-01,"Nov 2001","Single",79.3,"Scss","Share absorbed at completion"
"35541",2001-11-01,"Nov 2001","Semi-Detached",70,"Scss","Share absorbed at completion"
"35541",2001-11-01,"Nov 2001","Row",77.1,"Scss","Share absorbed at completion"
"35541",2001-11-01,"Nov 2001","Apartment",NA,"Scss","Share absorbed at completion"
"35541",2001-11-01,"Nov 2001","All",78.4,"Scss","Share absorbed at completion"
"35541",2001-12-01,"Dec 2001","Single",89.8,"Scss","Share absorbed at completion"
"35541",2001-12-01,"Dec 2001","Semi-Detached",72.2,"Scss","Share absorbed at completion"
"35541",2001-12-01,"Dec 2001","Row",64.5,"Scss","Share absorbed at completion"
"35541",2001-12-01,"Dec 2001","Apartment",NA,"Scss","Share absorbed at completion"
"35541",2001-12-01,"Dec 2001","All",86.1,"Scss","Share absorbed at completion"
"35541",2002-01-01,"Jan 2002","Single",81.8,"Scss","Share absorbed at completion"
"35541",2002-01-01,"Jan 2002","Semi-Detached",83.3,"Scss","Share absorbed at completion"
"35541",2002-01-01,"Jan 2002","Row",35,"Scss","Share absorbed at completion"
"35541",2002-01-01,"Jan 2002","Apartment",NA,"Scss","Share absorbed at completion"
"35541",2002-01-01,"Jan 2002","All",75,"Scss","Share absorbed at completion"
"35541",2002-02-01,"Feb 2002","Single",86.2,"Scss","Share absorbed at completion"
"35541",2002-02-01,"Feb 2002","Semi-Detached",60,"Scss","Share absorbed at completion"
"35541",2002-02-01,"Feb 2002","Row",66.7,"Scss","Share absorbed at completion"
"35541",2002-02-01,"Feb 2002","Apartment",NA,"Scss","Share absorbed at completion"
"35541",2002-02-01,"Feb 2002","All",84.2,"Scss","Share absorbed at completion"
"35541",2002-03-01,"Mar 2002","Single",79.8,"Scss","Share absorbed at completion"
"35541",2002-03-01,"Mar 2002","Semi-Detached",66.7,"Scss","Share absorbed at completion"
"35541",2002-03-01,"Mar 2002","Row",86.4,"Scss","Share absorbed at completion"
"35541",2002-03-01,"Mar 2002","Apartment",NA,"Scss","Share absorbed at completion"
"35541",2002-03-01,"Mar 2002","All",80.1,"Scss","Share absorbed at completion"
"35541",2002-04-01,"Apr 2002","Single",82.7,"Scss","Share absorbed at completion"
"35541",2002-04-01,"Apr 2002","Semi-Detached",91.7,"Scss","Share absorbed at completion"
"35541",2002-04-01,"Apr 2002","Row",100,"Scss","Share absorbed at completion"
"35541",2002-04-01,"Apr 2002","Apartment",NA,"Scss","Share absorbed at completion"
"35541",2002-04-01,"Apr 2002","All",84.5,"Scss","Share absorbed at completion"
"35541",2002-05-01,"May 2002","Single",79,"Scss","Share absorbed at completion"
"35541",2002-05-01,"May 2002","Semi-Detached",83.3,"Scss","Share absorbed at completion"
"35541",2002-05-01,"May 2002","Row",78.3,"Scss","Share absorbed at completion"
"35541",2002-05-01,"May 2002","Apartment",NA,"Scss","Share absorbed at completion"
"35541",2002-05-01,"May 2002","All",79.1,"Scss","Share absorbed at completion"
"35541",2002-06-01,"Jun 2002","Single",65.7,"Scss","Share absorbed at completion"
"35541",2002-06-01,"Jun 2002","Semi-Detached",43.8,"Scss","Share absorbed at completion"
"35541",2002-06-01,"Jun 2002","Row",62.9,"Scss","Share absorbed at completion"
"35541",2002-06-01,"Jun 2002","Apartment",NA,"Scss","Share absorbed at completion"
"35541",2002-06-01,"Jun 2002","All",64,"Scss","Share absorbed at completion"
"35541",2002-07-01,"Jul 2002","Single",91.4,"Scss","Share absorbed at completion"
"35541",2002-07-01,"Jul 2002","Semi-Detached",90,"Scss","Share absorbed at completion"
"35541",2002-07-01,"Jul 2002","Row",57.9,"Scss","Share absorbed at completion"
"35541",2002-07-01,"Jul 2002","Apartment",NA,"Scss","Share absorbed at completion"
"35541",2002-07-01,"Jul 2002","All",87.6,"Scss","Share absorbed at completion"
"35541",2002-08-01,"Aug 2002","Single",93.7,"Scss","Share absorbed at completion"
"35541",2002-08-01,"Aug 2002","Semi-Detached",80,"Scss","Share absorbed at completion"
"35541",2002-08-01,"Aug 2002","Row",76.2,"Scss","Share absorbed at completion"
"35541",2002-08-01,"Aug 2002","Apartment",NA,"Scss","Share absorbed at completion"
"35541",2002-08-01,"Aug 2002","All",90.9,"Scss","Share absorbed at completion"
"35541",2002-09-01,"Sep 2002","Single",88.4,"Scss","Share absorbed at completion"
"35541",2002-09-01,"Sep 2002","Semi-Detached",100,"Scss","Share absorbed at completion"
"35541",2002-09-01,"Sep 2002","Row",100,"Scss","Share absorbed at completion"
"35541",2002-09-01,"Sep 2002","Apartment",NA,"Scss","Share absorbed at completion"
"35541",2002-09-01,"Sep 2002","All",89.8,"Scss","Share absorbed at completion"
"35541",2002-10-01,"Oct 2002","Single",90.8,"Scss","Share absorbed at completion"
"35541",2002-10-01,"Oct 2002","Semi-Detached",91.7,"Scss","Share absorbed at completion"
"35541",2002-10-01,"Oct 2002","Row",70,"Scss","Share absorbed at completion"
"35541",2002-10-01,"Oct 2002","Apartment",100,"Scss","Share absorbed at completion"
"35541",2002-10-01,"Oct 2002","All",87.3,"Scss","Share absorbed at completion"
"35541",2002-11-01,"Nov 2002","Single",90,"Scss","Share absorbed at completion"
"35541",2002-11-01,"Nov 2002","Semi-Detached",77.3,"Scss","Share absorbed at completion"
"35541",2002-11-01,"Nov 2002","Row",93.9,"Scss","Share absorbed at completion"
"35541",2002-11-01,"Nov 2002","Apartment",NA,"Scss","Share absorbed at completion"
"35541",2002-11-01,"Nov 2002","All",89.8,"Scss","Share absorbed at completion"
"35541",2002-12-01,"Dec 2002","Single",88.7,"Scss","Share absorbed at completion"
"35541",2002-12-01,"Dec 2002","Semi-Detached",92.9,"Scss","Share absorbed at completion"
"35541",2002-12-01,"Dec 2002","Row",87,"Scss","Share absorbed at completion"
"35541",2002-12-01,"Dec 2002","Apartment",NA,"Scss","Share absorbed at completion"
"35541",2002-12-01,"Dec 2002","All",88.7,"Scss","Share absorbed at completion"
"35541",2003-01-01,"Jan 2003","Single",82.5,"Scss","Share absorbed at completion"
"35541",2003-01-01,"Jan 2003","Semi-Detached",75,"Scss","Share absorbed at completion"
"35541",2003-01-01,"Jan 2003","Row",93.3,"Scss","Share absorbed at completion"
"35541",2003-01-01,"Jan 2003","Apartment",NA,"Scss","Share absorbed at completion"
"35541",2003-01-01,"Jan 2003","All",83.8,"Scss","Share absorbed at completion"
"35541",2003-02-01,"Feb 2003","Single",84,"Scss","Share absorbed at completion"
"35541",2003-02-01,"Feb 2003","Semi-Detached",71.4,"Scss","Share absorbed at completion"
"35541",2003-02-01,"Feb 2003","Row",81,"Scss","Share absorbed at completion"
"35541",2003-02-01,"Feb 2003","Apartment",NA,"Scss","Share absorbed at completion"
"35541",2003-02-01,"Feb 2003","All",82.2,"Scss","Share absorbed at completion"
"35541",2003-03-01,"Mar 2003","Single",91.1,"Scss","Share absorbed at completion"
"35541",2003-03-01,"Mar 2003","Semi-Detached",100,"Scss","Share absorbed at completion"
"35541",2003-03-01,"Mar 2003","Row",85.7,"Scss","Share absorbed at completion"
"35541",2003-03-01,"Mar 2003","Apartment",NA,"Scss","Share absorbed at completion"
"35541",2003-03-01,"Mar 2003","All",90.5,"Scss","Share absorbed at completion"
"35541",2003-04-01,"Apr 2003","Single",78.2,"Scss","Share absorbed at completion"
"35541",2003-04-01,"Apr 2003","Semi-Detached",75,"Scss","Share absorbed at completion"
"35541",2003-04-01,"Apr 2003","Row",78.6,"Scss","Share absorbed at completion"
"35541",2003-04-01,"Apr 2003","Apartment",NA,"Scss","Share absorbed at completion"
"35541",2003-04-01,"Apr 2003","All",78.2,"Scss","Share absorbed at completion"
"35541",2003-05-01,"May 2003","Single",79,"Scss","Share absorbed at completion"
"35541",2003-05-01,"May 2003","Semi-Detached",75,"Scss","Share absorbed at completion"
"35541",2003-05-01,"May 2003","Row",46.2,"Scss","Share absorbed at completion"
"35541",2003-05-01,"May 2003","Apartment",NA,"Scss","Share absorbed at completion"
"35541",2003-05-01,"May 2003","All",77.1,"Scss","Share absorbed at completion"
"35541",2003-06-01,"Jun 2003","Single",84.1,"Scss","Share absorbed at completion"
"35541",2003-06-01,"Jun 2003","Semi-Detached",83.3,"Scss","Share absorbed at completion"
"35541",2003-06-01,"Jun 2003","Row",90,"Scss","Share absorbed at completion"
"35541",2003-06-01,"Jun 2003","Apartment",NA,"Scss","Share absorbed at completion"
"35541",2003-06-01,"Jun 2003","All",85,"Scss","Share absorbed at completion"
"35541",2003-07-01,"Jul 2003","Single",88.1,"Scss","Share absorbed at completion"
"35541",2003-07-01,"Jul 2003","Semi-Detached",62.5,"Scss","Share absorbed at completion"
"35541",2003-07-01,"Jul 2003","Row",88.9,"Scss","Share absorbed at completion"
"35541",2003-07-01,"Jul 2003","Apartment",NA,"Scss","Share absorbed at completion"
"35541",2003-07-01,"Jul 2003","All",87.6,"Scss","Share absorbed at completion"
"35541",2003-08-01,"Aug 2003","Single",92.5,"Scss","Share absorbed at completion"
"35541",2003-08-01,"Aug 2003","Semi-Detached",90,"Scss","Share absorbed at completion"
"35541",2003-08-01,"Aug 2003","Row",86,"Scss","Share absorbed at completion"
"35541",2003-08-01,"Aug 2003","Apartment",NA,"Scss","Share absorbed at completion"
"35541",2003-08-01,"Aug 2003","All",91.4,"Scss","Share absorbed at completion"
"35541",2003-09-01,"Sep 2003","Single",86.6,"Scss","Share absorbed at completion"
"35541",2003-09-01,"Sep 2003","Semi-Detached",86.4,"Scss","Share absorbed at completion"
"35541",2003-09-01,"Sep 2003","Row",81.8,"Scss","Share absorbed at completion"
"35541",2003-09-01,"Sep 2003","Apartment",100,"Scss","Share absorbed at completion"
"35541",2003-09-01,"Sep 2003","All",86.2,"Scss","Share absorbed at completion"
"35541",2003-10-01,"Oct 2003","Single",89.2,"Scss","Share absorbed at completion"
"35541",2003-10-01,"Oct 2003","Semi-Detached",83.3,"Scss","Share absorbed at completion"
"35541",2003-10-01,"Oct 2003","Row",57.4,"Scss","Share absorbed at completion"
"35541",2003-10-01,"Oct 2003","Apartment",NA,"Scss","Share absorbed at completion"
"35541",2003-10-01,"Oct 2003","All",83.3,"Scss","Share absorbed at completion"
"35541",2003-11-01,"Nov 2003","Single",88.5,"Scss","Share absorbed at completion"
"35541",2003-11-01,"Nov 2003","Semi-Detached",77.8,"Scss","Share absorbed at completion"
"35541",2003-11-01,"Nov 2003","Row",91,"Scss","Share absorbed at completion"
"35541",2003-11-01,"Nov 2003","Apartment",100,"Scss","Share absorbed at completion"
"35541",2003-11-01,"Nov 2003","All",88.5,"Scss","Share absorbed at completion"
"35541",2003-12-01,"Dec 2003","Single",88.3,"Scss","Share absorbed at completion"
"35541",2003-12-01,"Dec 2003","Semi-Detached",93.8,"Scss","Share absorbed at completion"
"35541",2003-12-01,"Dec 2003","Row",77.6,"Scss","Share absorbed at completion"
"35541",2003-12-01,"Dec 2003","Apartment",NA,"Scss","Share absorbed at completion"
"35541",2003-12-01,"Dec 2003","All",86.8,"Scss","Share absorbed at completion"
"35541",2004-01-01,"Jan 2004","Single",91.1,"Scss","Share absorbed at completion"
"35541",2004-01-01,"Jan 2004","Semi-Detached",100,"Scss","Share absorbed at completion"
"35541",2004-01-01,"Jan 2004","Row",81,"Scss","Share absorbed at completion"
"35541",2004-01-01,"Jan 2004","Apartment",NA,"Scss","Share absorbed at completion"
"35541",2004-01-01,"Jan 2004","All",89,"Scss","Share absorbed at completion"
"35541",2004-02-01,"Feb 2004","Single",83,"Scss","Share absorbed at completion"
"35541",2004-02-01,"Feb 2004","Semi-Detached",83.3,"Scss","Share absorbed at completion"
"35541",2004-02-01,"Feb 2004","Row",80,"Scss","Share absorbed at completion"
"35541",2004-02-01,"Feb 2004","Apartment",NA,"Scss","Share absorbed at completion"
"35541",2004-02-01,"Feb 2004","All",82.6,"Scss","Share absorbed at completion"
"35541",2004-03-01,"Mar 2004","Single",85.1,"Scss","Share absorbed at completion"
"35541",2004-03-01,"Mar 2004","Semi-Detached",75,"Scss","Share absorbed at completion"
"35541",2004-03-01,"Mar 2004","Row",66.7,"Scss","Share absorbed at completion"
"35541",2004-03-01,"Mar 2004","Apartment",NA,"Scss","Share absorbed at completion"
"35541",2004-03-01,"Mar 2004","All",78.5,"Scss","Share absorbed at completion"
"35541",2004-04-01,"Apr 2004","Single",83,"Scss","Share absorbed at completion"
"35541",2004-04-01,"Apr 2004","Semi-Detached",50,"Scss","Share absorbed at completion"
"35541",2004-04-01,"Apr 2004","Row",86.4,"Scss","Share absorbed at completion"
"35541",2004-04-01,"Apr 2004","Apartment",NA,"Scss","Share absorbed at completion"
"35541",2004-04-01,"Apr 2004","All",82.4,"Scss","Share absorbed at completion"
"35541",2004-05-01,"May 2004","Single",81.4,"Scss","Share absorbed at completion"
"35541",2004-05-01,"May 2004","Semi-Detached",83.3,"Scss","Share absorbed at completion"
"35541",2004-05-01,"May 2004","Row",78.7,"Scss","Share absorbed at completion"
"35541",2004-05-01,"May 2004","Apartment",NA,"Scss","Share absorbed at completion"
"35541",2004-05-01,"May 2004","All",81,"Scss","Share absorbed at completion"
"35541",2004-06-01,"Jun 2004","Single",80.5,"Scss","Share absorbed at completion"
"35541",2004-06-01,"Jun 2004","Semi-Detached",45.5,"Scss","Share absorbed at completion"
"35541",2004-06-01,"Jun 2004","Row",63.9,"Scss","Share absorbed at completion"
"35541",2004-06-01,"Jun 2004","Apartment",NA,"Scss","Share absorbed at completion"
"35541",2004-06-01,"Jun 2004","All",76.2,"Scss","Share absorbed at completion"
"35541",2004-07-01,"Jul 2004","Single",84.9,"Scss","Share absorbed at completion"
"35541",2004-07-01,"Jul 2004","Semi-Detached",60,"Scss","Share absorbed at completion"
"35541",2004-07-01,"Jul 2004","Row",87.8,"Scss","Share absorbed at completion"
"35541",2004-07-01,"Jul 2004","Apartment",83.3,"Scss","Share absorbed at completion"
"35541",2004-07-01,"Jul 2004","All",83.6,"Scss","Share absorbed at completion"
"35541",2004-08-01,"Aug 2004","Single",86.5,"Scss","Share absorbed at completion"
"35541",2004-08-01,"Aug 2004","Semi-Detached",80,"Scss","Share absorbed at completion"
"35541",2004-08-01,"Aug 2004","Row",87.5,"Scss","Share absorbed at completion"
"35541",2004-08-01,"Aug 2004","Apartment",NA,"Scss","Share absorbed at completion"
"35541",2004-08-01,"Aug 2004","All",86,"Scss","Share absorbed at completion"
"35541",2004-09-01,"Sep 2004","Single",89.3,"Scss","Share absorbed at completion"
"35541",2004-09-01,"Sep 2004","Semi-Detached",66.7,"Scss","Share absorbed at completion"
"35541",2004-09-01,"Sep 2004","Row",95.8,"Scss","Share absorbed at completion"
"35541",2004-09-01,"Sep 2004","Apartment",NA,"Scss","Share absorbed at completion"
"35541",2004-09-01,"Sep 2004","All",88.5,"Scss","Share absorbed at completion"
"35541",2004-10-01,"Oct 2004","Single",93.9,"Scss","Share absorbed at completion"
"35541",2004-10-01,"Oct 2004","Semi-Detached",90,"Scss","Share absorbed at completion"
"35541",2004-10-01,"Oct 2004","Row",67.7,"Scss","Share absorbed at completion"
"35541",2004-10-01,"Oct 2004","Apartment",NA,"Scss","Share absorbed at completion"
"35541",2004-10-01,"Oct 2004","All",90.3,"Scss","Share absorbed at completion"
"35541",2004-11-01,"Nov 2004","Single",80.5,"Scss","Share absorbed at completion"
"35541",2004-11-01,"Nov 2004","Semi-Detached",83.3,"Scss","Share absorbed at completion"
"35541",2004-11-01,"Nov 2004","Row",94.7,"Scss","Share absorbed at completion"
"35541",2004-11-01,"Nov 2004","Apartment",NA,"Scss","Share absorbed at completion"
"35541",2004-11-01,"Nov 2004","All",81.6,"Scss","Share absorbed at completion"
"35541",2004-12-01,"Dec 2004","Single",89.3,"Scss","Share absorbed at completion"
"35541",2004-12-01,"Dec 2004","Semi-Detached",75,"Scss","Share absorbed at completion"
"35541",2004-12-01,"Dec 2004","Row",96.8,"Scss","Share absorbed at completion"
"35541",2004-12-01,"Dec 2004","Apartment",100,"Scss","Share absorbed at completion"
"35541",2004-12-01,"Dec 2004","All",91.3,"Scss","Share absorbed at completion"
"35541",2005-01-01,"Jan 2005","Single",86.9,"Scss","Share absorbed at completion"
"35541",2005-01-01,"Jan 2005","Semi-Detached",50,"Scss","Share absorbed at completion"
"35541",2005-01-01,"Jan 2005","Row",92.1,"Scss","Share absorbed at completion"
"35541",2005-01-01,"Jan 2005","Apartment",NA,"Scss","Share absorbed at completion"
"35541",2005-01-01,"Jan 2005","All",87.8,"Scss","Share absorbed at completion"
"35541",2005-02-01,"Feb 2005","Single",73.6,"Scss","Share absorbed at completion"
"35541",2005-02-01,"Feb 2005","Semi-Detached",100,"Scss","Share absorbed at completion"
"35541",2005-02-01,"Feb 2005","Row",93.3,"Scss","Share absorbed at completion"
"35541",2005-02-01,"Feb 2005","Apartment",NA,"Scss","Share absorbed at completion"
"35541",2005-02-01,"Feb 2005","All",76.1,"Scss","Share absorbed at completion"
"35541",2005-03-01,"Mar 2005","Single",76.1,"Scss","Share absorbed at completion"
"35541",2005-03-01,"Mar 2005","Semi-Detached",100,"Scss","Share absorbed at completion"
"35541",2005-03-01,"Mar 2005","Row",100,"Scss","Share absorbed at completion"
"35541",2005-03-01,"Mar 2005","Apartment",100,"Scss","Share absorbed at completion"
"35541",2005-03-01,"Mar 2005","All",81.7,"Scss","Share absorbed at completion"
"35541",2005-04-01,"Apr 2005","Single",64.2,"Scss","Share absorbed at completion"
"35541",2005-04-01,"Apr 2005","Semi-Detached",NA,"Scss","Share absorbed at completion"
"35541",2005-04-01,"Apr 2005","Row",100,"Scss","Share absorbed at completion"
"35541",2005-04-01,"Apr 2005","Apartment",100,"Scss","Share absorbed at completion"
"35541",2005-04-01,"Apr 2005","All",69.1,"Scss","Share absorbed at completion"
"35541",2005-05-01,"May 2005","Single",70.3,"Scss","Share absorbed at completion"
"35541",2005-05-01,"May 2005","Semi-Detached",80,"Scss","Share absorbed at completion"
"35541",2005-05-01,"May 2005","Row",100,"Scss","Share absorbed at completion"
"35541",2005-05-01,"May 2005","Apartment",NA,"Scss","Share absorbed at completion"
"35541",2005-05-01,"May 2005","All",71.6,"Scss","Share absorbed at completion"
"35541",2005-06-01,"Jun 2005","Single",76.4,"Scss","Share absorbed at completion"
"35541",2005-06-01,"Jun 2005","Semi-Detached",42.9,"Scss","Share absorbed at completion"
"35541",2005-06-01,"Jun 2005","Row",69.5,"Scss","Share absorbed at completion"
"35541",2005-06-01,"Jun 2005","Apartment",50,"Scss","Share absorbed at completion"
"35541",2005-06-01,"Jun 2005","All",71.4,"Scss","Share absorbed at completion"
"35541",2005-07-01,"Jul 2005","Single",79.1,"Scss","Share absorbed at completion"
"35541",2005-07-01,"Jul 2005","Semi-Detached",100,"Scss","Share absorbed at completion"
"35541",2005-07-01,"Jul 2005","Row",79.1,"Scss","Share absorbed at completion"
"35541",2005-07-01,"Jul 2005","Apartment",100,"Scss","Share absorbed at completion"
"35541",2005-07-01,"Jul 2005","All",80,"Scss","Share absorbed at completion"
"35541",2005-08-01,"Aug 2005","Single",77.7,"Scss","Share absorbed at completion"
"35541",2005-08-01,"Aug 2005","Semi-Detached",100,"Scss","Share absorbed at completion"
"35541",2005-08-01,"Aug 2005","Row",70,"Scss","Share absorbed at completion"
"35541",2005-08-01,"Aug 2005","Apartment",NA,"Scss","Share absorbed at completion"
"35541",2005-08-01,"Aug 2005","All",75.8,"Scss","Share absorbed at completion"
"35541",2005-09-01,"Sep 2005","Single",86.8,"Scss","Share absorbed at completion"
"35541",2005-09-01,"Sep 2005","Semi-Detached",72.2,"Scss","Share absorbed at completion"
"35541",2005-09-01,"Sep 2005","Row",81.8,"Scss","Share absorbed at completion"
"35541",2005-09-01,"Sep 2005","Apartment",NA,"Scss","Share absorbed at completion"
"35541",2005-09-01,"Sep 2005","All",85,"Scss","Share absorbed at completion"
"35541",2005-10-01,"Oct 2005","Single",85.8,"Scss","Share absorbed at completion"
"35541",2005-10-01,"Oct 2005","Semi-Detached",50,"Scss","Share absorbed at completion"
"35541",2005-10-01,"Oct 2005","Row",93.2,"Scss","Share absorbed at completion"
"35541",2005-10-01,"Oct 2005","Apartment",NA,"Scss","Share absorbed at completion"
"35541",2005-10-01,"Oct 2005","All",86.4,"Scss","Share absorbed at completion"
"35541",2005-11-01,"Nov 2005","Single",82.2,"Scss","Share absorbed at completion"
"35541",2005-11-01,"Nov 2005","Semi-Detached",88.9,"Scss","Share absorbed at completion"
"35541",2005-11-01,"Nov 2005","Row",83.2,"Scss","Share absorbed at completion"
"35541",2005-11-01,"Nov 2005","Apartment",NA,"Scss","Share absorbed at completion"
"35541",2005-11-01,"Nov 2005","All",82.9,"Scss","Share absorbed at completion"
"35541",2005-12-01,"Dec 2005","Single",90.5,"Scss","Share absorbed at completion"
"35541",2005-12-01,"Dec 2005","Semi-Detached",100,"Scss","Share absorbed at completion"
"35541",2005-12-01,"Dec 2005","Row",80,"Scss","Share absorbed at completion"
"35541",2005-12-01,"Dec 2005","Apartment",NA,"Scss","Share absorbed at completion"
"35541",2005-12-01,"Dec 2005","All",87.4,"Scss","Share absorbed at completion"
"35541",2006-01-01,"Jan 2006","Single",72.4,"Scss","Share absorbed at completion"
"35541",2006-01-01,"Jan 2006","Semi-Detached",85.7,"Scss","Share absorbed at completion"
"35541",2006-01-01,"Jan 2006","Row",94.6,"Scss","Share absorbed at completion"
"35541",2006-01-01,"Jan 2006","Apartment",NA,"Scss","Share absorbed at completion"
"35541",2006-01-01,"Jan 2006","All",78.4,"Scss","Share absorbed at completion"
"35541",2006-02-01,"Feb 2006","Single",73.8,"Scss","Share absorbed at completion"
"35541",2006-02-01,"Feb 2006","Semi-Detached",78.6,"Scss","Share absorbed at completion"
"35541",2006-02-01,"Feb 2006","Row",84.1,"Scss","Share absorbed at completion"
"35541",2006-02-01,"Feb 2006","Apartment",NA,"Scss","Share absorbed at completion"
"35541",2006-02-01,"Feb 2006","All",77.3,"Scss","Share absorbed at completion"
"35541",2006-03-01,"Mar 2006","Single",73,"Scss","Share absorbed at completion"
"35541",2006-03-01,"Mar 2006","Semi-Detached",93.8,"Scss","Share absorbed at completion"
"35541",2006-03-01,"Mar 2006","Row",53.6,"Scss","Share absorbed at completion"
"35541",2006-03-01,"Mar 2006","Apartment",NA,"Scss","Share absorbed at completion"
"35541",2006-03-01,"Mar 2006","All",69.2,"Scss","Share absorbed at completion"
"35541",2006-04-01,"Apr 2006","Single",76.5,"Scss","Share absorbed at completion"
"35541",2006-04-01,"Apr 2006","Semi-Detached",25,"Scss","Share absorbed at completion"
"35541",2006-04-01,"Apr 2006","Row",44.2,"Scss","Share absorbed at completion"
"35541",2006-04-01,"Apr 2006","Apartment",NA,"Scss","Share absorbed at completion"
"35541",2006-04-01,"Apr 2006","All",61.7,"Scss","Share absorbed at completion"
"35541",2006-05-01,"May 2006","Single",69,"Scss","Share absorbed at completion"
"35541",2006-05-01,"May 2006","Semi-Detached",60,"Scss","Share absorbed at completion"
"35541",2006-05-01,"May 2006","Row",62.5,"Scss","Share absorbed at completion"
"35541",2006-05-01,"May 2006","Apartment",NA,"Scss","Share absorbed at completion"
"35541",2006-05-01,"May 2006","All",67.7,"Scss","Share absorbed at completion"
"35541",2006-06-01,"Jun 2006","Single",74.1,"Scss","Share absorbed at completion"
"35541",2006-06-01,"Jun 2006","Semi-Detached",66.7,"Scss","Share absorbed at completion"
"35541",2006-06-01,"Jun 2006","Row",64,"Scss","Share absorbed at completion"
"35541",2006-06-01,"Jun 2006","Apartment",NA,"Scss","Share absorbed at completion"
"35541",2006-06-01,"Jun 2006","All",70.4,"Scss","Share absorbed at completion"
"35541",2006-07-01,"Jul 2006","Single",81.3,"Scss","Share absorbed at completion"
"35541",2006-07-01,"Jul 2006","Semi-Detached",70,"Scss","Share absorbed at completion"
"35541",2006-07-01,"Jul 2006","Row",96.3,"Scss","Share absorbed at completion"
"35541",2006-07-01,"Jul 2006","Apartment",NA,"Scss","Share absorbed at completion"
"35541",2006-07-01,"Jul 2006","All",82.1,"Scss","Share absorbed at completion"
"35541",2006-08-01,"Aug 2006","Single",74.1,"Scss","Share absorbed at completion"
"35541",2006-08-01,"Aug 2006","Semi-Detached",27.8,"Scss","Share absorbed at completion"
"35541",2006-08-01,"Aug 2006","Row",74.7,"Scss","Share absorbed at completion"
"35541",2006-08-01,"Aug 2006","Apartment",NA,"Scss","Share absorbed at completion"
"35541",2006-08-01,"Aug 2006","All",71.2,"Scss","Share absorbed at completion"
"35541",2006-09-01,"Sep 2006","Single",74.2,"Scss","Share absorbed at completion"
"35541",2006-09-01,"Sep 2006","Semi-Detached",80,"Scss","Share absorbed at completion"
"35541",2006-09-01,"Sep 2006","Row",70.7,"Scss","Share absorbed at completion"
"35541",2006-09-01,"Sep 2006","Apartment",NA,"Scss","Share absorbed at completion"
"35541",2006-09-01,"Sep 2006","All",74.1,"Scss","Share absorbed at completion"
"35541",2006-10-01,"Oct 2006","Single",75.3,"Scss","Share absorbed at completion"
"35541",2006-10-01,"Oct 2006","Semi-Detached",75,"Scss","Share absorbed at completion"
"35541",2006-10-01,"Oct 2006","Row",66.3,"Scss","Share absorbed at completion"
"35541",2006-10-01,"Oct 2006","Apartment",NA,"Scss","Share absorbed at completion"
"35541",2006-10-01,"Oct 2006","All",71.5,"Scss","Share absorbed at completion"
"35541",2006-11-01,"Nov 2006","Single",76,"Scss","Share absorbed at completion"
"35541",2006-11-01,"Nov 2006","Semi-Detached",90.9,"Scss","Share absorbed at completion"
"35541",2006-11-01,"Nov 2006","Row",60.9,"Scss","Share absorbed at completion"
"35541",2006-11-01,"Nov 2006","Apartment",NA,"Scss","Share absorbed at completion"
"35541",2006-11-01,"Nov 2006","All",74.5,"Scss","Share absorbed at completion"
"35541",2006-12-01,"Dec 2006","Single",84.8,"Scss","Share absorbed at completion"
"35541",2006-12-01,"Dec 2006","Semi-Detached",68.2,"Scss","Share absorbed at completion"
"35541",2006-12-01,"Dec 2006","Row",66.7,"Scss","Share absorbed at completion"
"35541",2006-12-01,"Dec 2006","Apartment",NA,"Scss","Share absorbed at completion"
"35541",2006-12-01,"Dec 2006","All",77.9,"Scss","Share absorbed at completion"
"35541",2007-01-01,"Jan 2007","Single",75.9,"Scss","Share absorbed at completion"
"35541",2007-01-01,"Jan 2007","Semi-Detached",75,"Scss","Share absorbed at completion"
"35541",2007-01-01,"Jan 2007","Row",42.2,"Scss","Share absorbed at completion"
"35541",2007-01-01,"Jan 2007","Apartment",75.3,"Scss","Share absorbed at completion"
"35541",2007-01-01,"Jan 2007","All",68.9,"Scss","Share absorbed at completion"
"35541",2007-02-01,"Feb 2007","Single",83.1,"Scss","Share absorbed at completion"
"35541",2007-02-01,"Feb 2007","Semi-Detached",50,"Scss","Share absorbed at completion"
"35541",2007-02-01,"Feb 2007","Row",66.7,"Scss","Share absorbed at completion"
"35541",2007-02-01,"Feb 2007","Apartment",NA,"Scss","Share absorbed at completion"
"35541",2007-02-01,"Feb 2007","All",74.3,"Scss","Share absorbed at completion"
"35541",2007-03-01,"Mar 2007","Single",65.9,"Scss","Share absorbed at completion"
"35541",2007-03-01,"Mar 2007","Semi-Detached",75,"Scss","Share absorbed at completion"
"35541",2007-03-01,"Mar 2007","Row",29.7,"Scss","Share absorbed at completion"
"35541",2007-03-01,"Mar 2007","Apartment",0,"Scss","Share absorbed at completion"
"35541",2007-03-01,"Mar 2007","All",54.7,"Scss","Share absorbed at completion"
"35541",2007-04-01,"Apr 2007","Single",74.5,"Scss","Share absorbed at completion"
"35541",2007-04-01,"Apr 2007","Semi-Detached",100,"Scss","Share absorbed at completion"
"35541",2007-04-01,"Apr 2007","Row",42.9,"Scss","Share absorbed at completion"
"35541",2007-04-01,"Apr 2007","Apartment",NA,"Scss","Share absorbed at completion"
"35541",2007-04-01,"Apr 2007","All",66.5,"Scss","Share absorbed at completion"
"35541",2007-05-01,"May 2007","Single",68.2,"Scss","Share absorbed at completion"
"35541",2007-05-01,"May 2007","Semi-Detached",0,"Scss","Share absorbed at completion"
"35541",2007-05-01,"May 2007","Row",76.4,"Scss","Share absorbed at completion"
"35541",2007-05-01,"May 2007","Apartment",NA,"Scss","Share absorbed at completion"
"35541",2007-05-01,"May 2007","All",70.4,"Scss","Share absorbed at completion"
"35541",2007-06-01,"Jun 2007","Single",70.6,"Scss","Share absorbed at completion"
"35541",2007-06-01,"Jun 2007","Semi-Detached",83.3,"Scss","Share absorbed at completion"
"35541",2007-06-01,"Jun 2007","Row",83.3,"Scss","Share absorbed at completion"
"35541",2007-06-01,"Jun 2007","Apartment",100,"Scss","Share absorbed at completion"
"35541",2007-06-01,"Jun 2007","All",74.5,"Scss","Share absorbed at completion"
"35541",2007-07-01,"Jul 2007","Single",84.2,"Scss","Share absorbed at completion"
"35541",2007-07-01,"Jul 2007","Semi-Detached",80,"Scss","Share absorbed at completion"
"35541",2007-07-01,"Jul 2007","Row",84.2,"Scss","Share absorbed at completion"
"35541",2007-07-01,"Jul 2007","Apartment",NA,"Scss","Share absorbed at completion"
"35541",2007-07-01,"Jul 2007","All",83.9,"Scss","Share absorbed at completion"
"35541",2007-08-01,"Aug 2007","Single",77.3,"Scss","Share absorbed at completion"
"35541",2007-08-01,"Aug 2007","Semi-Detached",66.7,"Scss","Share absorbed at completion"
"35541",2007-08-01,"Aug 2007","Row",77.4,"Scss","Share absorbed at completion"
"35541",2007-08-01,"Aug 2007","Apartment",NA,"Scss","Share absorbed at completion"
"35541",2007-08-01,"Aug 2007","All",76.1,"Scss","Share absorbed at completion"
"35541",2007-09-01,"Sep 2007","Single",75.7,"Scss","Share absorbed at completion"
"35541",2007-09-01,"Sep 2007","Semi-Detached",81.8,"Scss","Share absorbed at completion"
"35541",2007-09-01,"Sep 2007","Row",80.8,"Scss","Share absorbed at completion"
"35541",2007-09-01,"Sep 2007","Apartment",96.9,"Scss","Share absorbed at completion"
"35541",2007-09-01,"Sep 2007","All",81.7,"Scss","Share absorbed at completion"
"35541",2007-10-01,"Oct 2007","Single",75,"Scss","Share absorbed at completion"
"35541",2007-10-01,"Oct 2007","Semi-Detached",70.8,"Scss","Share absorbed at completion"
"35541",2007-10-01,"Oct 2007","Row",65.5,"Scss","Share absorbed at completion"
"35541",2007-10-01,"Oct 2007","Apartment",NA,"Scss","Share absorbed at completion"
"35541",2007-10-01,"Oct 2007","All",72.1,"Scss","Share absorbed at completion"
"35541",2007-11-01,"Nov 2007","Single",89.1,"Scss","Share absorbed at completion"
"35541",2007-11-01,"Nov 2007","Semi-Detached",87.5,"Scss","Share absorbed at completion"
"35541",2007-11-01,"Nov 2007","Row",60.5,"Scss","Share absorbed at completion"
"35541",2007-11-01,"Nov 2007","Apartment",54.8,"Scss","Share absorbed at completion"
"35541",2007-11-01,"Nov 2007","All",71.5,"Scss","Share absorbed at completion"
"35541",2007-12-01,"Dec 2007","Single",80.4,"Scss","Share absorbed at completion"
"35541",2007-12-01,"Dec 2007","Semi-Detached",65.2,"Scss","Share absorbed at completion"
"35541",2007-12-01,"Dec 2007","Row",67.9,"Scss","Share absorbed at completion"
"35541",2007-12-01,"Dec 2007","Apartment",NA,"Scss","Share absorbed at completion"
"35541",2007-12-01,"Dec 2007","All",74,"Scss","Share absorbed at completion"
"35541",2008-01-01,"Jan 2008","Single",71.1,"Scss","Share absorbed at completion"
"35541",2008-01-01,"Jan 2008","Semi-Detached",70,"Scss","Share absorbed at completion"
"35541",2008-01-01,"Jan 2008","Row",68.2,"Scss","Share absorbed at completion"
"35541",2008-01-01,"Jan 2008","Apartment",NA,"Scss","Share absorbed at completion"
"35541",2008-01-01,"Jan 2008","All",70.4,"Scss","Share absorbed at completion"
"35541",2008-02-01,"Feb 2008","Single",80,"Scss","Share absorbed at completion"
"35541",2008-02-01,"Feb 2008","Semi-Detached",37.5,"Scss","Share absorbed at completion"
"35541",2008-02-01,"Feb 2008","Row",78.9,"Scss","Share absorbed at completion"
"35541",2008-02-01,"Feb 2008","Apartment",100,"Scss","Share absorbed at completion"
"35541",2008-02-01,"Feb 2008","All",74.4,"Scss","Share absorbed at completion"
"35541",2008-03-01,"Mar 2008","Single",71.7,"Scss","Share absorbed at completion"
"35541",2008-03-01,"Mar 2008","Semi-Detached",83.3,"Scss","Share absorbed at completion"
"35541",2008-03-01,"Mar 2008","Row",82.1,"Scss","Share absorbed at completion"
"35541",2008-03-01,"Mar 2008","Apartment",NA,"Scss","Share absorbed at completion"
"35541",2008-03-01,"Mar 2008","All",75,"Scss","Share absorbed at completion"
"35541",2008-04-01,"Apr 2008","Single",59.5,"Scss","Share absorbed at completion"
"35541",2008-04-01,"Apr 2008","Semi-Detached",63.6,"Scss","Share absorbed at completion"
"35541",2008-04-01,"Apr 2008","Row",78.8,"Scss","Share absorbed at completion"
"35541",2008-04-01,"Apr 2008","Apartment",NA,"Scss","Share absorbed at completion"
"35541",2008-04-01,"Apr 2008","All",64.7,"Scss","Share absorbed at completion"
"35541",2008-05-01,"May 2008","Single",65.4,"Scss","Share absorbed at completion"
"35541",2008-05-01,"May 2008","Semi-Detached",46.4,"Scss","Share absorbed at completion"
"35541",2008-05-01,"May 2008","Row",78,"Scss","Share absorbed at completion"
"35541",2008-05-01,"May 2008","Apartment",87.5,"Scss","Share absorbed at completion"
"35541",2008-05-01,"May 2008","All",68.4,"Scss","Share absorbed at completion"
"35541",2008-06-01,"Jun 2008","Single",67.2,"Scss","Share absorbed at completion"
"35541",2008-06-01,"Jun 2008","Semi-Detached",42.9,"Scss","Share absorbed at completion"
"35541",2008-06-01,"Jun 2008","Row",60.4,"Scss","Share absorbed at completion"
"35541",2008-06-01,"Jun 2008","Apartment",NA,"Scss","Share absorbed at completion"
"35541",2008-06-01,"Jun 2008","All",63.4,"Scss","Share absorbed at completion"
"35541",2008-07-01,"Jul 2008","Single",63.4,"Scss","Share absorbed at completion"
"35541",2008-07-01,"Jul 2008","Semi-Detached",70,"Scss","Share absorbed at completion"
"35541",2008-07-01,"Jul 2008","Row",62.5,"Scss","Share absorbed at completion"
"35541",2008-07-01,"Jul 2008","Apartment",NA,"Scss","Share absorbed at completion"
"35541",2008-07-01,"Jul 2008","All",63.8,"Scss","Share absorbed at completion"
"35541",2008-08-01,"Aug 2008","Single",65.8,"Scss","Share absorbed at completion"
"35541",2008-08-01,"Aug 2008","Semi-Detached",50,"Scss","Share absorbed at completion"
"35541",2008-08-01,"Aug 2008","Row",84.2,"Scss","Share absorbed at completion"
"35541",2008-08-01,"Aug 2008","Apartment",NA,"Scss","Share absorbed at completion"
"35541",2008-08-01,"Aug 2008","All",71.5,"Scss","Share absorbed at completion"
"35541",2008-09-01,"Sep 2008","Single",69.9,"Scss","Share absorbed at completion"
"35541",2008-09-01,"Sep 2008","Semi-Detached",40,"Scss","Share absorbed at completion"
"35541",2008-09-01,"Sep 2008","Row",86.7,"Scss","Share absorbed at completion"
"35541",2008-09-01,"Sep 2008","Apartment",0,"Scss","Share absorbed at completion"
"35541",2008-09-01,"Sep 2008","All",69.3,"Scss","Share absorbed at completion"
"35541",2008-10-01,"Oct 2008","Single",51.1,"Scss","Share absorbed at completion"
"35541",2008-10-01,"Oct 2008","Semi-Detached",50,"Scss","Share absorbed at completion"
"35541",2008-10-01,"Oct 2008","Row",74.1,"Scss","Share absorbed at completion"
"35541",2008-10-01,"Oct 2008","Apartment",NA,"Scss","Share absorbed at completion"
"35541",2008-10-01,"Oct 2008","All",59.9,"Scss","Share absorbed at completion"
"35541",2008-11-01,"Nov 2008","Single",76.6,"Scss","Share absorbed at completion"
"35541",2008-11-01,"Nov 2008","Semi-Detached",62.5,"Scss","Share absorbed at completion"
"35541",2008-11-01,"Nov 2008","Row",97.1,"Scss","Share absorbed at completion"
"35541",2008-11-01,"Nov 2008","Apartment",NA,"Scss","Share absorbed at completion"
"35541",2008-11-01,"Nov 2008","All",79.9,"Scss","Share absorbed at completion"
"35541",2008-12-01,"Dec 2008","Single",81.6,"Scss","Share absorbed at completion"
"35541",2008-12-01,"Dec 2008","Semi-Detached",33.3,"Scss","Share absorbed at completion"
"35541",2008-12-01,"Dec 2008","Row",89.7,"Scss","Share absorbed at completion"
"35541",2008-12-01,"Dec 2008","Apartment",0,"Scss","Share absorbed at completion"
"35541",2008-12-01,"Dec 2008","All",79.6,"Scss","Share absorbed at completion"
"35541",2009-01-01,"Jan 2009","Single",78,"Scss","Share absorbed at completion"
"35541",2009-01-01,"Jan 2009","Semi-Detached",50,"Scss","Share absorbed at completion"
"35541",2009-01-01,"Jan 2009","Row",92,"Scss","Share absorbed at completion"
"35541",2009-01-01,"Jan 2009","Apartment",NA,"Scss","Share absorbed at completion"
"35541",2009-01-01,"Jan 2009","All",80.2,"Scss","Share absorbed at completion"
"35541",2009-02-01,"Feb 2009","Single",85,"Scss","Share absorbed at completion"
"35541",2009-02-01,"Feb 2009","Semi-Detached",70,"Scss","Share absorbed at completion"
"35541",2009-02-01,"Feb 2009","Row",79.4,"Scss","Share absorbed at completion"
"35541",2009-02-01,"Feb 2009","Apartment",NA,"Scss","Share absorbed at completion"
"35541",2009-02-01,"Feb 2009","All",82.1,"Scss","Share absorbed at completion"
"35541",2009-03-01,"Mar 2009","Single",79.7,"Scss","Share absorbed at completion"
"35541",2009-03-01,"Mar 2009","Semi-Detached",25,"Scss","Share absorbed at completion"
"35541",2009-03-01,"Mar 2009","Row",56.3,"Scss","Share absorbed at completion"
"35541",2009-03-01,"Mar 2009","Apartment",NA,"Scss","Share absorbed at completion"
"35541",2009-03-01,"Mar 2009","All",70.7,"Scss","Share absorbed at completion"
"35541",2009-04-01,"Apr 2009","Single",85.6,"Scss","Share absorbed at completion"
"35541",2009-04-01,"Apr 2009","Semi-Detached",50,"Scss","Share absorbed at completion"
"35541",2009-04-01,"Apr 2009","Row",63,"Scss","Share absorbed at completion"
"35541",2009-04-01,"Apr 2009","Apartment",NA,"Scss","Share absorbed at completion"
"35541",2009-04-01,"Apr 2009","All",77.9,"Scss","Share absorbed at completion"
"35541",2009-05-01,"May 2009","Single",81,"Scss","Share absorbed at completion"
"35541",2009-05-01,"May 2009","Semi-Detached",100,"Scss","Share absorbed at completion"
"35541",2009-05-01,"May 2009","Row",82.4,"Scss","Share absorbed at completion"
"35541",2009-05-01,"May 2009","Apartment",13.3,"Scss","Share absorbed at completion"
"35541",2009-05-01,"May 2009","All",43.2,"Scss","Share absorbed at completion"
"35541",2009-06-01,"Jun 2009","Single",87,"Scss","Share absorbed at completion"
"35541",2009-06-01,"Jun 2009","Semi-Detached",50,"Scss","Share absorbed at completion"
"35541",2009-06-01,"Jun 2009","Row",82.5,"Scss","Share absorbed at completion"
"35541",2009-06-01,"Jun 2009","Apartment",NA,"Scss","Share absorbed at completion"
"35541",2009-06-01,"Jun 2009","All",85.2,"Scss","Share absorbed at completion"
"35541",2009-07-01,"Jul 2009","Single",82,"Scss","Share absorbed at completion"
"35541",2009-07-01,"Jul 2009","Semi-Detached",NA,"Scss","Share absorbed at completion"
"35541",2009-07-01,"Jul 2009","Row",57.8,"Scss","Share absorbed at completion"
"35541",2009-07-01,"Jul 2009","Apartment",NA,"Scss","Share absorbed at completion"
"35541",2009-07-01,"Jul 2009","All",72.5,"Scss","Share absorbed at completion"
"35541",2009-08-01,"Aug 2009","Single",86.8,"Scss","Share absorbed at completion"
"35541",2009-08-01,"Aug 2009","Semi-Detached",91.7,"Scss","Share absorbed at completion"
"35541",2009-08-01,"Aug 2009","Row",95.1,"Scss","Share absorbed at completion"
"35541",2009-08-01,"Aug 2009","Apartment",NA,"Scss","Share absorbed at completion"
"35541",2009-08-01,"Aug 2009","All",89.1,"Scss","Share absorbed at completion"
"35541",2009-09-01,"Sep 2009","Single",87.1,"Scss","Share absorbed at completion"
"35541",2009-09-01,"Sep 2009","Semi-Detached",100,"Scss","Share absorbed at completion"
"35541",2009-09-01,"Sep 2009","Row",96,"Scss","Share absorbed at completion"
"35541",2009-09-01,"Sep 2009","Apartment",NA,"Scss","Share absorbed at completion"
"35541",2009-09-01,"Sep 2009","All",90.9,"Scss","Share absorbed at completion"
"35541",2009-10-01,"Oct 2009","Single",89.5,"Scss","Share absorbed at completion"
"35541",2009-10-01,"Oct 2009","Semi-Detached",100,"Scss","Share absorbed at completion"
"35541",2009-10-01,"Oct 2009","Row",81.7,"Scss","Share absorbed at completion"
"35541",2009-10-01,"Oct 2009","Apartment",100,"Scss","Share absorbed at completion"
"35541",2009-10-01,"Oct 2009","All",89.8,"Scss","Share absorbed at completion"
"35541",2009-11-01,"Nov 2009","Single",83.7,"Scss","Share absorbed at completion"
"35541",2009-11-01,"Nov 2009","Semi-Detached",100,"Scss","Share absorbed at completion"
"35541",2009-11-01,"Nov 2009","Row",66.7,"Scss","Share absorbed at completion"
"35541",2009-11-01,"Nov 2009","Apartment",37.5,"Scss","Share absorbed at completion"
"35541",2009-11-01,"Nov 2009","All",79.3,"Scss","Share absorbed at completion"
"35541",2009-12-01,"Dec 2009","Single",92.4,"Scss","Share absorbed at completion"
"35541",2009-12-01,"Dec 2009","Semi-Detached",100,"Scss","Share absorbed at completion"
"35541",2009-12-01,"Dec 2009","Row",100,"Scss","Share absorbed at completion"
"35541",2009-12-01,"Dec 2009","Apartment",100,"Scss","Share absorbed at completion"
"35541",2009-12-01,"Dec 2009","All",95.7,"Scss","Share absorbed at completion"
"35541",2010-01-01,"Jan 2010","Single",87.4,"Scss","Share absorbed at completion"
"35541",2010-01-01,"Jan 2010","Semi-Detached",50,"Scss","Share absorbed at completion"
"35541",2010-01-01,"Jan 2010","Row",86,"Scss","Share absorbed at completion"
"35541",2010-01-01,"Jan 2010","Apartment",NA,"Scss","Share absorbed at completion"
"35541",2010-01-01,"Jan 2010","All",86.4,"Scss","Share absorbed at completion"
"35541",2010-02-01,"Feb 2010","Single",77,"Scss","Share absorbed at completion"
"35541",2010-02-01,"Feb 2010","Semi-Detached",0,"Scss","Share absorbed at completion"
"35541",2010-02-01,"Feb 2010","Row",77.5,"Scss","Share absorbed at completion"
"35541",2010-02-01,"Feb 2010","Apartment",50,"Scss","Share absorbed at completion"
"35541",2010-02-01,"Feb 2010","All",74.8,"Scss","Share absorbed at completion"
"35541",2010-03-01,"Mar 2010","Single",85.7,"Scss","Share absorbed at completion"
"35541",2010-03-01,"Mar 2010","Semi-Detached",50,"Scss","Share absorbed at completion"
"35541",2010-03-01,"Mar 2010","Row",94.8,"Scss","Share absorbed at completion"
"35541",2010-03-01,"Mar 2010","Apartment",82.1,"Scss","Share absorbed at completion"
"35541",2010-03-01,"Mar 2010","All",87.4,"Scss","Share absorbed at completion"
"35541",2010-04-01,"Apr 2010","Single",90.8,"Scss","Share absorbed at completion"
"35541",2010-04-01,"Apr 2010","Semi-Detached",54.5,"Scss","Share absorbed at completion"
"35541",2010-04-01,"Apr 2010","Row",87.3,"Scss","Share absorbed at completion"
"35541",2010-04-01,"Apr 2010","Apartment",50,"Scss","Share absorbed at completion"
"35541",2010-04-01,"Apr 2010","All",84.8,"Scss","Share absorbed at completion"
"35541",2010-05-01,"May 2010","Single",91.5,"Scss","Share absorbed at completion"
"35541",2010-05-01,"May 2010","Semi-Detached",83.3,"Scss","Share absorbed at completion"
"35541",2010-05-01,"May 2010","Row",75,"Scss","Share absorbed at completion"
"35541",2010-05-01,"May 2010","Apartment",35,"Scss","Share absorbed at completion"
"35541",2010-05-01,"May 2010","All",84.1,"Scss","Share absorbed at completion"
"35541",2010-06-01,"Jun 2010","Single",93.3,"Scss","Share absorbed at completion"
"35541",2010-06-01,"Jun 2010","Semi-Detached",50,"Scss","Share absorbed at completion"
"35541",2010-06-01,"Jun 2010","Row",83.5,"Scss","Share absorbed at completion"
"35541",2010-06-01,"Jun 2010","Apartment",100,"Scss","Share absorbed at completion"
"35541",2010-06-01,"Jun 2010","All",87.5,"Scss","Share absorbed at completion"
"35541",2010-07-01,"Jul 2010","Single",89.9,"Scss","Share absorbed at completion"
"35541",2010-07-01,"Jul 2010","Semi-Detached",75,"Scss","Share absorbed at completion"
"35541",2010-07-01,"Jul 2010","Row",100,"Scss","Share absorbed at completion"
"35541",2010-07-01,"Jul 2010","Apartment",100,"Scss","Share absorbed at completion"
"35541",2010-07-01,"Jul 2010","All",92.7,"Scss","Share absorbed at completion"
"35541",2010-08-01,"Aug 2010","Single",88.1,"Scss","Share absorbed at completion"
"35541",2010-08-01,"Aug 2010","Semi-Detached",62.5,"Scss","Share absorbed at completion"
"35541",2010-08-01,"Aug 2010","Row",70,"Scss","Share absorbed at completion"
"35541",2010-08-01,"Aug 2010","Apartment",NA,"Scss","Share absorbed at completion"
"35541",2010-08-01,"Aug 2010","All",84.4,"Scss","Share absorbed at completion"
"35541",2010-09-01,"Sep 2010","Single",89.3,"Scss","Share absorbed at completion"
"35541",2010-09-01,"Sep 2010","Semi-Detached",80,"Scss","Share absorbed at completion"
"35541",2010-09-01,"Sep 2010","Row",94.1,"Scss","Share absorbed at completion"
"35541",2010-09-01,"Sep 2010","Apartment",NA,"Scss","Share absorbed at completion"
"35541",2010-09-01,"Sep 2010","All",90.2,"Scss","Share absorbed at completion"
"35541",2010-10-01,"Oct 2010","Single",81.6,"Scss","Share absorbed at completion"
"35541",2010-10-01,"Oct 2010","Semi-Detached",83.3,"Scss","Share absorbed at completion"
"35541",2010-10-01,"Oct 2010","Row",75.9,"Scss","Share absorbed at completion"
"35541",2010-10-01,"Oct 2010","Apartment",NA,"Scss","Share absorbed at completion"
"35541",2010-10-01,"Oct 2010","All",80.4,"Scss","Share absorbed at completion"
"35541",2010-11-01,"Nov 2010","Single",83,"Scss","Share absorbed at completion"
"35541",2010-11-01,"Nov 2010","Semi-Detached",64.3,"Scss","Share absorbed at completion"
"35541",2010-11-01,"Nov 2010","Row",88.7,"Scss","Share absorbed at completion"
"35541",2010-11-01,"Nov 2010","Apartment",NA,"Scss","Share absorbed at completion"
"35541",2010-11-01,"Nov 2010","All",83.2,"Scss","Share absorbed at completion"
"35541",2010-12-01,"Dec 2010","Single",84.6,"Scss","Share absorbed at completion"
"35541",2010-12-01,"Dec 2010","Semi-Detached",100,"Scss","Share absorbed at completion"
"35541",2010-12-01,"Dec 2010","Row",85.7,"Scss","Share absorbed at completion"
"35541",2010-12-01,"Dec 2010","Apartment",NA,"Scss","Share absorbed at completion"
"35541",2010-12-01,"Dec 2010","All",85.5,"Scss","Share absorbed at completion"
"35541",2011-01-01,"Jan 2011","Single",76.6,"Scss","Share absorbed at completion"
"35541",2011-01-01,"Jan 2011","Semi-Detached",0,"Scss","Share absorbed at completion"
"35541",2011-01-01,"Jan 2011","Row",82.1,"Scss","Share absorbed at completion"
"35541",2011-01-01,"Jan 2011","Apartment",NA,"Scss","Share absorbed at completion"
"35541",2011-01-01,"Jan 2011","All",77.1,"Scss","Share absorbed at completion"
"35541",2011-02-01,"Feb 2011","Single",89.8,"Scss","Share absorbed at completion"
"35541",2011-02-01,"Feb 2011","Semi-Detached",NA,"Scss","Share absorbed at completion"
"35541",2011-02-01,"Feb 2011","Row",89.7,"Scss","Share absorbed at completion"
"35541",2011-02-01,"Feb 2011","Apartment",NA,"Scss","Share absorbed at completion"
"35541",2011-02-01,"Feb 2011","All",89.7,"Scss","Share absorbed at completion"
"35541",2011-03-01,"Mar 2011","Single",84,"Scss","Share absorbed at completion"
"35541",2011-03-01,"Mar 2011","Semi-Detached",87.5,"Scss","Share absorbed at completion"
"35541",2011-03-01,"Mar 2011","Row",80,"Scss","Share absorbed at completion"
"35541",2011-03-01,"Mar 2011","Apartment",NA,"Scss","Share absorbed at completion"
"35541",2011-03-01,"Mar 2011","All",82.6,"Scss","Share absorbed at completion"
"35541",2011-04-01,"Apr 2011","Single",83.3,"Scss","Share absorbed at completion"
"35541",2011-04-01,"Apr 2011","Semi-Detached",NA,"Scss","Share absorbed at completion"
"35541",2011-04-01,"Apr 2011","Row",79.4,"Scss","Share absorbed at completion"
"35541",2011-04-01,"Apr 2011","Apartment",NA,"Scss","Share absorbed at completion"
"35541",2011-04-01,"Apr 2011","All",81.6,"Scss","Share absorbed at completion"
"35541",2011-05-01,"May 2011","Single",78.2,"Scss","Share absorbed at completion"
"35541",2011-05-01,"May 2011","Semi-Detached",33.3,"Scss","Share absorbed at completion"
"35541",2011-05-01,"May 2011","Row",100,"Scss","Share absorbed at completion"
"35541",2011-05-01,"May 2011","Apartment",NA,"Scss","Share absorbed at completion"
"35541",2011-05-01,"May 2011","All",79.3,"Scss","Share absorbed at completion"
"35541",2011-06-01,"Jun 2011","Single",81.3,"Scss","Share absorbed at completion"
"35541",2011-06-01,"Jun 2011","Semi-Detached",NA,"Scss","Share absorbed at completion"
"35541",2011-06-01,"Jun 2011","Row",93.3,"Scss","Share absorbed at completion"
"35541",2011-06-01,"Jun 2011","Apartment",71.3,"Scss","Share absorbed at completion"
"35541",2011-06-01,"Jun 2011","All",77.2,"Scss","Share absorbed at completion"
"35541",2011-07-01,"Jul 2011","Single",87.6,"Scss","Share absorbed at completion"
"35541",2011-07-01,"Jul 2011","Semi-Detached",87.5,"Scss","Share absorbed at completion"
"35541",2011-07-01,"Jul 2011","Row",96.4,"Scss","Share absorbed at completion"
"35541",2011-07-01,"Jul 2011","Apartment",NA,"Scss","Share absorbed at completion"
"35541",2011-07-01,"Jul 2011","All",90,"Scss","Share absorbed at completion"
"35541",2011-08-01,"Aug 2011","Single",86.9,"Scss","Share absorbed at completion"
"35541",2011-08-01,"Aug 2011","Semi-Detached",NA,"Scss","Share absorbed at completion"
"35541",2011-08-01,"Aug 2011","Row",66.7,"Scss","Share absorbed at completion"
"35541",2011-08-01,"Aug 2011","Apartment",NA,"Scss","Share absorbed at completion"
"35541",2011-08-01,"Aug 2011","All",84.3,"Scss","Share absorbed at completion"
"35541",2011-09-01,"Sep 2011","Single",81.4,"Scss","Share absorbed at completion"
"35541",2011-09-01,"Sep 2011","Semi-Detached",NA,"Scss","Share absorbed at completion"
"35541",2011-09-01,"Sep 2011","Row",86.1,"Scss","Share absorbed at completion"
"35541",2011-09-01,"Sep 2011","Apartment",75.8,"Scss","Share absorbed at completion"
"35541",2011-09-01,"Sep 2011","All",79.1,"Scss","Share absorbed at completion"
"35541",2011-10-01,"Oct 2011","Single",88.4,"Scss","Share absorbed at completion"
"35541",2011-10-01,"Oct 2011","Semi-Detached",0,"Scss","Share absorbed at completion"
"35541",2011-10-01,"Oct 2011","Row",88.5,"Scss","Share absorbed at completion"
"35541",2011-10-01,"Oct 2011","Apartment",NA,"Scss","Share absorbed at completion"
"35541",2011-10-01,"Oct 2011","All",87.1,"Scss","Share absorbed at completion"
"35541",2011-11-01,"Nov 2011","Single",78.4,"Scss","Share absorbed at completion"
"35541",2011-11-01,"Nov 2011","Semi-Detached",NA,"Scss","Share absorbed at completion"
"35541",2011-11-01,"Nov 2011","Row",62.5,"Scss","Share absorbed at completion"
"35541",2011-11-01,"Nov 2011","Apartment",97.6,"Scss","Share absorbed at completion"
"35541",2011-11-01,"Nov 2011","All",87.1,"Scss","Share absorbed at completion"
"35541",2011-12-01,"Dec 2011","Single",82.8,"Scss","Share absorbed at completion"
"35541",2011-12-01,"Dec 2011","Semi-Detached",NA,"Scss","Share absorbed at completion"
"35541",2011-12-01,"Dec 2011","Row",76,"Scss","Share absorbed at completion"
"35541",2011-12-01,"Dec 2011","Apartment",NA,"Scss","Share absorbed at completion"
"35541",2011-12-01,"Dec 2011","All",81.5,"Scss","Share absorbed at completion"
"35541",2012-01-01,"Jan 2012","Single",76.5,"Scss","Share absorbed at completion"
"35541",2012-01-01,"Jan 2012","Semi-Detached",NA,"Scss","Share absorbed at completion"
"35541",2012-01-01,"Jan 2012","Row",90.9,"Scss","Share absorbed at completion"
"35541",2012-01-01,"Jan 2012","Apartment",NA,"Scss","Share absorbed at completion"
"35541",2012-01-01,"Jan 2012","All",78.3,"Scss","Share absorbed at completion"
"35541",2012-02-01,"Feb 2012","Single",73.9,"Scss","Share absorbed at completion"
"35541",2012-02-01,"Feb 2012","Semi-Detached",50,"Scss","Share absorbed at completion"
"35541",2012-02-01,"Feb 2012","Row",100,"Scss","Share absorbed at completion"
"35541",2012-02-01,"Feb 2012","Apartment",NA,"Scss","Share absorbed at completion"
"35541",2012-02-01,"Feb 2012","All",74.7,"Scss","Share absorbed at completion"
"35541",2012-03-01,"Mar 2012","Single",71.6,"Scss","Share absorbed at completion"
"35541",2012-03-01,"Mar 2012","Semi-Detached",100,"Scss","Share absorbed at completion"
"35541",2012-03-01,"Mar 2012","Row",85.7,"Scss","Share absorbed at completion"
"35541",2012-03-01,"Mar 2012","Apartment",72.1,"Scss","Share absorbed at completion"
"35541",2012-03-01,"Mar 2012","All",73.2,"Scss","Share absorbed at completion"
"35541",2012-04-01,"Apr 2012","Single",80.9,"Scss","Share absorbed at completion"
"35541",2012-04-01,"Apr 2012","Semi-Detached",100,"Scss","Share absorbed at completion"
"35541",2012-04-01,"Apr 2012","Row",47.1,"Scss","Share absorbed at completion"
"35541",2012-04-01,"Apr 2012","Apartment",NA,"Scss","Share absorbed at completion"
"35541",2012-04-01,"Apr 2012","All",73.5,"Scss","Share absorbed at completion"
"35541",2012-05-01,"May 2012","Single",81.4,"Scss","Share absorbed at completion"
"35541",2012-05-01,"May 2012","Semi-Detached",100,"Scss","Share absorbed at completion"
"35541",2012-05-01,"May 2012","Row",77.4,"Scss","Share absorbed at completion"
"35541",2012-05-01,"May 2012","Apartment",NA,"Scss","Share absorbed at completion"
"35541",2012-05-01,"May 2012","All",80.4,"Scss","Share absorbed at completion"
"35541",2012-06-01,"Jun 2012","Single",59.3,"Scss","Share absorbed at completion"
"35541",2012-06-01,"Jun 2012","Semi-Detached",100,"Scss","Share absorbed at completion"
"35541",2012-06-01,"Jun 2012","Row",81.6,"Scss","Share absorbed at completion"
"35541",2012-06-01,"Jun 2012","Apartment",NA,"Scss","Share absorbed at completion"
"35541",2012-06-01,"Jun 2012","All",67.2,"Scss","Share absorbed at completion"
"35541",2012-07-01,"Jul 2012","Single",77.6,"Scss","Share absorbed at completion"
"35541",2012-07-01,"Jul 2012","Semi-Detached",NA,"Scss","Share absorbed at completion"
"35541",2012-07-01,"Jul 2012","Row",90.2,"Scss","Share absorbed at completion"
"35541",2012-07-01,"Jul 2012","Apartment",67.7,"Scss","Share absorbed at completion"
"35541",2012-07-01,"Jul 2012","All",75.7,"Scss","Share absorbed at completion"
"35541",2012-08-01,"Aug 2012","Single",96.8,"Scss","Share absorbed at completion"
"35541",2012-08-01,"Aug 2012","Semi-Detached",NA,"Scss","Share absorbed at completion"
"35541",2012-08-01,"Aug 2012","Row",81.3,"Scss","Share absorbed at completion"
"35541",2012-08-01,"Aug 2012","Apartment",NA,"Scss","Share absorbed at completion"
"35541",2012-08-01,"Aug 2012","All",93.7,"Scss","Share absorbed at completion"
"35541",2012-09-01,"Sep 2012","Single",82.1,"Scss","Share absorbed at completion"
"35541",2012-09-01,"Sep 2012","Semi-Detached",NA,"Scss","Share absorbed at completion"
"35541",2012-09-01,"Sep 2012","Row",57.1,"Scss","Share absorbed at completion"
"35541",2012-09-01,"Sep 2012","Apartment",NA,"Scss","Share absorbed at completion"
"35541",2012-09-01,"Sep 2012","All",74.2,"Scss","Share absorbed at completion"
"35541",2012-10-01,"Oct 2012","Single",70.2,"Scss","Share absorbed at completion"
"35541",2012-10-01,"Oct 2012","Semi-Detached",100,"Scss","Share absorbed at completion"
"35541",2012-10-01,"Oct 2012","Row",65.5,"Scss","Share absorbed at completion"
"35541",2012-10-01,"Oct 2012","Apartment",100,"Scss","Share absorbed at completion"
"35541",2012-10-01,"Oct 2012","All",69.6,"Scss","Share absorbed at completion"
"35541",2012-11-01,"Nov 2012","Single",66.7,"Scss","Share absorbed at completion"
"35541",2012-11-01,"Nov 2012","Semi-Detached",75,"Scss","Share absorbed at completion"
"35541",2012-11-01,"Nov 2012","Row",100,"Scss","Share absorbed at completion"
"35541",2012-11-01,"Nov 2012","Apartment",93.3,"Scss","Share absorbed at completion"
"35541",2012-11-01,"Nov 2012","All",80.2,"Scss","Share absorbed at completion"
"35541",2012-12-01,"Dec 2012","Single",67.7,"Scss","Share absorbed at completion"
"35541",2012-12-01,"Dec 2012","Semi-Detached",83.3,"Scss","Share absorbed at completion"
"35541",2012-12-01,"Dec 2012","Row",77.1,"Scss","Share absorbed at completion"
"35541",2012-12-01,"Dec 2012","Apartment",NA,"Scss","Share absorbed at completion"
"35541",2012-12-01,"Dec 2012","All",71.7,"Scss","Share absorbed at completion"
"35541",2013-01-01,"Jan 2013","Single",66.7,"Scss","Share absorbed at completion"
"35541",2013-01-01,"Jan 2013","Semi-Detached",100,"Scss","Share absorbed at completion"
"35541",2013-01-01,"Jan 2013","Row",57.1,"Scss","Share absorbed at completion"
"35541",2013-01-01,"Jan 2013","Apartment",NA,"Scss","Share absorbed at completion"
"35541",2013-01-01,"Jan 2013","All",64.9,"Scss","Share absorbed at completion"
"35541",2013-02-01,"Feb 2013","Single",88.9,"Scss","Share absorbed at completion"
"35541",2013-02-01,"Feb 2013","Semi-Detached",NA,"Scss","Share absorbed at completion"
"35541",2013-02-01,"Feb 2013","Row",62.5,"Scss","Share absorbed at completion"
"35541",2013-02-01,"Feb 2013","Apartment",100,"Scss","Share absorbed at completion"
"35541",2013-02-01,"Feb 2013","All",84.8,"Scss","Share absorbed at completion"
"35541",2013-03-01,"Mar 2013","Single",64.7,"Scss","Share absorbed at completion"
"35541",2013-03-01,"Mar 2013","Semi-Detached",83.3,"Scss","Share absorbed at completion"
"35541",2013-03-01,"Mar 2013","Row",80,"Scss","Share absorbed at completion"
"35541",2013-03-01,"Mar 2013","Apartment",NA,"Scss","Share absorbed at completion"
"35541",2013-03-01,"Mar 2013","All",68.9,"Scss","Share absorbed at completion"
"35541",2013-04-01,"Apr 2013","Single",86.5,"Scss","Share absorbed at completion"
"35541",2013-04-01,"Apr 2013","Semi-Detached",NA,"Scss","Share absorbed at completion"
"35541",2013-04-01,"Apr 2013","Row",70.2,"Scss","Share absorbed at completion"
"35541",2013-04-01,"Apr 2013","Apartment",NA,"Scss","Share absorbed at completion"
"35541",2013-04-01,"Apr 2013","All",76.6,"Scss","Share absorbed at completion"
"35541",2013-05-01,"May 2013","Single",74.6,"Scss","Share absorbed at completion"
"35541",2013-05-01,"May 2013","Semi-Detached",66.7,"Scss","Share absorbed at completion"
"35541",2013-05-01,"May 2013","Row",88.9,"Scss","Share absorbed at completion"
"35541",2013-05-01,"May 2013","Apartment",NA,"Scss","Share absorbed at completion"
"35541",2013-05-01,"May 2013","All",77.1,"Scss","Share absorbed at completion"
"35541",2013-06-01,"Jun 2013","Single",78.2,"Scss","Share absorbed at completion"
"35541",2013-06-01,"Jun 2013","Semi-Detached",100,"Scss","Share absorbed at completion"
"35541",2013-06-01,"Jun 2013","Row",100,"Scss","Share absorbed at completion"
"35541",2013-06-01,"Jun 2013","Apartment",NA,"Scss","Share absorbed at completion"
"35541",2013-06-01,"Jun 2013","All",84.4,"Scss","Share absorbed at completion"
"35541",2013-07-01,"Jul 2013","Single",75,"Scss","Share absorbed at completion"
"35541",2013-07-01,"Jul 2013","Semi-Detached",60,"Scss","Share absorbed at completion"
"35541",2013-07-01,"Jul 2013","Row",100,"Scss","Share absorbed at completion"
"35541",2013-07-01,"Jul 2013","Apartment",NA,"Scss","Share absorbed at completion"
"35541",2013-07-01,"Jul 2013","All",76.1,"Scss","Share absorbed at completion"
"35541",2013-08-01,"Aug 2013","Single",82.1,"Scss","Share absorbed at completion"
"35541",2013-08-01,"Aug 2013","Semi-Detached",50,"Scss","Share absorbed at completion"
"35541",2013-08-01,"Aug 2013","Row",79.2,"Scss","Share absorbed at completion"
"35541",2013-08-01,"Aug 2013","Apartment",62.5,"Scss","Share absorbed at completion"
"35541",2013-08-01,"Aug 2013","All",79.2,"Scss","Share absorbed at completion"
"35541",2013-09-01,"Sep 2013","Single",76.3,"Scss","Share absorbed at completion"
"35541",2013-09-01,"Sep 2013","Semi-Detached",75,"Scss","Share absorbed at completion"
"35541",2013-09-01,"Sep 2013","Row",83.3,"Scss","Share absorbed at completion"
"35541",2013-09-01,"Sep 2013","Apartment",89.1,"Scss","Share absorbed at completion"
"35541",2013-09-01,"Sep 2013","All",83.6,"Scss","Share absorbed at completion"
"35541",2013-10-01,"Oct 2013","Single",73.1,"Scss","Share absorbed at completion"
"35541",2013-10-01,"Oct 2013","Semi-Detached",NA,"Scss","Share absorbed at completion"
"35541",2013-10-01,"Oct 2013","Row",84.8,"Scss","Share absorbed at completion"
"35541",2013-10-01,"Oct 2013","Apartment",NA,"Scss","Share absorbed at completion"
"35541",2013-10-01,"Oct 2013","All",77.4,"Scss","Share absorbed at completion"
"35541",2013-11-01,"Nov 2013","Single",63,"Scss","Share absorbed at completion"
"35541",2013-11-01,"Nov 2013","Semi-Detached",100,"Scss","Share absorbed at completion"
"35541",2013-11-01,"Nov 2013","Row",96.2,"Scss","Share absorbed at completion"
"35541",2013-11-01,"Nov 2013","Apartment",75,"Scss","Share absorbed at completion"
"35541",2013-11-01,"Nov 2013","All",80.7,"Scss","Share absorbed at completion"
"35541",2013-12-01,"Dec 2013","Single",80,"Scss","Share absorbed at completion"
"35541",2013-12-01,"Dec 2013","Semi-Detached",100,"Scss","Share absorbed at completion"
"35541",2013-12-01,"Dec 2013","Row",93.8,"Scss","Share absorbed at completion"
"35541",2013-12-01,"Dec 2013","Apartment",NA,"Scss","Share absorbed at completion"
"35541",2013-12-01,"Dec 2013","All",82.8,"Scss","Share absorbed at completion"
"35541",2014-01-01,"Jan 2014","Single",63.2,"Scss","Share absorbed at completion"
"35541",2014-01-01,"Jan 2014","Semi-Detached",75,"Scss","Share absorbed at completion"
"35541",2014-01-01,"Jan 2014","Row",72.1,"Scss","Share absorbed at completion"
"35541",2014-01-01,"Jan 2014","Apartment",71.8,"Scss","Share absorbed at completion"
"35541",2014-01-01,"Jan 2014","All",69.9,"Scss","Share absorbed at completion"
"35541",2014-02-01,"Feb 2014","Single",81.5,"Scss","Share absorbed at completion"
"35541",2014-02-01,"Feb 2014","Semi-Detached",NA,"Scss","Share absorbed at completion"
"35541",2014-02-01,"Feb 2014","Row",66.7,"Scss","Share absorbed at completion"
"35541",2014-02-01,"Feb 2014","Apartment",NA,"Scss","Share absorbed at completion"
"35541",2014-02-01,"Feb 2014","All",75.6,"Scss","Share absorbed at completion"
"35541",2014-03-01,"Mar 2014","Single",73.1,"Scss","Share absorbed at completion"
"35541",2014-03-01,"Mar 2014","Semi-Detached",75,"Scss","Share absorbed at completion"
"35541",2014-03-01,"Mar 2014","Row",21.1,"Scss","Share absorbed at completion"
"35541",2014-03-01,"Mar 2014","Apartment",62.5,"Scss","Share absorbed at completion"
"35541",2014-03-01,"Mar 2014","All",53.6,"Scss","Share absorbed at completion"
"35541",2014-04-01,"Apr 2014","Single",70,"Scss","Share absorbed at completion"
"35541",2014-04-01,"Apr 2014","Semi-Detached",100,"Scss","Share absorbed at completion"
"35541",2014-04-01,"Apr 2014","Row",75.6,"Scss","Share absorbed at completion"
"35541",2014-04-01,"Apr 2014","Apartment",NA,"Scss","Share absorbed at completion"
"35541",2014-04-01,"Apr 2014","All",73.5,"Scss","Share absorbed at completion"
"35541",2014-05-01,"May 2014","Single",46.4,"Scss","Share absorbed at completion"
"35541",2014-05-01,"May 2014","Semi-Detached",NA,"Scss","Share absorbed at completion"
"35541",2014-05-01,"May 2014","Row",100,"Scss","Share absorbed at completion"
"35541",2014-05-01,"May 2014","Apartment",100,"Scss","Share absorbed at completion"
"35541",2014-05-01,"May 2014","All",64.3,"Scss","Share absorbed at completion"
"35541",2014-06-01,"Jun 2014","Single",68.8,"Scss","Share absorbed at completion"
"35541",2014-06-01,"Jun 2014","Semi-Detached",50,"Scss","Share absorbed at completion"
"35541",2014-06-01,"Jun 2014","Row",75.9,"Scss","Share absorbed at completion"
"35541",2014-06-01,"Jun 2014","Apartment",64,"Scss","Share absorbed at completion"
"35541",2014-06-01,"Jun 2014","All",70.6,"Scss","Share absorbed at completion"
"35541",2014-07-01,"Jul 2014","Single",48.3,"Scss","Share absorbed at completion"
"35541",2014-07-01,"Jul 2014","Semi-Detached",NA,"Scss","Share absorbed at completion"
"35541",2014-07-01,"Jul 2014","Row",66.7,"Scss","Share absorbed at completion"
"35541",2014-07-01,"Jul 2014","Apartment",50,"Scss","Share absorbed at completion"
"35541",2014-07-01,"Jul 2014","All",52.5,"Scss","Share absorbed at completion"
"35541",2014-08-01,"Aug 2014","Single",71.4,"Scss","Share absorbed at completion"
"35541",2014-08-01,"Aug 2014","Semi-Detached",NA,"Scss","Share absorbed at completion"
"35541",2014-08-01,"Aug 2014","Row",78.9,"Scss","Share absorbed at completion"
"35541",2014-08-01,"Aug 2014","Apartment",100,"Scss","Share absorbed at completion"
"35541",2014-08-01,"Aug 2014","All",90.7,"Scss","Share absorbed at completion"
"35541",2014-09-01,"Sep 2014","Single",69.3,"Scss","Share absorbed at completion"
"35541",2014-09-01,"Sep 2014","Semi-Detached",NA,"Scss","Share absorbed at completion"
"35541",2014-09-01,"Sep 2014","Row",94.3,"Scss","Share absorbed at completion"
"35541",2014-09-01,"Sep 2014","Apartment",87.5,"Scss","Share absorbed at completion"
"35541",2014-09-01,"Sep 2014","All",79.9,"Scss","Share absorbed at completion"
"35541",2014-10-01,"Oct 2014","Single",63.2,"Scss","Share absorbed at completion"
"35541",2014-10-01,"Oct 2014","Semi-Detached",100,"Scss","Share absorbed at completion"
"35541",2014-10-01,"Oct 2014","Row",91.7,"Scss","Share absorbed at completion"
"35541",2014-10-01,"Oct 2014","Apartment",NA,"Scss","Share absorbed at completion"
"35541",2014-10-01,"Oct 2014","All",72.9,"Scss","Share absorbed at completion"
"35541",2014-11-01,"Nov 2014","Single",71.6,"Scss","Share absorbed at completion"
"35541",2014-11-01,"Nov 2014","Semi-Detached",NA,"Scss","Share absorbed at completion"
"35541",2014-11-01,"Nov 2014","Row",100,"Scss","Share absorbed at completion"
"35541",2014-11-01,"Nov 2014","Apartment",75,"Scss","Share absorbed at completion"
"35541",2014-11-01,"Nov 2014","All",76.7,"Scss","Share absorbed at completion"
"35541",2014-12-01,"Dec 2014","Single",73.5,"Scss","Share absorbed at completion"
"35541",2014-12-01,"Dec 2014","Semi-Detached",50,"Scss","Share absorbed at completion"
"35541",2014-12-01,"Dec 2014","Row",74.2,"Scss","Share absorbed at completion"
"35541",2014-12-01,"Dec 2014","Apartment",26.7,"Scss","Share absorbed at completion"
"35541",2014-12-01,"Dec 2014","All",64.6,"Scss","Share absorbed at completion"
"35541",2015-01-01,"Jan 2015","Single",77.3,"Scss","Share absorbed at completion"
"35541",2015-01-01,"Jan 2015","Semi-Detached",0,"Scss","Share absorbed at completion"
"35541",2015-01-01,"Jan 2015","Row",93.9,"Scss","Share absorbed at completion"
"35541",2015-01-01,"Jan 2015","Apartment",75,"Scss","Share absorbed at completion"
"35541",2015-01-01,"Jan 2015","All",81,"Scss","Share absorbed at completion"
"35541",2015-02-01,"Feb 2015","Single",100,"Scss","Share absorbed at completion"
"35541",2015-02-01,"Feb 2015","Semi-Detached",NA,"Scss","Share absorbed at completion"
"35541",2015-02-01,"Feb 2015","Row",100,"Scss","Share absorbed at completion"
"35541",2015-02-01,"Feb 2015","Apartment",NA,"Scss","Share absorbed at completion"
"35541",2015-02-01,"Feb 2015","All",100,"Scss","Share absorbed at completion"
"35541",2015-03-01,"Mar 2015","Single",72.4,"Scss","Share absorbed at completion"
"35541",2015-03-01,"Mar 2015","Semi-Detached",100,"Scss","Share absorbed at completion"
"35541",2015-03-01,"Mar 2015","Row",97.6,"Scss","Share absorbed at completion"
"35541",2015-03-01,"Mar 2015","Apartment",NA,"Scss","Share absorbed at completion"
"35541",2015-03-01,"Mar 2015","All",82.1,"Scss","Share absorbed at completion"
"35541",2015-04-01,"Apr 2015","Single",77.2,"Scss","Share absorbed at completion"
"35541",2015-04-01,"Apr 2015","Semi-Detached",100,"Scss","Share absorbed at completion"
"35541",2015-04-01,"Apr 2015","Row",66.7,"Scss","Share absorbed at completion"
"35541",2015-04-01,"Apr 2015","Apartment",NA,"Scss","Share absorbed at completion"
"35541",2015-04-01,"Apr 2015","All",75,"Scss","Share absorbed at completion"
"35541",2015-05-01,"May 2015","Single",75.8,"Scss","Share absorbed at completion"
"35541",2015-05-01,"May 2015","Semi-Detached",NA,"Scss","Share absorbed at completion"
"35541",2015-05-01,"May 2015","Row",65.4,"Scss","Share absorbed at completion"
"35541",2015-05-01,"May 2015","Apartment",100,"Scss","Share absorbed at completion"
"35541",2015-05-01,"May 2015","All",88,"Scss","Share absorbed at completion"
"35541",2015-06-01,"Jun 2015","Single",81.9,"Scss","Share absorbed at completion"
"35541",2015-06-01,"Jun 2015","Semi-Detached",100,"Scss","Share absorbed at completion"
"35541",2015-06-01,"Jun 2015","Row",72.7,"Scss","Share absorbed at completion"
"35541",2015-06-01,"Jun 2015","Apartment",75,"Scss","Share absorbed at completion"
"35541",2015-06-01,"Jun 2015","All",82.1,"Scss","Share absorbed at completion"
"35541",2015-07-01,"Jul 2015","Single",60,"Scss","Share absorbed at completion"
"35541",2015-07-01,"Jul 2015","Semi-Detached",NA,"Scss","Share absorbed at completion"
"35541",2015-07-01,"Jul 2015","Row",57.1,"Scss","Share absorbed at completion"
"35541",2015-07-01,"Jul 2015","Apartment",41.7,"Scss","Share absorbed at completion"
"35541",2015-07-01,"Jul 2015","All",53.4,"Scss","Share absorbed at completion"
"35541",2015-08-01,"Aug 2015","Single",69.6,"Scss","Share absorbed at completion"
"35541",2015-08-01,"Aug 2015","Semi-Detached",100,"Scss","Share absorbed at completion"
"35541",2015-08-01,"Aug 2015","Row",81,"Scss","Share absorbed at completion"
"35541",2015-08-01,"Aug 2015","Apartment",100,"Scss","Share absorbed at completion"
"35541",2015-08-01,"Aug 2015","All",76.4,"Scss","Share absorbed at completion"
"35541",2015-09-01,"Sep 2015","Single",85,"Scss","Share absorbed at completion"
"35541",2015-09-01,"Sep 2015","Semi-Detached",100,"Scss","Share absorbed at completion"
"35541",2015-09-01,"Sep 2015","Row",88.6,"Scss","Share absorbed at completion"
"35541",2015-09-01,"Sep 2015","Apartment",91,"Scss","Share absorbed at completion"
"35541",2015-09-01,"Sep 2015","All",89.5,"Scss","Share absorbed at completion"
"35541",2015-10-01,"Oct 2015","Single",91.4,"Scss","Share absorbed at completion"
"35541",2015-10-01,"Oct 2015","Semi-Detached",NA,"Scss","Share absorbed at completion"
"35541",2015-10-01,"Oct 2015","Row",76.9,"Scss","Share absorbed at completion"
"35541",2015-10-01,"Oct 2015","Apartment",100,"Scss","Share absorbed at completion"
"35541",2015-10-01,"Oct 2015","All",88.2,"Scss","Share absorbed at completion"
"35541",2015-11-01,"Nov 2015","Single",77.6,"Scss","Share absorbed at completion"
"35541",2015-11-01,"Nov 2015","Semi-Detached",50,"Scss","Share absorbed at completion"
"35541",2015-11-01,"Nov 2015","Row",95.2,"Scss","Share absorbed at completion"
"35541",2015-11-01,"Nov 2015","Apartment",91.5,"Scss","Share absorbed at completion"
"35541",2015-11-01,"Nov 2015","All",86.4,"Scss","Share absorbed at completion"
"35541",2015-12-01,"Dec 2015","Single",91.3,"Scss","Share absorbed at completion"
"35541",2015-12-01,"Dec 2015","Semi-Detached",50,"Scss","Share absorbed at completion"
"35541",2015-12-01,"Dec 2015","Row",78.6,"Scss","Share absorbed at completion"
"35541",2015-12-01,"Dec 2015","Apartment",87.5,"Scss","Share absorbed at completion"
"35541",2015-12-01,"Dec 2015","All",85.8,"Scss","Share absorbed at completion"
"35541",2016-01-01,"Jan 2016","Single",78,"Scss","Share absorbed at completion"
"35541",2016-01-01,"Jan 2016","Semi-Detached",100,"Scss","Share absorbed at completion"
"35541",2016-01-01,"Jan 2016","Row",100,"Scss","Share absorbed at completion"
"35541",2016-01-01,"Jan 2016","Apartment",NA,"Scss","Share absorbed at completion"
"35541",2016-01-01,"Jan 2016","All",86.6,"Scss","Share absorbed at completion"
"35541",2016-02-01,"Feb 2016","Single",63.8,"Scss","Share absorbed at completion"
"35541",2016-02-01,"Feb 2016","Semi-Detached",25,"Scss","Share absorbed at completion"
"35541",2016-02-01,"Feb 2016","Row",63.4,"Scss","Share absorbed at completion"
"35541",2016-02-01,"Feb 2016","Apartment",100,"Scss","Share absorbed at completion"
"35541",2016-02-01,"Feb 2016","All",73.5,"Scss","Share absorbed at completion"
"35541",2016-03-01,"Mar 2016","Single",72,"Scss","Share absorbed at completion"
"35541",2016-03-01,"Mar 2016","Semi-Detached",100,"Scss","Share absorbed at completion"
"35541",2016-03-01,"Mar 2016","Row",100,"Scss","Share absorbed at completion"
"35541",2016-03-01,"Mar 2016","Apartment",100,"Scss","Share absorbed at completion"
"35541",2016-03-01,"Mar 2016","All",85.1,"Scss","Share absorbed at completion"
"35541",2016-04-01,"Apr 2016","Single",90.9,"Scss","Share absorbed at completion"
"35541",2016-04-01,"Apr 2016","Semi-Detached",NA,"Scss","Share absorbed at completion"
"35541",2016-04-01,"Apr 2016","Row",76.4,"Scss","Share absorbed at completion"
"35541",2016-04-01,"Apr 2016","Apartment",NA,"Scss","Share absorbed at completion"
"35541",2016-04-01,"Apr 2016","All",82.8,"Scss","Share absorbed at completion"
"35541",2016-05-01,"May 2016","Single",89.5,"Scss","Share absorbed at completion"
"35541",2016-05-01,"May 2016","Semi-Detached",100,"Scss","Share absorbed at completion"
"35541",2016-05-01,"May 2016","Row",95.7,"Scss","Share absorbed at completion"
"35541",2016-05-01,"May 2016","Apartment",93.2,"Scss","Share absorbed at completion"
"35541",2016-05-01,"May 2016","All",92.3,"Scss","Share absorbed at completion"
"35541",2016-06-01,"Jun 2016","Single",84,"Scss","Share absorbed at completion"
"35541",2016-06-01,"Jun 2016","Semi-Detached",33.3,"Scss","Share absorbed at completion"
"35541",2016-06-01,"Jun 2016","Row",90.1,"Scss","Share absorbed at completion"
"35541",2016-06-01,"Jun 2016","Apartment",91.9,"Scss","Share absorbed at completion"
"35541",2016-06-01,"Jun 2016","All",87.9,"Scss","Share absorbed at completion"
"35541",2016-07-01,"Jul 2016","Single",88.9,"Scss","Share absorbed at completion"
"35541",2016-07-01,"Jul 2016","Semi-Detached",100,"Scss","Share absorbed at completion"
"35541",2016-07-01,"Jul 2016","Row",95.5,"Scss","Share absorbed at completion"
"35541",2016-07-01,"Jul 2016","Apartment",90.5,"Scss","Share absorbed at completion"
"35541",2016-07-01,"Jul 2016","All",90.9,"Scss","Share absorbed at completion"
"35541",2016-08-01,"Aug 2016","Single",91.3,"Scss","Share absorbed at completion"
"35541",2016-08-01,"Aug 2016","Semi-Detached",100,"Scss","Share absorbed at completion"
"35541",2016-08-01,"Aug 2016","Row",69.2,"Scss","Share absorbed at completion"
"35541",2016-08-01,"Aug 2016","Apartment",92,"Scss","Share absorbed at completion"
"35541",2016-08-01,"Aug 2016","All",83.8,"Scss","Share absorbed at completion"
"35541",2016-09-01,"Sep 2016","Single",93.6,"Scss","Share absorbed at completion"
"35541",2016-09-01,"Sep 2016","Semi-Detached",100,"Scss","Share absorbed at completion"
"35541",2016-09-01,"Sep 2016","Row",86.7,"Scss","Share absorbed at completion"
"35541",2016-09-01,"Sep 2016","Apartment",99.6,"Scss","Share absorbed at completion"
"35541",2016-09-01,"Sep 2016","All",97.1,"Scss","Share absorbed at completion"
"35541",2016-10-01,"Oct 2016","Single",94,"Scss","Share absorbed at completion"
"35541",2016-10-01,"Oct 2016","Semi-Detached",100,"Scss","Share absorbed at completion"
"35541",2016-10-01,"Oct 2016","Row",100,"Scss","Share absorbed at completion"
"35541",2016-10-01,"Oct 2016","Apartment",NA,"Scss","Share absorbed at completion"
"35541",2016-10-01,"Oct 2016","All",95.3,"Scss","Share absorbed at completion"
"35541",2016-11-01,"Nov 2016","Single",96.8,"Scss","Share absorbed at completion"
"35541",2016-11-01,"Nov 2016","Semi-Detached",100,"Scss","Share absorbed at completion"
"35541",2016-11-01,"Nov 2016","Row",83.3,"Scss","Share absorbed at completion"
"35541",2016-11-01,"Nov 2016","Apartment",68.8,"Scss","Share absorbed at completion"
"35541",2016-11-01,"Nov 2016","All",92.6,"Scss","Share absorbed at completion"
"35541",2016-12-01,"Dec 2016","Single",93.3,"Scss","Share absorbed at completion"
"35541",2016-12-01,"Dec 2016","Semi-Detached",100,"Scss","Share absorbed at completion"
"35541",2016-12-01,"Dec 2016","Row",100,"Scss","Share absorbed at completion"
"35541",2016-12-01,"Dec 2016","Apartment",100,"Scss","Share absorbed at completion"
"35541",2016-12-01,"Dec 2016","All",96.1,"Scss","Share absorbed at completion"
"35541",2017-01-01,"Jan 2017","Single",100,"Scss","Share absorbed at completion"
"35541",2017-01-01,"Jan 2017","Semi-Detached",NA,"Scss","Share absorbed at completion"
"35541",2017-01-01,"Jan 2017","Row",68.4,"Scss","Share absorbed at completion"
"35541",2017-01-01,"Jan 2017","Apartment",100,"Scss","Share absorbed at completion"
"35541",2017-01-01,"Jan 2017","All",93.1,"Scss","Share absorbed at completion"
"35541",2017-02-01,"Feb 2017","Single",96.5,"Scss","Share absorbed at completion"
"35541",2017-02-01,"Feb 2017","Semi-Detached",100,"Scss","Share absorbed at completion"
"35541",2017-02-01,"Feb 2017","Row",76.2,"Scss","Share absorbed at completion"
"35541",2017-02-01,"Feb 2017","Apartment",NA,"Scss","Share absorbed at completion"
"35541",2017-02-01,"Feb 2017","All",93.8,"Scss","Share absorbed at completion"
"35541",2017-03-01,"Mar 2017","Single",95,"Scss","Share absorbed at completion"
"35541",2017-03-01,"Mar 2017","Semi-Detached",NA,"Scss","Share absorbed at completion"
"35541",2017-03-01,"Mar 2017","Row",100,"Scss","Share absorbed at completion"
"35541",2017-03-01,"Mar 2017","Apartment",100,"Scss","Share absorbed at completion"
"35541",2017-03-01,"Mar 2017","All",96.8,"Scss","Share absorbed at completion"
"35541",2017-04-01,"Apr 2017","Single",95,"Scss","Share absorbed at completion"
"35541",2017-04-01,"Apr 2017","Semi-Detached",80,"Scss","Share absorbed at completion"
"35541",2017-04-01,"Apr 2017","Row",94.6,"Scss","Share absorbed at completion"
"35541",2017-04-01,"Apr 2017","Apartment",70,"Scss","Share absorbed at completion"
"35541",2017-04-01,"Apr 2017","All",86.2,"Scss","Share absorbed at completion"
"35541",2017-05-01,"May 2017","Single",98.3,"Scss","Share absorbed at completion"
"35541",2017-05-01,"May 2017","Semi-Detached",100,"Scss","Share absorbed at completion"
"35541",2017-05-01,"May 2017","Row",100,"Scss","Share absorbed at completion"
"35541",2017-05-01,"May 2017","Apartment",100,"Scss","Share absorbed at completion"
"35541",2017-05-01,"May 2017","All",99.1,"Scss","Share absorbed at completion"
"35541",2017-06-01,"Jun 2017","Single",82.6,"Scss","Share absorbed at completion"
"35541",2017-06-01,"Jun 2017","Semi-Detached",75,"Scss","Share absorbed at completion"
"35541",2017-06-01,"Jun 2017","Row",100,"Scss","Share absorbed at completion"
"35541",2017-06-01,"Jun 2017","Apartment",100,"Scss","Share absorbed at completion"
"35541",2017-06-01,"Jun 2017","All",89.6,"Scss","Share absorbed at completion"
"35541",2017-07-01,"Jul 2017","Single",93.4,"Scss","Share absorbed at completion"
"35541",2017-07-01,"Jul 2017","Semi-Detached",100,"Scss","Share absorbed at completion"
"35541",2017-07-01,"Jul 2017","Row",98.8,"Scss","Share absorbed at completion"
"35541",2017-07-01,"Jul 2017","Apartment",100,"Scss","Share absorbed at completion"
"35541",2017-07-01,"Jul 2017","All",95.8,"Scss","Share absorbed at completion"
"35541",2017-08-01,"Aug 2017","Single",61.6,"Scss","Share absorbed at completion"
"35541",2017-08-01,"Aug 2017","Semi-Detached",0,"Scss","Share absorbed at completion"
"35541",2017-08-01,"Aug 2017","Row",66.7,"Scss","Share absorbed at completion"
"35541",2017-08-01,"Aug 2017","Apartment",NA,"Scss","Share absorbed at completion"
"35541",2017-08-01,"Aug 2017","All",61.4,"Scss","Share absorbed at completion"
"35541",2017-09-01,"Sep 2017","Single",76.3,"Scss","Share absorbed at completion"
"35541",2017-09-01,"Sep 2017","Semi-Detached",40,"Scss","Share absorbed at completion"
"35541",2017-09-01,"Sep 2017","Row",65.9,"Scss","Share absorbed at completion"
"35541",2017-09-01,"Sep 2017","Apartment",100,"Scss","Share absorbed at completion"
"35541",2017-09-01,"Sep 2017","All",74.7,"Scss","Share absorbed at completion"
"35541",2017-10-01,"Oct 2017","Single",73.4,"Scss","Share absorbed at completion"
"35541",2017-10-01,"Oct 2017","Semi-Detached",66.7,"Scss","Share absorbed at completion"
"35541",2017-10-01,"Oct 2017","Row",84.5,"Scss","Share absorbed at completion"
"35541",2017-10-01,"Oct 2017","Apartment",88.9,"Scss","Share absorbed at completion"
"35541",2017-10-01,"Oct 2017","All",81.7,"Scss","Share absorbed at completion"
"35541",2017-11-01,"Nov 2017","Single",62.3,"Scss","Share absorbed at completion"
"35541",2017-11-01,"Nov 2017","Semi-Detached",100,"Scss","Share absorbed at completion"
"35541",2017-11-01,"Nov 2017","Row",100,"Scss","Share absorbed at completion"
"35541",2017-11-01,"Nov 2017","Apartment",NA,"Scss","Share absorbed at completion"
"35541",2017-11-01,"Nov 2017","All",69,"Scss","Share absorbed at completion"
"35541",2017-12-01,"Dec 2017","Single",76,"Scss","Share absorbed at completion"
"35541",2017-12-01,"Dec 2017","Semi-Detached",NA,"Scss","Share absorbed at completion"
"35541",2017-12-01,"Dec 2017","Row",100,"Scss","Share absorbed at completion"
"35541",2017-12-01,"Dec 2017","Apartment",100,"Scss","Share absorbed at completion"
"35541",2017-12-01,"Dec 2017","All",85.8,"Scss","Share absorbed at completion"
"35541",2018-01-01,"Jan 2018","Single",66.7,"Scss","Share absorbed at completion"
"35541",2018-01-01,"Jan 2018","Semi-Detached",100,"Scss","Share absorbed at completion"
"35541",2018-01-01,"Jan 2018","Row",100,"Scss","Share absorbed at completion"
"35541",2018-01-01,"Jan 2018","Apartment",100,"Scss","Share absorbed at completion"
"35541",2018-01-01,"Jan 2018","All",87.2,"Scss","Share absorbed at completion"
"35541",2018-02-01,"Feb 2018","Single",65.7,"Scss","Share absorbed at completion"
"35541",2018-02-01,"Feb 2018","Semi-Detached",0,"Scss","Share absorbed at completion"
"35541",2018-02-01,"Feb 2018","Row",89.8,"Scss","Share absorbed at completion"
"35541",2018-02-01,"Feb 2018","Apartment",NA,"Scss","Share absorbed at completion"
"35541",2018-02-01,"Feb 2018","All",74.6,"Scss","Share absorbed at completion"
"35541",2018-03-01,"Mar 2018","Single",72.3,"Scss","Share absorbed at completion"
"35541",2018-03-01,"Mar 2018","Semi-Detached",0,"Scss","Share absorbed at completion"
"35541",2018-03-01,"Mar 2018","Row",93.3,"Scss","Share absorbed at completion"
"35541",2018-03-01,"Mar 2018","Apartment",100,"Scss","Share absorbed at completion"
"35541",2018-03-01,"Mar 2018","All",90,"Scss","Share absorbed at completion"
"35541",2018-04-01,"Apr 2018","Single",47.7,"Scss","Share absorbed at completion"
"35541",2018-04-01,"Apr 2018","Semi-Detached",0,"Scss","Share absorbed at completion"
"35541",2018-04-01,"Apr 2018","Row",100,"Scss","Share absorbed at completion"
"35541",2018-04-01,"Apr 2018","Apartment",92.7,"Scss","Share absorbed at completion"
"35541",2018-04-01,"Apr 2018","All",80.6,"Scss","Share absorbed at completion"
"35541",2018-05-01,"May 2018","Single",80.4,"Scss","Share absorbed at completion"
"35541",2018-05-01,"May 2018","Semi-Detached",0,"Scss","Share absorbed at completion"
"35541",2018-05-01,"May 2018","Row",81.3,"Scss","Share absorbed at completion"
"35541",2018-05-01,"May 2018","Apartment",100,"Scss","Share absorbed at completion"
"35541",2018-05-01,"May 2018","All",78.7,"Scss","Share absorbed at completion"
"35541",2018-06-01,"Jun 2018","Single",87.4,"Scss","Share absorbed at completion"
"35541",2018-06-01,"Jun 2018","Semi-Detached",66.7,"Scss","Share absorbed at completion"
"35541",2018-06-01,"Jun 2018","Row",100,"Scss","Share absorbed at completion"
"35541",2018-06-01,"Jun 2018","Apartment",100,"Scss","Share absorbed at completion"
"35541",2018-06-01,"Jun 2018","All",92.2,"Scss","Share absorbed at completion"
"35541",2018-07-01,"Jul 2018","Single",71.4,"Scss","Share absorbed at completion"
"35541",2018-07-01,"Jul 2018","Semi-Detached",0,"Scss","Share absorbed at completion"
"35541",2018-07-01,"Jul 2018","Row",89.3,"Scss","Share absorbed at completion"
"35541",2018-07-01,"Jul 2018","Apartment",100,"Scss","Share absorbed at completion"
"35541",2018-07-01,"Jul 2018","All",79.1,"Scss","Share absorbed at completion"
"35541",2018-08-01,"Aug 2018","Single",71.6,"Scss","Share absorbed at completion"
"35541",2018-08-01,"Aug 2018","Semi-Detached",0,"Scss","Share absorbed at completion"
"35541",2018-08-01,"Aug 2018","Row",90,"Scss","Share absorbed at completion"
"35541",2018-08-01,"Aug 2018","Apartment",100,"Scss","Share absorbed at completion"
"35541",2018-08-01,"Aug 2018","All",88.3,"Scss","Share absorbed at completion"
"35541",2018-09-01,"Sep 2018","Single",71.4,"Scss","Share absorbed at completion"
"35541",2018-09-01,"Sep 2018","Semi-Detached",100,"Scss","Share absorbed at completion"
"35541",2018-09-01,"Sep 2018","Row",100,"Scss","Share absorbed at completion"
"35541",2018-09-01,"Sep 2018","Apartment",100,"Scss","Share absorbed at completion"
"35541",2018-09-01,"Sep 2018","All",83.3,"Scss","Share absorbed at completion"
"35541",2018-10-01,"Oct 2018","Single",75,"Scss","Share absorbed at completion"
"35541",2018-10-01,"Oct 2018","Semi-Detached",100,"Scss","Share absorbed at completion"
"35541",2018-10-01,"Oct 2018","Row",100,"Scss","Share absorbed at completion"
"35541",2018-10-01,"Oct 2018","Apartment",100,"Scss","Share absorbed at completion"
"35541",2018-10-01,"Oct 2018","All",90.6,"Scss","Share absorbed at completion"
"35541",2018-11-01,"Nov 2018","Single",65.9,"Scss","Share absorbed at completion"
"35541",2018-11-01,"Nov 2018","Semi-Detached",NA,"Scss","Share absorbed at completion"
"35541",2018-11-01,"Nov 2018","Row",68.8,"Scss","Share absorbed at completion"
"35541",2018-11-01,"Nov 2018","Apartment",100,"Scss","Share absorbed at completion"
"35541",2018-11-01,"Nov 2018","All",76.6,"Scss","Share absorbed at completion"
"35541",2018-12-01,"Dec 2018","Single",70,"Scss","Share absorbed at completion"
"35541",2018-12-01,"Dec 2018","Semi-Detached",NA,"Scss","Share absorbed at completion"
"35541",2018-12-01,"Dec 2018","Row",86,"Scss","Share absorbed at completion"
"35541",2018-12-01,"Dec 2018","Apartment",NA,"Scss","Share absorbed at completion"
"35541",2018-12-01,"Dec 2018","All",79.5,"Scss","Share absorbed at completion"
"35541",2019-01-01,"Jan 2019","Single",88.3,"Scss","Share absorbed at completion"
"35541",2019-01-01,"Jan 2019","Semi-Detached",NA,"Scss","Share absorbed at completion"
"35541",2019-01-01,"Jan 2019","Row",100,"Scss","Share absorbed at completion"
"35541",2019-01-01,"Jan 2019","Apartment",NA,"Scss","Share absorbed at completion"
"35541",2019-01-01,"Jan 2019","All",90.3,"Scss","Share absorbed at completion"
"35541",2019-02-01,"Feb 2019","Single",88.1,"Scss","Share absorbed at completion"
"35541",2019-02-01,"Feb 2019","Semi-Detached",75,"Scss","Share absorbed at completion"
"35541",2019-02-01,"Feb 2019","Row",100,"Scss","Share absorbed at completion"
"35541",2019-02-01,"Feb 2019","Apartment",NA,"Scss","Share absorbed at completion"
"35541",2019-02-01,"Feb 2019","All",87.3,"Scss","Share absorbed at completion"
"35541",2019-03-01,"Mar 2019","Single",96,"Scss","Share absorbed at completion"
"35541",2019-03-01,"Mar 2019","Semi-Detached",50,"Scss","Share absorbed at completion"
"35541",2019-03-01,"Mar 2019","Row",100,"Scss","Share absorbed at completion"
"35541",2019-03-01,"Mar 2019","Apartment",100,"Scss","Share absorbed at completion"
"35541",2019-03-01,"Mar 2019","All",97.6,"Scss","Share absorbed at completion"
"35541",2019-04-01,"Apr 2019","Single",82.3,"Scss","Share absorbed at completion"
"35541",2019-04-01,"Apr 2019","Semi-Detached",60,"Scss","Share absorbed at completion"
"35541",2019-04-01,"Apr 2019","Row",95.8,"Scss","Share absorbed at completion"
"35541",2019-04-01,"Apr 2019","Apartment",100,"Scss","Share absorbed at completion"
"35541",2019-04-01,"Apr 2019","All",90.7,"Scss","Share absorbed at completion"
"35541",2019-05-01,"May 2019","Single",85.4,"Scss","Share absorbed at completion"
"35541",2019-05-01,"May 2019","Semi-Detached",100,"Scss","Share absorbed at completion"
"35541",2019-05-01,"May 2019","Row",100,"Scss","Share absorbed at completion"
"35541",2019-05-01,"May 2019","Apartment",100,"Scss","Share absorbed at completion"
"35541",2019-05-01,"May 2019","All",94.5,"Scss","Share absorbed at completion"
"35541",2019-06-01,"Jun 2019","Single",93.6,"Scss","Share absorbed at completion"
"35541",2019-06-01,"Jun 2019","Semi-Detached",25,"Scss","Share absorbed at completion"
"35541",2019-06-01,"Jun 2019","Row",100,"Scss","Share absorbed at completion"
"35541",2019-06-01,"Jun 2019","Apartment",97.3,"Scss","Share absorbed at completion"
"35541",2019-06-01,"Jun 2019","All",93.1,"Scss","Share absorbed at completion"
"35541",2019-07-01,"Jul 2019","Single",66.2,"Scss","Share absorbed at completion"
"35541",2019-07-01,"Jul 2019","Semi-Detached",100,"Scss","Share absorbed at completion"
"35541",2019-07-01,"Jul 2019","Row",100,"Scss","Share absorbed at completion"
"35541",2019-07-01,"Jul 2019","Apartment",0,"Scss","Share absorbed at completion"
"35541",2019-07-01,"Jul 2019","All",68.8,"Scss","Share absorbed at completion"
"35541",2019-08-01,"Aug 2019","Single",44.3,"Scss","Share absorbed at completion"
"35541",2019-08-01,"Aug 2019","Semi-Detached",50,"Scss","Share absorbed at completion"
"35541",2019-08-01,"Aug 2019","Row",100,"Scss","Share absorbed at completion"
"35541",2019-08-01,"Aug 2019","Apartment",NA,"Scss","Share absorbed at completion"
"35541",2019-08-01,"Aug 2019","All",59.1,"Scss","Share absorbed at completion"
"35541",2019-09-01,"Sep 2019","Single",66.2,"Scss","Share absorbed at completion"
"35541",2019-09-01,"Sep 2019","Semi-Detached",75,"Scss","Share absorbed at completion"
"35541",2019-09-01,"Sep 2019","Row",100,"Scss","Share absorbed at completion"
"35541",2019-09-01,"Sep 2019","Apartment",NA,"Scss","Share absorbed at completion"
"35541",2019-09-01,"Sep 2019","All",83.1,"Scss","Share absorbed at completion"
"35541",2019-10-01,"Oct 2019","Single",67.2,"Scss","Share absorbed at completion"
"35541",2019-10-01,"Oct 2019","Semi-Detached",75,"Scss","Share absorbed at completion"
"35541",2019-10-01,"Oct 2019","Row",99,"Scss","Share absorbed at completion"
"35541",2019-10-01,"Oct 2019","Apartment",NA,"Scss","Share absorbed at completion"
"35541",2019-10-01,"Oct 2019","All",86.5,"Scss","Share absorbed at completion"
"35541",2019-11-01,"Nov 2019","Single",64.3,"Scss","Share absorbed at completion"
"35541",2019-11-01,"Nov 2019","Semi-Detached",80,"Scss","Share absorbed at completion"
"35541",2019-11-01,"Nov 2019","Row",95.9,"Scss","Share absorbed at completion"
"35541",2019-11-01,"Nov 2019","Apartment",100,"Scss","Share absorbed at completion"
"35541",2019-11-01,"Nov 2019","All",82.8,"Scss","Share absorbed at completion"
"35541",2019-12-01,"Dec 2019","Single",67.8,"Scss","Share absorbed at completion"
"35541",2019-12-01,"Dec 2019","Semi-Detached",75,"Scss","Share absorbed at completion"
"35541",2019-12-01,"Dec 2019","Row",100,"Scss","Share absorbed at completion"
"35541",2019-12-01,"Dec 2019","Apartment",100,"Scss","Share absorbed at completion"
"35541",2019-12-01,"Dec 2019","All",87.6,"Scss","Share absorbed at completion"
"35541",2020-01-01,"Jan 2020","Single",76.6,"Scss","Share absorbed at completion"
"35541",2020-01-01,"Jan 2020","Semi-Detached",66.7,"Scss","Share absorbed at completion"
"35541",2020-01-01,"Jan 2020","Row",97.9,"Scss","Share absorbed at completion"
"35541",2020-01-01,"Jan 2020","Apartment",94.6,"Scss","Share absorbed at completion"
"35541",2020-01-01,"Jan 2020","All",91.2,"Scss","Share absorbed at completion"
"35541",2020-02-01,"Feb 2020","Single",73.9,"Scss","Share absorbed at completion"
"35541",2020-02-01,"Feb 2020","Semi-Detached",80,"Scss","Share absorbed at completion"
"35541",2020-02-01,"Feb 2020","Row",96,"Scss","Share absorbed at completion"
"35541",2020-02-01,"Feb 2020","Apartment",100,"Scss","Share absorbed at completion"
"35541",2020-02-01,"Feb 2020","All",86.3,"Scss","Share absorbed at completion"
"35541",2020-03-01,"Mar 2020","Single",75.6,"Scss","Share absorbed at completion"
"35541",2020-03-01,"Mar 2020","Semi-Detached",NA,"Scss","Share absorbed at completion"
"35541",2020-03-01,"Mar 2020","Row",100,"Scss","Share absorbed at completion"
"35541",2020-03-01,"Mar 2020","Apartment",100,"Scss","Share absorbed at completion"
"35541",2020-03-01,"Mar 2020","All",90.9,"Scss","Share absorbed at completion"
"35541",2020-04-01,"Apr 2020","Single",95.9,"Scss","Share absorbed at completion"
"35541",2020-04-01,"Apr 2020","Semi-Detached",33.3,"Scss","Share absorbed at completion"
"35541",2020-04-01,"Apr 2020","Row",87.9,"Scss","Share absorbed at completion"
"35541",2020-04-01,"Apr 2020","Apartment",100,"Scss","Share absorbed at completion"
"35541",2020-04-01,"Apr 2020","All",95.9,"Scss","Share absorbed at completion"
"35541",2020-05-01,"May 2020","Single",72.5,"Scss","Share absorbed at completion"
"35541",2020-05-01,"May 2020","Semi-Detached",50,"Scss","Share absorbed at completion"
"35541",2020-05-01,"May 2020","Row",87.5,"Scss","Share absorbed at completion"
"35541",2020-05-01,"May 2020","Apartment",NA,"Scss","Share absorbed at completion"
"35541",2020-05-01,"May 2020","All",77.9,"Scss","Share absorbed at completion"
"35541",2020-06-01,"Jun 2020","Single",87,"Scss","Share absorbed at completion"
"35541",2020-06-01,"Jun 2020","Semi-Detached",83.3,"Scss","Share absorbed at completion"
"35541",2020-06-01,"Jun 2020","Row",95.6,"Scss","Share absorbed at completion"
"35541",2020-06-01,"Jun 2020","Apartment",94.6,"Scss","Share absorbed at completion"
"35541",2020-06-01,"Jun 2020","All",92.2,"Scss","Share absorbed at completion"
"35541",2020-07-01,"Jul 2020","Single",85.2,"Scss","Share absorbed at completion"
"35541",2020-07-01,"Jul 2020","Semi-Detached",75,"Scss","Share absorbed at completion"
"35541",2020-07-01,"Jul 2020","Row",96.5,"Scss","Share absorbed at completion"
"35541",2020-07-01,"Jul 2020","Apartment",100,"Scss","Share absorbed at completion"
"35541",2020-07-01,"Jul 2020","All",92.8,"Scss","Share absorbed at completion"
"35541",2020-08-01,"Aug 2020","Single",75.4,"Scss","Share absorbed at completion"
"35541",2020-08-01,"Aug 2020","Semi-Detached",66.7,"Scss","Share absorbed at completion"
"35541",2020-08-01,"Aug 2020","Row",100,"Scss","Share absorbed at completion"
"35541",2020-08-01,"Aug 2020","Apartment",NA,"Scss","Share absorbed at completion"
"35541",2020-08-01,"Aug 2020","All",89.2,"Scss","Share absorbed at completion"
"35541",2020-09-01,"Sep 2020","Single",87.4,"Scss","Share absorbed at completion"
"35541",2020-09-01,"Sep 2020","Semi-Detached",100,"Scss","Share absorbed at completion"
"35541",2020-09-01,"Sep 2020","Row",66,"Scss","Share absorbed at completion"
"35541",2020-09-01,"Sep 2020","Apartment",78.8,"Scss","Share absorbed at completion"
"35541",2020-09-01,"Sep 2020","All",78.9,"Scss","Share absorbed at completion"
"35541",2020-10-01,"Oct 2020","Single",80.3,"Scss","Share absorbed at completion"
"35541",2020-10-01,"Oct 2020","Semi-Detached",100,"Scss","Share absorbed at completion"
"35541",2020-10-01,"Oct 2020","Row",100,"Scss","Share absorbed at completion"
"35541",2020-10-01,"Oct 2020","Apartment",100,"Scss","Share absorbed at completion"
"35541",2020-10-01,"Oct 2020","All",90.2,"Scss","Share absorbed at completion"
"35541",2020-11-01,"Nov 2020","Single",89,"Scss","Share absorbed at completion"
"35541",2020-11-01,"Nov 2020","Semi-Detached",100,"Scss","Share absorbed at completion"
"35541",2020-11-01,"Nov 2020","Row",95.7,"Scss","Share absorbed at completion"
"35541",2020-11-01,"Nov 2020","Apartment",100,"Scss","Share absorbed at completion"
"35541",2020-11-01,"Nov 2020","All",93.4,"Scss","Share absorbed at completion"
"35541",2020-12-01,"Dec 2020","Single",88.1,"Scss","Share absorbed at completion"
"35541",2020-12-01,"Dec 2020","Semi-Detached",75,"Scss","Share absorbed at completion"
"35541",2020-12-01,"Dec 2020","Row",92.4,"Scss","Share absorbed at completion"
"35541",2020-12-01,"Dec 2020","Apartment",NA,"Scss","Share absorbed at completion"
"35541",2020-12-01,"Dec 2020","All",89.4,"Scss","Share absorbed at completion"
"35541",2021-01-01,"Jan 2021","Single",80,"Scss","Share absorbed at completion"
"35541",2021-01-01,"Jan 2021","Semi-Detached",75,"Scss","Share absorbed at completion"
"35541",2021-01-01,"Jan 2021","Row",100,"Scss","Share absorbed at completion"
"35541",2021-01-01,"Jan 2021","Apartment",15.6,"Scss","Share absorbed at completion"
"35541",2021-01-01,"Jan 2021","All",70.3,"Scss","Share absorbed at completion"
"35541",2021-02-01,"Feb 2021","Single",75.4,"Scss","Share absorbed at completion"
"35541",2021-02-01,"Feb 2021","Semi-Detached",78.6,"Scss","Share absorbed at completion"
"35541",2021-02-01,"Feb 2021","Row",100,"Scss","Share absorbed at completion"
"35541",2021-02-01,"Feb 2021","Apartment",100,"Scss","Share absorbed at completion"
"35541",2021-02-01,"Feb 2021","All",93.3,"Scss","Share absorbed at completion"
"35541",2021-03-01,"Mar 2021","Single",81.4,"Scss","Share absorbed at completion"
"35541",2021-03-01,"Mar 2021","Semi-Detached",80,"Scss","Share absorbed at completion"
"35541",2021-03-01,"Mar 2021","Row",100,"Scss","Share absorbed at completion"
"35541",2021-03-01,"Mar 2021","Apartment",NA,"Scss","Share absorbed at completion"
"35541",2021-03-01,"Mar 2021","All",88.9,"Scss","Share absorbed at completion"
"35541",2021-04-01,"Apr 2021","Single",85.2,"Scss","Share absorbed at completion"
"35541",2021-04-01,"Apr 2021","Semi-Detached",90,"Scss","Share absorbed at completion"
"35541",2021-04-01,"Apr 2021","Row",100,"Scss","Share absorbed at completion"
"35541",2021-04-01,"Apr 2021","Apartment",100,"Scss","Share absorbed at completion"
"35541",2021-04-01,"Apr 2021","All",94.1,"Scss","Share absorbed at completion"
"35541",2021-05-01,"May 2021","Single",90.1,"Scss","Share absorbed at completion"
"35541",2021-05-01,"May 2021","Semi-Detached",100,"Scss","Share absorbed at completion"
"35541",2021-05-01,"May 2021","Row",100,"Scss","Share absorbed at completion"
"35541",2021-05-01,"May 2021","Apartment",NA,"Scss","Share absorbed at completion"
"35541",2021-05-01,"May 2021","All",95.8,"Scss","Share absorbed at completion"
"35541",2021-06-01,"Jun 2021","Single",85.1,"Scss","Share absorbed at completion"
"35541",2021-06-01,"Jun 2021","Semi-Detached",80,"Scss","Share absorbed at completion"
"35541",2021-06-01,"Jun 2021","Row",100,"Scss","Share absorbed at completion"
"35541",2021-06-01,"Jun 2021","Apartment",NA,"Scss","Share absorbed at completion"
"35541",2021-06-01,"Jun 2021","All",89.3,"Scss","Share absorbed at completion"
"35541",2021-07-01,"Jul 2021","Single",92.2,"Scss","Share absorbed at completion"
"35541",2021-07-01,"Jul 2021","Semi-Detached",NA,"Scss","Share absorbed at completion"
"35541",2021-07-01,"Jul 2021","Row",100,"Scss","Share absorbed at completion"
"35541",2021-07-01,"Jul 2021","Apartment",NA,"Scss","Share absorbed at completion"
"35541",2021-07-01,"Jul 2021","All",94.6,"Scss","Share absorbed at completion"
"35541",2021-08-01,"Aug 2021","Single",86.1,"Scss","Share absorbed at completion"
"35541",2021-08-01,"Aug 2021","Semi-Detached",100,"Scss","Share absorbed at completion"
"35541",2021-08-01,"Aug 2021","Row",100,"Scss","Share absorbed at completion"
"35541",2021-08-01,"Aug 2021","Apartment",NA,"Scss","Share absorbed at completion"
"35541",2021-08-01,"Aug 2021","All",89.8,"Scss","Share absorbed at completion"
"35541",2021-09-01,"Sep 2021","Single",88.1,"Scss","Share absorbed at completion"
"35541",2021-09-01,"Sep 2021","Semi-Detached",NA,"Scss","Share absorbed at completion"
"35541",2021-09-01,"Sep 2021","Row",100,"Scss","Share absorbed at completion"
"35541",2021-09-01,"Sep 2021","Apartment",100,"Scss","Share absorbed at completion"
"35541",2021-09-01,"Sep 2021","All",95.2,"Scss","Share absorbed at completion"
"35541",2021-10-01,"Oct 2021","Single",91.4,"Scss","Share absorbed at completion"
"35541",2021-10-01,"Oct 2021","Semi-Detached",100,"Scss","Share absorbed at completion"
"35541",2021-10-01,"Oct 2021","Row",100,"Scss","Share absorbed at completion"
"35541",2021-10-01,"Oct 2021","Apartment",100,"Scss","Share absorbed at completion"
"35541",2021-10-01,"Oct 2021","All",97.7,"Scss","Share absorbed at completion"
"35541",2021-11-01,"Nov 2021","Single",87,"Scss","Share absorbed at completion"
"35541",2021-11-01,"Nov 2021","Semi-Detached",87.5,"Scss","Share absorbed at completion"
"35541",2021-11-01,"Nov 2021","Row",100,"Scss","Share absorbed at completion"
"35541",2021-11-01,"Nov 2021","Apartment",100,"Scss","Share absorbed at completion"
"35541",2021-11-01,"Nov 2021","All",98.7,"Scss","Share absorbed at completion"
"35541",2021-12-01,"Dec 2021","Single",93.6,"Scss","Share absorbed at completion"
"35541",2021-12-01,"Dec 2021","Semi-Detached",100,"Scss","Share absorbed at completion"
"35541",2021-12-01,"Dec 2021","Row",98.9,"Scss","Share absorbed at completion"
"35541",2021-12-01,"Dec 2021","Apartment",100,"Scss","Share absorbed at completion"
"35541",2021-12-01,"Dec 2021","All",98.9,"Scss","Share absorbed at completion"
"35541",2022-01-01,"Jan 2022","Single",95.8,"Scss","Share absorbed at completion"
"35541",2022-01-01,"Jan 2022","Semi-Detached",NA,"Scss","Share absorbed at completion"
"35541",2022-01-01,"Jan 2022","Row",100,"Scss","Share absorbed at completion"
"35541",2022-01-01,"Jan 2022","Apartment",100,"Scss","Share absorbed at completion"
"35541",2022-01-01,"Jan 2022","All",99.6,"Scss","Share absorbed at completion"
"35541",2022-02-01,"Feb 2022","Single",100,"Scss","Share absorbed at completion"
"35541",2022-02-01,"Feb 2022","Semi-Detached",100,"Scss","Share absorbed at completion"
"35541",2022-02-01,"Feb 2022","Row",100,"Scss","Share absorbed at completion"
"35541",2022-02-01,"Feb 2022","Apartment",100,"Scss","Share absorbed at completion"
"35541",2022-02-01,"Feb 2022","All",100,"Scss","Share absorbed at completion"
"35541",2022-03-01,"Mar 2022","Single",90.7,"Scss","Share absorbed at completion"
"35541",2022-03-01,"Mar 2022","Semi-Detached",100,"Scss","Share absorbed at completion"
"35541",2022-03-01,"Mar 2022","Row",94.3,"Scss","Share absorbed at completion"
"35541",2022-03-01,"Mar 2022","Apartment",NA,"Scss","Share absorbed at completion"
"35541",2022-03-01,"Mar 2022","All",93.4,"Scss","Share absorbed at completion"
"35541",2022-04-01,"Apr 2022","Single",97.7,"Scss","Share absorbed at completion"
"35541",2022-04-01,"Apr 2022","Semi-Detached",100,"Scss","Share absorbed at completion"
"35541",2022-04-01,"Apr 2022","Row",100,"Scss","Share absorbed at completion"
"35541",2022-04-01,"Apr 2022","Apartment",NA,"Scss","Share absorbed at completion"
"35541",2022-04-01,"Apr 2022","All",99.2,"Scss","Share absorbed at completion"
"35541",2022-05-01,"May 2022","Single",96.7,"Scss","Share absorbed at completion"
"35541",2022-05-01,"May 2022","Semi-Detached",66.7,"Scss","Share absorbed at completion"
"35541",2022-05-01,"May 2022","Row",100,"Scss","Share absorbed at completion"
"35541",2022-05-01,"May 2022","Apartment",NA,"Scss","Share absorbed at completion"
"35541",2022-05-01,"May 2022","All",97.2,"Scss","Share absorbed at completion"
"35541",2022-06-01,"Jun 2022","Single",94.7,"Scss","Share absorbed at completion"
"35541",2022-06-01,"Jun 2022","Semi-Detached",NA,"Scss","Share absorbed at completion"
"35541",2022-06-01,"Jun 2022","Row",100,"Scss","Share absorbed at completion"
"35541",2022-06-01,"Jun 2022","Apartment",NA,"Scss","Share absorbed at completion"
"35541",2022-06-01,"Jun 2022","All",95.9,"Scss","Share absorbed at completion"
"35541",2022-07-01,"Jul 2022","Single",83.3,"Scss","Share absorbed at completion"
"35541",2022-07-01,"Jul 2022","Semi-Detached",100,"Scss","Share absorbed at completion"
"35541",2022-07-01,"Jul 2022","Row",100,"Scss","Share absorbed at completion"
"35541",2022-07-01,"Jul 2022","Apartment",NA,"Scss","Share absorbed at completion"
"35541",2022-07-01,"Jul 2022","All",89.9,"Scss","Share absorbed at completion"
"35541",2022-08-01,"Aug 2022","Single",83.3,"Scss","Share absorbed at completion"
"35541",2022-08-01,"Aug 2022","Semi-Detached",66.7,"Scss","Share absorbed at completion"
"35541",2022-08-01,"Aug 2022","Row",100,"Scss","Share absorbed at completion"
"35541",2022-08-01,"Aug 2022","Apartment",NA,"Scss","Share absorbed at completion"
"35541",2022-08-01,"Aug 2022","All",87.5,"Scss","Share absorbed at completion"
"35541",2022-09-01,"Sep 2022","Single",77.4,"Scss","Share absorbed at completion"
"35541",2022-09-01,"Sep 2022","Semi-Detached",50,"Scss","Share absorbed at completion"
"35541",2022-09-01,"Sep 2022","Row",88.9,"Scss","Share absorbed at completion"
"35541",2022-09-01,"Sep 2022","Apartment",NA,"Scss","Share absorbed at completion"
"35541",2022-09-01,"Sep 2022","All",82.6,"Scss","Share absorbed at completion"
"35541",2022-10-01,"Oct 2022","Single",91.7,"Scss","Share absorbed at completion"
"35541",2022-10-01,"Oct 2022","Semi-Detached",NA,"Scss","Share absorbed at completion"
"35541",2022-10-01,"Oct 2022","Row",100,"Scss","Share absorbed at completion"
"35541",2022-10-01,"Oct 2022","Apartment",100,"Scss","Share absorbed at completion"
"35541",2022-10-01,"Oct 2022","All",98.3,"Scss","Share absorbed at completion"
"35541",2022-11-01,"Nov 2022","Single",79.1,"Scss","Share absorbed at completion"
"35541",2022-11-01,"Nov 2022","Semi-Detached",100,"Scss","Share absorbed at completion"
"35541",2022-11-01,"Nov 2022","Row",100,"Scss","Share absorbed at completion"
"35541",2022-11-01,"Nov 2022","Apartment",100,"Scss","Share absorbed at completion"
"35541",2022-11-01,"Nov 2022","All",91.9,"Scss","Share absorbed at completion"
"35541",2022-12-01,"Dec 2022","Single",98.2,"Scss","Share absorbed at completion"
"35541",2022-12-01,"Dec 2022","Semi-Detached",0,"Scss","Share absorbed at completion"
"35541",2022-12-01,"Dec 2022","Row",100,"Scss","Share absorbed at completion"
"35541",2022-12-01,"Dec 2022","Apartment",100,"Scss","Share absorbed at completion"
"35541",2022-12-01,"Dec 2022","All",98.8,"Scss","Share absorbed at completion"
"35541",2023-01-01,"Jan 2023","Single",90.2,"Scss","Share absorbed at completion"
"35541",2023-01-01,"Jan 2023","Semi-Detached",100,"Scss","Share absorbed at completion"
"35541",2023-01-01,"Jan 2023","Row",100,"Scss","Share absorbed at completion"
"35541",2023-01-01,"Jan 2023","Apartment",100,"Scss","Share absorbed at completion"
"35541",2023-01-01,"Jan 2023","All",97.8,"Scss","Share absorbed at completion"
"35541",2023-02-01,"Feb 2023","Single",98.9,"Scss","Share absorbed at completion"
"35541",2023-02-01,"Feb 2023","Semi-Detached",100,"Scss","Share absorbed at completion"
"35541",2023-02-01,"Feb 2023","Row",100,"Scss","Share absorbed at completion"
"35541",2023-02-01,"Feb 2023","Apartment",100,"Scss","Share absorbed at completion"
"35541",2023-02-01,"Feb 2023","All",99.9,"Scss","Share absorbed at completion"
"35541",2023-03-01,"Mar 2023","Single",95.2,"Scss","Share absorbed at completion"
"35541",2023-03-01,"Mar 2023","Semi-Detached",100,"Scss","Share absorbed at completion"
"35541",2023-03-01,"Mar 2023","Row",100,"Scss","Share absorbed at completion"
"35541",2023-03-01,"Mar 2023","Apartment",NA,"Scss","Share absorbed at completion"
"35541",2023-03-01,"Mar 2023","All",98.9,"Scss","Share absorbed at completion"
"35541",2023-04-01,"Apr 2023","Single",94.1,"Scss","Share absorbed at completion"
"35541",2023-04-01,"Apr 2023","Semi-Detached",NA,"Scss","Share absorbed at completion"
"35541",2023-04-01,"Apr 2023","Row",91.6,"Scss","Share absorbed at completion"
"35541",2023-04-01,"Apr 2023","Apartment",NA,"Scss","Share absorbed at completion"
"35541",2023-04-01,"Apr 2023","All",92.2,"Scss","Share absorbed at completion"
"35541",2023-05-01,"May 2023","Single",98.7,"Scss","Share absorbed at completion"
"35541",2023-05-01,"May 2023","Semi-Detached",83.3,"Scss","Share absorbed at completion"
"35541",2023-05-01,"May 2023","Row",95.4,"Scss","Share absorbed at completion"
"35541",2023-05-01,"May 2023","Apartment",NA,"Scss","Share absorbed at completion"
"35541",2023-05-01,"May 2023","All",96,"Scss","Share absorbed at completion"
"35541",2023-06-01,"Jun 2023","Single",93,"Scss","Share absorbed at completion"
"35541",2023-06-01,"Jun 2023","Semi-Detached",0,"Scss","Share absorbed at completion"
"35541",2023-06-01,"Jun 2023","Row",96.6,"Scss","Share absorbed at completion"
"35541",2023-06-01,"Jun 2023","Apartment",NA,"Scss","Share absorbed at completion"
"35541",2023-06-01,"Jun 2023","All",91.5,"Scss","Share absorbed at completion"
"35541",2023-07-01,"Jul 2023","Single",87.7,"Scss","Share absorbed at completion"
"35541",2023-07-01,"Jul 2023","Semi-Detached",60,"Scss","Share absorbed at completion"
"35541",2023-07-01,"Jul 2023","Row",88,"Scss","Share absorbed at completion"
"35541",2023-07-01,"Jul 2023","Apartment",100,"Scss","Share absorbed at completion"
"35541",2023-07-01,"Jul 2023","All",95.4,"Scss","Share absorbed at completion"
"35541",2023-08-01,"Aug 2023","Single",97.5,"Scss","Share absorbed at completion"
"35541",2023-08-01,"Aug 2023","Semi-Detached",66.7,"Scss","Share absorbed at completion"
"35541",2023-08-01,"Aug 2023","Row",100,"Scss","Share absorbed at completion"
"35541",2023-08-01,"Aug 2023","Apartment",100,"Scss","Share absorbed at completion"
"35541",2023-08-01,"Aug 2023","All",98.4,"Scss","Share absorbed at completion"
"35541",2023-09-01,"Sep 2023","Single",95.4,"Scss","Share absorbed at completion"
"35541",2023-09-01,"Sep 2023","Semi-Detached",NA,"Scss","Share absorbed at completion"
"35541",2023-09-01,"Sep 2023","Row",100,"Scss","Share absorbed at completion"
"35541",2023-09-01,"Sep 2023","Apartment",100,"Scss","Share absorbed at completion"
"35541",2023-09-01,"Sep 2023","All",97.9,"Scss","Share absorbed at completion"
"35541",2023-10-01,"Oct 2023","Single",93.8,"Scss","Share absorbed at completion"
"35541",2023-10-01,"Oct 2023","Semi-Detached",100,"Scss","Share absorbed at completion"
"35541",2023-10-01,"Oct 2023","Row",84.5,"Scss","Share absorbed at completion"
"35541",2023-10-01,"Oct 2023","Apartment",100,"Scss","Share absorbed at completion"
"35541",2023-10-01,"Oct 2023","All",95.6,"Scss","Share absorbed at completion"
"35541",2023-11-01,"Nov 2023","Single",94,"Scss","Share absorbed at completion"
"35541",2023-11-01,"Nov 2023","Semi-Detached",100,"Scss","Share absorbed at completion"
"35541",2023-11-01,"Nov 2023","Row",96.7,"Scss","Share absorbed at completion"
"35541",2023-11-01,"Nov 2023","Apartment",100,"Scss","Share absorbed at completion"
"35541",2023-11-01,"Nov 2023","All",97.2,"Scss","Share absorbed at completion"
"35541",2023-12-01,"Dec 2023","Single",91,"Scss","Share absorbed at completion"
"35541",2023-12-01,"Dec 2023","Semi-Detached",NA,"Scss","Share absorbed at completion"
"35541",2023-12-01,"Dec 2023","Row",100,"Scss","Share absorbed at completion"
"35541",2023-12-01,"Dec 2023","Apartment",100,"Scss","Share absorbed at completion"
"35541",2023-12-01,"Dec 2023","All",97.6,"Scss","Share absorbed at completion"
"35541",2024-01-01,"Jan 2024","Single",87.5,"Scss","Share absorbed at completion"
"35541",2024-01-01,"Jan 2024","Semi-Detached",55.6,"Scss","Share absorbed at completion"
"35541",2024-01-01,"Jan 2024","Row",78.6,"Scss","Share absorbed at completion"
"35541",2024-01-01,"Jan 2024","Apartment",NA,"Scss","Share absorbed at completion"
"35541",2024-01-01,"Jan 2024","All",81.3,"Scss","Share absorbed at completion"
"35541",2024-02-01,"Feb 2024","Single",81,"Scss","Share absorbed at completion"
"35541",2024-02-01,"Feb 2024","Semi-Detached",50,"Scss","Share absorbed at completion"
"35541",2024-02-01,"Feb 2024","Row",78.2,"Scss","Share absorbed at completion"
"35541",2024-02-01,"Feb 2024","Apartment",100,"Scss","Share absorbed at completion"
"35541",2024-02-01,"Feb 2024","All",83.5,"Scss","Share absorbed at completion"
"35541",2024-03-01,"Mar 2024","Single",95,"Scss","Share absorbed at completion"
"35541",2024-03-01,"Mar 2024","Semi-Detached",100,"Scss","Share absorbed at completion"
"35541",2024-03-01,"Mar 2024","Row",95.1,"Scss","Share absorbed at completion"
"35541",2024-03-01,"Mar 2024","Apartment",100,"Scss","Share absorbed at completion"
"35541",2024-03-01,"Mar 2024","All",96.8,"Scss","Share absorbed at completion"
"35541",2024-04-01,"Apr 2024","Single",81.5,"Scss","Share absorbed at completion"
"35541",2024-04-01,"Apr 2024","Semi-Detached",100,"Scss","Share absorbed at completion"
"35541",2024-04-01,"Apr 2024","Row",91.4,"Scss","Share absorbed at completion"
"35541",2024-04-01,"Apr 2024","Apartment",100,"Scss","Share absorbed at completion"
"35541",2024-04-01,"Apr 2024","All",97.1,"Scss","Share absorbed at completion"
"35541",2024-05-01,"May 2024","Single",94.5,"Scss","Share absorbed at completion"
"35541",2024-05-01,"May 2024","Semi-Detached",100,"Scss","Share absorbed at completion"
"35541",2024-05-01,"May 2024","Row",100,"Scss","Share absorbed at completion"
"35541",2024-05-01,"May 2024","Apartment",NA,"Scss","Share absorbed at completion"
"35541",2024-05-01,"May 2024","All",98.6,"Scss","Share absorbed at completion"
"35541",2024-06-01,"Jun 2024","Single",85.2,"Scss","Share absorbed at completion"
"35541",2024-06-01,"Jun 2024","Semi-Detached",100,"Scss","Share absorbed at completion"
"35541",2024-06-01,"Jun 2024","Row",100,"Scss","Share absorbed at completion"
"35541",2024-06-01,"Jun 2024","Apartment",100,"Scss","Share absorbed at completion"
"35541",2024-06-01,"Jun 2024","All",93,"Scss","Share absorbed at completion"
"35541",2024-07-01,"Jul 2024","Single",75.4,"Scss","Share absorbed at completion"
"35541",2024-07-01,"Jul 2024","Semi-Detached",100,"Scss","Share absorbed at completion"
"35541",2024-07-01,"Jul 2024","Row",100,"Scss","Share absorbed at completion"
"35541",2024-07-01,"Jul 2024","Apartment",NA,"Scss","Share absorbed at completion"
"35541",2024-07-01,"Jul 2024","All",88.3,"Scss","Share absorbed at completion"
"35541",2024-08-01,"Aug 2024","Single",81.5,"Scss","Share absorbed at completion"
"35541",2024-08-01,"Aug 2024","Semi-Detached",50,"Scss","Share absorbed at completion"
"35541",2024-08-01,"Aug 2024","Row",100,"Scss","Share absorbed at completion"
"35541",2024-08-01,"Aug 2024","Apartment",100,"Scss","Share absorbed at completion"
"35541",2024-08-01,"Aug 2024","All",91.4,"Scss","Share absorbed at completion"
"35541",2024-09-01,"Sep 2024","Single",87.2,"Scss","Share absorbed at completion"
"35541",2024-09-01,"Sep 2024","Semi-Detached",50,"Scss","Share absorbed at completion"
"35541",2024-09-01,"Sep 2024","Row",88.1,"Scss","Share absorbed at completion"
"35541",2024-09-01,"Sep 2024","Apartment",NA,"Scss","Share absorbed at completion"
"35541",2024-09-01,"Sep 2024","All",87.1,"Scss","Share absorbed at completion"
"35541",2024-10-01,"Oct 2024","Single",95.9,"Scss","Share absorbed at completion"
"35541",2024-10-01,"Oct 2024","Semi-Detached",NA,"Scss","Share absorbed at completion"
"35541",2024-10-01,"Oct 2024","Row",71.3,"Scss","Share absorbed at completion"
"35541",2024-10-01,"Oct 2024","Apartment",NA,"Scss","Share absorbed at completion"
"35541",2024-10-01,"Oct 2024","All",78.7,"Scss","Share absorbed at completion"
"35541",2024-11-01,"Nov 2024","Single",84.7,"Scss","Share absorbed at completion"
"35541",2024-11-01,"Nov 2024","Semi-Detached",75,"Scss","Share absorbed at completion"
"35541",2024-11-01,"Nov 2024","Row",100,"Scss","Share absorbed at completion"
"35541",2024-11-01,"Nov 2024","Apartment",100,"Scss","Share absorbed at completion"
"35541",2024-11-01,"Nov 2024","All",89.9,"Scss","Share absorbed at completion"
"35541",2024-12-01,"Dec 2024","Single",81.8,"Scss","Share absorbed at completion"
"35541",2024-12-01,"Dec 2024","Semi-Detached",NA,"Scss","Share absorbed at completion"
"35541",2024-12-01,"Dec 2024","Row",13.8,"Scss","Share absorbed at completion"
"35541",2024-12-01,"Dec 2024","Apartment",NA,"Scss","Share absorbed at completion"
"35541",2024-12-01,"Dec 2024","All",50,"Scss","Share absorbed at completion"
"35541",2025-01-01,"Jan 2025","Single",90.6,"Scss","Share absorbed at completion"
"35541",2025-01-01,"Jan 2025","Semi-Detached",NA,"Scss","Share absorbed at completion"
"35541",2025-01-01,"Jan 2025","Row",87.8,"Scss","Share absorbed at completion"
"35541",2025-01-01,"Jan 2025","Apartment",NA,"Scss","Share absorbed at completion"
"35541",2025-01-01,"Jan 2025","All",89,"Scss","Share absorbed at completion"
"35541",2025-02-01,"Feb 2025","Single",87.5,"Scss","Share absorbed at completion"
"35541",2025-02-01,"Feb 2025","Semi-Detached",NA,"Scss","Share absorbed at completion"
"35541",2025-02-01,"Feb 2025","Row",100,"Scss","Share absorbed at completion"
"35541",2025-02-01,"Feb 2025","Apartment",100,"Scss","Share absorbed at completion"
"35541",2025-02-01,"Feb 2025","All",97.5,"Scss","Share absorbed at completion"
"35541",2025-03-01,"Mar 2025","Single",78.4,"Scss","Share absorbed at completion"
"35541",2025-03-01,"Mar 2025","Semi-Detached",100,"Scss","Share absorbed at completion"
"35541",2025-03-01,"Mar 2025","Row",100,"Scss","Share absorbed at completion"
"35541",2025-03-01,"Mar 2025","Apartment",100,"Scss","Share absorbed at completion"
"35541",2025-03-01,"Mar 2025","All",93.8,"Scss","Share absorbed at completion"
"35541",2025-04-01,"Apr 2025","Single",54.1,"Scss","Share absorbed at completion"
"35541",2025-04-01,"Apr 2025","Semi-Detached",0,"Scss","Share absorbed at completion"
"35541",2025-04-01,"Apr 2025","Row",42.1,"Scss","Share absorbed at completion"
"35541",2025-04-01,"Apr 2025","Apartment",81.1,"Scss","Share absorbed at completion"
"35541",2025-04-01,"Apr 2025","All",69.5,"Scss","Share absorbed at completion"
"35541",2025-05-01,"May 2025","Single",51.2,"Scss","Share absorbed at completion"
"35541",2025-05-01,"May 2025","Semi-Detached",NA,"Scss","Share absorbed at completion"
"35541",2025-05-01,"May 2025","Row",25,"Scss","Share absorbed at completion"
"35541",2025-05-01,"May 2025","Apartment",NA,"Scss","Share absorbed at completion"
"35541",2025-05-01,"May 2025","All",36.6,"Scss","Share absorbed at completion"
"35541",2025-06-01,"Jun 2025","Single",36.4,"Scss","Share absorbed at completion"
"35541",2025-06-01,"Jun 2025","Semi-Detached",100,"Scss","Share absorbed at completion"
"35541",2025-06-01,"Jun 2025","Row",75.7,"Scss","Share absorbed at completion"
"35541",2025-06-01,"Jun 2025","Apartment",NA,"Scss","Share absorbed at completion"
"35541",2025-06-01,"Jun 2025","All",56.5,"Scss","Share absorbed at completion"
"35541",2025-07-01,"Jul 2025","Single",52.3,"Scss","Share absorbed at completion"
"35541",2025-07-01,"Jul 2025","Semi-Detached",50,"Scss","Share absorbed at completion"
"35541",2025-07-01,"Jul 2025","Row",51.7,"Scss","Share absorbed at completion"
"35541",2025-07-01,"Jul 2025","Apartment",NA,"Scss","Share absorbed at completion"
"35541",2025-07-01,"Jul 2025","All",51.8,"Scss","Share absorbed at completion"
"35541",2025-08-01,"Aug 2025","Single",78.6,"Scss","Share absorbed at completion"
"35541",2025-08-01,"Aug 2025","Semi-Detached",NA,"Scss","Share absorbed at completion"
"35541",2025-08-01,"Aug 2025","Row",0,"Scss","Share absorbed at completion"
"35541",2025-08-01,"Aug 2025","Apartment",NA,"Scss","Share absorbed at completion"
"35541",2025-08-01,"Aug 2025","All",27.8,"Scss","Share absorbed at completion"
"35541",2025-09-01,"Sep 2025","Single",74.1,"Scss","Share absorbed at completion"
"35541",2025-09-01,"Sep 2025","Semi-Detached",NA,"Scss","Share absorbed at completion"
"35541",2025-09-01,"Sep 2025","Row",31,"Scss","Share absorbed at completion"
"35541",2025-09-01,"Sep 2025","Apartment",100,"Scss","Share absorbed at completion"
"35541",2025-09-01,"Sep 2025","All",86.9,"Scss","Share absorbed at completion"
"35541",2025-10-01,"Oct 2025","Single",86.2,"Scss","Share absorbed at completion"
"35541",2025-10-01,"Oct 2025","Semi-Detached",50,"Scss","Share absorbed at completion"
"35541",2025-10-01,"Oct 2025","Row",54.7,"Scss","Share absorbed at completion"
"35541",2025-10-01,"Oct 2025","Apartment",NA,"Scss","Share absorbed at completion"
"35541",2025-10-01,"Oct 2025","All",69,"Scss","Share absorbed at completion"
"35541",2025-11-01,"Nov 2025","Single",69,"Scss","Share absorbed at completion"
"35541",2025-11-01,"Nov 2025","Semi-Detached",100,"Scss","Share absorbed at completion"
"35541",2025-11-01,"Nov 2025","Row",72.6,"Scss","Share absorbed at completion"
"35541",2025-11-01,"Nov 2025","Apartment",100,"Scss","Share absorbed at completion"
"35541",2025-11-01,"Nov 2025","All",79.3,"Scss","Share absorbed at completion"
"35541",2025-12-01,"Dec 2025","Single",32,"Scss","Share absorbed at completion"
"35541",2025-12-01,"Dec 2025","Semi-Detached",50,"Scss","Share absorbed at completion"
"35541",2025-12-01,"Dec 2025","Row",55.6,"Scss","Share absorbed at completion"
"35541",2025-12-01,"Dec 2025","Apartment",100,"Scss","Share absorbed at completion"
"35541",2025-12-01,"Dec 2025","All",96.4,"Scss","Share absorbed at completion"
"35541",2026-01-01,"Jan 2026","Single",85.7,"Scss","Share absorbed at completion"
"35541",2026-01-01,"Jan 2026","Semi-Detached",50,"Scss","Share absorbed at completion"
"35541",2026-01-01,"Jan 2026","Row",100,"Scss","Share absorbed at completion"
"35541",2026-01-01,"Jan 2026","Apartment",NA,"Scss","Share absorbed at completion"
"35541",2026-01-01,"Jan 2026","All",86.8,"Scss","Share absorbed at completion"
"35541",2026-02-01,"Feb 2026","Single",76.2,"Scss","Share absorbed at completion"
"35541",2026-02-01,"Feb 2026","Semi-Detached",NA,"Scss","Share absorbed at completion"
"35541",2026-02-01,"Feb 2026","Row",72.7,"Scss","Share absorbed at completion"
"35541",2026-02-01,"Feb 2026","Apartment",67.5,"Scss","Share absorbed at completion"
"35541",2026-02-01,"Feb 2026","All",69,"Scss","Share absorbed at completion"
