"GeoUID","Date","DateString","Dwelling Type","Value","Survey","Series"
"35532",1990-01-01,"Jan 1990","Single",100,"Scss","Share absorbed at completion"
"35532",1990-01-01,"Jan 1990","Semi-Detached",NA,"Scss","Share absorbed at completion"
"35532",1990-01-01,"Jan 1990","Row",75,"Scss","Share absorbed at completion"
"35532",1990-01-01,"Jan 1990","Apartment",NA,"Scss","Share absorbed at completion"
"35532",1990-01-01,"Jan 1990","All",98.7,"Scss","Share absorbed at completion"
"35532",1990-02-01,"Feb 1990","Single",99.2,"Scss","Share absorbed at completion"
"35532",1990-02-01,"Feb 1990","Semi-Detached",NA,"Scss","Share absorbed at completion"
"35532",1990-02-01,"Feb 1990","Row",NA,"Scss","Share absorbed at completion"
"35532",1990-02-01,"Feb 1990","Apartment",NA,"Scss","Share absorbed at completion"
"35532",1990-02-01,"Feb 1990","All",99.2,"Scss","Share absorbed at completion"
"35532",1990-03-01,"Mar 1990","Single",98.1,"Scss","Share absorbed at completion"
"35532",1990-03-01,"Mar 1990","Semi-Detached",100,"Scss","Share absorbed at completion"
"35532",1990-03-01,"Mar 1990","Row",48.3,"Scss","Share absorbed at completion"
"35532",1990-03-01,"Mar 1990","Apartment",66.7,"Scss","Share absorbed at completion"
"35532",1990-03-01,"Mar 1990","All",95,"Scss","Share absorbed at completion"
"35532",1990-04-01,"Apr 1990","Single",99.3,"Scss","Share absorbed at completion"
"35532",1990-04-01,"Apr 1990","Semi-Detached",NA,"Scss","Share absorbed at completion"
"35532",1990-04-01,"Apr 1990","Row",46.7,"Scss","Share absorbed at completion"
"35532",1990-04-01,"Apr 1990","Apartment",NA,"Scss","Share absorbed at completion"
"35532",1990-04-01,"Apr 1990","All",94.1,"Scss","Share absorbed at completion"
"35532",1990-05-01,"May 1990","Single",99.2,"Scss","Share absorbed at completion"
"35532",1990-05-01,"May 1990","Semi-Detached",100,"Scss","Share absorbed at completion"
"35532",1990-05-01,"May 1990","Row",NA,"Scss","Share absorbed at completion"
"35532",1990-05-01,"May 1990","Apartment",NA,"Scss","Share absorbed at completion"
"35532",1990-05-01,"May 1990","All",99.3,"Scss","Share absorbed at completion"
"35532",1990-06-01,"Jun 1990","Single",96.7,"Scss","Share absorbed at completion"
"35532",1990-06-01,"Jun 1990","Semi-Detached",NA,"Scss","Share absorbed at completion"
"35532",1990-06-01,"Jun 1990","Row",NA,"Scss","Share absorbed at completion"
"35532",1990-06-01,"Jun 1990","Apartment",NA,"Scss","Share absorbed at completion"
"35532",1990-06-01,"Jun 1990","All",96.7,"Scss","Share absorbed at completion"
"35532",1990-07-01,"Jul 1990","Single",99.2,"Scss","Share absorbed at completion"
"35532",1990-07-01,"Jul 1990","Semi-Detached",100,"Scss","Share absorbed at completion"
"35532",1990-07-01,"Jul 1990","Row",NA,"Scss","Share absorbed at completion"
"35532",1990-07-01,"Jul 1990","Apartment",NA,"Scss","Share absorbed at completion"
"35532",1990-07-01,"Jul 1990","All",99.2,"Scss","Share absorbed at completion"
"35532",1990-08-01,"Aug 1990","Single",98,"Scss","Share absorbed at completion"
"35532",1990-08-01,"Aug 1990","Semi-Detached",83.3,"Scss","Share absorbed at completion"
"35532",1990-08-01,"Aug 1990","Row",NA,"Scss","Share absorbed at completion"
"35532",1990-08-01,"Aug 1990","Apartment",NA,"Scss","Share absorbed at completion"
"35532",1990-08-01,"Aug 1990","All",97.4,"Scss","Share absorbed at completion"
"35532",1990-09-01,"Sep 1990","Single",100,"Scss","Share absorbed at completion"
"35532",1990-09-01,"Sep 1990","Semi-Detached",100,"Scss","Share absorbed at completion"
"35532",1990-09-01,"Sep 1990","Row",NA,"Scss","Share absorbed at completion"
"35532",1990-09-01,"Sep 1990","Apartment",NA,"Scss","Share absorbed at completion"
"35532",1990-09-01,"Sep 1990","All",100,"Scss","Share absorbed at completion"
"35532",1990-10-01,"Oct 1990","Single",99.4,"Scss","Share absorbed at completion"
"35532",1990-10-01,"Oct 1990","Semi-Detached",60,"Scss","Share absorbed at completion"
"35532",1990-10-01,"Oct 1990","Row",100,"Scss","Share absorbed at completion"
"35532",1990-10-01,"Oct 1990","Apartment",NA,"Scss","Share absorbed at completion"
"35532",1990-10-01,"Oct 1990","All",97.6,"Scss","Share absorbed at completion"
"35532",1990-11-01,"Nov 1990","Single",99.3,"Scss","Share absorbed at completion"
"35532",1990-11-01,"Nov 1990","Semi-Detached",50,"Scss","Share absorbed at completion"
"35532",1990-11-01,"Nov 1990","Row",47.1,"Scss","Share absorbed at completion"
"35532",1990-11-01,"Nov 1990","Apartment",NA,"Scss","Share absorbed at completion"
"35532",1990-11-01,"Nov 1990","All",89.7,"Scss","Share absorbed at completion"
"35532",1990-12-01,"Dec 1990","Single",100,"Scss","Share absorbed at completion"
"35532",1990-12-01,"Dec 1990","Semi-Detached",50,"Scss","Share absorbed at completion"
"35532",1990-12-01,"Dec 1990","Row",25.6,"Scss","Share absorbed at completion"
"35532",1990-12-01,"Dec 1990","Apartment",NA,"Scss","Share absorbed at completion"
"35532",1990-12-01,"Dec 1990","All",79.4,"Scss","Share absorbed at completion"
"35532",1991-01-01,"Jan 1991","Single",100,"Scss","Share absorbed at completion"
"35532",1991-01-01,"Jan 1991","Semi-Detached",50,"Scss","Share absorbed at completion"
"35532",1991-01-01,"Jan 1991","Row",96.5,"Scss","Share absorbed at completion"
"35532",1991-01-01,"Jan 1991","Apartment",92.8,"Scss","Share absorbed at completion"
"35532",1991-01-01,"Jan 1991","All",95.9,"Scss","Share absorbed at completion"
"35532",1991-02-01,"Feb 1991","Single",90.9,"Scss","Share absorbed at completion"
"35532",1991-02-01,"Feb 1991","Semi-Detached",100,"Scss","Share absorbed at completion"
"35532",1991-02-01,"Feb 1991","Row",NA,"Scss","Share absorbed at completion"
"35532",1991-02-01,"Feb 1991","Apartment",NA,"Scss","Share absorbed at completion"
"35532",1991-02-01,"Feb 1991","All",91.1,"Scss","Share absorbed at completion"
"35532",1991-03-01,"Mar 1991","Single",98.4,"Scss","Share absorbed at completion"
"35532",1991-03-01,"Mar 1991","Semi-Detached",50,"Scss","Share absorbed at completion"
"35532",1991-03-01,"Mar 1991","Row",NA,"Scss","Share absorbed at completion"
"35532",1991-03-01,"Mar 1991","Apartment",NA,"Scss","Share absorbed at completion"
"35532",1991-03-01,"Mar 1991","All",92.9,"Scss","Share absorbed at completion"
"35532",1991-04-01,"Apr 1991","Single",98.3,"Scss","Share absorbed at completion"
"35532",1991-04-01,"Apr 1991","Semi-Detached",NA,"Scss","Share absorbed at completion"
"35532",1991-04-01,"Apr 1991","Row",100,"Scss","Share absorbed at completion"
"35532",1991-04-01,"Apr 1991","Apartment",NA,"Scss","Share absorbed at completion"
"35532",1991-04-01,"Apr 1991","All",98.3,"Scss","Share absorbed at completion"
"35532",1991-05-01,"May 1991","Single",98,"Scss","Share absorbed at completion"
"35532",1991-05-01,"May 1991","Semi-Detached",71.4,"Scss","Share absorbed at completion"
"35532",1991-05-01,"May 1991","Row",NA,"Scss","Share absorbed at completion"
"35532",1991-05-01,"May 1991","Apartment",NA,"Scss","Share absorbed at completion"
"35532",1991-05-01,"May 1991","All",94.8,"Scss","Share absorbed at completion"
"35532",1991-06-01,"Jun 1991","Single",96.5,"Scss","Share absorbed at completion"
"35532",1991-06-01,"Jun 1991","Semi-Detached",92.9,"Scss","Share absorbed at completion"
"35532",1991-06-01,"Jun 1991","Row",NA,"Scss","Share absorbed at completion"
"35532",1991-06-01,"Jun 1991","Apartment",81.2,"Scss","Share absorbed at completion"
"35532",1991-06-01,"Jun 1991","All",88.9,"Scss","Share absorbed at completion"
"35532",1991-07-01,"Jul 1991","Single",98.8,"Scss","Share absorbed at completion"
"35532",1991-07-01,"Jul 1991","Semi-Detached",94.4,"Scss","Share absorbed at completion"
"35532",1991-07-01,"Jul 1991","Row",100,"Scss","Share absorbed at completion"
"35532",1991-07-01,"Jul 1991","Apartment",NA,"Scss","Share absorbed at completion"
"35532",1991-07-01,"Jul 1991","All",98.5,"Scss","Share absorbed at completion"
"35532",1991-08-01,"Aug 1991","Single",100,"Scss","Share absorbed at completion"
"35532",1991-08-01,"Aug 1991","Semi-Detached",100,"Scss","Share absorbed at completion"
"35532",1991-08-01,"Aug 1991","Row",0,"Scss","Share absorbed at completion"
"35532",1991-08-01,"Aug 1991","Apartment",NA,"Scss","Share absorbed at completion"
"35532",1991-08-01,"Aug 1991","All",71.4,"Scss","Share absorbed at completion"
"35532",1991-09-01,"Sep 1991","Single",100,"Scss","Share absorbed at completion"
"35532",1991-09-01,"Sep 1991","Semi-Detached",100,"Scss","Share absorbed at completion"
"35532",1991-09-01,"Sep 1991","Row",0,"Scss","Share absorbed at completion"
"35532",1991-09-01,"Sep 1991","Apartment",NA,"Scss","Share absorbed at completion"
"35532",1991-09-01,"Sep 1991","All",88.6,"Scss","Share absorbed at completion"
"35532",1991-10-01,"Oct 1991","Single",100,"Scss","Share absorbed at completion"
"35532",1991-10-01,"Oct 1991","Semi-Detached",100,"Scss","Share absorbed at completion"
"35532",1991-10-01,"Oct 1991","Row",0,"Scss","Share absorbed at completion"
"35532",1991-10-01,"Oct 1991","Apartment",NA,"Scss","Share absorbed at completion"
"35532",1991-10-01,"Oct 1991","All",83.9,"Scss","Share absorbed at completion"
"35532",1991-11-01,"Nov 1991","Single",100,"Scss","Share absorbed at completion"
"35532",1991-11-01,"Nov 1991","Semi-Detached",75,"Scss","Share absorbed at completion"
"35532",1991-11-01,"Nov 1991","Row",100,"Scss","Share absorbed at completion"
"35532",1991-11-01,"Nov 1991","Apartment",NA,"Scss","Share absorbed at completion"
"35532",1991-11-01,"Nov 1991","All",98.1,"Scss","Share absorbed at completion"
"35532",1991-12-01,"Dec 1991","Single",100,"Scss","Share absorbed at completion"
"35532",1991-12-01,"Dec 1991","Semi-Detached",100,"Scss","Share absorbed at completion"
"35532",1991-12-01,"Dec 1991","Row",NA,"Scss","Share absorbed at completion"
"35532",1991-12-01,"Dec 1991","Apartment",67.9,"Scss","Share absorbed at completion"
"35532",1991-12-01,"Dec 1991","All",79.9,"Scss","Share absorbed at completion"
"35532",1992-01-01,"Jan 1992","Single",100,"Scss","Share absorbed at completion"
"35532",1992-01-01,"Jan 1992","Semi-Detached",75,"Scss","Share absorbed at completion"
"35532",1992-01-01,"Jan 1992","Row",NA,"Scss","Share absorbed at completion"
"35532",1992-01-01,"Jan 1992","Apartment",NA,"Scss","Share absorbed at completion"
"35532",1992-01-01,"Jan 1992","All",98.5,"Scss","Share absorbed at completion"
"35532",1992-02-01,"Feb 1992","Single",100,"Scss","Share absorbed at completion"
"35532",1992-02-01,"Feb 1992","Semi-Detached",100,"Scss","Share absorbed at completion"
"35532",1992-02-01,"Feb 1992","Row",NA,"Scss","Share absorbed at completion"
"35532",1992-02-01,"Feb 1992","Apartment",NA,"Scss","Share absorbed at completion"
"35532",1992-02-01,"Feb 1992","All",100,"Scss","Share absorbed at completion"
"35532",1992-03-01,"Mar 1992","Single",100,"Scss","Share absorbed at completion"
"35532",1992-03-01,"Mar 1992","Semi-Detached",81.3,"Scss","Share absorbed at completion"
"35532",1992-03-01,"Mar 1992","Row",NA,"Scss","Share absorbed at completion"
"35532",1992-03-01,"Mar 1992","Apartment",NA,"Scss","Share absorbed at completion"
"35532",1992-03-01,"Mar 1992","All",97.6,"Scss","Share absorbed at completion"
"35532",1992-04-01,"Apr 1992","Single",99.2,"Scss","Share absorbed at completion"
"35532",1992-04-01,"Apr 1992","Semi-Detached",83.3,"Scss","Share absorbed at completion"
"35532",1992-04-01,"Apr 1992","Row",77.8,"Scss","Share absorbed at completion"
"35532",1992-04-01,"Apr 1992","Apartment",NA,"Scss","Share absorbed at completion"
"35532",1992-04-01,"Apr 1992","All",96.4,"Scss","Share absorbed at completion"
"35532",1992-05-01,"May 1992","Single",99.1,"Scss","Share absorbed at completion"
"35532",1992-05-01,"May 1992","Semi-Detached",NA,"Scss","Share absorbed at completion"
"35532",1992-05-01,"May 1992","Row",91.9,"Scss","Share absorbed at completion"
"35532",1992-05-01,"May 1992","Apartment",NA,"Scss","Share absorbed at completion"
"35532",1992-05-01,"May 1992","All",96.1,"Scss","Share absorbed at completion"
"35532",1992-06-01,"Jun 1992","Single",99.4,"Scss","Share absorbed at completion"
"35532",1992-06-01,"Jun 1992","Semi-Detached",100,"Scss","Share absorbed at completion"
"35532",1992-06-01,"Jun 1992","Row",100,"Scss","Share absorbed at completion"
"35532",1992-06-01,"Jun 1992","Apartment",NA,"Scss","Share absorbed at completion"
"35532",1992-06-01,"Jun 1992","All",99.5,"Scss","Share absorbed at completion"
"35532",1992-07-01,"Jul 1992","Single",95.9,"Scss","Share absorbed at completion"
"35532",1992-07-01,"Jul 1992","Semi-Detached",92.9,"Scss","Share absorbed at completion"
"35532",1992-07-01,"Jul 1992","Row",80,"Scss","Share absorbed at completion"
"35532",1992-07-01,"Jul 1992","Apartment",NA,"Scss","Share absorbed at completion"
"35532",1992-07-01,"Jul 1992","All",93.1,"Scss","Share absorbed at completion"
"35532",1992-08-01,"Aug 1992","Single",99,"Scss","Share absorbed at completion"
"35532",1992-08-01,"Aug 1992","Semi-Detached",87.5,"Scss","Share absorbed at completion"
"35532",1992-08-01,"Aug 1992","Row",100,"Scss","Share absorbed at completion"
"35532",1992-08-01,"Aug 1992","Apartment",NA,"Scss","Share absorbed at completion"
"35532",1992-08-01,"Aug 1992","All",97.6,"Scss","Share absorbed at completion"
"35532",1992-09-01,"Sep 1992","Single",100,"Scss","Share absorbed at completion"
"35532",1992-09-01,"Sep 1992","Semi-Detached",91.7,"Scss","Share absorbed at completion"
"35532",1992-09-01,"Sep 1992","Row",63.6,"Scss","Share absorbed at completion"
"35532",1992-09-01,"Sep 1992","Apartment",NA,"Scss","Share absorbed at completion"
"35532",1992-09-01,"Sep 1992","All",93.2,"Scss","Share absorbed at completion"
"35532",1992-10-01,"Oct 1992","Single",100,"Scss","Share absorbed at completion"
"35532",1992-10-01,"Oct 1992","Semi-Detached",50,"Scss","Share absorbed at completion"
"35532",1992-10-01,"Oct 1992","Row",66.7,"Scss","Share absorbed at completion"
"35532",1992-10-01,"Oct 1992","Apartment",NA,"Scss","Share absorbed at completion"
"35532",1992-10-01,"Oct 1992","All",95.5,"Scss","Share absorbed at completion"
"35532",1992-11-01,"Nov 1992","Single",100,"Scss","Share absorbed at completion"
"35532",1992-11-01,"Nov 1992","Semi-Detached",100,"Scss","Share absorbed at completion"
"35532",1992-11-01,"Nov 1992","Row",31.6,"Scss","Share absorbed at completion"
"35532",1992-11-01,"Nov 1992","Apartment",NA,"Scss","Share absorbed at completion"
"35532",1992-11-01,"Nov 1992","All",84.5,"Scss","Share absorbed at completion"
"35532",1992-12-01,"Dec 1992","Single",98.4,"Scss","Share absorbed at completion"
"35532",1992-12-01,"Dec 1992","Semi-Detached",80,"Scss","Share absorbed at completion"
"35532",1992-12-01,"Dec 1992","Row",0,"Scss","Share absorbed at completion"
"35532",1992-12-01,"Dec 1992","Apartment",NA,"Scss","Share absorbed at completion"
"35532",1992-12-01,"Dec 1992","All",88.3,"Scss","Share absorbed at completion"
"35532",1993-01-01,"Jan 1993","Single",98.3,"Scss","Share absorbed at completion"
"35532",1993-01-01,"Jan 1993","Semi-Detached",75,"Scss","Share absorbed at completion"
"35532",1993-01-01,"Jan 1993","Row",NA,"Scss","Share absorbed at completion"
"35532",1993-01-01,"Jan 1993","Apartment",NA,"Scss","Share absorbed at completion"
"35532",1993-01-01,"Jan 1993","All",96.9,"Scss","Share absorbed at completion"
"35532",1993-02-01,"Feb 1993","Single",93.2,"Scss","Share absorbed at completion"
"35532",1993-02-01,"Feb 1993","Semi-Detached",66.7,"Scss","Share absorbed at completion"
"35532",1993-02-01,"Feb 1993","Row",NA,"Scss","Share absorbed at completion"
"35532",1993-02-01,"Feb 1993","Apartment",NA,"Scss","Share absorbed at completion"
"35532",1993-02-01,"Feb 1993","All",91.3,"Scss","Share absorbed at completion"
"35532",1993-03-01,"Mar 1993","Single",100,"Scss","Share absorbed at completion"
"35532",1993-03-01,"Mar 1993","Semi-Detached",75,"Scss","Share absorbed at completion"
"35532",1993-03-01,"Mar 1993","Row",NA,"Scss","Share absorbed at completion"
"35532",1993-03-01,"Mar 1993","Apartment",NA,"Scss","Share absorbed at completion"
"35532",1993-03-01,"Mar 1993","All",98.1,"Scss","Share absorbed at completion"
"35532",1993-04-01,"Apr 1993","Single",92.6,"Scss","Share absorbed at completion"
"35532",1993-04-01,"Apr 1993","Semi-Detached",100,"Scss","Share absorbed at completion"
"35532",1993-04-01,"Apr 1993","Row",NA,"Scss","Share absorbed at completion"
"35532",1993-04-01,"Apr 1993","Apartment",NA,"Scss","Share absorbed at completion"
"35532",1993-04-01,"Apr 1993","All",93.2,"Scss","Share absorbed at completion"
"35532",1993-05-01,"May 1993","Single",94.7,"Scss","Share absorbed at completion"
"35532",1993-05-01,"May 1993","Semi-Detached",50,"Scss","Share absorbed at completion"
"35532",1993-05-01,"May 1993","Row",NA,"Scss","Share absorbed at completion"
"35532",1993-05-01,"May 1993","Apartment",NA,"Scss","Share absorbed at completion"
"35532",1993-05-01,"May 1993","All",92.4,"Scss","Share absorbed at completion"
"35532",1993-06-01,"Jun 1993","Single",86.6,"Scss","Share absorbed at completion"
"35532",1993-06-01,"Jun 1993","Semi-Detached",50,"Scss","Share absorbed at completion"
"35532",1993-06-01,"Jun 1993","Row",NA,"Scss","Share absorbed at completion"
"35532",1993-06-01,"Jun 1993","Apartment",NA,"Scss","Share absorbed at completion"
"35532",1993-06-01,"Jun 1993","All",83.3,"Scss","Share absorbed at completion"
"35532",1993-07-01,"Jul 1993","Single",96.8,"Scss","Share absorbed at completion"
"35532",1993-07-01,"Jul 1993","Semi-Detached",83.3,"Scss","Share absorbed at completion"
"35532",1993-07-01,"Jul 1993","Row",NA,"Scss","Share absorbed at completion"
"35532",1993-07-01,"Jul 1993","Apartment",NA,"Scss","Share absorbed at completion"
"35532",1993-07-01,"Jul 1993","All",96,"Scss","Share absorbed at completion"
"35532",1993-08-01,"Aug 1993","Single",82.5,"Scss","Share absorbed at completion"
"35532",1993-08-01,"Aug 1993","Semi-Detached",NA,"Scss","Share absorbed at completion"
"35532",1993-08-01,"Aug 1993","Row",100,"Scss","Share absorbed at completion"
"35532",1993-08-01,"Aug 1993","Apartment",NA,"Scss","Share absorbed at completion"
"35532",1993-08-01,"Aug 1993","All",83.5,"Scss","Share absorbed at completion"
"35532",1993-09-01,"Sep 1993","Single",90.5,"Scss","Share absorbed at completion"
"35532",1993-09-01,"Sep 1993","Semi-Detached",100,"Scss","Share absorbed at completion"
"35532",1993-09-01,"Sep 1993","Row",NA,"Scss","Share absorbed at completion"
"35532",1993-09-01,"Sep 1993","Apartment",NA,"Scss","Share absorbed at completion"
"35532",1993-09-01,"Sep 1993","All",90.7,"Scss","Share absorbed at completion"
"35532",1993-10-01,"Oct 1993","Single",88.9,"Scss","Share absorbed at completion"
"35532",1993-10-01,"Oct 1993","Semi-Detached",50,"Scss","Share absorbed at completion"
"35532",1993-10-01,"Oct 1993","Row",100,"Scss","Share absorbed at completion"
"35532",1993-10-01,"Oct 1993","Apartment",NA,"Scss","Share absorbed at completion"
"35532",1993-10-01,"Oct 1993","All",91,"Scss","Share absorbed at completion"
"35532",1993-11-01,"Nov 1993","Single",88.9,"Scss","Share absorbed at completion"
"35532",1993-11-01,"Nov 1993","Semi-Detached",66.7,"Scss","Share absorbed at completion"
"35532",1993-11-01,"Nov 1993","Row",NA,"Scss","Share absorbed at completion"
"35532",1993-11-01,"Nov 1993","Apartment",NA,"Scss","Share absorbed at completion"
"35532",1993-11-01,"Nov 1993","All",87.4,"Scss","Share absorbed at completion"
"35532",1993-12-01,"Dec 1993","Single",88.1,"Scss","Share absorbed at completion"
"35532",1993-12-01,"Dec 1993","Semi-Detached",33.3,"Scss","Share absorbed at completion"
"35532",1993-12-01,"Dec 1993","Row",NA,"Scss","Share absorbed at completion"
"35532",1993-12-01,"Dec 1993","Apartment",NA,"Scss","Share absorbed at completion"
"35532",1993-12-01,"Dec 1993","All",83.1,"Scss","Share absorbed at completion"
"35532",1994-01-01,"Jan 1994","Single",91.6,"Scss","Share absorbed at completion"
"35532",1994-01-01,"Jan 1994","Semi-Detached",50,"Scss","Share absorbed at completion"
"35532",1994-01-01,"Jan 1994","Row",79.6,"Scss","Share absorbed at completion"
"35532",1994-01-01,"Jan 1994","Apartment",NA,"Scss","Share absorbed at completion"
"35532",1994-01-01,"Jan 1994","All",86.9,"Scss","Share absorbed at completion"
"35532",1994-02-01,"Feb 1994","Single",91.4,"Scss","Share absorbed at completion"
"35532",1994-02-01,"Feb 1994","Semi-Detached",NA,"Scss","Share absorbed at completion"
"35532",1994-02-01,"Feb 1994","Row",66.7,"Scss","Share absorbed at completion"
"35532",1994-02-01,"Feb 1994","Apartment",NA,"Scss","Share absorbed at completion"
"35532",1994-02-01,"Feb 1994","All",86.3,"Scss","Share absorbed at completion"
"35532",1994-03-01,"Mar 1994","Single",92,"Scss","Share absorbed at completion"
"35532",1994-03-01,"Mar 1994","Semi-Detached",NA,"Scss","Share absorbed at completion"
"35532",1994-03-01,"Mar 1994","Row",82.1,"Scss","Share absorbed at completion"
"35532",1994-03-01,"Mar 1994","Apartment",NA,"Scss","Share absorbed at completion"
"35532",1994-03-01,"Mar 1994","All",88.1,"Scss","Share absorbed at completion"
"35532",1994-04-01,"Apr 1994","Single",90.3,"Scss","Share absorbed at completion"
"35532",1994-04-01,"Apr 1994","Semi-Detached",NA,"Scss","Share absorbed at completion"
"35532",1994-04-01,"Apr 1994","Row",91.5,"Scss","Share absorbed at completion"
"35532",1994-04-01,"Apr 1994","Apartment",NA,"Scss","Share absorbed at completion"
"35532",1994-04-01,"Apr 1994","All",90.8,"Scss","Share absorbed at completion"
"35532",1994-05-01,"May 1994","Single",87.9,"Scss","Share absorbed at completion"
"35532",1994-05-01,"May 1994","Semi-Detached",NA,"Scss","Share absorbed at completion"
"35532",1994-05-01,"May 1994","Row",100,"Scss","Share absorbed at completion"
"35532",1994-05-01,"May 1994","Apartment",NA,"Scss","Share absorbed at completion"
"35532",1994-05-01,"May 1994","All",90.2,"Scss","Share absorbed at completion"
"35532",1994-06-01,"Jun 1994","Single",91.5,"Scss","Share absorbed at completion"
"35532",1994-06-01,"Jun 1994","Semi-Detached",NA,"Scss","Share absorbed at completion"
"35532",1994-06-01,"Jun 1994","Row",NA,"Scss","Share absorbed at completion"
"35532",1994-06-01,"Jun 1994","Apartment",NA,"Scss","Share absorbed at completion"
"35532",1994-06-01,"Jun 1994","All",91.5,"Scss","Share absorbed at completion"
"35532",1994-07-01,"Jul 1994","Single",92.8,"Scss","Share absorbed at completion"
"35532",1994-07-01,"Jul 1994","Semi-Detached",100,"Scss","Share absorbed at completion"
"35532",1994-07-01,"Jul 1994","Row",100,"Scss","Share absorbed at completion"
"35532",1994-07-01,"Jul 1994","Apartment",NA,"Scss","Share absorbed at completion"
"35532",1994-07-01,"Jul 1994","All",93.3,"Scss","Share absorbed at completion"
"35532",1994-08-01,"Aug 1994","Single",98.5,"Scss","Share absorbed at completion"
"35532",1994-08-01,"Aug 1994","Semi-Detached",66.7,"Scss","Share absorbed at completion"
"35532",1994-08-01,"Aug 1994","Row",100,"Scss","Share absorbed at completion"
"35532",1994-08-01,"Aug 1994","Apartment",NA,"Scss","Share absorbed at completion"
"35532",1994-08-01,"Aug 1994","All",97.5,"Scss","Share absorbed at completion"
"35532",1994-09-01,"Sep 1994","Single",87.2,"Scss","Share absorbed at completion"
"35532",1994-09-01,"Sep 1994","Semi-Detached",100,"Scss","Share absorbed at completion"
"35532",1994-09-01,"Sep 1994","Row",76.3,"Scss","Share absorbed at completion"
"35532",1994-09-01,"Sep 1994","Apartment",NA,"Scss","Share absorbed at completion"
"35532",1994-09-01,"Sep 1994","All",84.8,"Scss","Share absorbed at completion"
"35532",1994-10-01,"Oct 1994","Single",85.9,"Scss","Share absorbed at completion"
"35532",1994-10-01,"Oct 1994","Semi-Detached",100,"Scss","Share absorbed at completion"
"35532",1994-10-01,"Oct 1994","Row",82,"Scss","Share absorbed at completion"
"35532",1994-10-01,"Oct 1994","Apartment",NA,"Scss","Share absorbed at completion"
"35532",1994-10-01,"Oct 1994","All",85.6,"Scss","Share absorbed at completion"
"35532",1994-11-01,"Nov 1994","Single",85.7,"Scss","Share absorbed at completion"
"35532",1994-11-01,"Nov 1994","Semi-Detached",100,"Scss","Share absorbed at completion"
"35532",1994-11-01,"Nov 1994","Row",71.4,"Scss","Share absorbed at completion"
"35532",1994-11-01,"Nov 1994","Apartment",NA,"Scss","Share absorbed at completion"
"35532",1994-11-01,"Nov 1994","All",84.3,"Scss","Share absorbed at completion"
"35532",1994-12-01,"Dec 1994","Single",80.9,"Scss","Share absorbed at completion"
"35532",1994-12-01,"Dec 1994","Semi-Detached",72.2,"Scss","Share absorbed at completion"
"35532",1994-12-01,"Dec 1994","Row",10,"Scss","Share absorbed at completion"
"35532",1994-12-01,"Dec 1994","Apartment",NA,"Scss","Share absorbed at completion"
"35532",1994-12-01,"Dec 1994","All",74.6,"Scss","Share absorbed at completion"
"35532",1995-01-01,"Jan 1995","Single",82.4,"Scss","Share absorbed at completion"
"35532",1995-01-01,"Jan 1995","Semi-Detached",50,"Scss","Share absorbed at completion"
"35532",1995-01-01,"Jan 1995","Row",89.7,"Scss","Share absorbed at completion"
"35532",1995-01-01,"Jan 1995","Apartment",NA,"Scss","Share absorbed at completion"
"35532",1995-01-01,"Jan 1995","All",83.8,"Scss","Share absorbed at completion"
"35532",1995-02-01,"Feb 1995","Single",93.3,"Scss","Share absorbed at completion"
"35532",1995-02-01,"Feb 1995","Semi-Detached",NA,"Scss","Share absorbed at completion"
"35532",1995-02-01,"Feb 1995","Row",68,"Scss","Share absorbed at completion"
"35532",1995-02-01,"Feb 1995","Apartment",NA,"Scss","Share absorbed at completion"
"35532",1995-02-01,"Feb 1995","All",84.3,"Scss","Share absorbed at completion"
"35532",1995-03-01,"Mar 1995","Single",73,"Scss","Share absorbed at completion"
"35532",1995-03-01,"Mar 1995","Semi-Detached",87.5,"Scss","Share absorbed at completion"
"35532",1995-03-01,"Mar 1995","Row",50,"Scss","Share absorbed at completion"
"35532",1995-03-01,"Mar 1995","Apartment",NA,"Scss","Share absorbed at completion"
"35532",1995-03-01,"Mar 1995","All",73.3,"Scss","Share absorbed at completion"
"35532",1995-04-01,"Apr 1995","Single",83.8,"Scss","Share absorbed at completion"
"35532",1995-04-01,"Apr 1995","Semi-Detached",100,"Scss","Share absorbed at completion"
"35532",1995-04-01,"Apr 1995","Row",100,"Scss","Share absorbed at completion"
"35532",1995-04-01,"Apr 1995","Apartment",NA,"Scss","Share absorbed at completion"
"35532",1995-04-01,"Apr 1995","All",86.4,"Scss","Share absorbed at completion"
"35532",1995-05-01,"May 1995","Single",90.8,"Scss","Share absorbed at completion"
"35532",1995-05-01,"May 1995","Semi-Detached",100,"Scss","Share absorbed at completion"
"35532",1995-05-01,"May 1995","Row",75,"Scss","Share absorbed at completion"
"35532",1995-05-01,"May 1995","Apartment",NA,"Scss","Share absorbed at completion"
"35532",1995-05-01,"May 1995","All",88.3,"Scss","Share absorbed at completion"
"35532",1995-06-01,"Jun 1995","Single",93.4,"Scss","Share absorbed at completion"
"35532",1995-06-01,"Jun 1995","Semi-Detached",NA,"Scss","Share absorbed at completion"
"35532",1995-06-01,"Jun 1995","Row",88.9,"Scss","Share absorbed at completion"
"35532",1995-06-01,"Jun 1995","Apartment",NA,"Scss","Share absorbed at completion"
"35532",1995-06-01,"Jun 1995","All",92.9,"Scss","Share absorbed at completion"
"35532",1995-07-01,"Jul 1995","Single",89.4,"Scss","Share absorbed at completion"
"35532",1995-07-01,"Jul 1995","Semi-Detached",100,"Scss","Share absorbed at completion"
"35532",1995-07-01,"Jul 1995","Row",33.3,"Scss","Share absorbed at completion"
"35532",1995-07-01,"Jul 1995","Apartment",NA,"Scss","Share absorbed at completion"
"35532",1995-07-01,"Jul 1995","All",86.5,"Scss","Share absorbed at completion"
"35532",1995-08-01,"Aug 1995","Single",94.6,"Scss","Share absorbed at completion"
"35532",1995-08-01,"Aug 1995","Semi-Detached",50,"Scss","Share absorbed at completion"
"35532",1995-08-01,"Aug 1995","Row",95.7,"Scss","Share absorbed at completion"
"35532",1995-08-01,"Aug 1995","Apartment",NA,"Scss","Share absorbed at completion"
"35532",1995-08-01,"Aug 1995","All",94.2,"Scss","Share absorbed at completion"
"35532",1995-09-01,"Sep 1995","Single",92.3,"Scss","Share absorbed at completion"
"35532",1995-09-01,"Sep 1995","Semi-Detached",50,"Scss","Share absorbed at completion"
"35532",1995-09-01,"Sep 1995","Row",0,"Scss","Share absorbed at completion"
"35532",1995-09-01,"Sep 1995","Apartment",NA,"Scss","Share absorbed at completion"
"35532",1995-09-01,"Sep 1995","All",85,"Scss","Share absorbed at completion"
"35532",1995-10-01,"Oct 1995","Single",72.3,"Scss","Share absorbed at completion"
"35532",1995-10-01,"Oct 1995","Semi-Detached",66.7,"Scss","Share absorbed at completion"
"35532",1995-10-01,"Oct 1995","Row",100,"Scss","Share absorbed at completion"
"35532",1995-10-01,"Oct 1995","Apartment",NA,"Scss","Share absorbed at completion"
"35532",1995-10-01,"Oct 1995","All",74.1,"Scss","Share absorbed at completion"
"35532",1995-11-01,"Nov 1995","Single",87,"Scss","Share absorbed at completion"
"35532",1995-11-01,"Nov 1995","Semi-Detached",0,"Scss","Share absorbed at completion"
"35532",1995-11-01,"Nov 1995","Row",100,"Scss","Share absorbed at completion"
"35532",1995-11-01,"Nov 1995","Apartment",NA,"Scss","Share absorbed at completion"
"35532",1995-11-01,"Nov 1995","All",83.8,"Scss","Share absorbed at completion"
"35532",1995-12-01,"Dec 1995","Single",85.9,"Scss","Share absorbed at completion"
"35532",1995-12-01,"Dec 1995","Semi-Detached",NA,"Scss","Share absorbed at completion"
"35532",1995-12-01,"Dec 1995","Row",85.2,"Scss","Share absorbed at completion"
"35532",1995-12-01,"Dec 1995","Apartment",NA,"Scss","Share absorbed at completion"
"35532",1995-12-01,"Dec 1995","All",85.7,"Scss","Share absorbed at completion"
"35532",1996-01-01,"Jan 1996","Single",91.7,"Scss","Share absorbed at completion"
"35532",1996-01-01,"Jan 1996","Semi-Detached",NA,"Scss","Share absorbed at completion"
"35532",1996-01-01,"Jan 1996","Row",93.9,"Scss","Share absorbed at completion"
"35532",1996-01-01,"Jan 1996","Apartment",NA,"Scss","Share absorbed at completion"
"35532",1996-01-01,"Jan 1996","All",92.5,"Scss","Share absorbed at completion"
"35532",1996-02-01,"Feb 1996","Single",85.7,"Scss","Share absorbed at completion"
"35532",1996-02-01,"Feb 1996","Semi-Detached",NA,"Scss","Share absorbed at completion"
"35532",1996-02-01,"Feb 1996","Row",86,"Scss","Share absorbed at completion"
"35532",1996-02-01,"Feb 1996","Apartment",NA,"Scss","Share absorbed at completion"
"35532",1996-02-01,"Feb 1996","All",85.8,"Scss","Share absorbed at completion"
"35532",1996-03-01,"Mar 1996","Single",87.8,"Scss","Share absorbed at completion"
"35532",1996-03-01,"Mar 1996","Semi-Detached",50,"Scss","Share absorbed at completion"
"35532",1996-03-01,"Mar 1996","Row",100,"Scss","Share absorbed at completion"
"35532",1996-03-01,"Mar 1996","Apartment",NA,"Scss","Share absorbed at completion"
"35532",1996-03-01,"Mar 1996","All",89.9,"Scss","Share absorbed at completion"
"35532",1996-04-01,"Apr 1996","Single",75,"Scss","Share absorbed at completion"
"35532",1996-04-01,"Apr 1996","Semi-Detached",50,"Scss","Share absorbed at completion"
"35532",1996-04-01,"Apr 1996","Row",83.3,"Scss","Share absorbed at completion"
"35532",1996-04-01,"Apr 1996","Apartment",NA,"Scss","Share absorbed at completion"
"35532",1996-04-01,"Apr 1996","All",76.4,"Scss","Share absorbed at completion"
"35532",1996-05-01,"May 1996","Single",91.7,"Scss","Share absorbed at completion"
"35532",1996-05-01,"May 1996","Semi-Detached",NA,"Scss","Share absorbed at completion"
"35532",1996-05-01,"May 1996","Row",NA,"Scss","Share absorbed at completion"
"35532",1996-05-01,"May 1996","Apartment",NA,"Scss","Share absorbed at completion"
"35532",1996-05-01,"May 1996","All",91.7,"Scss","Share absorbed at completion"
"35532",1996-06-01,"Jun 1996","Single",90.5,"Scss","Share absorbed at completion"
"35532",1996-06-01,"Jun 1996","Semi-Detached",0,"Scss","Share absorbed at completion"
"35532",1996-06-01,"Jun 1996","Row",100,"Scss","Share absorbed at completion"
"35532",1996-06-01,"Jun 1996","Apartment",NA,"Scss","Share absorbed at completion"
"35532",1996-06-01,"Jun 1996","All",89.6,"Scss","Share absorbed at completion"
"35532",1996-07-01,"Jul 1996","Single",85.8,"Scss","Share absorbed at completion"
"35532",1996-07-01,"Jul 1996","Semi-Detached",100,"Scss","Share absorbed at completion"
"35532",1996-07-01,"Jul 1996","Row",100,"Scss","Share absorbed at completion"
"35532",1996-07-01,"Jul 1996","Apartment",NA,"Scss","Share absorbed at completion"
"35532",1996-07-01,"Jul 1996","All",87.2,"Scss","Share absorbed at completion"
"35532",1996-08-01,"Aug 1996","Single",88.7,"Scss","Share absorbed at completion"
"35532",1996-08-01,"Aug 1996","Semi-Detached",100,"Scss","Share absorbed at completion"
"35532",1996-08-01,"Aug 1996","Row",92.3,"Scss","Share absorbed at completion"
"35532",1996-08-01,"Aug 1996","Apartment",NA,"Scss","Share absorbed at completion"
"35532",1996-08-01,"Aug 1996","All",89.4,"Scss","Share absorbed at completion"
"35532",1996-09-01,"Sep 1996","Single",83.2,"Scss","Share absorbed at completion"
"35532",1996-09-01,"Sep 1996","Semi-Detached",100,"Scss","Share absorbed at completion"
"35532",1996-09-01,"Sep 1996","Row",NA,"Scss","Share absorbed at completion"
"35532",1996-09-01,"Sep 1996","Apartment",NA,"Scss","Share absorbed at completion"
"35532",1996-09-01,"Sep 1996","All",84.6,"Scss","Share absorbed at completion"
"35532",1996-10-01,"Oct 1996","Single",90.5,"Scss","Share absorbed at completion"
"35532",1996-10-01,"Oct 1996","Semi-Detached",50,"Scss","Share absorbed at completion"
"35532",1996-10-01,"Oct 1996","Row",NA,"Scss","Share absorbed at completion"
"35532",1996-10-01,"Oct 1996","Apartment",NA,"Scss","Share absorbed at completion"
"35532",1996-10-01,"Oct 1996","All",89.7,"Scss","Share absorbed at completion"
"35532",1996-11-01,"Nov 1996","Single",92.2,"Scss","Share absorbed at completion"
"35532",1996-11-01,"Nov 1996","Semi-Detached",100,"Scss","Share absorbed at completion"
"35532",1996-11-01,"Nov 1996","Row",100,"Scss","Share absorbed at completion"
"35532",1996-11-01,"Nov 1996","Apartment",NA,"Scss","Share absorbed at completion"
"35532",1996-11-01,"Nov 1996","All",93.5,"Scss","Share absorbed at completion"
"35532",1996-12-01,"Dec 1996","Single",87.8,"Scss","Share absorbed at completion"
"35532",1996-12-01,"Dec 1996","Semi-Detached",87.5,"Scss","Share absorbed at completion"
"35532",1996-12-01,"Dec 1996","Row",90.2,"Scss","Share absorbed at completion"
"35532",1996-12-01,"Dec 1996","Apartment",NA,"Scss","Share absorbed at completion"
"35532",1996-12-01,"Dec 1996","All",88.6,"Scss","Share absorbed at completion"
"35532",1997-01-01,"Jan 1997","Single",95.5,"Scss","Share absorbed at completion"
"35532",1997-01-01,"Jan 1997","Semi-Detached",75,"Scss","Share absorbed at completion"
"35532",1997-01-01,"Jan 1997","Row",73.8,"Scss","Share absorbed at completion"
"35532",1997-01-01,"Jan 1997","Apartment",NA,"Scss","Share absorbed at completion"
"35532",1997-01-01,"Jan 1997","All",88.1,"Scss","Share absorbed at completion"
"35532",1997-02-01,"Feb 1997","Single",98.9,"Scss","Share absorbed at completion"
"35532",1997-02-01,"Feb 1997","Semi-Detached",75,"Scss","Share absorbed at completion"
"35532",1997-02-01,"Feb 1997","Row",100,"Scss","Share absorbed at completion"
"35532",1997-02-01,"Feb 1997","Apartment",NA,"Scss","Share absorbed at completion"
"35532",1997-02-01,"Feb 1997","All",98,"Scss","Share absorbed at completion"
"35532",1997-03-01,"Mar 1997","Single",96.5,"Scss","Share absorbed at completion"
"35532",1997-03-01,"Mar 1997","Semi-Detached",66.7,"Scss","Share absorbed at completion"
"35532",1997-03-01,"Mar 1997","Row",90.9,"Scss","Share absorbed at completion"
"35532",1997-03-01,"Mar 1997","Apartment",NA,"Scss","Share absorbed at completion"
"35532",1997-03-01,"Mar 1997","All",94.1,"Scss","Share absorbed at completion"
"35532",1997-04-01,"Apr 1997","Single",90.2,"Scss","Share absorbed at completion"
"35532",1997-04-01,"Apr 1997","Semi-Detached",100,"Scss","Share absorbed at completion"
"35532",1997-04-01,"Apr 1997","Row",71.4,"Scss","Share absorbed at completion"
"35532",1997-04-01,"Apr 1997","Apartment",NA,"Scss","Share absorbed at completion"
"35532",1997-04-01,"Apr 1997","All",85.3,"Scss","Share absorbed at completion"
"35532",1997-05-01,"May 1997","Single",94.9,"Scss","Share absorbed at completion"
"35532",1997-05-01,"May 1997","Semi-Detached",50,"Scss","Share absorbed at completion"
"35532",1997-05-01,"May 1997","Row",100,"Scss","Share absorbed at completion"
"35532",1997-05-01,"May 1997","Apartment",NA,"Scss","Share absorbed at completion"
"35532",1997-05-01,"May 1997","All",94.1,"Scss","Share absorbed at completion"
"35532",1997-06-01,"Jun 1997","Single",87.9,"Scss","Share absorbed at completion"
"35532",1997-06-01,"Jun 1997","Semi-Detached",NA,"Scss","Share absorbed at completion"
"35532",1997-06-01,"Jun 1997","Row",NA,"Scss","Share absorbed at completion"
"35532",1997-06-01,"Jun 1997","Apartment",NA,"Scss","Share absorbed at completion"
"35532",1997-06-01,"Jun 1997","All",87.9,"Scss","Share absorbed at completion"
"35532",1997-07-01,"Jul 1997","Single",93.5,"Scss","Share absorbed at completion"
"35532",1997-07-01,"Jul 1997","Semi-Detached",50,"Scss","Share absorbed at completion"
"35532",1997-07-01,"Jul 1997","Row",100,"Scss","Share absorbed at completion"
"35532",1997-07-01,"Jul 1997","Apartment",NA,"Scss","Share absorbed at completion"
"35532",1997-07-01,"Jul 1997","All",94,"Scss","Share absorbed at completion"
"35532",1997-08-01,"Aug 1997","Single",97.7,"Scss","Share absorbed at completion"
"35532",1997-08-01,"Aug 1997","Semi-Detached",50,"Scss","Share absorbed at completion"
"35532",1997-08-01,"Aug 1997","Row",100,"Scss","Share absorbed at completion"
"35532",1997-08-01,"Aug 1997","Apartment",NA,"Scss","Share absorbed at completion"
"35532",1997-08-01,"Aug 1997","All",97.2,"Scss","Share absorbed at completion"
"35532",1997-09-01,"Sep 1997","Single",96.2,"Scss","Share absorbed at completion"
"35532",1997-09-01,"Sep 1997","Semi-Detached",100,"Scss","Share absorbed at completion"
"35532",1997-09-01,"Sep 1997","Row",79.6,"Scss","Share absorbed at completion"
"35532",1997-09-01,"Sep 1997","Apartment",NA,"Scss","Share absorbed at completion"
"35532",1997-09-01,"Sep 1997","All",93.1,"Scss","Share absorbed at completion"
"35532",1997-10-01,"Oct 1997","Single",97.3,"Scss","Share absorbed at completion"
"35532",1997-10-01,"Oct 1997","Semi-Detached",NA,"Scss","Share absorbed at completion"
"35532",1997-10-01,"Oct 1997","Row",NA,"Scss","Share absorbed at completion"
"35532",1997-10-01,"Oct 1997","Apartment",NA,"Scss","Share absorbed at completion"
"35532",1997-10-01,"Oct 1997","All",97.3,"Scss","Share absorbed at completion"
"35532",1997-11-01,"Nov 1997","Single",92.2,"Scss","Share absorbed at completion"
"35532",1997-11-01,"Nov 1997","Semi-Detached",75,"Scss","Share absorbed at completion"
"35532",1997-11-01,"Nov 1997","Row",100,"Scss","Share absorbed at completion"
"35532",1997-11-01,"Nov 1997","Apartment",NA,"Scss","Share absorbed at completion"
"35532",1997-11-01,"Nov 1997","All",92.7,"Scss","Share absorbed at completion"
"35532",1997-12-01,"Dec 1997","Single",90.6,"Scss","Share absorbed at completion"
"35532",1997-12-01,"Dec 1997","Semi-Detached",NA,"Scss","Share absorbed at completion"
"35532",1997-12-01,"Dec 1997","Row",38.5,"Scss","Share absorbed at completion"
"35532",1997-12-01,"Dec 1997","Apartment",NA,"Scss","Share absorbed at completion"
"35532",1997-12-01,"Dec 1997","All",86.2,"Scss","Share absorbed at completion"
"35532",1998-01-01,"Jan 1998","Single",97.6,"Scss","Share absorbed at completion"
"35532",1998-01-01,"Jan 1998","Semi-Detached",87.5,"Scss","Share absorbed at completion"
"35532",1998-01-01,"Jan 1998","Row",56.1,"Scss","Share absorbed at completion"
"35532",1998-01-01,"Jan 1998","Apartment",NA,"Scss","Share absorbed at completion"
"35532",1998-01-01,"Jan 1998","All",87.4,"Scss","Share absorbed at completion"
"35532",1998-02-01,"Feb 1998","Single",89.1,"Scss","Share absorbed at completion"
"35532",1998-02-01,"Feb 1998","Semi-Detached",NA,"Scss","Share absorbed at completion"
"35532",1998-02-01,"Feb 1998","Row",NA,"Scss","Share absorbed at completion"
"35532",1998-02-01,"Feb 1998","Apartment",96.2,"Scss","Share absorbed at completion"
"35532",1998-02-01,"Feb 1998","All",91.5,"Scss","Share absorbed at completion"
"35532",1998-03-01,"Mar 1998","Single",93.9,"Scss","Share absorbed at completion"
"35532",1998-03-01,"Mar 1998","Semi-Detached",50,"Scss","Share absorbed at completion"
"35532",1998-03-01,"Mar 1998","Row",76.2,"Scss","Share absorbed at completion"
"35532",1998-03-01,"Mar 1998","Apartment",NA,"Scss","Share absorbed at completion"
"35532",1998-03-01,"Mar 1998","All",87.1,"Scss","Share absorbed at completion"
"35532",1998-04-01,"Apr 1998","Single",83.8,"Scss","Share absorbed at completion"
"35532",1998-04-01,"Apr 1998","Semi-Detached",50,"Scss","Share absorbed at completion"
"35532",1998-04-01,"Apr 1998","Row",80.8,"Scss","Share absorbed at completion"
"35532",1998-04-01,"Apr 1998","Apartment",NA,"Scss","Share absorbed at completion"
"35532",1998-04-01,"Apr 1998","All",82,"Scss","Share absorbed at completion"
"35532",1998-05-01,"May 1998","Single",87.1,"Scss","Share absorbed at completion"
"35532",1998-05-01,"May 1998","Semi-Detached",75,"Scss","Share absorbed at completion"
"35532",1998-05-01,"May 1998","Row",100,"Scss","Share absorbed at completion"
"35532",1998-05-01,"May 1998","Apartment",NA,"Scss","Share absorbed at completion"
"35532",1998-05-01,"May 1998","All",88.8,"Scss","Share absorbed at completion"
"35532",1998-06-01,"Jun 1998","Single",90.7,"Scss","Share absorbed at completion"
"35532",1998-06-01,"Jun 1998","Semi-Detached",NA,"Scss","Share absorbed at completion"
"35532",1998-06-01,"Jun 1998","Row",100,"Scss","Share absorbed at completion"
"35532",1998-06-01,"Jun 1998","Apartment",NA,"Scss","Share absorbed at completion"
"35532",1998-06-01,"Jun 1998","All",91,"Scss","Share absorbed at completion"
"35532",1998-07-01,"Jul 1998","Single",93.9,"Scss","Share absorbed at completion"
"35532",1998-07-01,"Jul 1998","Semi-Detached",NA,"Scss","Share absorbed at completion"
"35532",1998-07-01,"Jul 1998","Row",95.2,"Scss","Share absorbed at completion"
"35532",1998-07-01,"Jul 1998","Apartment",NA,"Scss","Share absorbed at completion"
"35532",1998-07-01,"Jul 1998","All",94.3,"Scss","Share absorbed at completion"
"35532",1998-08-01,"Aug 1998","Single",98.7,"Scss","Share absorbed at completion"
"35532",1998-08-01,"Aug 1998","Semi-Detached",NA,"Scss","Share absorbed at completion"
"35532",1998-08-01,"Aug 1998","Row",0,"Scss","Share absorbed at completion"
"35532",1998-08-01,"Aug 1998","Apartment",NA,"Scss","Share absorbed at completion"
"35532",1998-08-01,"Aug 1998","All",95.2,"Scss","Share absorbed at completion"
"35532",1998-09-01,"Sep 1998","Single",96.6,"Scss","Share absorbed at completion"
"35532",1998-09-01,"Sep 1998","Semi-Detached",100,"Scss","Share absorbed at completion"
"35532",1998-09-01,"Sep 1998","Row",27.8,"Scss","Share absorbed at completion"
"35532",1998-09-01,"Sep 1998","Apartment",NA,"Scss","Share absorbed at completion"
"35532",1998-09-01,"Sep 1998","All",87.7,"Scss","Share absorbed at completion"
"35532",1998-10-01,"Oct 1998","Single",92.9,"Scss","Share absorbed at completion"
"35532",1998-10-01,"Oct 1998","Semi-Detached",NA,"Scss","Share absorbed at completion"
"35532",1998-10-01,"Oct 1998","Row",84.6,"Scss","Share absorbed at completion"
"35532",1998-10-01,"Oct 1998","Apartment",NA,"Scss","Share absorbed at completion"
"35532",1998-10-01,"Oct 1998","All",91.8,"Scss","Share absorbed at completion"
"35532",1998-11-01,"Nov 1998","Single",90,"Scss","Share absorbed at completion"
"35532",1998-11-01,"Nov 1998","Semi-Detached",NA,"Scss","Share absorbed at completion"
"35532",1998-11-01,"Nov 1998","Row",64.3,"Scss","Share absorbed at completion"
"35532",1998-11-01,"Nov 1998","Apartment",NA,"Scss","Share absorbed at completion"
"35532",1998-11-01,"Nov 1998","All",80.8,"Scss","Share absorbed at completion"
"35532",1998-12-01,"Dec 1998","Single",94.6,"Scss","Share absorbed at completion"
"35532",1998-12-01,"Dec 1998","Semi-Detached",NA,"Scss","Share absorbed at completion"
"35532",1998-12-01,"Dec 1998","Row",34.9,"Scss","Share absorbed at completion"
"35532",1998-12-01,"Dec 1998","Apartment",NA,"Scss","Share absorbed at completion"
"35532",1998-12-01,"Dec 1998","All",78.1,"Scss","Share absorbed at completion"
"35532",1999-01-01,"Jan 1999","Single",99.2,"Scss","Share absorbed at completion"
"35532",1999-01-01,"Jan 1999","Semi-Detached",100,"Scss","Share absorbed at completion"
"35532",1999-01-01,"Jan 1999","Row",18.2,"Scss","Share absorbed at completion"
"35532",1999-01-01,"Jan 1999","Apartment",NA,"Scss","Share absorbed at completion"
"35532",1999-01-01,"Jan 1999","All",82.8,"Scss","Share absorbed at completion"
"35532",1999-02-01,"Feb 1999","Single",90.2,"Scss","Share absorbed at completion"
"35532",1999-02-01,"Feb 1999","Semi-Detached",50,"Scss","Share absorbed at completion"
"35532",1999-02-01,"Feb 1999","Row",75,"Scss","Share absorbed at completion"
"35532",1999-02-01,"Feb 1999","Apartment",NA,"Scss","Share absorbed at completion"
"35532",1999-02-01,"Feb 1999","All",86.1,"Scss","Share absorbed at completion"
"35532",1999-03-01,"Mar 1999","Single",93.6,"Scss","Share absorbed at completion"
"35532",1999-03-01,"Mar 1999","Semi-Detached",NA,"Scss","Share absorbed at completion"
"35532",1999-03-01,"Mar 1999","Row",80,"Scss","Share absorbed at completion"
"35532",1999-03-01,"Mar 1999","Apartment",NA,"Scss","Share absorbed at completion"
"35532",1999-03-01,"Mar 1999","All",92.4,"Scss","Share absorbed at completion"
"35532",1999-04-01,"Apr 1999","Single",90.8,"Scss","Share absorbed at completion"
"35532",1999-04-01,"Apr 1999","Semi-Detached",50,"Scss","Share absorbed at completion"
"35532",1999-04-01,"Apr 1999","Row",79.3,"Scss","Share absorbed at completion"
"35532",1999-04-01,"Apr 1999","Apartment",NA,"Scss","Share absorbed at completion"
"35532",1999-04-01,"Apr 1999","All",86.4,"Scss","Share absorbed at completion"
"35532",1999-05-01,"May 1999","Single",91.4,"Scss","Share absorbed at completion"
"35532",1999-05-01,"May 1999","Semi-Detached",NA,"Scss","Share absorbed at completion"
"35532",1999-05-01,"May 1999","Row",65.2,"Scss","Share absorbed at completion"
"35532",1999-05-01,"May 1999","Apartment",NA,"Scss","Share absorbed at completion"
"35532",1999-05-01,"May 1999","All",87.1,"Scss","Share absorbed at completion"
"35532",1999-06-01,"Jun 1999","Single",93.2,"Scss","Share absorbed at completion"
"35532",1999-06-01,"Jun 1999","Semi-Detached",NA,"Scss","Share absorbed at completion"
"35532",1999-06-01,"Jun 1999","Row",78.6,"Scss","Share absorbed at completion"
"35532",1999-06-01,"Jun 1999","Apartment",NA,"Scss","Share absorbed at completion"
"35532",1999-06-01,"Jun 1999","All",91.8,"Scss","Share absorbed at completion"
"35532",1999-07-01,"Jul 1999","Single",96.1,"Scss","Share absorbed at completion"
"35532",1999-07-01,"Jul 1999","Semi-Detached",50,"Scss","Share absorbed at completion"
"35532",1999-07-01,"Jul 1999","Row",90.9,"Scss","Share absorbed at completion"
"35532",1999-07-01,"Jul 1999","Apartment",NA,"Scss","Share absorbed at completion"
"35532",1999-07-01,"Jul 1999","All",95.1,"Scss","Share absorbed at completion"
"35532",1999-08-01,"Aug 1999","Single",93.3,"Scss","Share absorbed at completion"
"35532",1999-08-01,"Aug 1999","Semi-Detached",100,"Scss","Share absorbed at completion"
"35532",1999-08-01,"Aug 1999","Row",93.8,"Scss","Share absorbed at completion"
"35532",1999-08-01,"Aug 1999","Apartment",NA,"Scss","Share absorbed at completion"
"35532",1999-08-01,"Aug 1999","All",93.4,"Scss","Share absorbed at completion"
"35532",1999-09-01,"Sep 1999","Single",96.9,"Scss","Share absorbed at completion"
"35532",1999-09-01,"Sep 1999","Semi-Detached",NA,"Scss","Share absorbed at completion"
"35532",1999-09-01,"Sep 1999","Row",91.7,"Scss","Share absorbed at completion"
"35532",1999-09-01,"Sep 1999","Apartment",NA,"Scss","Share absorbed at completion"
"35532",1999-09-01,"Sep 1999","All",96.5,"Scss","Share absorbed at completion"
"35532",1999-10-01,"Oct 1999","Single",89.6,"Scss","Share absorbed at completion"
"35532",1999-10-01,"Oct 1999","Semi-Detached",0,"Scss","Share absorbed at completion"
"35532",1999-10-01,"Oct 1999","Row",95.2,"Scss","Share absorbed at completion"
"35532",1999-10-01,"Oct 1999","Apartment",NA,"Scss","Share absorbed at completion"
"35532",1999-10-01,"Oct 1999","All",89.3,"Scss","Share absorbed at completion"
"35532",1999-11-01,"Nov 1999","Single",91.8,"Scss","Share absorbed at completion"
"35532",1999-11-01,"Nov 1999","Semi-Detached",NA,"Scss","Share absorbed at completion"
"35532",1999-11-01,"Nov 1999","Row",80,"Scss","Share absorbed at completion"
"35532",1999-11-01,"Nov 1999","Apartment",NA,"Scss","Share absorbed at completion"
"35532",1999-11-01,"Nov 1999","All",89.4,"Scss","Share absorbed at completion"
"35532",1999-12-01,"Dec 1999","Single",87.3,"Scss","Share absorbed at completion"
"35532",1999-12-01,"Dec 1999","Semi-Detached",NA,"Scss","Share absorbed at completion"
"35532",1999-12-01,"Dec 1999","Row",37.5,"Scss","Share absorbed at completion"
"35532",1999-12-01,"Dec 1999","Apartment",NA,"Scss","Share absorbed at completion"
"35532",1999-12-01,"Dec 1999","All",82.5,"Scss","Share absorbed at completion"
"35532",2000-01-01,"Jan 2000","Single",91.5,"Scss","Share absorbed at completion"
"35532",2000-01-01,"Jan 2000","Semi-Detached",NA,"Scss","Share absorbed at completion"
"35532",2000-01-01,"Jan 2000","Row",89.5,"Scss","Share absorbed at completion"
"35532",2000-01-01,"Jan 2000","Apartment",NA,"Scss","Share absorbed at completion"
"35532",2000-01-01,"Jan 2000","All",91.2,"Scss","Share absorbed at completion"
"35532",2000-02-01,"Feb 2000","Single",90.8,"Scss","Share absorbed at completion"
"35532",2000-02-01,"Feb 2000","Semi-Detached",NA,"Scss","Share absorbed at completion"
"35532",2000-02-01,"Feb 2000","Row",100,"Scss","Share absorbed at completion"
"35532",2000-02-01,"Feb 2000","Apartment",NA,"Scss","Share absorbed at completion"
"35532",2000-02-01,"Feb 2000","All",92.2,"Scss","Share absorbed at completion"
"35532",2000-03-01,"Mar 2000","Single",88.3,"Scss","Share absorbed at completion"
"35532",2000-03-01,"Mar 2000","Semi-Detached",50,"Scss","Share absorbed at completion"
"35532",2000-03-01,"Mar 2000","Row",77.8,"Scss","Share absorbed at completion"
"35532",2000-03-01,"Mar 2000","Apartment",NA,"Scss","Share absorbed at completion"
"35532",2000-03-01,"Mar 2000","All",86.8,"Scss","Share absorbed at completion"
"35532",2000-04-01,"Apr 2000","Single",88.9,"Scss","Share absorbed at completion"
"35532",2000-04-01,"Apr 2000","Semi-Detached",NA,"Scss","Share absorbed at completion"
"35532",2000-04-01,"Apr 2000","Row",NA,"Scss","Share absorbed at completion"
"35532",2000-04-01,"Apr 2000","Apartment",NA,"Scss","Share absorbed at completion"
"35532",2000-04-01,"Apr 2000","All",88.9,"Scss","Share absorbed at completion"
"35532",2000-05-01,"May 2000","Single",95,"Scss","Share absorbed at completion"
"35532",2000-05-01,"May 2000","Semi-Detached",NA,"Scss","Share absorbed at completion"
"35532",2000-05-01,"May 2000","Row",25,"Scss","Share absorbed at completion"
"35532",2000-05-01,"May 2000","Apartment",NA,"Scss","Share absorbed at completion"
"35532",2000-05-01,"May 2000","All",93.3,"Scss","Share absorbed at completion"
"35532",2000-06-01,"Jun 2000","Single",94.6,"Scss","Share absorbed at completion"
"35532",2000-06-01,"Jun 2000","Semi-Detached",NA,"Scss","Share absorbed at completion"
"35532",2000-06-01,"Jun 2000","Row",66.7,"Scss","Share absorbed at completion"
"35532",2000-06-01,"Jun 2000","Apartment",NA,"Scss","Share absorbed at completion"
"35532",2000-06-01,"Jun 2000","All",89.8,"Scss","Share absorbed at completion"
"35532",2000-07-01,"Jul 2000","Single",98.9,"Scss","Share absorbed at completion"
"35532",2000-07-01,"Jul 2000","Semi-Detached",NA,"Scss","Share absorbed at completion"
"35532",2000-07-01,"Jul 2000","Row",40,"Scss","Share absorbed at completion"
"35532",2000-07-01,"Jul 2000","Apartment",NA,"Scss","Share absorbed at completion"
"35532",2000-07-01,"Jul 2000","All",91.9,"Scss","Share absorbed at completion"
"35532",2000-08-01,"Aug 2000","Single",97.7,"Scss","Share absorbed at completion"
"35532",2000-08-01,"Aug 2000","Semi-Detached",87.5,"Scss","Share absorbed at completion"
"35532",2000-08-01,"Aug 2000","Row",80.6,"Scss","Share absorbed at completion"
"35532",2000-08-01,"Aug 2000","Apartment",NA,"Scss","Share absorbed at completion"
"35532",2000-08-01,"Aug 2000","All",95.5,"Scss","Share absorbed at completion"
"35532",2000-09-01,"Sep 2000","Single",92.1,"Scss","Share absorbed at completion"
"35532",2000-09-01,"Sep 2000","Semi-Detached",50,"Scss","Share absorbed at completion"
"35532",2000-09-01,"Sep 2000","Row",84.3,"Scss","Share absorbed at completion"
"35532",2000-09-01,"Sep 2000","Apartment",NA,"Scss","Share absorbed at completion"
"35532",2000-09-01,"Sep 2000","All",89.8,"Scss","Share absorbed at completion"
"35532",2000-10-01,"Oct 2000","Single",92.8,"Scss","Share absorbed at completion"
"35532",2000-10-01,"Oct 2000","Semi-Detached",75,"Scss","Share absorbed at completion"
"35532",2000-10-01,"Oct 2000","Row",94,"Scss","Share absorbed at completion"
"35532",2000-10-01,"Oct 2000","Apartment",NA,"Scss","Share absorbed at completion"
"35532",2000-10-01,"Oct 2000","All",92.7,"Scss","Share absorbed at completion"
"35532",2000-11-01,"Nov 2000","Single",93.9,"Scss","Share absorbed at completion"
"35532",2000-11-01,"Nov 2000","Semi-Detached",92.9,"Scss","Share absorbed at completion"
"35532",2000-11-01,"Nov 2000","Row",83.3,"Scss","Share absorbed at completion"
"35532",2000-11-01,"Nov 2000","Apartment",NA,"Scss","Share absorbed at completion"
"35532",2000-11-01,"Nov 2000","All",93.5,"Scss","Share absorbed at completion"
"35532",2000-12-01,"Dec 2000","Single",94.4,"Scss","Share absorbed at completion"
"35532",2000-12-01,"Dec 2000","Semi-Detached",80,"Scss","Share absorbed at completion"
"35532",2000-12-01,"Dec 2000","Row",100,"Scss","Share absorbed at completion"
"35532",2000-12-01,"Dec 2000","Apartment",NA,"Scss","Share absorbed at completion"
"35532",2000-12-01,"Dec 2000","All",93.9,"Scss","Share absorbed at completion"
"35532",2001-01-01,"Jan 2001","Single",97.2,"Scss","Share absorbed at completion"
"35532",2001-01-01,"Jan 2001","Semi-Detached",87.5,"Scss","Share absorbed at completion"
"35532",2001-01-01,"Jan 2001","Row",100,"Scss","Share absorbed at completion"
"35532",2001-01-01,"Jan 2001","Apartment",NA,"Scss","Share absorbed at completion"
"35532",2001-01-01,"Jan 2001","All",97.4,"Scss","Share absorbed at completion"
"35532",2001-02-01,"Feb 2001","Single",98.9,"Scss","Share absorbed at completion"
"35532",2001-02-01,"Feb 2001","Semi-Detached",50,"Scss","Share absorbed at completion"
"35532",2001-02-01,"Feb 2001","Row",86.1,"Scss","Share absorbed at completion"
"35532",2001-02-01,"Feb 2001","Apartment",NA,"Scss","Share absorbed at completion"
"35532",2001-02-01,"Feb 2001","All",93.4,"Scss","Share absorbed at completion"
"35532",2001-03-01,"Mar 2001","Single",96.8,"Scss","Share absorbed at completion"
"35532",2001-03-01,"Mar 2001","Semi-Detached",NA,"Scss","Share absorbed at completion"
"35532",2001-03-01,"Mar 2001","Row",75.9,"Scss","Share absorbed at completion"
"35532",2001-03-01,"Mar 2001","Apartment",NA,"Scss","Share absorbed at completion"
"35532",2001-03-01,"Mar 2001","All",91.9,"Scss","Share absorbed at completion"
"35532",2001-04-01,"Apr 2001","Single",95.9,"Scss","Share absorbed at completion"
"35532",2001-04-01,"Apr 2001","Semi-Detached",83.3,"Scss","Share absorbed at completion"
"35532",2001-04-01,"Apr 2001","Row",92.2,"Scss","Share absorbed at completion"
"35532",2001-04-01,"Apr 2001","Apartment",NA,"Scss","Share absorbed at completion"
"35532",2001-04-01,"Apr 2001","All",94.4,"Scss","Share absorbed at completion"
"35532",2001-05-01,"May 2001","Single",96.4,"Scss","Share absorbed at completion"
"35532",2001-05-01,"May 2001","Semi-Detached",70,"Scss","Share absorbed at completion"
"35532",2001-05-01,"May 2001","Row",81.8,"Scss","Share absorbed at completion"
"35532",2001-05-01,"May 2001","Apartment",NA,"Scss","Share absorbed at completion"
"35532",2001-05-01,"May 2001","All",92.3,"Scss","Share absorbed at completion"
"35532",2001-06-01,"Jun 2001","Single",98.2,"Scss","Share absorbed at completion"
"35532",2001-06-01,"Jun 2001","Semi-Detached",50,"Scss","Share absorbed at completion"
"35532",2001-06-01,"Jun 2001","Row",86.9,"Scss","Share absorbed at completion"
"35532",2001-06-01,"Jun 2001","Apartment",NA,"Scss","Share absorbed at completion"
"35532",2001-06-01,"Jun 2001","All",94,"Scss","Share absorbed at completion"
"35532",2001-07-01,"Jul 2001","Single",99.1,"Scss","Share absorbed at completion"
"35532",2001-07-01,"Jul 2001","Semi-Detached",83.3,"Scss","Share absorbed at completion"
"35532",2001-07-01,"Jul 2001","Row",91.9,"Scss","Share absorbed at completion"
"35532",2001-07-01,"Jul 2001","Apartment",NA,"Scss","Share absorbed at completion"
"35532",2001-07-01,"Jul 2001","All",96.9,"Scss","Share absorbed at completion"
"35532",2001-08-01,"Aug 2001","Single",94.7,"Scss","Share absorbed at completion"
"35532",2001-08-01,"Aug 2001","Semi-Detached",75,"Scss","Share absorbed at completion"
"35532",2001-08-01,"Aug 2001","Row",92.2,"Scss","Share absorbed at completion"
"35532",2001-08-01,"Aug 2001","Apartment",NA,"Scss","Share absorbed at completion"
"35532",2001-08-01,"Aug 2001","All",93.8,"Scss","Share absorbed at completion"
"35532",2001-09-01,"Sep 2001","Single",97.7,"Scss","Share absorbed at completion"
"35532",2001-09-01,"Sep 2001","Semi-Detached",100,"Scss","Share absorbed at completion"
"35532",2001-09-01,"Sep 2001","Row",87,"Scss","Share absorbed at completion"
"35532",2001-09-01,"Sep 2001","Apartment",NA,"Scss","Share absorbed at completion"
"35532",2001-09-01,"Sep 2001","All",95.2,"Scss","Share absorbed at completion"
"35532",2001-10-01,"Oct 2001","Single",93.1,"Scss","Share absorbed at completion"
"35532",2001-10-01,"Oct 2001","Semi-Detached",75,"Scss","Share absorbed at completion"
"35532",2001-10-01,"Oct 2001","Row",89.7,"Scss","Share absorbed at completion"
"35532",2001-10-01,"Oct 2001","Apartment",NA,"Scss","Share absorbed at completion"
"35532",2001-10-01,"Oct 2001","All",91.6,"Scss","Share absorbed at completion"
"35532",2001-11-01,"Nov 2001","Single",98.7,"Scss","Share absorbed at completion"
"35532",2001-11-01,"Nov 2001","Semi-Detached",94.4,"Scss","Share absorbed at completion"
"35532",2001-11-01,"Nov 2001","Row",72.5,"Scss","Share absorbed at completion"
"35532",2001-11-01,"Nov 2001","Apartment",NA,"Scss","Share absorbed at completion"
"35532",2001-11-01,"Nov 2001","All",93.5,"Scss","Share absorbed at completion"
"35532",2001-12-01,"Dec 2001","Single",99.3,"Scss","Share absorbed at completion"
"35532",2001-12-01,"Dec 2001","Semi-Detached",71.4,"Scss","Share absorbed at completion"
"35532",2001-12-01,"Dec 2001","Row",76.5,"Scss","Share absorbed at completion"
"35532",2001-12-01,"Dec 2001","Apartment",NA,"Scss","Share absorbed at completion"
"35532",2001-12-01,"Dec 2001","All",92.9,"Scss","Share absorbed at completion"
"35532",2002-01-01,"Jan 2002","Single",97.8,"Scss","Share absorbed at completion"
"35532",2002-01-01,"Jan 2002","Semi-Detached",100,"Scss","Share absorbed at completion"
"35532",2002-01-01,"Jan 2002","Row",68.8,"Scss","Share absorbed at completion"
"35532",2002-01-01,"Jan 2002","Apartment",NA,"Scss","Share absorbed at completion"
"35532",2002-01-01,"Jan 2002","All",94.9,"Scss","Share absorbed at completion"
"35532",2002-02-01,"Feb 2002","Single",96,"Scss","Share absorbed at completion"
"35532",2002-02-01,"Feb 2002","Semi-Detached",58.3,"Scss","Share absorbed at completion"
"35532",2002-02-01,"Feb 2002","Row",73.8,"Scss","Share absorbed at completion"
"35532",2002-02-01,"Feb 2002","Apartment",NA,"Scss","Share absorbed at completion"
"35532",2002-02-01,"Feb 2002","All",87,"Scss","Share absorbed at completion"
"35532",2002-03-01,"Mar 2002","Single",92.4,"Scss","Share absorbed at completion"
"35532",2002-03-01,"Mar 2002","Semi-Detached",83.3,"Scss","Share absorbed at completion"
"35532",2002-03-01,"Mar 2002","Row",84.6,"Scss","Share absorbed at completion"
"35532",2002-03-01,"Mar 2002","Apartment",NA,"Scss","Share absorbed at completion"
"35532",2002-03-01,"Mar 2002","All",91.3,"Scss","Share absorbed at completion"
"35532",2002-04-01,"Apr 2002","Single",94.8,"Scss","Share absorbed at completion"
"35532",2002-04-01,"Apr 2002","Semi-Detached",100,"Scss","Share absorbed at completion"
"35532",2002-04-01,"Apr 2002","Row",100,"Scss","Share absorbed at completion"
"35532",2002-04-01,"Apr 2002","Apartment",NA,"Scss","Share absorbed at completion"
"35532",2002-04-01,"Apr 2002","All",95.1,"Scss","Share absorbed at completion"
"35532",2002-05-01,"May 2002","Single",97.8,"Scss","Share absorbed at completion"
"35532",2002-05-01,"May 2002","Semi-Detached",75,"Scss","Share absorbed at completion"
"35532",2002-05-01,"May 2002","Row",100,"Scss","Share absorbed at completion"
"35532",2002-05-01,"May 2002","Apartment",NA,"Scss","Share absorbed at completion"
"35532",2002-05-01,"May 2002","All",95.3,"Scss","Share absorbed at completion"
"35532",2002-06-01,"Jun 2002","Single",97.7,"Scss","Share absorbed at completion"
"35532",2002-06-01,"Jun 2002","Semi-Detached",80.8,"Scss","Share absorbed at completion"
"35532",2002-06-01,"Jun 2002","Row",89.8,"Scss","Share absorbed at completion"
"35532",2002-06-01,"Jun 2002","Apartment",NA,"Scss","Share absorbed at completion"
"35532",2002-06-01,"Jun 2002","All",94.8,"Scss","Share absorbed at completion"
"35532",2002-07-01,"Jul 2002","Single",97.4,"Scss","Share absorbed at completion"
"35532",2002-07-01,"Jul 2002","Semi-Detached",100,"Scss","Share absorbed at completion"
"35532",2002-07-01,"Jul 2002","Row",86.2,"Scss","Share absorbed at completion"
"35532",2002-07-01,"Jul 2002","Apartment",NA,"Scss","Share absorbed at completion"
"35532",2002-07-01,"Jul 2002","All",96.4,"Scss","Share absorbed at completion"
"35532",2002-08-01,"Aug 2002","Single",97.7,"Scss","Share absorbed at completion"
"35532",2002-08-01,"Aug 2002","Semi-Detached",75,"Scss","Share absorbed at completion"
"35532",2002-08-01,"Aug 2002","Row",88.1,"Scss","Share absorbed at completion"
"35532",2002-08-01,"Aug 2002","Apartment",NA,"Scss","Share absorbed at completion"
"35532",2002-08-01,"Aug 2002","All",95.7,"Scss","Share absorbed at completion"
"35532",2002-09-01,"Sep 2002","Single",99.3,"Scss","Share absorbed at completion"
"35532",2002-09-01,"Sep 2002","Semi-Detached",75,"Scss","Share absorbed at completion"
"35532",2002-09-01,"Sep 2002","Row",84.9,"Scss","Share absorbed at completion"
"35532",2002-09-01,"Sep 2002","Apartment",NA,"Scss","Share absorbed at completion"
"35532",2002-09-01,"Sep 2002","All",95.5,"Scss","Share absorbed at completion"
"35532",2002-10-01,"Oct 2002","Single",99.7,"Scss","Share absorbed at completion"
"35532",2002-10-01,"Oct 2002","Semi-Detached",50,"Scss","Share absorbed at completion"
"35532",2002-10-01,"Oct 2002","Row",87.5,"Scss","Share absorbed at completion"
"35532",2002-10-01,"Oct 2002","Apartment",NA,"Scss","Share absorbed at completion"
"35532",2002-10-01,"Oct 2002","All",98.7,"Scss","Share absorbed at completion"
"35532",2002-11-01,"Nov 2002","Single",98.8,"Scss","Share absorbed at completion"
"35532",2002-11-01,"Nov 2002","Semi-Detached",NA,"Scss","Share absorbed at completion"
"35532",2002-11-01,"Nov 2002","Row",95.8,"Scss","Share absorbed at completion"
"35532",2002-11-01,"Nov 2002","Apartment",NA,"Scss","Share absorbed at completion"
"35532",2002-11-01,"Nov 2002","All",98.5,"Scss","Share absorbed at completion"
"35532",2002-12-01,"Dec 2002","Single",97.2,"Scss","Share absorbed at completion"
"35532",2002-12-01,"Dec 2002","Semi-Detached",NA,"Scss","Share absorbed at completion"
"35532",2002-12-01,"Dec 2002","Row",69.2,"Scss","Share absorbed at completion"
"35532",2002-12-01,"Dec 2002","Apartment",NA,"Scss","Share absorbed at completion"
"35532",2002-12-01,"Dec 2002","All",94.5,"Scss","Share absorbed at completion"
"35532",2003-01-01,"Jan 2003","Single",95.9,"Scss","Share absorbed at completion"
"35532",2003-01-01,"Jan 2003","Semi-Detached",50,"Scss","Share absorbed at completion"
"35532",2003-01-01,"Jan 2003","Row",83.3,"Scss","Share absorbed at completion"
"35532",2003-01-01,"Jan 2003","Apartment",100,"Scss","Share absorbed at completion"
"35532",2003-01-01,"Jan 2003","All",94.4,"Scss","Share absorbed at completion"
"35532",2003-02-01,"Feb 2003","Single",95.3,"Scss","Share absorbed at completion"
"35532",2003-02-01,"Feb 2003","Semi-Detached",NA,"Scss","Share absorbed at completion"
"35532",2003-02-01,"Feb 2003","Row",100,"Scss","Share absorbed at completion"
"35532",2003-02-01,"Feb 2003","Apartment",NA,"Scss","Share absorbed at completion"
"35532",2003-02-01,"Feb 2003","All",95.7,"Scss","Share absorbed at completion"
"35532",2003-03-01,"Mar 2003","Single",99.4,"Scss","Share absorbed at completion"
"35532",2003-03-01,"Mar 2003","Semi-Detached",NA,"Scss","Share absorbed at completion"
"35532",2003-03-01,"Mar 2003","Row",80.6,"Scss","Share absorbed at completion"
"35532",2003-03-01,"Mar 2003","Apartment",98.3,"Scss","Share absorbed at completion"
"35532",2003-03-01,"Mar 2003","All",96.4,"Scss","Share absorbed at completion"
"35532",2003-04-01,"Apr 2003","Single",98.5,"Scss","Share absorbed at completion"
"35532",2003-04-01,"Apr 2003","Semi-Detached",NA,"Scss","Share absorbed at completion"
"35532",2003-04-01,"Apr 2003","Row",100,"Scss","Share absorbed at completion"
"35532",2003-04-01,"Apr 2003","Apartment",NA,"Scss","Share absorbed at completion"
"35532",2003-04-01,"Apr 2003","All",98.5,"Scss","Share absorbed at completion"
"35532",2003-05-01,"May 2003","Single",96.7,"Scss","Share absorbed at completion"
"35532",2003-05-01,"May 2003","Semi-Detached",64.3,"Scss","Share absorbed at completion"
"35532",2003-05-01,"May 2003","Row",95.2,"Scss","Share absorbed at completion"
"35532",2003-05-01,"May 2003","Apartment",NA,"Scss","Share absorbed at completion"
"35532",2003-05-01,"May 2003","All",94.5,"Scss","Share absorbed at completion"
"35532",2003-06-01,"Jun 2003","Single",97.4,"Scss","Share absorbed at completion"
"35532",2003-06-01,"Jun 2003","Semi-Detached",100,"Scss","Share absorbed at completion"
"35532",2003-06-01,"Jun 2003","Row",100,"Scss","Share absorbed at completion"
"35532",2003-06-01,"Jun 2003","Apartment",NA,"Scss","Share absorbed at completion"
"35532",2003-06-01,"Jun 2003","All",97.8,"Scss","Share absorbed at completion"
"35532",2003-07-01,"Jul 2003","Single",97.9,"Scss","Share absorbed at completion"
"35532",2003-07-01,"Jul 2003","Semi-Detached",90,"Scss","Share absorbed at completion"
"35532",2003-07-01,"Jul 2003","Row",100,"Scss","Share absorbed at completion"
"35532",2003-07-01,"Jul 2003","Apartment",NA,"Scss","Share absorbed at completion"
"35532",2003-07-01,"Jul 2003","All",97.8,"Scss","Share absorbed at completion"
"35532",2003-08-01,"Aug 2003","Single",98,"Scss","Share absorbed at completion"
"35532",2003-08-01,"Aug 2003","Semi-Detached",95.8,"Scss","Share absorbed at completion"
"35532",2003-08-01,"Aug 2003","Row",100,"Scss","Share absorbed at completion"
"35532",2003-08-01,"Aug 2003","Apartment",NA,"Scss","Share absorbed at completion"
"35532",2003-08-01,"Aug 2003","All",98,"Scss","Share absorbed at completion"
"35532",2003-09-01,"Sep 2003","Single",97.8,"Scss","Share absorbed at completion"
"35532",2003-09-01,"Sep 2003","Semi-Detached",100,"Scss","Share absorbed at completion"
"35532",2003-09-01,"Sep 2003","Row",85.7,"Scss","Share absorbed at completion"
"35532",2003-09-01,"Sep 2003","Apartment",NA,"Scss","Share absorbed at completion"
"35532",2003-09-01,"Sep 2003","All",97.2,"Scss","Share absorbed at completion"
"35532",2003-10-01,"Oct 2003","Single",99.7,"Scss","Share absorbed at completion"
"35532",2003-10-01,"Oct 2003","Semi-Detached",95.8,"Scss","Share absorbed at completion"
"35532",2003-10-01,"Oct 2003","Row",56.3,"Scss","Share absorbed at completion"
"35532",2003-10-01,"Oct 2003","Apartment",NA,"Scss","Share absorbed at completion"
"35532",2003-10-01,"Oct 2003","All",97.4,"Scss","Share absorbed at completion"
"35532",2003-11-01,"Nov 2003","Single",98.8,"Scss","Share absorbed at completion"
"35532",2003-11-01,"Nov 2003","Semi-Detached",100,"Scss","Share absorbed at completion"
"35532",2003-11-01,"Nov 2003","Row",83.8,"Scss","Share absorbed at completion"
"35532",2003-11-01,"Nov 2003","Apartment",NA,"Scss","Share absorbed at completion"
"35532",2003-11-01,"Nov 2003","All",95.6,"Scss","Share absorbed at completion"
"35532",2003-12-01,"Dec 2003","Single",98.4,"Scss","Share absorbed at completion"
"35532",2003-12-01,"Dec 2003","Semi-Detached",95.5,"Scss","Share absorbed at completion"
"35532",2003-12-01,"Dec 2003","Row",63,"Scss","Share absorbed at completion"
"35532",2003-12-01,"Dec 2003","Apartment",NA,"Scss","Share absorbed at completion"
"35532",2003-12-01,"Dec 2003","All",93.3,"Scss","Share absorbed at completion"
"35532",2004-01-01,"Jan 2004","Single",98.9,"Scss","Share absorbed at completion"
"35532",2004-01-01,"Jan 2004","Semi-Detached",100,"Scss","Share absorbed at completion"
"35532",2004-01-01,"Jan 2004","Row",72.4,"Scss","Share absorbed at completion"
"35532",2004-01-01,"Jan 2004","Apartment",NA,"Scss","Share absorbed at completion"
"35532",2004-01-01,"Jan 2004","All",94.5,"Scss","Share absorbed at completion"
"35532",2004-02-01,"Feb 2004","Single",95.7,"Scss","Share absorbed at completion"
"35532",2004-02-01,"Feb 2004","Semi-Detached",100,"Scss","Share absorbed at completion"
"35532",2004-02-01,"Feb 2004","Row",77.1,"Scss","Share absorbed at completion"
"35532",2004-02-01,"Feb 2004","Apartment",NA,"Scss","Share absorbed at completion"
"35532",2004-02-01,"Feb 2004","All",93.4,"Scss","Share absorbed at completion"
"35532",2004-03-01,"Mar 2004","Single",97.9,"Scss","Share absorbed at completion"
"35532",2004-03-01,"Mar 2004","Semi-Detached",100,"Scss","Share absorbed at completion"
"35532",2004-03-01,"Mar 2004","Row",91.5,"Scss","Share absorbed at completion"
"35532",2004-03-01,"Mar 2004","Apartment",NA,"Scss","Share absorbed at completion"
"35532",2004-03-01,"Mar 2004","All",95.8,"Scss","Share absorbed at completion"
"35532",2004-04-01,"Apr 2004","Single",99.5,"Scss","Share absorbed at completion"
"35532",2004-04-01,"Apr 2004","Semi-Detached",100,"Scss","Share absorbed at completion"
"35532",2004-04-01,"Apr 2004","Row",90,"Scss","Share absorbed at completion"
"35532",2004-04-01,"Apr 2004","Apartment",NA,"Scss","Share absorbed at completion"
"35532",2004-04-01,"Apr 2004","All",98.7,"Scss","Share absorbed at completion"
"35532",2004-05-01,"May 2004","Single",99.1,"Scss","Share absorbed at completion"
"35532",2004-05-01,"May 2004","Semi-Detached",100,"Scss","Share absorbed at completion"
"35532",2004-05-01,"May 2004","Row",94.4,"Scss","Share absorbed at completion"
"35532",2004-05-01,"May 2004","Apartment",NA,"Scss","Share absorbed at completion"
"35532",2004-05-01,"May 2004","All",98.3,"Scss","Share absorbed at completion"
"35532",2004-06-01,"Jun 2004","Single",96.6,"Scss","Share absorbed at completion"
"35532",2004-06-01,"Jun 2004","Semi-Detached",70,"Scss","Share absorbed at completion"
"35532",2004-06-01,"Jun 2004","Row",98.1,"Scss","Share absorbed at completion"
"35532",2004-06-01,"Jun 2004","Apartment",NA,"Scss","Share absorbed at completion"
"35532",2004-06-01,"Jun 2004","All",95.9,"Scss","Share absorbed at completion"
"35532",2004-07-01,"Jul 2004","Single",98,"Scss","Share absorbed at completion"
"35532",2004-07-01,"Jul 2004","Semi-Detached",100,"Scss","Share absorbed at completion"
"35532",2004-07-01,"Jul 2004","Row",85.7,"Scss","Share absorbed at completion"
"35532",2004-07-01,"Jul 2004","Apartment",NA,"Scss","Share absorbed at completion"
"35532",2004-07-01,"Jul 2004","All",97.7,"Scss","Share absorbed at completion"
"35532",2004-08-01,"Aug 2004","Single",99.1,"Scss","Share absorbed at completion"
"35532",2004-08-01,"Aug 2004","Semi-Detached",NA,"Scss","Share absorbed at completion"
"35532",2004-08-01,"Aug 2004","Row",95.1,"Scss","Share absorbed at completion"
"35532",2004-08-01,"Aug 2004","Apartment",NA,"Scss","Share absorbed at completion"
"35532",2004-08-01,"Aug 2004","All",98.2,"Scss","Share absorbed at completion"
"35532",2004-09-01,"Sep 2004","Single",100,"Scss","Share absorbed at completion"
"35532",2004-09-01,"Sep 2004","Semi-Detached",100,"Scss","Share absorbed at completion"
"35532",2004-09-01,"Sep 2004","Row",96.9,"Scss","Share absorbed at completion"
"35532",2004-09-01,"Sep 2004","Apartment",NA,"Scss","Share absorbed at completion"
"35532",2004-09-01,"Sep 2004","All",99.2,"Scss","Share absorbed at completion"
"35532",2004-10-01,"Oct 2004","Single",98,"Scss","Share absorbed at completion"
"35532",2004-10-01,"Oct 2004","Semi-Detached",100,"Scss","Share absorbed at completion"
"35532",2004-10-01,"Oct 2004","Row",91.4,"Scss","Share absorbed at completion"
"35532",2004-10-01,"Oct 2004","Apartment",NA,"Scss","Share absorbed at completion"
"35532",2004-10-01,"Oct 2004","All",95.8,"Scss","Share absorbed at completion"
"35532",2004-11-01,"Nov 2004","Single",98.4,"Scss","Share absorbed at completion"
"35532",2004-11-01,"Nov 2004","Semi-Detached",70,"Scss","Share absorbed at completion"
"35532",2004-11-01,"Nov 2004","Row",97.1,"Scss","Share absorbed at completion"
"35532",2004-11-01,"Nov 2004","Apartment",100,"Scss","Share absorbed at completion"
"35532",2004-11-01,"Nov 2004","All",97.5,"Scss","Share absorbed at completion"
"35532",2004-12-01,"Dec 2004","Single",98.5,"Scss","Share absorbed at completion"
"35532",2004-12-01,"Dec 2004","Semi-Detached",NA,"Scss","Share absorbed at completion"
"35532",2004-12-01,"Dec 2004","Row",85,"Scss","Share absorbed at completion"
"35532",2004-12-01,"Dec 2004","Apartment",NA,"Scss","Share absorbed at completion"
"35532",2004-12-01,"Dec 2004","All",97.6,"Scss","Share absorbed at completion"
"35532",2005-01-01,"Jan 2005","Single",94.3,"Scss","Share absorbed at completion"
"35532",2005-01-01,"Jan 2005","Semi-Detached",100,"Scss","Share absorbed at completion"
"35532",2005-01-01,"Jan 2005","Row",93.8,"Scss","Share absorbed at completion"
"35532",2005-01-01,"Jan 2005","Apartment",75,"Scss","Share absorbed at completion"
"35532",2005-01-01,"Jan 2005","All",91.7,"Scss","Share absorbed at completion"
"35532",2005-02-01,"Feb 2005","Single",100,"Scss","Share absorbed at completion"
"35532",2005-02-01,"Feb 2005","Semi-Detached",50,"Scss","Share absorbed at completion"
"35532",2005-02-01,"Feb 2005","Row",75,"Scss","Share absorbed at completion"
"35532",2005-02-01,"Feb 2005","Apartment",NA,"Scss","Share absorbed at completion"
"35532",2005-02-01,"Feb 2005","All",98.4,"Scss","Share absorbed at completion"
"35532",2005-03-01,"Mar 2005","Single",93.6,"Scss","Share absorbed at completion"
"35532",2005-03-01,"Mar 2005","Semi-Detached",NA,"Scss","Share absorbed at completion"
"35532",2005-03-01,"Mar 2005","Row",86.7,"Scss","Share absorbed at completion"
"35532",2005-03-01,"Mar 2005","Apartment",100,"Scss","Share absorbed at completion"
"35532",2005-03-01,"Mar 2005","All",93.7,"Scss","Share absorbed at completion"
"35532",2005-04-01,"Apr 2005","Single",97.5,"Scss","Share absorbed at completion"
"35532",2005-04-01,"Apr 2005","Semi-Detached",100,"Scss","Share absorbed at completion"
"35532",2005-04-01,"Apr 2005","Row",83.3,"Scss","Share absorbed at completion"
"35532",2005-04-01,"Apr 2005","Apartment",77.8,"Scss","Share absorbed at completion"
"35532",2005-04-01,"Apr 2005","All",92.7,"Scss","Share absorbed at completion"
"35532",2005-05-01,"May 2005","Single",91.1,"Scss","Share absorbed at completion"
"35532",2005-05-01,"May 2005","Semi-Detached",100,"Scss","Share absorbed at completion"
"35532",2005-05-01,"May 2005","Row",66.7,"Scss","Share absorbed at completion"
"35532",2005-05-01,"May 2005","Apartment",75,"Scss","Share absorbed at completion"
"35532",2005-05-01,"May 2005","All",86.6,"Scss","Share absorbed at completion"
"35532",2005-06-01,"Jun 2005","Single",99.1,"Scss","Share absorbed at completion"
"35532",2005-06-01,"Jun 2005","Semi-Detached",100,"Scss","Share absorbed at completion"
"35532",2005-06-01,"Jun 2005","Row",62.5,"Scss","Share absorbed at completion"
"35532",2005-06-01,"Jun 2005","Apartment",NA,"Scss","Share absorbed at completion"
"35532",2005-06-01,"Jun 2005","All",96.9,"Scss","Share absorbed at completion"
"35532",2005-07-01,"Jul 2005","Single",97,"Scss","Share absorbed at completion"
"35532",2005-07-01,"Jul 2005","Semi-Detached",83.3,"Scss","Share absorbed at completion"
"35532",2005-07-01,"Jul 2005","Row",73.9,"Scss","Share absorbed at completion"
"35532",2005-07-01,"Jul 2005","Apartment",NA,"Scss","Share absorbed at completion"
"35532",2005-07-01,"Jul 2005","All",93.8,"Scss","Share absorbed at completion"
"35532",2005-08-01,"Aug 2005","Single",99,"Scss","Share absorbed at completion"
"35532",2005-08-01,"Aug 2005","Semi-Detached",100,"Scss","Share absorbed at completion"
"35532",2005-08-01,"Aug 2005","Row",72.4,"Scss","Share absorbed at completion"
"35532",2005-08-01,"Aug 2005","Apartment",NA,"Scss","Share absorbed at completion"
"35532",2005-08-01,"Aug 2005","All",95.8,"Scss","Share absorbed at completion"
"35532",2005-09-01,"Sep 2005","Single",99.1,"Scss","Share absorbed at completion"
"35532",2005-09-01,"Sep 2005","Semi-Detached",NA,"Scss","Share absorbed at completion"
"35532",2005-09-01,"Sep 2005","Row",88.2,"Scss","Share absorbed at completion"
"35532",2005-09-01,"Sep 2005","Apartment",NA,"Scss","Share absorbed at completion"
"35532",2005-09-01,"Sep 2005","All",98.3,"Scss","Share absorbed at completion"
"35532",2005-10-01,"Oct 2005","Single",99.6,"Scss","Share absorbed at completion"
"35532",2005-10-01,"Oct 2005","Semi-Detached",100,"Scss","Share absorbed at completion"
"35532",2005-10-01,"Oct 2005","Row",75,"Scss","Share absorbed at completion"
"35532",2005-10-01,"Oct 2005","Apartment",NA,"Scss","Share absorbed at completion"
"35532",2005-10-01,"Oct 2005","All",97.6,"Scss","Share absorbed at completion"
"35532",2005-11-01,"Nov 2005","Single",99.1,"Scss","Share absorbed at completion"
"35532",2005-11-01,"Nov 2005","Semi-Detached",NA,"Scss","Share absorbed at completion"
"35532",2005-11-01,"Nov 2005","Row",46.7,"Scss","Share absorbed at completion"
"35532",2005-11-01,"Nov 2005","Apartment",NA,"Scss","Share absorbed at completion"
"35532",2005-11-01,"Nov 2005","All",95.7,"Scss","Share absorbed at completion"
"35532",2005-12-01,"Dec 2005","Single",95.5,"Scss","Share absorbed at completion"
"35532",2005-12-01,"Dec 2005","Semi-Detached",NA,"Scss","Share absorbed at completion"
"35532",2005-12-01,"Dec 2005","Row",83.3,"Scss","Share absorbed at completion"
"35532",2005-12-01,"Dec 2005","Apartment",83.3,"Scss","Share absorbed at completion"
"35532",2005-12-01,"Dec 2005","All",94.2,"Scss","Share absorbed at completion"
"35532",2006-01-01,"Jan 2006","Single",97.3,"Scss","Share absorbed at completion"
"35532",2006-01-01,"Jan 2006","Semi-Detached",75,"Scss","Share absorbed at completion"
"35532",2006-01-01,"Jan 2006","Row",95.3,"Scss","Share absorbed at completion"
"35532",2006-01-01,"Jan 2006","Apartment",NA,"Scss","Share absorbed at completion"
"35532",2006-01-01,"Jan 2006","All",96.4,"Scss","Share absorbed at completion"
"35532",2006-02-01,"Feb 2006","Single",99.1,"Scss","Share absorbed at completion"
"35532",2006-02-01,"Feb 2006","Semi-Detached",100,"Scss","Share absorbed at completion"
"35532",2006-02-01,"Feb 2006","Row",100,"Scss","Share absorbed at completion"
"35532",2006-02-01,"Feb 2006","Apartment",100,"Scss","Share absorbed at completion"
"35532",2006-02-01,"Feb 2006","All",99.4,"Scss","Share absorbed at completion"
"35532",2006-03-01,"Mar 2006","Single",91.5,"Scss","Share absorbed at completion"
"35532",2006-03-01,"Mar 2006","Semi-Detached",NA,"Scss","Share absorbed at completion"
"35532",2006-03-01,"Mar 2006","Row",100,"Scss","Share absorbed at completion"
"35532",2006-03-01,"Mar 2006","Apartment",NA,"Scss","Share absorbed at completion"
"35532",2006-03-01,"Mar 2006","All",93.2,"Scss","Share absorbed at completion"
"35532",2006-04-01,"Apr 2006","Single",92.6,"Scss","Share absorbed at completion"
"35532",2006-04-01,"Apr 2006","Semi-Detached",NA,"Scss","Share absorbed at completion"
"35532",2006-04-01,"Apr 2006","Row",61.9,"Scss","Share absorbed at completion"
"35532",2006-04-01,"Apr 2006","Apartment",100,"Scss","Share absorbed at completion"
"35532",2006-04-01,"Apr 2006","All",91.3,"Scss","Share absorbed at completion"
"35532",2006-05-01,"May 2006","Single",96.4,"Scss","Share absorbed at completion"
"35532",2006-05-01,"May 2006","Semi-Detached",NA,"Scss","Share absorbed at completion"
"35532",2006-05-01,"May 2006","Row",85.7,"Scss","Share absorbed at completion"
"35532",2006-05-01,"May 2006","Apartment",100,"Scss","Share absorbed at completion"
"35532",2006-05-01,"May 2006","All",95.3,"Scss","Share absorbed at completion"
"35532",2006-06-01,"Jun 2006","Single",98.8,"Scss","Share absorbed at completion"
"35532",2006-06-01,"Jun 2006","Semi-Detached",NA,"Scss","Share absorbed at completion"
"35532",2006-06-01,"Jun 2006","Row",77.8,"Scss","Share absorbed at completion"
"35532",2006-06-01,"Jun 2006","Apartment",83.3,"Scss","Share absorbed at completion"
"35532",2006-06-01,"Jun 2006","All",95.9,"Scss","Share absorbed at completion"
"35532",2006-07-01,"Jul 2006","Single",98.4,"Scss","Share absorbed at completion"
"35532",2006-07-01,"Jul 2006","Semi-Detached",NA,"Scss","Share absorbed at completion"
"35532",2006-07-01,"Jul 2006","Row",88.9,"Scss","Share absorbed at completion"
"35532",2006-07-01,"Jul 2006","Apartment",100,"Scss","Share absorbed at completion"
"35532",2006-07-01,"Jul 2006","All",98.3,"Scss","Share absorbed at completion"
"35532",2006-08-01,"Aug 2006","Single",97.8,"Scss","Share absorbed at completion"
"35532",2006-08-01,"Aug 2006","Semi-Detached",100,"Scss","Share absorbed at completion"
"35532",2006-08-01,"Aug 2006","Row",NA,"Scss","Share absorbed at completion"
"35532",2006-08-01,"Aug 2006","Apartment",100,"Scss","Share absorbed at completion"
"35532",2006-08-01,"Aug 2006","All",98.1,"Scss","Share absorbed at completion"
"35532",2006-09-01,"Sep 2006","Single",94.6,"Scss","Share absorbed at completion"
"35532",2006-09-01,"Sep 2006","Semi-Detached",100,"Scss","Share absorbed at completion"
"35532",2006-09-01,"Sep 2006","Row",70,"Scss","Share absorbed at completion"
"35532",2006-09-01,"Sep 2006","Apartment",91.7,"Scss","Share absorbed at completion"
"35532",2006-09-01,"Sep 2006","All",91.3,"Scss","Share absorbed at completion"
"35532",2006-10-01,"Oct 2006","Single",92.6,"Scss","Share absorbed at completion"
"35532",2006-10-01,"Oct 2006","Semi-Detached",75,"Scss","Share absorbed at completion"
"35532",2006-10-01,"Oct 2006","Row",92.9,"Scss","Share absorbed at completion"
"35532",2006-10-01,"Oct 2006","Apartment",NA,"Scss","Share absorbed at completion"
"35532",2006-10-01,"Oct 2006","All",92.3,"Scss","Share absorbed at completion"
"35532",2006-11-01,"Nov 2006","Single",95.6,"Scss","Share absorbed at completion"
"35532",2006-11-01,"Nov 2006","Semi-Detached",50,"Scss","Share absorbed at completion"
"35532",2006-11-01,"Nov 2006","Row",90.5,"Scss","Share absorbed at completion"
"35532",2006-11-01,"Nov 2006","Apartment",NA,"Scss","Share absorbed at completion"
"35532",2006-11-01,"Nov 2006","All",94.5,"Scss","Share absorbed at completion"
"35532",2006-12-01,"Dec 2006","Single",94.4,"Scss","Share absorbed at completion"
"35532",2006-12-01,"Dec 2006","Semi-Detached",100,"Scss","Share absorbed at completion"
"35532",2006-12-01,"Dec 2006","Row",100,"Scss","Share absorbed at completion"
"35532",2006-12-01,"Dec 2006","Apartment",NA,"Scss","Share absorbed at completion"
"35532",2006-12-01,"Dec 2006","All",95.1,"Scss","Share absorbed at completion"
"35532",2007-01-01,"Jan 2007","Single",96.4,"Scss","Share absorbed at completion"
"35532",2007-01-01,"Jan 2007","Semi-Detached",75,"Scss","Share absorbed at completion"
"35532",2007-01-01,"Jan 2007","Row",71.4,"Scss","Share absorbed at completion"
"35532",2007-01-01,"Jan 2007","Apartment",52.8,"Scss","Share absorbed at completion"
"35532",2007-01-01,"Jan 2007","All",86,"Scss","Share absorbed at completion"
"35532",2007-02-01,"Feb 2007","Single",89.6,"Scss","Share absorbed at completion"
"35532",2007-02-01,"Feb 2007","Semi-Detached",NA,"Scss","Share absorbed at completion"
"35532",2007-02-01,"Feb 2007","Row",70,"Scss","Share absorbed at completion"
"35532",2007-02-01,"Feb 2007","Apartment",NA,"Scss","Share absorbed at completion"
"35532",2007-02-01,"Feb 2007","All",87.6,"Scss","Share absorbed at completion"
"35532",2007-03-01,"Mar 2007","Single",96.3,"Scss","Share absorbed at completion"
"35532",2007-03-01,"Mar 2007","Semi-Detached",0,"Scss","Share absorbed at completion"
"35532",2007-03-01,"Mar 2007","Row",61.9,"Scss","Share absorbed at completion"
"35532",2007-03-01,"Mar 2007","Apartment",NA,"Scss","Share absorbed at completion"
"35532",2007-03-01,"Mar 2007","All",90.6,"Scss","Share absorbed at completion"
"35532",2007-04-01,"Apr 2007","Single",95.7,"Scss","Share absorbed at completion"
"35532",2007-04-01,"Apr 2007","Semi-Detached",NA,"Scss","Share absorbed at completion"
"35532",2007-04-01,"Apr 2007","Row",81.8,"Scss","Share absorbed at completion"
"35532",2007-04-01,"Apr 2007","Apartment",83.3,"Scss","Share absorbed at completion"
"35532",2007-04-01,"Apr 2007","All",91.3,"Scss","Share absorbed at completion"
"35532",2007-05-01,"May 2007","Single",95.7,"Scss","Share absorbed at completion"
"35532",2007-05-01,"May 2007","Semi-Detached",100,"Scss","Share absorbed at completion"
"35532",2007-05-01,"May 2007","Row",96.3,"Scss","Share absorbed at completion"
"35532",2007-05-01,"May 2007","Apartment",66.7,"Scss","Share absorbed at completion"
"35532",2007-05-01,"May 2007","All",90.9,"Scss","Share absorbed at completion"
"35532",2007-06-01,"Jun 2007","Single",97.2,"Scss","Share absorbed at completion"
"35532",2007-06-01,"Jun 2007","Semi-Detached",NA,"Scss","Share absorbed at completion"
"35532",2007-06-01,"Jun 2007","Row",69.7,"Scss","Share absorbed at completion"
"35532",2007-06-01,"Jun 2007","Apartment",60,"Scss","Share absorbed at completion"
"35532",2007-06-01,"Jun 2007","All",87.3,"Scss","Share absorbed at completion"
"35532",2007-07-01,"Jul 2007","Single",95.4,"Scss","Share absorbed at completion"
"35532",2007-07-01,"Jul 2007","Semi-Detached",NA,"Scss","Share absorbed at completion"
"35532",2007-07-01,"Jul 2007","Row",66.7,"Scss","Share absorbed at completion"
"35532",2007-07-01,"Jul 2007","Apartment",NA,"Scss","Share absorbed at completion"
"35532",2007-07-01,"Jul 2007","All",90.2,"Scss","Share absorbed at completion"
"35532",2007-08-01,"Aug 2007","Single",96.2,"Scss","Share absorbed at completion"
"35532",2007-08-01,"Aug 2007","Semi-Detached",50,"Scss","Share absorbed at completion"
"35532",2007-08-01,"Aug 2007","Row",NA,"Scss","Share absorbed at completion"
"35532",2007-08-01,"Aug 2007","Apartment",NA,"Scss","Share absorbed at completion"
"35532",2007-08-01,"Aug 2007","All",95.7,"Scss","Share absorbed at completion"
"35532",2007-09-01,"Sep 2007","Single",97.4,"Scss","Share absorbed at completion"
"35532",2007-09-01,"Sep 2007","Semi-Detached",NA,"Scss","Share absorbed at completion"
"35532",2007-09-01,"Sep 2007","Row",88.5,"Scss","Share absorbed at completion"
"35532",2007-09-01,"Sep 2007","Apartment",23.6,"Scss","Share absorbed at completion"
"35532",2007-09-01,"Sep 2007","All",75.6,"Scss","Share absorbed at completion"
"35532",2007-10-01,"Oct 2007","Single",98.5,"Scss","Share absorbed at completion"
"35532",2007-10-01,"Oct 2007","Semi-Detached",NA,"Scss","Share absorbed at completion"
"35532",2007-10-01,"Oct 2007","Row",78.9,"Scss","Share absorbed at completion"
"35532",2007-10-01,"Oct 2007","Apartment",73.3,"Scss","Share absorbed at completion"
"35532",2007-10-01,"Oct 2007","All",92.3,"Scss","Share absorbed at completion"
"35532",2007-11-01,"Nov 2007","Single",94.5,"Scss","Share absorbed at completion"
"35532",2007-11-01,"Nov 2007","Semi-Detached",NA,"Scss","Share absorbed at completion"
"35532",2007-11-01,"Nov 2007","Row",45.5,"Scss","Share absorbed at completion"
"35532",2007-11-01,"Nov 2007","Apartment",99.5,"Scss","Share absorbed at completion"
"35532",2007-11-01,"Nov 2007","All",95.9,"Scss","Share absorbed at completion"
"35532",2007-12-01,"Dec 2007","Single",100,"Scss","Share absorbed at completion"
"35532",2007-12-01,"Dec 2007","Semi-Detached",100,"Scss","Share absorbed at completion"
"35532",2007-12-01,"Dec 2007","Row",42.9,"Scss","Share absorbed at completion"
"35532",2007-12-01,"Dec 2007","Apartment",NA,"Scss","Share absorbed at completion"
"35532",2007-12-01,"Dec 2007","All",91.3,"Scss","Share absorbed at completion"
"35532",2008-01-01,"Jan 2008","Single",99.3,"Scss","Share absorbed at completion"
"35532",2008-01-01,"Jan 2008","Semi-Detached",100,"Scss","Share absorbed at completion"
"35532",2008-01-01,"Jan 2008","Row",84.6,"Scss","Share absorbed at completion"
"35532",2008-01-01,"Jan 2008","Apartment",66.7,"Scss","Share absorbed at completion"
"35532",2008-01-01,"Jan 2008","All",92,"Scss","Share absorbed at completion"
"35532",2008-02-01,"Feb 2008","Single",100,"Scss","Share absorbed at completion"
"35532",2008-02-01,"Feb 2008","Semi-Detached",NA,"Scss","Share absorbed at completion"
"35532",2008-02-01,"Feb 2008","Row",91.7,"Scss","Share absorbed at completion"
"35532",2008-02-01,"Feb 2008","Apartment",NA,"Scss","Share absorbed at completion"
"35532",2008-02-01,"Feb 2008","All",99.1,"Scss","Share absorbed at completion"
"35532",2008-03-01,"Mar 2008","Single",95.9,"Scss","Share absorbed at completion"
"35532",2008-03-01,"Mar 2008","Semi-Detached",NA,"Scss","Share absorbed at completion"
"35532",2008-03-01,"Mar 2008","Row",33.3,"Scss","Share absorbed at completion"
"35532",2008-03-01,"Mar 2008","Apartment",NA,"Scss","Share absorbed at completion"
"35532",2008-03-01,"Mar 2008","All",94.1,"Scss","Share absorbed at completion"
"35532",2008-04-01,"Apr 2008","Single",95.7,"Scss","Share absorbed at completion"
"35532",2008-04-01,"Apr 2008","Semi-Detached",NA,"Scss","Share absorbed at completion"
"35532",2008-04-01,"Apr 2008","Row",52.4,"Scss","Share absorbed at completion"
"35532",2008-04-01,"Apr 2008","Apartment",NA,"Scss","Share absorbed at completion"
"35532",2008-04-01,"Apr 2008","All",90.1,"Scss","Share absorbed at completion"
"35532",2008-05-01,"May 2008","Single",95.6,"Scss","Share absorbed at completion"
"35532",2008-05-01,"May 2008","Semi-Detached",NA,"Scss","Share absorbed at completion"
"35532",2008-05-01,"May 2008","Row",82.9,"Scss","Share absorbed at completion"
"35532",2008-05-01,"May 2008","Apartment",NA,"Scss","Share absorbed at completion"
"35532",2008-05-01,"May 2008","All",93.5,"Scss","Share absorbed at completion"
"35532",2008-06-01,"Jun 2008","Single",95.6,"Scss","Share absorbed at completion"
"35532",2008-06-01,"Jun 2008","Semi-Detached",100,"Scss","Share absorbed at completion"
"35532",2008-06-01,"Jun 2008","Row",78,"Scss","Share absorbed at completion"
"35532",2008-06-01,"Jun 2008","Apartment",34.7,"Scss","Share absorbed at completion"
"35532",2008-06-01,"Jun 2008","All",75.7,"Scss","Share absorbed at completion"
"35532",2008-07-01,"Jul 2008","Single",96.5,"Scss","Share absorbed at completion"
"35532",2008-07-01,"Jul 2008","Semi-Detached",NA,"Scss","Share absorbed at completion"
"35532",2008-07-01,"Jul 2008","Row",76.4,"Scss","Share absorbed at completion"
"35532",2008-07-01,"Jul 2008","Apartment",NA,"Scss","Share absorbed at completion"
"35532",2008-07-01,"Jul 2008","All",92.2,"Scss","Share absorbed at completion"
"35532",2008-08-01,"Aug 2008","Single",97.9,"Scss","Share absorbed at completion"
"35532",2008-08-01,"Aug 2008","Semi-Detached",50,"Scss","Share absorbed at completion"
"35532",2008-08-01,"Aug 2008","Row",56.7,"Scss","Share absorbed at completion"
"35532",2008-08-01,"Aug 2008","Apartment",NA,"Scss","Share absorbed at completion"
"35532",2008-08-01,"Aug 2008","All",90.1,"Scss","Share absorbed at completion"
"35532",2008-09-01,"Sep 2008","Single",95.5,"Scss","Share absorbed at completion"
"35532",2008-09-01,"Sep 2008","Semi-Detached",100,"Scss","Share absorbed at completion"
"35532",2008-09-01,"Sep 2008","Row",59.1,"Scss","Share absorbed at completion"
"35532",2008-09-01,"Sep 2008","Apartment",NA,"Scss","Share absorbed at completion"
"35532",2008-09-01,"Sep 2008","All",91.5,"Scss","Share absorbed at completion"
"35532",2008-10-01,"Oct 2008","Single",95.8,"Scss","Share absorbed at completion"
"35532",2008-10-01,"Oct 2008","Semi-Detached",NA,"Scss","Share absorbed at completion"
"35532",2008-10-01,"Oct 2008","Row",73.3,"Scss","Share absorbed at completion"
"35532",2008-10-01,"Oct 2008","Apartment",NA,"Scss","Share absorbed at completion"
"35532",2008-10-01,"Oct 2008","All",92,"Scss","Share absorbed at completion"
"35532",2008-11-01,"Nov 2008","Single",95.7,"Scss","Share absorbed at completion"
"35532",2008-11-01,"Nov 2008","Semi-Detached",NA,"Scss","Share absorbed at completion"
"35532",2008-11-01,"Nov 2008","Row",60.3,"Scss","Share absorbed at completion"
"35532",2008-11-01,"Nov 2008","Apartment",NA,"Scss","Share absorbed at completion"
"35532",2008-11-01,"Nov 2008","All",83.1,"Scss","Share absorbed at completion"
"35532",2008-12-01,"Dec 2008","Single",99.4,"Scss","Share absorbed at completion"
"35532",2008-12-01,"Dec 2008","Semi-Detached",NA,"Scss","Share absorbed at completion"
"35532",2008-12-01,"Dec 2008","Row",73.8,"Scss","Share absorbed at completion"
"35532",2008-12-01,"Dec 2008","Apartment",NA,"Scss","Share absorbed at completion"
"35532",2008-12-01,"Dec 2008","All",92.7,"Scss","Share absorbed at completion"
"35532",2009-01-01,"Jan 2009","Single",100,"Scss","Share absorbed at completion"
"35532",2009-01-01,"Jan 2009","Semi-Detached",NA,"Scss","Share absorbed at completion"
"35532",2009-01-01,"Jan 2009","Row",76.3,"Scss","Share absorbed at completion"
"35532",2009-01-01,"Jan 2009","Apartment",NA,"Scss","Share absorbed at completion"
"35532",2009-01-01,"Jan 2009","All",92.4,"Scss","Share absorbed at completion"
"35532",2009-02-01,"Feb 2009","Single",94.2,"Scss","Share absorbed at completion"
"35532",2009-02-01,"Feb 2009","Semi-Detached",NA,"Scss","Share absorbed at completion"
"35532",2009-02-01,"Feb 2009","Row",82.4,"Scss","Share absorbed at completion"
"35532",2009-02-01,"Feb 2009","Apartment",NA,"Scss","Share absorbed at completion"
"35532",2009-02-01,"Feb 2009","All",92.2,"Scss","Share absorbed at completion"
"35532",2009-03-01,"Mar 2009","Single",97.3,"Scss","Share absorbed at completion"
"35532",2009-03-01,"Mar 2009","Semi-Detached",100,"Scss","Share absorbed at completion"
"35532",2009-03-01,"Mar 2009","Row",54.5,"Scss","Share absorbed at completion"
"35532",2009-03-01,"Mar 2009","Apartment",NA,"Scss","Share absorbed at completion"
"35532",2009-03-01,"Mar 2009","All",93.6,"Scss","Share absorbed at completion"
"35532",2009-04-01,"Apr 2009","Single",96.2,"Scss","Share absorbed at completion"
"35532",2009-04-01,"Apr 2009","Semi-Detached",NA,"Scss","Share absorbed at completion"
"35532",2009-04-01,"Apr 2009","Row",75.8,"Scss","Share absorbed at completion"
"35532",2009-04-01,"Apr 2009","Apartment",NA,"Scss","Share absorbed at completion"
"35532",2009-04-01,"Apr 2009","All",88.4,"Scss","Share absorbed at completion"
"35532",2009-05-01,"May 2009","Single",89,"Scss","Share absorbed at completion"
"35532",2009-05-01,"May 2009","Semi-Detached",NA,"Scss","Share absorbed at completion"
"35532",2009-05-01,"May 2009","Row",81.2,"Scss","Share absorbed at completion"
"35532",2009-05-01,"May 2009","Apartment",62.6,"Scss","Share absorbed at completion"
"35532",2009-05-01,"May 2009","All",75.7,"Scss","Share absorbed at completion"
"35532",2009-06-01,"Jun 2009","Single",97.4,"Scss","Share absorbed at completion"
"35532",2009-06-01,"Jun 2009","Semi-Detached",NA,"Scss","Share absorbed at completion"
"35532",2009-06-01,"Jun 2009","Row",66.7,"Scss","Share absorbed at completion"
"35532",2009-06-01,"Jun 2009","Apartment",NA,"Scss","Share absorbed at completion"
"35532",2009-06-01,"Jun 2009","All",93.3,"Scss","Share absorbed at completion"
"35532",2009-07-01,"Jul 2009","Single",96.6,"Scss","Share absorbed at completion"
"35532",2009-07-01,"Jul 2009","Semi-Detached",NA,"Scss","Share absorbed at completion"
"35532",2009-07-01,"Jul 2009","Row",100,"Scss","Share absorbed at completion"
"35532",2009-07-01,"Jul 2009","Apartment",NA,"Scss","Share absorbed at completion"
"35532",2009-07-01,"Jul 2009","All",96.7,"Scss","Share absorbed at completion"
"35532",2009-08-01,"Aug 2009","Single",96.4,"Scss","Share absorbed at completion"
"35532",2009-08-01,"Aug 2009","Semi-Detached",NA,"Scss","Share absorbed at completion"
"35532",2009-08-01,"Aug 2009","Row",100,"Scss","Share absorbed at completion"
"35532",2009-08-01,"Aug 2009","Apartment",NA,"Scss","Share absorbed at completion"
"35532",2009-08-01,"Aug 2009","All",96.8,"Scss","Share absorbed at completion"
"35532",2009-09-01,"Sep 2009","Single",97.6,"Scss","Share absorbed at completion"
"35532",2009-09-01,"Sep 2009","Semi-Detached",NA,"Scss","Share absorbed at completion"
"35532",2009-09-01,"Sep 2009","Row",83.3,"Scss","Share absorbed at completion"
"35532",2009-09-01,"Sep 2009","Apartment",50,"Scss","Share absorbed at completion"
"35532",2009-09-01,"Sep 2009","All",93.6,"Scss","Share absorbed at completion"
"35532",2009-10-01,"Oct 2009","Single",100,"Scss","Share absorbed at completion"
"35532",2009-10-01,"Oct 2009","Semi-Detached",NA,"Scss","Share absorbed at completion"
"35532",2009-10-01,"Oct 2009","Row",100,"Scss","Share absorbed at completion"
"35532",2009-10-01,"Oct 2009","Apartment",NA,"Scss","Share absorbed at completion"
"35532",2009-10-01,"Oct 2009","All",100,"Scss","Share absorbed at completion"
"35532",2009-11-01,"Nov 2009","Single",100,"Scss","Share absorbed at completion"
"35532",2009-11-01,"Nov 2009","Semi-Detached",NA,"Scss","Share absorbed at completion"
"35532",2009-11-01,"Nov 2009","Row",93.8,"Scss","Share absorbed at completion"
"35532",2009-11-01,"Nov 2009","Apartment",NA,"Scss","Share absorbed at completion"
"35532",2009-11-01,"Nov 2009","All",98.8,"Scss","Share absorbed at completion"
"35532",2009-12-01,"Dec 2009","Single",98.4,"Scss","Share absorbed at completion"
"35532",2009-12-01,"Dec 2009","Semi-Detached",NA,"Scss","Share absorbed at completion"
"35532",2009-12-01,"Dec 2009","Row",90.5,"Scss","Share absorbed at completion"
"35532",2009-12-01,"Dec 2009","Apartment",NA,"Scss","Share absorbed at completion"
"35532",2009-12-01,"Dec 2009","All",97.2,"Scss","Share absorbed at completion"
"35532",2010-01-01,"Jan 2010","Single",100,"Scss","Share absorbed at completion"
"35532",2010-01-01,"Jan 2010","Semi-Detached",NA,"Scss","Share absorbed at completion"
"35532",2010-01-01,"Jan 2010","Row",100,"Scss","Share absorbed at completion"
"35532",2010-01-01,"Jan 2010","Apartment",NA,"Scss","Share absorbed at completion"
"35532",2010-01-01,"Jan 2010","All",100,"Scss","Share absorbed at completion"
"35532",2010-02-01,"Feb 2010","Single",98.5,"Scss","Share absorbed at completion"
"35532",2010-02-01,"Feb 2010","Semi-Detached",NA,"Scss","Share absorbed at completion"
"35532",2010-02-01,"Feb 2010","Row",100,"Scss","Share absorbed at completion"
"35532",2010-02-01,"Feb 2010","Apartment",NA,"Scss","Share absorbed at completion"
"35532",2010-02-01,"Feb 2010","All",98.6,"Scss","Share absorbed at completion"
"35532",2010-03-01,"Mar 2010","Single",91.6,"Scss","Share absorbed at completion"
"35532",2010-03-01,"Mar 2010","Semi-Detached",100,"Scss","Share absorbed at completion"
"35532",2010-03-01,"Mar 2010","Row",NA,"Scss","Share absorbed at completion"
"35532",2010-03-01,"Mar 2010","Apartment",NA,"Scss","Share absorbed at completion"
"35532",2010-03-01,"Mar 2010","All",91.8,"Scss","Share absorbed at completion"
"35532",2010-04-01,"Apr 2010","Single",97,"Scss","Share absorbed at completion"
"35532",2010-04-01,"Apr 2010","Semi-Detached",NA,"Scss","Share absorbed at completion"
"35532",2010-04-01,"Apr 2010","Row",0,"Scss","Share absorbed at completion"
"35532",2010-04-01,"Apr 2010","Apartment",NA,"Scss","Share absorbed at completion"
"35532",2010-04-01,"Apr 2010","All",93.2,"Scss","Share absorbed at completion"
"35532",2010-05-01,"May 2010","Single",99,"Scss","Share absorbed at completion"
"35532",2010-05-01,"May 2010","Semi-Detached",NA,"Scss","Share absorbed at completion"
"35532",2010-05-01,"May 2010","Row",96.7,"Scss","Share absorbed at completion"
"35532",2010-05-01,"May 2010","Apartment",NA,"Scss","Share absorbed at completion"
"35532",2010-05-01,"May 2010","All",98.5,"Scss","Share absorbed at completion"
"35532",2010-06-01,"Jun 2010","Single",99.4,"Scss","Share absorbed at completion"
"35532",2010-06-01,"Jun 2010","Semi-Detached",NA,"Scss","Share absorbed at completion"
"35532",2010-06-01,"Jun 2010","Row",92.3,"Scss","Share absorbed at completion"
"35532",2010-06-01,"Jun 2010","Apartment",NA,"Scss","Share absorbed at completion"
"35532",2010-06-01,"Jun 2010","All",98.9,"Scss","Share absorbed at completion"
"35532",2010-07-01,"Jul 2010","Single",99.4,"Scss","Share absorbed at completion"
"35532",2010-07-01,"Jul 2010","Semi-Detached",NA,"Scss","Share absorbed at completion"
"35532",2010-07-01,"Jul 2010","Row",93.9,"Scss","Share absorbed at completion"
"35532",2010-07-01,"Jul 2010","Apartment",NA,"Scss","Share absorbed at completion"
"35532",2010-07-01,"Jul 2010","All",98.4,"Scss","Share absorbed at completion"
"35532",2010-08-01,"Aug 2010","Single",98,"Scss","Share absorbed at completion"
"35532",2010-08-01,"Aug 2010","Semi-Detached",100,"Scss","Share absorbed at completion"
"35532",2010-08-01,"Aug 2010","Row",NA,"Scss","Share absorbed at completion"
"35532",2010-08-01,"Aug 2010","Apartment",NA,"Scss","Share absorbed at completion"
"35532",2010-08-01,"Aug 2010","All",98.1,"Scss","Share absorbed at completion"
"35532",2010-09-01,"Sep 2010","Single",98,"Scss","Share absorbed at completion"
"35532",2010-09-01,"Sep 2010","Semi-Detached",NA,"Scss","Share absorbed at completion"
"35532",2010-09-01,"Sep 2010","Row",100,"Scss","Share absorbed at completion"
"35532",2010-09-01,"Sep 2010","Apartment",83.3,"Scss","Share absorbed at completion"
"35532",2010-09-01,"Sep 2010","All",97.7,"Scss","Share absorbed at completion"
"35532",2010-10-01,"Oct 2010","Single",98.2,"Scss","Share absorbed at completion"
"35532",2010-10-01,"Oct 2010","Semi-Detached",NA,"Scss","Share absorbed at completion"
"35532",2010-10-01,"Oct 2010","Row",77.8,"Scss","Share absorbed at completion"
"35532",2010-10-01,"Oct 2010","Apartment",NA,"Scss","Share absorbed at completion"
"35532",2010-10-01,"Oct 2010","All",95.4,"Scss","Share absorbed at completion"
"35532",2010-11-01,"Nov 2010","Single",100,"Scss","Share absorbed at completion"
"35532",2010-11-01,"Nov 2010","Semi-Detached",NA,"Scss","Share absorbed at completion"
"35532",2010-11-01,"Nov 2010","Row",100,"Scss","Share absorbed at completion"
"35532",2010-11-01,"Nov 2010","Apartment",NA,"Scss","Share absorbed at completion"
"35532",2010-11-01,"Nov 2010","All",100,"Scss","Share absorbed at completion"
"35532",2010-12-01,"Dec 2010","Single",98.6,"Scss","Share absorbed at completion"
"35532",2010-12-01,"Dec 2010","Semi-Detached",NA,"Scss","Share absorbed at completion"
"35532",2010-12-01,"Dec 2010","Row",100,"Scss","Share absorbed at completion"
"35532",2010-12-01,"Dec 2010","Apartment",NA,"Scss","Share absorbed at completion"
"35532",2010-12-01,"Dec 2010","All",98.8,"Scss","Share absorbed at completion"
"35532",2011-01-01,"Jan 2011","Single",100,"Scss","Share absorbed at completion"
"35532",2011-01-01,"Jan 2011","Semi-Detached",NA,"Scss","Share absorbed at completion"
"35532",2011-01-01,"Jan 2011","Row",100,"Scss","Share absorbed at completion"
"35532",2011-01-01,"Jan 2011","Apartment",NA,"Scss","Share absorbed at completion"
"35532",2011-01-01,"Jan 2011","All",100,"Scss","Share absorbed at completion"
"35532",2011-02-01,"Feb 2011","Single",98.1,"Scss","Share absorbed at completion"
"35532",2011-02-01,"Feb 2011","Semi-Detached",100,"Scss","Share absorbed at completion"
"35532",2011-02-01,"Feb 2011","Row",100,"Scss","Share absorbed at completion"
"35532",2011-02-01,"Feb 2011","Apartment",NA,"Scss","Share absorbed at completion"
"35532",2011-02-01,"Feb 2011","All",98.7,"Scss","Share absorbed at completion"
"35532",2011-03-01,"Mar 2011","Single",98.7,"Scss","Share absorbed at completion"
"35532",2011-03-01,"Mar 2011","Semi-Detached",NA,"Scss","Share absorbed at completion"
"35532",2011-03-01,"Mar 2011","Row",100,"Scss","Share absorbed at completion"
"35532",2011-03-01,"Mar 2011","Apartment",NA,"Scss","Share absorbed at completion"
"35532",2011-03-01,"Mar 2011","All",99.1,"Scss","Share absorbed at completion"
"35532",2011-04-01,"Apr 2011","Single",99,"Scss","Share absorbed at completion"
"35532",2011-04-01,"Apr 2011","Semi-Detached",100,"Scss","Share absorbed at completion"
"35532",2011-04-01,"Apr 2011","Row",88.1,"Scss","Share absorbed at completion"
"35532",2011-04-01,"Apr 2011","Apartment",NA,"Scss","Share absorbed at completion"
"35532",2011-04-01,"Apr 2011","All",95.7,"Scss","Share absorbed at completion"
"35532",2011-05-01,"May 2011","Single",97.1,"Scss","Share absorbed at completion"
"35532",2011-05-01,"May 2011","Semi-Detached",100,"Scss","Share absorbed at completion"
"35532",2011-05-01,"May 2011","Row",100,"Scss","Share absorbed at completion"
"35532",2011-05-01,"May 2011","Apartment",50,"Scss","Share absorbed at completion"
"35532",2011-05-01,"May 2011","All",96.1,"Scss","Share absorbed at completion"
"35532",2011-06-01,"Jun 2011","Single",99.2,"Scss","Share absorbed at completion"
"35532",2011-06-01,"Jun 2011","Semi-Detached",100,"Scss","Share absorbed at completion"
"35532",2011-06-01,"Jun 2011","Row",98.4,"Scss","Share absorbed at completion"
"35532",2011-06-01,"Jun 2011","Apartment",NA,"Scss","Share absorbed at completion"
"35532",2011-06-01,"Jun 2011","All",99,"Scss","Share absorbed at completion"
"35532",2011-07-01,"Jul 2011","Single",99.3,"Scss","Share absorbed at completion"
"35532",2011-07-01,"Jul 2011","Semi-Detached",100,"Scss","Share absorbed at completion"
"35532",2011-07-01,"Jul 2011","Row",100,"Scss","Share absorbed at completion"
"35532",2011-07-01,"Jul 2011","Apartment",NA,"Scss","Share absorbed at completion"
"35532",2011-07-01,"Jul 2011","All",99.4,"Scss","Share absorbed at completion"
"35532",2011-08-01,"Aug 2011","Single",98.6,"Scss","Share absorbed at completion"
"35532",2011-08-01,"Aug 2011","Semi-Detached",100,"Scss","Share absorbed at completion"
"35532",2011-08-01,"Aug 2011","Row",96,"Scss","Share absorbed at completion"
"35532",2011-08-01,"Aug 2011","Apartment",NA,"Scss","Share absorbed at completion"
"35532",2011-08-01,"Aug 2011","All",98.2,"Scss","Share absorbed at completion"
"35532",2011-09-01,"Sep 2011","Single",98.8,"Scss","Share absorbed at completion"
"35532",2011-09-01,"Sep 2011","Semi-Detached",100,"Scss","Share absorbed at completion"
"35532",2011-09-01,"Sep 2011","Row",91.7,"Scss","Share absorbed at completion"
"35532",2011-09-01,"Sep 2011","Apartment",NA,"Scss","Share absorbed at completion"
"35532",2011-09-01,"Sep 2011","All",98.4,"Scss","Share absorbed at completion"
"35532",2011-10-01,"Oct 2011","Single",99.3,"Scss","Share absorbed at completion"
"35532",2011-10-01,"Oct 2011","Semi-Detached",NA,"Scss","Share absorbed at completion"
"35532",2011-10-01,"Oct 2011","Row",95.5,"Scss","Share absorbed at completion"
"35532",2011-10-01,"Oct 2011","Apartment",NA,"Scss","Share absorbed at completion"
"35532",2011-10-01,"Oct 2011","All",98.8,"Scss","Share absorbed at completion"
"35532",2011-11-01,"Nov 2011","Single",100,"Scss","Share absorbed at completion"
"35532",2011-11-01,"Nov 2011","Semi-Detached",100,"Scss","Share absorbed at completion"
"35532",2011-11-01,"Nov 2011","Row",89.7,"Scss","Share absorbed at completion"
"35532",2011-11-01,"Nov 2011","Apartment",NA,"Scss","Share absorbed at completion"
"35532",2011-11-01,"Nov 2011","All",97.5,"Scss","Share absorbed at completion"
"35532",2011-12-01,"Dec 2011","Single",99.3,"Scss","Share absorbed at completion"
"35532",2011-12-01,"Dec 2011","Semi-Detached",NA,"Scss","Share absorbed at completion"
"35532",2011-12-01,"Dec 2011","Row",100,"Scss","Share absorbed at completion"
"35532",2011-12-01,"Dec 2011","Apartment",NA,"Scss","Share absorbed at completion"
"35532",2011-12-01,"Dec 2011","All",99.4,"Scss","Share absorbed at completion"
"35532",2012-01-01,"Jan 2012","Single",99,"Scss","Share absorbed at completion"
"35532",2012-01-01,"Jan 2012","Semi-Detached",NA,"Scss","Share absorbed at completion"
"35532",2012-01-01,"Jan 2012","Row",98.1,"Scss","Share absorbed at completion"
"35532",2012-01-01,"Jan 2012","Apartment",NA,"Scss","Share absorbed at completion"
"35532",2012-01-01,"Jan 2012","All",98.7,"Scss","Share absorbed at completion"
"35532",2012-02-01,"Feb 2012","Single",98.8,"Scss","Share absorbed at completion"
"35532",2012-02-01,"Feb 2012","Semi-Detached",NA,"Scss","Share absorbed at completion"
"35532",2012-02-01,"Feb 2012","Row",100,"Scss","Share absorbed at completion"
"35532",2012-02-01,"Feb 2012","Apartment",NA,"Scss","Share absorbed at completion"
"35532",2012-02-01,"Feb 2012","All",99,"Scss","Share absorbed at completion"
"35532",2012-03-01,"Mar 2012","Single",100,"Scss","Share absorbed at completion"
"35532",2012-03-01,"Mar 2012","Semi-Detached",NA,"Scss","Share absorbed at completion"
"35532",2012-03-01,"Mar 2012","Row",100,"Scss","Share absorbed at completion"
"35532",2012-03-01,"Mar 2012","Apartment",NA,"Scss","Share absorbed at completion"
"35532",2012-03-01,"Mar 2012","All",100,"Scss","Share absorbed at completion"
"35532",2012-04-01,"Apr 2012","Single",96,"Scss","Share absorbed at completion"
"35532",2012-04-01,"Apr 2012","Semi-Detached",NA,"Scss","Share absorbed at completion"
"35532",2012-04-01,"Apr 2012","Row",91.1,"Scss","Share absorbed at completion"
"35532",2012-04-01,"Apr 2012","Apartment",NA,"Scss","Share absorbed at completion"
"35532",2012-04-01,"Apr 2012","All",94.4,"Scss","Share absorbed at completion"
"35532",2012-05-01,"May 2012","Single",99,"Scss","Share absorbed at completion"
"35532",2012-05-01,"May 2012","Semi-Detached",NA,"Scss","Share absorbed at completion"
"35532",2012-05-01,"May 2012","Row",98.1,"Scss","Share absorbed at completion"
"35532",2012-05-01,"May 2012","Apartment",NA,"Scss","Share absorbed at completion"
"35532",2012-05-01,"May 2012","All",98.7,"Scss","Share absorbed at completion"
"35532",2012-06-01,"Jun 2012","Single",99.3,"Scss","Share absorbed at completion"
"35532",2012-06-01,"Jun 2012","Semi-Detached",NA,"Scss","Share absorbed at completion"
"35532",2012-06-01,"Jun 2012","Row",100,"Scss","Share absorbed at completion"
"35532",2012-06-01,"Jun 2012","Apartment",NA,"Scss","Share absorbed at completion"
"35532",2012-06-01,"Jun 2012","All",99.4,"Scss","Share absorbed at completion"
"35532",2012-07-01,"Jul 2012","Single",99.3,"Scss","Share absorbed at completion"
"35532",2012-07-01,"Jul 2012","Semi-Detached",NA,"Scss","Share absorbed at completion"
"35532",2012-07-01,"Jul 2012","Row",100,"Scss","Share absorbed at completion"
"35532",2012-07-01,"Jul 2012","Apartment",NA,"Scss","Share absorbed at completion"
"35532",2012-07-01,"Jul 2012","All",99.5,"Scss","Share absorbed at completion"
"35532",2012-08-01,"Aug 2012","Single",100,"Scss","Share absorbed at completion"
"35532",2012-08-01,"Aug 2012","Semi-Detached",100,"Scss","Share absorbed at completion"
"35532",2012-08-01,"Aug 2012","Row",100,"Scss","Share absorbed at completion"
"35532",2012-08-01,"Aug 2012","Apartment",NA,"Scss","Share absorbed at completion"
"35532",2012-08-01,"Aug 2012","All",100,"Scss","Share absorbed at completion"
"35532",2012-09-01,"Sep 2012","Single",98.5,"Scss","Share absorbed at completion"
"35532",2012-09-01,"Sep 2012","Semi-Detached",100,"Scss","Share absorbed at completion"
"35532",2012-09-01,"Sep 2012","Row",100,"Scss","Share absorbed at completion"
"35532",2012-09-01,"Sep 2012","Apartment",NA,"Scss","Share absorbed at completion"
"35532",2012-09-01,"Sep 2012","All",98.9,"Scss","Share absorbed at completion"
"35532",2012-10-01,"Oct 2012","Single",98.2,"Scss","Share absorbed at completion"
"35532",2012-10-01,"Oct 2012","Semi-Detached",100,"Scss","Share absorbed at completion"
"35532",2012-10-01,"Oct 2012","Row",66.7,"Scss","Share absorbed at completion"
"35532",2012-10-01,"Oct 2012","Apartment",NA,"Scss","Share absorbed at completion"
"35532",2012-10-01,"Oct 2012","All",93.9,"Scss","Share absorbed at completion"
"35532",2012-11-01,"Nov 2012","Single",100,"Scss","Share absorbed at completion"
"35532",2012-11-01,"Nov 2012","Semi-Detached",NA,"Scss","Share absorbed at completion"
"35532",2012-11-01,"Nov 2012","Row",100,"Scss","Share absorbed at completion"
"35532",2012-11-01,"Nov 2012","Apartment",NA,"Scss","Share absorbed at completion"
"35532",2012-11-01,"Nov 2012","All",100,"Scss","Share absorbed at completion"
"35532",2012-12-01,"Dec 2012","Single",100,"Scss","Share absorbed at completion"
"35532",2012-12-01,"Dec 2012","Semi-Detached",100,"Scss","Share absorbed at completion"
"35532",2012-12-01,"Dec 2012","Row",100,"Scss","Share absorbed at completion"
"35532",2012-12-01,"Dec 2012","Apartment",NA,"Scss","Share absorbed at completion"
"35532",2012-12-01,"Dec 2012","All",100,"Scss","Share absorbed at completion"
"35532",2013-01-01,"Jan 2013","Single",98.7,"Scss","Share absorbed at completion"
"35532",2013-01-01,"Jan 2013","Semi-Detached",100,"Scss","Share absorbed at completion"
"35532",2013-01-01,"Jan 2013","Row",100,"Scss","Share absorbed at completion"
"35532",2013-01-01,"Jan 2013","Apartment",NA,"Scss","Share absorbed at completion"
"35532",2013-01-01,"Jan 2013","All",99,"Scss","Share absorbed at completion"
"35532",2013-02-01,"Feb 2013","Single",98.3,"Scss","Share absorbed at completion"
"35532",2013-02-01,"Feb 2013","Semi-Detached",100,"Scss","Share absorbed at completion"
"35532",2013-02-01,"Feb 2013","Row",100,"Scss","Share absorbed at completion"
"35532",2013-02-01,"Feb 2013","Apartment",NA,"Scss","Share absorbed at completion"
"35532",2013-02-01,"Feb 2013","All",98.9,"Scss","Share absorbed at completion"
"35532",2013-03-01,"Mar 2013","Single",98.7,"Scss","Share absorbed at completion"
"35532",2013-03-01,"Mar 2013","Semi-Detached",100,"Scss","Share absorbed at completion"
"35532",2013-03-01,"Mar 2013","Row",100,"Scss","Share absorbed at completion"
"35532",2013-03-01,"Mar 2013","Apartment",100,"Scss","Share absorbed at completion"
"35532",2013-03-01,"Mar 2013","All",99.3,"Scss","Share absorbed at completion"
"35532",2013-04-01,"Apr 2013","Single",100,"Scss","Share absorbed at completion"
"35532",2013-04-01,"Apr 2013","Semi-Detached",100,"Scss","Share absorbed at completion"
"35532",2013-04-01,"Apr 2013","Row",96.6,"Scss","Share absorbed at completion"
"35532",2013-04-01,"Apr 2013","Apartment",NA,"Scss","Share absorbed at completion"
"35532",2013-04-01,"Apr 2013","All",99,"Scss","Share absorbed at completion"
"35532",2013-05-01,"May 2013","Single",100,"Scss","Share absorbed at completion"
"35532",2013-05-01,"May 2013","Semi-Detached",100,"Scss","Share absorbed at completion"
"35532",2013-05-01,"May 2013","Row",100,"Scss","Share absorbed at completion"
"35532",2013-05-01,"May 2013","Apartment",NA,"Scss","Share absorbed at completion"
"35532",2013-05-01,"May 2013","All",100,"Scss","Share absorbed at completion"
"35532",2013-06-01,"Jun 2013","Single",100,"Scss","Share absorbed at completion"
"35532",2013-06-01,"Jun 2013","Semi-Detached",100,"Scss","Share absorbed at completion"
"35532",2013-06-01,"Jun 2013","Row",100,"Scss","Share absorbed at completion"
"35532",2013-06-01,"Jun 2013","Apartment",NA,"Scss","Share absorbed at completion"
"35532",2013-06-01,"Jun 2013","All",100,"Scss","Share absorbed at completion"
"35532",2013-07-01,"Jul 2013","Single",96.3,"Scss","Share absorbed at completion"
"35532",2013-07-01,"Jul 2013","Semi-Detached",100,"Scss","Share absorbed at completion"
"35532",2013-07-01,"Jul 2013","Row",100,"Scss","Share absorbed at completion"
"35532",2013-07-01,"Jul 2013","Apartment",NA,"Scss","Share absorbed at completion"
"35532",2013-07-01,"Jul 2013","All",96.9,"Scss","Share absorbed at completion"
"35532",2013-08-01,"Aug 2013","Single",100,"Scss","Share absorbed at completion"
"35532",2013-08-01,"Aug 2013","Semi-Detached",100,"Scss","Share absorbed at completion"
"35532",2013-08-01,"Aug 2013","Row",100,"Scss","Share absorbed at completion"
"35532",2013-08-01,"Aug 2013","Apartment",100,"Scss","Share absorbed at completion"
"35532",2013-08-01,"Aug 2013","All",100,"Scss","Share absorbed at completion"
"35532",2013-09-01,"Sep 2013","Single",99,"Scss","Share absorbed at completion"
"35532",2013-09-01,"Sep 2013","Semi-Detached",100,"Scss","Share absorbed at completion"
"35532",2013-09-01,"Sep 2013","Row",100,"Scss","Share absorbed at completion"
"35532",2013-09-01,"Sep 2013","Apartment",NA,"Scss","Share absorbed at completion"
"35532",2013-09-01,"Sep 2013","All",99.3,"Scss","Share absorbed at completion"
"35532",2013-10-01,"Oct 2013","Single",100,"Scss","Share absorbed at completion"
"35532",2013-10-01,"Oct 2013","Semi-Detached",100,"Scss","Share absorbed at completion"
"35532",2013-10-01,"Oct 2013","Row",100,"Scss","Share absorbed at completion"
"35532",2013-10-01,"Oct 2013","Apartment",NA,"Scss","Share absorbed at completion"
"35532",2013-10-01,"Oct 2013","All",100,"Scss","Share absorbed at completion"
"35532",2013-11-01,"Nov 2013","Single",100,"Scss","Share absorbed at completion"
"35532",2013-11-01,"Nov 2013","Semi-Detached",100,"Scss","Share absorbed at completion"
"35532",2013-11-01,"Nov 2013","Row",90.9,"Scss","Share absorbed at completion"
"35532",2013-11-01,"Nov 2013","Apartment",100,"Scss","Share absorbed at completion"
"35532",2013-11-01,"Nov 2013","All",99.4,"Scss","Share absorbed at completion"
"35532",2013-12-01,"Dec 2013","Single",100,"Scss","Share absorbed at completion"
"35532",2013-12-01,"Dec 2013","Semi-Detached",100,"Scss","Share absorbed at completion"
"35532",2013-12-01,"Dec 2013","Row",100,"Scss","Share absorbed at completion"
"35532",2013-12-01,"Dec 2013","Apartment",NA,"Scss","Share absorbed at completion"
"35532",2013-12-01,"Dec 2013","All",100,"Scss","Share absorbed at completion"
"35532",2014-01-01,"Jan 2014","Single",100,"Scss","Share absorbed at completion"
"35532",2014-01-01,"Jan 2014","Semi-Detached",100,"Scss","Share absorbed at completion"
"35532",2014-01-01,"Jan 2014","Row",94.4,"Scss","Share absorbed at completion"
"35532",2014-01-01,"Jan 2014","Apartment",NA,"Scss","Share absorbed at completion"
"35532",2014-01-01,"Jan 2014","All",98.8,"Scss","Share absorbed at completion"
"35532",2014-02-01,"Feb 2014","Single",100,"Scss","Share absorbed at completion"
"35532",2014-02-01,"Feb 2014","Semi-Detached",100,"Scss","Share absorbed at completion"
"35532",2014-02-01,"Feb 2014","Row",100,"Scss","Share absorbed at completion"
"35532",2014-02-01,"Feb 2014","Apartment",NA,"Scss","Share absorbed at completion"
"35532",2014-02-01,"Feb 2014","All",100,"Scss","Share absorbed at completion"
"35532",2014-03-01,"Mar 2014","Single",95.9,"Scss","Share absorbed at completion"
"35532",2014-03-01,"Mar 2014","Semi-Detached",100,"Scss","Share absorbed at completion"
"35532",2014-03-01,"Mar 2014","Row",100,"Scss","Share absorbed at completion"
"35532",2014-03-01,"Mar 2014","Apartment",NA,"Scss","Share absorbed at completion"
"35532",2014-03-01,"Mar 2014","All",96.6,"Scss","Share absorbed at completion"
"35532",2014-04-01,"Apr 2014","Single",100,"Scss","Share absorbed at completion"
"35532",2014-04-01,"Apr 2014","Semi-Detached",NA,"Scss","Share absorbed at completion"
"35532",2014-04-01,"Apr 2014","Row",91.7,"Scss","Share absorbed at completion"
"35532",2014-04-01,"Apr 2014","Apartment",100,"Scss","Share absorbed at completion"
"35532",2014-04-01,"Apr 2014","All",97.9,"Scss","Share absorbed at completion"
"35532",2014-05-01,"May 2014","Single",94.9,"Scss","Share absorbed at completion"
"35532",2014-05-01,"May 2014","Semi-Detached",NA,"Scss","Share absorbed at completion"
"35532",2014-05-01,"May 2014","Row",100,"Scss","Share absorbed at completion"
"35532",2014-05-01,"May 2014","Apartment",NA,"Scss","Share absorbed at completion"
"35532",2014-05-01,"May 2014","All",95.9,"Scss","Share absorbed at completion"
"35532",2014-06-01,"Jun 2014","Single",100,"Scss","Share absorbed at completion"
"35532",2014-06-01,"Jun 2014","Semi-Detached",NA,"Scss","Share absorbed at completion"
"35532",2014-06-01,"Jun 2014","Row",100,"Scss","Share absorbed at completion"
"35532",2014-06-01,"Jun 2014","Apartment",NA,"Scss","Share absorbed at completion"
"35532",2014-06-01,"Jun 2014","All",100,"Scss","Share absorbed at completion"
"35532",2014-07-01,"Jul 2014","Single",99,"Scss","Share absorbed at completion"
"35532",2014-07-01,"Jul 2014","Semi-Detached",100,"Scss","Share absorbed at completion"
"35532",2014-07-01,"Jul 2014","Row",100,"Scss","Share absorbed at completion"
"35532",2014-07-01,"Jul 2014","Apartment",NA,"Scss","Share absorbed at completion"
"35532",2014-07-01,"Jul 2014","All",99.2,"Scss","Share absorbed at completion"
"35532",2014-08-01,"Aug 2014","Single",97.8,"Scss","Share absorbed at completion"
"35532",2014-08-01,"Aug 2014","Semi-Detached",100,"Scss","Share absorbed at completion"
"35532",2014-08-01,"Aug 2014","Row",100,"Scss","Share absorbed at completion"
"35532",2014-08-01,"Aug 2014","Apartment",NA,"Scss","Share absorbed at completion"
"35532",2014-08-01,"Aug 2014","All",98.1,"Scss","Share absorbed at completion"
"35532",2014-09-01,"Sep 2014","Single",100,"Scss","Share absorbed at completion"
"35532",2014-09-01,"Sep 2014","Semi-Detached",100,"Scss","Share absorbed at completion"
"35532",2014-09-01,"Sep 2014","Row",NA,"Scss","Share absorbed at completion"
"35532",2014-09-01,"Sep 2014","Apartment",NA,"Scss","Share absorbed at completion"
"35532",2014-09-01,"Sep 2014","All",100,"Scss","Share absorbed at completion"
"35532",2014-10-01,"Oct 2014","Single",98.1,"Scss","Share absorbed at completion"
"35532",2014-10-01,"Oct 2014","Semi-Detached",100,"Scss","Share absorbed at completion"
"35532",2014-10-01,"Oct 2014","Row",100,"Scss","Share absorbed at completion"
"35532",2014-10-01,"Oct 2014","Apartment",NA,"Scss","Share absorbed at completion"
"35532",2014-10-01,"Oct 2014","All",98.6,"Scss","Share absorbed at completion"
"35532",2014-11-01,"Nov 2014","Single",94.1,"Scss","Share absorbed at completion"
"35532",2014-11-01,"Nov 2014","Semi-Detached",100,"Scss","Share absorbed at completion"
"35532",2014-11-01,"Nov 2014","Row",100,"Scss","Share absorbed at completion"
"35532",2014-11-01,"Nov 2014","Apartment",NA,"Scss","Share absorbed at completion"
"35532",2014-11-01,"Nov 2014","All",95.8,"Scss","Share absorbed at completion"
"35532",2014-12-01,"Dec 2014","Single",98.8,"Scss","Share absorbed at completion"
"35532",2014-12-01,"Dec 2014","Semi-Detached",100,"Scss","Share absorbed at completion"
"35532",2014-12-01,"Dec 2014","Row",100,"Scss","Share absorbed at completion"
"35532",2014-12-01,"Dec 2014","Apartment",NA,"Scss","Share absorbed at completion"
"35532",2014-12-01,"Dec 2014","All",99.2,"Scss","Share absorbed at completion"
"35532",2015-01-01,"Jan 2015","Single",100,"Scss","Share absorbed at completion"
"35532",2015-01-01,"Jan 2015","Semi-Detached",NA,"Scss","Share absorbed at completion"
"35532",2015-01-01,"Jan 2015","Row",100,"Scss","Share absorbed at completion"
"35532",2015-01-01,"Jan 2015","Apartment",NA,"Scss","Share absorbed at completion"
"35532",2015-01-01,"Jan 2015","All",100,"Scss","Share absorbed at completion"
"35532",2015-02-01,"Feb 2015","Single",100,"Scss","Share absorbed at completion"
"35532",2015-02-01,"Feb 2015","Semi-Detached",NA,"Scss","Share absorbed at completion"
"35532",2015-02-01,"Feb 2015","Row",NA,"Scss","Share absorbed at completion"
"35532",2015-02-01,"Feb 2015","Apartment",NA,"Scss","Share absorbed at completion"
"35532",2015-02-01,"Feb 2015","All",100,"Scss","Share absorbed at completion"
"35532",2015-03-01,"Mar 2015","Single",100,"Scss","Share absorbed at completion"
"35532",2015-03-01,"Mar 2015","Semi-Detached",NA,"Scss","Share absorbed at completion"
"35532",2015-03-01,"Mar 2015","Row",100,"Scss","Share absorbed at completion"
"35532",2015-03-01,"Mar 2015","Apartment",NA,"Scss","Share absorbed at completion"
"35532",2015-03-01,"Mar 2015","All",100,"Scss","Share absorbed at completion"
"35532",2015-04-01,"Apr 2015","Single",100,"Scss","Share absorbed at completion"
"35532",2015-04-01,"Apr 2015","Semi-Detached",NA,"Scss","Share absorbed at completion"
"35532",2015-04-01,"Apr 2015","Row",NA,"Scss","Share absorbed at completion"
"35532",2015-04-01,"Apr 2015","Apartment",NA,"Scss","Share absorbed at completion"
"35532",2015-04-01,"Apr 2015","All",100,"Scss","Share absorbed at completion"
"35532",2015-05-01,"May 2015","Single",100,"Scss","Share absorbed at completion"
"35532",2015-05-01,"May 2015","Semi-Detached",NA,"Scss","Share absorbed at completion"
"35532",2015-05-01,"May 2015","Row",NA,"Scss","Share absorbed at completion"
"35532",2015-05-01,"May 2015","Apartment",NA,"Scss","Share absorbed at completion"
"35532",2015-05-01,"May 2015","All",100,"Scss","Share absorbed at completion"
"35532",2015-06-01,"Jun 2015","Single",100,"Scss","Share absorbed at completion"
"35532",2015-06-01,"Jun 2015","Semi-Detached",NA,"Scss","Share absorbed at completion"
"35532",2015-06-01,"Jun 2015","Row",NA,"Scss","Share absorbed at completion"
"35532",2015-06-01,"Jun 2015","Apartment",NA,"Scss","Share absorbed at completion"
"35532",2015-06-01,"Jun 2015","All",100,"Scss","Share absorbed at completion"
"35532",2015-07-01,"Jul 2015","Single",100,"Scss","Share absorbed at completion"
"35532",2015-07-01,"Jul 2015","Semi-Detached",NA,"Scss","Share absorbed at completion"
"35532",2015-07-01,"Jul 2015","Row",NA,"Scss","Share absorbed at completion"
"35532",2015-07-01,"Jul 2015","Apartment",NA,"Scss","Share absorbed at completion"
"35532",2015-07-01,"Jul 2015","All",100,"Scss","Share absorbed at completion"
"35532",2015-08-01,"Aug 2015","Single",100,"Scss","Share absorbed at completion"
"35532",2015-08-01,"Aug 2015","Semi-Detached",NA,"Scss","Share absorbed at completion"
"35532",2015-08-01,"Aug 2015","Row",100,"Scss","Share absorbed at completion"
"35532",2015-08-01,"Aug 2015","Apartment",NA,"Scss","Share absorbed at completion"
"35532",2015-08-01,"Aug 2015","All",100,"Scss","Share absorbed at completion"
"35532",2015-09-01,"Sep 2015","Single",98.6,"Scss","Share absorbed at completion"
"35532",2015-09-01,"Sep 2015","Semi-Detached",NA,"Scss","Share absorbed at completion"
"35532",2015-09-01,"Sep 2015","Row",NA,"Scss","Share absorbed at completion"
"35532",2015-09-01,"Sep 2015","Apartment",NA,"Scss","Share absorbed at completion"
"35532",2015-09-01,"Sep 2015","All",98.6,"Scss","Share absorbed at completion"
"35532",2015-10-01,"Oct 2015","Single",99.2,"Scss","Share absorbed at completion"
"35532",2015-10-01,"Oct 2015","Semi-Detached",NA,"Scss","Share absorbed at completion"
"35532",2015-10-01,"Oct 2015","Row",100,"Scss","Share absorbed at completion"
"35532",2015-10-01,"Oct 2015","Apartment",NA,"Scss","Share absorbed at completion"
"35532",2015-10-01,"Oct 2015","All",99.5,"Scss","Share absorbed at completion"
"35532",2015-11-01,"Nov 2015","Single",100,"Scss","Share absorbed at completion"
"35532",2015-11-01,"Nov 2015","Semi-Detached",100,"Scss","Share absorbed at completion"
"35532",2015-11-01,"Nov 2015","Row",100,"Scss","Share absorbed at completion"
"35532",2015-11-01,"Nov 2015","Apartment",NA,"Scss","Share absorbed at completion"
"35532",2015-11-01,"Nov 2015","All",100,"Scss","Share absorbed at completion"
"35532",2015-12-01,"Dec 2015","Single",96.2,"Scss","Share absorbed at completion"
"35532",2015-12-01,"Dec 2015","Semi-Detached",100,"Scss","Share absorbed at completion"
"35532",2015-12-01,"Dec 2015","Row",100,"Scss","Share absorbed at completion"
"35532",2015-12-01,"Dec 2015","Apartment",NA,"Scss","Share absorbed at completion"
"35532",2015-12-01,"Dec 2015","All",97.4,"Scss","Share absorbed at completion"
"35532",2016-01-01,"Jan 2016","Single",100,"Scss","Share absorbed at completion"
"35532",2016-01-01,"Jan 2016","Semi-Detached",50,"Scss","Share absorbed at completion"
"35532",2016-01-01,"Jan 2016","Row",100,"Scss","Share absorbed at completion"
"35532",2016-01-01,"Jan 2016","Apartment",NA,"Scss","Share absorbed at completion"
"35532",2016-01-01,"Jan 2016","All",98.6,"Scss","Share absorbed at completion"
"35532",2016-02-01,"Feb 2016","Single",100,"Scss","Share absorbed at completion"
"35532",2016-02-01,"Feb 2016","Semi-Detached",NA,"Scss","Share absorbed at completion"
"35532",2016-02-01,"Feb 2016","Row",100,"Scss","Share absorbed at completion"
"35532",2016-02-01,"Feb 2016","Apartment",NA,"Scss","Share absorbed at completion"
"35532",2016-02-01,"Feb 2016","All",100,"Scss","Share absorbed at completion"
"35532",2016-03-01,"Mar 2016","Single",100,"Scss","Share absorbed at completion"
"35532",2016-03-01,"Mar 2016","Semi-Detached",100,"Scss","Share absorbed at completion"
"35532",2016-03-01,"Mar 2016","Row",100,"Scss","Share absorbed at completion"
"35532",2016-03-01,"Mar 2016","Apartment",NA,"Scss","Share absorbed at completion"
"35532",2016-03-01,"Mar 2016","All",100,"Scss","Share absorbed at completion"
"35532",2016-04-01,"Apr 2016","Single",99.2,"Scss","Share absorbed at completion"
"35532",2016-04-01,"Apr 2016","Semi-Detached",100,"Scss","Share absorbed at completion"
"35532",2016-04-01,"Apr 2016","Row",100,"Scss","Share absorbed at completion"
"35532",2016-04-01,"Apr 2016","Apartment",NA,"Scss","Share absorbed at completion"
"35532",2016-04-01,"Apr 2016","All",99.3,"Scss","Share absorbed at completion"
"35532",2016-05-01,"May 2016","Single",100,"Scss","Share absorbed at completion"
"35532",2016-05-01,"May 2016","Semi-Detached",100,"Scss","Share absorbed at completion"
"35532",2016-05-01,"May 2016","Row",100,"Scss","Share absorbed at completion"
"35532",2016-05-01,"May 2016","Apartment",NA,"Scss","Share absorbed at completion"
"35532",2016-05-01,"May 2016","All",100,"Scss","Share absorbed at completion"
"35532",2016-06-01,"Jun 2016","Single",100,"Scss","Share absorbed at completion"
"35532",2016-06-01,"Jun 2016","Semi-Detached",NA,"Scss","Share absorbed at completion"
"35532",2016-06-01,"Jun 2016","Row",100,"Scss","Share absorbed at completion"
"35532",2016-06-01,"Jun 2016","Apartment",NA,"Scss","Share absorbed at completion"
"35532",2016-06-01,"Jun 2016","All",100,"Scss","Share absorbed at completion"
"35532",2016-07-01,"Jul 2016","Single",98.1,"Scss","Share absorbed at completion"
"35532",2016-07-01,"Jul 2016","Semi-Detached",100,"Scss","Share absorbed at completion"
"35532",2016-07-01,"Jul 2016","Row",95,"Scss","Share absorbed at completion"
"35532",2016-07-01,"Jul 2016","Apartment",NA,"Scss","Share absorbed at completion"
"35532",2016-07-01,"Jul 2016","All",97.6,"Scss","Share absorbed at completion"
"35532",2016-08-01,"Aug 2016","Single",100,"Scss","Share absorbed at completion"
"35532",2016-08-01,"Aug 2016","Semi-Detached",NA,"Scss","Share absorbed at completion"
"35532",2016-08-01,"Aug 2016","Row",100,"Scss","Share absorbed at completion"
"35532",2016-08-01,"Aug 2016","Apartment",NA,"Scss","Share absorbed at completion"
"35532",2016-08-01,"Aug 2016","All",100,"Scss","Share absorbed at completion"
"35532",2016-09-01,"Sep 2016","Single",97.7,"Scss","Share absorbed at completion"
"35532",2016-09-01,"Sep 2016","Semi-Detached",NA,"Scss","Share absorbed at completion"
"35532",2016-09-01,"Sep 2016","Row",100,"Scss","Share absorbed at completion"
"35532",2016-09-01,"Sep 2016","Apartment",NA,"Scss","Share absorbed at completion"
"35532",2016-09-01,"Sep 2016","All",98,"Scss","Share absorbed at completion"
"35532",2016-10-01,"Oct 2016","Single",99.2,"Scss","Share absorbed at completion"
"35532",2016-10-01,"Oct 2016","Semi-Detached",NA,"Scss","Share absorbed at completion"
"35532",2016-10-01,"Oct 2016","Row",100,"Scss","Share absorbed at completion"
"35532",2016-10-01,"Oct 2016","Apartment",NA,"Scss","Share absorbed at completion"
"35532",2016-10-01,"Oct 2016","All",99.3,"Scss","Share absorbed at completion"
"35532",2016-11-01,"Nov 2016","Single",100,"Scss","Share absorbed at completion"
"35532",2016-11-01,"Nov 2016","Semi-Detached",NA,"Scss","Share absorbed at completion"
"35532",2016-11-01,"Nov 2016","Row",100,"Scss","Share absorbed at completion"
"35532",2016-11-01,"Nov 2016","Apartment",NA,"Scss","Share absorbed at completion"
"35532",2016-11-01,"Nov 2016","All",100,"Scss","Share absorbed at completion"
"35532",2016-12-01,"Dec 2016","Single",100,"Scss","Share absorbed at completion"
"35532",2016-12-01,"Dec 2016","Semi-Detached",100,"Scss","Share absorbed at completion"
"35532",2016-12-01,"Dec 2016","Row",100,"Scss","Share absorbed at completion"
"35532",2016-12-01,"Dec 2016","Apartment",NA,"Scss","Share absorbed at completion"
"35532",2016-12-01,"Dec 2016","All",100,"Scss","Share absorbed at completion"
"35532",2017-01-01,"Jan 2017","Single",100,"Scss","Share absorbed at completion"
"35532",2017-01-01,"Jan 2017","Semi-Detached",100,"Scss","Share absorbed at completion"
"35532",2017-01-01,"Jan 2017","Row",100,"Scss","Share absorbed at completion"
"35532",2017-01-01,"Jan 2017","Apartment",100,"Scss","Share absorbed at completion"
"35532",2017-01-01,"Jan 2017","All",100,"Scss","Share absorbed at completion"
"35532",2017-02-01,"Feb 2017","Single",100,"Scss","Share absorbed at completion"
"35532",2017-02-01,"Feb 2017","Semi-Detached",100,"Scss","Share absorbed at completion"
"35532",2017-02-01,"Feb 2017","Row",100,"Scss","Share absorbed at completion"
"35532",2017-02-01,"Feb 2017","Apartment",100,"Scss","Share absorbed at completion"
"35532",2017-02-01,"Feb 2017","All",100,"Scss","Share absorbed at completion"
"35532",2017-03-01,"Mar 2017","Single",100,"Scss","Share absorbed at completion"
"35532",2017-03-01,"Mar 2017","Semi-Detached",100,"Scss","Share absorbed at completion"
"35532",2017-03-01,"Mar 2017","Row",100,"Scss","Share absorbed at completion"
"35532",2017-03-01,"Mar 2017","Apartment",100,"Scss","Share absorbed at completion"
"35532",2017-03-01,"Mar 2017","All",100,"Scss","Share absorbed at completion"
"35532",2017-04-01,"Apr 2017","Single",100,"Scss","Share absorbed at completion"
"35532",2017-04-01,"Apr 2017","Semi-Detached",100,"Scss","Share absorbed at completion"
"35532",2017-04-01,"Apr 2017","Row",100,"Scss","Share absorbed at completion"
"35532",2017-04-01,"Apr 2017","Apartment",100,"Scss","Share absorbed at completion"
"35532",2017-04-01,"Apr 2017","All",100,"Scss","Share absorbed at completion"
"35532",2017-05-01,"May 2017","Single",100,"Scss","Share absorbed at completion"
"35532",2017-05-01,"May 2017","Semi-Detached",100,"Scss","Share absorbed at completion"
"35532",2017-05-01,"May 2017","Row",100,"Scss","Share absorbed at completion"
"35532",2017-05-01,"May 2017","Apartment",NA,"Scss","Share absorbed at completion"
"35532",2017-05-01,"May 2017","All",100,"Scss","Share absorbed at completion"
"35532",2017-06-01,"Jun 2017","Single",98.9,"Scss","Share absorbed at completion"
"35532",2017-06-01,"Jun 2017","Semi-Detached",100,"Scss","Share absorbed at completion"
"35532",2017-06-01,"Jun 2017","Row",100,"Scss","Share absorbed at completion"
"35532",2017-06-01,"Jun 2017","Apartment",100,"Scss","Share absorbed at completion"
"35532",2017-06-01,"Jun 2017","All",99.2,"Scss","Share absorbed at completion"
"35532",2017-07-01,"Jul 2017","Single",95.9,"Scss","Share absorbed at completion"
"35532",2017-07-01,"Jul 2017","Semi-Detached",NA,"Scss","Share absorbed at completion"
"35532",2017-07-01,"Jul 2017","Row",100,"Scss","Share absorbed at completion"
"35532",2017-07-01,"Jul 2017","Apartment",100,"Scss","Share absorbed at completion"
"35532",2017-07-01,"Jul 2017","All",97.1,"Scss","Share absorbed at completion"
"35532",2017-08-01,"Aug 2017","Single",100,"Scss","Share absorbed at completion"
"35532",2017-08-01,"Aug 2017","Semi-Detached",100,"Scss","Share absorbed at completion"
"35532",2017-08-01,"Aug 2017","Row",100,"Scss","Share absorbed at completion"
"35532",2017-08-01,"Aug 2017","Apartment",NA,"Scss","Share absorbed at completion"
"35532",2017-08-01,"Aug 2017","All",100,"Scss","Share absorbed at completion"
"35532",2017-09-01,"Sep 2017","Single",100,"Scss","Share absorbed at completion"
"35532",2017-09-01,"Sep 2017","Semi-Detached",100,"Scss","Share absorbed at completion"
"35532",2017-09-01,"Sep 2017","Row",100,"Scss","Share absorbed at completion"
"35532",2017-09-01,"Sep 2017","Apartment",100,"Scss","Share absorbed at completion"
"35532",2017-09-01,"Sep 2017","All",100,"Scss","Share absorbed at completion"
"35532",2017-10-01,"Oct 2017","Single",100,"Scss","Share absorbed at completion"
"35532",2017-10-01,"Oct 2017","Semi-Detached",100,"Scss","Share absorbed at completion"
"35532",2017-10-01,"Oct 2017","Row",100,"Scss","Share absorbed at completion"
"35532",2017-10-01,"Oct 2017","Apartment",100,"Scss","Share absorbed at completion"
"35532",2017-10-01,"Oct 2017","All",100,"Scss","Share absorbed at completion"
"35532",2017-11-01,"Nov 2017","Single",99,"Scss","Share absorbed at completion"
"35532",2017-11-01,"Nov 2017","Semi-Detached",NA,"Scss","Share absorbed at completion"
"35532",2017-11-01,"Nov 2017","Row",100,"Scss","Share absorbed at completion"
"35532",2017-11-01,"Nov 2017","Apartment",NA,"Scss","Share absorbed at completion"
"35532",2017-11-01,"Nov 2017","All",99.4,"Scss","Share absorbed at completion"
"35532",2017-12-01,"Dec 2017","Single",100,"Scss","Share absorbed at completion"
"35532",2017-12-01,"Dec 2017","Semi-Detached",100,"Scss","Share absorbed at completion"
"35532",2017-12-01,"Dec 2017","Row",100,"Scss","Share absorbed at completion"
"35532",2017-12-01,"Dec 2017","Apartment",100,"Scss","Share absorbed at completion"
"35532",2017-12-01,"Dec 2017","All",100,"Scss","Share absorbed at completion"
"35532",2018-01-01,"Jan 2018","Single",100,"Scss","Share absorbed at completion"
"35532",2018-01-01,"Jan 2018","Semi-Detached",NA,"Scss","Share absorbed at completion"
"35532",2018-01-01,"Jan 2018","Row",100,"Scss","Share absorbed at completion"
"35532",2018-01-01,"Jan 2018","Apartment",NA,"Scss","Share absorbed at completion"
"35532",2018-01-01,"Jan 2018","All",100,"Scss","Share absorbed at completion"
"35532",2018-02-01,"Feb 2018","Single",100,"Scss","Share absorbed at completion"
"35532",2018-02-01,"Feb 2018","Semi-Detached",NA,"Scss","Share absorbed at completion"
"35532",2018-02-01,"Feb 2018","Row",100,"Scss","Share absorbed at completion"
"35532",2018-02-01,"Feb 2018","Apartment",NA,"Scss","Share absorbed at completion"
"35532",2018-02-01,"Feb 2018","All",100,"Scss","Share absorbed at completion"
"35532",2018-03-01,"Mar 2018","Single",100,"Scss","Share absorbed at completion"
"35532",2018-03-01,"Mar 2018","Semi-Detached",NA,"Scss","Share absorbed at completion"
"35532",2018-03-01,"Mar 2018","Row",100,"Scss","Share absorbed at completion"
"35532",2018-03-01,"Mar 2018","Apartment",NA,"Scss","Share absorbed at completion"
"35532",2018-03-01,"Mar 2018","All",100,"Scss","Share absorbed at completion"
"35532",2018-04-01,"Apr 2018","Single",100,"Scss","Share absorbed at completion"
"35532",2018-04-01,"Apr 2018","Semi-Detached",100,"Scss","Share absorbed at completion"
"35532",2018-04-01,"Apr 2018","Row",100,"Scss","Share absorbed at completion"
"35532",2018-04-01,"Apr 2018","Apartment",NA,"Scss","Share absorbed at completion"
"35532",2018-04-01,"Apr 2018","All",100,"Scss","Share absorbed at completion"
"35532",2018-05-01,"May 2018","Single",100,"Scss","Share absorbed at completion"
"35532",2018-05-01,"May 2018","Semi-Detached",100,"Scss","Share absorbed at completion"
"35532",2018-05-01,"May 2018","Row",100,"Scss","Share absorbed at completion"
"35532",2018-05-01,"May 2018","Apartment",100,"Scss","Share absorbed at completion"
"35532",2018-05-01,"May 2018","All",100,"Scss","Share absorbed at completion"
"35532",2018-06-01,"Jun 2018","Single",100,"Scss","Share absorbed at completion"
"35532",2018-06-01,"Jun 2018","Semi-Detached",100,"Scss","Share absorbed at completion"
"35532",2018-06-01,"Jun 2018","Row",100,"Scss","Share absorbed at completion"
"35532",2018-06-01,"Jun 2018","Apartment",NA,"Scss","Share absorbed at completion"
"35532",2018-06-01,"Jun 2018","All",100,"Scss","Share absorbed at completion"
"35532",2018-07-01,"Jul 2018","Single",100,"Scss","Share absorbed at completion"
"35532",2018-07-01,"Jul 2018","Semi-Detached",100,"Scss","Share absorbed at completion"
"35532",2018-07-01,"Jul 2018","Row",100,"Scss","Share absorbed at completion"
"35532",2018-07-01,"Jul 2018","Apartment",NA,"Scss","Share absorbed at completion"
"35532",2018-07-01,"Jul 2018","All",100,"Scss","Share absorbed at completion"
"35532",2018-08-01,"Aug 2018","Single",100,"Scss","Share absorbed at completion"
"35532",2018-08-01,"Aug 2018","Semi-Detached",NA,"Scss","Share absorbed at completion"
"35532",2018-08-01,"Aug 2018","Row",100,"Scss","Share absorbed at completion"
"35532",2018-08-01,"Aug 2018","Apartment",100,"Scss","Share absorbed at completion"
"35532",2018-08-01,"Aug 2018","All",100,"Scss","Share absorbed at completion"
"35532",2018-09-01,"Sep 2018","Single",100,"Scss","Share absorbed at completion"
"35532",2018-09-01,"Sep 2018","Semi-Detached",100,"Scss","Share absorbed at completion"
"35532",2018-09-01,"Sep 2018","Row",100,"Scss","Share absorbed at completion"
"35532",2018-09-01,"Sep 2018","Apartment",NA,"Scss","Share absorbed at completion"
"35532",2018-09-01,"Sep 2018","All",100,"Scss","Share absorbed at completion"
"35532",2018-10-01,"Oct 2018","Single",100,"Scss","Share absorbed at completion"
"35532",2018-10-01,"Oct 2018","Semi-Detached",100,"Scss","Share absorbed at completion"
"35532",2018-10-01,"Oct 2018","Row",100,"Scss","Share absorbed at completion"
"35532",2018-10-01,"Oct 2018","Apartment",100,"Scss","Share absorbed at completion"
"35532",2018-10-01,"Oct 2018","All",100,"Scss","Share absorbed at completion"
"35532",2018-11-01,"Nov 2018","Single",100,"Scss","Share absorbed at completion"
"35532",2018-11-01,"Nov 2018","Semi-Detached",100,"Scss","Share absorbed at completion"
"35532",2018-11-01,"Nov 2018","Row",100,"Scss","Share absorbed at completion"
"35532",2018-11-01,"Nov 2018","Apartment",NA,"Scss","Share absorbed at completion"
"35532",2018-11-01,"Nov 2018","All",100,"Scss","Share absorbed at completion"
"35532",2018-12-01,"Dec 2018","Single",100,"Scss","Share absorbed at completion"
"35532",2018-12-01,"Dec 2018","Semi-Detached",NA,"Scss","Share absorbed at completion"
"35532",2018-12-01,"Dec 2018","Row",100,"Scss","Share absorbed at completion"
"35532",2018-12-01,"Dec 2018","Apartment",100,"Scss","Share absorbed at completion"
"35532",2018-12-01,"Dec 2018","All",100,"Scss","Share absorbed at completion"
"35532",2019-01-01,"Jan 2019","Single",100,"Scss","Share absorbed at completion"
"35532",2019-01-01,"Jan 2019","Semi-Detached",NA,"Scss","Share absorbed at completion"
"35532",2019-01-01,"Jan 2019","Row",100,"Scss","Share absorbed at completion"
"35532",2019-01-01,"Jan 2019","Apartment",100,"Scss","Share absorbed at completion"
"35532",2019-01-01,"Jan 2019","All",100,"Scss","Share absorbed at completion"
"35532",2019-02-01,"Feb 2019","Single",100,"Scss","Share absorbed at completion"
"35532",2019-02-01,"Feb 2019","Semi-Detached",NA,"Scss","Share absorbed at completion"
"35532",2019-02-01,"Feb 2019","Row",100,"Scss","Share absorbed at completion"
"35532",2019-02-01,"Feb 2019","Apartment",100,"Scss","Share absorbed at completion"
"35532",2019-02-01,"Feb 2019","All",100,"Scss","Share absorbed at completion"
"35532",2019-03-01,"Mar 2019","Single",100,"Scss","Share absorbed at completion"
"35532",2019-03-01,"Mar 2019","Semi-Detached",NA,"Scss","Share absorbed at completion"
"35532",2019-03-01,"Mar 2019","Row",100,"Scss","Share absorbed at completion"
"35532",2019-03-01,"Mar 2019","Apartment",100,"Scss","Share absorbed at completion"
"35532",2019-03-01,"Mar 2019","All",100,"Scss","Share absorbed at completion"
"35532",2019-04-01,"Apr 2019","Single",100,"Scss","Share absorbed at completion"
"35532",2019-04-01,"Apr 2019","Semi-Detached",100,"Scss","Share absorbed at completion"
"35532",2019-04-01,"Apr 2019","Row",100,"Scss","Share absorbed at completion"
"35532",2019-04-01,"Apr 2019","Apartment",100,"Scss","Share absorbed at completion"
"35532",2019-04-01,"Apr 2019","All",100,"Scss","Share absorbed at completion"
"35532",2019-05-01,"May 2019","Single",100,"Scss","Share absorbed at completion"
"35532",2019-05-01,"May 2019","Semi-Detached",100,"Scss","Share absorbed at completion"
"35532",2019-05-01,"May 2019","Row",100,"Scss","Share absorbed at completion"
"35532",2019-05-01,"May 2019","Apartment",NA,"Scss","Share absorbed at completion"
"35532",2019-05-01,"May 2019","All",100,"Scss","Share absorbed at completion"
"35532",2019-06-01,"Jun 2019","Single",100,"Scss","Share absorbed at completion"
"35532",2019-06-01,"Jun 2019","Semi-Detached",100,"Scss","Share absorbed at completion"
"35532",2019-06-01,"Jun 2019","Row",100,"Scss","Share absorbed at completion"
"35532",2019-06-01,"Jun 2019","Apartment",100,"Scss","Share absorbed at completion"
"35532",2019-06-01,"Jun 2019","All",100,"Scss","Share absorbed at completion"
"35532",2019-07-01,"Jul 2019","Single",100,"Scss","Share absorbed at completion"
"35532",2019-07-01,"Jul 2019","Semi-Detached",100,"Scss","Share absorbed at completion"
"35532",2019-07-01,"Jul 2019","Row",100,"Scss","Share absorbed at completion"
"35532",2019-07-01,"Jul 2019","Apartment",100,"Scss","Share absorbed at completion"
"35532",2019-07-01,"Jul 2019","All",100,"Scss","Share absorbed at completion"
"35532",2019-08-01,"Aug 2019","Single",100,"Scss","Share absorbed at completion"
"35532",2019-08-01,"Aug 2019","Semi-Detached",100,"Scss","Share absorbed at completion"
"35532",2019-08-01,"Aug 2019","Row",100,"Scss","Share absorbed at completion"
"35532",2019-08-01,"Aug 2019","Apartment",100,"Scss","Share absorbed at completion"
"35532",2019-08-01,"Aug 2019","All",100,"Scss","Share absorbed at completion"
"35532",2019-09-01,"Sep 2019","Single",100,"Scss","Share absorbed at completion"
"35532",2019-09-01,"Sep 2019","Semi-Detached",100,"Scss","Share absorbed at completion"
"35532",2019-09-01,"Sep 2019","Row",100,"Scss","Share absorbed at completion"
"35532",2019-09-01,"Sep 2019","Apartment",100,"Scss","Share absorbed at completion"
"35532",2019-09-01,"Sep 2019","All",100,"Scss","Share absorbed at completion"
"35532",2019-10-01,"Oct 2019","Single",100,"Scss","Share absorbed at completion"
"35532",2019-10-01,"Oct 2019","Semi-Detached",100,"Scss","Share absorbed at completion"
"35532",2019-10-01,"Oct 2019","Row",100,"Scss","Share absorbed at completion"
"35532",2019-10-01,"Oct 2019","Apartment",100,"Scss","Share absorbed at completion"
"35532",2019-10-01,"Oct 2019","All",100,"Scss","Share absorbed at completion"
"35532",2019-11-01,"Nov 2019","Single",100,"Scss","Share absorbed at completion"
"35532",2019-11-01,"Nov 2019","Semi-Detached",100,"Scss","Share absorbed at completion"
"35532",2019-11-01,"Nov 2019","Row",100,"Scss","Share absorbed at completion"
"35532",2019-11-01,"Nov 2019","Apartment",95.6,"Scss","Share absorbed at completion"
"35532",2019-11-01,"Nov 2019","All",97.9,"Scss","Share absorbed at completion"
"35532",2019-12-01,"Dec 2019","Single",100,"Scss","Share absorbed at completion"
"35532",2019-12-01,"Dec 2019","Semi-Detached",100,"Scss","Share absorbed at completion"
"35532",2019-12-01,"Dec 2019","Row",100,"Scss","Share absorbed at completion"
"35532",2019-12-01,"Dec 2019","Apartment",NA,"Scss","Share absorbed at completion"
"35532",2019-12-01,"Dec 2019","All",100,"Scss","Share absorbed at completion"
"35532",2020-01-01,"Jan 2020","Single",100,"Scss","Share absorbed at completion"
"35532",2020-01-01,"Jan 2020","Semi-Detached",100,"Scss","Share absorbed at completion"
"35532",2020-01-01,"Jan 2020","Row",100,"Scss","Share absorbed at completion"
"35532",2020-01-01,"Jan 2020","Apartment",100,"Scss","Share absorbed at completion"
"35532",2020-01-01,"Jan 2020","All",100,"Scss","Share absorbed at completion"
"35532",2020-02-01,"Feb 2020","Single",98.5,"Scss","Share absorbed at completion"
"35532",2020-02-01,"Feb 2020","Semi-Detached",100,"Scss","Share absorbed at completion"
"35532",2020-02-01,"Feb 2020","Row",100,"Scss","Share absorbed at completion"
"35532",2020-02-01,"Feb 2020","Apartment",NA,"Scss","Share absorbed at completion"
"35532",2020-02-01,"Feb 2020","All",98.8,"Scss","Share absorbed at completion"
"35532",2020-03-01,"Mar 2020","Single",100,"Scss","Share absorbed at completion"
"35532",2020-03-01,"Mar 2020","Semi-Detached",100,"Scss","Share absorbed at completion"
"35532",2020-03-01,"Mar 2020","Row",100,"Scss","Share absorbed at completion"
"35532",2020-03-01,"Mar 2020","Apartment",NA,"Scss","Share absorbed at completion"
"35532",2020-03-01,"Mar 2020","All",100,"Scss","Share absorbed at completion"
"35532",2020-04-01,"Apr 2020","Single",100,"Scss","Share absorbed at completion"
"35532",2020-04-01,"Apr 2020","Semi-Detached",100,"Scss","Share absorbed at completion"
"35532",2020-04-01,"Apr 2020","Row",100,"Scss","Share absorbed at completion"
"35532",2020-04-01,"Apr 2020","Apartment",NA,"Scss","Share absorbed at completion"
"35532",2020-04-01,"Apr 2020","All",100,"Scss","Share absorbed at completion"
"35532",2020-05-01,"May 2020","Single",100,"Scss","Share absorbed at completion"
"35532",2020-05-01,"May 2020","Semi-Detached",NA,"Scss","Share absorbed at completion"
"35532",2020-05-01,"May 2020","Row",100,"Scss","Share absorbed at completion"
"35532",2020-05-01,"May 2020","Apartment",NA,"Scss","Share absorbed at completion"
"35532",2020-05-01,"May 2020","All",100,"Scss","Share absorbed at completion"
"35532",2020-06-01,"Jun 2020","Single",100,"Scss","Share absorbed at completion"
"35532",2020-06-01,"Jun 2020","Semi-Detached",100,"Scss","Share absorbed at completion"
"35532",2020-06-01,"Jun 2020","Row",100,"Scss","Share absorbed at completion"
"35532",2020-06-01,"Jun 2020","Apartment",NA,"Scss","Share absorbed at completion"
"35532",2020-06-01,"Jun 2020","All",100,"Scss","Share absorbed at completion"
"35532",2020-07-01,"Jul 2020","Single",100,"Scss","Share absorbed at completion"
"35532",2020-07-01,"Jul 2020","Semi-Detached",NA,"Scss","Share absorbed at completion"
"35532",2020-07-01,"Jul 2020","Row",100,"Scss","Share absorbed at completion"
"35532",2020-07-01,"Jul 2020","Apartment",NA,"Scss","Share absorbed at completion"
"35532",2020-07-01,"Jul 2020","All",100,"Scss","Share absorbed at completion"
"35532",2020-08-01,"Aug 2020","Single",100,"Scss","Share absorbed at completion"
"35532",2020-08-01,"Aug 2020","Semi-Detached",NA,"Scss","Share absorbed at completion"
"35532",2020-08-01,"Aug 2020","Row",100,"Scss","Share absorbed at completion"
"35532",2020-08-01,"Aug 2020","Apartment",NA,"Scss","Share absorbed at completion"
"35532",2020-08-01,"Aug 2020","All",100,"Scss","Share absorbed at completion"
"35532",2020-09-01,"Sep 2020","Single",100,"Scss","Share absorbed at completion"
"35532",2020-09-01,"Sep 2020","Semi-Detached",100,"Scss","Share absorbed at completion"
"35532",2020-09-01,"Sep 2020","Row",100,"Scss","Share absorbed at completion"
"35532",2020-09-01,"Sep 2020","Apartment",NA,"Scss","Share absorbed at completion"
"35532",2020-09-01,"Sep 2020","All",100,"Scss","Share absorbed at completion"
"35532",2020-10-01,"Oct 2020","Single",100,"Scss","Share absorbed at completion"
"35532",2020-10-01,"Oct 2020","Semi-Detached",100,"Scss","Share absorbed at completion"
"35532",2020-10-01,"Oct 2020","Row",100,"Scss","Share absorbed at completion"
"35532",2020-10-01,"Oct 2020","Apartment",NA,"Scss","Share absorbed at completion"
"35532",2020-10-01,"Oct 2020","All",100,"Scss","Share absorbed at completion"
"35532",2020-11-01,"Nov 2020","Single",100,"Scss","Share absorbed at completion"
"35532",2020-11-01,"Nov 2020","Semi-Detached",100,"Scss","Share absorbed at completion"
"35532",2020-11-01,"Nov 2020","Row",100,"Scss","Share absorbed at completion"
"35532",2020-11-01,"Nov 2020","Apartment",NA,"Scss","Share absorbed at completion"
"35532",2020-11-01,"Nov 2020","All",100,"Scss","Share absorbed at completion"
"35532",2020-12-01,"Dec 2020","Single",100,"Scss","Share absorbed at completion"
"35532",2020-12-01,"Dec 2020","Semi-Detached",100,"Scss","Share absorbed at completion"
"35532",2020-12-01,"Dec 2020","Row",100,"Scss","Share absorbed at completion"
"35532",2020-12-01,"Dec 2020","Apartment",100,"Scss","Share absorbed at completion"
"35532",2020-12-01,"Dec 2020","All",100,"Scss","Share absorbed at completion"
"35532",2021-01-01,"Jan 2021","Single",100,"Scss","Share absorbed at completion"
"35532",2021-01-01,"Jan 2021","Semi-Detached",100,"Scss","Share absorbed at completion"
"35532",2021-01-01,"Jan 2021","Row",100,"Scss","Share absorbed at completion"
"35532",2021-01-01,"Jan 2021","Apartment",NA,"Scss","Share absorbed at completion"
"35532",2021-01-01,"Jan 2021","All",100,"Scss","Share absorbed at completion"
"35532",2021-02-01,"Feb 2021","Single",94.5,"Scss","Share absorbed at completion"
"35532",2021-02-01,"Feb 2021","Semi-Detached",90,"Scss","Share absorbed at completion"
"35532",2021-02-01,"Feb 2021","Row",100,"Scss","Share absorbed at completion"
"35532",2021-02-01,"Feb 2021","Apartment",NA,"Scss","Share absorbed at completion"
"35532",2021-02-01,"Feb 2021","All",97.2,"Scss","Share absorbed at completion"
"35532",2021-03-01,"Mar 2021","Single",100,"Scss","Share absorbed at completion"
"35532",2021-03-01,"Mar 2021","Semi-Detached",100,"Scss","Share absorbed at completion"
"35532",2021-03-01,"Mar 2021","Row",100,"Scss","Share absorbed at completion"
"35532",2021-03-01,"Mar 2021","Apartment",NA,"Scss","Share absorbed at completion"
"35532",2021-03-01,"Mar 2021","All",100,"Scss","Share absorbed at completion"
"35532",2021-04-01,"Apr 2021","Single",100,"Scss","Share absorbed at completion"
"35532",2021-04-01,"Apr 2021","Semi-Detached",100,"Scss","Share absorbed at completion"
"35532",2021-04-01,"Apr 2021","Row",100,"Scss","Share absorbed at completion"
"35532",2021-04-01,"Apr 2021","Apartment",NA,"Scss","Share absorbed at completion"
"35532",2021-04-01,"Apr 2021","All",100,"Scss","Share absorbed at completion"
"35532",2021-05-01,"May 2021","Single",100,"Scss","Share absorbed at completion"
"35532",2021-05-01,"May 2021","Semi-Detached",100,"Scss","Share absorbed at completion"
"35532",2021-05-01,"May 2021","Row",100,"Scss","Share absorbed at completion"
"35532",2021-05-01,"May 2021","Apartment",NA,"Scss","Share absorbed at completion"
"35532",2021-05-01,"May 2021","All",100,"Scss","Share absorbed at completion"
"35532",2021-06-01,"Jun 2021","Single",98.8,"Scss","Share absorbed at completion"
"35532",2021-06-01,"Jun 2021","Semi-Detached",100,"Scss","Share absorbed at completion"
"35532",2021-06-01,"Jun 2021","Row",100,"Scss","Share absorbed at completion"
"35532",2021-06-01,"Jun 2021","Apartment",NA,"Scss","Share absorbed at completion"
"35532",2021-06-01,"Jun 2021","All",99.3,"Scss","Share absorbed at completion"
"35532",2021-07-01,"Jul 2021","Single",100,"Scss","Share absorbed at completion"
"35532",2021-07-01,"Jul 2021","Semi-Detached",100,"Scss","Share absorbed at completion"
"35532",2021-07-01,"Jul 2021","Row",100,"Scss","Share absorbed at completion"
"35532",2021-07-01,"Jul 2021","Apartment",100,"Scss","Share absorbed at completion"
"35532",2021-07-01,"Jul 2021","All",100,"Scss","Share absorbed at completion"
"35532",2021-08-01,"Aug 2021","Single",100,"Scss","Share absorbed at completion"
"35532",2021-08-01,"Aug 2021","Semi-Detached",100,"Scss","Share absorbed at completion"
"35532",2021-08-01,"Aug 2021","Row",100,"Scss","Share absorbed at completion"
"35532",2021-08-01,"Aug 2021","Apartment",NA,"Scss","Share absorbed at completion"
"35532",2021-08-01,"Aug 2021","All",100,"Scss","Share absorbed at completion"
"35532",2021-09-01,"Sep 2021","Single",100,"Scss","Share absorbed at completion"
"35532",2021-09-01,"Sep 2021","Semi-Detached",100,"Scss","Share absorbed at completion"
"35532",2021-09-01,"Sep 2021","Row",100,"Scss","Share absorbed at completion"
"35532",2021-09-01,"Sep 2021","Apartment",NA,"Scss","Share absorbed at completion"
"35532",2021-09-01,"Sep 2021","All",100,"Scss","Share absorbed at completion"
"35532",2021-10-01,"Oct 2021","Single",100,"Scss","Share absorbed at completion"
"35532",2021-10-01,"Oct 2021","Semi-Detached",100,"Scss","Share absorbed at completion"
"35532",2021-10-01,"Oct 2021","Row",100,"Scss","Share absorbed at completion"
"35532",2021-10-01,"Oct 2021","Apartment",NA,"Scss","Share absorbed at completion"
"35532",2021-10-01,"Oct 2021","All",100,"Scss","Share absorbed at completion"
"35532",2021-11-01,"Nov 2021","Single",100,"Scss","Share absorbed at completion"
"35532",2021-11-01,"Nov 2021","Semi-Detached",100,"Scss","Share absorbed at completion"
"35532",2021-11-01,"Nov 2021","Row",100,"Scss","Share absorbed at completion"
"35532",2021-11-01,"Nov 2021","Apartment",NA,"Scss","Share absorbed at completion"
"35532",2021-11-01,"Nov 2021","All",100,"Scss","Share absorbed at completion"
"35532",2021-12-01,"Dec 2021","Single",90.9,"Scss","Share absorbed at completion"
"35532",2021-12-01,"Dec 2021","Semi-Detached",71.4,"Scss","Share absorbed at completion"
"35532",2021-12-01,"Dec 2021","Row",85.4,"Scss","Share absorbed at completion"
"35532",2021-12-01,"Dec 2021","Apartment",NA,"Scss","Share absorbed at completion"
"35532",2021-12-01,"Dec 2021","All",87.2,"Scss","Share absorbed at completion"
"35532",2022-01-01,"Jan 2022","Single",98.6,"Scss","Share absorbed at completion"
"35532",2022-01-01,"Jan 2022","Semi-Detached",NA,"Scss","Share absorbed at completion"
"35532",2022-01-01,"Jan 2022","Row",100,"Scss","Share absorbed at completion"
"35532",2022-01-01,"Jan 2022","Apartment",NA,"Scss","Share absorbed at completion"
"35532",2022-01-01,"Jan 2022","All",98.7,"Scss","Share absorbed at completion"
"35532",2022-02-01,"Feb 2022","Single",100,"Scss","Share absorbed at completion"
"35532",2022-02-01,"Feb 2022","Semi-Detached",100,"Scss","Share absorbed at completion"
"35532",2022-02-01,"Feb 2022","Row",100,"Scss","Share absorbed at completion"
"35532",2022-02-01,"Feb 2022","Apartment",NA,"Scss","Share absorbed at completion"
"35532",2022-02-01,"Feb 2022","All",100,"Scss","Share absorbed at completion"
"35532",2022-03-01,"Mar 2022","Single",100,"Scss","Share absorbed at completion"
"35532",2022-03-01,"Mar 2022","Semi-Detached",100,"Scss","Share absorbed at completion"
"35532",2022-03-01,"Mar 2022","Row",100,"Scss","Share absorbed at completion"
"35532",2022-03-01,"Mar 2022","Apartment",100,"Scss","Share absorbed at completion"
"35532",2022-03-01,"Mar 2022","All",100,"Scss","Share absorbed at completion"
"35532",2022-04-01,"Apr 2022","Single",94.7,"Scss","Share absorbed at completion"
"35532",2022-04-01,"Apr 2022","Semi-Detached",100,"Scss","Share absorbed at completion"
"35532",2022-04-01,"Apr 2022","Row",97.4,"Scss","Share absorbed at completion"
"35532",2022-04-01,"Apr 2022","Apartment",NA,"Scss","Share absorbed at completion"
"35532",2022-04-01,"Apr 2022","All",96,"Scss","Share absorbed at completion"
"35532",2022-05-01,"May 2022","Single",100,"Scss","Share absorbed at completion"
"35532",2022-05-01,"May 2022","Semi-Detached",100,"Scss","Share absorbed at completion"
"35532",2022-05-01,"May 2022","Row",100,"Scss","Share absorbed at completion"
"35532",2022-05-01,"May 2022","Apartment",NA,"Scss","Share absorbed at completion"
"35532",2022-05-01,"May 2022","All",100,"Scss","Share absorbed at completion"
"35532",2022-06-01,"Jun 2022","Single",82.4,"Scss","Share absorbed at completion"
"35532",2022-06-01,"Jun 2022","Semi-Detached",100,"Scss","Share absorbed at completion"
"35532",2022-06-01,"Jun 2022","Row",100,"Scss","Share absorbed at completion"
"35532",2022-06-01,"Jun 2022","Apartment",NA,"Scss","Share absorbed at completion"
"35532",2022-06-01,"Jun 2022","All",92.1,"Scss","Share absorbed at completion"
"35532",2022-07-01,"Jul 2022","Single",100,"Scss","Share absorbed at completion"
"35532",2022-07-01,"Jul 2022","Semi-Detached",100,"Scss","Share absorbed at completion"
"35532",2022-07-01,"Jul 2022","Row",100,"Scss","Share absorbed at completion"
"35532",2022-07-01,"Jul 2022","Apartment",NA,"Scss","Share absorbed at completion"
"35532",2022-07-01,"Jul 2022","All",100,"Scss","Share absorbed at completion"
"35532",2022-08-01,"Aug 2022","Single",100,"Scss","Share absorbed at completion"
"35532",2022-08-01,"Aug 2022","Semi-Detached",80,"Scss","Share absorbed at completion"
"35532",2022-08-01,"Aug 2022","Row",100,"Scss","Share absorbed at completion"
"35532",2022-08-01,"Aug 2022","Apartment",100,"Scss","Share absorbed at completion"
"35532",2022-08-01,"Aug 2022","All",99.1,"Scss","Share absorbed at completion"
"35532",2022-09-01,"Sep 2022","Single",100,"Scss","Share absorbed at completion"
"35532",2022-09-01,"Sep 2022","Semi-Detached",100,"Scss","Share absorbed at completion"
"35532",2022-09-01,"Sep 2022","Row",100,"Scss","Share absorbed at completion"
"35532",2022-09-01,"Sep 2022","Apartment",NA,"Scss","Share absorbed at completion"
"35532",2022-09-01,"Sep 2022","All",100,"Scss","Share absorbed at completion"
"35532",2022-10-01,"Oct 2022","Single",98.6,"Scss","Share absorbed at completion"
"35532",2022-10-01,"Oct 2022","Semi-Detached",100,"Scss","Share absorbed at completion"
"35532",2022-10-01,"Oct 2022","Row",89.7,"Scss","Share absorbed at completion"
"35532",2022-10-01,"Oct 2022","Apartment",100,"Scss","Share absorbed at completion"
"35532",2022-10-01,"Oct 2022","All",98.8,"Scss","Share absorbed at completion"
"35532",2022-11-01,"Nov 2022","Single",100,"Scss","Share absorbed at completion"
"35532",2022-11-01,"Nov 2022","Semi-Detached",100,"Scss","Share absorbed at completion"
"35532",2022-11-01,"Nov 2022","Row",100,"Scss","Share absorbed at completion"
"35532",2022-11-01,"Nov 2022","Apartment",100,"Scss","Share absorbed at completion"
"35532",2022-11-01,"Nov 2022","All",100,"Scss","Share absorbed at completion"
"35532",2022-12-01,"Dec 2022","Single",100,"Scss","Share absorbed at completion"
"35532",2022-12-01,"Dec 2022","Semi-Detached",100,"Scss","Share absorbed at completion"
"35532",2022-12-01,"Dec 2022","Row",100,"Scss","Share absorbed at completion"
"35532",2022-12-01,"Dec 2022","Apartment",100,"Scss","Share absorbed at completion"
"35532",2022-12-01,"Dec 2022","All",100,"Scss","Share absorbed at completion"
"35532",2023-01-01,"Jan 2023","Single",97.7,"Scss","Share absorbed at completion"
"35532",2023-01-01,"Jan 2023","Semi-Detached",85.7,"Scss","Share absorbed at completion"
"35532",2023-01-01,"Jan 2023","Row",99.4,"Scss","Share absorbed at completion"
"35532",2023-01-01,"Jan 2023","Apartment",NA,"Scss","Share absorbed at completion"
"35532",2023-01-01,"Jan 2023","All",98.1,"Scss","Share absorbed at completion"
"35532",2023-02-01,"Feb 2023","Single",98.9,"Scss","Share absorbed at completion"
"35532",2023-02-01,"Feb 2023","Semi-Detached",100,"Scss","Share absorbed at completion"
"35532",2023-02-01,"Feb 2023","Row",98.6,"Scss","Share absorbed at completion"
"35532",2023-02-01,"Feb 2023","Apartment",100,"Scss","Share absorbed at completion"
"35532",2023-02-01,"Feb 2023","All",99.1,"Scss","Share absorbed at completion"
"35532",2023-03-01,"Mar 2023","Single",100,"Scss","Share absorbed at completion"
"35532",2023-03-01,"Mar 2023","Semi-Detached",NA,"Scss","Share absorbed at completion"
"35532",2023-03-01,"Mar 2023","Row",92.8,"Scss","Share absorbed at completion"
"35532",2023-03-01,"Mar 2023","Apartment",100,"Scss","Share absorbed at completion"
"35532",2023-03-01,"Mar 2023","All",96.6,"Scss","Share absorbed at completion"
"35532",2023-04-01,"Apr 2023","Single",100,"Scss","Share absorbed at completion"
"35532",2023-04-01,"Apr 2023","Semi-Detached",100,"Scss","Share absorbed at completion"
"35532",2023-04-01,"Apr 2023","Row",100,"Scss","Share absorbed at completion"
"35532",2023-04-01,"Apr 2023","Apartment",NA,"Scss","Share absorbed at completion"
"35532",2023-04-01,"Apr 2023","All",100,"Scss","Share absorbed at completion"
"35532",2023-05-01,"May 2023","Single",100,"Scss","Share absorbed at completion"
"35532",2023-05-01,"May 2023","Semi-Detached",100,"Scss","Share absorbed at completion"
"35532",2023-05-01,"May 2023","Row",100,"Scss","Share absorbed at completion"
"35532",2023-05-01,"May 2023","Apartment",100,"Scss","Share absorbed at completion"
"35532",2023-05-01,"May 2023","All",100,"Scss","Share absorbed at completion"
"35532",2023-06-01,"Jun 2023","Single",100,"Scss","Share absorbed at completion"
"35532",2023-06-01,"Jun 2023","Semi-Detached",NA,"Scss","Share absorbed at completion"
"35532",2023-06-01,"Jun 2023","Row",100,"Scss","Share absorbed at completion"
"35532",2023-06-01,"Jun 2023","Apartment",NA,"Scss","Share absorbed at completion"
"35532",2023-06-01,"Jun 2023","All",100,"Scss","Share absorbed at completion"
"35532",2023-07-01,"Jul 2023","Single",100,"Scss","Share absorbed at completion"
"35532",2023-07-01,"Jul 2023","Semi-Detached",NA,"Scss","Share absorbed at completion"
"35532",2023-07-01,"Jul 2023","Row",100,"Scss","Share absorbed at completion"
"35532",2023-07-01,"Jul 2023","Apartment",NA,"Scss","Share absorbed at completion"
"35532",2023-07-01,"Jul 2023","All",100,"Scss","Share absorbed at completion"
"35532",2023-08-01,"Aug 2023","Single",100,"Scss","Share absorbed at completion"
"35532",2023-08-01,"Aug 2023","Semi-Detached",100,"Scss","Share absorbed at completion"
"35532",2023-08-01,"Aug 2023","Row",100,"Scss","Share absorbed at completion"
"35532",2023-08-01,"Aug 2023","Apartment",NA,"Scss","Share absorbed at completion"
"35532",2023-08-01,"Aug 2023","All",100,"Scss","Share absorbed at completion"
"35532",2023-09-01,"Sep 2023","Single",100,"Scss","Share absorbed at completion"
"35532",2023-09-01,"Sep 2023","Semi-Detached",100,"Scss","Share absorbed at completion"
"35532",2023-09-01,"Sep 2023","Row",100,"Scss","Share absorbed at completion"
"35532",2023-09-01,"Sep 2023","Apartment",NA,"Scss","Share absorbed at completion"
"35532",2023-09-01,"Sep 2023","All",100,"Scss","Share absorbed at completion"
"35532",2023-10-01,"Oct 2023","Single",98.8,"Scss","Share absorbed at completion"
"35532",2023-10-01,"Oct 2023","Semi-Detached",100,"Scss","Share absorbed at completion"
"35532",2023-10-01,"Oct 2023","Row",100,"Scss","Share absorbed at completion"
"35532",2023-10-01,"Oct 2023","Apartment",100,"Scss","Share absorbed at completion"
"35532",2023-10-01,"Oct 2023","All",99.5,"Scss","Share absorbed at completion"
"35532",2023-11-01,"Nov 2023","Single",100,"Scss","Share absorbed at completion"
"35532",2023-11-01,"Nov 2023","Semi-Detached",100,"Scss","Share absorbed at completion"
"35532",2023-11-01,"Nov 2023","Row",100,"Scss","Share absorbed at completion"
"35532",2023-11-01,"Nov 2023","Apartment",NA,"Scss","Share absorbed at completion"
"35532",2023-11-01,"Nov 2023","All",100,"Scss","Share absorbed at completion"
"35532",2023-12-01,"Dec 2023","Single",100,"Scss","Share absorbed at completion"
"35532",2023-12-01,"Dec 2023","Semi-Detached",100,"Scss","Share absorbed at completion"
"35532",2023-12-01,"Dec 2023","Row",100,"Scss","Share absorbed at completion"
"35532",2023-12-01,"Dec 2023","Apartment",NA,"Scss","Share absorbed at completion"
"35532",2023-12-01,"Dec 2023","All",100,"Scss","Share absorbed at completion"
"35532",2024-01-01,"Jan 2024","Single",100,"Scss","Share absorbed at completion"
"35532",2024-01-01,"Jan 2024","Semi-Detached",100,"Scss","Share absorbed at completion"
"35532",2024-01-01,"Jan 2024","Row",100,"Scss","Share absorbed at completion"
"35532",2024-01-01,"Jan 2024","Apartment",NA,"Scss","Share absorbed at completion"
"35532",2024-01-01,"Jan 2024","All",100,"Scss","Share absorbed at completion"
"35532",2024-02-01,"Feb 2024","Single",100,"Scss","Share absorbed at completion"
"35532",2024-02-01,"Feb 2024","Semi-Detached",100,"Scss","Share absorbed at completion"
"35532",2024-02-01,"Feb 2024","Row",100,"Scss","Share absorbed at completion"
"35532",2024-02-01,"Feb 2024","Apartment",NA,"Scss","Share absorbed at completion"
"35532",2024-02-01,"Feb 2024","All",100,"Scss","Share absorbed at completion"
"35532",2024-03-01,"Mar 2024","Single",100,"Scss","Share absorbed at completion"
"35532",2024-03-01,"Mar 2024","Semi-Detached",NA,"Scss","Share absorbed at completion"
"35532",2024-03-01,"Mar 2024","Row",100,"Scss","Share absorbed at completion"
"35532",2024-03-01,"Mar 2024","Apartment",NA,"Scss","Share absorbed at completion"
"35532",2024-03-01,"Mar 2024","All",100,"Scss","Share absorbed at completion"
"35532",2024-04-01,"Apr 2024","Single",96.7,"Scss","Share absorbed at completion"
"35532",2024-04-01,"Apr 2024","Semi-Detached",100,"Scss","Share absorbed at completion"
"35532",2024-04-01,"Apr 2024","Row",100,"Scss","Share absorbed at completion"
"35532",2024-04-01,"Apr 2024","Apartment",NA,"Scss","Share absorbed at completion"
"35532",2024-04-01,"Apr 2024","All",98.6,"Scss","Share absorbed at completion"
"35532",2024-05-01,"May 2024","Single",100,"Scss","Share absorbed at completion"
"35532",2024-05-01,"May 2024","Semi-Detached",100,"Scss","Share absorbed at completion"
"35532",2024-05-01,"May 2024","Row",100,"Scss","Share absorbed at completion"
"35532",2024-05-01,"May 2024","Apartment",NA,"Scss","Share absorbed at completion"
"35532",2024-05-01,"May 2024","All",100,"Scss","Share absorbed at completion"
"35532",2024-06-01,"Jun 2024","Single",95.2,"Scss","Share absorbed at completion"
"35532",2024-06-01,"Jun 2024","Semi-Detached",100,"Scss","Share absorbed at completion"
"35532",2024-06-01,"Jun 2024","Row",100,"Scss","Share absorbed at completion"
"35532",2024-06-01,"Jun 2024","Apartment",100,"Scss","Share absorbed at completion"
"35532",2024-06-01,"Jun 2024","All",97.6,"Scss","Share absorbed at completion"
"35532",2024-07-01,"Jul 2024","Single",98.4,"Scss","Share absorbed at completion"
"35532",2024-07-01,"Jul 2024","Semi-Detached",NA,"Scss","Share absorbed at completion"
"35532",2024-07-01,"Jul 2024","Row",100,"Scss","Share absorbed at completion"
"35532",2024-07-01,"Jul 2024","Apartment",100,"Scss","Share absorbed at completion"
"35532",2024-07-01,"Jul 2024","All",99.4,"Scss","Share absorbed at completion"
"35532",2024-08-01,"Aug 2024","Single",98.6,"Scss","Share absorbed at completion"
"35532",2024-08-01,"Aug 2024","Semi-Detached",100,"Scss","Share absorbed at completion"
"35532",2024-08-01,"Aug 2024","Row",100,"Scss","Share absorbed at completion"
"35532",2024-08-01,"Aug 2024","Apartment",NA,"Scss","Share absorbed at completion"
"35532",2024-08-01,"Aug 2024","All",99.3,"Scss","Share absorbed at completion"
"35532",2024-09-01,"Sep 2024","Single",100,"Scss","Share absorbed at completion"
"35532",2024-09-01,"Sep 2024","Semi-Detached",100,"Scss","Share absorbed at completion"
"35532",2024-09-01,"Sep 2024","Row",100,"Scss","Share absorbed at completion"
"35532",2024-09-01,"Sep 2024","Apartment",NA,"Scss","Share absorbed at completion"
"35532",2024-09-01,"Sep 2024","All",100,"Scss","Share absorbed at completion"
"35532",2024-10-01,"Oct 2024","Single",100,"Scss","Share absorbed at completion"
"35532",2024-10-01,"Oct 2024","Semi-Detached",NA,"Scss","Share absorbed at completion"
"35532",2024-10-01,"Oct 2024","Row",100,"Scss","Share absorbed at completion"
"35532",2024-10-01,"Oct 2024","Apartment",100,"Scss","Share absorbed at completion"
"35532",2024-10-01,"Oct 2024","All",100,"Scss","Share absorbed at completion"
"35532",2024-11-01,"Nov 2024","Single",100,"Scss","Share absorbed at completion"
"35532",2024-11-01,"Nov 2024","Semi-Detached",100,"Scss","Share absorbed at completion"
"35532",2024-11-01,"Nov 2024","Row",100,"Scss","Share absorbed at completion"
"35532",2024-11-01,"Nov 2024","Apartment",NA,"Scss","Share absorbed at completion"
"35532",2024-11-01,"Nov 2024","All",100,"Scss","Share absorbed at completion"
"35532",2024-12-01,"Dec 2024","Single",54.7,"Scss","Share absorbed at completion"
"35532",2024-12-01,"Dec 2024","Semi-Detached",50,"Scss","Share absorbed at completion"
"35532",2024-12-01,"Dec 2024","Row",27.7,"Scss","Share absorbed at completion"
"35532",2024-12-01,"Dec 2024","Apartment",NA,"Scss","Share absorbed at completion"
"35532",2024-12-01,"Dec 2024","All",40.5,"Scss","Share absorbed at completion"
"35532",2025-01-01,"Jan 2025","Single",93.2,"Scss","Share absorbed at completion"
"35532",2025-01-01,"Jan 2025","Semi-Detached",100,"Scss","Share absorbed at completion"
"35532",2025-01-01,"Jan 2025","Row",79.2,"Scss","Share absorbed at completion"
"35532",2025-01-01,"Jan 2025","Apartment",74.8,"Scss","Share absorbed at completion"
"35532",2025-01-01,"Jan 2025","All",79.4,"Scss","Share absorbed at completion"
"35532",2025-02-01,"Feb 2025","Single",100,"Scss","Share absorbed at completion"
"35532",2025-02-01,"Feb 2025","Semi-Detached",100,"Scss","Share absorbed at completion"
"35532",2025-02-01,"Feb 2025","Row",NA,"Scss","Share absorbed at completion"
"35532",2025-02-01,"Feb 2025","Apartment",NA,"Scss","Share absorbed at completion"
"35532",2025-02-01,"Feb 2025","All",100,"Scss","Share absorbed at completion"
"35532",2025-03-01,"Mar 2025","Single",93.8,"Scss","Share absorbed at completion"
"35532",2025-03-01,"Mar 2025","Semi-Detached",NA,"Scss","Share absorbed at completion"
"35532",2025-03-01,"Mar 2025","Row",NA,"Scss","Share absorbed at completion"
"35532",2025-03-01,"Mar 2025","Apartment",NA,"Scss","Share absorbed at completion"
"35532",2025-03-01,"Mar 2025","All",93.8,"Scss","Share absorbed at completion"
"35532",2025-04-01,"Apr 2025","Single",100,"Scss","Share absorbed at completion"
"35532",2025-04-01,"Apr 2025","Semi-Detached",100,"Scss","Share absorbed at completion"
"35532",2025-04-01,"Apr 2025","Row",100,"Scss","Share absorbed at completion"
"35532",2025-04-01,"Apr 2025","Apartment",100,"Scss","Share absorbed at completion"
"35532",2025-04-01,"Apr 2025","All",100,"Scss","Share absorbed at completion"
"35532",2025-05-01,"May 2025","Single",62.5,"Scss","Share absorbed at completion"
"35532",2025-05-01,"May 2025","Semi-Detached",NA,"Scss","Share absorbed at completion"
"35532",2025-05-01,"May 2025","Row",86,"Scss","Share absorbed at completion"
"35532",2025-05-01,"May 2025","Apartment",NA,"Scss","Share absorbed at completion"
"35532",2025-05-01,"May 2025","All",75.6,"Scss","Share absorbed at completion"
"35532",2025-06-01,"Jun 2025","Single",100,"Scss","Share absorbed at completion"
"35532",2025-06-01,"Jun 2025","Semi-Detached",100,"Scss","Share absorbed at completion"
"35532",2025-06-01,"Jun 2025","Row",16.7,"Scss","Share absorbed at completion"
"35532",2025-06-01,"Jun 2025","Apartment",NA,"Scss","Share absorbed at completion"
"35532",2025-06-01,"Jun 2025","All",50.8,"Scss","Share absorbed at completion"
"35532",2025-07-01,"Jul 2025","Single",100,"Scss","Share absorbed at completion"
"35532",2025-07-01,"Jul 2025","Semi-Detached",100,"Scss","Share absorbed at completion"
"35532",2025-07-01,"Jul 2025","Row",100,"Scss","Share absorbed at completion"
"35532",2025-07-01,"Jul 2025","Apartment",NA,"Scss","Share absorbed at completion"
"35532",2025-07-01,"Jul 2025","All",100,"Scss","Share absorbed at completion"
"35532",2025-08-01,"Aug 2025","Single",100,"Scss","Share absorbed at completion"
"35532",2025-08-01,"Aug 2025","Semi-Detached",NA,"Scss","Share absorbed at completion"
"35532",2025-08-01,"Aug 2025","Row",NA,"Scss","Share absorbed at completion"
"35532",2025-08-01,"Aug 2025","Apartment",100,"Scss","Share absorbed at completion"
"35532",2025-08-01,"Aug 2025","All",100,"Scss","Share absorbed at completion"
"35532",2025-09-01,"Sep 2025","Single",NA,"Scss","Share absorbed at completion"
"35532",2025-09-01,"Sep 2025","Semi-Detached",NA,"Scss","Share absorbed at completion"
"35532",2025-09-01,"Sep 2025","Row",NA,"Scss","Share absorbed at completion"
"35532",2025-09-01,"Sep 2025","Apartment",NA,"Scss","Share absorbed at completion"
"35532",2025-09-01,"Sep 2025","All",NA,"Scss","Share absorbed at completion"
"35532",2025-10-01,"Oct 2025","Single",100,"Scss","Share absorbed at completion"
"35532",2025-10-01,"Oct 2025","Semi-Detached",100,"Scss","Share absorbed at completion"
"35532",2025-10-01,"Oct 2025","Row",100,"Scss","Share absorbed at completion"
"35532",2025-10-01,"Oct 2025","Apartment",100,"Scss","Share absorbed at completion"
"35532",2025-10-01,"Oct 2025","All",100,"Scss","Share absorbed at completion"
"35532",2025-11-01,"Nov 2025","Single",82.1,"Scss","Share absorbed at completion"
"35532",2025-11-01,"Nov 2025","Semi-Detached",NA,"Scss","Share absorbed at completion"
"35532",2025-11-01,"Nov 2025","Row",77,"Scss","Share absorbed at completion"
"35532",2025-11-01,"Nov 2025","Apartment",NA,"Scss","Share absorbed at completion"
"35532",2025-11-01,"Nov 2025","All",78.4,"Scss","Share absorbed at completion"
"35532",2025-12-01,"Dec 2025","Single",96.7,"Scss","Share absorbed at completion"
"35532",2025-12-01,"Dec 2025","Semi-Detached",100,"Scss","Share absorbed at completion"
"35532",2025-12-01,"Dec 2025","Row",85,"Scss","Share absorbed at completion"
"35532",2025-12-01,"Dec 2025","Apartment",NA,"Scss","Share absorbed at completion"
"35532",2025-12-01,"Dec 2025","All",92.3,"Scss","Share absorbed at completion"
"35532",2026-01-01,"Jan 2026","Single",100,"Scss","Share absorbed at completion"
"35532",2026-01-01,"Jan 2026","Semi-Detached",100,"Scss","Share absorbed at completion"
"35532",2026-01-01,"Jan 2026","Row",90,"Scss","Share absorbed at completion"
"35532",2026-01-01,"Jan 2026","Apartment",NA,"Scss","Share absorbed at completion"
"35532",2026-01-01,"Jan 2026","All",96.2,"Scss","Share absorbed at completion"
"35532",2026-02-01,"Feb 2026","Single",100,"Scss","Share absorbed at completion"
"35532",2026-02-01,"Feb 2026","Semi-Detached",NA,"Scss","Share absorbed at completion"
"35532",2026-02-01,"Feb 2026","Row",NA,"Scss","Share absorbed at completion"
"35532",2026-02-01,"Feb 2026","Apartment",NA,"Scss","Share absorbed at completion"
"35532",2026-02-01,"Feb 2026","All",100,"Scss","Share absorbed at completion"
