"GeoUID","Date","DateString","Dwelling Type","Value","Survey","Series"
"10001",1990-01-01,"Jan 1990","Single",466,"Scss","Under Construction"
"10001",1990-01-01,"Jan 1990","Semi-Detached",6,"Scss","Under Construction"
"10001",1990-01-01,"Jan 1990","Row",0,"Scss","Under Construction"
"10001",1990-01-01,"Jan 1990","Apartment",115,"Scss","Under Construction"
"10001",1990-01-01,"Jan 1990","All",587,"Scss","Under Construction"
"10001",1990-02-01,"Feb 1990","Single",461,"Scss","Under Construction"
"10001",1990-02-01,"Feb 1990","Semi-Detached",8,"Scss","Under Construction"
"10001",1990-02-01,"Feb 1990","Row",0,"Scss","Under Construction"
"10001",1990-02-01,"Feb 1990","Apartment",111,"Scss","Under Construction"
"10001",1990-02-01,"Feb 1990","All",580,"Scss","Under Construction"
"10001",1990-03-01,"Mar 1990","Single",445,"Scss","Under Construction"
"10001",1990-03-01,"Mar 1990","Semi-Detached",6,"Scss","Under Construction"
"10001",1990-03-01,"Mar 1990","Row",0,"Scss","Under Construction"
"10001",1990-03-01,"Mar 1990","Apartment",105,"Scss","Under Construction"
"10001",1990-03-01,"Mar 1990","All",556,"Scss","Under Construction"
"10001",1990-04-01,"Apr 1990","Single",425,"Scss","Under Construction"
"10001",1990-04-01,"Apr 1990","Semi-Detached",6,"Scss","Under Construction"
"10001",1990-04-01,"Apr 1990","Row",0,"Scss","Under Construction"
"10001",1990-04-01,"Apr 1990","Apartment",105,"Scss","Under Construction"
"10001",1990-04-01,"Apr 1990","All",536,"Scss","Under Construction"
"10001",1990-05-01,"May 1990","Single",470,"Scss","Under Construction"
"10001",1990-05-01,"May 1990","Semi-Detached",4,"Scss","Under Construction"
"10001",1990-05-01,"May 1990","Row",0,"Scss","Under Construction"
"10001",1990-05-01,"May 1990","Apartment",168,"Scss","Under Construction"
"10001",1990-05-01,"May 1990","All",642,"Scss","Under Construction"
"10001",1990-06-01,"Jun 1990","Single",471,"Scss","Under Construction"
"10001",1990-06-01,"Jun 1990","Semi-Detached",28,"Scss","Under Construction"
"10001",1990-06-01,"Jun 1990","Row",26,"Scss","Under Construction"
"10001",1990-06-01,"Jun 1990","Apartment",186,"Scss","Under Construction"
"10001",1990-06-01,"Jun 1990","All",711,"Scss","Under Construction"
"10001",1990-07-01,"Jul 1990","Single",526,"Scss","Under Construction"
"10001",1990-07-01,"Jul 1990","Semi-Detached",28,"Scss","Under Construction"
"10001",1990-07-01,"Jul 1990","Row",26,"Scss","Under Construction"
"10001",1990-07-01,"Jul 1990","Apartment",200,"Scss","Under Construction"
"10001",1990-07-01,"Jul 1990","All",780,"Scss","Under Construction"
"10001",1990-08-01,"Aug 1990","Single",598,"Scss","Under Construction"
"10001",1990-08-01,"Aug 1990","Semi-Detached",28,"Scss","Under Construction"
"10001",1990-08-01,"Aug 1990","Row",26,"Scss","Under Construction"
"10001",1990-08-01,"Aug 1990","Apartment",230,"Scss","Under Construction"
"10001",1990-08-01,"Aug 1990","All",882,"Scss","Under Construction"
"10001",1990-09-01,"Sep 1990","Single",571,"Scss","Under Construction"
"10001",1990-09-01,"Sep 1990","Semi-Detached",28,"Scss","Under Construction"
"10001",1990-09-01,"Sep 1990","Row",26,"Scss","Under Construction"
"10001",1990-09-01,"Sep 1990","Apartment",157,"Scss","Under Construction"
"10001",1990-09-01,"Sep 1990","All",782,"Scss","Under Construction"
"10001",1990-10-01,"Oct 1990","Single",623,"Scss","Under Construction"
"10001",1990-10-01,"Oct 1990","Semi-Detached",26,"Scss","Under Construction"
"10001",1990-10-01,"Oct 1990","Row",26,"Scss","Under Construction"
"10001",1990-10-01,"Oct 1990","Apartment",243,"Scss","Under Construction"
"10001",1990-10-01,"Oct 1990","All",918,"Scss","Under Construction"
"10001",1990-11-01,"Nov 1990","Single",707,"Scss","Under Construction"
"10001",1990-11-01,"Nov 1990","Semi-Detached",26,"Scss","Under Construction"
"10001",1990-11-01,"Nov 1990","Row",0,"Scss","Under Construction"
"10001",1990-11-01,"Nov 1990","Apartment",329,"Scss","Under Construction"
"10001",1990-11-01,"Nov 1990","All",1062,"Scss","Under Construction"
"10001",1990-12-01,"Dec 1990","Single",639,"Scss","Under Construction"
"10001",1990-12-01,"Dec 1990","Semi-Detached",26,"Scss","Under Construction"
"10001",1990-12-01,"Dec 1990","Row",0,"Scss","Under Construction"
"10001",1990-12-01,"Dec 1990","Apartment",321,"Scss","Under Construction"
"10001",1990-12-01,"Dec 1990","All",986,"Scss","Under Construction"
"10001",1991-01-01,"Jan 1991","Single",641,"Scss","Under Construction"
"10001",1991-01-01,"Jan 1991","Semi-Detached",26,"Scss","Under Construction"
"10001",1991-01-01,"Jan 1991","Row",0,"Scss","Under Construction"
"10001",1991-01-01,"Jan 1991","Apartment",321,"Scss","Under Construction"
"10001",1991-01-01,"Jan 1991","All",988,"Scss","Under Construction"
"10001",1991-02-01,"Feb 1991","Single",569,"Scss","Under Construction"
"10001",1991-02-01,"Feb 1991","Semi-Detached",26,"Scss","Under Construction"
"10001",1991-02-01,"Feb 1991","Row",0,"Scss","Under Construction"
"10001",1991-02-01,"Feb 1991","Apartment",281,"Scss","Under Construction"
"10001",1991-02-01,"Feb 1991","All",876,"Scss","Under Construction"
"10001",1991-03-01,"Mar 1991","Single",470,"Scss","Under Construction"
"10001",1991-03-01,"Mar 1991","Semi-Detached",24,"Scss","Under Construction"
"10001",1991-03-01,"Mar 1991","Row",0,"Scss","Under Construction"
"10001",1991-03-01,"Mar 1991","Apartment",227,"Scss","Under Construction"
"10001",1991-03-01,"Mar 1991","All",721,"Scss","Under Construction"
"10001",1991-04-01,"Apr 1991","Single",406,"Scss","Under Construction"
"10001",1991-04-01,"Apr 1991","Semi-Detached",0,"Scss","Under Construction"
"10001",1991-04-01,"Apr 1991","Row",4,"Scss","Under Construction"
"10001",1991-04-01,"Apr 1991","Apartment",215,"Scss","Under Construction"
"10001",1991-04-01,"Apr 1991","All",625,"Scss","Under Construction"
"10001",1991-05-01,"May 1991","Single",388,"Scss","Under Construction"
"10001",1991-05-01,"May 1991","Semi-Detached",6,"Scss","Under Construction"
"10001",1991-05-01,"May 1991","Row",4,"Scss","Under Construction"
"10001",1991-05-01,"May 1991","Apartment",237,"Scss","Under Construction"
"10001",1991-05-01,"May 1991","All",635,"Scss","Under Construction"
"10001",1991-06-01,"Jun 1991","Single",465,"Scss","Under Construction"
"10001",1991-06-01,"Jun 1991","Semi-Detached",8,"Scss","Under Construction"
"10001",1991-06-01,"Jun 1991","Row",4,"Scss","Under Construction"
"10001",1991-06-01,"Jun 1991","Apartment",249,"Scss","Under Construction"
"10001",1991-06-01,"Jun 1991","All",726,"Scss","Under Construction"
"10001",1991-07-01,"Jul 1991","Single",505,"Scss","Under Construction"
"10001",1991-07-01,"Jul 1991","Semi-Detached",8,"Scss","Under Construction"
"10001",1991-07-01,"Jul 1991","Row",4,"Scss","Under Construction"
"10001",1991-07-01,"Jul 1991","Apartment",265,"Scss","Under Construction"
"10001",1991-07-01,"Jul 1991","All",782,"Scss","Under Construction"
"10001",1991-08-01,"Aug 1991","Single",511,"Scss","Under Construction"
"10001",1991-08-01,"Aug 1991","Semi-Detached",8,"Scss","Under Construction"
"10001",1991-08-01,"Aug 1991","Row",4,"Scss","Under Construction"
"10001",1991-08-01,"Aug 1991","Apartment",283,"Scss","Under Construction"
"10001",1991-08-01,"Aug 1991","All",806,"Scss","Under Construction"
"10001",1991-09-01,"Sep 1991","Single",485,"Scss","Under Construction"
"10001",1991-09-01,"Sep 1991","Semi-Detached",8,"Scss","Under Construction"
"10001",1991-09-01,"Sep 1991","Row",4,"Scss","Under Construction"
"10001",1991-09-01,"Sep 1991","Apartment",253,"Scss","Under Construction"
"10001",1991-09-01,"Sep 1991","All",750,"Scss","Under Construction"
"10001",1991-10-01,"Oct 1991","Single",440,"Scss","Under Construction"
"10001",1991-10-01,"Oct 1991","Semi-Detached",6,"Scss","Under Construction"
"10001",1991-10-01,"Oct 1991","Row",2,"Scss","Under Construction"
"10001",1991-10-01,"Oct 1991","Apartment",258,"Scss","Under Construction"
"10001",1991-10-01,"Oct 1991","All",706,"Scss","Under Construction"
"10001",1991-11-01,"Nov 1991","Single",447,"Scss","Under Construction"
"10001",1991-11-01,"Nov 1991","Semi-Detached",8,"Scss","Under Construction"
"10001",1991-11-01,"Nov 1991","Row",2,"Scss","Under Construction"
"10001",1991-11-01,"Nov 1991","Apartment",281,"Scss","Under Construction"
"10001",1991-11-01,"Nov 1991","All",738,"Scss","Under Construction"
"10001",1991-12-01,"Dec 1991","Single",358,"Scss","Under Construction"
"10001",1991-12-01,"Dec 1991","Semi-Detached",8,"Scss","Under Construction"
"10001",1991-12-01,"Dec 1991","Row",2,"Scss","Under Construction"
"10001",1991-12-01,"Dec 1991","Apartment",213,"Scss","Under Construction"
"10001",1991-12-01,"Dec 1991","All",581,"Scss","Under Construction"
"10001",1992-01-01,"Jan 1992","Single",350,"Scss","Under Construction"
"10001",1992-01-01,"Jan 1992","Semi-Detached",8,"Scss","Under Construction"
"10001",1992-01-01,"Jan 1992","Row",2,"Scss","Under Construction"
"10001",1992-01-01,"Jan 1992","Apartment",183,"Scss","Under Construction"
"10001",1992-01-01,"Jan 1992","All",543,"Scss","Under Construction"
"10001",1992-02-01,"Feb 1992","Single",302,"Scss","Under Construction"
"10001",1992-02-01,"Feb 1992","Semi-Detached",0,"Scss","Under Construction"
"10001",1992-02-01,"Feb 1992","Row",2,"Scss","Under Construction"
"10001",1992-02-01,"Feb 1992","Apartment",145,"Scss","Under Construction"
"10001",1992-02-01,"Feb 1992","All",449,"Scss","Under Construction"
"10001",1992-03-01,"Mar 1992","Single",265,"Scss","Under Construction"
"10001",1992-03-01,"Mar 1992","Semi-Detached",0,"Scss","Under Construction"
"10001",1992-03-01,"Mar 1992","Row",2,"Scss","Under Construction"
"10001",1992-03-01,"Mar 1992","Apartment",139,"Scss","Under Construction"
"10001",1992-03-01,"Mar 1992","All",406,"Scss","Under Construction"
"10001",1992-04-01,"Apr 1992","Single",270,"Scss","Under Construction"
"10001",1992-04-01,"Apr 1992","Semi-Detached",0,"Scss","Under Construction"
"10001",1992-04-01,"Apr 1992","Row",2,"Scss","Under Construction"
"10001",1992-04-01,"Apr 1992","Apartment",117,"Scss","Under Construction"
"10001",1992-04-01,"Apr 1992","All",389,"Scss","Under Construction"
"10001",1992-05-01,"May 1992","Single",292,"Scss","Under Construction"
"10001",1992-05-01,"May 1992","Semi-Detached",28,"Scss","Under Construction"
"10001",1992-05-01,"May 1992","Row",2,"Scss","Under Construction"
"10001",1992-05-01,"May 1992","Apartment",162,"Scss","Under Construction"
"10001",1992-05-01,"May 1992","All",484,"Scss","Under Construction"
"10001",1992-06-01,"Jun 1992","Single",327,"Scss","Under Construction"
"10001",1992-06-01,"Jun 1992","Semi-Detached",30,"Scss","Under Construction"
"10001",1992-06-01,"Jun 1992","Row",2,"Scss","Under Construction"
"10001",1992-06-01,"Jun 1992","Apartment",151,"Scss","Under Construction"
"10001",1992-06-01,"Jun 1992","All",510,"Scss","Under Construction"
"10001",1992-07-01,"Jul 1992","Single",357,"Scss","Under Construction"
"10001",1992-07-01,"Jul 1992","Semi-Detached",30,"Scss","Under Construction"
"10001",1992-07-01,"Jul 1992","Row",14,"Scss","Under Construction"
"10001",1992-07-01,"Jul 1992","Apartment",229,"Scss","Under Construction"
"10001",1992-07-01,"Jul 1992","All",630,"Scss","Under Construction"
"10001",1992-08-01,"Aug 1992","Single",371,"Scss","Under Construction"
"10001",1992-08-01,"Aug 1992","Semi-Detached",30,"Scss","Under Construction"
"10001",1992-08-01,"Aug 1992","Row",14,"Scss","Under Construction"
"10001",1992-08-01,"Aug 1992","Apartment",243,"Scss","Under Construction"
"10001",1992-08-01,"Aug 1992","All",658,"Scss","Under Construction"
"10001",1992-09-01,"Sep 1992","Single",394,"Scss","Under Construction"
"10001",1992-09-01,"Sep 1992","Semi-Detached",30,"Scss","Under Construction"
"10001",1992-09-01,"Sep 1992","Row",14,"Scss","Under Construction"
"10001",1992-09-01,"Sep 1992","Apartment",241,"Scss","Under Construction"
"10001",1992-09-01,"Sep 1992","All",679,"Scss","Under Construction"
"10001",1992-10-01,"Oct 1992","Single",388,"Scss","Under Construction"
"10001",1992-10-01,"Oct 1992","Semi-Detached",16,"Scss","Under Construction"
"10001",1992-10-01,"Oct 1992","Row",26,"Scss","Under Construction"
"10001",1992-10-01,"Oct 1992","Apartment",237,"Scss","Under Construction"
"10001",1992-10-01,"Oct 1992","All",667,"Scss","Under Construction"
"10001",1992-11-01,"Nov 1992","Single",390,"Scss","Under Construction"
"10001",1992-11-01,"Nov 1992","Semi-Detached",16,"Scss","Under Construction"
"10001",1992-11-01,"Nov 1992","Row",26,"Scss","Under Construction"
"10001",1992-11-01,"Nov 1992","Apartment",205,"Scss","Under Construction"
"10001",1992-11-01,"Nov 1992","All",637,"Scss","Under Construction"
"10001",1992-12-01,"Dec 1992","Single",317,"Scss","Under Construction"
"10001",1992-12-01,"Dec 1992","Semi-Detached",0,"Scss","Under Construction"
"10001",1992-12-01,"Dec 1992","Row",26,"Scss","Under Construction"
"10001",1992-12-01,"Dec 1992","Apartment",203,"Scss","Under Construction"
"10001",1992-12-01,"Dec 1992","All",546,"Scss","Under Construction"
"10001",1993-01-01,"Jan 1993","Single",269,"Scss","Under Construction"
"10001",1993-01-01,"Jan 1993","Semi-Detached",0,"Scss","Under Construction"
"10001",1993-01-01,"Jan 1993","Row",26,"Scss","Under Construction"
"10001",1993-01-01,"Jan 1993","Apartment",215,"Scss","Under Construction"
"10001",1993-01-01,"Jan 1993","All",510,"Scss","Under Construction"
"10001",1993-02-01,"Feb 1993","Single",237,"Scss","Under Construction"
"10001",1993-02-01,"Feb 1993","Semi-Detached",0,"Scss","Under Construction"
"10001",1993-02-01,"Feb 1993","Row",26,"Scss","Under Construction"
"10001",1993-02-01,"Feb 1993","Apartment",195,"Scss","Under Construction"
"10001",1993-02-01,"Feb 1993","All",458,"Scss","Under Construction"
"10001",1993-03-01,"Mar 1993","Single",199,"Scss","Under Construction"
"10001",1993-03-01,"Mar 1993","Semi-Detached",0,"Scss","Under Construction"
"10001",1993-03-01,"Mar 1993","Row",26,"Scss","Under Construction"
"10001",1993-03-01,"Mar 1993","Apartment",202,"Scss","Under Construction"
"10001",1993-03-01,"Mar 1993","All",427,"Scss","Under Construction"
"10001",1993-04-01,"Apr 1993","Single",193,"Scss","Under Construction"
"10001",1993-04-01,"Apr 1993","Semi-Detached",0,"Scss","Under Construction"
"10001",1993-04-01,"Apr 1993","Row",2,"Scss","Under Construction"
"10001",1993-04-01,"Apr 1993","Apartment",200,"Scss","Under Construction"
"10001",1993-04-01,"Apr 1993","All",395,"Scss","Under Construction"
"10001",1993-05-01,"May 1993","Single",235,"Scss","Under Construction"
"10001",1993-05-01,"May 1993","Semi-Detached",0,"Scss","Under Construction"
"10001",1993-05-01,"May 1993","Row",2,"Scss","Under Construction"
"10001",1993-05-01,"May 1993","Apartment",266,"Scss","Under Construction"
"10001",1993-05-01,"May 1993","All",503,"Scss","Under Construction"
"10001",1993-06-01,"Jun 1993","Single",279,"Scss","Under Construction"
"10001",1993-06-01,"Jun 1993","Semi-Detached",2,"Scss","Under Construction"
"10001",1993-06-01,"Jun 1993","Row",2,"Scss","Under Construction"
"10001",1993-06-01,"Jun 1993","Apartment",300,"Scss","Under Construction"
"10001",1993-06-01,"Jun 1993","All",583,"Scss","Under Construction"
"10001",1993-07-01,"Jul 1993","Single",345,"Scss","Under Construction"
"10001",1993-07-01,"Jul 1993","Semi-Detached",6,"Scss","Under Construction"
"10001",1993-07-01,"Jul 1993","Row",2,"Scss","Under Construction"
"10001",1993-07-01,"Jul 1993","Apartment",314,"Scss","Under Construction"
"10001",1993-07-01,"Jul 1993","All",667,"Scss","Under Construction"
"10001",1993-08-01,"Aug 1993","Single",361,"Scss","Under Construction"
"10001",1993-08-01,"Aug 1993","Semi-Detached",8,"Scss","Under Construction"
"10001",1993-08-01,"Aug 1993","Row",8,"Scss","Under Construction"
"10001",1993-08-01,"Aug 1993","Apartment",288,"Scss","Under Construction"
"10001",1993-08-01,"Aug 1993","All",665,"Scss","Under Construction"
"10001",1993-09-01,"Sep 1993","Single",391,"Scss","Under Construction"
"10001",1993-09-01,"Sep 1993","Semi-Detached",10,"Scss","Under Construction"
"10001",1993-09-01,"Sep 1993","Row",8,"Scss","Under Construction"
"10001",1993-09-01,"Sep 1993","Apartment",252,"Scss","Under Construction"
"10001",1993-09-01,"Sep 1993","All",661,"Scss","Under Construction"
"10001",1993-10-01,"Oct 1993","Single",396,"Scss","Under Construction"
"10001",1993-10-01,"Oct 1993","Semi-Detached",10,"Scss","Under Construction"
"10001",1993-10-01,"Oct 1993","Row",13,"Scss","Under Construction"
"10001",1993-10-01,"Oct 1993","Apartment",280,"Scss","Under Construction"
"10001",1993-10-01,"Oct 1993","All",699,"Scss","Under Construction"
"10001",1993-11-01,"Nov 1993","Single",392,"Scss","Under Construction"
"10001",1993-11-01,"Nov 1993","Semi-Detached",10,"Scss","Under Construction"
"10001",1993-11-01,"Nov 1993","Row",13,"Scss","Under Construction"
"10001",1993-11-01,"Nov 1993","Apartment",316,"Scss","Under Construction"
"10001",1993-11-01,"Nov 1993","All",731,"Scss","Under Construction"
"10001",1993-12-01,"Dec 1993","Single",303,"Scss","Under Construction"
"10001",1993-12-01,"Dec 1993","Semi-Detached",24,"Scss","Under Construction"
"10001",1993-12-01,"Dec 1993","Row",25,"Scss","Under Construction"
"10001",1993-12-01,"Dec 1993","Apartment",252,"Scss","Under Construction"
"10001",1993-12-01,"Dec 1993","All",604,"Scss","Under Construction"
"10001",1994-01-01,"Jan 1994","Single",317,"Scss","Under Construction"
"10001",1994-01-01,"Jan 1994","Semi-Detached",16,"Scss","Under Construction"
"10001",1994-01-01,"Jan 1994","Row",27,"Scss","Under Construction"
"10001",1994-01-01,"Jan 1994","Apartment",244,"Scss","Under Construction"
"10001",1994-01-01,"Jan 1994","All",604,"Scss","Under Construction"
"10001",1994-02-01,"Feb 1994","Single",249,"Scss","Under Construction"
"10001",1994-02-01,"Feb 1994","Semi-Detached",16,"Scss","Under Construction"
"10001",1994-02-01,"Feb 1994","Row",27,"Scss","Under Construction"
"10001",1994-02-01,"Feb 1994","Apartment",178,"Scss","Under Construction"
"10001",1994-02-01,"Feb 1994","All",470,"Scss","Under Construction"
"10001",1994-03-01,"Mar 1994","Single",226,"Scss","Under Construction"
"10001",1994-03-01,"Mar 1994","Semi-Detached",14,"Scss","Under Construction"
"10001",1994-03-01,"Mar 1994","Row",27,"Scss","Under Construction"
"10001",1994-03-01,"Mar 1994","Apartment",158,"Scss","Under Construction"
"10001",1994-03-01,"Mar 1994","All",425,"Scss","Under Construction"
"10001",1994-04-01,"Apr 1994","Single",230,"Scss","Under Construction"
"10001",1994-04-01,"Apr 1994","Semi-Detached",6,"Scss","Under Construction"
"10001",1994-04-01,"Apr 1994","Row",32,"Scss","Under Construction"
"10001",1994-04-01,"Apr 1994","Apartment",140,"Scss","Under Construction"
"10001",1994-04-01,"Apr 1994","All",408,"Scss","Under Construction"
"10001",1994-05-01,"May 1994","Single",281,"Scss","Under Construction"
"10001",1994-05-01,"May 1994","Semi-Detached",6,"Scss","Under Construction"
"10001",1994-05-01,"May 1994","Row",27,"Scss","Under Construction"
"10001",1994-05-01,"May 1994","Apartment",216,"Scss","Under Construction"
"10001",1994-05-01,"May 1994","All",530,"Scss","Under Construction"
"10001",1994-06-01,"Jun 1994","Single",333,"Scss","Under Construction"
"10001",1994-06-01,"Jun 1994","Semi-Detached",6,"Scss","Under Construction"
"10001",1994-06-01,"Jun 1994","Row",27,"Scss","Under Construction"
"10001",1994-06-01,"Jun 1994","Apartment",260,"Scss","Under Construction"
"10001",1994-06-01,"Jun 1994","All",626,"Scss","Under Construction"
"10001",1994-07-01,"Jul 1994","Single",354,"Scss","Under Construction"
"10001",1994-07-01,"Jul 1994","Semi-Detached",4,"Scss","Under Construction"
"10001",1994-07-01,"Jul 1994","Row",27,"Scss","Under Construction"
"10001",1994-07-01,"Jul 1994","Apartment",230,"Scss","Under Construction"
"10001",1994-07-01,"Jul 1994","All",615,"Scss","Under Construction"
"10001",1994-08-01,"Aug 1994","Single",384,"Scss","Under Construction"
"10001",1994-08-01,"Aug 1994","Semi-Detached",8,"Scss","Under Construction"
"10001",1994-08-01,"Aug 1994","Row",23,"Scss","Under Construction"
"10001",1994-08-01,"Aug 1994","Apartment",252,"Scss","Under Construction"
"10001",1994-08-01,"Aug 1994","All",667,"Scss","Under Construction"
"10001",1994-09-01,"Sep 1994","Single",386,"Scss","Under Construction"
"10001",1994-09-01,"Sep 1994","Semi-Detached",8,"Scss","Under Construction"
"10001",1994-09-01,"Sep 1994","Row",31,"Scss","Under Construction"
"10001",1994-09-01,"Sep 1994","Apartment",244,"Scss","Under Construction"
"10001",1994-09-01,"Sep 1994","All",669,"Scss","Under Construction"
"10001",1994-10-01,"Oct 1994","Single",370,"Scss","Under Construction"
"10001",1994-10-01,"Oct 1994","Semi-Detached",8,"Scss","Under Construction"
"10001",1994-10-01,"Oct 1994","Row",23,"Scss","Under Construction"
"10001",1994-10-01,"Oct 1994","Apartment",230,"Scss","Under Construction"
"10001",1994-10-01,"Oct 1994","All",631,"Scss","Under Construction"
"10001",1994-11-01,"Nov 1994","Single",356,"Scss","Under Construction"
"10001",1994-11-01,"Nov 1994","Semi-Detached",6,"Scss","Under Construction"
"10001",1994-11-01,"Nov 1994","Row",24,"Scss","Under Construction"
"10001",1994-11-01,"Nov 1994","Apartment",234,"Scss","Under Construction"
"10001",1994-11-01,"Nov 1994","All",620,"Scss","Under Construction"
"10001",1994-12-01,"Dec 1994","Single",293,"Scss","Under Construction"
"10001",1994-12-01,"Dec 1994","Semi-Detached",2,"Scss","Under Construction"
"10001",1994-12-01,"Dec 1994","Row",16,"Scss","Under Construction"
"10001",1994-12-01,"Dec 1994","Apartment",200,"Scss","Under Construction"
"10001",1994-12-01,"Dec 1994","All",511,"Scss","Under Construction"
"10001",1995-01-01,"Jan 1995","Single",281,"Scss","Under Construction"
"10001",1995-01-01,"Jan 1995","Semi-Detached",2,"Scss","Under Construction"
"10001",1995-01-01,"Jan 1995","Row",16,"Scss","Under Construction"
"10001",1995-01-01,"Jan 1995","Apartment",198,"Scss","Under Construction"
"10001",1995-01-01,"Jan 1995","All",497,"Scss","Under Construction"
"10001",1995-02-01,"Feb 1995","Single",222,"Scss","Under Construction"
"10001",1995-02-01,"Feb 1995","Semi-Detached",2,"Scss","Under Construction"
"10001",1995-02-01,"Feb 1995","Row",16,"Scss","Under Construction"
"10001",1995-02-01,"Feb 1995","Apartment",150,"Scss","Under Construction"
"10001",1995-02-01,"Feb 1995","All",390,"Scss","Under Construction"
"10001",1995-03-01,"Mar 1995","Single",194,"Scss","Under Construction"
"10001",1995-03-01,"Mar 1995","Semi-Detached",0,"Scss","Under Construction"
"10001",1995-03-01,"Mar 1995","Row",16,"Scss","Under Construction"
"10001",1995-03-01,"Mar 1995","Apartment",152,"Scss","Under Construction"
"10001",1995-03-01,"Mar 1995","All",362,"Scss","Under Construction"
"10001",1995-04-01,"Apr 1995","Single",176,"Scss","Under Construction"
"10001",1995-04-01,"Apr 1995","Semi-Detached",0,"Scss","Under Construction"
"10001",1995-04-01,"Apr 1995","Row",8,"Scss","Under Construction"
"10001",1995-04-01,"Apr 1995","Apartment",114,"Scss","Under Construction"
"10001",1995-04-01,"Apr 1995","All",298,"Scss","Under Construction"
"10001",1995-05-01,"May 1995","Single",173,"Scss","Under Construction"
"10001",1995-05-01,"May 1995","Semi-Detached",0,"Scss","Under Construction"
"10001",1995-05-01,"May 1995","Row",8,"Scss","Under Construction"
"10001",1995-05-01,"May 1995","Apartment",122,"Scss","Under Construction"
"10001",1995-05-01,"May 1995","All",303,"Scss","Under Construction"
"10001",1995-06-01,"Jun 1995","Single",206,"Scss","Under Construction"
"10001",1995-06-01,"Jun 1995","Semi-Detached",0,"Scss","Under Construction"
"10001",1995-06-01,"Jun 1995","Row",19,"Scss","Under Construction"
"10001",1995-06-01,"Jun 1995","Apartment",117,"Scss","Under Construction"
"10001",1995-06-01,"Jun 1995","All",342,"Scss","Under Construction"
"10001",1995-07-01,"Jul 1995","Single",229,"Scss","Under Construction"
"10001",1995-07-01,"Jul 1995","Semi-Detached",8,"Scss","Under Construction"
"10001",1995-07-01,"Jul 1995","Row",28,"Scss","Under Construction"
"10001",1995-07-01,"Jul 1995","Apartment",139,"Scss","Under Construction"
"10001",1995-07-01,"Jul 1995","All",404,"Scss","Under Construction"
"10001",1995-08-01,"Aug 1995","Single",266,"Scss","Under Construction"
"10001",1995-08-01,"Aug 1995","Semi-Detached",14,"Scss","Under Construction"
"10001",1995-08-01,"Aug 1995","Row",26,"Scss","Under Construction"
"10001",1995-08-01,"Aug 1995","Apartment",221,"Scss","Under Construction"
"10001",1995-08-01,"Aug 1995","All",527,"Scss","Under Construction"
"10001",1995-09-01,"Sep 1995","Single",254,"Scss","Under Construction"
"10001",1995-09-01,"Sep 1995","Semi-Detached",24,"Scss","Under Construction"
"10001",1995-09-01,"Sep 1995","Row",18,"Scss","Under Construction"
"10001",1995-09-01,"Sep 1995","Apartment",215,"Scss","Under Construction"
"10001",1995-09-01,"Sep 1995","All",511,"Scss","Under Construction"
"10001",1995-10-01,"Oct 1995","Single",256,"Scss","Under Construction"
"10001",1995-10-01,"Oct 1995","Semi-Detached",34,"Scss","Under Construction"
"10001",1995-10-01,"Oct 1995","Row",23,"Scss","Under Construction"
"10001",1995-10-01,"Oct 1995","Apartment",205,"Scss","Under Construction"
"10001",1995-10-01,"Oct 1995","All",518,"Scss","Under Construction"
"10001",1995-11-01,"Nov 1995","Single",262,"Scss","Under Construction"
"10001",1995-11-01,"Nov 1995","Semi-Detached",38,"Scss","Under Construction"
"10001",1995-11-01,"Nov 1995","Row",23,"Scss","Under Construction"
"10001",1995-11-01,"Nov 1995","Apartment",191,"Scss","Under Construction"
"10001",1995-11-01,"Nov 1995","All",514,"Scss","Under Construction"
"10001",1995-12-01,"Dec 1995","Single",219,"Scss","Under Construction"
"10001",1995-12-01,"Dec 1995","Semi-Detached",34,"Scss","Under Construction"
"10001",1995-12-01,"Dec 1995","Row",23,"Scss","Under Construction"
"10001",1995-12-01,"Dec 1995","Apartment",193,"Scss","Under Construction"
"10001",1995-12-01,"Dec 1995","All",469,"Scss","Under Construction"
"10001",1996-01-01,"Jan 1996","Single",205,"Scss","Under Construction"
"10001",1996-01-01,"Jan 1996","Semi-Detached",24,"Scss","Under Construction"
"10001",1996-01-01,"Jan 1996","Row",23,"Scss","Under Construction"
"10001",1996-01-01,"Jan 1996","Apartment",139,"Scss","Under Construction"
"10001",1996-01-01,"Jan 1996","All",391,"Scss","Under Construction"
"10001",1996-02-01,"Feb 1996","Single",171,"Scss","Under Construction"
"10001",1996-02-01,"Feb 1996","Semi-Detached",6,"Scss","Under Construction"
"10001",1996-02-01,"Feb 1996","Row",23,"Scss","Under Construction"
"10001",1996-02-01,"Feb 1996","Apartment",123,"Scss","Under Construction"
"10001",1996-02-01,"Feb 1996","All",323,"Scss","Under Construction"
"10001",1996-03-01,"Mar 1996","Single",153,"Scss","Under Construction"
"10001",1996-03-01,"Mar 1996","Semi-Detached",16,"Scss","Under Construction"
"10001",1996-03-01,"Mar 1996","Row",23,"Scss","Under Construction"
"10001",1996-03-01,"Mar 1996","Apartment",87,"Scss","Under Construction"
"10001",1996-03-01,"Mar 1996","All",279,"Scss","Under Construction"
"10001",1996-04-01,"Apr 1996","Single",162,"Scss","Under Construction"
"10001",1996-04-01,"Apr 1996","Semi-Detached",12,"Scss","Under Construction"
"10001",1996-04-01,"Apr 1996","Row",23,"Scss","Under Construction"
"10001",1996-04-01,"Apr 1996","Apartment",105,"Scss","Under Construction"
"10001",1996-04-01,"Apr 1996","All",302,"Scss","Under Construction"
"10001",1996-05-01,"May 1996","Single",220,"Scss","Under Construction"
"10001",1996-05-01,"May 1996","Semi-Detached",24,"Scss","Under Construction"
"10001",1996-05-01,"May 1996","Row",28,"Scss","Under Construction"
"10001",1996-05-01,"May 1996","Apartment",120,"Scss","Under Construction"
"10001",1996-05-01,"May 1996","All",392,"Scss","Under Construction"
"10001",1996-06-01,"Jun 1996","Single",274,"Scss","Under Construction"
"10001",1996-06-01,"Jun 1996","Semi-Detached",32,"Scss","Under Construction"
"10001",1996-06-01,"Jun 1996","Row",28,"Scss","Under Construction"
"10001",1996-06-01,"Jun 1996","Apartment",140,"Scss","Under Construction"
"10001",1996-06-01,"Jun 1996","All",474,"Scss","Under Construction"
"10001",1996-07-01,"Jul 1996","Single",309,"Scss","Under Construction"
"10001",1996-07-01,"Jul 1996","Semi-Detached",26,"Scss","Under Construction"
"10001",1996-07-01,"Jul 1996","Row",25,"Scss","Under Construction"
"10001",1996-07-01,"Jul 1996","Apartment",138,"Scss","Under Construction"
"10001",1996-07-01,"Jul 1996","All",498,"Scss","Under Construction"
"10001",1996-08-01,"Aug 1996","Single",269,"Scss","Under Construction"
"10001",1996-08-01,"Aug 1996","Semi-Detached",24,"Scss","Under Construction"
"10001",1996-08-01,"Aug 1996","Row",10,"Scss","Under Construction"
"10001",1996-08-01,"Aug 1996","Apartment",140,"Scss","Under Construction"
"10001",1996-08-01,"Aug 1996","All",443,"Scss","Under Construction"
"10001",1996-09-01,"Sep 1996","Single",296,"Scss","Under Construction"
"10001",1996-09-01,"Sep 1996","Semi-Detached",22,"Scss","Under Construction"
"10001",1996-09-01,"Sep 1996","Row",10,"Scss","Under Construction"
"10001",1996-09-01,"Sep 1996","Apartment",150,"Scss","Under Construction"
"10001",1996-09-01,"Sep 1996","All",478,"Scss","Under Construction"
"10001",1996-10-01,"Oct 1996","Single",267,"Scss","Under Construction"
"10001",1996-10-01,"Oct 1996","Semi-Detached",36,"Scss","Under Construction"
"10001",1996-10-01,"Oct 1996","Row",13,"Scss","Under Construction"
"10001",1996-10-01,"Oct 1996","Apartment",132,"Scss","Under Construction"
"10001",1996-10-01,"Oct 1996","All",448,"Scss","Under Construction"
"10001",1996-11-01,"Nov 1996","Single",280,"Scss","Under Construction"
"10001",1996-11-01,"Nov 1996","Semi-Detached",66,"Scss","Under Construction"
"10001",1996-11-01,"Nov 1996","Row",8,"Scss","Under Construction"
"10001",1996-11-01,"Nov 1996","Apartment",147,"Scss","Under Construction"
"10001",1996-11-01,"Nov 1996","All",501,"Scss","Under Construction"
"10001",1996-12-01,"Dec 1996","Single",319,"Scss","Under Construction"
"10001",1996-12-01,"Dec 1996","Semi-Detached",78,"Scss","Under Construction"
"10001",1996-12-01,"Dec 1996","Row",8,"Scss","Under Construction"
"10001",1996-12-01,"Dec 1996","Apartment",145,"Scss","Under Construction"
"10001",1996-12-01,"Dec 1996","All",550,"Scss","Under Construction"
"10001",1997-01-01,"Jan 1997","Single",338,"Scss","Under Construction"
"10001",1997-01-01,"Jan 1997","Semi-Detached",86,"Scss","Under Construction"
"10001",1997-01-01,"Jan 1997","Row",8,"Scss","Under Construction"
"10001",1997-01-01,"Jan 1997","Apartment",171,"Scss","Under Construction"
"10001",1997-01-01,"Jan 1997","All",603,"Scss","Under Construction"
"10001",1997-02-01,"Feb 1997","Single",314,"Scss","Under Construction"
"10001",1997-02-01,"Feb 1997","Semi-Detached",72,"Scss","Under Construction"
"10001",1997-02-01,"Feb 1997","Row",8,"Scss","Under Construction"
"10001",1997-02-01,"Feb 1997","Apartment",145,"Scss","Under Construction"
"10001",1997-02-01,"Feb 1997","All",539,"Scss","Under Construction"
"10001",1997-03-01,"Mar 1997","Single",254,"Scss","Under Construction"
"10001",1997-03-01,"Mar 1997","Semi-Detached",40,"Scss","Under Construction"
"10001",1997-03-01,"Mar 1997","Row",8,"Scss","Under Construction"
"10001",1997-03-01,"Mar 1997","Apartment",131,"Scss","Under Construction"
"10001",1997-03-01,"Mar 1997","All",433,"Scss","Under Construction"
"10001",1997-04-01,"Apr 1997","Single",216,"Scss","Under Construction"
"10001",1997-04-01,"Apr 1997","Semi-Detached",22,"Scss","Under Construction"
"10001",1997-04-01,"Apr 1997","Row",5,"Scss","Under Construction"
"10001",1997-04-01,"Apr 1997","Apartment",103,"Scss","Under Construction"
"10001",1997-04-01,"Apr 1997","All",346,"Scss","Under Construction"
"10001",1997-05-01,"May 1997","Single",266,"Scss","Under Construction"
"10001",1997-05-01,"May 1997","Semi-Detached",32,"Scss","Under Construction"
"10001",1997-05-01,"May 1997","Row",9,"Scss","Under Construction"
"10001",1997-05-01,"May 1997","Apartment",118,"Scss","Under Construction"
"10001",1997-05-01,"May 1997","All",425,"Scss","Under Construction"
"10001",1997-06-01,"Jun 1997","Single",287,"Scss","Under Construction"
"10001",1997-06-01,"Jun 1997","Semi-Detached",26,"Scss","Under Construction"
"10001",1997-06-01,"Jun 1997","Row",9,"Scss","Under Construction"
"10001",1997-06-01,"Jun 1997","Apartment",120,"Scss","Under Construction"
"10001",1997-06-01,"Jun 1997","All",442,"Scss","Under Construction"
"10001",1997-07-01,"Jul 1997","Single",297,"Scss","Under Construction"
"10001",1997-07-01,"Jul 1997","Semi-Detached",58,"Scss","Under Construction"
"10001",1997-07-01,"Jul 1997","Row",9,"Scss","Under Construction"
"10001",1997-07-01,"Jul 1997","Apartment",114,"Scss","Under Construction"
"10001",1997-07-01,"Jul 1997","All",478,"Scss","Under Construction"
"10001",1997-08-01,"Aug 1997","Single",307,"Scss","Under Construction"
"10001",1997-08-01,"Aug 1997","Semi-Detached",44,"Scss","Under Construction"
"10001",1997-08-01,"Aug 1997","Row",4,"Scss","Under Construction"
"10001",1997-08-01,"Aug 1997","Apartment",92,"Scss","Under Construction"
"10001",1997-08-01,"Aug 1997","All",447,"Scss","Under Construction"
"10001",1997-09-01,"Sep 1997","Single",321,"Scss","Under Construction"
"10001",1997-09-01,"Sep 1997","Semi-Detached",50,"Scss","Under Construction"
"10001",1997-09-01,"Sep 1997","Row",0,"Scss","Under Construction"
"10001",1997-09-01,"Sep 1997","Apartment",90,"Scss","Under Construction"
"10001",1997-09-01,"Sep 1997","All",461,"Scss","Under Construction"
"10001",1997-10-01,"Oct 1997","Single",313,"Scss","Under Construction"
"10001",1997-10-01,"Oct 1997","Semi-Detached",46,"Scss","Under Construction"
"10001",1997-10-01,"Oct 1997","Row",0,"Scss","Under Construction"
"10001",1997-10-01,"Oct 1997","Apartment",96,"Scss","Under Construction"
"10001",1997-10-01,"Oct 1997","All",455,"Scss","Under Construction"
"10001",1997-11-01,"Nov 1997","Single",295,"Scss","Under Construction"
"10001",1997-11-01,"Nov 1997","Semi-Detached",56,"Scss","Under Construction"
"10001",1997-11-01,"Nov 1997","Row",0,"Scss","Under Construction"
"10001",1997-11-01,"Nov 1997","Apartment",106,"Scss","Under Construction"
"10001",1997-11-01,"Nov 1997","All",457,"Scss","Under Construction"
"10001",1997-12-01,"Dec 1997","Single",241,"Scss","Under Construction"
"10001",1997-12-01,"Dec 1997","Semi-Detached",84,"Scss","Under Construction"
"10001",1997-12-01,"Dec 1997","Row",4,"Scss","Under Construction"
"10001",1997-12-01,"Dec 1997","Apartment",110,"Scss","Under Construction"
"10001",1997-12-01,"Dec 1997","All",439,"Scss","Under Construction"
"10001",1998-01-01,"Jan 1998","Single",221,"Scss","Under Construction"
"10001",1998-01-01,"Jan 1998","Semi-Detached",78,"Scss","Under Construction"
"10001",1998-01-01,"Jan 1998","Row",10,"Scss","Under Construction"
"10001",1998-01-01,"Jan 1998","Apartment",108,"Scss","Under Construction"
"10001",1998-01-01,"Jan 1998","All",417,"Scss","Under Construction"
"10001",1998-02-01,"Feb 1998","Single",188,"Scss","Under Construction"
"10001",1998-02-01,"Feb 1998","Semi-Detached",80,"Scss","Under Construction"
"10001",1998-02-01,"Feb 1998","Row",10,"Scss","Under Construction"
"10001",1998-02-01,"Feb 1998","Apartment",92,"Scss","Under Construction"
"10001",1998-02-01,"Feb 1998","All",370,"Scss","Under Construction"
"10001",1998-03-01,"Mar 1998","Single",161,"Scss","Under Construction"
"10001",1998-03-01,"Mar 1998","Semi-Detached",78,"Scss","Under Construction"
"10001",1998-03-01,"Mar 1998","Row",10,"Scss","Under Construction"
"10001",1998-03-01,"Mar 1998","Apartment",78,"Scss","Under Construction"
"10001",1998-03-01,"Mar 1998","All",327,"Scss","Under Construction"
"10001",1998-04-01,"Apr 1998","Single",137,"Scss","Under Construction"
"10001",1998-04-01,"Apr 1998","Semi-Detached",76,"Scss","Under Construction"
"10001",1998-04-01,"Apr 1998","Row",10,"Scss","Under Construction"
"10001",1998-04-01,"Apr 1998","Apartment",66,"Scss","Under Construction"
"10001",1998-04-01,"Apr 1998","All",289,"Scss","Under Construction"
"10001",1998-05-01,"May 1998","Single",173,"Scss","Under Construction"
"10001",1998-05-01,"May 1998","Semi-Detached",96,"Scss","Under Construction"
"10001",1998-05-01,"May 1998","Row",10,"Scss","Under Construction"
"10001",1998-05-01,"May 1998","Apartment",62,"Scss","Under Construction"
"10001",1998-05-01,"May 1998","All",341,"Scss","Under Construction"
"10001",1998-06-01,"Jun 1998","Single",194,"Scss","Under Construction"
"10001",1998-06-01,"Jun 1998","Semi-Detached",102,"Scss","Under Construction"
"10001",1998-06-01,"Jun 1998","Row",0,"Scss","Under Construction"
"10001",1998-06-01,"Jun 1998","Apartment",62,"Scss","Under Construction"
"10001",1998-06-01,"Jun 1998","All",358,"Scss","Under Construction"
"10001",1998-07-01,"Jul 1998","Single",220,"Scss","Under Construction"
"10001",1998-07-01,"Jul 1998","Semi-Detached",94,"Scss","Under Construction"
"10001",1998-07-01,"Jul 1998","Row",0,"Scss","Under Construction"
"10001",1998-07-01,"Jul 1998","Apartment",48,"Scss","Under Construction"
"10001",1998-07-01,"Jul 1998","All",362,"Scss","Under Construction"
"10001",1998-08-01,"Aug 1998","Single",260,"Scss","Under Construction"
"10001",1998-08-01,"Aug 1998","Semi-Detached",88,"Scss","Under Construction"
"10001",1998-08-01,"Aug 1998","Row",0,"Scss","Under Construction"
"10001",1998-08-01,"Aug 1998","Apartment",90,"Scss","Under Construction"
"10001",1998-08-01,"Aug 1998","All",438,"Scss","Under Construction"
"10001",1998-09-01,"Sep 1998","Single",313,"Scss","Under Construction"
"10001",1998-09-01,"Sep 1998","Semi-Detached",86,"Scss","Under Construction"
"10001",1998-09-01,"Sep 1998","Row",0,"Scss","Under Construction"
"10001",1998-09-01,"Sep 1998","Apartment",98,"Scss","Under Construction"
"10001",1998-09-01,"Sep 1998","All",497,"Scss","Under Construction"
"10001",1998-10-01,"Oct 1998","Single",284,"Scss","Under Construction"
"10001",1998-10-01,"Oct 1998","Semi-Detached",52,"Scss","Under Construction"
"10001",1998-10-01,"Oct 1998","Row",0,"Scss","Under Construction"
"10001",1998-10-01,"Oct 1998","Apartment",78,"Scss","Under Construction"
"10001",1998-10-01,"Oct 1998","All",414,"Scss","Under Construction"
"10001",1998-11-01,"Nov 1998","Single",287,"Scss","Under Construction"
"10001",1998-11-01,"Nov 1998","Semi-Detached",62,"Scss","Under Construction"
"10001",1998-11-01,"Nov 1998","Row",0,"Scss","Under Construction"
"10001",1998-11-01,"Nov 1998","Apartment",78,"Scss","Under Construction"
"10001",1998-11-01,"Nov 1998","All",427,"Scss","Under Construction"
"10001",1998-12-01,"Dec 1998","Single",244,"Scss","Under Construction"
"10001",1998-12-01,"Dec 1998","Semi-Detached",54,"Scss","Under Construction"
"10001",1998-12-01,"Dec 1998","Row",6,"Scss","Under Construction"
"10001",1998-12-01,"Dec 1998","Apartment",76,"Scss","Under Construction"
"10001",1998-12-01,"Dec 1998","All",380,"Scss","Under Construction"
"10001",1999-01-01,"Jan 1999","Single",241,"Scss","Under Construction"
"10001",1999-01-01,"Jan 1999","Semi-Detached",50,"Scss","Under Construction"
"10001",1999-01-01,"Jan 1999","Row",6,"Scss","Under Construction"
"10001",1999-01-01,"Jan 1999","Apartment",74,"Scss","Under Construction"
"10001",1999-01-01,"Jan 1999","All",371,"Scss","Under Construction"
"10001",1999-02-01,"Feb 1999","Single",177,"Scss","Under Construction"
"10001",1999-02-01,"Feb 1999","Semi-Detached",32,"Scss","Under Construction"
"10001",1999-02-01,"Feb 1999","Row",6,"Scss","Under Construction"
"10001",1999-02-01,"Feb 1999","Apartment",60,"Scss","Under Construction"
"10001",1999-02-01,"Feb 1999","All",275,"Scss","Under Construction"
"10001",1999-03-01,"Mar 1999","Single",207,"Scss","Under Construction"
"10001",1999-03-01,"Mar 1999","Semi-Detached",26,"Scss","Under Construction"
"10001",1999-03-01,"Mar 1999","Row",6,"Scss","Under Construction"
"10001",1999-03-01,"Mar 1999","Apartment",56,"Scss","Under Construction"
"10001",1999-03-01,"Mar 1999","All",295,"Scss","Under Construction"
"10001",1999-04-01,"Apr 1999","Single",238,"Scss","Under Construction"
"10001",1999-04-01,"Apr 1999","Semi-Detached",28,"Scss","Under Construction"
"10001",1999-04-01,"Apr 1999","Row",0,"Scss","Under Construction"
"10001",1999-04-01,"Apr 1999","Apartment",60,"Scss","Under Construction"
"10001",1999-04-01,"Apr 1999","All",326,"Scss","Under Construction"
"10001",1999-05-01,"May 1999","Single",282,"Scss","Under Construction"
"10001",1999-05-01,"May 1999","Semi-Detached",28,"Scss","Under Construction"
"10001",1999-05-01,"May 1999","Row",0,"Scss","Under Construction"
"10001",1999-05-01,"May 1999","Apartment",68,"Scss","Under Construction"
"10001",1999-05-01,"May 1999","All",378,"Scss","Under Construction"
"10001",1999-06-01,"Jun 1999","Single",315,"Scss","Under Construction"
"10001",1999-06-01,"Jun 1999","Semi-Detached",28,"Scss","Under Construction"
"10001",1999-06-01,"Jun 1999","Row",0,"Scss","Under Construction"
"10001",1999-06-01,"Jun 1999","Apartment",28,"Scss","Under Construction"
"10001",1999-06-01,"Jun 1999","All",371,"Scss","Under Construction"
"10001",1999-07-01,"Jul 1999","Single",332,"Scss","Under Construction"
"10001",1999-07-01,"Jul 1999","Semi-Detached",24,"Scss","Under Construction"
"10001",1999-07-01,"Jul 1999","Row",0,"Scss","Under Construction"
"10001",1999-07-01,"Jul 1999","Apartment",32,"Scss","Under Construction"
"10001",1999-07-01,"Jul 1999","All",388,"Scss","Under Construction"
"10001",1999-08-01,"Aug 1999","Single",388,"Scss","Under Construction"
"10001",1999-08-01,"Aug 1999","Semi-Detached",46,"Scss","Under Construction"
"10001",1999-08-01,"Aug 1999","Row",0,"Scss","Under Construction"
"10001",1999-08-01,"Aug 1999","Apartment",38,"Scss","Under Construction"
"10001",1999-08-01,"Aug 1999","All",472,"Scss","Under Construction"
"10001",1999-09-01,"Sep 1999","Single",363,"Scss","Under Construction"
"10001",1999-09-01,"Sep 1999","Semi-Detached",26,"Scss","Under Construction"
"10001",1999-09-01,"Sep 1999","Row",5,"Scss","Under Construction"
"10001",1999-09-01,"Sep 1999","Apartment",46,"Scss","Under Construction"
"10001",1999-09-01,"Sep 1999","All",440,"Scss","Under Construction"
"10001",1999-10-01,"Oct 1999","Single",368,"Scss","Under Construction"
"10001",1999-10-01,"Oct 1999","Semi-Detached",18,"Scss","Under Construction"
"10001",1999-10-01,"Oct 1999","Row",5,"Scss","Under Construction"
"10001",1999-10-01,"Oct 1999","Apartment",26,"Scss","Under Construction"
"10001",1999-10-01,"Oct 1999","All",417,"Scss","Under Construction"
"10001",1999-11-01,"Nov 1999","Single",417,"Scss","Under Construction"
"10001",1999-11-01,"Nov 1999","Semi-Detached",16,"Scss","Under Construction"
"10001",1999-11-01,"Nov 1999","Row",5,"Scss","Under Construction"
"10001",1999-11-01,"Nov 1999","Apartment",24,"Scss","Under Construction"
"10001",1999-11-01,"Nov 1999","All",462,"Scss","Under Construction"
"10001",1999-12-01,"Dec 1999","Single",382,"Scss","Under Construction"
"10001",1999-12-01,"Dec 1999","Semi-Detached",16,"Scss","Under Construction"
"10001",1999-12-01,"Dec 1999","Row",5,"Scss","Under Construction"
"10001",1999-12-01,"Dec 1999","Apartment",22,"Scss","Under Construction"
"10001",1999-12-01,"Dec 1999","All",425,"Scss","Under Construction"
"10001",2000-01-01,"Jan 2000","Single",319,"Scss","Under Construction"
"10001",2000-01-01,"Jan 2000","Semi-Detached",14,"Scss","Under Construction"
"10001",2000-01-01,"Jan 2000","Row",5,"Scss","Under Construction"
"10001",2000-01-01,"Jan 2000","Apartment",18,"Scss","Under Construction"
"10001",2000-01-01,"Jan 2000","All",356,"Scss","Under Construction"
"10001",2000-02-01,"Feb 2000","Single",302,"Scss","Under Construction"
"10001",2000-02-01,"Feb 2000","Semi-Detached",16,"Scss","Under Construction"
"10001",2000-02-01,"Feb 2000","Row",5,"Scss","Under Construction"
"10001",2000-02-01,"Feb 2000","Apartment",16,"Scss","Under Construction"
"10001",2000-02-01,"Feb 2000","All",339,"Scss","Under Construction"
"10001",2000-03-01,"Mar 2000","Single",314,"Scss","Under Construction"
"10001",2000-03-01,"Mar 2000","Semi-Detached",18,"Scss","Under Construction"
"10001",2000-03-01,"Mar 2000","Row",5,"Scss","Under Construction"
"10001",2000-03-01,"Mar 2000","Apartment",12,"Scss","Under Construction"
"10001",2000-03-01,"Mar 2000","All",349,"Scss","Under Construction"
"10001",2000-04-01,"Apr 2000","Single",321,"Scss","Under Construction"
"10001",2000-04-01,"Apr 2000","Semi-Detached",20,"Scss","Under Construction"
"10001",2000-04-01,"Apr 2000","Row",5,"Scss","Under Construction"
"10001",2000-04-01,"Apr 2000","Apartment",16,"Scss","Under Construction"
"10001",2000-04-01,"Apr 2000","All",362,"Scss","Under Construction"
"10001",2000-05-01,"May 2000","Single",364,"Scss","Under Construction"
"10001",2000-05-01,"May 2000","Semi-Detached",22,"Scss","Under Construction"
"10001",2000-05-01,"May 2000","Row",5,"Scss","Under Construction"
"10001",2000-05-01,"May 2000","Apartment",20,"Scss","Under Construction"
"10001",2000-05-01,"May 2000","All",411,"Scss","Under Construction"
"10001",2000-06-01,"Jun 2000","Single",391,"Scss","Under Construction"
"10001",2000-06-01,"Jun 2000","Semi-Detached",28,"Scss","Under Construction"
"10001",2000-06-01,"Jun 2000","Row",5,"Scss","Under Construction"
"10001",2000-06-01,"Jun 2000","Apartment",22,"Scss","Under Construction"
"10001",2000-06-01,"Jun 2000","All",446,"Scss","Under Construction"
"10001",2000-07-01,"Jul 2000","Single",457,"Scss","Under Construction"
"10001",2000-07-01,"Jul 2000","Semi-Detached",22,"Scss","Under Construction"
"10001",2000-07-01,"Jul 2000","Row",11,"Scss","Under Construction"
"10001",2000-07-01,"Jul 2000","Apartment",30,"Scss","Under Construction"
"10001",2000-07-01,"Jul 2000","All",520,"Scss","Under Construction"
"10001",2000-08-01,"Aug 2000","Single",498,"Scss","Under Construction"
"10001",2000-08-01,"Aug 2000","Semi-Detached",38,"Scss","Under Construction"
"10001",2000-08-01,"Aug 2000","Row",11,"Scss","Under Construction"
"10001",2000-08-01,"Aug 2000","Apartment",24,"Scss","Under Construction"
"10001",2000-08-01,"Aug 2000","All",571,"Scss","Under Construction"
"10001",2000-09-01,"Sep 2000","Single",534,"Scss","Under Construction"
"10001",2000-09-01,"Sep 2000","Semi-Detached",36,"Scss","Under Construction"
"10001",2000-09-01,"Sep 2000","Row",11,"Scss","Under Construction"
"10001",2000-09-01,"Sep 2000","Apartment",33,"Scss","Under Construction"
"10001",2000-09-01,"Sep 2000","All",614,"Scss","Under Construction"
"10001",2000-10-01,"Oct 2000","Single",478,"Scss","Under Construction"
"10001",2000-10-01,"Oct 2000","Semi-Detached",32,"Scss","Under Construction"
"10001",2000-10-01,"Oct 2000","Row",11,"Scss","Under Construction"
"10001",2000-10-01,"Oct 2000","Apartment",39,"Scss","Under Construction"
"10001",2000-10-01,"Oct 2000","All",560,"Scss","Under Construction"
"10001",2000-11-01,"Nov 2000","Single",490,"Scss","Under Construction"
"10001",2000-11-01,"Nov 2000","Semi-Detached",24,"Scss","Under Construction"
"10001",2000-11-01,"Nov 2000","Row",6,"Scss","Under Construction"
"10001",2000-11-01,"Nov 2000","Apartment",41,"Scss","Under Construction"
"10001",2000-11-01,"Nov 2000","All",561,"Scss","Under Construction"
"10001",2000-12-01,"Dec 2000","Single",452,"Scss","Under Construction"
"10001",2000-12-01,"Dec 2000","Semi-Detached",22,"Scss","Under Construction"
"10001",2000-12-01,"Dec 2000","Row",12,"Scss","Under Construction"
"10001",2000-12-01,"Dec 2000","Apartment",43,"Scss","Under Construction"
"10001",2000-12-01,"Dec 2000","All",529,"Scss","Under Construction"
"10001",2001-01-01,"Jan 2001","Single",408,"Scss","Under Construction"
"10001",2001-01-01,"Jan 2001","Semi-Detached",24,"Scss","Under Construction"
"10001",2001-01-01,"Jan 2001","Row",12,"Scss","Under Construction"
"10001",2001-01-01,"Jan 2001","Apartment",39,"Scss","Under Construction"
"10001",2001-01-01,"Jan 2001","All",483,"Scss","Under Construction"
"10001",2001-02-01,"Feb 2001","Single",361,"Scss","Under Construction"
"10001",2001-02-01,"Feb 2001","Semi-Detached",30,"Scss","Under Construction"
"10001",2001-02-01,"Feb 2001","Row",6,"Scss","Under Construction"
"10001",2001-02-01,"Feb 2001","Apartment",27,"Scss","Under Construction"
"10001",2001-02-01,"Feb 2001","All",424,"Scss","Under Construction"
"10001",2001-03-01,"Mar 2001","Single",316,"Scss","Under Construction"
"10001",2001-03-01,"Mar 2001","Semi-Detached",26,"Scss","Under Construction"
"10001",2001-03-01,"Mar 2001","Row",6,"Scss","Under Construction"
"10001",2001-03-01,"Mar 2001","Apartment",25,"Scss","Under Construction"
"10001",2001-03-01,"Mar 2001","All",373,"Scss","Under Construction"
"10001",2001-04-01,"Apr 2001","Single",328,"Scss","Under Construction"
"10001",2001-04-01,"Apr 2001","Semi-Detached",24,"Scss","Under Construction"
"10001",2001-04-01,"Apr 2001","Row",6,"Scss","Under Construction"
"10001",2001-04-01,"Apr 2001","Apartment",25,"Scss","Under Construction"
"10001",2001-04-01,"Apr 2001","All",383,"Scss","Under Construction"
"10001",2001-05-01,"May 2001","Single",377,"Scss","Under Construction"
"10001",2001-05-01,"May 2001","Semi-Detached",20,"Scss","Under Construction"
"10001",2001-05-01,"May 2001","Row",6,"Scss","Under Construction"
"10001",2001-05-01,"May 2001","Apartment",29,"Scss","Under Construction"
"10001",2001-05-01,"May 2001","All",432,"Scss","Under Construction"
"10001",2001-06-01,"Jun 2001","Single",416,"Scss","Under Construction"
"10001",2001-06-01,"Jun 2001","Semi-Detached",22,"Scss","Under Construction"
"10001",2001-06-01,"Jun 2001","Row",0,"Scss","Under Construction"
"10001",2001-06-01,"Jun 2001","Apartment",33,"Scss","Under Construction"
"10001",2001-06-01,"Jun 2001","All",471,"Scss","Under Construction"
"10001",2001-07-01,"Jul 2001","Single",477,"Scss","Under Construction"
"10001",2001-07-01,"Jul 2001","Semi-Detached",22,"Scss","Under Construction"
"10001",2001-07-01,"Jul 2001","Row",11,"Scss","Under Construction"
"10001",2001-07-01,"Jul 2001","Apartment",41,"Scss","Under Construction"
"10001",2001-07-01,"Jul 2001","All",551,"Scss","Under Construction"
"10001",2001-08-01,"Aug 2001","Single",501,"Scss","Under Construction"
"10001",2001-08-01,"Aug 2001","Semi-Detached",22,"Scss","Under Construction"
"10001",2001-08-01,"Aug 2001","Row",14,"Scss","Under Construction"
"10001",2001-08-01,"Aug 2001","Apartment",48,"Scss","Under Construction"
"10001",2001-08-01,"Aug 2001","All",585,"Scss","Under Construction"
"10001",2001-09-01,"Sep 2001","Single",540,"Scss","Under Construction"
"10001",2001-09-01,"Sep 2001","Semi-Detached",20,"Scss","Under Construction"
"10001",2001-09-01,"Sep 2001","Row",14,"Scss","Under Construction"
"10001",2001-09-01,"Sep 2001","Apartment",62,"Scss","Under Construction"
"10001",2001-09-01,"Sep 2001","All",636,"Scss","Under Construction"
"10001",2001-10-01,"Oct 2001","Single",495,"Scss","Under Construction"
"10001",2001-10-01,"Oct 2001","Semi-Detached",24,"Scss","Under Construction"
"10001",2001-10-01,"Oct 2001","Row",14,"Scss","Under Construction"
"10001",2001-10-01,"Oct 2001","Apartment",60,"Scss","Under Construction"
"10001",2001-10-01,"Oct 2001","All",593,"Scss","Under Construction"
"10001",2001-11-01,"Nov 2001","Single",497,"Scss","Under Construction"
"10001",2001-11-01,"Nov 2001","Semi-Detached",16,"Scss","Under Construction"
"10001",2001-11-01,"Nov 2001","Row",22,"Scss","Under Construction"
"10001",2001-11-01,"Nov 2001","Apartment",64,"Scss","Under Construction"
"10001",2001-11-01,"Nov 2001","All",599,"Scss","Under Construction"
"10001",2001-12-01,"Dec 2001","Single",476,"Scss","Under Construction"
"10001",2001-12-01,"Dec 2001","Semi-Detached",18,"Scss","Under Construction"
"10001",2001-12-01,"Dec 2001","Row",19,"Scss","Under Construction"
"10001",2001-12-01,"Dec 2001","Apartment",72,"Scss","Under Construction"
"10001",2001-12-01,"Dec 2001","All",585,"Scss","Under Construction"
"10001",2002-01-01,"Jan 2002","Single",459,"Scss","Under Construction"
"10001",2002-01-01,"Jan 2002","Semi-Detached",18,"Scss","Under Construction"
"10001",2002-01-01,"Jan 2002","Row",19,"Scss","Under Construction"
"10001",2002-01-01,"Jan 2002","Apartment",70,"Scss","Under Construction"
"10001",2002-01-01,"Jan 2002","All",566,"Scss","Under Construction"
"10001",2002-02-01,"Feb 2002","Single",420,"Scss","Under Construction"
"10001",2002-02-01,"Feb 2002","Semi-Detached",20,"Scss","Under Construction"
"10001",2002-02-01,"Feb 2002","Row",19,"Scss","Under Construction"
"10001",2002-02-01,"Feb 2002","Apartment",58,"Scss","Under Construction"
"10001",2002-02-01,"Feb 2002","All",517,"Scss","Under Construction"
"10001",2002-03-01,"Mar 2002","Single",375,"Scss","Under Construction"
"10001",2002-03-01,"Mar 2002","Semi-Detached",20,"Scss","Under Construction"
"10001",2002-03-01,"Mar 2002","Row",19,"Scss","Under Construction"
"10001",2002-03-01,"Mar 2002","Apartment",54,"Scss","Under Construction"
"10001",2002-03-01,"Mar 2002","All",468,"Scss","Under Construction"
"10001",2002-04-01,"Apr 2002","Single",383,"Scss","Under Construction"
"10001",2002-04-01,"Apr 2002","Semi-Detached",20,"Scss","Under Construction"
"10001",2002-04-01,"Apr 2002","Row",19,"Scss","Under Construction"
"10001",2002-04-01,"Apr 2002","Apartment",47,"Scss","Under Construction"
"10001",2002-04-01,"Apr 2002","All",469,"Scss","Under Construction"
"10001",2002-05-01,"May 2002","Single",441,"Scss","Under Construction"
"10001",2002-05-01,"May 2002","Semi-Detached",22,"Scss","Under Construction"
"10001",2002-05-01,"May 2002","Row",19,"Scss","Under Construction"
"10001",2002-05-01,"May 2002","Apartment",109,"Scss","Under Construction"
"10001",2002-05-01,"May 2002","All",591,"Scss","Under Construction"
"10001",2002-06-01,"Jun 2002","Single",528,"Scss","Under Construction"
"10001",2002-06-01,"Jun 2002","Semi-Detached",18,"Scss","Under Construction"
"10001",2002-06-01,"Jun 2002","Row",23,"Scss","Under Construction"
"10001",2002-06-01,"Jun 2002","Apartment",123,"Scss","Under Construction"
"10001",2002-06-01,"Jun 2002","All",692,"Scss","Under Construction"
"10001",2002-07-01,"Jul 2002","Single",586,"Scss","Under Construction"
"10001",2002-07-01,"Jul 2002","Semi-Detached",18,"Scss","Under Construction"
"10001",2002-07-01,"Jul 2002","Row",28,"Scss","Under Construction"
"10001",2002-07-01,"Jul 2002","Apartment",145,"Scss","Under Construction"
"10001",2002-07-01,"Jul 2002","All",777,"Scss","Under Construction"
"10001",2002-08-01,"Aug 2002","Single",574,"Scss","Under Construction"
"10001",2002-08-01,"Aug 2002","Semi-Detached",20,"Scss","Under Construction"
"10001",2002-08-01,"Aug 2002","Row",28,"Scss","Under Construction"
"10001",2002-08-01,"Aug 2002","Apartment",147,"Scss","Under Construction"
"10001",2002-08-01,"Aug 2002","All",769,"Scss","Under Construction"
"10001",2002-09-01,"Sep 2002","Single",602,"Scss","Under Construction"
"10001",2002-09-01,"Sep 2002","Semi-Detached",18,"Scss","Under Construction"
"10001",2002-09-01,"Sep 2002","Row",28,"Scss","Under Construction"
"10001",2002-09-01,"Sep 2002","Apartment",151,"Scss","Under Construction"
"10001",2002-09-01,"Sep 2002","All",799,"Scss","Under Construction"
"10001",2002-10-01,"Oct 2002","Single",598,"Scss","Under Construction"
"10001",2002-10-01,"Oct 2002","Semi-Detached",26,"Scss","Under Construction"
"10001",2002-10-01,"Oct 2002","Row",30,"Scss","Under Construction"
"10001",2002-10-01,"Oct 2002","Apartment",118,"Scss","Under Construction"
"10001",2002-10-01,"Oct 2002","All",772,"Scss","Under Construction"
"10001",2002-11-01,"Nov 2002","Single",570,"Scss","Under Construction"
"10001",2002-11-01,"Nov 2002","Semi-Detached",24,"Scss","Under Construction"
"10001",2002-11-01,"Nov 2002","Row",30,"Scss","Under Construction"
"10001",2002-11-01,"Nov 2002","Apartment",106,"Scss","Under Construction"
"10001",2002-11-01,"Nov 2002","All",730,"Scss","Under Construction"
"10001",2002-12-01,"Dec 2002","Single",513,"Scss","Under Construction"
"10001",2002-12-01,"Dec 2002","Semi-Detached",24,"Scss","Under Construction"
"10001",2002-12-01,"Dec 2002","Row",38,"Scss","Under Construction"
"10001",2002-12-01,"Dec 2002","Apartment",102,"Scss","Under Construction"
"10001",2002-12-01,"Dec 2002","All",677,"Scss","Under Construction"
"10001",2003-01-01,"Jan 2003","Single",488,"Scss","Under Construction"
"10001",2003-01-01,"Jan 2003","Semi-Detached",24,"Scss","Under Construction"
"10001",2003-01-01,"Jan 2003","Row",39,"Scss","Under Construction"
"10001",2003-01-01,"Jan 2003","Apartment",92,"Scss","Under Construction"
"10001",2003-01-01,"Jan 2003","All",643,"Scss","Under Construction"
"10001",2003-02-01,"Feb 2003","Single",424,"Scss","Under Construction"
"10001",2003-02-01,"Feb 2003","Semi-Detached",22,"Scss","Under Construction"
"10001",2003-02-01,"Feb 2003","Row",47,"Scss","Under Construction"
"10001",2003-02-01,"Feb 2003","Apartment",92,"Scss","Under Construction"
"10001",2003-02-01,"Feb 2003","All",585,"Scss","Under Construction"
"10001",2003-03-01,"Mar 2003","Single",373,"Scss","Under Construction"
"10001",2003-03-01,"Mar 2003","Semi-Detached",14,"Scss","Under Construction"
"10001",2003-03-01,"Mar 2003","Row",39,"Scss","Under Construction"
"10001",2003-03-01,"Mar 2003","Apartment",38,"Scss","Under Construction"
"10001",2003-03-01,"Mar 2003","All",464,"Scss","Under Construction"
"10001",2003-04-01,"Apr 2003","Single",357,"Scss","Under Construction"
"10001",2003-04-01,"Apr 2003","Semi-Detached",14,"Scss","Under Construction"
"10001",2003-04-01,"Apr 2003","Row",53,"Scss","Under Construction"
"10001",2003-04-01,"Apr 2003","Apartment",50,"Scss","Under Construction"
"10001",2003-04-01,"Apr 2003","All",474,"Scss","Under Construction"
"10001",2003-05-01,"May 2003","Single",457,"Scss","Under Construction"
"10001",2003-05-01,"May 2003","Semi-Detached",10,"Scss","Under Construction"
"10001",2003-05-01,"May 2003","Row",65,"Scss","Under Construction"
"10001",2003-05-01,"May 2003","Apartment",80,"Scss","Under Construction"
"10001",2003-05-01,"May 2003","All",612,"Scss","Under Construction"
"10001",2003-06-01,"Jun 2003","Single",555,"Scss","Under Construction"
"10001",2003-06-01,"Jun 2003","Semi-Detached",18,"Scss","Under Construction"
"10001",2003-06-01,"Jun 2003","Row",70,"Scss","Under Construction"
"10001",2003-06-01,"Jun 2003","Apartment",96,"Scss","Under Construction"
"10001",2003-06-01,"Jun 2003","All",739,"Scss","Under Construction"
"10001",2003-07-01,"Jul 2003","Single",601,"Scss","Under Construction"
"10001",2003-07-01,"Jul 2003","Semi-Detached",26,"Scss","Under Construction"
"10001",2003-07-01,"Jul 2003","Row",78,"Scss","Under Construction"
"10001",2003-07-01,"Jul 2003","Apartment",96,"Scss","Under Construction"
"10001",2003-07-01,"Jul 2003","All",801,"Scss","Under Construction"
"10001",2003-08-01,"Aug 2003","Single",621,"Scss","Under Construction"
"10001",2003-08-01,"Aug 2003","Semi-Detached",28,"Scss","Under Construction"
"10001",2003-08-01,"Aug 2003","Row",81,"Scss","Under Construction"
"10001",2003-08-01,"Aug 2003","Apartment",114,"Scss","Under Construction"
"10001",2003-08-01,"Aug 2003","All",844,"Scss","Under Construction"
"10001",2003-09-01,"Sep 2003","Single",639,"Scss","Under Construction"
"10001",2003-09-01,"Sep 2003","Semi-Detached",30,"Scss","Under Construction"
"10001",2003-09-01,"Sep 2003","Row",71,"Scss","Under Construction"
"10001",2003-09-01,"Sep 2003","Apartment",112,"Scss","Under Construction"
"10001",2003-09-01,"Sep 2003","All",852,"Scss","Under Construction"
"10001",2003-10-01,"Oct 2003","Single",648,"Scss","Under Construction"
"10001",2003-10-01,"Oct 2003","Semi-Detached",32,"Scss","Under Construction"
"10001",2003-10-01,"Oct 2003","Row",89,"Scss","Under Construction"
"10001",2003-10-01,"Oct 2003","Apartment",135,"Scss","Under Construction"
"10001",2003-10-01,"Oct 2003","All",904,"Scss","Under Construction"
"10001",2003-11-01,"Nov 2003","Single",645,"Scss","Under Construction"
"10001",2003-11-01,"Nov 2003","Semi-Detached",36,"Scss","Under Construction"
"10001",2003-11-01,"Nov 2003","Row",98,"Scss","Under Construction"
"10001",2003-11-01,"Nov 2003","Apartment",159,"Scss","Under Construction"
"10001",2003-11-01,"Nov 2003","All",938,"Scss","Under Construction"
"10001",2003-12-01,"Dec 2003","Single",605,"Scss","Under Construction"
"10001",2003-12-01,"Dec 2003","Semi-Detached",44,"Scss","Under Construction"
"10001",2003-12-01,"Dec 2003","Row",95,"Scss","Under Construction"
"10001",2003-12-01,"Dec 2003","Apartment",157,"Scss","Under Construction"
"10001",2003-12-01,"Dec 2003","All",901,"Scss","Under Construction"
"10001",2004-01-01,"Jan 2004","Single",577,"Scss","Under Construction"
"10001",2004-01-01,"Jan 2004","Semi-Detached",44,"Scss","Under Construction"
"10001",2004-01-01,"Jan 2004","Row",95,"Scss","Under Construction"
"10001",2004-01-01,"Jan 2004","Apartment",161,"Scss","Under Construction"
"10001",2004-01-01,"Jan 2004","All",877,"Scss","Under Construction"
"10001",2004-02-01,"Feb 2004","Single",510,"Scss","Under Construction"
"10001",2004-02-01,"Feb 2004","Semi-Detached",60,"Scss","Under Construction"
"10001",2004-02-01,"Feb 2004","Row",73,"Scss","Under Construction"
"10001",2004-02-01,"Feb 2004","Apartment",171,"Scss","Under Construction"
"10001",2004-02-01,"Feb 2004","All",814,"Scss","Under Construction"
"10001",2004-03-01,"Mar 2004","Single",454,"Scss","Under Construction"
"10001",2004-03-01,"Mar 2004","Semi-Detached",66,"Scss","Under Construction"
"10001",2004-03-01,"Mar 2004","Row",69,"Scss","Under Construction"
"10001",2004-03-01,"Mar 2004","Apartment",127,"Scss","Under Construction"
"10001",2004-03-01,"Mar 2004","All",716,"Scss","Under Construction"
"10001",2004-04-01,"Apr 2004","Single",463,"Scss","Under Construction"
"10001",2004-04-01,"Apr 2004","Semi-Detached",90,"Scss","Under Construction"
"10001",2004-04-01,"Apr 2004","Row",72,"Scss","Under Construction"
"10001",2004-04-01,"Apr 2004","Apartment",103,"Scss","Under Construction"
"10001",2004-04-01,"Apr 2004","All",728,"Scss","Under Construction"
"10001",2004-05-01,"May 2004","Single",490,"Scss","Under Construction"
"10001",2004-05-01,"May 2004","Semi-Detached",96,"Scss","Under Construction"
"10001",2004-05-01,"May 2004","Row",72,"Scss","Under Construction"
"10001",2004-05-01,"May 2004","Apartment",125,"Scss","Under Construction"
"10001",2004-05-01,"May 2004","All",783,"Scss","Under Construction"
"10001",2004-06-01,"Jun 2004","Single",593,"Scss","Under Construction"
"10001",2004-06-01,"Jun 2004","Semi-Detached",116,"Scss","Under Construction"
"10001",2004-06-01,"Jun 2004","Row",63,"Scss","Under Construction"
"10001",2004-06-01,"Jun 2004","Apartment",153,"Scss","Under Construction"
"10001",2004-06-01,"Jun 2004","All",925,"Scss","Under Construction"
"10001",2004-07-01,"Jul 2004","Single",653,"Scss","Under Construction"
"10001",2004-07-01,"Jul 2004","Semi-Detached",112,"Scss","Under Construction"
"10001",2004-07-01,"Jul 2004","Row",73,"Scss","Under Construction"
"10001",2004-07-01,"Jul 2004","Apartment",147,"Scss","Under Construction"
"10001",2004-07-01,"Jul 2004","All",985,"Scss","Under Construction"
"10001",2004-08-01,"Aug 2004","Single",681,"Scss","Under Construction"
"10001",2004-08-01,"Aug 2004","Semi-Detached",94,"Scss","Under Construction"
"10001",2004-08-01,"Aug 2004","Row",76,"Scss","Under Construction"
"10001",2004-08-01,"Aug 2004","Apartment",149,"Scss","Under Construction"
"10001",2004-08-01,"Aug 2004","All",1000,"Scss","Under Construction"
"10001",2004-09-01,"Sep 2004","Single",690,"Scss","Under Construction"
"10001",2004-09-01,"Sep 2004","Semi-Detached",98,"Scss","Under Construction"
"10001",2004-09-01,"Sep 2004","Row",57,"Scss","Under Construction"
"10001",2004-09-01,"Sep 2004","Apartment",141,"Scss","Under Construction"
"10001",2004-09-01,"Sep 2004","All",986,"Scss","Under Construction"
"10001",2004-10-01,"Oct 2004","Single",682,"Scss","Under Construction"
"10001",2004-10-01,"Oct 2004","Semi-Detached",90,"Scss","Under Construction"
"10001",2004-10-01,"Oct 2004","Row",58,"Scss","Under Construction"
"10001",2004-10-01,"Oct 2004","Apartment",173,"Scss","Under Construction"
"10001",2004-10-01,"Oct 2004","All",1003,"Scss","Under Construction"
"10001",2004-11-01,"Nov 2004","Single",716,"Scss","Under Construction"
"10001",2004-11-01,"Nov 2004","Semi-Detached",98,"Scss","Under Construction"
"10001",2004-11-01,"Nov 2004","Row",49,"Scss","Under Construction"
"10001",2004-11-01,"Nov 2004","Apartment",189,"Scss","Under Construction"
"10001",2004-11-01,"Nov 2004","All",1052,"Scss","Under Construction"
"10001",2004-12-01,"Dec 2004","Single",698,"Scss","Under Construction"
"10001",2004-12-01,"Dec 2004","Semi-Detached",136,"Scss","Under Construction"
"10001",2004-12-01,"Dec 2004","Row",45,"Scss","Under Construction"
"10001",2004-12-01,"Dec 2004","Apartment",187,"Scss","Under Construction"
"10001",2004-12-01,"Dec 2004","All",1066,"Scss","Under Construction"
"10001",2005-01-01,"Jan 2005","Single",639,"Scss","Under Construction"
"10001",2005-01-01,"Jan 2005","Semi-Detached",142,"Scss","Under Construction"
"10001",2005-01-01,"Jan 2005","Row",45,"Scss","Under Construction"
"10001",2005-01-01,"Jan 2005","Apartment",181,"Scss","Under Construction"
"10001",2005-01-01,"Jan 2005","All",1007,"Scss","Under Construction"
"10001",2005-02-01,"Feb 2005","Single",577,"Scss","Under Construction"
"10001",2005-02-01,"Feb 2005","Semi-Detached",128,"Scss","Under Construction"
"10001",2005-02-01,"Feb 2005","Row",37,"Scss","Under Construction"
"10001",2005-02-01,"Feb 2005","Apartment",188,"Scss","Under Construction"
"10001",2005-02-01,"Feb 2005","All",930,"Scss","Under Construction"
"10001",2005-03-01,"Mar 2005","Single",559,"Scss","Under Construction"
"10001",2005-03-01,"Mar 2005","Semi-Detached",134,"Scss","Under Construction"
"10001",2005-03-01,"Mar 2005","Row",29,"Scss","Under Construction"
"10001",2005-03-01,"Mar 2005","Apartment",178,"Scss","Under Construction"
"10001",2005-03-01,"Mar 2005","All",900,"Scss","Under Construction"
"10001",2005-04-01,"Apr 2005","Single",547,"Scss","Under Construction"
"10001",2005-04-01,"Apr 2005","Semi-Detached",132,"Scss","Under Construction"
"10001",2005-04-01,"Apr 2005","Row",23,"Scss","Under Construction"
"10001",2005-04-01,"Apr 2005","Apartment",166,"Scss","Under Construction"
"10001",2005-04-01,"Apr 2005","All",868,"Scss","Under Construction"
"10001",2005-05-01,"May 2005","Single",586,"Scss","Under Construction"
"10001",2005-05-01,"May 2005","Semi-Detached",134,"Scss","Under Construction"
"10001",2005-05-01,"May 2005","Row",17,"Scss","Under Construction"
"10001",2005-05-01,"May 2005","Apartment",172,"Scss","Under Construction"
"10001",2005-05-01,"May 2005","All",909,"Scss","Under Construction"
"10001",2005-06-01,"Jun 2005","Single",626,"Scss","Under Construction"
"10001",2005-06-01,"Jun 2005","Semi-Detached",130,"Scss","Under Construction"
"10001",2005-06-01,"Jun 2005","Row",11,"Scss","Under Construction"
"10001",2005-06-01,"Jun 2005","Apartment",135,"Scss","Under Construction"
"10001",2005-06-01,"Jun 2005","All",902,"Scss","Under Construction"
"10001",2005-07-01,"Jul 2005","Single",662,"Scss","Under Construction"
"10001",2005-07-01,"Jul 2005","Semi-Detached",114,"Scss","Under Construction"
"10001",2005-07-01,"Jul 2005","Row",11,"Scss","Under Construction"
"10001",2005-07-01,"Jul 2005","Apartment",163,"Scss","Under Construction"
"10001",2005-07-01,"Jul 2005","All",950,"Scss","Under Construction"
"10001",2005-08-01,"Aug 2005","Single",685,"Scss","Under Construction"
"10001",2005-08-01,"Aug 2005","Semi-Detached",126,"Scss","Under Construction"
"10001",2005-08-01,"Aug 2005","Row",17,"Scss","Under Construction"
"10001",2005-08-01,"Aug 2005","Apartment",171,"Scss","Under Construction"
"10001",2005-08-01,"Aug 2005","All",999,"Scss","Under Construction"
"10001",2005-09-01,"Sep 2005","Single",695,"Scss","Under Construction"
"10001",2005-09-01,"Sep 2005","Semi-Detached",100,"Scss","Under Construction"
"10001",2005-09-01,"Sep 2005","Row",20,"Scss","Under Construction"
"10001",2005-09-01,"Sep 2005","Apartment",175,"Scss","Under Construction"
"10001",2005-09-01,"Sep 2005","All",990,"Scss","Under Construction"
"10001",2005-10-01,"Oct 2005","Single",685,"Scss","Under Construction"
"10001",2005-10-01,"Oct 2005","Semi-Detached",98,"Scss","Under Construction"
"10001",2005-10-01,"Oct 2005","Row",23,"Scss","Under Construction"
"10001",2005-10-01,"Oct 2005","Apartment",177,"Scss","Under Construction"
"10001",2005-10-01,"Oct 2005","All",983,"Scss","Under Construction"
"10001",2005-11-01,"Nov 2005","Single",654,"Scss","Under Construction"
"10001",2005-11-01,"Nov 2005","Semi-Detached",102,"Scss","Under Construction"
"10001",2005-11-01,"Nov 2005","Row",29,"Scss","Under Construction"
"10001",2005-11-01,"Nov 2005","Apartment",169,"Scss","Under Construction"
"10001",2005-11-01,"Nov 2005","All",954,"Scss","Under Construction"
"10001",2005-12-01,"Dec 2005","Single",625,"Scss","Under Construction"
"10001",2005-12-01,"Dec 2005","Semi-Detached",96,"Scss","Under Construction"
"10001",2005-12-01,"Dec 2005","Row",41,"Scss","Under Construction"
"10001",2005-12-01,"Dec 2005","Apartment",167,"Scss","Under Construction"
"10001",2005-12-01,"Dec 2005","All",929,"Scss","Under Construction"
"10001",2006-01-01,"Jan 2006","Single",623,"Scss","Under Construction"
"10001",2006-01-01,"Jan 2006","Semi-Detached",98,"Scss","Under Construction"
"10001",2006-01-01,"Jan 2006","Row",41,"Scss","Under Construction"
"10001",2006-01-01,"Jan 2006","Apartment",173,"Scss","Under Construction"
"10001",2006-01-01,"Jan 2006","All",935,"Scss","Under Construction"
"10001",2006-02-01,"Feb 2006","Single",567,"Scss","Under Construction"
"10001",2006-02-01,"Feb 2006","Semi-Detached",106,"Scss","Under Construction"
"10001",2006-02-01,"Feb 2006","Row",38,"Scss","Under Construction"
"10001",2006-02-01,"Feb 2006","Apartment",147,"Scss","Under Construction"
"10001",2006-02-01,"Feb 2006","All",858,"Scss","Under Construction"
"10001",2006-03-01,"Mar 2006","Single",528,"Scss","Under Construction"
"10001",2006-03-01,"Mar 2006","Semi-Detached",104,"Scss","Under Construction"
"10001",2006-03-01,"Mar 2006","Row",34,"Scss","Under Construction"
"10001",2006-03-01,"Mar 2006","Apartment",123,"Scss","Under Construction"
"10001",2006-03-01,"Mar 2006","All",789,"Scss","Under Construction"
"10001",2006-04-01,"Apr 2006","Single",458,"Scss","Under Construction"
"10001",2006-04-01,"Apr 2006","Semi-Detached",100,"Scss","Under Construction"
"10001",2006-04-01,"Apr 2006","Row",34,"Scss","Under Construction"
"10001",2006-04-01,"Apr 2006","Apartment",113,"Scss","Under Construction"
"10001",2006-04-01,"Apr 2006","All",705,"Scss","Under Construction"
"10001",2006-05-01,"May 2006","Single",480,"Scss","Under Construction"
"10001",2006-05-01,"May 2006","Semi-Detached",114,"Scss","Under Construction"
"10001",2006-05-01,"May 2006","Row",34,"Scss","Under Construction"
"10001",2006-05-01,"May 2006","Apartment",113,"Scss","Under Construction"
"10001",2006-05-01,"May 2006","All",741,"Scss","Under Construction"
"10001",2006-06-01,"Jun 2006","Single",566,"Scss","Under Construction"
"10001",2006-06-01,"Jun 2006","Semi-Detached",106,"Scss","Under Construction"
"10001",2006-06-01,"Jun 2006","Row",28,"Scss","Under Construction"
"10001",2006-06-01,"Jun 2006","Apartment",129,"Scss","Under Construction"
"10001",2006-06-01,"Jun 2006","All",829,"Scss","Under Construction"
"10001",2006-07-01,"Jul 2006","Single",593,"Scss","Under Construction"
"10001",2006-07-01,"Jul 2006","Semi-Detached",88,"Scss","Under Construction"
"10001",2006-07-01,"Jul 2006","Row",19,"Scss","Under Construction"
"10001",2006-07-01,"Jul 2006","Apartment",129,"Scss","Under Construction"
"10001",2006-07-01,"Jul 2006","All",829,"Scss","Under Construction"
"10001",2006-08-01,"Aug 2006","Single",626,"Scss","Under Construction"
"10001",2006-08-01,"Aug 2006","Semi-Detached",100,"Scss","Under Construction"
"10001",2006-08-01,"Aug 2006","Row",24,"Scss","Under Construction"
"10001",2006-08-01,"Aug 2006","Apartment",137,"Scss","Under Construction"
"10001",2006-08-01,"Aug 2006","All",887,"Scss","Under Construction"
"10001",2006-09-01,"Sep 2006","Single",647,"Scss","Under Construction"
"10001",2006-09-01,"Sep 2006","Semi-Detached",80,"Scss","Under Construction"
"10001",2006-09-01,"Sep 2006","Row",24,"Scss","Under Construction"
"10001",2006-09-01,"Sep 2006","Apartment",139,"Scss","Under Construction"
"10001",2006-09-01,"Sep 2006","All",890,"Scss","Under Construction"
"10001",2006-10-01,"Oct 2006","Single",656,"Scss","Under Construction"
"10001",2006-10-01,"Oct 2006","Semi-Detached",66,"Scss","Under Construction"
"10001",2006-10-01,"Oct 2006","Row",24,"Scss","Under Construction"
"10001",2006-10-01,"Oct 2006","Apartment",133,"Scss","Under Construction"
"10001",2006-10-01,"Oct 2006","All",879,"Scss","Under Construction"
"10001",2006-11-01,"Nov 2006","Single",593,"Scss","Under Construction"
"10001",2006-11-01,"Nov 2006","Semi-Detached",58,"Scss","Under Construction"
"10001",2006-11-01,"Nov 2006","Row",26,"Scss","Under Construction"
"10001",2006-11-01,"Nov 2006","Apartment",145,"Scss","Under Construction"
"10001",2006-11-01,"Nov 2006","All",822,"Scss","Under Construction"
"10001",2006-12-01,"Dec 2006","Single",559,"Scss","Under Construction"
"10001",2006-12-01,"Dec 2006","Semi-Detached",44,"Scss","Under Construction"
"10001",2006-12-01,"Dec 2006","Row",20,"Scss","Under Construction"
"10001",2006-12-01,"Dec 2006","Apartment",164,"Scss","Under Construction"
"10001",2006-12-01,"Dec 2006","All",787,"Scss","Under Construction"
"10001",2007-01-01,"Jan 2007","Single",536,"Scss","Under Construction"
"10001",2007-01-01,"Jan 2007","Semi-Detached",44,"Scss","Under Construction"
"10001",2007-01-01,"Jan 2007","Row",20,"Scss","Under Construction"
"10001",2007-01-01,"Jan 2007","Apartment",152,"Scss","Under Construction"
"10001",2007-01-01,"Jan 2007","All",752,"Scss","Under Construction"
"10001",2007-02-01,"Feb 2007","Single",510,"Scss","Under Construction"
"10001",2007-02-01,"Feb 2007","Semi-Detached",36,"Scss","Under Construction"
"10001",2007-02-01,"Feb 2007","Row",20,"Scss","Under Construction"
"10001",2007-02-01,"Feb 2007","Apartment",178,"Scss","Under Construction"
"10001",2007-02-01,"Feb 2007","All",744,"Scss","Under Construction"
"10001",2007-03-01,"Mar 2007","Single",468,"Scss","Under Construction"
"10001",2007-03-01,"Mar 2007","Semi-Detached",30,"Scss","Under Construction"
"10001",2007-03-01,"Mar 2007","Row",20,"Scss","Under Construction"
"10001",2007-03-01,"Mar 2007","Apartment",132,"Scss","Under Construction"
"10001",2007-03-01,"Mar 2007","All",650,"Scss","Under Construction"
"10001",2007-04-01,"Apr 2007","Single",484,"Scss","Under Construction"
"10001",2007-04-01,"Apr 2007","Semi-Detached",32,"Scss","Under Construction"
"10001",2007-04-01,"Apr 2007","Row",20,"Scss","Under Construction"
"10001",2007-04-01,"Apr 2007","Apartment",116,"Scss","Under Construction"
"10001",2007-04-01,"Apr 2007","All",652,"Scss","Under Construction"
"10001",2007-05-01,"May 2007","Single",486,"Scss","Under Construction"
"10001",2007-05-01,"May 2007","Semi-Detached",32,"Scss","Under Construction"
"10001",2007-05-01,"May 2007","Row",23,"Scss","Under Construction"
"10001",2007-05-01,"May 2007","Apartment",108,"Scss","Under Construction"
"10001",2007-05-01,"May 2007","All",649,"Scss","Under Construction"
"10001",2007-06-01,"Jun 2007","Single",555,"Scss","Under Construction"
"10001",2007-06-01,"Jun 2007","Semi-Detached",46,"Scss","Under Construction"
"10001",2007-06-01,"Jun 2007","Row",32,"Scss","Under Construction"
"10001",2007-06-01,"Jun 2007","Apartment",92,"Scss","Under Construction"
"10001",2007-06-01,"Jun 2007","All",725,"Scss","Under Construction"
"10001",2007-07-01,"Jul 2007","Single",624,"Scss","Under Construction"
"10001",2007-07-01,"Jul 2007","Semi-Detached",48,"Scss","Under Construction"
"10001",2007-07-01,"Jul 2007","Row",24,"Scss","Under Construction"
"10001",2007-07-01,"Jul 2007","Apartment",90,"Scss","Under Construction"
"10001",2007-07-01,"Jul 2007","All",786,"Scss","Under Construction"
"10001",2007-08-01,"Aug 2007","Single",676,"Scss","Under Construction"
"10001",2007-08-01,"Aug 2007","Semi-Detached",54,"Scss","Under Construction"
"10001",2007-08-01,"Aug 2007","Row",24,"Scss","Under Construction"
"10001",2007-08-01,"Aug 2007","Apartment",102,"Scss","Under Construction"
"10001",2007-08-01,"Aug 2007","All",856,"Scss","Under Construction"
"10001",2007-09-01,"Sep 2007","Single",726,"Scss","Under Construction"
"10001",2007-09-01,"Sep 2007","Semi-Detached",52,"Scss","Under Construction"
"10001",2007-09-01,"Sep 2007","Row",27,"Scss","Under Construction"
"10001",2007-09-01,"Sep 2007","Apartment",132,"Scss","Under Construction"
"10001",2007-09-01,"Sep 2007","All",937,"Scss","Under Construction"
"10001",2007-10-01,"Oct 2007","Single",723,"Scss","Under Construction"
"10001",2007-10-01,"Oct 2007","Semi-Detached",38,"Scss","Under Construction"
"10001",2007-10-01,"Oct 2007","Row",26,"Scss","Under Construction"
"10001",2007-10-01,"Oct 2007","Apartment",142,"Scss","Under Construction"
"10001",2007-10-01,"Oct 2007","All",929,"Scss","Under Construction"
"10001",2007-11-01,"Nov 2007","Single",723,"Scss","Under Construction"
"10001",2007-11-01,"Nov 2007","Semi-Detached",56,"Scss","Under Construction"
"10001",2007-11-01,"Nov 2007","Row",26,"Scss","Under Construction"
"10001",2007-11-01,"Nov 2007","Apartment",154,"Scss","Under Construction"
"10001",2007-11-01,"Nov 2007","All",959,"Scss","Under Construction"
"10001",2007-12-01,"Dec 2007","Single",737,"Scss","Under Construction"
"10001",2007-12-01,"Dec 2007","Semi-Detached",50,"Scss","Under Construction"
"10001",2007-12-01,"Dec 2007","Row",26,"Scss","Under Construction"
"10001",2007-12-01,"Dec 2007","Apartment",162,"Scss","Under Construction"
"10001",2007-12-01,"Dec 2007","All",975,"Scss","Under Construction"
"10001",2008-01-01,"Jan 2008","Single",707,"Scss","Under Construction"
"10001",2008-01-01,"Jan 2008","Semi-Detached",52,"Scss","Under Construction"
"10001",2008-01-01,"Jan 2008","Row",26,"Scss","Under Construction"
"10001",2008-01-01,"Jan 2008","Apartment",160,"Scss","Under Construction"
"10001",2008-01-01,"Jan 2008","All",945,"Scss","Under Construction"
"10001",2008-02-01,"Feb 2008","Single",659,"Scss","Under Construction"
"10001",2008-02-01,"Feb 2008","Semi-Detached",36,"Scss","Under Construction"
"10001",2008-02-01,"Feb 2008","Row",28,"Scss","Under Construction"
"10001",2008-02-01,"Feb 2008","Apartment",160,"Scss","Under Construction"
"10001",2008-02-01,"Feb 2008","All",883,"Scss","Under Construction"
"10001",2008-03-01,"Mar 2008","Single",653,"Scss","Under Construction"
"10001",2008-03-01,"Mar 2008","Semi-Detached",34,"Scss","Under Construction"
"10001",2008-03-01,"Mar 2008","Row",22,"Scss","Under Construction"
"10001",2008-03-01,"Mar 2008","Apartment",150,"Scss","Under Construction"
"10001",2008-03-01,"Mar 2008","All",859,"Scss","Under Construction"
"10001",2008-04-01,"Apr 2008","Single",604,"Scss","Under Construction"
"10001",2008-04-01,"Apr 2008","Semi-Detached",36,"Scss","Under Construction"
"10001",2008-04-01,"Apr 2008","Row",22,"Scss","Under Construction"
"10001",2008-04-01,"Apr 2008","Apartment",138,"Scss","Under Construction"
"10001",2008-04-01,"Apr 2008","All",800,"Scss","Under Construction"
"10001",2008-05-01,"May 2008","Single",694,"Scss","Under Construction"
"10001",2008-05-01,"May 2008","Semi-Detached",30,"Scss","Under Construction"
"10001",2008-05-01,"May 2008","Row",19,"Scss","Under Construction"
"10001",2008-05-01,"May 2008","Apartment",180,"Scss","Under Construction"
"10001",2008-05-01,"May 2008","All",923,"Scss","Under Construction"
"10001",2008-06-01,"Jun 2008","Single",721,"Scss","Under Construction"
"10001",2008-06-01,"Jun 2008","Semi-Detached",34,"Scss","Under Construction"
"10001",2008-06-01,"Jun 2008","Row",15,"Scss","Under Construction"
"10001",2008-06-01,"Jun 2008","Apartment",192,"Scss","Under Construction"
"10001",2008-06-01,"Jun 2008","All",962,"Scss","Under Construction"
"10001",2008-07-01,"Jul 2008","Single",818,"Scss","Under Construction"
"10001",2008-07-01,"Jul 2008","Semi-Detached",18,"Scss","Under Construction"
"10001",2008-07-01,"Jul 2008","Row",24,"Scss","Under Construction"
"10001",2008-07-01,"Jul 2008","Apartment",144,"Scss","Under Construction"
"10001",2008-07-01,"Jul 2008","All",1004,"Scss","Under Construction"
"10001",2008-08-01,"Aug 2008","Single",899,"Scss","Under Construction"
"10001",2008-08-01,"Aug 2008","Semi-Detached",46,"Scss","Under Construction"
"10001",2008-08-01,"Aug 2008","Row",18,"Scss","Under Construction"
"10001",2008-08-01,"Aug 2008","Apartment",174,"Scss","Under Construction"
"10001",2008-08-01,"Aug 2008","All",1137,"Scss","Under Construction"
"10001",2008-09-01,"Sep 2008","Single",995,"Scss","Under Construction"
"10001",2008-09-01,"Sep 2008","Semi-Detached",48,"Scss","Under Construction"
"10001",2008-09-01,"Sep 2008","Row",33,"Scss","Under Construction"
"10001",2008-09-01,"Sep 2008","Apartment",188,"Scss","Under Construction"
"10001",2008-09-01,"Sep 2008","All",1264,"Scss","Under Construction"
"10001",2008-10-01,"Oct 2008","Single",1018,"Scss","Under Construction"
"10001",2008-10-01,"Oct 2008","Semi-Detached",66,"Scss","Under Construction"
"10001",2008-10-01,"Oct 2008","Row",31,"Scss","Under Construction"
"10001",2008-10-01,"Oct 2008","Apartment",188,"Scss","Under Construction"
"10001",2008-10-01,"Oct 2008","All",1303,"Scss","Under Construction"
"10001",2008-11-01,"Nov 2008","Single",1046,"Scss","Under Construction"
"10001",2008-11-01,"Nov 2008","Semi-Detached",62,"Scss","Under Construction"
"10001",2008-11-01,"Nov 2008","Row",31,"Scss","Under Construction"
"10001",2008-11-01,"Nov 2008","Apartment",195,"Scss","Under Construction"
"10001",2008-11-01,"Nov 2008","All",1334,"Scss","Under Construction"
"10001",2008-12-01,"Dec 2008","Single",1060,"Scss","Under Construction"
"10001",2008-12-01,"Dec 2008","Semi-Detached",80,"Scss","Under Construction"
"10001",2008-12-01,"Dec 2008","Row",41,"Scss","Under Construction"
"10001",2008-12-01,"Dec 2008","Apartment",211,"Scss","Under Construction"
"10001",2008-12-01,"Dec 2008","All",1392,"Scss","Under Construction"
"10001",2009-01-01,"Jan 2009","Single",1088,"Scss","Under Construction"
"10001",2009-01-01,"Jan 2009","Semi-Detached",78,"Scss","Under Construction"
"10001",2009-01-01,"Jan 2009","Row",41,"Scss","Under Construction"
"10001",2009-01-01,"Jan 2009","Apartment",205,"Scss","Under Construction"
"10001",2009-01-01,"Jan 2009","All",1412,"Scss","Under Construction"
"10001",2009-02-01,"Feb 2009","Single",1021,"Scss","Under Construction"
"10001",2009-02-01,"Feb 2009","Semi-Detached",70,"Scss","Under Construction"
"10001",2009-02-01,"Feb 2009","Row",40,"Scss","Under Construction"
"10001",2009-02-01,"Feb 2009","Apartment",197,"Scss","Under Construction"
"10001",2009-02-01,"Feb 2009","All",1328,"Scss","Under Construction"
"10001",2009-03-01,"Mar 2009","Single",954,"Scss","Under Construction"
"10001",2009-03-01,"Mar 2009","Semi-Detached",64,"Scss","Under Construction"
"10001",2009-03-01,"Mar 2009","Row",40,"Scss","Under Construction"
"10001",2009-03-01,"Mar 2009","Apartment",187,"Scss","Under Construction"
"10001",2009-03-01,"Mar 2009","All",1245,"Scss","Under Construction"
"10001",2009-04-01,"Apr 2009","Single",960,"Scss","Under Construction"
"10001",2009-04-01,"Apr 2009","Semi-Detached",60,"Scss","Under Construction"
"10001",2009-04-01,"Apr 2009","Row",40,"Scss","Under Construction"
"10001",2009-04-01,"Apr 2009","Apartment",179,"Scss","Under Construction"
"10001",2009-04-01,"Apr 2009","All",1239,"Scss","Under Construction"
"10001",2009-05-01,"May 2009","Single",995,"Scss","Under Construction"
"10001",2009-05-01,"May 2009","Semi-Detached",58,"Scss","Under Construction"
"10001",2009-05-01,"May 2009","Row",45,"Scss","Under Construction"
"10001",2009-05-01,"May 2009","Apartment",156,"Scss","Under Construction"
"10001",2009-05-01,"May 2009","All",1254,"Scss","Under Construction"
"10001",2009-06-01,"Jun 2009","Single",1035,"Scss","Under Construction"
"10001",2009-06-01,"Jun 2009","Semi-Detached",56,"Scss","Under Construction"
"10001",2009-06-01,"Jun 2009","Row",26,"Scss","Under Construction"
"10001",2009-06-01,"Jun 2009","Apartment",160,"Scss","Under Construction"
"10001",2009-06-01,"Jun 2009","All",1277,"Scss","Under Construction"
"10001",2009-07-01,"Jul 2009","Single",1083,"Scss","Under Construction"
"10001",2009-07-01,"Jul 2009","Semi-Detached",58,"Scss","Under Construction"
"10001",2009-07-01,"Jul 2009","Row",32,"Scss","Under Construction"
"10001",2009-07-01,"Jul 2009","Apartment",175,"Scss","Under Construction"
"10001",2009-07-01,"Jul 2009","All",1348,"Scss","Under Construction"
"10001",2009-08-01,"Aug 2009","Single",1112,"Scss","Under Construction"
"10001",2009-08-01,"Aug 2009","Semi-Detached",58,"Scss","Under Construction"
"10001",2009-08-01,"Aug 2009","Row",28,"Scss","Under Construction"
"10001",2009-08-01,"Aug 2009","Apartment",181,"Scss","Under Construction"
"10001",2009-08-01,"Aug 2009","All",1379,"Scss","Under Construction"
"10001",2009-09-01,"Sep 2009","Single",1100,"Scss","Under Construction"
"10001",2009-09-01,"Sep 2009","Semi-Detached",46,"Scss","Under Construction"
"10001",2009-09-01,"Sep 2009","Row",28,"Scss","Under Construction"
"10001",2009-09-01,"Sep 2009","Apartment",179,"Scss","Under Construction"
"10001",2009-09-01,"Sep 2009","All",1353,"Scss","Under Construction"
"10001",2009-10-01,"Oct 2009","Single",1169,"Scss","Under Construction"
"10001",2009-10-01,"Oct 2009","Semi-Detached",44,"Scss","Under Construction"
"10001",2009-10-01,"Oct 2009","Row",31,"Scss","Under Construction"
"10001",2009-10-01,"Oct 2009","Apartment",183,"Scss","Under Construction"
"10001",2009-10-01,"Oct 2009","All",1427,"Scss","Under Construction"
"10001",2009-11-01,"Nov 2009","Single",1173,"Scss","Under Construction"
"10001",2009-11-01,"Nov 2009","Semi-Detached",26,"Scss","Under Construction"
"10001",2009-11-01,"Nov 2009","Row",34,"Scss","Under Construction"
"10001",2009-11-01,"Nov 2009","Apartment",214,"Scss","Under Construction"
"10001",2009-11-01,"Nov 2009","All",1447,"Scss","Under Construction"
"10001",2009-12-01,"Dec 2009","Single",1138,"Scss","Under Construction"
"10001",2009-12-01,"Dec 2009","Semi-Detached",16,"Scss","Under Construction"
"10001",2009-12-01,"Dec 2009","Row",42,"Scss","Under Construction"
"10001",2009-12-01,"Dec 2009","Apartment",253,"Scss","Under Construction"
"10001",2009-12-01,"Dec 2009","All",1449,"Scss","Under Construction"
"10001",2010-01-01,"Jan 2010","Single",1177,"Scss","Under Construction"
"10001",2010-01-01,"Jan 2010","Semi-Detached",16,"Scss","Under Construction"
"10001",2010-01-01,"Jan 2010","Row",46,"Scss","Under Construction"
"10001",2010-01-01,"Jan 2010","Apartment",267,"Scss","Under Construction"
"10001",2010-01-01,"Jan 2010","All",1506,"Scss","Under Construction"
"10001",2010-02-01,"Feb 2010","Single",1095,"Scss","Under Construction"
"10001",2010-02-01,"Feb 2010","Semi-Detached",12,"Scss","Under Construction"
"10001",2010-02-01,"Feb 2010","Row",43,"Scss","Under Construction"
"10001",2010-02-01,"Feb 2010","Apartment",253,"Scss","Under Construction"
"10001",2010-02-01,"Feb 2010","All",1403,"Scss","Under Construction"
"10001",2010-03-01,"Mar 2010","Single",946,"Scss","Under Construction"
"10001",2010-03-01,"Mar 2010","Semi-Detached",12,"Scss","Under Construction"
"10001",2010-03-01,"Mar 2010","Row",58,"Scss","Under Construction"
"10001",2010-03-01,"Mar 2010","Apartment",198,"Scss","Under Construction"
"10001",2010-03-01,"Mar 2010","All",1214,"Scss","Under Construction"
"10001",2010-04-01,"Apr 2010","Single",959,"Scss","Under Construction"
"10001",2010-04-01,"Apr 2010","Semi-Detached",6,"Scss","Under Construction"
"10001",2010-04-01,"Apr 2010","Row",55,"Scss","Under Construction"
"10001",2010-04-01,"Apr 2010","Apartment",200,"Scss","Under Construction"
"10001",2010-04-01,"Apr 2010","All",1220,"Scss","Under Construction"
"10001",2010-05-01,"May 2010","Single",1080,"Scss","Under Construction"
"10001",2010-05-01,"May 2010","Semi-Detached",6,"Scss","Under Construction"
"10001",2010-05-01,"May 2010","Row",62,"Scss","Under Construction"
"10001",2010-05-01,"May 2010","Apartment",210,"Scss","Under Construction"
"10001",2010-05-01,"May 2010","All",1358,"Scss","Under Construction"
"10001",2010-06-01,"Jun 2010","Single",1089,"Scss","Under Construction"
"10001",2010-06-01,"Jun 2010","Semi-Detached",8,"Scss","Under Construction"
"10001",2010-06-01,"Jun 2010","Row",74,"Scss","Under Construction"
"10001",2010-06-01,"Jun 2010","Apartment",212,"Scss","Under Construction"
"10001",2010-06-01,"Jun 2010","All",1383,"Scss","Under Construction"
"10001",2010-07-01,"Jul 2010","Single",1125,"Scss","Under Construction"
"10001",2010-07-01,"Jul 2010","Semi-Detached",12,"Scss","Under Construction"
"10001",2010-07-01,"Jul 2010","Row",80,"Scss","Under Construction"
"10001",2010-07-01,"Jul 2010","Apartment",230,"Scss","Under Construction"
"10001",2010-07-01,"Jul 2010","All",1447,"Scss","Under Construction"
"10001",2010-08-01,"Aug 2010","Single",1134,"Scss","Under Construction"
"10001",2010-08-01,"Aug 2010","Semi-Detached",12,"Scss","Under Construction"
"10001",2010-08-01,"Aug 2010","Row",54,"Scss","Under Construction"
"10001",2010-08-01,"Aug 2010","Apartment",228,"Scss","Under Construction"
"10001",2010-08-01,"Aug 2010","All",1428,"Scss","Under Construction"
"10001",2010-09-01,"Sep 2010","Single",1146,"Scss","Under Construction"
"10001",2010-09-01,"Sep 2010","Semi-Detached",12,"Scss","Under Construction"
"10001",2010-09-01,"Sep 2010","Row",64,"Scss","Under Construction"
"10001",2010-09-01,"Sep 2010","Apartment",234,"Scss","Under Construction"
"10001",2010-09-01,"Sep 2010","All",1456,"Scss","Under Construction"
"10001",2010-10-01,"Oct 2010","Single",1148,"Scss","Under Construction"
"10001",2010-10-01,"Oct 2010","Semi-Detached",14,"Scss","Under Construction"
"10001",2010-10-01,"Oct 2010","Row",43,"Scss","Under Construction"
"10001",2010-10-01,"Oct 2010","Apartment",250,"Scss","Under Construction"
"10001",2010-10-01,"Oct 2010","All",1455,"Scss","Under Construction"
"10001",2010-11-01,"Nov 2010","Single",1147,"Scss","Under Construction"
"10001",2010-11-01,"Nov 2010","Semi-Detached",18,"Scss","Under Construction"
"10001",2010-11-01,"Nov 2010","Row",42,"Scss","Under Construction"
"10001",2010-11-01,"Nov 2010","Apartment",274,"Scss","Under Construction"
"10001",2010-11-01,"Nov 2010","All",1481,"Scss","Under Construction"
"10001",2010-12-01,"Dec 2010","Single",1156,"Scss","Under Construction"
"10001",2010-12-01,"Dec 2010","Semi-Detached",10,"Scss","Under Construction"
"10001",2010-12-01,"Dec 2010","Row",42,"Scss","Under Construction"
"10001",2010-12-01,"Dec 2010","Apartment",302,"Scss","Under Construction"
"10001",2010-12-01,"Dec 2010","All",1510,"Scss","Under Construction"
"10001",2011-01-01,"Jan 2011","Single",1186,"Scss","Under Construction"
"10001",2011-01-01,"Jan 2011","Semi-Detached",10,"Scss","Under Construction"
"10001",2011-01-01,"Jan 2011","Row",42,"Scss","Under Construction"
"10001",2011-01-01,"Jan 2011","Apartment",290,"Scss","Under Construction"
"10001",2011-01-01,"Jan 2011","All",1528,"Scss","Under Construction"
"10001",2011-02-01,"Feb 2011","Single",1122,"Scss","Under Construction"
"10001",2011-02-01,"Feb 2011","Semi-Detached",10,"Scss","Under Construction"
"10001",2011-02-01,"Feb 2011","Row",46,"Scss","Under Construction"
"10001",2011-02-01,"Feb 2011","Apartment",274,"Scss","Under Construction"
"10001",2011-02-01,"Feb 2011","All",1452,"Scss","Under Construction"
"10001",2011-03-01,"Mar 2011","Single",1008,"Scss","Under Construction"
"10001",2011-03-01,"Mar 2011","Semi-Detached",8,"Scss","Under Construction"
"10001",2011-03-01,"Mar 2011","Row",58,"Scss","Under Construction"
"10001",2011-03-01,"Mar 2011","Apartment",258,"Scss","Under Construction"
"10001",2011-03-01,"Mar 2011","All",1332,"Scss","Under Construction"
"10001",2011-04-01,"Apr 2011","Single",982,"Scss","Under Construction"
"10001",2011-04-01,"Apr 2011","Semi-Detached",8,"Scss","Under Construction"
"10001",2011-04-01,"Apr 2011","Row",45,"Scss","Under Construction"
"10001",2011-04-01,"Apr 2011","Apartment",238,"Scss","Under Construction"
"10001",2011-04-01,"Apr 2011","All",1273,"Scss","Under Construction"
"10001",2011-05-01,"May 2011","Single",979,"Scss","Under Construction"
"10001",2011-05-01,"May 2011","Semi-Detached",8,"Scss","Under Construction"
"10001",2011-05-01,"May 2011","Row",48,"Scss","Under Construction"
"10001",2011-05-01,"May 2011","Apartment",296,"Scss","Under Construction"
"10001",2011-05-01,"May 2011","All",1331,"Scss","Under Construction"
"10001",2011-06-01,"Jun 2011","Single",1037,"Scss","Under Construction"
"10001",2011-06-01,"Jun 2011","Semi-Detached",6,"Scss","Under Construction"
"10001",2011-06-01,"Jun 2011","Row",39,"Scss","Under Construction"
"10001",2011-06-01,"Jun 2011","Apartment",333,"Scss","Under Construction"
"10001",2011-06-01,"Jun 2011","All",1415,"Scss","Under Construction"
"10001",2011-07-01,"Jul 2011","Single",1051,"Scss","Under Construction"
"10001",2011-07-01,"Jul 2011","Semi-Detached",6,"Scss","Under Construction"
"10001",2011-07-01,"Jul 2011","Row",40,"Scss","Under Construction"
"10001",2011-07-01,"Jul 2011","Apartment",429,"Scss","Under Construction"
"10001",2011-07-01,"Jul 2011","All",1526,"Scss","Under Construction"
"10001",2011-08-01,"Aug 2011","Single",1059,"Scss","Under Construction"
"10001",2011-08-01,"Aug 2011","Semi-Detached",6,"Scss","Under Construction"
"10001",2011-08-01,"Aug 2011","Row",34,"Scss","Under Construction"
"10001",2011-08-01,"Aug 2011","Apartment",479,"Scss","Under Construction"
"10001",2011-08-01,"Aug 2011","All",1578,"Scss","Under Construction"
"10001",2011-09-01,"Sep 2011","Single",1074,"Scss","Under Construction"
"10001",2011-09-01,"Sep 2011","Semi-Detached",10,"Scss","Under Construction"
"10001",2011-09-01,"Sep 2011","Row",45,"Scss","Under Construction"
"10001",2011-09-01,"Sep 2011","Apartment",487,"Scss","Under Construction"
"10001",2011-09-01,"Sep 2011","All",1616,"Scss","Under Construction"
"10001",2011-10-01,"Oct 2011","Single",1050,"Scss","Under Construction"
"10001",2011-10-01,"Oct 2011","Semi-Detached",10,"Scss","Under Construction"
"10001",2011-10-01,"Oct 2011","Row",46,"Scss","Under Construction"
"10001",2011-10-01,"Oct 2011","Apartment",473,"Scss","Under Construction"
"10001",2011-10-01,"Oct 2011","All",1579,"Scss","Under Construction"
"10001",2011-11-01,"Nov 2011","Single",1083,"Scss","Under Construction"
"10001",2011-11-01,"Nov 2011","Semi-Detached",8,"Scss","Under Construction"
"10001",2011-11-01,"Nov 2011","Row",71,"Scss","Under Construction"
"10001",2011-11-01,"Nov 2011","Apartment",483,"Scss","Under Construction"
"10001",2011-11-01,"Nov 2011","All",1645,"Scss","Under Construction"
"10001",2011-12-01,"Dec 2011","Single",1059,"Scss","Under Construction"
"10001",2011-12-01,"Dec 2011","Semi-Detached",4,"Scss","Under Construction"
"10001",2011-12-01,"Dec 2011","Row",70,"Scss","Under Construction"
"10001",2011-12-01,"Dec 2011","Apartment",459,"Scss","Under Construction"
"10001",2011-12-01,"Dec 2011","All",1592,"Scss","Under Construction"
"10001",2012-01-01,"Jan 2012","Single",1052,"Scss","Under Construction"
"10001",2012-01-01,"Jan 2012","Semi-Detached",8,"Scss","Under Construction"
"10001",2012-01-01,"Jan 2012","Row",77,"Scss","Under Construction"
"10001",2012-01-01,"Jan 2012","Apartment",532,"Scss","Under Construction"
"10001",2012-01-01,"Jan 2012","All",1669,"Scss","Under Construction"
"10001",2012-02-01,"Feb 2012","Single",999,"Scss","Under Construction"
"10001",2012-02-01,"Feb 2012","Semi-Detached",10,"Scss","Under Construction"
"10001",2012-02-01,"Feb 2012","Row",65,"Scss","Under Construction"
"10001",2012-02-01,"Feb 2012","Apartment",504,"Scss","Under Construction"
"10001",2012-02-01,"Feb 2012","All",1578,"Scss","Under Construction"
"10001",2012-03-01,"Mar 2012","Single",938,"Scss","Under Construction"
"10001",2012-03-01,"Mar 2012","Semi-Detached",10,"Scss","Under Construction"
"10001",2012-03-01,"Mar 2012","Row",61,"Scss","Under Construction"
"10001",2012-03-01,"Mar 2012","Apartment",480,"Scss","Under Construction"
"10001",2012-03-01,"Mar 2012","All",1489,"Scss","Under Construction"
"10001",2012-04-01,"Apr 2012","Single",945,"Scss","Under Construction"
"10001",2012-04-01,"Apr 2012","Semi-Detached",10,"Scss","Under Construction"
"10001",2012-04-01,"Apr 2012","Row",62,"Scss","Under Construction"
"10001",2012-04-01,"Apr 2012","Apartment",511,"Scss","Under Construction"
"10001",2012-04-01,"Apr 2012","All",1528,"Scss","Under Construction"
"10001",2012-05-01,"May 2012","Single",972,"Scss","Under Construction"
"10001",2012-05-01,"May 2012","Semi-Detached",10,"Scss","Under Construction"
"10001",2012-05-01,"May 2012","Row",62,"Scss","Under Construction"
"10001",2012-05-01,"May 2012","Apartment",542,"Scss","Under Construction"
"10001",2012-05-01,"May 2012","All",1586,"Scss","Under Construction"
"10001",2012-06-01,"Jun 2012","Single",1002,"Scss","Under Construction"
"10001",2012-06-01,"Jun 2012","Semi-Detached",12,"Scss","Under Construction"
"10001",2012-06-01,"Jun 2012","Row",62,"Scss","Under Construction"
"10001",2012-06-01,"Jun 2012","Apartment",570,"Scss","Under Construction"
"10001",2012-06-01,"Jun 2012","All",1646,"Scss","Under Construction"
"10001",2012-07-01,"Jul 2012","Single",1047,"Scss","Under Construction"
"10001",2012-07-01,"Jul 2012","Semi-Detached",14,"Scss","Under Construction"
"10001",2012-07-01,"Jul 2012","Row",84,"Scss","Under Construction"
"10001",2012-07-01,"Jul 2012","Apartment",636,"Scss","Under Construction"
"10001",2012-07-01,"Jul 2012","All",1781,"Scss","Under Construction"
"10001",2012-08-01,"Aug 2012","Single",1052,"Scss","Under Construction"
"10001",2012-08-01,"Aug 2012","Semi-Detached",12,"Scss","Under Construction"
"10001",2012-08-01,"Aug 2012","Row",84,"Scss","Under Construction"
"10001",2012-08-01,"Aug 2012","Apartment",691,"Scss","Under Construction"
"10001",2012-08-01,"Aug 2012","All",1839,"Scss","Under Construction"
"10001",2012-09-01,"Sep 2012","Single",1119,"Scss","Under Construction"
"10001",2012-09-01,"Sep 2012","Semi-Detached",12,"Scss","Under Construction"
"10001",2012-09-01,"Sep 2012","Row",90,"Scss","Under Construction"
"10001",2012-09-01,"Sep 2012","Apartment",692,"Scss","Under Construction"
"10001",2012-09-01,"Sep 2012","All",1913,"Scss","Under Construction"
"10001",2012-10-01,"Oct 2012","Single",1121,"Scss","Under Construction"
"10001",2012-10-01,"Oct 2012","Semi-Detached",12,"Scss","Under Construction"
"10001",2012-10-01,"Oct 2012","Row",100,"Scss","Under Construction"
"10001",2012-10-01,"Oct 2012","Apartment",686,"Scss","Under Construction"
"10001",2012-10-01,"Oct 2012","All",1919,"Scss","Under Construction"
"10001",2012-11-01,"Nov 2012","Single",1120,"Scss","Under Construction"
"10001",2012-11-01,"Nov 2012","Semi-Detached",14,"Scss","Under Construction"
"10001",2012-11-01,"Nov 2012","Row",91,"Scss","Under Construction"
"10001",2012-11-01,"Nov 2012","Apartment",710,"Scss","Under Construction"
"10001",2012-11-01,"Nov 2012","All",1935,"Scss","Under Construction"
"10001",2012-12-01,"Dec 2012","Single",1123,"Scss","Under Construction"
"10001",2012-12-01,"Dec 2012","Semi-Detached",16,"Scss","Under Construction"
"10001",2012-12-01,"Dec 2012","Row",69,"Scss","Under Construction"
"10001",2012-12-01,"Dec 2012","Apartment",712,"Scss","Under Construction"
"10001",2012-12-01,"Dec 2012","All",1920,"Scss","Under Construction"
"10001",2013-01-01,"Jan 2013","Single",1127,"Scss","Under Construction"
"10001",2013-01-01,"Jan 2013","Semi-Detached",16,"Scss","Under Construction"
"10001",2013-01-01,"Jan 2013","Row",52,"Scss","Under Construction"
"10001",2013-01-01,"Jan 2013","Apartment",665,"Scss","Under Construction"
"10001",2013-01-01,"Jan 2013","All",1860,"Scss","Under Construction"
"10001",2013-02-01,"Feb 2013","Single",1194,"Scss","Under Construction"
"10001",2013-02-01,"Feb 2013","Semi-Detached",14,"Scss","Under Construction"
"10001",2013-02-01,"Feb 2013","Row",61,"Scss","Under Construction"
"10001",2013-02-01,"Feb 2013","Apartment",451,"Scss","Under Construction"
"10001",2013-02-01,"Feb 2013","All",1720,"Scss","Under Construction"
"10001",2013-03-01,"Mar 2013","Single",1127,"Scss","Under Construction"
"10001",2013-03-01,"Mar 2013","Semi-Detached",14,"Scss","Under Construction"
"10001",2013-03-01,"Mar 2013","Row",39,"Scss","Under Construction"
"10001",2013-03-01,"Mar 2013","Apartment",448,"Scss","Under Construction"
"10001",2013-03-01,"Mar 2013","All",1628,"Scss","Under Construction"
"10001",2013-04-01,"Apr 2013","Single",1121,"Scss","Under Construction"
"10001",2013-04-01,"Apr 2013","Semi-Detached",14,"Scss","Under Construction"
"10001",2013-04-01,"Apr 2013","Row",23,"Scss","Under Construction"
"10001",2013-04-01,"Apr 2013","Apartment",472,"Scss","Under Construction"
"10001",2013-04-01,"Apr 2013","All",1630,"Scss","Under Construction"
"10001",2013-05-01,"May 2013","Single",1173,"Scss","Under Construction"
"10001",2013-05-01,"May 2013","Semi-Detached",14,"Scss","Under Construction"
"10001",2013-05-01,"May 2013","Row",23,"Scss","Under Construction"
"10001",2013-05-01,"May 2013","Apartment",492,"Scss","Under Construction"
"10001",2013-05-01,"May 2013","All",1702,"Scss","Under Construction"
"10001",2013-06-01,"Jun 2013","Single",1131,"Scss","Under Construction"
"10001",2013-06-01,"Jun 2013","Semi-Detached",14,"Scss","Under Construction"
"10001",2013-06-01,"Jun 2013","Row",24,"Scss","Under Construction"
"10001",2013-06-01,"Jun 2013","Apartment",440,"Scss","Under Construction"
"10001",2013-06-01,"Jun 2013","All",1609,"Scss","Under Construction"
"10001",2013-07-01,"Jul 2013","Single",1134,"Scss","Under Construction"
"10001",2013-07-01,"Jul 2013","Semi-Detached",14,"Scss","Under Construction"
"10001",2013-07-01,"Jul 2013","Row",27,"Scss","Under Construction"
"10001",2013-07-01,"Jul 2013","Apartment",450,"Scss","Under Construction"
"10001",2013-07-01,"Jul 2013","All",1625,"Scss","Under Construction"
"10001",2013-08-01,"Aug 2013","Single",1147,"Scss","Under Construction"
"10001",2013-08-01,"Aug 2013","Semi-Detached",12,"Scss","Under Construction"
"10001",2013-08-01,"Aug 2013","Row",27,"Scss","Under Construction"
"10001",2013-08-01,"Aug 2013","Apartment",422,"Scss","Under Construction"
"10001",2013-08-01,"Aug 2013","All",1608,"Scss","Under Construction"
"10001",2013-09-01,"Sep 2013","Single",1172,"Scss","Under Construction"
"10001",2013-09-01,"Sep 2013","Semi-Detached",10,"Scss","Under Construction"
"10001",2013-09-01,"Sep 2013","Row",27,"Scss","Under Construction"
"10001",2013-09-01,"Sep 2013","Apartment",388,"Scss","Under Construction"
"10001",2013-09-01,"Sep 2013","All",1597,"Scss","Under Construction"
"10001",2013-10-01,"Oct 2013","Single",1110,"Scss","Under Construction"
"10001",2013-10-01,"Oct 2013","Semi-Detached",12,"Scss","Under Construction"
"10001",2013-10-01,"Oct 2013","Row",34,"Scss","Under Construction"
"10001",2013-10-01,"Oct 2013","Apartment",450,"Scss","Under Construction"
"10001",2013-10-01,"Oct 2013","All",1606,"Scss","Under Construction"
"10001",2013-11-01,"Nov 2013","Single",1134,"Scss","Under Construction"
"10001",2013-11-01,"Nov 2013","Semi-Detached",6,"Scss","Under Construction"
"10001",2013-11-01,"Nov 2013","Row",30,"Scss","Under Construction"
"10001",2013-11-01,"Nov 2013","Apartment",512,"Scss","Under Construction"
"10001",2013-11-01,"Nov 2013","All",1682,"Scss","Under Construction"
"10001",2013-12-01,"Dec 2013","Single",1137,"Scss","Under Construction"
"10001",2013-12-01,"Dec 2013","Semi-Detached",6,"Scss","Under Construction"
"10001",2013-12-01,"Dec 2013","Row",35,"Scss","Under Construction"
"10001",2013-12-01,"Dec 2013","Apartment",525,"Scss","Under Construction"
"10001",2013-12-01,"Dec 2013","All",1703,"Scss","Under Construction"
"10001",2014-01-01,"Jan 2014","Single",1112,"Scss","Under Construction"
"10001",2014-01-01,"Jan 2014","Semi-Detached",8,"Scss","Under Construction"
"10001",2014-01-01,"Jan 2014","Row",35,"Scss","Under Construction"
"10001",2014-01-01,"Jan 2014","Apartment",524,"Scss","Under Construction"
"10001",2014-01-01,"Jan 2014","All",1679,"Scss","Under Construction"
"10001",2014-02-01,"Feb 2014","Single",1066,"Scss","Under Construction"
"10001",2014-02-01,"Feb 2014","Semi-Detached",8,"Scss","Under Construction"
"10001",2014-02-01,"Feb 2014","Row",35,"Scss","Under Construction"
"10001",2014-02-01,"Feb 2014","Apartment",550,"Scss","Under Construction"
"10001",2014-02-01,"Feb 2014","All",1659,"Scss","Under Construction"
"10001",2014-03-01,"Mar 2014","Single",987,"Scss","Under Construction"
"10001",2014-03-01,"Mar 2014","Semi-Detached",8,"Scss","Under Construction"
"10001",2014-03-01,"Mar 2014","Row",35,"Scss","Under Construction"
"10001",2014-03-01,"Mar 2014","Apartment",525,"Scss","Under Construction"
"10001",2014-03-01,"Mar 2014","All",1555,"Scss","Under Construction"
"10001",2014-04-01,"Apr 2014","Single",927,"Scss","Under Construction"
"10001",2014-04-01,"Apr 2014","Semi-Detached",4,"Scss","Under Construction"
"10001",2014-04-01,"Apr 2014","Row",34,"Scss","Under Construction"
"10001",2014-04-01,"Apr 2014","Apartment",516,"Scss","Under Construction"
"10001",2014-04-01,"Apr 2014","All",1481,"Scss","Under Construction"
"10001",2014-05-01,"May 2014","Single",986,"Scss","Under Construction"
"10001",2014-05-01,"May 2014","Semi-Detached",8,"Scss","Under Construction"
"10001",2014-05-01,"May 2014","Row",38,"Scss","Under Construction"
"10001",2014-05-01,"May 2014","Apartment",488,"Scss","Under Construction"
"10001",2014-05-01,"May 2014","All",1520,"Scss","Under Construction"
"10001",2014-06-01,"Jun 2014","Single",990,"Scss","Under Construction"
"10001",2014-06-01,"Jun 2014","Semi-Detached",6,"Scss","Under Construction"
"10001",2014-06-01,"Jun 2014","Row",37,"Scss","Under Construction"
"10001",2014-06-01,"Jun 2014","Apartment",503,"Scss","Under Construction"
"10001",2014-06-01,"Jun 2014","All",1536,"Scss","Under Construction"
"10001",2014-07-01,"Jul 2014","Single",993,"Scss","Under Construction"
"10001",2014-07-01,"Jul 2014","Semi-Detached",8,"Scss","Under Construction"
"10001",2014-07-01,"Jul 2014","Row",45,"Scss","Under Construction"
"10001",2014-07-01,"Jul 2014","Apartment",507,"Scss","Under Construction"
"10001",2014-07-01,"Jul 2014","All",1553,"Scss","Under Construction"
"10001",2014-08-01,"Aug 2014","Single",958,"Scss","Under Construction"
"10001",2014-08-01,"Aug 2014","Semi-Detached",10,"Scss","Under Construction"
"10001",2014-08-01,"Aug 2014","Row",56,"Scss","Under Construction"
"10001",2014-08-01,"Aug 2014","Apartment",528,"Scss","Under Construction"
"10001",2014-08-01,"Aug 2014","All",1552,"Scss","Under Construction"
"10001",2014-09-01,"Sep 2014","Single",958,"Scss","Under Construction"
"10001",2014-09-01,"Sep 2014","Semi-Detached",12,"Scss","Under Construction"
"10001",2014-09-01,"Sep 2014","Row",65,"Scss","Under Construction"
"10001",2014-09-01,"Sep 2014","Apartment",520,"Scss","Under Construction"
"10001",2014-09-01,"Sep 2014","All",1555,"Scss","Under Construction"
"10001",2014-10-01,"Oct 2014","Single",939,"Scss","Under Construction"
"10001",2014-10-01,"Oct 2014","Semi-Detached",16,"Scss","Under Construction"
"10001",2014-10-01,"Oct 2014","Row",69,"Scss","Under Construction"
"10001",2014-10-01,"Oct 2014","Apartment",483,"Scss","Under Construction"
"10001",2014-10-01,"Oct 2014","All",1507,"Scss","Under Construction"
"10001",2014-11-01,"Nov 2014","Single",938,"Scss","Under Construction"
"10001",2014-11-01,"Nov 2014","Semi-Detached",17,"Scss","Under Construction"
"10001",2014-11-01,"Nov 2014","Row",72,"Scss","Under Construction"
"10001",2014-11-01,"Nov 2014","Apartment",488,"Scss","Under Construction"
"10001",2014-11-01,"Nov 2014","All",1515,"Scss","Under Construction"
"10001",2014-12-01,"Dec 2014","Single",868,"Scss","Under Construction"
"10001",2014-12-01,"Dec 2014","Semi-Detached",15,"Scss","Under Construction"
"10001",2014-12-01,"Dec 2014","Row",69,"Scss","Under Construction"
"10001",2014-12-01,"Dec 2014","Apartment",405,"Scss","Under Construction"
"10001",2014-12-01,"Dec 2014","All",1357,"Scss","Under Construction"
"10001",2015-01-01,"Jan 2015","Single",861,"Scss","Under Construction"
"10001",2015-01-01,"Jan 2015","Semi-Detached",13,"Scss","Under Construction"
"10001",2015-01-01,"Jan 2015","Row",69,"Scss","Under Construction"
"10001",2015-01-01,"Jan 2015","Apartment",474,"Scss","Under Construction"
"10001",2015-01-01,"Jan 2015","All",1417,"Scss","Under Construction"
"10001",2015-02-01,"Feb 2015","Single",833,"Scss","Under Construction"
"10001",2015-02-01,"Feb 2015","Semi-Detached",11,"Scss","Under Construction"
"10001",2015-02-01,"Feb 2015","Row",64,"Scss","Under Construction"
"10001",2015-02-01,"Feb 2015","Apartment",466,"Scss","Under Construction"
"10001",2015-02-01,"Feb 2015","All",1374,"Scss","Under Construction"
"10001",2015-03-01,"Mar 2015","Single",747,"Scss","Under Construction"
"10001",2015-03-01,"Mar 2015","Semi-Detached",9,"Scss","Under Construction"
"10001",2015-03-01,"Mar 2015","Row",60,"Scss","Under Construction"
"10001",2015-03-01,"Mar 2015","Apartment",375,"Scss","Under Construction"
"10001",2015-03-01,"Mar 2015","All",1191,"Scss","Under Construction"
"10001",2015-04-01,"Apr 2015","Single",685,"Scss","Under Construction"
"10001",2015-04-01,"Apr 2015","Semi-Detached",10,"Scss","Under Construction"
"10001",2015-04-01,"Apr 2015","Row",59,"Scss","Under Construction"
"10001",2015-04-01,"Apr 2015","Apartment",318,"Scss","Under Construction"
"10001",2015-04-01,"Apr 2015","All",1072,"Scss","Under Construction"
"10001",2015-05-01,"May 2015","Single",729,"Scss","Under Construction"
"10001",2015-05-01,"May 2015","Semi-Detached",16,"Scss","Under Construction"
"10001",2015-05-01,"May 2015","Row",59,"Scss","Under Construction"
"10001",2015-05-01,"May 2015","Apartment",303,"Scss","Under Construction"
"10001",2015-05-01,"May 2015","All",1107,"Scss","Under Construction"
"10001",2015-06-01,"Jun 2015","Single",696,"Scss","Under Construction"
"10001",2015-06-01,"Jun 2015","Semi-Detached",18,"Scss","Under Construction"
"10001",2015-06-01,"Jun 2015","Row",54,"Scss","Under Construction"
"10001",2015-06-01,"Jun 2015","Apartment",290,"Scss","Under Construction"
"10001",2015-06-01,"Jun 2015","All",1058,"Scss","Under Construction"
"10001",2015-07-01,"Jul 2015","Single",765,"Scss","Under Construction"
"10001",2015-07-01,"Jul 2015","Semi-Detached",20,"Scss","Under Construction"
"10001",2015-07-01,"Jul 2015","Row",55,"Scss","Under Construction"
"10001",2015-07-01,"Jul 2015","Apartment",303,"Scss","Under Construction"
"10001",2015-07-01,"Jul 2015","All",1143,"Scss","Under Construction"
"10001",2015-08-01,"Aug 2015","Single",785,"Scss","Under Construction"
"10001",2015-08-01,"Aug 2015","Semi-Detached",22,"Scss","Under Construction"
"10001",2015-08-01,"Aug 2015","Row",55,"Scss","Under Construction"
"10001",2015-08-01,"Aug 2015","Apartment",312,"Scss","Under Construction"
"10001",2015-08-01,"Aug 2015","All",1174,"Scss","Under Construction"
"10001",2015-09-01,"Sep 2015","Single",717,"Scss","Under Construction"
"10001",2015-09-01,"Sep 2015","Semi-Detached",20,"Scss","Under Construction"
"10001",2015-09-01,"Sep 2015","Row",48,"Scss","Under Construction"
"10001",2015-09-01,"Sep 2015","Apartment",291,"Scss","Under Construction"
"10001",2015-09-01,"Sep 2015","All",1076,"Scss","Under Construction"
"10001",2015-10-01,"Oct 2015","Single",752,"Scss","Under Construction"
"10001",2015-10-01,"Oct 2015","Semi-Detached",20,"Scss","Under Construction"
"10001",2015-10-01,"Oct 2015","Row",44,"Scss","Under Construction"
"10001",2015-10-01,"Oct 2015","Apartment",293,"Scss","Under Construction"
"10001",2015-10-01,"Oct 2015","All",1109,"Scss","Under Construction"
"10001",2015-11-01,"Nov 2015","Single",760,"Scss","Under Construction"
"10001",2015-11-01,"Nov 2015","Semi-Detached",24,"Scss","Under Construction"
"10001",2015-11-01,"Nov 2015","Row",36,"Scss","Under Construction"
"10001",2015-11-01,"Nov 2015","Apartment",256,"Scss","Under Construction"
"10001",2015-11-01,"Nov 2015","All",1076,"Scss","Under Construction"
"10001",2015-12-01,"Dec 2015","Single",720,"Scss","Under Construction"
"10001",2015-12-01,"Dec 2015","Semi-Detached",26,"Scss","Under Construction"
"10001",2015-12-01,"Dec 2015","Row",33,"Scss","Under Construction"
"10001",2015-12-01,"Dec 2015","Apartment",246,"Scss","Under Construction"
"10001",2015-12-01,"Dec 2015","All",1025,"Scss","Under Construction"
"10001",2016-01-01,"Jan 2016","Single",729,"Scss","Under Construction"
"10001",2016-01-01,"Jan 2016","Semi-Detached",28,"Scss","Under Construction"
"10001",2016-01-01,"Jan 2016","Row",28,"Scss","Under Construction"
"10001",2016-01-01,"Jan 2016","Apartment",241,"Scss","Under Construction"
"10001",2016-01-01,"Jan 2016","All",1026,"Scss","Under Construction"
"10001",2016-02-01,"Feb 2016","Single",661,"Scss","Under Construction"
"10001",2016-02-01,"Feb 2016","Semi-Detached",20,"Scss","Under Construction"
"10001",2016-02-01,"Feb 2016","Row",28,"Scss","Under Construction"
"10001",2016-02-01,"Feb 2016","Apartment",230,"Scss","Under Construction"
"10001",2016-02-01,"Feb 2016","All",939,"Scss","Under Construction"
"10001",2016-03-01,"Mar 2016","Single",615,"Scss","Under Construction"
"10001",2016-03-01,"Mar 2016","Semi-Detached",22,"Scss","Under Construction"
"10001",2016-03-01,"Mar 2016","Row",28,"Scss","Under Construction"
"10001",2016-03-01,"Mar 2016","Apartment",223,"Scss","Under Construction"
"10001",2016-03-01,"Mar 2016","All",888,"Scss","Under Construction"
"10001",2016-04-01,"Apr 2016","Single",577,"Scss","Under Construction"
"10001",2016-04-01,"Apr 2016","Semi-Detached",20,"Scss","Under Construction"
"10001",2016-04-01,"Apr 2016","Row",28,"Scss","Under Construction"
"10001",2016-04-01,"Apr 2016","Apartment",218,"Scss","Under Construction"
"10001",2016-04-01,"Apr 2016","All",843,"Scss","Under Construction"
"10001",2016-05-01,"May 2016","Single",602,"Scss","Under Construction"
"10001",2016-05-01,"May 2016","Semi-Detached",30,"Scss","Under Construction"
"10001",2016-05-01,"May 2016","Row",31,"Scss","Under Construction"
"10001",2016-05-01,"May 2016","Apartment",212,"Scss","Under Construction"
"10001",2016-05-01,"May 2016","All",875,"Scss","Under Construction"
"10001",2016-06-01,"Jun 2016","Single",599,"Scss","Under Construction"
"10001",2016-06-01,"Jun 2016","Semi-Detached",38,"Scss","Under Construction"
"10001",2016-06-01,"Jun 2016","Row",41,"Scss","Under Construction"
"10001",2016-06-01,"Jun 2016","Apartment",83,"Scss","Under Construction"
"10001",2016-06-01,"Jun 2016","All",761,"Scss","Under Construction"
"10001",2016-07-01,"Jul 2016","Single",589,"Scss","Under Construction"
"10001",2016-07-01,"Jul 2016","Semi-Detached",38,"Scss","Under Construction"
"10001",2016-07-01,"Jul 2016","Row",49,"Scss","Under Construction"
"10001",2016-07-01,"Jul 2016","Apartment",82,"Scss","Under Construction"
"10001",2016-07-01,"Jul 2016","All",758,"Scss","Under Construction"
"10001",2016-08-01,"Aug 2016","Single",594,"Scss","Under Construction"
"10001",2016-08-01,"Aug 2016","Semi-Detached",63,"Scss","Under Construction"
"10001",2016-08-01,"Aug 2016","Row",46,"Scss","Under Construction"
"10001",2016-08-01,"Aug 2016","Apartment",84,"Scss","Under Construction"
"10001",2016-08-01,"Aug 2016","All",787,"Scss","Under Construction"
"10001",2016-09-01,"Sep 2016","Single",584,"Scss","Under Construction"
"10001",2016-09-01,"Sep 2016","Semi-Detached",68,"Scss","Under Construction"
"10001",2016-09-01,"Sep 2016","Row",42,"Scss","Under Construction"
"10001",2016-09-01,"Sep 2016","Apartment",74,"Scss","Under Construction"
"10001",2016-09-01,"Sep 2016","All",768,"Scss","Under Construction"
"10001",2016-10-01,"Oct 2016","Single",581,"Scss","Under Construction"
"10001",2016-10-01,"Oct 2016","Semi-Detached",64,"Scss","Under Construction"
"10001",2016-10-01,"Oct 2016","Row",64,"Scss","Under Construction"
"10001",2016-10-01,"Oct 2016","Apartment",63,"Scss","Under Construction"
"10001",2016-10-01,"Oct 2016","All",772,"Scss","Under Construction"
"10001",2016-11-01,"Nov 2016","Single",571,"Scss","Under Construction"
"10001",2016-11-01,"Nov 2016","Semi-Detached",62,"Scss","Under Construction"
"10001",2016-11-01,"Nov 2016","Row",62,"Scss","Under Construction"
"10001",2016-11-01,"Nov 2016","Apartment",76,"Scss","Under Construction"
"10001",2016-11-01,"Nov 2016","All",771,"Scss","Under Construction"
"10001",2016-12-01,"Dec 2016","Single",559,"Scss","Under Construction"
"10001",2016-12-01,"Dec 2016","Semi-Detached",64,"Scss","Under Construction"
"10001",2016-12-01,"Dec 2016","Row",62,"Scss","Under Construction"
"10001",2016-12-01,"Dec 2016","Apartment",82,"Scss","Under Construction"
"10001",2016-12-01,"Dec 2016","All",767,"Scss","Under Construction"
"10001",2017-01-01,"Jan 2017","Single",542,"Scss","Under Construction"
"10001",2017-01-01,"Jan 2017","Semi-Detached",68,"Scss","Under Construction"
"10001",2017-01-01,"Jan 2017","Row",62,"Scss","Under Construction"
"10001",2017-01-01,"Jan 2017","Apartment",80,"Scss","Under Construction"
"10001",2017-01-01,"Jan 2017","All",752,"Scss","Under Construction"
"10001",2017-02-01,"Feb 2017","Single",511,"Scss","Under Construction"
"10001",2017-02-01,"Feb 2017","Semi-Detached",64,"Scss","Under Construction"
"10001",2017-02-01,"Feb 2017","Row",52,"Scss","Under Construction"
"10001",2017-02-01,"Feb 2017","Apartment",74,"Scss","Under Construction"
"10001",2017-02-01,"Feb 2017","All",701,"Scss","Under Construction"
"10001",2017-03-01,"Mar 2017","Single",478,"Scss","Under Construction"
"10001",2017-03-01,"Mar 2017","Semi-Detached",61,"Scss","Under Construction"
"10001",2017-03-01,"Mar 2017","Row",44,"Scss","Under Construction"
"10001",2017-03-01,"Mar 2017","Apartment",78,"Scss","Under Construction"
"10001",2017-03-01,"Mar 2017","All",661,"Scss","Under Construction"
"10001",2017-04-01,"Apr 2017","Single",455,"Scss","Under Construction"
"10001",2017-04-01,"Apr 2017","Semi-Detached",63,"Scss","Under Construction"
"10001",2017-04-01,"Apr 2017","Row",41,"Scss","Under Construction"
"10001",2017-04-01,"Apr 2017","Apartment",79,"Scss","Under Construction"
"10001",2017-04-01,"Apr 2017","All",638,"Scss","Under Construction"
"10001",2017-05-01,"May 2017","Single",445,"Scss","Under Construction"
"10001",2017-05-01,"May 2017","Semi-Detached",65,"Scss","Under Construction"
"10001",2017-05-01,"May 2017","Row",47,"Scss","Under Construction"
"10001",2017-05-01,"May 2017","Apartment",78,"Scss","Under Construction"
"10001",2017-05-01,"May 2017","All",635,"Scss","Under Construction"
"10001",2017-06-01,"Jun 2017","Single",429,"Scss","Under Construction"
"10001",2017-06-01,"Jun 2017","Semi-Detached",69,"Scss","Under Construction"
"10001",2017-06-01,"Jun 2017","Row",45,"Scss","Under Construction"
"10001",2017-06-01,"Jun 2017","Apartment",88,"Scss","Under Construction"
"10001",2017-06-01,"Jun 2017","All",631,"Scss","Under Construction"
"10001",2017-07-01,"Jul 2017","Single",456,"Scss","Under Construction"
"10001",2017-07-01,"Jul 2017","Semi-Detached",55,"Scss","Under Construction"
"10001",2017-07-01,"Jul 2017","Row",66,"Scss","Under Construction"
"10001",2017-07-01,"Jul 2017","Apartment",106,"Scss","Under Construction"
"10001",2017-07-01,"Jul 2017","All",683,"Scss","Under Construction"
"10001",2017-08-01,"Aug 2017","Single",461,"Scss","Under Construction"
"10001",2017-08-01,"Aug 2017","Semi-Detached",61,"Scss","Under Construction"
"10001",2017-08-01,"Aug 2017","Row",76,"Scss","Under Construction"
"10001",2017-08-01,"Aug 2017","Apartment",102,"Scss","Under Construction"
"10001",2017-08-01,"Aug 2017","All",700,"Scss","Under Construction"
"10001",2017-09-01,"Sep 2017","Single",446,"Scss","Under Construction"
"10001",2017-09-01,"Sep 2017","Semi-Detached",65,"Scss","Under Construction"
"10001",2017-09-01,"Sep 2017","Row",75,"Scss","Under Construction"
"10001",2017-09-01,"Sep 2017","Apartment",95,"Scss","Under Construction"
"10001",2017-09-01,"Sep 2017","All",681,"Scss","Under Construction"
"10001",2017-10-01,"Oct 2017","Single",441,"Scss","Under Construction"
"10001",2017-10-01,"Oct 2017","Semi-Detached",71,"Scss","Under Construction"
"10001",2017-10-01,"Oct 2017","Row",102,"Scss","Under Construction"
"10001",2017-10-01,"Oct 2017","Apartment",96,"Scss","Under Construction"
"10001",2017-10-01,"Oct 2017","All",710,"Scss","Under Construction"
"10001",2017-11-01,"Nov 2017","Single",443,"Scss","Under Construction"
"10001",2017-11-01,"Nov 2017","Semi-Detached",70,"Scss","Under Construction"
"10001",2017-11-01,"Nov 2017","Row",136,"Scss","Under Construction"
"10001",2017-11-01,"Nov 2017","Apartment",100,"Scss","Under Construction"
"10001",2017-11-01,"Nov 2017","All",749,"Scss","Under Construction"
"10001",2017-12-01,"Dec 2017","Single",455,"Scss","Under Construction"
"10001",2017-12-01,"Dec 2017","Semi-Detached",76,"Scss","Under Construction"
"10001",2017-12-01,"Dec 2017","Row",147,"Scss","Under Construction"
"10001",2017-12-01,"Dec 2017","Apartment",92,"Scss","Under Construction"
"10001",2017-12-01,"Dec 2017","All",770,"Scss","Under Construction"
"10001",2018-01-01,"Jan 2018","Single",431,"Scss","Under Construction"
"10001",2018-01-01,"Jan 2018","Semi-Detached",70,"Scss","Under Construction"
"10001",2018-01-01,"Jan 2018","Row",144,"Scss","Under Construction"
"10001",2018-01-01,"Jan 2018","Apartment",93,"Scss","Under Construction"
"10001",2018-01-01,"Jan 2018","All",738,"Scss","Under Construction"
"10001",2018-02-01,"Feb 2018","Single",412,"Scss","Under Construction"
"10001",2018-02-01,"Feb 2018","Semi-Detached",64,"Scss","Under Construction"
"10001",2018-02-01,"Feb 2018","Row",149,"Scss","Under Construction"
"10001",2018-02-01,"Feb 2018","Apartment",70,"Scss","Under Construction"
"10001",2018-02-01,"Feb 2018","All",695,"Scss","Under Construction"
"10001",2018-03-01,"Mar 2018","Single",395,"Scss","Under Construction"
"10001",2018-03-01,"Mar 2018","Semi-Detached",56,"Scss","Under Construction"
"10001",2018-03-01,"Mar 2018","Row",147,"Scss","Under Construction"
"10001",2018-03-01,"Mar 2018","Apartment",143,"Scss","Under Construction"
"10001",2018-03-01,"Mar 2018","All",741,"Scss","Under Construction"
"10001",2018-04-01,"Apr 2018","Single",378,"Scss","Under Construction"
"10001",2018-04-01,"Apr 2018","Semi-Detached",52,"Scss","Under Construction"
"10001",2018-04-01,"Apr 2018","Row",142,"Scss","Under Construction"
"10001",2018-04-01,"Apr 2018","Apartment",139,"Scss","Under Construction"
"10001",2018-04-01,"Apr 2018","All",711,"Scss","Under Construction"
"10001",2018-05-01,"May 2018","Single",349,"Scss","Under Construction"
"10001",2018-05-01,"May 2018","Semi-Detached",54,"Scss","Under Construction"
"10001",2018-05-01,"May 2018","Row",123,"Scss","Under Construction"
"10001",2018-05-01,"May 2018","Apartment",136,"Scss","Under Construction"
"10001",2018-05-01,"May 2018","All",662,"Scss","Under Construction"
"10001",2018-06-01,"Jun 2018","Single",371,"Scss","Under Construction"
"10001",2018-06-01,"Jun 2018","Semi-Detached",54,"Scss","Under Construction"
"10001",2018-06-01,"Jun 2018","Row",120,"Scss","Under Construction"
"10001",2018-06-01,"Jun 2018","Apartment",132,"Scss","Under Construction"
"10001",2018-06-01,"Jun 2018","All",677,"Scss","Under Construction"
"10001",2018-07-01,"Jul 2018","Single",379,"Scss","Under Construction"
"10001",2018-07-01,"Jul 2018","Semi-Detached",56,"Scss","Under Construction"
"10001",2018-07-01,"Jul 2018","Row",125,"Scss","Under Construction"
"10001",2018-07-01,"Jul 2018","Apartment",136,"Scss","Under Construction"
"10001",2018-07-01,"Jul 2018","All",696,"Scss","Under Construction"
"10001",2018-08-01,"Aug 2018","Single",382,"Scss","Under Construction"
"10001",2018-08-01,"Aug 2018","Semi-Detached",52,"Scss","Under Construction"
"10001",2018-08-01,"Aug 2018","Row",124,"Scss","Under Construction"
"10001",2018-08-01,"Aug 2018","Apartment",135,"Scss","Under Construction"
"10001",2018-08-01,"Aug 2018","All",693,"Scss","Under Construction"
"10001",2018-09-01,"Sep 2018","Single",385,"Scss","Under Construction"
"10001",2018-09-01,"Sep 2018","Semi-Detached",48,"Scss","Under Construction"
"10001",2018-09-01,"Sep 2018","Row",111,"Scss","Under Construction"
"10001",2018-09-01,"Sep 2018","Apartment",136,"Scss","Under Construction"
"10001",2018-09-01,"Sep 2018","All",680,"Scss","Under Construction"
"10001",2018-10-01,"Oct 2018","Single",369,"Scss","Under Construction"
"10001",2018-10-01,"Oct 2018","Semi-Detached",48,"Scss","Under Construction"
"10001",2018-10-01,"Oct 2018","Row",100,"Scss","Under Construction"
"10001",2018-10-01,"Oct 2018","Apartment",135,"Scss","Under Construction"
"10001",2018-10-01,"Oct 2018","All",652,"Scss","Under Construction"
"10001",2018-11-01,"Nov 2018","Single",385,"Scss","Under Construction"
"10001",2018-11-01,"Nov 2018","Semi-Detached",46,"Scss","Under Construction"
"10001",2018-11-01,"Nov 2018","Row",105,"Scss","Under Construction"
"10001",2018-11-01,"Nov 2018","Apartment",135,"Scss","Under Construction"
"10001",2018-11-01,"Nov 2018","All",671,"Scss","Under Construction"
"10001",2018-12-01,"Dec 2018","Single",361,"Scss","Under Construction"
"10001",2018-12-01,"Dec 2018","Semi-Detached",38,"Scss","Under Construction"
"10001",2018-12-01,"Dec 2018","Row",94,"Scss","Under Construction"
"10001",2018-12-01,"Dec 2018","Apartment",143,"Scss","Under Construction"
"10001",2018-12-01,"Dec 2018","All",636,"Scss","Under Construction"
"10001",2019-01-01,"Jan 2019","Single",358,"Scss","Under Construction"
"10001",2019-01-01,"Jan 2019","Semi-Detached",38,"Scss","Under Construction"
"10001",2019-01-01,"Jan 2019","Row",88,"Scss","Under Construction"
"10001",2019-01-01,"Jan 2019","Apartment",141,"Scss","Under Construction"
"10001",2019-01-01,"Jan 2019","All",625,"Scss","Under Construction"
"10001",2019-02-01,"Feb 2019","Single",338,"Scss","Under Construction"
"10001",2019-02-01,"Feb 2019","Semi-Detached",44,"Scss","Under Construction"
"10001",2019-02-01,"Feb 2019","Row",79,"Scss","Under Construction"
"10001",2019-02-01,"Feb 2019","Apartment",135,"Scss","Under Construction"
"10001",2019-02-01,"Feb 2019","All",596,"Scss","Under Construction"
"10001",2019-03-01,"Mar 2019","Single",311,"Scss","Under Construction"
"10001",2019-03-01,"Mar 2019","Semi-Detached",40,"Scss","Under Construction"
"10001",2019-03-01,"Mar 2019","Row",57,"Scss","Under Construction"
"10001",2019-03-01,"Mar 2019","Apartment",116,"Scss","Under Construction"
"10001",2019-03-01,"Mar 2019","All",524,"Scss","Under Construction"
"10001",2019-04-01,"Apr 2019","Single",270,"Scss","Under Construction"
"10001",2019-04-01,"Apr 2019","Semi-Detached",34,"Scss","Under Construction"
"10001",2019-04-01,"Apr 2019","Row",48,"Scss","Under Construction"
"10001",2019-04-01,"Apr 2019","Apartment",109,"Scss","Under Construction"
"10001",2019-04-01,"Apr 2019","All",461,"Scss","Under Construction"
"10001",2019-05-01,"May 2019","Single",277,"Scss","Under Construction"
"10001",2019-05-01,"May 2019","Semi-Detached",38,"Scss","Under Construction"
"10001",2019-05-01,"May 2019","Row",52,"Scss","Under Construction"
"10001",2019-05-01,"May 2019","Apartment",113,"Scss","Under Construction"
"10001",2019-05-01,"May 2019","All",480,"Scss","Under Construction"
"10001",2019-06-01,"Jun 2019","Single",266,"Scss","Under Construction"
"10001",2019-06-01,"Jun 2019","Semi-Detached",38,"Scss","Under Construction"
"10001",2019-06-01,"Jun 2019","Row",52,"Scss","Under Construction"
"10001",2019-06-01,"Jun 2019","Apartment",131,"Scss","Under Construction"
"10001",2019-06-01,"Jun 2019","All",487,"Scss","Under Construction"
"10001",2019-07-01,"Jul 2019","Single",273,"Scss","Under Construction"
"10001",2019-07-01,"Jul 2019","Semi-Detached",38,"Scss","Under Construction"
"10001",2019-07-01,"Jul 2019","Row",37,"Scss","Under Construction"
"10001",2019-07-01,"Jul 2019","Apartment",133,"Scss","Under Construction"
"10001",2019-07-01,"Jul 2019","All",481,"Scss","Under Construction"
"10001",2019-08-01,"Aug 2019","Single",293,"Scss","Under Construction"
"10001",2019-08-01,"Aug 2019","Semi-Detached",40,"Scss","Under Construction"
"10001",2019-08-01,"Aug 2019","Row",42,"Scss","Under Construction"
"10001",2019-08-01,"Aug 2019","Apartment",129,"Scss","Under Construction"
"10001",2019-08-01,"Aug 2019","All",504,"Scss","Under Construction"
"10001",2019-09-01,"Sep 2019","Single",302,"Scss","Under Construction"
"10001",2019-09-01,"Sep 2019","Semi-Detached",34,"Scss","Under Construction"
"10001",2019-09-01,"Sep 2019","Row",57,"Scss","Under Construction"
"10001",2019-09-01,"Sep 2019","Apartment",138,"Scss","Under Construction"
"10001",2019-09-01,"Sep 2019","All",531,"Scss","Under Construction"
"10001",2019-10-01,"Oct 2019","Single",319,"Scss","Under Construction"
"10001",2019-10-01,"Oct 2019","Semi-Detached",34,"Scss","Under Construction"
"10001",2019-10-01,"Oct 2019","Row",61,"Scss","Under Construction"
"10001",2019-10-01,"Oct 2019","Apartment",145,"Scss","Under Construction"
"10001",2019-10-01,"Oct 2019","All",559,"Scss","Under Construction"
"10001",2019-11-01,"Nov 2019","Single",346,"Scss","Under Construction"
"10001",2019-11-01,"Nov 2019","Semi-Detached",30,"Scss","Under Construction"
"10001",2019-11-01,"Nov 2019","Row",61,"Scss","Under Construction"
"10001",2019-11-01,"Nov 2019","Apartment",147,"Scss","Under Construction"
"10001",2019-11-01,"Nov 2019","All",584,"Scss","Under Construction"
"10001",2019-12-01,"Dec 2019","Single",335,"Scss","Under Construction"
"10001",2019-12-01,"Dec 2019","Semi-Detached",40,"Scss","Under Construction"
"10001",2019-12-01,"Dec 2019","Row",57,"Scss","Under Construction"
"10001",2019-12-01,"Dec 2019","Apartment",142,"Scss","Under Construction"
"10001",2019-12-01,"Dec 2019","All",574,"Scss","Under Construction"
"10001",2020-01-01,"Jan 2020","Single",331,"Scss","Under Construction"
"10001",2020-01-01,"Jan 2020","Semi-Detached",44,"Scss","Under Construction"
"10001",2020-01-01,"Jan 2020","Row",63,"Scss","Under Construction"
"10001",2020-01-01,"Jan 2020","Apartment",140,"Scss","Under Construction"
"10001",2020-01-01,"Jan 2020","All",578,"Scss","Under Construction"
"10001",2020-02-01,"Feb 2020","Single",311,"Scss","Under Construction"
"10001",2020-02-01,"Feb 2020","Semi-Detached",40,"Scss","Under Construction"
"10001",2020-02-01,"Feb 2020","Row",60,"Scss","Under Construction"
"10001",2020-02-01,"Feb 2020","Apartment",143,"Scss","Under Construction"
"10001",2020-02-01,"Feb 2020","All",554,"Scss","Under Construction"
"10001",2020-03-01,"Mar 2020","Single",284,"Scss","Under Construction"
"10001",2020-03-01,"Mar 2020","Semi-Detached",38,"Scss","Under Construction"
"10001",2020-03-01,"Mar 2020","Row",63,"Scss","Under Construction"
"10001",2020-03-01,"Mar 2020","Apartment",140,"Scss","Under Construction"
"10001",2020-03-01,"Mar 2020","All",525,"Scss","Under Construction"
"10001",2020-04-01,"Apr 2020","Single",261,"Scss","Under Construction"
"10001",2020-04-01,"Apr 2020","Semi-Detached",38,"Scss","Under Construction"
"10001",2020-04-01,"Apr 2020","Row",63,"Scss","Under Construction"
"10001",2020-04-01,"Apr 2020","Apartment",39,"Scss","Under Construction"
"10001",2020-04-01,"Apr 2020","All",401,"Scss","Under Construction"
"10001",2020-05-01,"May 2020","Single",256,"Scss","Under Construction"
"10001",2020-05-01,"May 2020","Semi-Detached",38,"Scss","Under Construction"
"10001",2020-05-01,"May 2020","Row",63,"Scss","Under Construction"
"10001",2020-05-01,"May 2020","Apartment",39,"Scss","Under Construction"
"10001",2020-05-01,"May 2020","All",396,"Scss","Under Construction"
"10001",2020-06-01,"Jun 2020","Single",218,"Scss","Under Construction"
"10001",2020-06-01,"Jun 2020","Semi-Detached",40,"Scss","Under Construction"
"10001",2020-06-01,"Jun 2020","Row",66,"Scss","Under Construction"
"10001",2020-06-01,"Jun 2020","Apartment",31,"Scss","Under Construction"
"10001",2020-06-01,"Jun 2020","All",355,"Scss","Under Construction"
"10001",2020-07-01,"Jul 2020","Single",261,"Scss","Under Construction"
"10001",2020-07-01,"Jul 2020","Semi-Detached",46,"Scss","Under Construction"
"10001",2020-07-01,"Jul 2020","Row",69,"Scss","Under Construction"
"10001",2020-07-01,"Jul 2020","Apartment",32,"Scss","Under Construction"
"10001",2020-07-01,"Jul 2020","All",408,"Scss","Under Construction"
"10001",2020-08-01,"Aug 2020","Single",308,"Scss","Under Construction"
"10001",2020-08-01,"Aug 2020","Semi-Detached",44,"Scss","Under Construction"
"10001",2020-08-01,"Aug 2020","Row",69,"Scss","Under Construction"
"10001",2020-08-01,"Aug 2020","Apartment",30,"Scss","Under Construction"
"10001",2020-08-01,"Aug 2020","All",451,"Scss","Under Construction"
"10001",2020-09-01,"Sep 2020","Single",310,"Scss","Under Construction"
"10001",2020-09-01,"Sep 2020","Semi-Detached",40,"Scss","Under Construction"
"10001",2020-09-01,"Sep 2020","Row",43,"Scss","Under Construction"
"10001",2020-09-01,"Sep 2020","Apartment",26,"Scss","Under Construction"
"10001",2020-09-01,"Sep 2020","All",419,"Scss","Under Construction"
"10001",2020-10-01,"Oct 2020","Single",323,"Scss","Under Construction"
"10001",2020-10-01,"Oct 2020","Semi-Detached",42,"Scss","Under Construction"
"10001",2020-10-01,"Oct 2020","Row",38,"Scss","Under Construction"
"10001",2020-10-01,"Oct 2020","Apartment",23,"Scss","Under Construction"
"10001",2020-10-01,"Oct 2020","All",426,"Scss","Under Construction"
"10001",2020-11-01,"Nov 2020","Single",340,"Scss","Under Construction"
"10001",2020-11-01,"Nov 2020","Semi-Detached",52,"Scss","Under Construction"
"10001",2020-11-01,"Nov 2020","Row",49,"Scss","Under Construction"
"10001",2020-11-01,"Nov 2020","Apartment",22,"Scss","Under Construction"
"10001",2020-11-01,"Nov 2020","All",463,"Scss","Under Construction"
"10001",2020-12-01,"Dec 2020","Single",329,"Scss","Under Construction"
"10001",2020-12-01,"Dec 2020","Semi-Detached",52,"Scss","Under Construction"
"10001",2020-12-01,"Dec 2020","Row",46,"Scss","Under Construction"
"10001",2020-12-01,"Dec 2020","Apartment",20,"Scss","Under Construction"
"10001",2020-12-01,"Dec 2020","All",447,"Scss","Under Construction"
"10001",2021-01-01,"Jan 2021","Single",347,"Scss","Under Construction"
"10001",2021-01-01,"Jan 2021","Semi-Detached",54,"Scss","Under Construction"
"10001",2021-01-01,"Jan 2021","Row",52,"Scss","Under Construction"
"10001",2021-01-01,"Jan 2021","Apartment",19,"Scss","Under Construction"
"10001",2021-01-01,"Jan 2021","All",472,"Scss","Under Construction"
"10001",2021-02-01,"Feb 2021","Single",325,"Scss","Under Construction"
"10001",2021-02-01,"Feb 2021","Semi-Detached",54,"Scss","Under Construction"
"10001",2021-02-01,"Feb 2021","Row",42,"Scss","Under Construction"
"10001",2021-02-01,"Feb 2021","Apartment",19,"Scss","Under Construction"
"10001",2021-02-01,"Feb 2021","All",440,"Scss","Under Construction"
"10001",2021-03-01,"Mar 2021","Single",301,"Scss","Under Construction"
"10001",2021-03-01,"Mar 2021","Semi-Detached",52,"Scss","Under Construction"
"10001",2021-03-01,"Mar 2021","Row",45,"Scss","Under Construction"
"10001",2021-03-01,"Mar 2021","Apartment",17,"Scss","Under Construction"
"10001",2021-03-01,"Mar 2021","All",415,"Scss","Under Construction"
"10001",2021-04-01,"Apr 2021","Single",298,"Scss","Under Construction"
"10001",2021-04-01,"Apr 2021","Semi-Detached",48,"Scss","Under Construction"
"10001",2021-04-01,"Apr 2021","Row",46,"Scss","Under Construction"
"10001",2021-04-01,"Apr 2021","Apartment",17,"Scss","Under Construction"
"10001",2021-04-01,"Apr 2021","All",409,"Scss","Under Construction"
"10001",2021-05-01,"May 2021","Single",318,"Scss","Under Construction"
"10001",2021-05-01,"May 2021","Semi-Detached",48,"Scss","Under Construction"
"10001",2021-05-01,"May 2021","Row",51,"Scss","Under Construction"
"10001",2021-05-01,"May 2021","Apartment",22,"Scss","Under Construction"
"10001",2021-05-01,"May 2021","All",439,"Scss","Under Construction"
"10001",2021-06-01,"Jun 2021","Single",314,"Scss","Under Construction"
"10001",2021-06-01,"Jun 2021","Semi-Detached",52,"Scss","Under Construction"
"10001",2021-06-01,"Jun 2021","Row",51,"Scss","Under Construction"
"10001",2021-06-01,"Jun 2021","Apartment",25,"Scss","Under Construction"
"10001",2021-06-01,"Jun 2021","All",442,"Scss","Under Construction"
"10001",2021-07-01,"Jul 2021","Single",309,"Scss","Under Construction"
"10001",2021-07-01,"Jul 2021","Semi-Detached",52,"Scss","Under Construction"
"10001",2021-07-01,"Jul 2021","Row",55,"Scss","Under Construction"
"10001",2021-07-01,"Jul 2021","Apartment",24,"Scss","Under Construction"
"10001",2021-07-01,"Jul 2021","All",440,"Scss","Under Construction"
"10001",2021-08-01,"Aug 2021","Single",334,"Scss","Under Construction"
"10001",2021-08-01,"Aug 2021","Semi-Detached",50,"Scss","Under Construction"
"10001",2021-08-01,"Aug 2021","Row",55,"Scss","Under Construction"
"10001",2021-08-01,"Aug 2021","Apartment",15,"Scss","Under Construction"
"10001",2021-08-01,"Aug 2021","All",454,"Scss","Under Construction"
"10001",2021-09-01,"Sep 2021","Single",343,"Scss","Under Construction"
"10001",2021-09-01,"Sep 2021","Semi-Detached",48,"Scss","Under Construction"
"10001",2021-09-01,"Sep 2021","Row",52,"Scss","Under Construction"
"10001",2021-09-01,"Sep 2021","Apartment",17,"Scss","Under Construction"
"10001",2021-09-01,"Sep 2021","All",460,"Scss","Under Construction"
"10001",2021-10-01,"Oct 2021","Single",357,"Scss","Under Construction"
"10001",2021-10-01,"Oct 2021","Semi-Detached",50,"Scss","Under Construction"
"10001",2021-10-01,"Oct 2021","Row",57,"Scss","Under Construction"
"10001",2021-10-01,"Oct 2021","Apartment",19,"Scss","Under Construction"
"10001",2021-10-01,"Oct 2021","All",483,"Scss","Under Construction"
"10001",2021-11-01,"Nov 2021","Single",352,"Scss","Under Construction"
"10001",2021-11-01,"Nov 2021","Semi-Detached",46,"Scss","Under Construction"
"10001",2021-11-01,"Nov 2021","Row",57,"Scss","Under Construction"
"10001",2021-11-01,"Nov 2021","Apartment",14,"Scss","Under Construction"
"10001",2021-11-01,"Nov 2021","All",469,"Scss","Under Construction"
"10001",2021-12-01,"Dec 2021","Single",371,"Scss","Under Construction"
"10001",2021-12-01,"Dec 2021","Semi-Detached",52,"Scss","Under Construction"
"10001",2021-12-01,"Dec 2021","Row",60,"Scss","Under Construction"
"10001",2021-12-01,"Dec 2021","Apartment",20,"Scss","Under Construction"
"10001",2021-12-01,"Dec 2021","All",503,"Scss","Under Construction"
"10001",2022-01-01,"Jan 2022","Single",400,"Scss","Under Construction"
"10001",2022-01-01,"Jan 2022","Semi-Detached",50,"Scss","Under Construction"
"10001",2022-01-01,"Jan 2022","Row",60,"Scss","Under Construction"
"10001",2022-01-01,"Jan 2022","Apartment",22,"Scss","Under Construction"
"10001",2022-01-01,"Jan 2022","All",532,"Scss","Under Construction"
"10001",2022-02-01,"Feb 2022","Single",380,"Scss","Under Construction"
"10001",2022-02-01,"Feb 2022","Semi-Detached",48,"Scss","Under Construction"
"10001",2022-02-01,"Feb 2022","Row",51,"Scss","Under Construction"
"10001",2022-02-01,"Feb 2022","Apartment",24,"Scss","Under Construction"
"10001",2022-02-01,"Feb 2022","All",503,"Scss","Under Construction"
"10001",2022-03-01,"Mar 2022","Single",386,"Scss","Under Construction"
"10001",2022-03-01,"Mar 2022","Semi-Detached",56,"Scss","Under Construction"
"10001",2022-03-01,"Mar 2022","Row",51,"Scss","Under Construction"
"10001",2022-03-01,"Mar 2022","Apartment",29,"Scss","Under Construction"
"10001",2022-03-01,"Mar 2022","All",522,"Scss","Under Construction"
"10001",2022-04-01,"Apr 2022","Single",387,"Scss","Under Construction"
"10001",2022-04-01,"Apr 2022","Semi-Detached",50,"Scss","Under Construction"
"10001",2022-04-01,"Apr 2022","Row",54,"Scss","Under Construction"
"10001",2022-04-01,"Apr 2022","Apartment",23,"Scss","Under Construction"
"10001",2022-04-01,"Apr 2022","All",514,"Scss","Under Construction"
"10001",2022-05-01,"May 2022","Single",431,"Scss","Under Construction"
"10001",2022-05-01,"May 2022","Semi-Detached",48,"Scss","Under Construction"
"10001",2022-05-01,"May 2022","Row",54,"Scss","Under Construction"
"10001",2022-05-01,"May 2022","Apartment",35,"Scss","Under Construction"
"10001",2022-05-01,"May 2022","All",568,"Scss","Under Construction"
"10001",2022-06-01,"Jun 2022","Single",434,"Scss","Under Construction"
"10001",2022-06-01,"Jun 2022","Semi-Detached",42,"Scss","Under Construction"
"10001",2022-06-01,"Jun 2022","Row",46,"Scss","Under Construction"
"10001",2022-06-01,"Jun 2022","Apartment",29,"Scss","Under Construction"
"10001",2022-06-01,"Jun 2022","All",551,"Scss","Under Construction"
"10001",2022-07-01,"Jul 2022","Single",470,"Scss","Under Construction"
"10001",2022-07-01,"Jul 2022","Semi-Detached",42,"Scss","Under Construction"
"10001",2022-07-01,"Jul 2022","Row",49,"Scss","Under Construction"
"10001",2022-07-01,"Jul 2022","Apartment",29,"Scss","Under Construction"
"10001",2022-07-01,"Jul 2022","All",590,"Scss","Under Construction"
"10001",2022-08-01,"Aug 2022","Single",517,"Scss","Under Construction"
"10001",2022-08-01,"Aug 2022","Semi-Detached",48,"Scss","Under Construction"
"10001",2022-08-01,"Aug 2022","Row",53,"Scss","Under Construction"
"10001",2022-08-01,"Aug 2022","Apartment",29,"Scss","Under Construction"
"10001",2022-08-01,"Aug 2022","All",647,"Scss","Under Construction"
"10001",2022-09-01,"Sep 2022","Single",496,"Scss","Under Construction"
"10001",2022-09-01,"Sep 2022","Semi-Detached",46,"Scss","Under Construction"
"10001",2022-09-01,"Sep 2022","Row",45,"Scss","Under Construction"
"10001",2022-09-01,"Sep 2022","Apartment",24,"Scss","Under Construction"
"10001",2022-09-01,"Sep 2022","All",611,"Scss","Under Construction"
"10001",2022-10-01,"Oct 2022","Single",499,"Scss","Under Construction"
"10001",2022-10-01,"Oct 2022","Semi-Detached",42,"Scss","Under Construction"
"10001",2022-10-01,"Oct 2022","Row",43,"Scss","Under Construction"
"10001",2022-10-01,"Oct 2022","Apartment",21,"Scss","Under Construction"
"10001",2022-10-01,"Oct 2022","All",605,"Scss","Under Construction"
"10001",2022-11-01,"Nov 2022","Single",443,"Scss","Under Construction"
"10001",2022-11-01,"Nov 2022","Semi-Detached",34,"Scss","Under Construction"
"10001",2022-11-01,"Nov 2022","Row",24,"Scss","Under Construction"
"10001",2022-11-01,"Nov 2022","Apartment",20,"Scss","Under Construction"
"10001",2022-11-01,"Nov 2022","All",521,"Scss","Under Construction"
"10001",2022-12-01,"Dec 2022","Single",450,"Scss","Under Construction"
"10001",2022-12-01,"Dec 2022","Semi-Detached",46,"Scss","Under Construction"
"10001",2022-12-01,"Dec 2022","Row",19,"Scss","Under Construction"
"10001",2022-12-01,"Dec 2022","Apartment",89,"Scss","Under Construction"
"10001",2022-12-01,"Dec 2022","All",604,"Scss","Under Construction"
"10001",2023-01-01,"Jan 2023","Single",452,"Scss","Under Construction"
"10001",2023-01-01,"Jan 2023","Semi-Detached",48,"Scss","Under Construction"
"10001",2023-01-01,"Jan 2023","Row",22,"Scss","Under Construction"
"10001",2023-01-01,"Jan 2023","Apartment",89,"Scss","Under Construction"
"10001",2023-01-01,"Jan 2023","All",611,"Scss","Under Construction"
"10001",2023-02-01,"Feb 2023","Single",426,"Scss","Under Construction"
"10001",2023-02-01,"Feb 2023","Semi-Detached",46,"Scss","Under Construction"
"10001",2023-02-01,"Feb 2023","Row",15,"Scss","Under Construction"
"10001",2023-02-01,"Feb 2023","Apartment",89,"Scss","Under Construction"
"10001",2023-02-01,"Feb 2023","All",576,"Scss","Under Construction"
"10001",2023-03-01,"Mar 2023","Single",380,"Scss","Under Construction"
"10001",2023-03-01,"Mar 2023","Semi-Detached",42,"Scss","Under Construction"
"10001",2023-03-01,"Mar 2023","Row",15,"Scss","Under Construction"
"10001",2023-03-01,"Mar 2023","Apartment",91,"Scss","Under Construction"
"10001",2023-03-01,"Mar 2023","All",528,"Scss","Under Construction"
"10001",2023-04-01,"Apr 2023","Single",335,"Scss","Under Construction"
"10001",2023-04-01,"Apr 2023","Semi-Detached",40,"Scss","Under Construction"
"10001",2023-04-01,"Apr 2023","Row",15,"Scss","Under Construction"
"10001",2023-04-01,"Apr 2023","Apartment",85,"Scss","Under Construction"
"10001",2023-04-01,"Apr 2023","All",475,"Scss","Under Construction"
"10001",2023-05-01,"May 2023","Single",316,"Scss","Under Construction"
"10001",2023-05-01,"May 2023","Semi-Detached",34,"Scss","Under Construction"
"10001",2023-05-01,"May 2023","Row",15,"Scss","Under Construction"
"10001",2023-05-01,"May 2023","Apartment",91,"Scss","Under Construction"
"10001",2023-05-01,"May 2023","All",456,"Scss","Under Construction"
"10001",2023-06-01,"Jun 2023","Single",282,"Scss","Under Construction"
"10001",2023-06-01,"Jun 2023","Semi-Detached",28,"Scss","Under Construction"
"10001",2023-06-01,"Jun 2023","Row",18,"Scss","Under Construction"
"10001",2023-06-01,"Jun 2023","Apartment",91,"Scss","Under Construction"
"10001",2023-06-01,"Jun 2023","All",419,"Scss","Under Construction"
"10001",2023-07-01,"Jul 2023","Single",276,"Scss","Under Construction"
"10001",2023-07-01,"Jul 2023","Semi-Detached",28,"Scss","Under Construction"
"10001",2023-07-01,"Jul 2023","Row",18,"Scss","Under Construction"
"10001",2023-07-01,"Jul 2023","Apartment",84,"Scss","Under Construction"
"10001",2023-07-01,"Jul 2023","All",406,"Scss","Under Construction"
"10001",2023-08-01,"Aug 2023","Single",262,"Scss","Under Construction"
"10001",2023-08-01,"Aug 2023","Semi-Detached",39,"Scss","Under Construction"
"10001",2023-08-01,"Aug 2023","Row",11,"Scss","Under Construction"
"10001",2023-08-01,"Aug 2023","Apartment",93,"Scss","Under Construction"
"10001",2023-08-01,"Aug 2023","All",405,"Scss","Under Construction"
"10001",2023-09-01,"Sep 2023","Single",273,"Scss","Under Construction"
"10001",2023-09-01,"Sep 2023","Semi-Detached",45,"Scss","Under Construction"
"10001",2023-09-01,"Sep 2023","Row",8,"Scss","Under Construction"
"10001",2023-09-01,"Sep 2023","Apartment",101,"Scss","Under Construction"
"10001",2023-09-01,"Sep 2023","All",427,"Scss","Under Construction"
"10001",2023-10-01,"Oct 2023","Single",268,"Scss","Under Construction"
"10001",2023-10-01,"Oct 2023","Semi-Detached",42,"Scss","Under Construction"
"10001",2023-10-01,"Oct 2023","Row",11,"Scss","Under Construction"
"10001",2023-10-01,"Oct 2023","Apartment",103,"Scss","Under Construction"
"10001",2023-10-01,"Oct 2023","All",424,"Scss","Under Construction"
"10001",2023-11-01,"Nov 2023","Single",274,"Scss","Under Construction"
"10001",2023-11-01,"Nov 2023","Semi-Detached",46,"Scss","Under Construction"
"10001",2023-11-01,"Nov 2023","Row",11,"Scss","Under Construction"
"10001",2023-11-01,"Nov 2023","Apartment",122,"Scss","Under Construction"
"10001",2023-11-01,"Nov 2023","All",453,"Scss","Under Construction"
"10001",2023-12-01,"Dec 2023","Single",262,"Scss","Under Construction"
"10001",2023-12-01,"Dec 2023","Semi-Detached",40,"Scss","Under Construction"
"10001",2023-12-01,"Dec 2023","Row",17,"Scss","Under Construction"
"10001",2023-12-01,"Dec 2023","Apartment",130,"Scss","Under Construction"
"10001",2023-12-01,"Dec 2023","All",449,"Scss","Under Construction"
"10001",2024-01-01,"Jan 2024","Single",276,"Scss","Under Construction"
"10001",2024-01-01,"Jan 2024","Semi-Detached",44,"Scss","Under Construction"
"10001",2024-01-01,"Jan 2024","Row",20,"Scss","Under Construction"
"10001",2024-01-01,"Jan 2024","Apartment",153,"Scss","Under Construction"
"10001",2024-01-01,"Jan 2024","All",493,"Scss","Under Construction"
"10001",2024-02-01,"Feb 2024","Single",254,"Scss","Under Construction"
"10001",2024-02-01,"Feb 2024","Semi-Detached",42,"Scss","Under Construction"
"10001",2024-02-01,"Feb 2024","Row",20,"Scss","Under Construction"
"10001",2024-02-01,"Feb 2024","Apartment",78,"Scss","Under Construction"
"10001",2024-02-01,"Feb 2024","All",394,"Scss","Under Construction"
"10001",2024-03-01,"Mar 2024","Single",238,"Scss","Under Construction"
"10001",2024-03-01,"Mar 2024","Semi-Detached",38,"Scss","Under Construction"
"10001",2024-03-01,"Mar 2024","Row",20,"Scss","Under Construction"
"10001",2024-03-01,"Mar 2024","Apartment",74,"Scss","Under Construction"
"10001",2024-03-01,"Mar 2024","All",370,"Scss","Under Construction"
"10001",2024-04-01,"Apr 2024","Single",241,"Scss","Under Construction"
"10001",2024-04-01,"Apr 2024","Semi-Detached",38,"Scss","Under Construction"
"10001",2024-04-01,"Apr 2024","Row",17,"Scss","Under Construction"
"10001",2024-04-01,"Apr 2024","Apartment",65,"Scss","Under Construction"
"10001",2024-04-01,"Apr 2024","All",361,"Scss","Under Construction"
"10001",2024-05-01,"May 2024","Single",263,"Scss","Under Construction"
"10001",2024-05-01,"May 2024","Semi-Detached",40,"Scss","Under Construction"
"10001",2024-05-01,"May 2024","Row",21,"Scss","Under Construction"
"10001",2024-05-01,"May 2024","Apartment",44,"Scss","Under Construction"
"10001",2024-05-01,"May 2024","All",368,"Scss","Under Construction"
"10001",2024-06-01,"Jun 2024","Single",305,"Scss","Under Construction"
"10001",2024-06-01,"Jun 2024","Semi-Detached",48,"Scss","Under Construction"
"10001",2024-06-01,"Jun 2024","Row",21,"Scss","Under Construction"
"10001",2024-06-01,"Jun 2024","Apartment",52,"Scss","Under Construction"
"10001",2024-06-01,"Jun 2024","All",426,"Scss","Under Construction"
"10001",2024-07-01,"Jul 2024","Single",304,"Scss","Under Construction"
"10001",2024-07-01,"Jul 2024","Semi-Detached",56,"Scss","Under Construction"
"10001",2024-07-01,"Jul 2024","Row",21,"Scss","Under Construction"
"10001",2024-07-01,"Jul 2024","Apartment",53,"Scss","Under Construction"
"10001",2024-07-01,"Jul 2024","All",434,"Scss","Under Construction"
"10001",2024-08-01,"Aug 2024","Single",341,"Scss","Under Construction"
"10001",2024-08-01,"Aug 2024","Semi-Detached",62,"Scss","Under Construction"
"10001",2024-08-01,"Aug 2024","Row",18,"Scss","Under Construction"
"10001",2024-08-01,"Aug 2024","Apartment",83,"Scss","Under Construction"
"10001",2024-08-01,"Aug 2024","All",504,"Scss","Under Construction"
"10001",2024-09-01,"Sep 2024","Single",352,"Scss","Under Construction"
"10001",2024-09-01,"Sep 2024","Semi-Detached",68,"Scss","Under Construction"
"10001",2024-09-01,"Sep 2024","Row",21,"Scss","Under Construction"
"10001",2024-09-01,"Sep 2024","Apartment",100,"Scss","Under Construction"
"10001",2024-09-01,"Sep 2024","All",541,"Scss","Under Construction"
"10001",2024-10-01,"Oct 2024","Single",362,"Scss","Under Construction"
"10001",2024-10-01,"Oct 2024","Semi-Detached",62,"Scss","Under Construction"
"10001",2024-10-01,"Oct 2024","Row",17,"Scss","Under Construction"
"10001",2024-10-01,"Oct 2024","Apartment",155,"Scss","Under Construction"
"10001",2024-10-01,"Oct 2024","All",596,"Scss","Under Construction"
"10001",2024-11-01,"Nov 2024","Single",392,"Scss","Under Construction"
"10001",2024-11-01,"Nov 2024","Semi-Detached",64,"Scss","Under Construction"
"10001",2024-11-01,"Nov 2024","Row",13,"Scss","Under Construction"
"10001",2024-11-01,"Nov 2024","Apartment",165,"Scss","Under Construction"
"10001",2024-11-01,"Nov 2024","All",634,"Scss","Under Construction"
"10001",2024-12-01,"Dec 2024","Single",381,"Scss","Under Construction"
"10001",2024-12-01,"Dec 2024","Semi-Detached",74,"Scss","Under Construction"
"10001",2024-12-01,"Dec 2024","Row",10,"Scss","Under Construction"
"10001",2024-12-01,"Dec 2024","Apartment",175,"Scss","Under Construction"
"10001",2024-12-01,"Dec 2024","All",640,"Scss","Under Construction"
"10001",2025-01-01,"Jan 2025","Single",383,"Scss","Under Construction"
"10001",2025-01-01,"Jan 2025","Semi-Detached",80,"Scss","Under Construction"
"10001",2025-01-01,"Jan 2025","Row",6,"Scss","Under Construction"
"10001",2025-01-01,"Jan 2025","Apartment",181,"Scss","Under Construction"
"10001",2025-01-01,"Jan 2025","All",650,"Scss","Under Construction"
"10001",2025-02-01,"Feb 2025","Single",372,"Scss","Under Construction"
"10001",2025-02-01,"Feb 2025","Semi-Detached",82,"Scss","Under Construction"
"10001",2025-02-01,"Feb 2025","Row",12,"Scss","Under Construction"
"10001",2025-02-01,"Feb 2025","Apartment",180,"Scss","Under Construction"
"10001",2025-02-01,"Feb 2025","All",646,"Scss","Under Construction"
"10001",2025-03-01,"Mar 2025","Single",352,"Scss","Under Construction"
"10001",2025-03-01,"Mar 2025","Semi-Detached",80,"Scss","Under Construction"
"10001",2025-03-01,"Mar 2025","Row",12,"Scss","Under Construction"
"10001",2025-03-01,"Mar 2025","Apartment",175,"Scss","Under Construction"
"10001",2025-03-01,"Mar 2025","All",619,"Scss","Under Construction"
"10001",2025-04-01,"Apr 2025","Single",359,"Scss","Under Construction"
"10001",2025-04-01,"Apr 2025","Semi-Detached",78,"Scss","Under Construction"
"10001",2025-04-01,"Apr 2025","Row",19,"Scss","Under Construction"
"10001",2025-04-01,"Apr 2025","Apartment",199,"Scss","Under Construction"
"10001",2025-04-01,"Apr 2025","All",655,"Scss","Under Construction"
"10001",2025-05-01,"May 2025","Single",385,"Scss","Under Construction"
"10001",2025-05-01,"May 2025","Semi-Detached",72,"Scss","Under Construction"
"10001",2025-05-01,"May 2025","Row",19,"Scss","Under Construction"
"10001",2025-05-01,"May 2025","Apartment",203,"Scss","Under Construction"
"10001",2025-05-01,"May 2025","All",679,"Scss","Under Construction"
"10001",2025-06-01,"Jun 2025","Single",398,"Scss","Under Construction"
"10001",2025-06-01,"Jun 2025","Semi-Detached",72,"Scss","Under Construction"
"10001",2025-06-01,"Jun 2025","Row",20,"Scss","Under Construction"
"10001",2025-06-01,"Jun 2025","Apartment",213,"Scss","Under Construction"
"10001",2025-06-01,"Jun 2025","All",703,"Scss","Under Construction"
"10001",2025-07-01,"Jul 2025","Single",440,"Scss","Under Construction"
"10001",2025-07-01,"Jul 2025","Semi-Detached",66,"Scss","Under Construction"
"10001",2025-07-01,"Jul 2025","Row",27,"Scss","Under Construction"
"10001",2025-07-01,"Jul 2025","Apartment",210,"Scss","Under Construction"
"10001",2025-07-01,"Jul 2025","All",743,"Scss","Under Construction"
"10001",2025-08-01,"Aug 2025","Single",449,"Scss","Under Construction"
"10001",2025-08-01,"Aug 2025","Semi-Detached",60,"Scss","Under Construction"
"10001",2025-08-01,"Aug 2025","Row",40,"Scss","Under Construction"
"10001",2025-08-01,"Aug 2025","Apartment",213,"Scss","Under Construction"
"10001",2025-08-01,"Aug 2025","All",762,"Scss","Under Construction"
"10001",2025-09-01,"Sep 2025","Single",485,"Scss","Under Construction"
"10001",2025-09-01,"Sep 2025","Semi-Detached",66,"Scss","Under Construction"
"10001",2025-09-01,"Sep 2025","Row",47,"Scss","Under Construction"
"10001",2025-09-01,"Sep 2025","Apartment",226,"Scss","Under Construction"
"10001",2025-09-01,"Sep 2025","All",824,"Scss","Under Construction"
"10001",2025-10-01,"Oct 2025","Single",499,"Scss","Under Construction"
"10001",2025-10-01,"Oct 2025","Semi-Detached",66,"Scss","Under Construction"
"10001",2025-10-01,"Oct 2025","Row",52,"Scss","Under Construction"
"10001",2025-10-01,"Oct 2025","Apartment",225,"Scss","Under Construction"
"10001",2025-10-01,"Oct 2025","All",842,"Scss","Under Construction"
"10001",2025-11-01,"Nov 2025","Single",519,"Scss","Under Construction"
"10001",2025-11-01,"Nov 2025","Semi-Detached",68,"Scss","Under Construction"
"10001",2025-11-01,"Nov 2025","Row",53,"Scss","Under Construction"
"10001",2025-11-01,"Nov 2025","Apartment",227,"Scss","Under Construction"
"10001",2025-11-01,"Nov 2025","All",867,"Scss","Under Construction"
"10001",2025-12-01,"Dec 2025","Single",531,"Scss","Under Construction"
"10001",2025-12-01,"Dec 2025","Semi-Detached",56,"Scss","Under Construction"
"10001",2025-12-01,"Dec 2025","Row",61,"Scss","Under Construction"
"10001",2025-12-01,"Dec 2025","Apartment",227,"Scss","Under Construction"
"10001",2025-12-01,"Dec 2025","All",875,"Scss","Under Construction"
"10001",2026-01-01,"Jan 2026","Single",515,"Scss","Under Construction"
"10001",2026-01-01,"Jan 2026","Semi-Detached",56,"Scss","Under Construction"
"10001",2026-01-01,"Jan 2026","Row",64,"Scss","Under Construction"
"10001",2026-01-01,"Jan 2026","Apartment",218,"Scss","Under Construction"
"10001",2026-01-01,"Jan 2026","All",853,"Scss","Under Construction"
"10001",2026-02-01,"Feb 2026","Single",489,"Scss","Under Construction"
"10001",2026-02-01,"Feb 2026","Semi-Detached",50,"Scss","Under Construction"
"10001",2026-02-01,"Feb 2026","Row",64,"Scss","Under Construction"
"10001",2026-02-01,"Feb 2026","Apartment",228,"Scss","Under Construction"
"10001",2026-02-01,"Feb 2026","All",831,"Scss","Under Construction"
