"GeoUID","Date","DateString","Dwelling Type","Value","Survey","Series"
"35555",1998-01-01,"Jan 1998","Single",276,"Scss","Under Construction"
"35555",1998-01-01,"Jan 1998","Semi-Detached",28,"Scss","Under Construction"
"35555",1998-01-01,"Jan 1998","Row",235,"Scss","Under Construction"
"35555",1998-01-01,"Jan 1998","Apartment",46,"Scss","Under Construction"
"35555",1998-01-01,"Jan 1998","All",585,"Scss","Under Construction"
"35555",1998-02-01,"Feb 1998","Single",262,"Scss","Under Construction"
"35555",1998-02-01,"Feb 1998","Semi-Detached",22,"Scss","Under Construction"
"35555",1998-02-01,"Feb 1998","Row",251,"Scss","Under Construction"
"35555",1998-02-01,"Feb 1998","Apartment",117,"Scss","Under Construction"
"35555",1998-02-01,"Feb 1998","All",652,"Scss","Under Construction"
"35555",1998-03-01,"Mar 1998","Single",259,"Scss","Under Construction"
"35555",1998-03-01,"Mar 1998","Semi-Detached",18,"Scss","Under Construction"
"35555",1998-03-01,"Mar 1998","Row",262,"Scss","Under Construction"
"35555",1998-03-01,"Mar 1998","Apartment",117,"Scss","Under Construction"
"35555",1998-03-01,"Mar 1998","All",656,"Scss","Under Construction"
"35555",1998-04-01,"Apr 1998","Single",318,"Scss","Under Construction"
"35555",1998-04-01,"Apr 1998","Semi-Detached",24,"Scss","Under Construction"
"35555",1998-04-01,"Apr 1998","Row",223,"Scss","Under Construction"
"35555",1998-04-01,"Apr 1998","Apartment",117,"Scss","Under Construction"
"35555",1998-04-01,"Apr 1998","All",682,"Scss","Under Construction"
"35555",1998-05-01,"May 1998","Single",369,"Scss","Under Construction"
"35555",1998-05-01,"May 1998","Semi-Detached",28,"Scss","Under Construction"
"35555",1998-05-01,"May 1998","Row",243,"Scss","Under Construction"
"35555",1998-05-01,"May 1998","Apartment",117,"Scss","Under Construction"
"35555",1998-05-01,"May 1998","All",757,"Scss","Under Construction"
"35555",1998-06-01,"Jun 1998","Single",401,"Scss","Under Construction"
"35555",1998-06-01,"Jun 1998","Semi-Detached",28,"Scss","Under Construction"
"35555",1998-06-01,"Jun 1998","Row",312,"Scss","Under Construction"
"35555",1998-06-01,"Jun 1998","Apartment",123,"Scss","Under Construction"
"35555",1998-06-01,"Jun 1998","All",864,"Scss","Under Construction"
"35555",1998-07-01,"Jul 1998","Single",405,"Scss","Under Construction"
"35555",1998-07-01,"Jul 1998","Semi-Detached",26,"Scss","Under Construction"
"35555",1998-07-01,"Jul 1998","Row",338,"Scss","Under Construction"
"35555",1998-07-01,"Jul 1998","Apartment",258,"Scss","Under Construction"
"35555",1998-07-01,"Jul 1998","All",1027,"Scss","Under Construction"
"35555",1998-08-01,"Aug 1998","Single",429,"Scss","Under Construction"
"35555",1998-08-01,"Aug 1998","Semi-Detached",18,"Scss","Under Construction"
"35555",1998-08-01,"Aug 1998","Row",320,"Scss","Under Construction"
"35555",1998-08-01,"Aug 1998","Apartment",358,"Scss","Under Construction"
"35555",1998-08-01,"Aug 1998","All",1125,"Scss","Under Construction"
"35555",1998-09-01,"Sep 1998","Single",372,"Scss","Under Construction"
"35555",1998-09-01,"Sep 1998","Semi-Detached",8,"Scss","Under Construction"
"35555",1998-09-01,"Sep 1998","Row",302,"Scss","Under Construction"
"35555",1998-09-01,"Sep 1998","Apartment",410,"Scss","Under Construction"
"35555",1998-09-01,"Sep 1998","All",1092,"Scss","Under Construction"
"35555",1998-10-01,"Oct 1998","Single",382,"Scss","Under Construction"
"35555",1998-10-01,"Oct 1998","Semi-Detached",10,"Scss","Under Construction"
"35555",1998-10-01,"Oct 1998","Row",266,"Scss","Under Construction"
"35555",1998-10-01,"Oct 1998","Apartment",400,"Scss","Under Construction"
"35555",1998-10-01,"Oct 1998","All",1058,"Scss","Under Construction"
"35555",1998-11-01,"Nov 1998","Single",331,"Scss","Under Construction"
"35555",1998-11-01,"Nov 1998","Semi-Detached",12,"Scss","Under Construction"
"35555",1998-11-01,"Nov 1998","Row",263,"Scss","Under Construction"
"35555",1998-11-01,"Nov 1998","Apartment",402,"Scss","Under Construction"
"35555",1998-11-01,"Nov 1998","All",1008,"Scss","Under Construction"
"35555",1998-12-01,"Dec 1998","Single",320,"Scss","Under Construction"
"35555",1998-12-01,"Dec 1998","Semi-Detached",12,"Scss","Under Construction"
"35555",1998-12-01,"Dec 1998","Row",254,"Scss","Under Construction"
"35555",1998-12-01,"Dec 1998","Apartment",406,"Scss","Under Construction"
"35555",1998-12-01,"Dec 1998","All",992,"Scss","Under Construction"
"35555",1999-01-01,"Jan 1999","Single",245,"Scss","Under Construction"
"35555",1999-01-01,"Jan 1999","Semi-Detached",6,"Scss","Under Construction"
"35555",1999-01-01,"Jan 1999","Row",234,"Scss","Under Construction"
"35555",1999-01-01,"Jan 1999","Apartment",404,"Scss","Under Construction"
"35555",1999-01-01,"Jan 1999","All",889,"Scss","Under Construction"
"35555",1999-02-01,"Feb 1999","Single",242,"Scss","Under Construction"
"35555",1999-02-01,"Feb 1999","Semi-Detached",6,"Scss","Under Construction"
"35555",1999-02-01,"Feb 1999","Row",229,"Scss","Under Construction"
"35555",1999-02-01,"Feb 1999","Apartment",404,"Scss","Under Construction"
"35555",1999-02-01,"Feb 1999","All",881,"Scss","Under Construction"
"35555",1999-03-01,"Mar 1999","Single",238,"Scss","Under Construction"
"35555",1999-03-01,"Mar 1999","Semi-Detached",4,"Scss","Under Construction"
"35555",1999-03-01,"Mar 1999","Row",240,"Scss","Under Construction"
"35555",1999-03-01,"Mar 1999","Apartment",404,"Scss","Under Construction"
"35555",1999-03-01,"Mar 1999","All",886,"Scss","Under Construction"
"35555",1999-04-01,"Apr 1999","Single",249,"Scss","Under Construction"
"35555",1999-04-01,"Apr 1999","Semi-Detached",0,"Scss","Under Construction"
"35555",1999-04-01,"Apr 1999","Row",206,"Scss","Under Construction"
"35555",1999-04-01,"Apr 1999","Apartment",321,"Scss","Under Construction"
"35555",1999-04-01,"Apr 1999","All",776,"Scss","Under Construction"
"35555",1999-05-01,"May 1999","Single",298,"Scss","Under Construction"
"35555",1999-05-01,"May 1999","Semi-Detached",4,"Scss","Under Construction"
"35555",1999-05-01,"May 1999","Row",167,"Scss","Under Construction"
"35555",1999-05-01,"May 1999","Apartment",488,"Scss","Under Construction"
"35555",1999-05-01,"May 1999","All",957,"Scss","Under Construction"
"35555",1999-06-01,"Jun 1999","Single",335,"Scss","Under Construction"
"35555",1999-06-01,"Jun 1999","Semi-Detached",4,"Scss","Under Construction"
"35555",1999-06-01,"Jun 1999","Row",172,"Scss","Under Construction"
"35555",1999-06-01,"Jun 1999","Apartment",490,"Scss","Under Construction"
"35555",1999-06-01,"Jun 1999","All",1001,"Scss","Under Construction"
"35555",1999-07-01,"Jul 1999","Single",377,"Scss","Under Construction"
"35555",1999-07-01,"Jul 1999","Semi-Detached",6,"Scss","Under Construction"
"35555",1999-07-01,"Jul 1999","Row",176,"Scss","Under Construction"
"35555",1999-07-01,"Jul 1999","Apartment",490,"Scss","Under Construction"
"35555",1999-07-01,"Jul 1999","All",1049,"Scss","Under Construction"
"35555",1999-08-01,"Aug 1999","Single",359,"Scss","Under Construction"
"35555",1999-08-01,"Aug 1999","Semi-Detached",6,"Scss","Under Construction"
"35555",1999-08-01,"Aug 1999","Row",207,"Scss","Under Construction"
"35555",1999-08-01,"Aug 1999","Apartment",488,"Scss","Under Construction"
"35555",1999-08-01,"Aug 1999","All",1060,"Scss","Under Construction"
"35555",1999-09-01,"Sep 1999","Single",415,"Scss","Under Construction"
"35555",1999-09-01,"Sep 1999","Semi-Detached",16,"Scss","Under Construction"
"35555",1999-09-01,"Sep 1999","Row",200,"Scss","Under Construction"
"35555",1999-09-01,"Sep 1999","Apartment",454,"Scss","Under Construction"
"35555",1999-09-01,"Sep 1999","All",1085,"Scss","Under Construction"
"35555",1999-10-01,"Oct 1999","Single",419,"Scss","Under Construction"
"35555",1999-10-01,"Oct 1999","Semi-Detached",16,"Scss","Under Construction"
"35555",1999-10-01,"Oct 1999","Row",158,"Scss","Under Construction"
"35555",1999-10-01,"Oct 1999","Apartment",354,"Scss","Under Construction"
"35555",1999-10-01,"Oct 1999","All",947,"Scss","Under Construction"
"35555",1999-11-01,"Nov 1999","Single",428,"Scss","Under Construction"
"35555",1999-11-01,"Nov 1999","Semi-Detached",20,"Scss","Under Construction"
"35555",1999-11-01,"Nov 1999","Row",167,"Scss","Under Construction"
"35555",1999-11-01,"Nov 1999","Apartment",354,"Scss","Under Construction"
"35555",1999-11-01,"Nov 1999","All",969,"Scss","Under Construction"
"35555",1999-12-01,"Dec 1999","Single",354,"Scss","Under Construction"
"35555",1999-12-01,"Dec 1999","Semi-Detached",22,"Scss","Under Construction"
"35555",1999-12-01,"Dec 1999","Row",153,"Scss","Under Construction"
"35555",1999-12-01,"Dec 1999","Apartment",342,"Scss","Under Construction"
"35555",1999-12-01,"Dec 1999","All",871,"Scss","Under Construction"
"35555",2000-01-01,"Jan 2000","Single",335,"Scss","Under Construction"
"35555",2000-01-01,"Jan 2000","Semi-Detached",22,"Scss","Under Construction"
"35555",2000-01-01,"Jan 2000","Row",158,"Scss","Under Construction"
"35555",2000-01-01,"Jan 2000","Apartment",354,"Scss","Under Construction"
"35555",2000-01-01,"Jan 2000","All",869,"Scss","Under Construction"
"35555",2000-02-01,"Feb 2000","Single",364,"Scss","Under Construction"
"35555",2000-02-01,"Feb 2000","Semi-Detached",20,"Scss","Under Construction"
"35555",2000-02-01,"Feb 2000","Row",156,"Scss","Under Construction"
"35555",2000-02-01,"Feb 2000","Apartment",471,"Scss","Under Construction"
"35555",2000-02-01,"Feb 2000","All",1011,"Scss","Under Construction"
"35555",2000-03-01,"Mar 2000","Single",346,"Scss","Under Construction"
"35555",2000-03-01,"Mar 2000","Semi-Detached",20,"Scss","Under Construction"
"35555",2000-03-01,"Mar 2000","Row",185,"Scss","Under Construction"
"35555",2000-03-01,"Mar 2000","Apartment",296,"Scss","Under Construction"
"35555",2000-03-01,"Mar 2000","All",847,"Scss","Under Construction"
"35555",2000-04-01,"Apr 2000","Single",384,"Scss","Under Construction"
"35555",2000-04-01,"Apr 2000","Semi-Detached",20,"Scss","Under Construction"
"35555",2000-04-01,"Apr 2000","Row",218,"Scss","Under Construction"
"35555",2000-04-01,"Apr 2000","Apartment",296,"Scss","Under Construction"
"35555",2000-04-01,"Apr 2000","All",918,"Scss","Under Construction"
"35555",2000-05-01,"May 2000","Single",380,"Scss","Under Construction"
"35555",2000-05-01,"May 2000","Semi-Detached",14,"Scss","Under Construction"
"35555",2000-05-01,"May 2000","Row",201,"Scss","Under Construction"
"35555",2000-05-01,"May 2000","Apartment",296,"Scss","Under Construction"
"35555",2000-05-01,"May 2000","All",891,"Scss","Under Construction"
"35555",2000-06-01,"Jun 2000","Single",449,"Scss","Under Construction"
"35555",2000-06-01,"Jun 2000","Semi-Detached",10,"Scss","Under Construction"
"35555",2000-06-01,"Jun 2000","Row",206,"Scss","Under Construction"
"35555",2000-06-01,"Jun 2000","Apartment",286,"Scss","Under Construction"
"35555",2000-06-01,"Jun 2000","All",951,"Scss","Under Construction"
"35555",2000-07-01,"Jul 2000","Single",443,"Scss","Under Construction"
"35555",2000-07-01,"Jul 2000","Semi-Detached",6,"Scss","Under Construction"
"35555",2000-07-01,"Jul 2000","Row",229,"Scss","Under Construction"
"35555",2000-07-01,"Jul 2000","Apartment",119,"Scss","Under Construction"
"35555",2000-07-01,"Jul 2000","All",797,"Scss","Under Construction"
"35555",2000-08-01,"Aug 2000","Single",393,"Scss","Under Construction"
"35555",2000-08-01,"Aug 2000","Semi-Detached",6,"Scss","Under Construction"
"35555",2000-08-01,"Aug 2000","Row",160,"Scss","Under Construction"
"35555",2000-08-01,"Aug 2000","Apartment",119,"Scss","Under Construction"
"35555",2000-08-01,"Aug 2000","All",678,"Scss","Under Construction"
"35555",2000-09-01,"Sep 2000","Single",366,"Scss","Under Construction"
"35555",2000-09-01,"Sep 2000","Semi-Detached",2,"Scss","Under Construction"
"35555",2000-09-01,"Sep 2000","Row",162,"Scss","Under Construction"
"35555",2000-09-01,"Sep 2000","Apartment",120,"Scss","Under Construction"
"35555",2000-09-01,"Sep 2000","All",650,"Scss","Under Construction"
"35555",2000-10-01,"Oct 2000","Single",341,"Scss","Under Construction"
"35555",2000-10-01,"Oct 2000","Semi-Detached",4,"Scss","Under Construction"
"35555",2000-10-01,"Oct 2000","Row",218,"Scss","Under Construction"
"35555",2000-10-01,"Oct 2000","Apartment",164,"Scss","Under Construction"
"35555",2000-10-01,"Oct 2000","All",727,"Scss","Under Construction"
"35555",2000-11-01,"Nov 2000","Single",302,"Scss","Under Construction"
"35555",2000-11-01,"Nov 2000","Semi-Detached",10,"Scss","Under Construction"
"35555",2000-11-01,"Nov 2000","Row",209,"Scss","Under Construction"
"35555",2000-11-01,"Nov 2000","Apartment",168,"Scss","Under Construction"
"35555",2000-11-01,"Nov 2000","All",689,"Scss","Under Construction"
"35555",2000-12-01,"Dec 2000","Single",297,"Scss","Under Construction"
"35555",2000-12-01,"Dec 2000","Semi-Detached",10,"Scss","Under Construction"
"35555",2000-12-01,"Dec 2000","Row",207,"Scss","Under Construction"
"35555",2000-12-01,"Dec 2000","Apartment",168,"Scss","Under Construction"
"35555",2000-12-01,"Dec 2000","All",682,"Scss","Under Construction"
"35555",2001-01-01,"Jan 2001","Single",290,"Scss","Under Construction"
"35555",2001-01-01,"Jan 2001","Semi-Detached",10,"Scss","Under Construction"
"35555",2001-01-01,"Jan 2001","Row",184,"Scss","Under Construction"
"35555",2001-01-01,"Jan 2001","Apartment",168,"Scss","Under Construction"
"35555",2001-01-01,"Jan 2001","All",652,"Scss","Under Construction"
"35555",2001-02-01,"Feb 2001","Single",302,"Scss","Under Construction"
"35555",2001-02-01,"Feb 2001","Semi-Detached",10,"Scss","Under Construction"
"35555",2001-02-01,"Feb 2001","Row",176,"Scss","Under Construction"
"35555",2001-02-01,"Feb 2001","Apartment",168,"Scss","Under Construction"
"35555",2001-02-01,"Feb 2001","All",656,"Scss","Under Construction"
"35555",2001-03-01,"Mar 2001","Single",312,"Scss","Under Construction"
"35555",2001-03-01,"Mar 2001","Semi-Detached",10,"Scss","Under Construction"
"35555",2001-03-01,"Mar 2001","Row",170,"Scss","Under Construction"
"35555",2001-03-01,"Mar 2001","Apartment",168,"Scss","Under Construction"
"35555",2001-03-01,"Mar 2001","All",660,"Scss","Under Construction"
"35555",2001-04-01,"Apr 2001","Single",364,"Scss","Under Construction"
"35555",2001-04-01,"Apr 2001","Semi-Detached",12,"Scss","Under Construction"
"35555",2001-04-01,"Apr 2001","Row",196,"Scss","Under Construction"
"35555",2001-04-01,"Apr 2001","Apartment",168,"Scss","Under Construction"
"35555",2001-04-01,"Apr 2001","All",740,"Scss","Under Construction"
"35555",2001-05-01,"May 2001","Single",407,"Scss","Under Construction"
"35555",2001-05-01,"May 2001","Semi-Detached",12,"Scss","Under Construction"
"35555",2001-05-01,"May 2001","Row",181,"Scss","Under Construction"
"35555",2001-05-01,"May 2001","Apartment",124,"Scss","Under Construction"
"35555",2001-05-01,"May 2001","All",724,"Scss","Under Construction"
"35555",2001-06-01,"Jun 2001","Single",445,"Scss","Under Construction"
"35555",2001-06-01,"Jun 2001","Semi-Detached",14,"Scss","Under Construction"
"35555",2001-06-01,"Jun 2001","Row",192,"Scss","Under Construction"
"35555",2001-06-01,"Jun 2001","Apartment",4,"Scss","Under Construction"
"35555",2001-06-01,"Jun 2001","All",655,"Scss","Under Construction"
"35555",2001-07-01,"Jul 2001","Single",448,"Scss","Under Construction"
"35555",2001-07-01,"Jul 2001","Semi-Detached",10,"Scss","Under Construction"
"35555",2001-07-01,"Jul 2001","Row",199,"Scss","Under Construction"
"35555",2001-07-01,"Jul 2001","Apartment",10,"Scss","Under Construction"
"35555",2001-07-01,"Jul 2001","All",667,"Scss","Under Construction"
"35555",2001-08-01,"Aug 2001","Single",447,"Scss","Under Construction"
"35555",2001-08-01,"Aug 2001","Semi-Detached",10,"Scss","Under Construction"
"35555",2001-08-01,"Aug 2001","Row",205,"Scss","Under Construction"
"35555",2001-08-01,"Aug 2001","Apartment",4,"Scss","Under Construction"
"35555",2001-08-01,"Aug 2001","All",666,"Scss","Under Construction"
"35555",2001-09-01,"Sep 2001","Single",421,"Scss","Under Construction"
"35555",2001-09-01,"Sep 2001","Semi-Detached",10,"Scss","Under Construction"
"35555",2001-09-01,"Sep 2001","Row",178,"Scss","Under Construction"
"35555",2001-09-01,"Sep 2001","Apartment",4,"Scss","Under Construction"
"35555",2001-09-01,"Sep 2001","All",613,"Scss","Under Construction"
"35555",2001-10-01,"Oct 2001","Single",418,"Scss","Under Construction"
"35555",2001-10-01,"Oct 2001","Semi-Detached",12,"Scss","Under Construction"
"35555",2001-10-01,"Oct 2001","Row",172,"Scss","Under Construction"
"35555",2001-10-01,"Oct 2001","Apartment",4,"Scss","Under Construction"
"35555",2001-10-01,"Oct 2001","All",606,"Scss","Under Construction"
"35555",2001-11-01,"Nov 2001","Single",393,"Scss","Under Construction"
"35555",2001-11-01,"Nov 2001","Semi-Detached",12,"Scss","Under Construction"
"35555",2001-11-01,"Nov 2001","Row",153,"Scss","Under Construction"
"35555",2001-11-01,"Nov 2001","Apartment",30,"Scss","Under Construction"
"35555",2001-11-01,"Nov 2001","All",588,"Scss","Under Construction"
"35555",2001-12-01,"Dec 2001","Single",333,"Scss","Under Construction"
"35555",2001-12-01,"Dec 2001","Semi-Detached",10,"Scss","Under Construction"
"35555",2001-12-01,"Dec 2001","Row",118,"Scss","Under Construction"
"35555",2001-12-01,"Dec 2001","Apartment",50,"Scss","Under Construction"
"35555",2001-12-01,"Dec 2001","All",511,"Scss","Under Construction"
"35555",2002-01-01,"Jan 2002","Single",423,"Scss","Under Construction"
"35555",2002-01-01,"Jan 2002","Semi-Detached",8,"Scss","Under Construction"
"35555",2002-01-01,"Jan 2002","Row",113,"Scss","Under Construction"
"35555",2002-01-01,"Jan 2002","Apartment",50,"Scss","Under Construction"
"35555",2002-01-01,"Jan 2002","All",594,"Scss","Under Construction"
"35555",2002-02-01,"Feb 2002","Single",449,"Scss","Under Construction"
"35555",2002-02-01,"Feb 2002","Semi-Detached",8,"Scss","Under Construction"
"35555",2002-02-01,"Feb 2002","Row",95,"Scss","Under Construction"
"35555",2002-02-01,"Feb 2002","Apartment",48,"Scss","Under Construction"
"35555",2002-02-01,"Feb 2002","All",600,"Scss","Under Construction"
"35555",2002-03-01,"Mar 2002","Single",448,"Scss","Under Construction"
"35555",2002-03-01,"Mar 2002","Semi-Detached",8,"Scss","Under Construction"
"35555",2002-03-01,"Mar 2002","Row",93,"Scss","Under Construction"
"35555",2002-03-01,"Mar 2002","Apartment",48,"Scss","Under Construction"
"35555",2002-03-01,"Mar 2002","All",597,"Scss","Under Construction"
"35555",2002-04-01,"Apr 2002","Single",522,"Scss","Under Construction"
"35555",2002-04-01,"Apr 2002","Semi-Detached",8,"Scss","Under Construction"
"35555",2002-04-01,"Apr 2002","Row",106,"Scss","Under Construction"
"35555",2002-04-01,"Apr 2002","Apartment",48,"Scss","Under Construction"
"35555",2002-04-01,"Apr 2002","All",684,"Scss","Under Construction"
"35555",2002-05-01,"May 2002","Single",607,"Scss","Under Construction"
"35555",2002-05-01,"May 2002","Semi-Detached",12,"Scss","Under Construction"
"35555",2002-05-01,"May 2002","Row",123,"Scss","Under Construction"
"35555",2002-05-01,"May 2002","Apartment",268,"Scss","Under Construction"
"35555",2002-05-01,"May 2002","All",1010,"Scss","Under Construction"
"35555",2002-06-01,"Jun 2002","Single",698,"Scss","Under Construction"
"35555",2002-06-01,"Jun 2002","Semi-Detached",10,"Scss","Under Construction"
"35555",2002-06-01,"Jun 2002","Row",160,"Scss","Under Construction"
"35555",2002-06-01,"Jun 2002","Apartment",236,"Scss","Under Construction"
"35555",2002-06-01,"Jun 2002","All",1104,"Scss","Under Construction"
"35555",2002-07-01,"Jul 2002","Single",690,"Scss","Under Construction"
"35555",2002-07-01,"Jul 2002","Semi-Detached",8,"Scss","Under Construction"
"35555",2002-07-01,"Jul 2002","Row",159,"Scss","Under Construction"
"35555",2002-07-01,"Jul 2002","Apartment",236,"Scss","Under Construction"
"35555",2002-07-01,"Jul 2002","All",1093,"Scss","Under Construction"
"35555",2002-08-01,"Aug 2002","Single",715,"Scss","Under Construction"
"35555",2002-08-01,"Aug 2002","Semi-Detached",10,"Scss","Under Construction"
"35555",2002-08-01,"Aug 2002","Row",200,"Scss","Under Construction"
"35555",2002-08-01,"Aug 2002","Apartment",240,"Scss","Under Construction"
"35555",2002-08-01,"Aug 2002","All",1165,"Scss","Under Construction"
"35555",2002-09-01,"Sep 2002","Single",673,"Scss","Under Construction"
"35555",2002-09-01,"Sep 2002","Semi-Detached",16,"Scss","Under Construction"
"35555",2002-09-01,"Sep 2002","Row",189,"Scss","Under Construction"
"35555",2002-09-01,"Sep 2002","Apartment",224,"Scss","Under Construction"
"35555",2002-09-01,"Sep 2002","All",1102,"Scss","Under Construction"
"35555",2002-10-01,"Oct 2002","Single",612,"Scss","Under Construction"
"35555",2002-10-01,"Oct 2002","Semi-Detached",14,"Scss","Under Construction"
"35555",2002-10-01,"Oct 2002","Row",200,"Scss","Under Construction"
"35555",2002-10-01,"Oct 2002","Apartment",246,"Scss","Under Construction"
"35555",2002-10-01,"Oct 2002","All",1072,"Scss","Under Construction"
"35555",2002-11-01,"Nov 2002","Single",595,"Scss","Under Construction"
"35555",2002-11-01,"Nov 2002","Semi-Detached",14,"Scss","Under Construction"
"35555",2002-11-01,"Nov 2002","Row",226,"Scss","Under Construction"
"35555",2002-11-01,"Nov 2002","Apartment",302,"Scss","Under Construction"
"35555",2002-11-01,"Nov 2002","All",1137,"Scss","Under Construction"
"35555",2002-12-01,"Dec 2002","Single",518,"Scss","Under Construction"
"35555",2002-12-01,"Dec 2002","Semi-Detached",14,"Scss","Under Construction"
"35555",2002-12-01,"Dec 2002","Row",236,"Scss","Under Construction"
"35555",2002-12-01,"Dec 2002","Apartment",298,"Scss","Under Construction"
"35555",2002-12-01,"Dec 2002","All",1066,"Scss","Under Construction"
"35555",2003-01-01,"Jan 2003","Single",486,"Scss","Under Construction"
"35555",2003-01-01,"Jan 2003","Semi-Detached",12,"Scss","Under Construction"
"35555",2003-01-01,"Jan 2003","Row",213,"Scss","Under Construction"
"35555",2003-01-01,"Jan 2003","Apartment",298,"Scss","Under Construction"
"35555",2003-01-01,"Jan 2003","All",1009,"Scss","Under Construction"
"35555",2003-02-01,"Feb 2003","Single",488,"Scss","Under Construction"
"35555",2003-02-01,"Feb 2003","Semi-Detached",10,"Scss","Under Construction"
"35555",2003-02-01,"Feb 2003","Row",204,"Scss","Under Construction"
"35555",2003-02-01,"Feb 2003","Apartment",591,"Scss","Under Construction"
"35555",2003-02-01,"Feb 2003","All",1293,"Scss","Under Construction"
"35555",2003-03-01,"Mar 2003","Single",491,"Scss","Under Construction"
"35555",2003-03-01,"Mar 2003","Semi-Detached",8,"Scss","Under Construction"
"35555",2003-03-01,"Mar 2003","Row",197,"Scss","Under Construction"
"35555",2003-03-01,"Mar 2003","Apartment",599,"Scss","Under Construction"
"35555",2003-03-01,"Mar 2003","All",1295,"Scss","Under Construction"
"35555",2003-04-01,"Apr 2003","Single",544,"Scss","Under Construction"
"35555",2003-04-01,"Apr 2003","Semi-Detached",6,"Scss","Under Construction"
"35555",2003-04-01,"Apr 2003","Row",221,"Scss","Under Construction"
"35555",2003-04-01,"Apr 2003","Apartment",755,"Scss","Under Construction"
"35555",2003-04-01,"Apr 2003","All",1526,"Scss","Under Construction"
"35555",2003-05-01,"May 2003","Single",581,"Scss","Under Construction"
"35555",2003-05-01,"May 2003","Semi-Detached",8,"Scss","Under Construction"
"35555",2003-05-01,"May 2003","Row",212,"Scss","Under Construction"
"35555",2003-05-01,"May 2003","Apartment",755,"Scss","Under Construction"
"35555",2003-05-01,"May 2003","All",1556,"Scss","Under Construction"
"35555",2003-06-01,"Jun 2003","Single",618,"Scss","Under Construction"
"35555",2003-06-01,"Jun 2003","Semi-Detached",8,"Scss","Under Construction"
"35555",2003-06-01,"Jun 2003","Row",206,"Scss","Under Construction"
"35555",2003-06-01,"Jun 2003","Apartment",733,"Scss","Under Construction"
"35555",2003-06-01,"Jun 2003","All",1565,"Scss","Under Construction"
"35555",2003-07-01,"Jul 2003","Single",665,"Scss","Under Construction"
"35555",2003-07-01,"Jul 2003","Semi-Detached",8,"Scss","Under Construction"
"35555",2003-07-01,"Jul 2003","Row",207,"Scss","Under Construction"
"35555",2003-07-01,"Jul 2003","Apartment",885,"Scss","Under Construction"
"35555",2003-07-01,"Jul 2003","All",1765,"Scss","Under Construction"
"35555",2003-08-01,"Aug 2003","Single",686,"Scss","Under Construction"
"35555",2003-08-01,"Aug 2003","Semi-Detached",10,"Scss","Under Construction"
"35555",2003-08-01,"Aug 2003","Row",247,"Scss","Under Construction"
"35555",2003-08-01,"Aug 2003","Apartment",1041,"Scss","Under Construction"
"35555",2003-08-01,"Aug 2003","All",1984,"Scss","Under Construction"
"35555",2003-09-01,"Sep 2003","Single",637,"Scss","Under Construction"
"35555",2003-09-01,"Sep 2003","Semi-Detached",22,"Scss","Under Construction"
"35555",2003-09-01,"Sep 2003","Row",240,"Scss","Under Construction"
"35555",2003-09-01,"Sep 2003","Apartment",1041,"Scss","Under Construction"
"35555",2003-09-01,"Sep 2003","All",1940,"Scss","Under Construction"
"35555",2003-10-01,"Oct 2003","Single",653,"Scss","Under Construction"
"35555",2003-10-01,"Oct 2003","Semi-Detached",22,"Scss","Under Construction"
"35555",2003-10-01,"Oct 2003","Row",261,"Scss","Under Construction"
"35555",2003-10-01,"Oct 2003","Apartment",1041,"Scss","Under Construction"
"35555",2003-10-01,"Oct 2003","All",1977,"Scss","Under Construction"
"35555",2003-11-01,"Nov 2003","Single",609,"Scss","Under Construction"
"35555",2003-11-01,"Nov 2003","Semi-Detached",22,"Scss","Under Construction"
"35555",2003-11-01,"Nov 2003","Row",244,"Scss","Under Construction"
"35555",2003-11-01,"Nov 2003","Apartment",1041,"Scss","Under Construction"
"35555",2003-11-01,"Nov 2003","All",1916,"Scss","Under Construction"
"35555",2003-12-01,"Dec 2003","Single",596,"Scss","Under Construction"
"35555",2003-12-01,"Dec 2003","Semi-Detached",16,"Scss","Under Construction"
"35555",2003-12-01,"Dec 2003","Row",260,"Scss","Under Construction"
"35555",2003-12-01,"Dec 2003","Apartment",1041,"Scss","Under Construction"
"35555",2003-12-01,"Dec 2003","All",1913,"Scss","Under Construction"
"35555",2004-01-01,"Jan 2004","Single",602,"Scss","Under Construction"
"35555",2004-01-01,"Jan 2004","Semi-Detached",10,"Scss","Under Construction"
"35555",2004-01-01,"Jan 2004","Row",266,"Scss","Under Construction"
"35555",2004-01-01,"Jan 2004","Apartment",1041,"Scss","Under Construction"
"35555",2004-01-01,"Jan 2004","All",1919,"Scss","Under Construction"
"35555",2004-02-01,"Feb 2004","Single",575,"Scss","Under Construction"
"35555",2004-02-01,"Feb 2004","Semi-Detached",8,"Scss","Under Construction"
"35555",2004-02-01,"Feb 2004","Row",258,"Scss","Under Construction"
"35555",2004-02-01,"Feb 2004","Apartment",1121,"Scss","Under Construction"
"35555",2004-02-01,"Feb 2004","All",1962,"Scss","Under Construction"
"35555",2004-03-01,"Mar 2004","Single",564,"Scss","Under Construction"
"35555",2004-03-01,"Mar 2004","Semi-Detached",2,"Scss","Under Construction"
"35555",2004-03-01,"Mar 2004","Row",255,"Scss","Under Construction"
"35555",2004-03-01,"Mar 2004","Apartment",1296,"Scss","Under Construction"
"35555",2004-03-01,"Mar 2004","All",2117,"Scss","Under Construction"
"35555",2004-04-01,"Apr 2004","Single",663,"Scss","Under Construction"
"35555",2004-04-01,"Apr 2004","Semi-Detached",2,"Scss","Under Construction"
"35555",2004-04-01,"Apr 2004","Row",253,"Scss","Under Construction"
"35555",2004-04-01,"Apr 2004","Apartment",1298,"Scss","Under Construction"
"35555",2004-04-01,"Apr 2004","All",2216,"Scss","Under Construction"
"35555",2004-05-01,"May 2004","Single",749,"Scss","Under Construction"
"35555",2004-05-01,"May 2004","Semi-Detached",2,"Scss","Under Construction"
"35555",2004-05-01,"May 2004","Row",268,"Scss","Under Construction"
"35555",2004-05-01,"May 2004","Apartment",922,"Scss","Under Construction"
"35555",2004-05-01,"May 2004","All",1941,"Scss","Under Construction"
"35555",2004-06-01,"Jun 2004","Single",806,"Scss","Under Construction"
"35555",2004-06-01,"Jun 2004","Semi-Detached",2,"Scss","Under Construction"
"35555",2004-06-01,"Jun 2004","Row",252,"Scss","Under Construction"
"35555",2004-06-01,"Jun 2004","Apartment",916,"Scss","Under Construction"
"35555",2004-06-01,"Jun 2004","All",1976,"Scss","Under Construction"
"35555",2004-07-01,"Jul 2004","Single",834,"Scss","Under Construction"
"35555",2004-07-01,"Jul 2004","Semi-Detached",12,"Scss","Under Construction"
"35555",2004-07-01,"Jul 2004","Row",212,"Scss","Under Construction"
"35555",2004-07-01,"Jul 2004","Apartment",791,"Scss","Under Construction"
"35555",2004-07-01,"Jul 2004","All",1849,"Scss","Under Construction"
"35555",2004-08-01,"Aug 2004","Single",852,"Scss","Under Construction"
"35555",2004-08-01,"Aug 2004","Semi-Detached",16,"Scss","Under Construction"
"35555",2004-08-01,"Aug 2004","Row",243,"Scss","Under Construction"
"35555",2004-08-01,"Aug 2004","Apartment",789,"Scss","Under Construction"
"35555",2004-08-01,"Aug 2004","All",1900,"Scss","Under Construction"
"35555",2004-09-01,"Sep 2004","Single",829,"Scss","Under Construction"
"35555",2004-09-01,"Sep 2004","Semi-Detached",18,"Scss","Under Construction"
"35555",2004-09-01,"Sep 2004","Row",210,"Scss","Under Construction"
"35555",2004-09-01,"Sep 2004","Apartment",787,"Scss","Under Construction"
"35555",2004-09-01,"Sep 2004","All",1844,"Scss","Under Construction"
"35555",2004-10-01,"Oct 2004","Single",771,"Scss","Under Construction"
"35555",2004-10-01,"Oct 2004","Semi-Detached",20,"Scss","Under Construction"
"35555",2004-10-01,"Oct 2004","Row",227,"Scss","Under Construction"
"35555",2004-10-01,"Oct 2004","Apartment",787,"Scss","Under Construction"
"35555",2004-10-01,"Oct 2004","All",1805,"Scss","Under Construction"
"35555",2004-11-01,"Nov 2004","Single",739,"Scss","Under Construction"
"35555",2004-11-01,"Nov 2004","Semi-Detached",20,"Scss","Under Construction"
"35555",2004-11-01,"Nov 2004","Row",245,"Scss","Under Construction"
"35555",2004-11-01,"Nov 2004","Apartment",636,"Scss","Under Construction"
"35555",2004-11-01,"Nov 2004","All",1640,"Scss","Under Construction"
"35555",2004-12-01,"Dec 2004","Single",689,"Scss","Under Construction"
"35555",2004-12-01,"Dec 2004","Semi-Detached",20,"Scss","Under Construction"
"35555",2004-12-01,"Dec 2004","Row",218,"Scss","Under Construction"
"35555",2004-12-01,"Dec 2004","Apartment",638,"Scss","Under Construction"
"35555",2004-12-01,"Dec 2004","All",1565,"Scss","Under Construction"
"35555",2005-01-01,"Jan 2005","Single",649,"Scss","Under Construction"
"35555",2005-01-01,"Jan 2005","Semi-Detached",20,"Scss","Under Construction"
"35555",2005-01-01,"Jan 2005","Row",213,"Scss","Under Construction"
"35555",2005-01-01,"Jan 2005","Apartment",638,"Scss","Under Construction"
"35555",2005-01-01,"Jan 2005","All",1520,"Scss","Under Construction"
"35555",2005-02-01,"Feb 2005","Single",589,"Scss","Under Construction"
"35555",2005-02-01,"Feb 2005","Semi-Detached",22,"Scss","Under Construction"
"35555",2005-02-01,"Feb 2005","Row",219,"Scss","Under Construction"
"35555",2005-02-01,"Feb 2005","Apartment",728,"Scss","Under Construction"
"35555",2005-02-01,"Feb 2005","All",1558,"Scss","Under Construction"
"35555",2005-03-01,"Mar 2005","Single",591,"Scss","Under Construction"
"35555",2005-03-01,"Mar 2005","Semi-Detached",22,"Scss","Under Construction"
"35555",2005-03-01,"Mar 2005","Row",209,"Scss","Under Construction"
"35555",2005-03-01,"Mar 2005","Apartment",658,"Scss","Under Construction"
"35555",2005-03-01,"Mar 2005","All",1480,"Scss","Under Construction"
"35555",2005-04-01,"Apr 2005","Single",643,"Scss","Under Construction"
"35555",2005-04-01,"Apr 2005","Semi-Detached",24,"Scss","Under Construction"
"35555",2005-04-01,"Apr 2005","Row",183,"Scss","Under Construction"
"35555",2005-04-01,"Apr 2005","Apartment",694,"Scss","Under Construction"
"35555",2005-04-01,"Apr 2005","All",1544,"Scss","Under Construction"
"35555",2005-05-01,"May 2005","Single",704,"Scss","Under Construction"
"35555",2005-05-01,"May 2005","Semi-Detached",28,"Scss","Under Construction"
"35555",2005-05-01,"May 2005","Row",210,"Scss","Under Construction"
"35555",2005-05-01,"May 2005","Apartment",684,"Scss","Under Construction"
"35555",2005-05-01,"May 2005","All",1626,"Scss","Under Construction"
"35555",2005-06-01,"Jun 2005","Single",773,"Scss","Under Construction"
"35555",2005-06-01,"Jun 2005","Semi-Detached",28,"Scss","Under Construction"
"35555",2005-06-01,"Jun 2005","Row",207,"Scss","Under Construction"
"35555",2005-06-01,"Jun 2005","Apartment",684,"Scss","Under Construction"
"35555",2005-06-01,"Jun 2005","All",1692,"Scss","Under Construction"
"35555",2005-07-01,"Jul 2005","Single",764,"Scss","Under Construction"
"35555",2005-07-01,"Jul 2005","Semi-Detached",24,"Scss","Under Construction"
"35555",2005-07-01,"Jul 2005","Row",243,"Scss","Under Construction"
"35555",2005-07-01,"Jul 2005","Apartment",509,"Scss","Under Construction"
"35555",2005-07-01,"Jul 2005","All",1540,"Scss","Under Construction"
"35555",2005-08-01,"Aug 2005","Single",710,"Scss","Under Construction"
"35555",2005-08-01,"Aug 2005","Semi-Detached",22,"Scss","Under Construction"
"35555",2005-08-01,"Aug 2005","Row",226,"Scss","Under Construction"
"35555",2005-08-01,"Aug 2005","Apartment",509,"Scss","Under Construction"
"35555",2005-08-01,"Aug 2005","All",1467,"Scss","Under Construction"
"35555",2005-09-01,"Sep 2005","Single",698,"Scss","Under Construction"
"35555",2005-09-01,"Sep 2005","Semi-Detached",30,"Scss","Under Construction"
"35555",2005-09-01,"Sep 2005","Row",214,"Scss","Under Construction"
"35555",2005-09-01,"Sep 2005","Apartment",505,"Scss","Under Construction"
"35555",2005-09-01,"Sep 2005","All",1447,"Scss","Under Construction"
"35555",2005-10-01,"Oct 2005","Single",704,"Scss","Under Construction"
"35555",2005-10-01,"Oct 2005","Semi-Detached",48,"Scss","Under Construction"
"35555",2005-10-01,"Oct 2005","Row",222,"Scss","Under Construction"
"35555",2005-10-01,"Oct 2005","Apartment",530,"Scss","Under Construction"
"35555",2005-10-01,"Oct 2005","All",1504,"Scss","Under Construction"
"35555",2005-11-01,"Nov 2005","Single",678,"Scss","Under Construction"
"35555",2005-11-01,"Nov 2005","Semi-Detached",40,"Scss","Under Construction"
"35555",2005-11-01,"Nov 2005","Row",186,"Scss","Under Construction"
"35555",2005-11-01,"Nov 2005","Apartment",532,"Scss","Under Construction"
"35555",2005-11-01,"Nov 2005","All",1436,"Scss","Under Construction"
"35555",2005-12-01,"Dec 2005","Single",642,"Scss","Under Construction"
"35555",2005-12-01,"Dec 2005","Semi-Detached",30,"Scss","Under Construction"
"35555",2005-12-01,"Dec 2005","Row",174,"Scss","Under Construction"
"35555",2005-12-01,"Dec 2005","Apartment",726,"Scss","Under Construction"
"35555",2005-12-01,"Dec 2005","All",1572,"Scss","Under Construction"
"35555",2006-01-01,"Jan 2006","Single",605,"Scss","Under Construction"
"35555",2006-01-01,"Jan 2006","Semi-Detached",20,"Scss","Under Construction"
"35555",2006-01-01,"Jan 2006","Row",173,"Scss","Under Construction"
"35555",2006-01-01,"Jan 2006","Apartment",739,"Scss","Under Construction"
"35555",2006-01-01,"Jan 2006","All",1537,"Scss","Under Construction"
"35555",2006-02-01,"Feb 2006","Single",606,"Scss","Under Construction"
"35555",2006-02-01,"Feb 2006","Semi-Detached",12,"Scss","Under Construction"
"35555",2006-02-01,"Feb 2006","Row",162,"Scss","Under Construction"
"35555",2006-02-01,"Feb 2006","Apartment",1013,"Scss","Under Construction"
"35555",2006-02-01,"Feb 2006","All",1793,"Scss","Under Construction"
"35555",2006-03-01,"Mar 2006","Single",574,"Scss","Under Construction"
"35555",2006-03-01,"Mar 2006","Semi-Detached",22,"Scss","Under Construction"
"35555",2006-03-01,"Mar 2006","Row",191,"Scss","Under Construction"
"35555",2006-03-01,"Mar 2006","Apartment",1013,"Scss","Under Construction"
"35555",2006-03-01,"Mar 2006","All",1800,"Scss","Under Construction"
"35555",2006-04-01,"Apr 2006","Single",621,"Scss","Under Construction"
"35555",2006-04-01,"Apr 2006","Semi-Detached",28,"Scss","Under Construction"
"35555",2006-04-01,"Apr 2006","Row",229,"Scss","Under Construction"
"35555",2006-04-01,"Apr 2006","Apartment",1017,"Scss","Under Construction"
"35555",2006-04-01,"Apr 2006","All",1895,"Scss","Under Construction"
"35555",2006-05-01,"May 2006","Single",664,"Scss","Under Construction"
"35555",2006-05-01,"May 2006","Semi-Detached",26,"Scss","Under Construction"
"35555",2006-05-01,"May 2006","Row",257,"Scss","Under Construction"
"35555",2006-05-01,"May 2006","Apartment",936,"Scss","Under Construction"
"35555",2006-05-01,"May 2006","All",1883,"Scss","Under Construction"
"35555",2006-06-01,"Jun 2006","Single",726,"Scss","Under Construction"
"35555",2006-06-01,"Jun 2006","Semi-Detached",22,"Scss","Under Construction"
"35555",2006-06-01,"Jun 2006","Row",268,"Scss","Under Construction"
"35555",2006-06-01,"Jun 2006","Apartment",982,"Scss","Under Construction"
"35555",2006-06-01,"Jun 2006","All",1998,"Scss","Under Construction"
"35555",2006-07-01,"Jul 2006","Single",754,"Scss","Under Construction"
"35555",2006-07-01,"Jul 2006","Semi-Detached",20,"Scss","Under Construction"
"35555",2006-07-01,"Jul 2006","Row",271,"Scss","Under Construction"
"35555",2006-07-01,"Jul 2006","Apartment",1215,"Scss","Under Construction"
"35555",2006-07-01,"Jul 2006","All",2260,"Scss","Under Construction"
"35555",2006-08-01,"Aug 2006","Single",781,"Scss","Under Construction"
"35555",2006-08-01,"Aug 2006","Semi-Detached",18,"Scss","Under Construction"
"35555",2006-08-01,"Aug 2006","Row",277,"Scss","Under Construction"
"35555",2006-08-01,"Aug 2006","Apartment",1067,"Scss","Under Construction"
"35555",2006-08-01,"Aug 2006","All",2143,"Scss","Under Construction"
"35555",2006-09-01,"Sep 2006","Single",745,"Scss","Under Construction"
"35555",2006-09-01,"Sep 2006","Semi-Detached",14,"Scss","Under Construction"
"35555",2006-09-01,"Sep 2006","Row",299,"Scss","Under Construction"
"35555",2006-09-01,"Sep 2006","Apartment",1355,"Scss","Under Construction"
"35555",2006-09-01,"Sep 2006","All",2413,"Scss","Under Construction"
"35555",2006-10-01,"Oct 2006","Single",682,"Scss","Under Construction"
"35555",2006-10-01,"Oct 2006","Semi-Detached",10,"Scss","Under Construction"
"35555",2006-10-01,"Oct 2006","Row",319,"Scss","Under Construction"
"35555",2006-10-01,"Oct 2006","Apartment",1357,"Scss","Under Construction"
"35555",2006-10-01,"Oct 2006","All",2368,"Scss","Under Construction"
"35555",2006-11-01,"Nov 2006","Single",609,"Scss","Under Construction"
"35555",2006-11-01,"Nov 2006","Semi-Detached",8,"Scss","Under Construction"
"35555",2006-11-01,"Nov 2006","Row",307,"Scss","Under Construction"
"35555",2006-11-01,"Nov 2006","Apartment",1473,"Scss","Under Construction"
"35555",2006-11-01,"Nov 2006","All",2397,"Scss","Under Construction"
"35555",2006-12-01,"Dec 2006","Single",603,"Scss","Under Construction"
"35555",2006-12-01,"Dec 2006","Semi-Detached",8,"Scss","Under Construction"
"35555",2006-12-01,"Dec 2006","Row",350,"Scss","Under Construction"
"35555",2006-12-01,"Dec 2006","Apartment",1500,"Scss","Under Construction"
"35555",2006-12-01,"Dec 2006","All",2461,"Scss","Under Construction"
"35555",2007-01-01,"Jan 2007","Single",582,"Scss","Under Construction"
"35555",2007-01-01,"Jan 2007","Semi-Detached",12,"Scss","Under Construction"
"35555",2007-01-01,"Jan 2007","Row",303,"Scss","Under Construction"
"35555",2007-01-01,"Jan 2007","Apartment",1796,"Scss","Under Construction"
"35555",2007-01-01,"Jan 2007","All",2693,"Scss","Under Construction"
"35555",2007-02-01,"Feb 2007","Single",577,"Scss","Under Construction"
"35555",2007-02-01,"Feb 2007","Semi-Detached",14,"Scss","Under Construction"
"35555",2007-02-01,"Feb 2007","Row",301,"Scss","Under Construction"
"35555",2007-02-01,"Feb 2007","Apartment",1771,"Scss","Under Construction"
"35555",2007-02-01,"Feb 2007","All",2663,"Scss","Under Construction"
"35555",2007-03-01,"Mar 2007","Single",576,"Scss","Under Construction"
"35555",2007-03-01,"Mar 2007","Semi-Detached",18,"Scss","Under Construction"
"35555",2007-03-01,"Mar 2007","Row",283,"Scss","Under Construction"
"35555",2007-03-01,"Mar 2007","Apartment",1771,"Scss","Under Construction"
"35555",2007-03-01,"Mar 2007","All",2648,"Scss","Under Construction"
"35555",2007-04-01,"Apr 2007","Single",601,"Scss","Under Construction"
"35555",2007-04-01,"Apr 2007","Semi-Detached",24,"Scss","Under Construction"
"35555",2007-04-01,"Apr 2007","Row",306,"Scss","Under Construction"
"35555",2007-04-01,"Apr 2007","Apartment",1593,"Scss","Under Construction"
"35555",2007-04-01,"Apr 2007","All",2524,"Scss","Under Construction"
"35555",2007-05-01,"May 2007","Single",706,"Scss","Under Construction"
"35555",2007-05-01,"May 2007","Semi-Detached",28,"Scss","Under Construction"
"35555",2007-05-01,"May 2007","Row",294,"Scss","Under Construction"
"35555",2007-05-01,"May 2007","Apartment",1772,"Scss","Under Construction"
"35555",2007-05-01,"May 2007","All",2800,"Scss","Under Construction"
"35555",2007-06-01,"Jun 2007","Single",716,"Scss","Under Construction"
"35555",2007-06-01,"Jun 2007","Semi-Detached",32,"Scss","Under Construction"
"35555",2007-06-01,"Jun 2007","Row",302,"Scss","Under Construction"
"35555",2007-06-01,"Jun 2007","Apartment",1738,"Scss","Under Construction"
"35555",2007-06-01,"Jun 2007","All",2788,"Scss","Under Construction"
"35555",2007-07-01,"Jul 2007","Single",716,"Scss","Under Construction"
"35555",2007-07-01,"Jul 2007","Semi-Detached",24,"Scss","Under Construction"
"35555",2007-07-01,"Jul 2007","Row",299,"Scss","Under Construction"
"35555",2007-07-01,"Jul 2007","Apartment",1658,"Scss","Under Construction"
"35555",2007-07-01,"Jul 2007","All",2697,"Scss","Under Construction"
"35555",2007-08-01,"Aug 2007","Single",760,"Scss","Under Construction"
"35555",2007-08-01,"Aug 2007","Semi-Detached",14,"Scss","Under Construction"
"35555",2007-08-01,"Aug 2007","Row",277,"Scss","Under Construction"
"35555",2007-08-01,"Aug 2007","Apartment",1631,"Scss","Under Construction"
"35555",2007-08-01,"Aug 2007","All",2682,"Scss","Under Construction"
"35555",2007-09-01,"Sep 2007","Single",692,"Scss","Under Construction"
"35555",2007-09-01,"Sep 2007","Semi-Detached",14,"Scss","Under Construction"
"35555",2007-09-01,"Sep 2007","Row",272,"Scss","Under Construction"
"35555",2007-09-01,"Sep 2007","Apartment",1682,"Scss","Under Construction"
"35555",2007-09-01,"Sep 2007","All",2660,"Scss","Under Construction"
"35555",2007-10-01,"Oct 2007","Single",663,"Scss","Under Construction"
"35555",2007-10-01,"Oct 2007","Semi-Detached",4,"Scss","Under Construction"
"35555",2007-10-01,"Oct 2007","Row",296,"Scss","Under Construction"
"35555",2007-10-01,"Oct 2007","Apartment",1498,"Scss","Under Construction"
"35555",2007-10-01,"Oct 2007","All",2461,"Scss","Under Construction"
"35555",2007-11-01,"Nov 2007","Single",632,"Scss","Under Construction"
"35555",2007-11-01,"Nov 2007","Semi-Detached",4,"Scss","Under Construction"
"35555",2007-11-01,"Nov 2007","Row",301,"Scss","Under Construction"
"35555",2007-11-01,"Nov 2007","Apartment",1496,"Scss","Under Construction"
"35555",2007-11-01,"Nov 2007","All",2433,"Scss","Under Construction"
"35555",2007-12-01,"Dec 2007","Single",626,"Scss","Under Construction"
"35555",2007-12-01,"Dec 2007","Semi-Detached",4,"Scss","Under Construction"
"35555",2007-12-01,"Dec 2007","Row",292,"Scss","Under Construction"
"35555",2007-12-01,"Dec 2007","Apartment",1494,"Scss","Under Construction"
"35555",2007-12-01,"Dec 2007","All",2416,"Scss","Under Construction"
"35555",2008-01-01,"Jan 2008","Single",559,"Scss","Under Construction"
"35555",2008-01-01,"Jan 2008","Semi-Detached",14,"Scss","Under Construction"
"35555",2008-01-01,"Jan 2008","Row",285,"Scss","Under Construction"
"35555",2008-01-01,"Jan 2008","Apartment",1498,"Scss","Under Construction"
"35555",2008-01-01,"Jan 2008","All",2356,"Scss","Under Construction"
"35555",2008-02-01,"Feb 2008","Single",578,"Scss","Under Construction"
"35555",2008-02-01,"Feb 2008","Semi-Detached",16,"Scss","Under Construction"
"35555",2008-02-01,"Feb 2008","Row",285,"Scss","Under Construction"
"35555",2008-02-01,"Feb 2008","Apartment",1528,"Scss","Under Construction"
"35555",2008-02-01,"Feb 2008","All",2407,"Scss","Under Construction"
"35555",2008-03-01,"Mar 2008","Single",540,"Scss","Under Construction"
"35555",2008-03-01,"Mar 2008","Semi-Detached",16,"Scss","Under Construction"
"35555",2008-03-01,"Mar 2008","Row",274,"Scss","Under Construction"
"35555",2008-03-01,"Mar 2008","Apartment",1375,"Scss","Under Construction"
"35555",2008-03-01,"Mar 2008","All",2205,"Scss","Under Construction"
"35555",2008-04-01,"Apr 2008","Single",507,"Scss","Under Construction"
"35555",2008-04-01,"Apr 2008","Semi-Detached",8,"Scss","Under Construction"
"35555",2008-04-01,"Apr 2008","Row",265,"Scss","Under Construction"
"35555",2008-04-01,"Apr 2008","Apartment",1363,"Scss","Under Construction"
"35555",2008-04-01,"Apr 2008","All",2143,"Scss","Under Construction"
"35555",2008-05-01,"May 2008","Single",568,"Scss","Under Construction"
"35555",2008-05-01,"May 2008","Semi-Detached",10,"Scss","Under Construction"
"35555",2008-05-01,"May 2008","Row",246,"Scss","Under Construction"
"35555",2008-05-01,"May 2008","Apartment",1377,"Scss","Under Construction"
"35555",2008-05-01,"May 2008","All",2201,"Scss","Under Construction"
"35555",2008-06-01,"Jun 2008","Single",598,"Scss","Under Construction"
"35555",2008-06-01,"Jun 2008","Semi-Detached",8,"Scss","Under Construction"
"35555",2008-06-01,"Jun 2008","Row",240,"Scss","Under Construction"
"35555",2008-06-01,"Jun 2008","Apartment",1371,"Scss","Under Construction"
"35555",2008-06-01,"Jun 2008","All",2217,"Scss","Under Construction"
"35555",2008-07-01,"Jul 2008","Single",623,"Scss","Under Construction"
"35555",2008-07-01,"Jul 2008","Semi-Detached",8,"Scss","Under Construction"
"35555",2008-07-01,"Jul 2008","Row",207,"Scss","Under Construction"
"35555",2008-07-01,"Jul 2008","Apartment",1378,"Scss","Under Construction"
"35555",2008-07-01,"Jul 2008","All",2216,"Scss","Under Construction"
"35555",2008-08-01,"Aug 2008","Single",578,"Scss","Under Construction"
"35555",2008-08-01,"Aug 2008","Semi-Detached",8,"Scss","Under Construction"
"35555",2008-08-01,"Aug 2008","Row",224,"Scss","Under Construction"
"35555",2008-08-01,"Aug 2008","Apartment",1530,"Scss","Under Construction"
"35555",2008-08-01,"Aug 2008","All",2340,"Scss","Under Construction"
"35555",2008-09-01,"Sep 2008","Single",514,"Scss","Under Construction"
"35555",2008-09-01,"Sep 2008","Semi-Detached",6,"Scss","Under Construction"
"35555",2008-09-01,"Sep 2008","Row",203,"Scss","Under Construction"
"35555",2008-09-01,"Sep 2008","Apartment",1592,"Scss","Under Construction"
"35555",2008-09-01,"Sep 2008","All",2315,"Scss","Under Construction"
"35555",2008-10-01,"Oct 2008","Single",440,"Scss","Under Construction"
"35555",2008-10-01,"Oct 2008","Semi-Detached",6,"Scss","Under Construction"
"35555",2008-10-01,"Oct 2008","Row",185,"Scss","Under Construction"
"35555",2008-10-01,"Oct 2008","Apartment",1569,"Scss","Under Construction"
"35555",2008-10-01,"Oct 2008","All",2200,"Scss","Under Construction"
"35555",2008-11-01,"Nov 2008","Single",401,"Scss","Under Construction"
"35555",2008-11-01,"Nov 2008","Semi-Detached",6,"Scss","Under Construction"
"35555",2008-11-01,"Nov 2008","Row",157,"Scss","Under Construction"
"35555",2008-11-01,"Nov 2008","Apartment",1579,"Scss","Under Construction"
"35555",2008-11-01,"Nov 2008","All",2143,"Scss","Under Construction"
"35555",2008-12-01,"Dec 2008","Single",326,"Scss","Under Construction"
"35555",2008-12-01,"Dec 2008","Semi-Detached",6,"Scss","Under Construction"
"35555",2008-12-01,"Dec 2008","Row",158,"Scss","Under Construction"
"35555",2008-12-01,"Dec 2008","Apartment",1169,"Scss","Under Construction"
"35555",2008-12-01,"Dec 2008","All",1659,"Scss","Under Construction"
"35555",2009-01-01,"Jan 2009","Single",293,"Scss","Under Construction"
"35555",2009-01-01,"Jan 2009","Semi-Detached",6,"Scss","Under Construction"
"35555",2009-01-01,"Jan 2009","Row",161,"Scss","Under Construction"
"35555",2009-01-01,"Jan 2009","Apartment",1373,"Scss","Under Construction"
"35555",2009-01-01,"Jan 2009","All",1833,"Scss","Under Construction"
"35555",2009-02-01,"Feb 2009","Single",266,"Scss","Under Construction"
"35555",2009-02-01,"Feb 2009","Semi-Detached",8,"Scss","Under Construction"
"35555",2009-02-01,"Feb 2009","Row",161,"Scss","Under Construction"
"35555",2009-02-01,"Feb 2009","Apartment",1254,"Scss","Under Construction"
"35555",2009-02-01,"Feb 2009","All",1689,"Scss","Under Construction"
"35555",2009-03-01,"Mar 2009","Single",228,"Scss","Under Construction"
"35555",2009-03-01,"Mar 2009","Semi-Detached",8,"Scss","Under Construction"
"35555",2009-03-01,"Mar 2009","Row",117,"Scss","Under Construction"
"35555",2009-03-01,"Mar 2009","Apartment",1246,"Scss","Under Construction"
"35555",2009-03-01,"Mar 2009","All",1599,"Scss","Under Construction"
"35555",2009-04-01,"Apr 2009","Single",229,"Scss","Under Construction"
"35555",2009-04-01,"Apr 2009","Semi-Detached",4,"Scss","Under Construction"
"35555",2009-04-01,"Apr 2009","Row",126,"Scss","Under Construction"
"35555",2009-04-01,"Apr 2009","Apartment",1393,"Scss","Under Construction"
"35555",2009-04-01,"Apr 2009","All",1752,"Scss","Under Construction"
"35555",2009-05-01,"May 2009","Single",256,"Scss","Under Construction"
"35555",2009-05-01,"May 2009","Semi-Detached",4,"Scss","Under Construction"
"35555",2009-05-01,"May 2009","Row",134,"Scss","Under Construction"
"35555",2009-05-01,"May 2009","Apartment",1257,"Scss","Under Construction"
"35555",2009-05-01,"May 2009","All",1651,"Scss","Under Construction"
"35555",2009-06-01,"Jun 2009","Single",302,"Scss","Under Construction"
"35555",2009-06-01,"Jun 2009","Semi-Detached",8,"Scss","Under Construction"
"35555",2009-06-01,"Jun 2009","Row",136,"Scss","Under Construction"
"35555",2009-06-01,"Jun 2009","Apartment",1390,"Scss","Under Construction"
"35555",2009-06-01,"Jun 2009","All",1836,"Scss","Under Construction"
"35555",2009-07-01,"Jul 2009","Single",325,"Scss","Under Construction"
"35555",2009-07-01,"Jul 2009","Semi-Detached",10,"Scss","Under Construction"
"35555",2009-07-01,"Jul 2009","Row",157,"Scss","Under Construction"
"35555",2009-07-01,"Jul 2009","Apartment",1390,"Scss","Under Construction"
"35555",2009-07-01,"Jul 2009","All",1882,"Scss","Under Construction"
"35555",2009-08-01,"Aug 2009","Single",341,"Scss","Under Construction"
"35555",2009-08-01,"Aug 2009","Semi-Detached",8,"Scss","Under Construction"
"35555",2009-08-01,"Aug 2009","Row",159,"Scss","Under Construction"
"35555",2009-08-01,"Aug 2009","Apartment",1516,"Scss","Under Construction"
"35555",2009-08-01,"Aug 2009","All",2024,"Scss","Under Construction"
"35555",2009-09-01,"Sep 2009","Single",394,"Scss","Under Construction"
"35555",2009-09-01,"Sep 2009","Semi-Detached",6,"Scss","Under Construction"
"35555",2009-09-01,"Sep 2009","Row",159,"Scss","Under Construction"
"35555",2009-09-01,"Sep 2009","Apartment",1514,"Scss","Under Construction"
"35555",2009-09-01,"Sep 2009","All",2073,"Scss","Under Construction"
"35555",2009-10-01,"Oct 2009","Single",393,"Scss","Under Construction"
"35555",2009-10-01,"Oct 2009","Semi-Detached",6,"Scss","Under Construction"
"35555",2009-10-01,"Oct 2009","Row",170,"Scss","Under Construction"
"35555",2009-10-01,"Oct 2009","Apartment",1651,"Scss","Under Construction"
"35555",2009-10-01,"Oct 2009","All",2220,"Scss","Under Construction"
"35555",2009-11-01,"Nov 2009","Single",412,"Scss","Under Construction"
"35555",2009-11-01,"Nov 2009","Semi-Detached",2,"Scss","Under Construction"
"35555",2009-11-01,"Nov 2009","Row",163,"Scss","Under Construction"
"35555",2009-11-01,"Nov 2009","Apartment",1659,"Scss","Under Construction"
"35555",2009-11-01,"Nov 2009","All",2236,"Scss","Under Construction"
"35555",2009-12-01,"Dec 2009","Single",438,"Scss","Under Construction"
"35555",2009-12-01,"Dec 2009","Semi-Detached",2,"Scss","Under Construction"
"35555",2009-12-01,"Dec 2009","Row",184,"Scss","Under Construction"
"35555",2009-12-01,"Dec 2009","Apartment",1693,"Scss","Under Construction"
"35555",2009-12-01,"Dec 2009","All",2317,"Scss","Under Construction"
"35555",2010-01-01,"Jan 2010","Single",415,"Scss","Under Construction"
"35555",2010-01-01,"Jan 2010","Semi-Detached",2,"Scss","Under Construction"
"35555",2010-01-01,"Jan 2010","Row",178,"Scss","Under Construction"
"35555",2010-01-01,"Jan 2010","Apartment",1494,"Scss","Under Construction"
"35555",2010-01-01,"Jan 2010","All",2089,"Scss","Under Construction"
"35555",2010-02-01,"Feb 2010","Single",477,"Scss","Under Construction"
"35555",2010-02-01,"Feb 2010","Semi-Detached",2,"Scss","Under Construction"
"35555",2010-02-01,"Feb 2010","Row",182,"Scss","Under Construction"
"35555",2010-02-01,"Feb 2010","Apartment",1490,"Scss","Under Construction"
"35555",2010-02-01,"Feb 2010","All",2151,"Scss","Under Construction"
"35555",2010-03-01,"Mar 2010","Single",521,"Scss","Under Construction"
"35555",2010-03-01,"Mar 2010","Semi-Detached",0,"Scss","Under Construction"
"35555",2010-03-01,"Mar 2010","Row",180,"Scss","Under Construction"
"35555",2010-03-01,"Mar 2010","Apartment",1469,"Scss","Under Construction"
"35555",2010-03-01,"Mar 2010","All",2170,"Scss","Under Construction"
"35555",2010-04-01,"Apr 2010","Single",558,"Scss","Under Construction"
"35555",2010-04-01,"Apr 2010","Semi-Detached",2,"Scss","Under Construction"
"35555",2010-04-01,"Apr 2010","Row",190,"Scss","Under Construction"
"35555",2010-04-01,"Apr 2010","Apartment",1080,"Scss","Under Construction"
"35555",2010-04-01,"Apr 2010","All",1830,"Scss","Under Construction"
"35555",2010-05-01,"May 2010","Single",612,"Scss","Under Construction"
"35555",2010-05-01,"May 2010","Semi-Detached",8,"Scss","Under Construction"
"35555",2010-05-01,"May 2010","Row",182,"Scss","Under Construction"
"35555",2010-05-01,"May 2010","Apartment",1413,"Scss","Under Construction"
"35555",2010-05-01,"May 2010","All",2215,"Scss","Under Construction"
"35555",2010-06-01,"Jun 2010","Single",594,"Scss","Under Construction"
"35555",2010-06-01,"Jun 2010","Semi-Detached",10,"Scss","Under Construction"
"35555",2010-06-01,"Jun 2010","Row",184,"Scss","Under Construction"
"35555",2010-06-01,"Jun 2010","Apartment",1359,"Scss","Under Construction"
"35555",2010-06-01,"Jun 2010","All",2147,"Scss","Under Construction"
"35555",2010-07-01,"Jul 2010","Single",575,"Scss","Under Construction"
"35555",2010-07-01,"Jul 2010","Semi-Detached",10,"Scss","Under Construction"
"35555",2010-07-01,"Jul 2010","Row",186,"Scss","Under Construction"
"35555",2010-07-01,"Jul 2010","Apartment",1385,"Scss","Under Construction"
"35555",2010-07-01,"Jul 2010","All",2156,"Scss","Under Construction"
"35555",2010-08-01,"Aug 2010","Single",604,"Scss","Under Construction"
"35555",2010-08-01,"Aug 2010","Semi-Detached",8,"Scss","Under Construction"
"35555",2010-08-01,"Aug 2010","Row",185,"Scss","Under Construction"
"35555",2010-08-01,"Aug 2010","Apartment",1385,"Scss","Under Construction"
"35555",2010-08-01,"Aug 2010","All",2182,"Scss","Under Construction"
"35555",2010-09-01,"Sep 2010","Single",568,"Scss","Under Construction"
"35555",2010-09-01,"Sep 2010","Semi-Detached",8,"Scss","Under Construction"
"35555",2010-09-01,"Sep 2010","Row",206,"Scss","Under Construction"
"35555",2010-09-01,"Sep 2010","Apartment",1383,"Scss","Under Construction"
"35555",2010-09-01,"Sep 2010","All",2165,"Scss","Under Construction"
"35555",2010-10-01,"Oct 2010","Single",567,"Scss","Under Construction"
"35555",2010-10-01,"Oct 2010","Semi-Detached",6,"Scss","Under Construction"
"35555",2010-10-01,"Oct 2010","Row",173,"Scss","Under Construction"
"35555",2010-10-01,"Oct 2010","Apartment",1383,"Scss","Under Construction"
"35555",2010-10-01,"Oct 2010","All",2129,"Scss","Under Construction"
"35555",2010-11-01,"Nov 2010","Single",499,"Scss","Under Construction"
"35555",2010-11-01,"Nov 2010","Semi-Detached",4,"Scss","Under Construction"
"35555",2010-11-01,"Nov 2010","Row",162,"Scss","Under Construction"
"35555",2010-11-01,"Nov 2010","Apartment",1183,"Scss","Under Construction"
"35555",2010-11-01,"Nov 2010","All",1848,"Scss","Under Construction"
"35555",2010-12-01,"Dec 2010","Single",494,"Scss","Under Construction"
"35555",2010-12-01,"Dec 2010","Semi-Detached",6,"Scss","Under Construction"
"35555",2010-12-01,"Dec 2010","Row",145,"Scss","Under Construction"
"35555",2010-12-01,"Dec 2010","Apartment",1019,"Scss","Under Construction"
"35555",2010-12-01,"Dec 2010","All",1664,"Scss","Under Construction"
"35555",2011-01-01,"Jan 2011","Single",438,"Scss","Under Construction"
"35555",2011-01-01,"Jan 2011","Semi-Detached",2,"Scss","Under Construction"
"35555",2011-01-01,"Jan 2011","Row",137,"Scss","Under Construction"
"35555",2011-01-01,"Jan 2011","Apartment",1048,"Scss","Under Construction"
"35555",2011-01-01,"Jan 2011","All",1625,"Scss","Under Construction"
"35555",2011-02-01,"Feb 2011","Single",426,"Scss","Under Construction"
"35555",2011-02-01,"Feb 2011","Semi-Detached",2,"Scss","Under Construction"
"35555",2011-02-01,"Feb 2011","Row",137,"Scss","Under Construction"
"35555",2011-02-01,"Feb 2011","Apartment",1048,"Scss","Under Construction"
"35555",2011-02-01,"Feb 2011","All",1613,"Scss","Under Construction"
"35555",2011-03-01,"Mar 2011","Single",423,"Scss","Under Construction"
"35555",2011-03-01,"Mar 2011","Semi-Detached",2,"Scss","Under Construction"
"35555",2011-03-01,"Mar 2011","Row",133,"Scss","Under Construction"
"35555",2011-03-01,"Mar 2011","Apartment",1048,"Scss","Under Construction"
"35555",2011-03-01,"Mar 2011","All",1606,"Scss","Under Construction"
"35555",2011-04-01,"Apr 2011","Single",433,"Scss","Under Construction"
"35555",2011-04-01,"Apr 2011","Semi-Detached",4,"Scss","Under Construction"
"35555",2011-04-01,"Apr 2011","Row",118,"Scss","Under Construction"
"35555",2011-04-01,"Apr 2011","Apartment",1048,"Scss","Under Construction"
"35555",2011-04-01,"Apr 2011","All",1603,"Scss","Under Construction"
"35555",2011-05-01,"May 2011","Single",473,"Scss","Under Construction"
"35555",2011-05-01,"May 2011","Semi-Detached",4,"Scss","Under Construction"
"35555",2011-05-01,"May 2011","Row",131,"Scss","Under Construction"
"35555",2011-05-01,"May 2011","Apartment",744,"Scss","Under Construction"
"35555",2011-05-01,"May 2011","All",1352,"Scss","Under Construction"
"35555",2011-06-01,"Jun 2011","Single",528,"Scss","Under Construction"
"35555",2011-06-01,"Jun 2011","Semi-Detached",6,"Scss","Under Construction"
"35555",2011-06-01,"Jun 2011","Row",131,"Scss","Under Construction"
"35555",2011-06-01,"Jun 2011","Apartment",694,"Scss","Under Construction"
"35555",2011-06-01,"Jun 2011","All",1359,"Scss","Under Construction"
"35555",2011-07-01,"Jul 2011","Single",529,"Scss","Under Construction"
"35555",2011-07-01,"Jul 2011","Semi-Detached",8,"Scss","Under Construction"
"35555",2011-07-01,"Jul 2011","Row",126,"Scss","Under Construction"
"35555",2011-07-01,"Jul 2011","Apartment",704,"Scss","Under Construction"
"35555",2011-07-01,"Jul 2011","All",1367,"Scss","Under Construction"
"35555",2011-08-01,"Aug 2011","Single",524,"Scss","Under Construction"
"35555",2011-08-01,"Aug 2011","Semi-Detached",4,"Scss","Under Construction"
"35555",2011-08-01,"Aug 2011","Row",119,"Scss","Under Construction"
"35555",2011-08-01,"Aug 2011","Apartment",706,"Scss","Under Construction"
"35555",2011-08-01,"Aug 2011","All",1353,"Scss","Under Construction"
"35555",2011-09-01,"Sep 2011","Single",504,"Scss","Under Construction"
"35555",2011-09-01,"Sep 2011","Semi-Detached",4,"Scss","Under Construction"
"35555",2011-09-01,"Sep 2011","Row",128,"Scss","Under Construction"
"35555",2011-09-01,"Sep 2011","Apartment",723,"Scss","Under Construction"
"35555",2011-09-01,"Sep 2011","All",1359,"Scss","Under Construction"
"35555",2011-10-01,"Oct 2011","Single",458,"Scss","Under Construction"
"35555",2011-10-01,"Oct 2011","Semi-Detached",6,"Scss","Under Construction"
"35555",2011-10-01,"Oct 2011","Row",150,"Scss","Under Construction"
"35555",2011-10-01,"Oct 2011","Apartment",727,"Scss","Under Construction"
"35555",2011-10-01,"Oct 2011","All",1341,"Scss","Under Construction"
"35555",2011-11-01,"Nov 2011","Single",411,"Scss","Under Construction"
"35555",2011-11-01,"Nov 2011","Semi-Detached",8,"Scss","Under Construction"
"35555",2011-11-01,"Nov 2011","Row",176,"Scss","Under Construction"
"35555",2011-11-01,"Nov 2011","Apartment",723,"Scss","Under Construction"
"35555",2011-11-01,"Nov 2011","All",1318,"Scss","Under Construction"
"35555",2011-12-01,"Dec 2011","Single",398,"Scss","Under Construction"
"35555",2011-12-01,"Dec 2011","Semi-Detached",8,"Scss","Under Construction"
"35555",2011-12-01,"Dec 2011","Row",170,"Scss","Under Construction"
"35555",2011-12-01,"Dec 2011","Apartment",744,"Scss","Under Construction"
"35555",2011-12-01,"Dec 2011","All",1320,"Scss","Under Construction"
"35555",2012-01-01,"Jan 2012","Single",398,"Scss","Under Construction"
"35555",2012-01-01,"Jan 2012","Semi-Detached",16,"Scss","Under Construction"
"35555",2012-01-01,"Jan 2012","Row",181,"Scss","Under Construction"
"35555",2012-01-01,"Jan 2012","Apartment",744,"Scss","Under Construction"
"35555",2012-01-01,"Jan 2012","All",1339,"Scss","Under Construction"
"35555",2012-02-01,"Feb 2012","Single",371,"Scss","Under Construction"
"35555",2012-02-01,"Feb 2012","Semi-Detached",18,"Scss","Under Construction"
"35555",2012-02-01,"Feb 2012","Row",185,"Scss","Under Construction"
"35555",2012-02-01,"Feb 2012","Apartment",741,"Scss","Under Construction"
"35555",2012-02-01,"Feb 2012","All",1315,"Scss","Under Construction"
"35555",2012-03-01,"Mar 2012","Single",360,"Scss","Under Construction"
"35555",2012-03-01,"Mar 2012","Semi-Detached",16,"Scss","Under Construction"
"35555",2012-03-01,"Mar 2012","Row",183,"Scss","Under Construction"
"35555",2012-03-01,"Mar 2012","Apartment",737,"Scss","Under Construction"
"35555",2012-03-01,"Mar 2012","All",1296,"Scss","Under Construction"
"35555",2012-04-01,"Apr 2012","Single",400,"Scss","Under Construction"
"35555",2012-04-01,"Apr 2012","Semi-Detached",12,"Scss","Under Construction"
"35555",2012-04-01,"Apr 2012","Row",166,"Scss","Under Construction"
"35555",2012-04-01,"Apr 2012","Apartment",739,"Scss","Under Construction"
"35555",2012-04-01,"Apr 2012","All",1317,"Scss","Under Construction"
"35555",2012-05-01,"May 2012","Single",429,"Scss","Under Construction"
"35555",2012-05-01,"May 2012","Semi-Detached",10,"Scss","Under Construction"
"35555",2012-05-01,"May 2012","Row",189,"Scss","Under Construction"
"35555",2012-05-01,"May 2012","Apartment",713,"Scss","Under Construction"
"35555",2012-05-01,"May 2012","All",1341,"Scss","Under Construction"
"35555",2012-06-01,"Jun 2012","Single",479,"Scss","Under Construction"
"35555",2012-06-01,"Jun 2012","Semi-Detached",16,"Scss","Under Construction"
"35555",2012-06-01,"Jun 2012","Row",226,"Scss","Under Construction"
"35555",2012-06-01,"Jun 2012","Apartment",1008,"Scss","Under Construction"
"35555",2012-06-01,"Jun 2012","All",1729,"Scss","Under Construction"
"35555",2012-07-01,"Jul 2012","Single",488,"Scss","Under Construction"
"35555",2012-07-01,"Jul 2012","Semi-Detached",16,"Scss","Under Construction"
"35555",2012-07-01,"Jul 2012","Row",229,"Scss","Under Construction"
"35555",2012-07-01,"Jul 2012","Apartment",1040,"Scss","Under Construction"
"35555",2012-07-01,"Jul 2012","All",1773,"Scss","Under Construction"
"35555",2012-08-01,"Aug 2012","Single",480,"Scss","Under Construction"
"35555",2012-08-01,"Aug 2012","Semi-Detached",20,"Scss","Under Construction"
"35555",2012-08-01,"Aug 2012","Row",201,"Scss","Under Construction"
"35555",2012-08-01,"Aug 2012","Apartment",1260,"Scss","Under Construction"
"35555",2012-08-01,"Aug 2012","All",1961,"Scss","Under Construction"
"35555",2012-09-01,"Sep 2012","Single",462,"Scss","Under Construction"
"35555",2012-09-01,"Sep 2012","Semi-Detached",16,"Scss","Under Construction"
"35555",2012-09-01,"Sep 2012","Row",208,"Scss","Under Construction"
"35555",2012-09-01,"Sep 2012","Apartment",1258,"Scss","Under Construction"
"35555",2012-09-01,"Sep 2012","All",1944,"Scss","Under Construction"
"35555",2012-10-01,"Oct 2012","Single",442,"Scss","Under Construction"
"35555",2012-10-01,"Oct 2012","Semi-Detached",20,"Scss","Under Construction"
"35555",2012-10-01,"Oct 2012","Row",199,"Scss","Under Construction"
"35555",2012-10-01,"Oct 2012","Apartment",1252,"Scss","Under Construction"
"35555",2012-10-01,"Oct 2012","All",1913,"Scss","Under Construction"
"35555",2012-11-01,"Nov 2012","Single",481,"Scss","Under Construction"
"35555",2012-11-01,"Nov 2012","Semi-Detached",18,"Scss","Under Construction"
"35555",2012-11-01,"Nov 2012","Row",189,"Scss","Under Construction"
"35555",2012-11-01,"Nov 2012","Apartment",1364,"Scss","Under Construction"
"35555",2012-11-01,"Nov 2012","All",2052,"Scss","Under Construction"
"35555",2012-12-01,"Dec 2012","Single",430,"Scss","Under Construction"
"35555",2012-12-01,"Dec 2012","Semi-Detached",12,"Scss","Under Construction"
"35555",2012-12-01,"Dec 2012","Row",160,"Scss","Under Construction"
"35555",2012-12-01,"Dec 2012","Apartment",1294,"Scss","Under Construction"
"35555",2012-12-01,"Dec 2012","All",1896,"Scss","Under Construction"
"35555",2013-01-01,"Jan 2013","Single",390,"Scss","Under Construction"
"35555",2013-01-01,"Jan 2013","Semi-Detached",12,"Scss","Under Construction"
"35555",2013-01-01,"Jan 2013","Row",174,"Scss","Under Construction"
"35555",2013-01-01,"Jan 2013","Apartment",1298,"Scss","Under Construction"
"35555",2013-01-01,"Jan 2013","All",1874,"Scss","Under Construction"
"35555",2013-02-01,"Feb 2013","Single",351,"Scss","Under Construction"
"35555",2013-02-01,"Feb 2013","Semi-Detached",8,"Scss","Under Construction"
"35555",2013-02-01,"Feb 2013","Row",182,"Scss","Under Construction"
"35555",2013-02-01,"Feb 2013","Apartment",1318,"Scss","Under Construction"
"35555",2013-02-01,"Feb 2013","All",1859,"Scss","Under Construction"
"35555",2013-03-01,"Mar 2013","Single",376,"Scss","Under Construction"
"35555",2013-03-01,"Mar 2013","Semi-Detached",8,"Scss","Under Construction"
"35555",2013-03-01,"Mar 2013","Row",181,"Scss","Under Construction"
"35555",2013-03-01,"Mar 2013","Apartment",1326,"Scss","Under Construction"
"35555",2013-03-01,"Mar 2013","All",1891,"Scss","Under Construction"
"35555",2013-04-01,"Apr 2013","Single",392,"Scss","Under Construction"
"35555",2013-04-01,"Apr 2013","Semi-Detached",10,"Scss","Under Construction"
"35555",2013-04-01,"Apr 2013","Row",183,"Scss","Under Construction"
"35555",2013-04-01,"Apr 2013","Apartment",1326,"Scss","Under Construction"
"35555",2013-04-01,"Apr 2013","All",1911,"Scss","Under Construction"
"35555",2013-05-01,"May 2013","Single",444,"Scss","Under Construction"
"35555",2013-05-01,"May 2013","Semi-Detached",12,"Scss","Under Construction"
"35555",2013-05-01,"May 2013","Row",194,"Scss","Under Construction"
"35555",2013-05-01,"May 2013","Apartment",1639,"Scss","Under Construction"
"35555",2013-05-01,"May 2013","All",2289,"Scss","Under Construction"
"35555",2013-06-01,"Jun 2013","Single",521,"Scss","Under Construction"
"35555",2013-06-01,"Jun 2013","Semi-Detached",12,"Scss","Under Construction"
"35555",2013-06-01,"Jun 2013","Row",215,"Scss","Under Construction"
"35555",2013-06-01,"Jun 2013","Apartment",1318,"Scss","Under Construction"
"35555",2013-06-01,"Jun 2013","All",2066,"Scss","Under Construction"
"35555",2013-07-01,"Jul 2013","Single",560,"Scss","Under Construction"
"35555",2013-07-01,"Jul 2013","Semi-Detached",12,"Scss","Under Construction"
"35555",2013-07-01,"Jul 2013","Row",253,"Scss","Under Construction"
"35555",2013-07-01,"Jul 2013","Apartment",1316,"Scss","Under Construction"
"35555",2013-07-01,"Jul 2013","All",2141,"Scss","Under Construction"
"35555",2013-08-01,"Aug 2013","Single",577,"Scss","Under Construction"
"35555",2013-08-01,"Aug 2013","Semi-Detached",12,"Scss","Under Construction"
"35555",2013-08-01,"Aug 2013","Row",279,"Scss","Under Construction"
"35555",2013-08-01,"Aug 2013","Apartment",1255,"Scss","Under Construction"
"35555",2013-08-01,"Aug 2013","All",2123,"Scss","Under Construction"
"35555",2013-09-01,"Sep 2013","Single",515,"Scss","Under Construction"
"35555",2013-09-01,"Sep 2013","Semi-Detached",12,"Scss","Under Construction"
"35555",2013-09-01,"Sep 2013","Row",278,"Scss","Under Construction"
"35555",2013-09-01,"Sep 2013","Apartment",1166,"Scss","Under Construction"
"35555",2013-09-01,"Sep 2013","All",1971,"Scss","Under Construction"
"35555",2013-10-01,"Oct 2013","Single",506,"Scss","Under Construction"
"35555",2013-10-01,"Oct 2013","Semi-Detached",14,"Scss","Under Construction"
"35555",2013-10-01,"Oct 2013","Row",296,"Scss","Under Construction"
"35555",2013-10-01,"Oct 2013","Apartment",1166,"Scss","Under Construction"
"35555",2013-10-01,"Oct 2013","All",1982,"Scss","Under Construction"
"35555",2013-11-01,"Nov 2013","Single",487,"Scss","Under Construction"
"35555",2013-11-01,"Nov 2013","Semi-Detached",14,"Scss","Under Construction"
"35555",2013-11-01,"Nov 2013","Row",282,"Scss","Under Construction"
"35555",2013-11-01,"Nov 2013","Apartment",1160,"Scss","Under Construction"
"35555",2013-11-01,"Nov 2013","All",1943,"Scss","Under Construction"
"35555",2013-12-01,"Dec 2013","Single",439,"Scss","Under Construction"
"35555",2013-12-01,"Dec 2013","Semi-Detached",10,"Scss","Under Construction"
"35555",2013-12-01,"Dec 2013","Row",282,"Scss","Under Construction"
"35555",2013-12-01,"Dec 2013","Apartment",1365,"Scss","Under Construction"
"35555",2013-12-01,"Dec 2013","All",2096,"Scss","Under Construction"
"35555",2014-01-01,"Jan 2014","Single",435,"Scss","Under Construction"
"35555",2014-01-01,"Jan 2014","Semi-Detached",8,"Scss","Under Construction"
"35555",2014-01-01,"Jan 2014","Row",264,"Scss","Under Construction"
"35555",2014-01-01,"Jan 2014","Apartment",1365,"Scss","Under Construction"
"35555",2014-01-01,"Jan 2014","All",2072,"Scss","Under Construction"
"35555",2014-02-01,"Feb 2014","Single",431,"Scss","Under Construction"
"35555",2014-02-01,"Feb 2014","Semi-Detached",4,"Scss","Under Construction"
"35555",2014-02-01,"Feb 2014","Row",257,"Scss","Under Construction"
"35555",2014-02-01,"Feb 2014","Apartment",1365,"Scss","Under Construction"
"35555",2014-02-01,"Feb 2014","All",2057,"Scss","Under Construction"
"35555",2014-03-01,"Mar 2014","Single",422,"Scss","Under Construction"
"35555",2014-03-01,"Mar 2014","Semi-Detached",4,"Scss","Under Construction"
"35555",2014-03-01,"Mar 2014","Row",262,"Scss","Under Construction"
"35555",2014-03-01,"Mar 2014","Apartment",1363,"Scss","Under Construction"
"35555",2014-03-01,"Mar 2014","All",2051,"Scss","Under Construction"
"35555",2014-04-01,"Apr 2014","Single",432,"Scss","Under Construction"
"35555",2014-04-01,"Apr 2014","Semi-Detached",6,"Scss","Under Construction"
"35555",2014-04-01,"Apr 2014","Row",236,"Scss","Under Construction"
"35555",2014-04-01,"Apr 2014","Apartment",1387,"Scss","Under Construction"
"35555",2014-04-01,"Apr 2014","All",2061,"Scss","Under Construction"
"35555",2014-05-01,"May 2014","Single",464,"Scss","Under Construction"
"35555",2014-05-01,"May 2014","Semi-Detached",14,"Scss","Under Construction"
"35555",2014-05-01,"May 2014","Row",221,"Scss","Under Construction"
"35555",2014-05-01,"May 2014","Apartment",1463,"Scss","Under Construction"
"35555",2014-05-01,"May 2014","All",2162,"Scss","Under Construction"
"35555",2014-06-01,"Jun 2014","Single",479,"Scss","Under Construction"
"35555",2014-06-01,"Jun 2014","Semi-Detached",16,"Scss","Under Construction"
"35555",2014-06-01,"Jun 2014","Row",220,"Scss","Under Construction"
"35555",2014-06-01,"Jun 2014","Apartment",1600,"Scss","Under Construction"
"35555",2014-06-01,"Jun 2014","All",2315,"Scss","Under Construction"
"35555",2014-07-01,"Jul 2014","Single",482,"Scss","Under Construction"
"35555",2014-07-01,"Jul 2014","Semi-Detached",12,"Scss","Under Construction"
"35555",2014-07-01,"Jul 2014","Row",255,"Scss","Under Construction"
"35555",2014-07-01,"Jul 2014","Apartment",1709,"Scss","Under Construction"
"35555",2014-07-01,"Jul 2014","All",2458,"Scss","Under Construction"
"35555",2014-08-01,"Aug 2014","Single",500,"Scss","Under Construction"
"35555",2014-08-01,"Aug 2014","Semi-Detached",12,"Scss","Under Construction"
"35555",2014-08-01,"Aug 2014","Row",288,"Scss","Under Construction"
"35555",2014-08-01,"Aug 2014","Apartment",1752,"Scss","Under Construction"
"35555",2014-08-01,"Aug 2014","All",2552,"Scss","Under Construction"
"35555",2014-09-01,"Sep 2014","Single",523,"Scss","Under Construction"
"35555",2014-09-01,"Sep 2014","Semi-Detached",6,"Scss","Under Construction"
"35555",2014-09-01,"Sep 2014","Row",304,"Scss","Under Construction"
"35555",2014-09-01,"Sep 2014","Apartment",1776,"Scss","Under Construction"
"35555",2014-09-01,"Sep 2014","All",2609,"Scss","Under Construction"
"35555",2014-10-01,"Oct 2014","Single",507,"Scss","Under Construction"
"35555",2014-10-01,"Oct 2014","Semi-Detached",10,"Scss","Under Construction"
"35555",2014-10-01,"Oct 2014","Row",300,"Scss","Under Construction"
"35555",2014-10-01,"Oct 2014","Apartment",1543,"Scss","Under Construction"
"35555",2014-10-01,"Oct 2014","All",2360,"Scss","Under Construction"
"35555",2014-11-01,"Nov 2014","Single",490,"Scss","Under Construction"
"35555",2014-11-01,"Nov 2014","Semi-Detached",8,"Scss","Under Construction"
"35555",2014-11-01,"Nov 2014","Row",370,"Scss","Under Construction"
"35555",2014-11-01,"Nov 2014","Apartment",1587,"Scss","Under Construction"
"35555",2014-11-01,"Nov 2014","All",2455,"Scss","Under Construction"
"35555",2014-12-01,"Dec 2014","Single",453,"Scss","Under Construction"
"35555",2014-12-01,"Dec 2014","Semi-Detached",6,"Scss","Under Construction"
"35555",2014-12-01,"Dec 2014","Row",317,"Scss","Under Construction"
"35555",2014-12-01,"Dec 2014","Apartment",1302,"Scss","Under Construction"
"35555",2014-12-01,"Dec 2014","All",2078,"Scss","Under Construction"
"35555",2015-01-01,"Jan 2015","Single",448,"Scss","Under Construction"
"35555",2015-01-01,"Jan 2015","Semi-Detached",6,"Scss","Under Construction"
"35555",2015-01-01,"Jan 2015","Row",331,"Scss","Under Construction"
"35555",2015-01-01,"Jan 2015","Apartment",1302,"Scss","Under Construction"
"35555",2015-01-01,"Jan 2015","All",2087,"Scss","Under Construction"
"35555",2015-02-01,"Feb 2015","Single",439,"Scss","Under Construction"
"35555",2015-02-01,"Feb 2015","Semi-Detached",8,"Scss","Under Construction"
"35555",2015-02-01,"Feb 2015","Row",331,"Scss","Under Construction"
"35555",2015-02-01,"Feb 2015","Apartment",1467,"Scss","Under Construction"
"35555",2015-02-01,"Feb 2015","All",2245,"Scss","Under Construction"
"35555",2015-03-01,"Mar 2015","Single",367,"Scss","Under Construction"
"35555",2015-03-01,"Mar 2015","Semi-Detached",6,"Scss","Under Construction"
"35555",2015-03-01,"Mar 2015","Row",314,"Scss","Under Construction"
"35555",2015-03-01,"Mar 2015","Apartment",1471,"Scss","Under Construction"
"35555",2015-03-01,"Mar 2015","All",2158,"Scss","Under Construction"
"35555",2015-04-01,"Apr 2015","Single",408,"Scss","Under Construction"
"35555",2015-04-01,"Apr 2015","Semi-Detached",9,"Scss","Under Construction"
"35555",2015-04-01,"Apr 2015","Row",359,"Scss","Under Construction"
"35555",2015-04-01,"Apr 2015","Apartment",1473,"Scss","Under Construction"
"35555",2015-04-01,"Apr 2015","All",2249,"Scss","Under Construction"
"35555",2015-05-01,"May 2015","Single",468,"Scss","Under Construction"
"35555",2015-05-01,"May 2015","Semi-Detached",9,"Scss","Under Construction"
"35555",2015-05-01,"May 2015","Row",436,"Scss","Under Construction"
"35555",2015-05-01,"May 2015","Apartment",1638,"Scss","Under Construction"
"35555",2015-05-01,"May 2015","All",2551,"Scss","Under Construction"
"35555",2015-06-01,"Jun 2015","Single",523,"Scss","Under Construction"
"35555",2015-06-01,"Jun 2015","Semi-Detached",11,"Scss","Under Construction"
"35555",2015-06-01,"Jun 2015","Row",459,"Scss","Under Construction"
"35555",2015-06-01,"Jun 2015","Apartment",1638,"Scss","Under Construction"
"35555",2015-06-01,"Jun 2015","All",2631,"Scss","Under Construction"
"35555",2015-07-01,"Jul 2015","Single",470,"Scss","Under Construction"
"35555",2015-07-01,"Jul 2015","Semi-Detached",4,"Scss","Under Construction"
"35555",2015-07-01,"Jul 2015","Row",450,"Scss","Under Construction"
"35555",2015-07-01,"Jul 2015","Apartment",1624,"Scss","Under Construction"
"35555",2015-07-01,"Jul 2015","All",2548,"Scss","Under Construction"
"35555",2015-08-01,"Aug 2015","Single",410,"Scss","Under Construction"
"35555",2015-08-01,"Aug 2015","Semi-Detached",8,"Scss","Under Construction"
"35555",2015-08-01,"Aug 2015","Row",394,"Scss","Under Construction"
"35555",2015-08-01,"Aug 2015","Apartment",1818,"Scss","Under Construction"
"35555",2015-08-01,"Aug 2015","All",2630,"Scss","Under Construction"
"35555",2015-09-01,"Sep 2015","Single",395,"Scss","Under Construction"
"35555",2015-09-01,"Sep 2015","Semi-Detached",6,"Scss","Under Construction"
"35555",2015-09-01,"Sep 2015","Row",386,"Scss","Under Construction"
"35555",2015-09-01,"Sep 2015","Apartment",1796,"Scss","Under Construction"
"35555",2015-09-01,"Sep 2015","All",2583,"Scss","Under Construction"
"35555",2015-10-01,"Oct 2015","Single",416,"Scss","Under Construction"
"35555",2015-10-01,"Oct 2015","Semi-Detached",4,"Scss","Under Construction"
"35555",2015-10-01,"Oct 2015","Row",384,"Scss","Under Construction"
"35555",2015-10-01,"Oct 2015","Apartment",1796,"Scss","Under Construction"
"35555",2015-10-01,"Oct 2015","All",2600,"Scss","Under Construction"
"35555",2015-11-01,"Nov 2015","Single",402,"Scss","Under Construction"
"35555",2015-11-01,"Nov 2015","Semi-Detached",4,"Scss","Under Construction"
"35555",2015-11-01,"Nov 2015","Row",390,"Scss","Under Construction"
"35555",2015-11-01,"Nov 2015","Apartment",1485,"Scss","Under Construction"
"35555",2015-11-01,"Nov 2015","All",2281,"Scss","Under Construction"
"35555",2015-12-01,"Dec 2015","Single",395,"Scss","Under Construction"
"35555",2015-12-01,"Dec 2015","Semi-Detached",8,"Scss","Under Construction"
"35555",2015-12-01,"Dec 2015","Row",371,"Scss","Under Construction"
"35555",2015-12-01,"Dec 2015","Apartment",1463,"Scss","Under Construction"
"35555",2015-12-01,"Dec 2015","All",2237,"Scss","Under Construction"
"35555",2016-01-01,"Jan 2016","Single",397,"Scss","Under Construction"
"35555",2016-01-01,"Jan 2016","Semi-Detached",8,"Scss","Under Construction"
"35555",2016-01-01,"Jan 2016","Row",329,"Scss","Under Construction"
"35555",2016-01-01,"Jan 2016","Apartment",1058,"Scss","Under Construction"
"35555",2016-01-01,"Jan 2016","All",1792,"Scss","Under Construction"
"35555",2016-02-01,"Feb 2016","Single",399,"Scss","Under Construction"
"35555",2016-02-01,"Feb 2016","Semi-Detached",8,"Scss","Under Construction"
"35555",2016-02-01,"Feb 2016","Row",347,"Scss","Under Construction"
"35555",2016-02-01,"Feb 2016","Apartment",1058,"Scss","Under Construction"
"35555",2016-02-01,"Feb 2016","All",1812,"Scss","Under Construction"
"35555",2016-03-01,"Mar 2016","Single",400,"Scss","Under Construction"
"35555",2016-03-01,"Mar 2016","Semi-Detached",8,"Scss","Under Construction"
"35555",2016-03-01,"Mar 2016","Row",322,"Scss","Under Construction"
"35555",2016-03-01,"Mar 2016","Apartment",890,"Scss","Under Construction"
"35555",2016-03-01,"Mar 2016","All",1620,"Scss","Under Construction"
"35555",2016-04-01,"Apr 2016","Single",404,"Scss","Under Construction"
"35555",2016-04-01,"Apr 2016","Semi-Detached",10,"Scss","Under Construction"
"35555",2016-04-01,"Apr 2016","Row",317,"Scss","Under Construction"
"35555",2016-04-01,"Apr 2016","Apartment",923,"Scss","Under Construction"
"35555",2016-04-01,"Apr 2016","All",1654,"Scss","Under Construction"
"35555",2016-05-01,"May 2016","Single",472,"Scss","Under Construction"
"35555",2016-05-01,"May 2016","Semi-Detached",10,"Scss","Under Construction"
"35555",2016-05-01,"May 2016","Row",317,"Scss","Under Construction"
"35555",2016-05-01,"May 2016","Apartment",1256,"Scss","Under Construction"
"35555",2016-05-01,"May 2016","All",2055,"Scss","Under Construction"
"35555",2016-06-01,"Jun 2016","Single",541,"Scss","Under Construction"
"35555",2016-06-01,"Jun 2016","Semi-Detached",10,"Scss","Under Construction"
"35555",2016-06-01,"Jun 2016","Row",302,"Scss","Under Construction"
"35555",2016-06-01,"Jun 2016","Apartment",1276,"Scss","Under Construction"
"35555",2016-06-01,"Jun 2016","All",2129,"Scss","Under Construction"
"35555",2016-07-01,"Jul 2016","Single",588,"Scss","Under Construction"
"35555",2016-07-01,"Jul 2016","Semi-Detached",12,"Scss","Under Construction"
"35555",2016-07-01,"Jul 2016","Row",300,"Scss","Under Construction"
"35555",2016-07-01,"Jul 2016","Apartment",1202,"Scss","Under Construction"
"35555",2016-07-01,"Jul 2016","All",2102,"Scss","Under Construction"
"35555",2016-08-01,"Aug 2016","Single",614,"Scss","Under Construction"
"35555",2016-08-01,"Aug 2016","Semi-Detached",16,"Scss","Under Construction"
"35555",2016-08-01,"Aug 2016","Row",329,"Scss","Under Construction"
"35555",2016-08-01,"Aug 2016","Apartment",1403,"Scss","Under Construction"
"35555",2016-08-01,"Aug 2016","All",2362,"Scss","Under Construction"
"35555",2016-09-01,"Sep 2016","Single",621,"Scss","Under Construction"
"35555",2016-09-01,"Sep 2016","Semi-Detached",18,"Scss","Under Construction"
"35555",2016-09-01,"Sep 2016","Row",296,"Scss","Under Construction"
"35555",2016-09-01,"Sep 2016","Apartment",1403,"Scss","Under Construction"
"35555",2016-09-01,"Sep 2016","All",2338,"Scss","Under Construction"
"35555",2016-10-01,"Oct 2016","Single",580,"Scss","Under Construction"
"35555",2016-10-01,"Oct 2016","Semi-Detached",24,"Scss","Under Construction"
"35555",2016-10-01,"Oct 2016","Row",300,"Scss","Under Construction"
"35555",2016-10-01,"Oct 2016","Apartment",1457,"Scss","Under Construction"
"35555",2016-10-01,"Oct 2016","All",2361,"Scss","Under Construction"
"35555",2016-11-01,"Nov 2016","Single",579,"Scss","Under Construction"
"35555",2016-11-01,"Nov 2016","Semi-Detached",30,"Scss","Under Construction"
"35555",2016-11-01,"Nov 2016","Row",280,"Scss","Under Construction"
"35555",2016-11-01,"Nov 2016","Apartment",1521,"Scss","Under Construction"
"35555",2016-11-01,"Nov 2016","All",2410,"Scss","Under Construction"
"35555",2016-12-01,"Dec 2016","Single",550,"Scss","Under Construction"
"35555",2016-12-01,"Dec 2016","Semi-Detached",28,"Scss","Under Construction"
"35555",2016-12-01,"Dec 2016","Row",287,"Scss","Under Construction"
"35555",2016-12-01,"Dec 2016","Apartment",1561,"Scss","Under Construction"
"35555",2016-12-01,"Dec 2016","All",2426,"Scss","Under Construction"
"35555",2017-01-01,"Jan 2017","Single",533,"Scss","Under Construction"
"35555",2017-01-01,"Jan 2017","Semi-Detached",28,"Scss","Under Construction"
"35555",2017-01-01,"Jan 2017","Row",323,"Scss","Under Construction"
"35555",2017-01-01,"Jan 2017","Apartment",1935,"Scss","Under Construction"
"35555",2017-01-01,"Jan 2017","All",2819,"Scss","Under Construction"
"35555",2017-02-01,"Feb 2017","Single",594,"Scss","Under Construction"
"35555",2017-02-01,"Feb 2017","Semi-Detached",26,"Scss","Under Construction"
"35555",2017-02-01,"Feb 2017","Row",375,"Scss","Under Construction"
"35555",2017-02-01,"Feb 2017","Apartment",1966,"Scss","Under Construction"
"35555",2017-02-01,"Feb 2017","All",2961,"Scss","Under Construction"
"35555",2017-03-01,"Mar 2017","Single",607,"Scss","Under Construction"
"35555",2017-03-01,"Mar 2017","Semi-Detached",16,"Scss","Under Construction"
"35555",2017-03-01,"Mar 2017","Row",415,"Scss","Under Construction"
"35555",2017-03-01,"Mar 2017","Apartment",1909,"Scss","Under Construction"
"35555",2017-03-01,"Mar 2017","All",2947,"Scss","Under Construction"
"35555",2017-04-01,"Apr 2017","Single",657,"Scss","Under Construction"
"35555",2017-04-01,"Apr 2017","Semi-Detached",18,"Scss","Under Construction"
"35555",2017-04-01,"Apr 2017","Row",434,"Scss","Under Construction"
"35555",2017-04-01,"Apr 2017","Apartment",1862,"Scss","Under Construction"
"35555",2017-04-01,"Apr 2017","All",2971,"Scss","Under Construction"
"35555",2017-05-01,"May 2017","Single",707,"Scss","Under Construction"
"35555",2017-05-01,"May 2017","Semi-Detached",12,"Scss","Under Construction"
"35555",2017-05-01,"May 2017","Row",505,"Scss","Under Construction"
"35555",2017-05-01,"May 2017","Apartment",1860,"Scss","Under Construction"
"35555",2017-05-01,"May 2017","All",3084,"Scss","Under Construction"
"35555",2017-06-01,"Jun 2017","Single",815,"Scss","Under Construction"
"35555",2017-06-01,"Jun 2017","Semi-Detached",10,"Scss","Under Construction"
"35555",2017-06-01,"Jun 2017","Row",577,"Scss","Under Construction"
"35555",2017-06-01,"Jun 2017","Apartment",1712,"Scss","Under Construction"
"35555",2017-06-01,"Jun 2017","All",3114,"Scss","Under Construction"
"35555",2017-07-01,"Jul 2017","Single",894,"Scss","Under Construction"
"35555",2017-07-01,"Jul 2017","Semi-Detached",10,"Scss","Under Construction"
"35555",2017-07-01,"Jul 2017","Row",610,"Scss","Under Construction"
"35555",2017-07-01,"Jul 2017","Apartment",1708,"Scss","Under Construction"
"35555",2017-07-01,"Jul 2017","All",3222,"Scss","Under Construction"
"35555",2017-08-01,"Aug 2017","Single",942,"Scss","Under Construction"
"35555",2017-08-01,"Aug 2017","Semi-Detached",4,"Scss","Under Construction"
"35555",2017-08-01,"Aug 2017","Row",636,"Scss","Under Construction"
"35555",2017-08-01,"Aug 2017","Apartment",1775,"Scss","Under Construction"
"35555",2017-08-01,"Aug 2017","All",3357,"Scss","Under Construction"
"35555",2017-09-01,"Sep 2017","Single",955,"Scss","Under Construction"
"35555",2017-09-01,"Sep 2017","Semi-Detached",4,"Scss","Under Construction"
"35555",2017-09-01,"Sep 2017","Row",634,"Scss","Under Construction"
"35555",2017-09-01,"Sep 2017","Apartment",1915,"Scss","Under Construction"
"35555",2017-09-01,"Sep 2017","All",3508,"Scss","Under Construction"
"35555",2017-10-01,"Oct 2017","Single",934,"Scss","Under Construction"
"35555",2017-10-01,"Oct 2017","Semi-Detached",8,"Scss","Under Construction"
"35555",2017-10-01,"Oct 2017","Row",662,"Scss","Under Construction"
"35555",2017-10-01,"Oct 2017","Apartment",1913,"Scss","Under Construction"
"35555",2017-10-01,"Oct 2017","All",3517,"Scss","Under Construction"
"35555",2017-11-01,"Nov 2017","Single",928,"Scss","Under Construction"
"35555",2017-11-01,"Nov 2017","Semi-Detached",10,"Scss","Under Construction"
"35555",2017-11-01,"Nov 2017","Row",674,"Scss","Under Construction"
"35555",2017-11-01,"Nov 2017","Apartment",2305,"Scss","Under Construction"
"35555",2017-11-01,"Nov 2017","All",3917,"Scss","Under Construction"
"35555",2017-12-01,"Dec 2017","Single",925,"Scss","Under Construction"
"35555",2017-12-01,"Dec 2017","Semi-Detached",12,"Scss","Under Construction"
"35555",2017-12-01,"Dec 2017","Row",664,"Scss","Under Construction"
"35555",2017-12-01,"Dec 2017","Apartment",2307,"Scss","Under Construction"
"35555",2017-12-01,"Dec 2017","All",3908,"Scss","Under Construction"
"35555",2018-01-01,"Jan 2018","Single",879,"Scss","Under Construction"
"35555",2018-01-01,"Jan 2018","Semi-Detached",12,"Scss","Under Construction"
"35555",2018-01-01,"Jan 2018","Row",623,"Scss","Under Construction"
"35555",2018-01-01,"Jan 2018","Apartment",2138,"Scss","Under Construction"
"35555",2018-01-01,"Jan 2018","All",3652,"Scss","Under Construction"
"35555",2018-02-01,"Feb 2018","Single",878,"Scss","Under Construction"
"35555",2018-02-01,"Feb 2018","Semi-Detached",12,"Scss","Under Construction"
"35555",2018-02-01,"Feb 2018","Row",612,"Scss","Under Construction"
"35555",2018-02-01,"Feb 2018","Apartment",2124,"Scss","Under Construction"
"35555",2018-02-01,"Feb 2018","All",3626,"Scss","Under Construction"
"35555",2018-03-01,"Mar 2018","Single",899,"Scss","Under Construction"
"35555",2018-03-01,"Mar 2018","Semi-Detached",16,"Scss","Under Construction"
"35555",2018-03-01,"Mar 2018","Row",601,"Scss","Under Construction"
"35555",2018-03-01,"Mar 2018","Apartment",2084,"Scss","Under Construction"
"35555",2018-03-01,"Mar 2018","All",3600,"Scss","Under Construction"
"35555",2018-04-01,"Apr 2018","Single",944,"Scss","Under Construction"
"35555",2018-04-01,"Apr 2018","Semi-Detached",18,"Scss","Under Construction"
"35555",2018-04-01,"Apr 2018","Row",625,"Scss","Under Construction"
"35555",2018-04-01,"Apr 2018","Apartment",2229,"Scss","Under Construction"
"35555",2018-04-01,"Apr 2018","All",3816,"Scss","Under Construction"
"35555",2018-05-01,"May 2018","Single",908,"Scss","Under Construction"
"35555",2018-05-01,"May 2018","Semi-Detached",20,"Scss","Under Construction"
"35555",2018-05-01,"May 2018","Row",601,"Scss","Under Construction"
"35555",2018-05-01,"May 2018","Apartment",1855,"Scss","Under Construction"
"35555",2018-05-01,"May 2018","All",3384,"Scss","Under Construction"
"35555",2018-06-01,"Jun 2018","Single",927,"Scss","Under Construction"
"35555",2018-06-01,"Jun 2018","Semi-Detached",24,"Scss","Under Construction"
"35555",2018-06-01,"Jun 2018","Row",639,"Scss","Under Construction"
"35555",2018-06-01,"Jun 2018","Apartment",2192,"Scss","Under Construction"
"35555",2018-06-01,"Jun 2018","All",3782,"Scss","Under Construction"
"35555",2018-07-01,"Jul 2018","Single",897,"Scss","Under Construction"
"35555",2018-07-01,"Jul 2018","Semi-Detached",26,"Scss","Under Construction"
"35555",2018-07-01,"Jul 2018","Row",702,"Scss","Under Construction"
"35555",2018-07-01,"Jul 2018","Apartment",1979,"Scss","Under Construction"
"35555",2018-07-01,"Jul 2018","All",3604,"Scss","Under Construction"
"35555",2018-08-01,"Aug 2018","Single",823,"Scss","Under Construction"
"35555",2018-08-01,"Aug 2018","Semi-Detached",26,"Scss","Under Construction"
"35555",2018-08-01,"Aug 2018","Row",647,"Scss","Under Construction"
"35555",2018-08-01,"Aug 2018","Apartment",1624,"Scss","Under Construction"
"35555",2018-08-01,"Aug 2018","All",3120,"Scss","Under Construction"
"35555",2018-09-01,"Sep 2018","Single",824,"Scss","Under Construction"
"35555",2018-09-01,"Sep 2018","Semi-Detached",24,"Scss","Under Construction"
"35555",2018-09-01,"Sep 2018","Row",676,"Scss","Under Construction"
"35555",2018-09-01,"Sep 2018","Apartment",1610,"Scss","Under Construction"
"35555",2018-09-01,"Sep 2018","All",3134,"Scss","Under Construction"
"35555",2018-10-01,"Oct 2018","Single",775,"Scss","Under Construction"
"35555",2018-10-01,"Oct 2018","Semi-Detached",22,"Scss","Under Construction"
"35555",2018-10-01,"Oct 2018","Row",713,"Scss","Under Construction"
"35555",2018-10-01,"Oct 2018","Apartment",1417,"Scss","Under Construction"
"35555",2018-10-01,"Oct 2018","All",2927,"Scss","Under Construction"
"35555",2018-11-01,"Nov 2018","Single",744,"Scss","Under Construction"
"35555",2018-11-01,"Nov 2018","Semi-Detached",20,"Scss","Under Construction"
"35555",2018-11-01,"Nov 2018","Row",722,"Scss","Under Construction"
"35555",2018-11-01,"Nov 2018","Apartment",1442,"Scss","Under Construction"
"35555",2018-11-01,"Nov 2018","All",2928,"Scss","Under Construction"
"35555",2018-12-01,"Dec 2018","Single",709,"Scss","Under Construction"
"35555",2018-12-01,"Dec 2018","Semi-Detached",20,"Scss","Under Construction"
"35555",2018-12-01,"Dec 2018","Row",702,"Scss","Under Construction"
"35555",2018-12-01,"Dec 2018","Apartment",1422,"Scss","Under Construction"
"35555",2018-12-01,"Dec 2018","All",2853,"Scss","Under Construction"
"35555",2019-01-01,"Jan 2019","Single",608,"Scss","Under Construction"
"35555",2019-01-01,"Jan 2019","Semi-Detached",12,"Scss","Under Construction"
"35555",2019-01-01,"Jan 2019","Row",723,"Scss","Under Construction"
"35555",2019-01-01,"Jan 2019","Apartment",1590,"Scss","Under Construction"
"35555",2019-01-01,"Jan 2019","All",2933,"Scss","Under Construction"
"35555",2019-02-01,"Feb 2019","Single",573,"Scss","Under Construction"
"35555",2019-02-01,"Feb 2019","Semi-Detached",12,"Scss","Under Construction"
"35555",2019-02-01,"Feb 2019","Row",711,"Scss","Under Construction"
"35555",2019-02-01,"Feb 2019","Apartment",1471,"Scss","Under Construction"
"35555",2019-02-01,"Feb 2019","All",2767,"Scss","Under Construction"
"35555",2019-03-01,"Mar 2019","Single",561,"Scss","Under Construction"
"35555",2019-03-01,"Mar 2019","Semi-Detached",12,"Scss","Under Construction"
"35555",2019-03-01,"Mar 2019","Row",772,"Scss","Under Construction"
"35555",2019-03-01,"Mar 2019","Apartment",1468,"Scss","Under Construction"
"35555",2019-03-01,"Mar 2019","All",2813,"Scss","Under Construction"
"35555",2019-04-01,"Apr 2019","Single",573,"Scss","Under Construction"
"35555",2019-04-01,"Apr 2019","Semi-Detached",14,"Scss","Under Construction"
"35555",2019-04-01,"Apr 2019","Row",844,"Scss","Under Construction"
"35555",2019-04-01,"Apr 2019","Apartment",1673,"Scss","Under Construction"
"35555",2019-04-01,"Apr 2019","All",3104,"Scss","Under Construction"
"35555",2019-05-01,"May 2019","Single",586,"Scss","Under Construction"
"35555",2019-05-01,"May 2019","Semi-Detached",20,"Scss","Under Construction"
"35555",2019-05-01,"May 2019","Row",808,"Scss","Under Construction"
"35555",2019-05-01,"May 2019","Apartment",1677,"Scss","Under Construction"
"35555",2019-05-01,"May 2019","All",3091,"Scss","Under Construction"
"35555",2019-06-01,"Jun 2019","Single",596,"Scss","Under Construction"
"35555",2019-06-01,"Jun 2019","Semi-Detached",18,"Scss","Under Construction"
"35555",2019-06-01,"Jun 2019","Row",919,"Scss","Under Construction"
"35555",2019-06-01,"Jun 2019","Apartment",1860,"Scss","Under Construction"
"35555",2019-06-01,"Jun 2019","All",3393,"Scss","Under Construction"
"35555",2019-07-01,"Jul 2019","Single",631,"Scss","Under Construction"
"35555",2019-07-01,"Jul 2019","Semi-Detached",22,"Scss","Under Construction"
"35555",2019-07-01,"Jul 2019","Row",939,"Scss","Under Construction"
"35555",2019-07-01,"Jul 2019","Apartment",1895,"Scss","Under Construction"
"35555",2019-07-01,"Jul 2019","All",3487,"Scss","Under Construction"
"35555",2019-08-01,"Aug 2019","Single",693,"Scss","Under Construction"
"35555",2019-08-01,"Aug 2019","Semi-Detached",22,"Scss","Under Construction"
"35555",2019-08-01,"Aug 2019","Row",908,"Scss","Under Construction"
"35555",2019-08-01,"Aug 2019","Apartment",2272,"Scss","Under Construction"
"35555",2019-08-01,"Aug 2019","All",3895,"Scss","Under Construction"
"35555",2019-09-01,"Sep 2019","Single",744,"Scss","Under Construction"
"35555",2019-09-01,"Sep 2019","Semi-Detached",22,"Scss","Under Construction"
"35555",2019-09-01,"Sep 2019","Row",859,"Scss","Under Construction"
"35555",2019-09-01,"Sep 2019","Apartment",2161,"Scss","Under Construction"
"35555",2019-09-01,"Sep 2019","All",3786,"Scss","Under Construction"
"35555",2019-10-01,"Oct 2019","Single",726,"Scss","Under Construction"
"35555",2019-10-01,"Oct 2019","Semi-Detached",18,"Scss","Under Construction"
"35555",2019-10-01,"Oct 2019","Row",849,"Scss","Under Construction"
"35555",2019-10-01,"Oct 2019","Apartment",2078,"Scss","Under Construction"
"35555",2019-10-01,"Oct 2019","All",3671,"Scss","Under Construction"
"35555",2019-11-01,"Nov 2019","Single",738,"Scss","Under Construction"
"35555",2019-11-01,"Nov 2019","Semi-Detached",28,"Scss","Under Construction"
"35555",2019-11-01,"Nov 2019","Row",842,"Scss","Under Construction"
"35555",2019-11-01,"Nov 2019","Apartment",2024,"Scss","Under Construction"
"35555",2019-11-01,"Nov 2019","All",3632,"Scss","Under Construction"
"35555",2019-12-01,"Dec 2019","Single",702,"Scss","Under Construction"
"35555",2019-12-01,"Dec 2019","Semi-Detached",24,"Scss","Under Construction"
"35555",2019-12-01,"Dec 2019","Row",878,"Scss","Under Construction"
"35555",2019-12-01,"Dec 2019","Apartment",2024,"Scss","Under Construction"
"35555",2019-12-01,"Dec 2019","All",3628,"Scss","Under Construction"
"35555",2020-01-01,"Jan 2020","Single",707,"Scss","Under Construction"
"35555",2020-01-01,"Jan 2020","Semi-Detached",24,"Scss","Under Construction"
"35555",2020-01-01,"Jan 2020","Row",810,"Scss","Under Construction"
"35555",2020-01-01,"Jan 2020","Apartment",1975,"Scss","Under Construction"
"35555",2020-01-01,"Jan 2020","All",3516,"Scss","Under Construction"
"35555",2020-02-01,"Feb 2020","Single",721,"Scss","Under Construction"
"35555",2020-02-01,"Feb 2020","Semi-Detached",20,"Scss","Under Construction"
"35555",2020-02-01,"Feb 2020","Row",855,"Scss","Under Construction"
"35555",2020-02-01,"Feb 2020","Apartment",1749,"Scss","Under Construction"
"35555",2020-02-01,"Feb 2020","All",3345,"Scss","Under Construction"
"35555",2020-03-01,"Mar 2020","Single",748,"Scss","Under Construction"
"35555",2020-03-01,"Mar 2020","Semi-Detached",20,"Scss","Under Construction"
"35555",2020-03-01,"Mar 2020","Row",808,"Scss","Under Construction"
"35555",2020-03-01,"Mar 2020","Apartment",1949,"Scss","Under Construction"
"35555",2020-03-01,"Mar 2020","All",3525,"Scss","Under Construction"
"35555",2020-04-01,"Apr 2020","Single",805,"Scss","Under Construction"
"35555",2020-04-01,"Apr 2020","Semi-Detached",20,"Scss","Under Construction"
"35555",2020-04-01,"Apr 2020","Row",801,"Scss","Under Construction"
"35555",2020-04-01,"Apr 2020","Apartment",2081,"Scss","Under Construction"
"35555",2020-04-01,"Apr 2020","All",3707,"Scss","Under Construction"
"35555",2020-05-01,"May 2020","Single",733,"Scss","Under Construction"
"35555",2020-05-01,"May 2020","Semi-Detached",12,"Scss","Under Construction"
"35555",2020-05-01,"May 2020","Row",703,"Scss","Under Construction"
"35555",2020-05-01,"May 2020","Apartment",2163,"Scss","Under Construction"
"35555",2020-05-01,"May 2020","All",3611,"Scss","Under Construction"
"35555",2020-06-01,"Jun 2020","Single",727,"Scss","Under Construction"
"35555",2020-06-01,"Jun 2020","Semi-Detached",20,"Scss","Under Construction"
"35555",2020-06-01,"Jun 2020","Row",664,"Scss","Under Construction"
"35555",2020-06-01,"Jun 2020","Apartment",2232,"Scss","Under Construction"
"35555",2020-06-01,"Jun 2020","All",3643,"Scss","Under Construction"
"35555",2020-07-01,"Jul 2020","Single",820,"Scss","Under Construction"
"35555",2020-07-01,"Jul 2020","Semi-Detached",30,"Scss","Under Construction"
"35555",2020-07-01,"Jul 2020","Row",699,"Scss","Under Construction"
"35555",2020-07-01,"Jul 2020","Apartment",2120,"Scss","Under Construction"
"35555",2020-07-01,"Jul 2020","All",3669,"Scss","Under Construction"
"35555",2020-08-01,"Aug 2020","Single",859,"Scss","Under Construction"
"35555",2020-08-01,"Aug 2020","Semi-Detached",34,"Scss","Under Construction"
"35555",2020-08-01,"Aug 2020","Row",723,"Scss","Under Construction"
"35555",2020-08-01,"Aug 2020","Apartment",2123,"Scss","Under Construction"
"35555",2020-08-01,"Aug 2020","All",3739,"Scss","Under Construction"
"35555",2020-09-01,"Sep 2020","Single",872,"Scss","Under Construction"
"35555",2020-09-01,"Sep 2020","Semi-Detached",46,"Scss","Under Construction"
"35555",2020-09-01,"Sep 2020","Row",731,"Scss","Under Construction"
"35555",2020-09-01,"Sep 2020","Apartment",1538,"Scss","Under Construction"
"35555",2020-09-01,"Sep 2020","All",3187,"Scss","Under Construction"
"35555",2020-10-01,"Oct 2020","Single",915,"Scss","Under Construction"
"35555",2020-10-01,"Oct 2020","Semi-Detached",60,"Scss","Under Construction"
"35555",2020-10-01,"Oct 2020","Row",755,"Scss","Under Construction"
"35555",2020-10-01,"Oct 2020","Apartment",1486,"Scss","Under Construction"
"35555",2020-10-01,"Oct 2020","All",3216,"Scss","Under Construction"
"35555",2020-11-01,"Nov 2020","Single",1002,"Scss","Under Construction"
"35555",2020-11-01,"Nov 2020","Semi-Detached",84,"Scss","Under Construction"
"35555",2020-11-01,"Nov 2020","Row",810,"Scss","Under Construction"
"35555",2020-11-01,"Nov 2020","Apartment",2410,"Scss","Under Construction"
"35555",2020-11-01,"Nov 2020","All",4306,"Scss","Under Construction"
"35555",2020-12-01,"Dec 2020","Single",1070,"Scss","Under Construction"
"35555",2020-12-01,"Dec 2020","Semi-Detached",96,"Scss","Under Construction"
"35555",2020-12-01,"Dec 2020","Row",835,"Scss","Under Construction"
"35555",2020-12-01,"Dec 2020","Apartment",2410,"Scss","Under Construction"
"35555",2020-12-01,"Dec 2020","All",4411,"Scss","Under Construction"
"35555",2021-01-01,"Jan 2021","Single",1131,"Scss","Under Construction"
"35555",2021-01-01,"Jan 2021","Semi-Detached",96,"Scss","Under Construction"
"35555",2021-01-01,"Jan 2021","Row",788,"Scss","Under Construction"
"35555",2021-01-01,"Jan 2021","Apartment",2372,"Scss","Under Construction"
"35555",2021-01-01,"Jan 2021","All",4387,"Scss","Under Construction"
"35555",2021-02-01,"Feb 2021","Single",1193,"Scss","Under Construction"
"35555",2021-02-01,"Feb 2021","Semi-Detached",92,"Scss","Under Construction"
"35555",2021-02-01,"Feb 2021","Row",736,"Scss","Under Construction"
"35555",2021-02-01,"Feb 2021","Apartment",2674,"Scss","Under Construction"
"35555",2021-02-01,"Feb 2021","All",4695,"Scss","Under Construction"
"35555",2021-03-01,"Mar 2021","Single",1256,"Scss","Under Construction"
"35555",2021-03-01,"Mar 2021","Semi-Detached",74,"Scss","Under Construction"
"35555",2021-03-01,"Mar 2021","Row",768,"Scss","Under Construction"
"35555",2021-03-01,"Mar 2021","Apartment",2674,"Scss","Under Construction"
"35555",2021-03-01,"Mar 2021","All",4772,"Scss","Under Construction"
"35555",2021-04-01,"Apr 2021","Single",1369,"Scss","Under Construction"
"35555",2021-04-01,"Apr 2021","Semi-Detached",78,"Scss","Under Construction"
"35555",2021-04-01,"Apr 2021","Row",794,"Scss","Under Construction"
"35555",2021-04-01,"Apr 2021","Apartment",3104,"Scss","Under Construction"
"35555",2021-04-01,"Apr 2021","All",5345,"Scss","Under Construction"
"35555",2021-05-01,"May 2021","Single",1363,"Scss","Under Construction"
"35555",2021-05-01,"May 2021","Semi-Detached",86,"Scss","Under Construction"
"35555",2021-05-01,"May 2021","Row",794,"Scss","Under Construction"
"35555",2021-05-01,"May 2021","Apartment",3118,"Scss","Under Construction"
"35555",2021-05-01,"May 2021","All",5361,"Scss","Under Construction"
"35555",2021-06-01,"Jun 2021","Single",1351,"Scss","Under Construction"
"35555",2021-06-01,"Jun 2021","Semi-Detached",94,"Scss","Under Construction"
"35555",2021-06-01,"Jun 2021","Row",840,"Scss","Under Construction"
"35555",2021-06-01,"Jun 2021","Apartment",3557,"Scss","Under Construction"
"35555",2021-06-01,"Jun 2021","All",5842,"Scss","Under Construction"
"35555",2021-07-01,"Jul 2021","Single",1320,"Scss","Under Construction"
"35555",2021-07-01,"Jul 2021","Semi-Detached",78,"Scss","Under Construction"
"35555",2021-07-01,"Jul 2021","Row",858,"Scss","Under Construction"
"35555",2021-07-01,"Jul 2021","Apartment",3824,"Scss","Under Construction"
"35555",2021-07-01,"Jul 2021","All",6080,"Scss","Under Construction"
"35555",2021-08-01,"Aug 2021","Single",1305,"Scss","Under Construction"
"35555",2021-08-01,"Aug 2021","Semi-Detached",86,"Scss","Under Construction"
"35555",2021-08-01,"Aug 2021","Row",862,"Scss","Under Construction"
"35555",2021-08-01,"Aug 2021","Apartment",3963,"Scss","Under Construction"
"35555",2021-08-01,"Aug 2021","All",6216,"Scss","Under Construction"
"35555",2021-09-01,"Sep 2021","Single",1357,"Scss","Under Construction"
"35555",2021-09-01,"Sep 2021","Semi-Detached",82,"Scss","Under Construction"
"35555",2021-09-01,"Sep 2021","Row",851,"Scss","Under Construction"
"35555",2021-09-01,"Sep 2021","Apartment",4146,"Scss","Under Construction"
"35555",2021-09-01,"Sep 2021","All",6436,"Scss","Under Construction"
"35555",2021-10-01,"Oct 2021","Single",1384,"Scss","Under Construction"
"35555",2021-10-01,"Oct 2021","Semi-Detached",70,"Scss","Under Construction"
"35555",2021-10-01,"Oct 2021","Row",901,"Scss","Under Construction"
"35555",2021-10-01,"Oct 2021","Apartment",3768,"Scss","Under Construction"
"35555",2021-10-01,"Oct 2021","All",6123,"Scss","Under Construction"
"35555",2021-11-01,"Nov 2021","Single",1328,"Scss","Under Construction"
"35555",2021-11-01,"Nov 2021","Semi-Detached",64,"Scss","Under Construction"
"35555",2021-11-01,"Nov 2021","Row",976,"Scss","Under Construction"
"35555",2021-11-01,"Nov 2021","Apartment",3768,"Scss","Under Construction"
"35555",2021-11-01,"Nov 2021","All",6136,"Scss","Under Construction"
"35555",2021-12-01,"Dec 2021","Single",1329,"Scss","Under Construction"
"35555",2021-12-01,"Dec 2021","Semi-Detached",54,"Scss","Under Construction"
"35555",2021-12-01,"Dec 2021","Row",1041,"Scss","Under Construction"
"35555",2021-12-01,"Dec 2021","Apartment",3760,"Scss","Under Construction"
"35555",2021-12-01,"Dec 2021","All",6184,"Scss","Under Construction"
"35555",2022-01-01,"Jan 2022","Single",1382,"Scss","Under Construction"
"35555",2022-01-01,"Jan 2022","Semi-Detached",54,"Scss","Under Construction"
"35555",2022-01-01,"Jan 2022","Row",1020,"Scss","Under Construction"
"35555",2022-01-01,"Jan 2022","Apartment",3924,"Scss","Under Construction"
"35555",2022-01-01,"Jan 2022","All",6380,"Scss","Under Construction"
"35555",2022-02-01,"Feb 2022","Single",1367,"Scss","Under Construction"
"35555",2022-02-01,"Feb 2022","Semi-Detached",54,"Scss","Under Construction"
"35555",2022-02-01,"Feb 2022","Row",980,"Scss","Under Construction"
"35555",2022-02-01,"Feb 2022","Apartment",3797,"Scss","Under Construction"
"35555",2022-02-01,"Feb 2022","All",6198,"Scss","Under Construction"
"35555",2022-03-01,"Mar 2022","Single",1288,"Scss","Under Construction"
"35555",2022-03-01,"Mar 2022","Semi-Detached",44,"Scss","Under Construction"
"35555",2022-03-01,"Mar 2022","Row",989,"Scss","Under Construction"
"35555",2022-03-01,"Mar 2022","Apartment",3862,"Scss","Under Construction"
"35555",2022-03-01,"Mar 2022","All",6183,"Scss","Under Construction"
"35555",2022-04-01,"Apr 2022","Single",1277,"Scss","Under Construction"
"35555",2022-04-01,"Apr 2022","Semi-Detached",38,"Scss","Under Construction"
"35555",2022-04-01,"Apr 2022","Row",992,"Scss","Under Construction"
"35555",2022-04-01,"Apr 2022","Apartment",3730,"Scss","Under Construction"
"35555",2022-04-01,"Apr 2022","All",6037,"Scss","Under Construction"
"35555",2022-05-01,"May 2022","Single",1365,"Scss","Under Construction"
"35555",2022-05-01,"May 2022","Semi-Detached",42,"Scss","Under Construction"
"35555",2022-05-01,"May 2022","Row",1049,"Scss","Under Construction"
"35555",2022-05-01,"May 2022","Apartment",4028,"Scss","Under Construction"
"35555",2022-05-01,"May 2022","All",6484,"Scss","Under Construction"
"35555",2022-06-01,"Jun 2022","Single",1172,"Scss","Under Construction"
"35555",2022-06-01,"Jun 2022","Semi-Detached",32,"Scss","Under Construction"
"35555",2022-06-01,"Jun 2022","Row",996,"Scss","Under Construction"
"35555",2022-06-01,"Jun 2022","Apartment",4038,"Scss","Under Construction"
"35555",2022-06-01,"Jun 2022","All",6238,"Scss","Under Construction"
"35555",2022-07-01,"Jul 2022","Single",1163,"Scss","Under Construction"
"35555",2022-07-01,"Jul 2022","Semi-Detached",34,"Scss","Under Construction"
"35555",2022-07-01,"Jul 2022","Row",983,"Scss","Under Construction"
"35555",2022-07-01,"Jul 2022","Apartment",4003,"Scss","Under Construction"
"35555",2022-07-01,"Jul 2022","All",6183,"Scss","Under Construction"
"35555",2022-08-01,"Aug 2022","Single",1152,"Scss","Under Construction"
"35555",2022-08-01,"Aug 2022","Semi-Detached",36,"Scss","Under Construction"
"35555",2022-08-01,"Aug 2022","Row",922,"Scss","Under Construction"
"35555",2022-08-01,"Aug 2022","Apartment",4009,"Scss","Under Construction"
"35555",2022-08-01,"Aug 2022","All",6119,"Scss","Under Construction"
"35555",2022-09-01,"Sep 2022","Single",1034,"Scss","Under Construction"
"35555",2022-09-01,"Sep 2022","Semi-Detached",38,"Scss","Under Construction"
"35555",2022-09-01,"Sep 2022","Row",922,"Scss","Under Construction"
"35555",2022-09-01,"Sep 2022","Apartment",4221,"Scss","Under Construction"
"35555",2022-09-01,"Sep 2022","All",6215,"Scss","Under Construction"
"35555",2022-10-01,"Oct 2022","Single",1043,"Scss","Under Construction"
"35555",2022-10-01,"Oct 2022","Semi-Detached",36,"Scss","Under Construction"
"35555",2022-10-01,"Oct 2022","Row",893,"Scss","Under Construction"
"35555",2022-10-01,"Oct 2022","Apartment",4432,"Scss","Under Construction"
"35555",2022-10-01,"Oct 2022","All",6404,"Scss","Under Construction"
"35555",2022-11-01,"Nov 2022","Single",940,"Scss","Under Construction"
"35555",2022-11-01,"Nov 2022","Semi-Detached",34,"Scss","Under Construction"
"35555",2022-11-01,"Nov 2022","Row",995,"Scss","Under Construction"
"35555",2022-11-01,"Nov 2022","Apartment",4419,"Scss","Under Construction"
"35555",2022-11-01,"Nov 2022","All",6388,"Scss","Under Construction"
"35555",2022-12-01,"Dec 2022","Single",880,"Scss","Under Construction"
"35555",2022-12-01,"Dec 2022","Semi-Detached",34,"Scss","Under Construction"
"35555",2022-12-01,"Dec 2022","Row",991,"Scss","Under Construction"
"35555",2022-12-01,"Dec 2022","Apartment",4307,"Scss","Under Construction"
"35555",2022-12-01,"Dec 2022","All",6212,"Scss","Under Construction"
"35555",2023-01-01,"Jan 2023","Single",830,"Scss","Under Construction"
"35555",2023-01-01,"Jan 2023","Semi-Detached",36,"Scss","Under Construction"
"35555",2023-01-01,"Jan 2023","Row",968,"Scss","Under Construction"
"35555",2023-01-01,"Jan 2023","Apartment",4516,"Scss","Under Construction"
"35555",2023-01-01,"Jan 2023","All",6350,"Scss","Under Construction"
"35555",2023-02-01,"Feb 2023","Single",806,"Scss","Under Construction"
"35555",2023-02-01,"Feb 2023","Semi-Detached",38,"Scss","Under Construction"
"35555",2023-02-01,"Feb 2023","Row",903,"Scss","Under Construction"
"35555",2023-02-01,"Feb 2023","Apartment",4520,"Scss","Under Construction"
"35555",2023-02-01,"Feb 2023","All",6267,"Scss","Under Construction"
"35555",2023-03-01,"Mar 2023","Single",702,"Scss","Under Construction"
"35555",2023-03-01,"Mar 2023","Semi-Detached",42,"Scss","Under Construction"
"35555",2023-03-01,"Mar 2023","Row",884,"Scss","Under Construction"
"35555",2023-03-01,"Mar 2023","Apartment",4564,"Scss","Under Construction"
"35555",2023-03-01,"Mar 2023","All",6192,"Scss","Under Construction"
"35555",2023-04-01,"Apr 2023","Single",653,"Scss","Under Construction"
"35555",2023-04-01,"Apr 2023","Semi-Detached",42,"Scss","Under Construction"
"35555",2023-04-01,"Apr 2023","Row",972,"Scss","Under Construction"
"35555",2023-04-01,"Apr 2023","Apartment",4467,"Scss","Under Construction"
"35555",2023-04-01,"Apr 2023","All",6134,"Scss","Under Construction"
"35555",2023-05-01,"May 2023","Single",610,"Scss","Under Construction"
"35555",2023-05-01,"May 2023","Semi-Detached",44,"Scss","Under Construction"
"35555",2023-05-01,"May 2023","Row",907,"Scss","Under Construction"
"35555",2023-05-01,"May 2023","Apartment",4491,"Scss","Under Construction"
"35555",2023-05-01,"May 2023","All",6052,"Scss","Under Construction"
"35555",2023-06-01,"Jun 2023","Single",577,"Scss","Under Construction"
"35555",2023-06-01,"Jun 2023","Semi-Detached",66,"Scss","Under Construction"
"35555",2023-06-01,"Jun 2023","Row",937,"Scss","Under Construction"
"35555",2023-06-01,"Jun 2023","Apartment",4625,"Scss","Under Construction"
"35555",2023-06-01,"Jun 2023","All",6205,"Scss","Under Construction"
"35555",2023-07-01,"Jul 2023","Single",502,"Scss","Under Construction"
"35555",2023-07-01,"Jul 2023","Semi-Detached",62,"Scss","Under Construction"
"35555",2023-07-01,"Jul 2023","Row",854,"Scss","Under Construction"
"35555",2023-07-01,"Jul 2023","Apartment",4566,"Scss","Under Construction"
"35555",2023-07-01,"Jul 2023","All",5984,"Scss","Under Construction"
"35555",2023-08-01,"Aug 2023","Single",477,"Scss","Under Construction"
"35555",2023-08-01,"Aug 2023","Semi-Detached",76,"Scss","Under Construction"
"35555",2023-08-01,"Aug 2023","Row",844,"Scss","Under Construction"
"35555",2023-08-01,"Aug 2023","Apartment",4427,"Scss","Under Construction"
"35555",2023-08-01,"Aug 2023","All",5824,"Scss","Under Construction"
"35555",2023-09-01,"Sep 2023","Single",506,"Scss","Under Construction"
"35555",2023-09-01,"Sep 2023","Semi-Detached",96,"Scss","Under Construction"
"35555",2023-09-01,"Sep 2023","Row",886,"Scss","Under Construction"
"35555",2023-09-01,"Sep 2023","Apartment",4488,"Scss","Under Construction"
"35555",2023-09-01,"Sep 2023","All",5976,"Scss","Under Construction"
"35555",2023-10-01,"Oct 2023","Single",479,"Scss","Under Construction"
"35555",2023-10-01,"Oct 2023","Semi-Detached",100,"Scss","Under Construction"
"35555",2023-10-01,"Oct 2023","Row",912,"Scss","Under Construction"
"35555",2023-10-01,"Oct 2023","Apartment",4556,"Scss","Under Construction"
"35555",2023-10-01,"Oct 2023","All",6047,"Scss","Under Construction"
"35555",2023-11-01,"Nov 2023","Single",490,"Scss","Under Construction"
"35555",2023-11-01,"Nov 2023","Semi-Detached",104,"Scss","Under Construction"
"35555",2023-11-01,"Nov 2023","Row",984,"Scss","Under Construction"
"35555",2023-11-01,"Nov 2023","Apartment",4515,"Scss","Under Construction"
"35555",2023-11-01,"Nov 2023","All",6093,"Scss","Under Construction"
"35555",2023-12-01,"Dec 2023","Single",436,"Scss","Under Construction"
"35555",2023-12-01,"Dec 2023","Semi-Detached",80,"Scss","Under Construction"
"35555",2023-12-01,"Dec 2023","Row",922,"Scss","Under Construction"
"35555",2023-12-01,"Dec 2023","Apartment",4367,"Scss","Under Construction"
"35555",2023-12-01,"Dec 2023","All",5805,"Scss","Under Construction"
"35555",2024-01-01,"Jan 2024","Single",422,"Scss","Under Construction"
"35555",2024-01-01,"Jan 2024","Semi-Detached",70,"Scss","Under Construction"
"35555",2024-01-01,"Jan 2024","Row",922,"Scss","Under Construction"
"35555",2024-01-01,"Jan 2024","Apartment",4500,"Scss","Under Construction"
"35555",2024-01-01,"Jan 2024","All",5914,"Scss","Under Construction"
"35555",2024-02-01,"Feb 2024","Single",400,"Scss","Under Construction"
"35555",2024-02-01,"Feb 2024","Semi-Detached",60,"Scss","Under Construction"
"35555",2024-02-01,"Feb 2024","Row",897,"Scss","Under Construction"
"35555",2024-02-01,"Feb 2024","Apartment",4684,"Scss","Under Construction"
"35555",2024-02-01,"Feb 2024","All",6041,"Scss","Under Construction"
"35555",2024-03-01,"Mar 2024","Single",385,"Scss","Under Construction"
"35555",2024-03-01,"Mar 2024","Semi-Detached",60,"Scss","Under Construction"
"35555",2024-03-01,"Mar 2024","Row",895,"Scss","Under Construction"
"35555",2024-03-01,"Mar 2024","Apartment",4486,"Scss","Under Construction"
"35555",2024-03-01,"Mar 2024","All",5826,"Scss","Under Construction"
"35555",2024-04-01,"Apr 2024","Single",366,"Scss","Under Construction"
"35555",2024-04-01,"Apr 2024","Semi-Detached",70,"Scss","Under Construction"
"35555",2024-04-01,"Apr 2024","Row",861,"Scss","Under Construction"
"35555",2024-04-01,"Apr 2024","Apartment",4717,"Scss","Under Construction"
"35555",2024-04-01,"Apr 2024","All",6014,"Scss","Under Construction"
"35555",2024-05-01,"May 2024","Single",394,"Scss","Under Construction"
"35555",2024-05-01,"May 2024","Semi-Detached",76,"Scss","Under Construction"
"35555",2024-05-01,"May 2024","Row",890,"Scss","Under Construction"
"35555",2024-05-01,"May 2024","Apartment",4661,"Scss","Under Construction"
"35555",2024-05-01,"May 2024","All",6021,"Scss","Under Construction"
"35555",2024-06-01,"Jun 2024","Single",421,"Scss","Under Construction"
"35555",2024-06-01,"Jun 2024","Semi-Detached",76,"Scss","Under Construction"
"35555",2024-06-01,"Jun 2024","Row",790,"Scss","Under Construction"
"35555",2024-06-01,"Jun 2024","Apartment",4596,"Scss","Under Construction"
"35555",2024-06-01,"Jun 2024","All",5883,"Scss","Under Construction"
"35555",2024-07-01,"Jul 2024","Single",426,"Scss","Under Construction"
"35555",2024-07-01,"Jul 2024","Semi-Detached",74,"Scss","Under Construction"
"35555",2024-07-01,"Jul 2024","Row",777,"Scss","Under Construction"
"35555",2024-07-01,"Jul 2024","Apartment",4722,"Scss","Under Construction"
"35555",2024-07-01,"Jul 2024","All",5999,"Scss","Under Construction"
"35555",2024-08-01,"Aug 2024","Single",437,"Scss","Under Construction"
"35555",2024-08-01,"Aug 2024","Semi-Detached",66,"Scss","Under Construction"
"35555",2024-08-01,"Aug 2024","Row",723,"Scss","Under Construction"
"35555",2024-08-01,"Aug 2024","Apartment",4866,"Scss","Under Construction"
"35555",2024-08-01,"Aug 2024","All",6092,"Scss","Under Construction"
"35555",2024-09-01,"Sep 2024","Single",456,"Scss","Under Construction"
"35555",2024-09-01,"Sep 2024","Semi-Detached",56,"Scss","Under Construction"
"35555",2024-09-01,"Sep 2024","Row",726,"Scss","Under Construction"
"35555",2024-09-01,"Sep 2024","Apartment",4508,"Scss","Under Construction"
"35555",2024-09-01,"Sep 2024","All",5746,"Scss","Under Construction"
"35555",2024-10-01,"Oct 2024","Single",441,"Scss","Under Construction"
"35555",2024-10-01,"Oct 2024","Semi-Detached",48,"Scss","Under Construction"
"35555",2024-10-01,"Oct 2024","Row",783,"Scss","Under Construction"
"35555",2024-10-01,"Oct 2024","Apartment",4760,"Scss","Under Construction"
"35555",2024-10-01,"Oct 2024","All",6032,"Scss","Under Construction"
"35555",2024-11-01,"Nov 2024","Single",389,"Scss","Under Construction"
"35555",2024-11-01,"Nov 2024","Semi-Detached",34,"Scss","Under Construction"
"35555",2024-11-01,"Nov 2024","Row",726,"Scss","Under Construction"
"35555",2024-11-01,"Nov 2024","Apartment",4654,"Scss","Under Construction"
"35555",2024-11-01,"Nov 2024","All",5803,"Scss","Under Construction"
"35555",2024-12-01,"Dec 2024","Single",376,"Scss","Under Construction"
"35555",2024-12-01,"Dec 2024","Semi-Detached",34,"Scss","Under Construction"
"35555",2024-12-01,"Dec 2024","Row",768,"Scss","Under Construction"
"35555",2024-12-01,"Dec 2024","Apartment",4996,"Scss","Under Construction"
"35555",2024-12-01,"Dec 2024","All",6174,"Scss","Under Construction"
"35555",2025-01-01,"Jan 2025","Single",384,"Scss","Under Construction"
"35555",2025-01-01,"Jan 2025","Semi-Detached",32,"Scss","Under Construction"
"35555",2025-01-01,"Jan 2025","Row",714,"Scss","Under Construction"
"35555",2025-01-01,"Jan 2025","Apartment",5006,"Scss","Under Construction"
"35555",2025-01-01,"Jan 2025","All",6136,"Scss","Under Construction"
"35555",2025-02-01,"Feb 2025","Single",358,"Scss","Under Construction"
"35555",2025-02-01,"Feb 2025","Semi-Detached",32,"Scss","Under Construction"
"35555",2025-02-01,"Feb 2025","Row",734,"Scss","Under Construction"
"35555",2025-02-01,"Feb 2025","Apartment",5001,"Scss","Under Construction"
"35555",2025-02-01,"Feb 2025","All",6125,"Scss","Under Construction"
"35555",2025-03-01,"Mar 2025","Single",356,"Scss","Under Construction"
"35555",2025-03-01,"Mar 2025","Semi-Detached",34,"Scss","Under Construction"
"35555",2025-03-01,"Mar 2025","Row",737,"Scss","Under Construction"
"35555",2025-03-01,"Mar 2025","Apartment",5030,"Scss","Under Construction"
"35555",2025-03-01,"Mar 2025","All",6157,"Scss","Under Construction"
"35555",2025-04-01,"Apr 2025","Single",361,"Scss","Under Construction"
"35555",2025-04-01,"Apr 2025","Semi-Detached",54,"Scss","Under Construction"
"35555",2025-04-01,"Apr 2025","Row",717,"Scss","Under Construction"
"35555",2025-04-01,"Apr 2025","Apartment",4676,"Scss","Under Construction"
"35555",2025-04-01,"Apr 2025","All",5808,"Scss","Under Construction"
"35555",2025-05-01,"May 2025","Single",355,"Scss","Under Construction"
"35555",2025-05-01,"May 2025","Semi-Detached",60,"Scss","Under Construction"
"35555",2025-05-01,"May 2025","Row",707,"Scss","Under Construction"
"35555",2025-05-01,"May 2025","Apartment",4613,"Scss","Under Construction"
"35555",2025-05-01,"May 2025","All",5735,"Scss","Under Construction"
"35555",2025-06-01,"Jun 2025","Single",385,"Scss","Under Construction"
"35555",2025-06-01,"Jun 2025","Semi-Detached",66,"Scss","Under Construction"
"35555",2025-06-01,"Jun 2025","Row",713,"Scss","Under Construction"
"35555",2025-06-01,"Jun 2025","Apartment",4819,"Scss","Under Construction"
"35555",2025-06-01,"Jun 2025","All",5983,"Scss","Under Construction"
"35555",2025-07-01,"Jul 2025","Single",397,"Scss","Under Construction"
"35555",2025-07-01,"Jul 2025","Semi-Detached",76,"Scss","Under Construction"
"35555",2025-07-01,"Jul 2025","Row",631,"Scss","Under Construction"
"35555",2025-07-01,"Jul 2025","Apartment",5051,"Scss","Under Construction"
"35555",2025-07-01,"Jul 2025","All",6155,"Scss","Under Construction"
"35555",2025-08-01,"Aug 2025","Single",389,"Scss","Under Construction"
"35555",2025-08-01,"Aug 2025","Semi-Detached",80,"Scss","Under Construction"
"35555",2025-08-01,"Aug 2025","Row",573,"Scss","Under Construction"
"35555",2025-08-01,"Aug 2025","Apartment",4130,"Scss","Under Construction"
"35555",2025-08-01,"Aug 2025","All",5172,"Scss","Under Construction"
"35555",2025-09-01,"Sep 2025","Single",393,"Scss","Under Construction"
"35555",2025-09-01,"Sep 2025","Semi-Detached",90,"Scss","Under Construction"
"35555",2025-09-01,"Sep 2025","Row",585,"Scss","Under Construction"
"35555",2025-09-01,"Sep 2025","Apartment",4029,"Scss","Under Construction"
"35555",2025-09-01,"Sep 2025","All",5097,"Scss","Under Construction"
"35555",2025-10-01,"Oct 2025","Single",372,"Scss","Under Construction"
"35555",2025-10-01,"Oct 2025","Semi-Detached",80,"Scss","Under Construction"
"35555",2025-10-01,"Oct 2025","Row",597,"Scss","Under Construction"
"35555",2025-10-01,"Oct 2025","Apartment",4151,"Scss","Under Construction"
"35555",2025-10-01,"Oct 2025","All",5200,"Scss","Under Construction"
"35555",2025-11-01,"Nov 2025","Single",365,"Scss","Under Construction"
"35555",2025-11-01,"Nov 2025","Semi-Detached",78,"Scss","Under Construction"
"35555",2025-11-01,"Nov 2025","Row",597,"Scss","Under Construction"
"35555",2025-11-01,"Nov 2025","Apartment",4201,"Scss","Under Construction"
"35555",2025-11-01,"Nov 2025","All",5241,"Scss","Under Construction"
"35555",2025-12-01,"Dec 2025","Single",337,"Scss","Under Construction"
"35555",2025-12-01,"Dec 2025","Semi-Detached",70,"Scss","Under Construction"
"35555",2025-12-01,"Dec 2025","Row",615,"Scss","Under Construction"
"35555",2025-12-01,"Dec 2025","Apartment",4168,"Scss","Under Construction"
"35555",2025-12-01,"Dec 2025","All",5190,"Scss","Under Construction"
"35555",2026-01-01,"Jan 2026","Single",332,"Scss","Under Construction"
"35555",2026-01-01,"Jan 2026","Semi-Detached",58,"Scss","Under Construction"
"35555",2026-01-01,"Jan 2026","Row",562,"Scss","Under Construction"
"35555",2026-01-01,"Jan 2026","Apartment",4511,"Scss","Under Construction"
"35555",2026-01-01,"Jan 2026","All",5463,"Scss","Under Construction"
"35555",2026-02-01,"Feb 2026","Single",320,"Scss","Under Construction"
"35555",2026-02-01,"Feb 2026","Semi-Detached",56,"Scss","Under Construction"
"35555",2026-02-01,"Feb 2026","Row",548,"Scss","Under Construction"
"35555",2026-02-01,"Feb 2026","Apartment",4442,"Scss","Under Construction"
"35555",2026-02-01,"Feb 2026","All",5366,"Scss","Under Construction"
