"GeoUID","Date","DateString","Dwelling Type","Value","Survey","Series"
"35595",1990-01-01,"Jan 1990","Single",194,"Scss","Under Construction"
"35595",1990-01-01,"Jan 1990","Semi-Detached",22,"Scss","Under Construction"
"35595",1990-01-01,"Jan 1990","Row",0,"Scss","Under Construction"
"35595",1990-01-01,"Jan 1990","Apartment",65,"Scss","Under Construction"
"35595",1990-01-01,"Jan 1990","All",281,"Scss","Under Construction"
"35595",1990-02-01,"Feb 1990","Single",141,"Scss","Under Construction"
"35595",1990-02-01,"Feb 1990","Semi-Detached",16,"Scss","Under Construction"
"35595",1990-02-01,"Feb 1990","Row",0,"Scss","Under Construction"
"35595",1990-02-01,"Feb 1990","Apartment",40,"Scss","Under Construction"
"35595",1990-02-01,"Feb 1990","All",197,"Scss","Under Construction"
"35595",1990-03-01,"Mar 1990","Single",127,"Scss","Under Construction"
"35595",1990-03-01,"Mar 1990","Semi-Detached",8,"Scss","Under Construction"
"35595",1990-03-01,"Mar 1990","Row",0,"Scss","Under Construction"
"35595",1990-03-01,"Mar 1990","Apartment",76,"Scss","Under Construction"
"35595",1990-03-01,"Mar 1990","All",211,"Scss","Under Construction"
"35595",1990-04-01,"Apr 1990","Single",131,"Scss","Under Construction"
"35595",1990-04-01,"Apr 1990","Semi-Detached",2,"Scss","Under Construction"
"35595",1990-04-01,"Apr 1990","Row",0,"Scss","Under Construction"
"35595",1990-04-01,"Apr 1990","Apartment",76,"Scss","Under Construction"
"35595",1990-04-01,"Apr 1990","All",209,"Scss","Under Construction"
"35595",1990-05-01,"May 1990","Single",175,"Scss","Under Construction"
"35595",1990-05-01,"May 1990","Semi-Detached",8,"Scss","Under Construction"
"35595",1990-05-01,"May 1990","Row",0,"Scss","Under Construction"
"35595",1990-05-01,"May 1990","Apartment",76,"Scss","Under Construction"
"35595",1990-05-01,"May 1990","All",259,"Scss","Under Construction"
"35595",1990-06-01,"Jun 1990","Single",170,"Scss","Under Construction"
"35595",1990-06-01,"Jun 1990","Semi-Detached",40,"Scss","Under Construction"
"35595",1990-06-01,"Jun 1990","Row",0,"Scss","Under Construction"
"35595",1990-06-01,"Jun 1990","Apartment",106,"Scss","Under Construction"
"35595",1990-06-01,"Jun 1990","All",316,"Scss","Under Construction"
"35595",1990-07-01,"Jul 1990","Single",224,"Scss","Under Construction"
"35595",1990-07-01,"Jul 1990","Semi-Detached",68,"Scss","Under Construction"
"35595",1990-07-01,"Jul 1990","Row",0,"Scss","Under Construction"
"35595",1990-07-01,"Jul 1990","Apartment",132,"Scss","Under Construction"
"35595",1990-07-01,"Jul 1990","All",424,"Scss","Under Construction"
"35595",1990-08-01,"Aug 1990","Single",238,"Scss","Under Construction"
"35595",1990-08-01,"Aug 1990","Semi-Detached",72,"Scss","Under Construction"
"35595",1990-08-01,"Aug 1990","Row",10,"Scss","Under Construction"
"35595",1990-08-01,"Aug 1990","Apartment",132,"Scss","Under Construction"
"35595",1990-08-01,"Aug 1990","All",452,"Scss","Under Construction"
"35595",1990-09-01,"Sep 1990","Single",279,"Scss","Under Construction"
"35595",1990-09-01,"Sep 1990","Semi-Detached",82,"Scss","Under Construction"
"35595",1990-09-01,"Sep 1990","Row",10,"Scss","Under Construction"
"35595",1990-09-01,"Sep 1990","Apartment",114,"Scss","Under Construction"
"35595",1990-09-01,"Sep 1990","All",485,"Scss","Under Construction"
"35595",1990-10-01,"Oct 1990","Single",249,"Scss","Under Construction"
"35595",1990-10-01,"Oct 1990","Semi-Detached",118,"Scss","Under Construction"
"35595",1990-10-01,"Oct 1990","Row",10,"Scss","Under Construction"
"35595",1990-10-01,"Oct 1990","Apartment",114,"Scss","Under Construction"
"35595",1990-10-01,"Oct 1990","All",491,"Scss","Under Construction"
"35595",1990-11-01,"Nov 1990","Single",228,"Scss","Under Construction"
"35595",1990-11-01,"Nov 1990","Semi-Detached",92,"Scss","Under Construction"
"35595",1990-11-01,"Nov 1990","Row",10,"Scss","Under Construction"
"35595",1990-11-01,"Nov 1990","Apartment",114,"Scss","Under Construction"
"35595",1990-11-01,"Nov 1990","All",444,"Scss","Under Construction"
"35595",1990-12-01,"Dec 1990","Single",191,"Scss","Under Construction"
"35595",1990-12-01,"Dec 1990","Semi-Detached",68,"Scss","Under Construction"
"35595",1990-12-01,"Dec 1990","Row",10,"Scss","Under Construction"
"35595",1990-12-01,"Dec 1990","Apartment",114,"Scss","Under Construction"
"35595",1990-12-01,"Dec 1990","All",383,"Scss","Under Construction"
"35595",1991-01-01,"Jan 1991","Single",160,"Scss","Under Construction"
"35595",1991-01-01,"Jan 1991","Semi-Detached",54,"Scss","Under Construction"
"35595",1991-01-01,"Jan 1991","Row",10,"Scss","Under Construction"
"35595",1991-01-01,"Jan 1991","Apartment",110,"Scss","Under Construction"
"35595",1991-01-01,"Jan 1991","All",334,"Scss","Under Construction"
"35595",1991-02-01,"Feb 1991","Single",137,"Scss","Under Construction"
"35595",1991-02-01,"Feb 1991","Semi-Detached",38,"Scss","Under Construction"
"35595",1991-02-01,"Feb 1991","Row",10,"Scss","Under Construction"
"35595",1991-02-01,"Feb 1991","Apartment",80,"Scss","Under Construction"
"35595",1991-02-01,"Feb 1991","All",265,"Scss","Under Construction"
"35595",1991-03-01,"Mar 1991","Single",122,"Scss","Under Construction"
"35595",1991-03-01,"Mar 1991","Semi-Detached",34,"Scss","Under Construction"
"35595",1991-03-01,"Mar 1991","Row",0,"Scss","Under Construction"
"35595",1991-03-01,"Mar 1991","Apartment",17,"Scss","Under Construction"
"35595",1991-03-01,"Mar 1991","All",173,"Scss","Under Construction"
"35595",1991-04-01,"Apr 1991","Single",107,"Scss","Under Construction"
"35595",1991-04-01,"Apr 1991","Semi-Detached",32,"Scss","Under Construction"
"35595",1991-04-01,"Apr 1991","Row",0,"Scss","Under Construction"
"35595",1991-04-01,"Apr 1991","Apartment",17,"Scss","Under Construction"
"35595",1991-04-01,"Apr 1991","All",156,"Scss","Under Construction"
"35595",1991-05-01,"May 1991","Single",135,"Scss","Under Construction"
"35595",1991-05-01,"May 1991","Semi-Detached",34,"Scss","Under Construction"
"35595",1991-05-01,"May 1991","Row",0,"Scss","Under Construction"
"35595",1991-05-01,"May 1991","Apartment",21,"Scss","Under Construction"
"35595",1991-05-01,"May 1991","All",190,"Scss","Under Construction"
"35595",1991-06-01,"Jun 1991","Single",155,"Scss","Under Construction"
"35595",1991-06-01,"Jun 1991","Semi-Detached",34,"Scss","Under Construction"
"35595",1991-06-01,"Jun 1991","Row",74,"Scss","Under Construction"
"35595",1991-06-01,"Jun 1991","Apartment",4,"Scss","Under Construction"
"35595",1991-06-01,"Jun 1991","All",267,"Scss","Under Construction"
"35595",1991-07-01,"Jul 1991","Single",197,"Scss","Under Construction"
"35595",1991-07-01,"Jul 1991","Semi-Detached",40,"Scss","Under Construction"
"35595",1991-07-01,"Jul 1991","Row",74,"Scss","Under Construction"
"35595",1991-07-01,"Jul 1991","Apartment",127,"Scss","Under Construction"
"35595",1991-07-01,"Jul 1991","All",438,"Scss","Under Construction"
"35595",1991-08-01,"Aug 1991","Single",213,"Scss","Under Construction"
"35595",1991-08-01,"Aug 1991","Semi-Detached",30,"Scss","Under Construction"
"35595",1991-08-01,"Aug 1991","Row",74,"Scss","Under Construction"
"35595",1991-08-01,"Aug 1991","Apartment",127,"Scss","Under Construction"
"35595",1991-08-01,"Aug 1991","All",444,"Scss","Under Construction"
"35595",1991-09-01,"Sep 1991","Single",223,"Scss","Under Construction"
"35595",1991-09-01,"Sep 1991","Semi-Detached",30,"Scss","Under Construction"
"35595",1991-09-01,"Sep 1991","Row",74,"Scss","Under Construction"
"35595",1991-09-01,"Sep 1991","Apartment",157,"Scss","Under Construction"
"35595",1991-09-01,"Sep 1991","All",484,"Scss","Under Construction"
"35595",1991-10-01,"Oct 1991","Single",209,"Scss","Under Construction"
"35595",1991-10-01,"Oct 1991","Semi-Detached",29,"Scss","Under Construction"
"35595",1991-10-01,"Oct 1991","Row",74,"Scss","Under Construction"
"35595",1991-10-01,"Oct 1991","Apartment",289,"Scss","Under Construction"
"35595",1991-10-01,"Oct 1991","All",601,"Scss","Under Construction"
"35595",1991-11-01,"Nov 1991","Single",192,"Scss","Under Construction"
"35595",1991-11-01,"Nov 1991","Semi-Detached",25,"Scss","Under Construction"
"35595",1991-11-01,"Nov 1991","Row",74,"Scss","Under Construction"
"35595",1991-11-01,"Nov 1991","Apartment",289,"Scss","Under Construction"
"35595",1991-11-01,"Nov 1991","All",580,"Scss","Under Construction"
"35595",1991-12-01,"Dec 1991","Single",172,"Scss","Under Construction"
"35595",1991-12-01,"Dec 1991","Semi-Detached",13,"Scss","Under Construction"
"35595",1991-12-01,"Dec 1991","Row",146,"Scss","Under Construction"
"35595",1991-12-01,"Dec 1991","Apartment",289,"Scss","Under Construction"
"35595",1991-12-01,"Dec 1991","All",620,"Scss","Under Construction"
"35595",1992-01-01,"Jan 1992","Single",149,"Scss","Under Construction"
"35595",1992-01-01,"Jan 1992","Semi-Detached",11,"Scss","Under Construction"
"35595",1992-01-01,"Jan 1992","Row",24,"Scss","Under Construction"
"35595",1992-01-01,"Jan 1992","Apartment",361,"Scss","Under Construction"
"35595",1992-01-01,"Jan 1992","All",545,"Scss","Under Construction"
"35595",1992-02-01,"Feb 1992","Single",113,"Scss","Under Construction"
"35595",1992-02-01,"Feb 1992","Semi-Detached",11,"Scss","Under Construction"
"35595",1992-02-01,"Feb 1992","Row",34,"Scss","Under Construction"
"35595",1992-02-01,"Feb 1992","Apartment",361,"Scss","Under Construction"
"35595",1992-02-01,"Feb 1992","All",519,"Scss","Under Construction"
"35595",1992-03-01,"Mar 1992","Single",99,"Scss","Under Construction"
"35595",1992-03-01,"Mar 1992","Semi-Detached",10,"Scss","Under Construction"
"35595",1992-03-01,"Mar 1992","Row",34,"Scss","Under Construction"
"35595",1992-03-01,"Mar 1992","Apartment",334,"Scss","Under Construction"
"35595",1992-03-01,"Mar 1992","All",477,"Scss","Under Construction"
"35595",1992-04-01,"Apr 1992","Single",100,"Scss","Under Construction"
"35595",1992-04-01,"Apr 1992","Semi-Detached",10,"Scss","Under Construction"
"35595",1992-04-01,"Apr 1992","Row",68,"Scss","Under Construction"
"35595",1992-04-01,"Apr 1992","Apartment",334,"Scss","Under Construction"
"35595",1992-04-01,"Apr 1992","All",512,"Scss","Under Construction"
"35595",1992-05-01,"May 1992","Single",123,"Scss","Under Construction"
"35595",1992-05-01,"May 1992","Semi-Detached",16,"Scss","Under Construction"
"35595",1992-05-01,"May 1992","Row",68,"Scss","Under Construction"
"35595",1992-05-01,"May 1992","Apartment",334,"Scss","Under Construction"
"35595",1992-05-01,"May 1992","All",541,"Scss","Under Construction"
"35595",1992-06-01,"Jun 1992","Single",169,"Scss","Under Construction"
"35595",1992-06-01,"Jun 1992","Semi-Detached",22,"Scss","Under Construction"
"35595",1992-06-01,"Jun 1992","Row",68,"Scss","Under Construction"
"35595",1992-06-01,"Jun 1992","Apartment",363,"Scss","Under Construction"
"35595",1992-06-01,"Jun 1992","All",622,"Scss","Under Construction"
"35595",1992-07-01,"Jul 1992","Single",175,"Scss","Under Construction"
"35595",1992-07-01,"Jul 1992","Semi-Detached",20,"Scss","Under Construction"
"35595",1992-07-01,"Jul 1992","Row",74,"Scss","Under Construction"
"35595",1992-07-01,"Jul 1992","Apartment",344,"Scss","Under Construction"
"35595",1992-07-01,"Jul 1992","All",613,"Scss","Under Construction"
"35595",1992-08-01,"Aug 1992","Single",185,"Scss","Under Construction"
"35595",1992-08-01,"Aug 1992","Semi-Detached",24,"Scss","Under Construction"
"35595",1992-08-01,"Aug 1992","Row",74,"Scss","Under Construction"
"35595",1992-08-01,"Aug 1992","Apartment",314,"Scss","Under Construction"
"35595",1992-08-01,"Aug 1992","All",597,"Scss","Under Construction"
"35595",1992-09-01,"Sep 1992","Single",186,"Scss","Under Construction"
"35595",1992-09-01,"Sep 1992","Semi-Detached",12,"Scss","Under Construction"
"35595",1992-09-01,"Sep 1992","Row",30,"Scss","Under Construction"
"35595",1992-09-01,"Sep 1992","Apartment",334,"Scss","Under Construction"
"35595",1992-09-01,"Sep 1992","All",562,"Scss","Under Construction"
"35595",1992-10-01,"Oct 1992","Single",183,"Scss","Under Construction"
"35595",1992-10-01,"Oct 1992","Semi-Detached",14,"Scss","Under Construction"
"35595",1992-10-01,"Oct 1992","Row",6,"Scss","Under Construction"
"35595",1992-10-01,"Oct 1992","Apartment",198,"Scss","Under Construction"
"35595",1992-10-01,"Oct 1992","All",401,"Scss","Under Construction"
"35595",1992-11-01,"Nov 1992","Single",175,"Scss","Under Construction"
"35595",1992-11-01,"Nov 1992","Semi-Detached",10,"Scss","Under Construction"
"35595",1992-11-01,"Nov 1992","Row",6,"Scss","Under Construction"
"35595",1992-11-01,"Nov 1992","Apartment",116,"Scss","Under Construction"
"35595",1992-11-01,"Nov 1992","All",307,"Scss","Under Construction"
"35595",1992-12-01,"Dec 1992","Single",167,"Scss","Under Construction"
"35595",1992-12-01,"Dec 1992","Semi-Detached",12,"Scss","Under Construction"
"35595",1992-12-01,"Dec 1992","Row",0,"Scss","Under Construction"
"35595",1992-12-01,"Dec 1992","Apartment",124,"Scss","Under Construction"
"35595",1992-12-01,"Dec 1992","All",303,"Scss","Under Construction"
"35595",1993-01-01,"Jan 1993","Single",128,"Scss","Under Construction"
"35595",1993-01-01,"Jan 1993","Semi-Detached",14,"Scss","Under Construction"
"35595",1993-01-01,"Jan 1993","Row",0,"Scss","Under Construction"
"35595",1993-01-01,"Jan 1993","Apartment",124,"Scss","Under Construction"
"35595",1993-01-01,"Jan 1993","All",266,"Scss","Under Construction"
"35595",1993-02-01,"Feb 1993","Single",115,"Scss","Under Construction"
"35595",1993-02-01,"Feb 1993","Semi-Detached",12,"Scss","Under Construction"
"35595",1993-02-01,"Feb 1993","Row",0,"Scss","Under Construction"
"35595",1993-02-01,"Feb 1993","Apartment",124,"Scss","Under Construction"
"35595",1993-02-01,"Feb 1993","All",251,"Scss","Under Construction"
"35595",1993-03-01,"Mar 1993","Single",101,"Scss","Under Construction"
"35595",1993-03-01,"Mar 1993","Semi-Detached",8,"Scss","Under Construction"
"35595",1993-03-01,"Mar 1993","Row",0,"Scss","Under Construction"
"35595",1993-03-01,"Mar 1993","Apartment",124,"Scss","Under Construction"
"35595",1993-03-01,"Mar 1993","All",233,"Scss","Under Construction"
"35595",1993-04-01,"Apr 1993","Single",96,"Scss","Under Construction"
"35595",1993-04-01,"Apr 1993","Semi-Detached",8,"Scss","Under Construction"
"35595",1993-04-01,"Apr 1993","Row",0,"Scss","Under Construction"
"35595",1993-04-01,"Apr 1993","Apartment",8,"Scss","Under Construction"
"35595",1993-04-01,"Apr 1993","All",112,"Scss","Under Construction"
"35595",1993-05-01,"May 1993","Single",119,"Scss","Under Construction"
"35595",1993-05-01,"May 1993","Semi-Detached",2,"Scss","Under Construction"
"35595",1993-05-01,"May 1993","Row",0,"Scss","Under Construction"
"35595",1993-05-01,"May 1993","Apartment",6,"Scss","Under Construction"
"35595",1993-05-01,"May 1993","All",127,"Scss","Under Construction"
"35595",1993-06-01,"Jun 1993","Single",160,"Scss","Under Construction"
"35595",1993-06-01,"Jun 1993","Semi-Detached",10,"Scss","Under Construction"
"35595",1993-06-01,"Jun 1993","Row",0,"Scss","Under Construction"
"35595",1993-06-01,"Jun 1993","Apartment",14,"Scss","Under Construction"
"35595",1993-06-01,"Jun 1993","All",184,"Scss","Under Construction"
"35595",1993-07-01,"Jul 1993","Single",189,"Scss","Under Construction"
"35595",1993-07-01,"Jul 1993","Semi-Detached",10,"Scss","Under Construction"
"35595",1993-07-01,"Jul 1993","Row",0,"Scss","Under Construction"
"35595",1993-07-01,"Jul 1993","Apartment",117,"Scss","Under Construction"
"35595",1993-07-01,"Jul 1993","All",316,"Scss","Under Construction"
"35595",1993-08-01,"Aug 1993","Single",201,"Scss","Under Construction"
"35595",1993-08-01,"Aug 1993","Semi-Detached",14,"Scss","Under Construction"
"35595",1993-08-01,"Aug 1993","Row",0,"Scss","Under Construction"
"35595",1993-08-01,"Aug 1993","Apartment",117,"Scss","Under Construction"
"35595",1993-08-01,"Aug 1993","All",332,"Scss","Under Construction"
"35595",1993-09-01,"Sep 1993","Single",189,"Scss","Under Construction"
"35595",1993-09-01,"Sep 1993","Semi-Detached",16,"Scss","Under Construction"
"35595",1993-09-01,"Sep 1993","Row",0,"Scss","Under Construction"
"35595",1993-09-01,"Sep 1993","Apartment",171,"Scss","Under Construction"
"35595",1993-09-01,"Sep 1993","All",376,"Scss","Under Construction"
"35595",1993-10-01,"Oct 1993","Single",180,"Scss","Under Construction"
"35595",1993-10-01,"Oct 1993","Semi-Detached",12,"Scss","Under Construction"
"35595",1993-10-01,"Oct 1993","Row",0,"Scss","Under Construction"
"35595",1993-10-01,"Oct 1993","Apartment",191,"Scss","Under Construction"
"35595",1993-10-01,"Oct 1993","All",383,"Scss","Under Construction"
"35595",1993-11-01,"Nov 1993","Single",162,"Scss","Under Construction"
"35595",1993-11-01,"Nov 1993","Semi-Detached",10,"Scss","Under Construction"
"35595",1993-11-01,"Nov 1993","Row",0,"Scss","Under Construction"
"35595",1993-11-01,"Nov 1993","Apartment",191,"Scss","Under Construction"
"35595",1993-11-01,"Nov 1993","All",363,"Scss","Under Construction"
"35595",1993-12-01,"Dec 1993","Single",147,"Scss","Under Construction"
"35595",1993-12-01,"Dec 1993","Semi-Detached",12,"Scss","Under Construction"
"35595",1993-12-01,"Dec 1993","Row",0,"Scss","Under Construction"
"35595",1993-12-01,"Dec 1993","Apartment",191,"Scss","Under Construction"
"35595",1993-12-01,"Dec 1993","All",350,"Scss","Under Construction"
"35595",1994-01-01,"Jan 1994","Single",121,"Scss","Under Construction"
"35595",1994-01-01,"Jan 1994","Semi-Detached",12,"Scss","Under Construction"
"35595",1994-01-01,"Jan 1994","Row",0,"Scss","Under Construction"
"35595",1994-01-01,"Jan 1994","Apartment",191,"Scss","Under Construction"
"35595",1994-01-01,"Jan 1994","All",324,"Scss","Under Construction"
"35595",1994-02-01,"Feb 1994","Single",110,"Scss","Under Construction"
"35595",1994-02-01,"Feb 1994","Semi-Detached",12,"Scss","Under Construction"
"35595",1994-02-01,"Feb 1994","Row",0,"Scss","Under Construction"
"35595",1994-02-01,"Feb 1994","Apartment",191,"Scss","Under Construction"
"35595",1994-02-01,"Feb 1994","All",313,"Scss","Under Construction"
"35595",1994-03-01,"Mar 1994","Single",89,"Scss","Under Construction"
"35595",1994-03-01,"Mar 1994","Semi-Detached",12,"Scss","Under Construction"
"35595",1994-03-01,"Mar 1994","Row",0,"Scss","Under Construction"
"35595",1994-03-01,"Mar 1994","Apartment",191,"Scss","Under Construction"
"35595",1994-03-01,"Mar 1994","All",292,"Scss","Under Construction"
"35595",1994-04-01,"Apr 1994","Single",86,"Scss","Under Construction"
"35595",1994-04-01,"Apr 1994","Semi-Detached",10,"Scss","Under Construction"
"35595",1994-04-01,"Apr 1994","Row",0,"Scss","Under Construction"
"35595",1994-04-01,"Apr 1994","Apartment",160,"Scss","Under Construction"
"35595",1994-04-01,"Apr 1994","All",256,"Scss","Under Construction"
"35595",1994-05-01,"May 1994","Single",92,"Scss","Under Construction"
"35595",1994-05-01,"May 1994","Semi-Detached",14,"Scss","Under Construction"
"35595",1994-05-01,"May 1994","Row",0,"Scss","Under Construction"
"35595",1994-05-01,"May 1994","Apartment",185,"Scss","Under Construction"
"35595",1994-05-01,"May 1994","All",291,"Scss","Under Construction"
"35595",1994-06-01,"Jun 1994","Single",137,"Scss","Under Construction"
"35595",1994-06-01,"Jun 1994","Semi-Detached",14,"Scss","Under Construction"
"35595",1994-06-01,"Jun 1994","Row",0,"Scss","Under Construction"
"35595",1994-06-01,"Jun 1994","Apartment",191,"Scss","Under Construction"
"35595",1994-06-01,"Jun 1994","All",342,"Scss","Under Construction"
"35595",1994-07-01,"Jul 1994","Single",167,"Scss","Under Construction"
"35595",1994-07-01,"Jul 1994","Semi-Detached",14,"Scss","Under Construction"
"35595",1994-07-01,"Jul 1994","Row",0,"Scss","Under Construction"
"35595",1994-07-01,"Jul 1994","Apartment",169,"Scss","Under Construction"
"35595",1994-07-01,"Jul 1994","All",350,"Scss","Under Construction"
"35595",1994-08-01,"Aug 1994","Single",176,"Scss","Under Construction"
"35595",1994-08-01,"Aug 1994","Semi-Detached",18,"Scss","Under Construction"
"35595",1994-08-01,"Aug 1994","Row",0,"Scss","Under Construction"
"35595",1994-08-01,"Aug 1994","Apartment",133,"Scss","Under Construction"
"35595",1994-08-01,"Aug 1994","All",327,"Scss","Under Construction"
"35595",1994-09-01,"Sep 1994","Single",203,"Scss","Under Construction"
"35595",1994-09-01,"Sep 1994","Semi-Detached",20,"Scss","Under Construction"
"35595",1994-09-01,"Sep 1994","Row",0,"Scss","Under Construction"
"35595",1994-09-01,"Sep 1994","Apartment",133,"Scss","Under Construction"
"35595",1994-09-01,"Sep 1994","All",356,"Scss","Under Construction"
"35595",1994-10-01,"Oct 1994","Single",195,"Scss","Under Construction"
"35595",1994-10-01,"Oct 1994","Semi-Detached",22,"Scss","Under Construction"
"35595",1994-10-01,"Oct 1994","Row",0,"Scss","Under Construction"
"35595",1994-10-01,"Oct 1994","Apartment",133,"Scss","Under Construction"
"35595",1994-10-01,"Oct 1994","All",350,"Scss","Under Construction"
"35595",1994-11-01,"Nov 1994","Single",167,"Scss","Under Construction"
"35595",1994-11-01,"Nov 1994","Semi-Detached",20,"Scss","Under Construction"
"35595",1994-11-01,"Nov 1994","Row",0,"Scss","Under Construction"
"35595",1994-11-01,"Nov 1994","Apartment",73,"Scss","Under Construction"
"35595",1994-11-01,"Nov 1994","All",260,"Scss","Under Construction"
"35595",1994-12-01,"Dec 1994","Single",169,"Scss","Under Construction"
"35595",1994-12-01,"Dec 1994","Semi-Detached",18,"Scss","Under Construction"
"35595",1994-12-01,"Dec 1994","Row",0,"Scss","Under Construction"
"35595",1994-12-01,"Dec 1994","Apartment",24,"Scss","Under Construction"
"35595",1994-12-01,"Dec 1994","All",211,"Scss","Under Construction"
"35595",1995-01-01,"Jan 1995","Single",131,"Scss","Under Construction"
"35595",1995-01-01,"Jan 1995","Semi-Detached",12,"Scss","Under Construction"
"35595",1995-01-01,"Jan 1995","Row",0,"Scss","Under Construction"
"35595",1995-01-01,"Jan 1995","Apartment",24,"Scss","Under Construction"
"35595",1995-01-01,"Jan 1995","All",167,"Scss","Under Construction"
"35595",1995-02-01,"Feb 1995","Single",113,"Scss","Under Construction"
"35595",1995-02-01,"Feb 1995","Semi-Detached",12,"Scss","Under Construction"
"35595",1995-02-01,"Feb 1995","Row",0,"Scss","Under Construction"
"35595",1995-02-01,"Feb 1995","Apartment",24,"Scss","Under Construction"
"35595",1995-02-01,"Feb 1995","All",149,"Scss","Under Construction"
"35595",1995-03-01,"Mar 1995","Single",98,"Scss","Under Construction"
"35595",1995-03-01,"Mar 1995","Semi-Detached",10,"Scss","Under Construction"
"35595",1995-03-01,"Mar 1995","Row",0,"Scss","Under Construction"
"35595",1995-03-01,"Mar 1995","Apartment",24,"Scss","Under Construction"
"35595",1995-03-01,"Mar 1995","All",132,"Scss","Under Construction"
"35595",1995-04-01,"Apr 1995","Single",71,"Scss","Under Construction"
"35595",1995-04-01,"Apr 1995","Semi-Detached",8,"Scss","Under Construction"
"35595",1995-04-01,"Apr 1995","Row",0,"Scss","Under Construction"
"35595",1995-04-01,"Apr 1995","Apartment",24,"Scss","Under Construction"
"35595",1995-04-01,"Apr 1995","All",103,"Scss","Under Construction"
"35595",1995-05-01,"May 1995","Single",82,"Scss","Under Construction"
"35595",1995-05-01,"May 1995","Semi-Detached",16,"Scss","Under Construction"
"35595",1995-05-01,"May 1995","Row",0,"Scss","Under Construction"
"35595",1995-05-01,"May 1995","Apartment",24,"Scss","Under Construction"
"35595",1995-05-01,"May 1995","All",122,"Scss","Under Construction"
"35595",1995-06-01,"Jun 1995","Single",106,"Scss","Under Construction"
"35595",1995-06-01,"Jun 1995","Semi-Detached",16,"Scss","Under Construction"
"35595",1995-06-01,"Jun 1995","Row",0,"Scss","Under Construction"
"35595",1995-06-01,"Jun 1995","Apartment",24,"Scss","Under Construction"
"35595",1995-06-01,"Jun 1995","All",146,"Scss","Under Construction"
"35595",1995-07-01,"Jul 1995","Single",118,"Scss","Under Construction"
"35595",1995-07-01,"Jul 1995","Semi-Detached",18,"Scss","Under Construction"
"35595",1995-07-01,"Jul 1995","Row",0,"Scss","Under Construction"
"35595",1995-07-01,"Jul 1995","Apartment",10,"Scss","Under Construction"
"35595",1995-07-01,"Jul 1995","All",146,"Scss","Under Construction"
"35595",1995-08-01,"Aug 1995","Single",135,"Scss","Under Construction"
"35595",1995-08-01,"Aug 1995","Semi-Detached",16,"Scss","Under Construction"
"35595",1995-08-01,"Aug 1995","Row",0,"Scss","Under Construction"
"35595",1995-08-01,"Aug 1995","Apartment",53,"Scss","Under Construction"
"35595",1995-08-01,"Aug 1995","All",204,"Scss","Under Construction"
"35595",1995-09-01,"Sep 1995","Single",147,"Scss","Under Construction"
"35595",1995-09-01,"Sep 1995","Semi-Detached",18,"Scss","Under Construction"
"35595",1995-09-01,"Sep 1995","Row",0,"Scss","Under Construction"
"35595",1995-09-01,"Sep 1995","Apartment",53,"Scss","Under Construction"
"35595",1995-09-01,"Sep 1995","All",218,"Scss","Under Construction"
"35595",1995-10-01,"Oct 1995","Single",152,"Scss","Under Construction"
"35595",1995-10-01,"Oct 1995","Semi-Detached",30,"Scss","Under Construction"
"35595",1995-10-01,"Oct 1995","Row",0,"Scss","Under Construction"
"35595",1995-10-01,"Oct 1995","Apartment",53,"Scss","Under Construction"
"35595",1995-10-01,"Oct 1995","All",235,"Scss","Under Construction"
"35595",1995-11-01,"Nov 1995","Single",135,"Scss","Under Construction"
"35595",1995-11-01,"Nov 1995","Semi-Detached",24,"Scss","Under Construction"
"35595",1995-11-01,"Nov 1995","Row",0,"Scss","Under Construction"
"35595",1995-11-01,"Nov 1995","Apartment",53,"Scss","Under Construction"
"35595",1995-11-01,"Nov 1995","All",212,"Scss","Under Construction"
"35595",1995-12-01,"Dec 1995","Single",118,"Scss","Under Construction"
"35595",1995-12-01,"Dec 1995","Semi-Detached",22,"Scss","Under Construction"
"35595",1995-12-01,"Dec 1995","Row",0,"Scss","Under Construction"
"35595",1995-12-01,"Dec 1995","Apartment",56,"Scss","Under Construction"
"35595",1995-12-01,"Dec 1995","All",196,"Scss","Under Construction"
"35595",1996-01-01,"Jan 1996","Single",101,"Scss","Under Construction"
"35595",1996-01-01,"Jan 1996","Semi-Detached",20,"Scss","Under Construction"
"35595",1996-01-01,"Jan 1996","Row",0,"Scss","Under Construction"
"35595",1996-01-01,"Jan 1996","Apartment",21,"Scss","Under Construction"
"35595",1996-01-01,"Jan 1996","All",142,"Scss","Under Construction"
"35595",1996-02-01,"Feb 1996","Single",88,"Scss","Under Construction"
"35595",1996-02-01,"Feb 1996","Semi-Detached",16,"Scss","Under Construction"
"35595",1996-02-01,"Feb 1996","Row",0,"Scss","Under Construction"
"35595",1996-02-01,"Feb 1996","Apartment",17,"Scss","Under Construction"
"35595",1996-02-01,"Feb 1996","All",121,"Scss","Under Construction"
"35595",1996-03-01,"Mar 1996","Single",71,"Scss","Under Construction"
"35595",1996-03-01,"Mar 1996","Semi-Detached",16,"Scss","Under Construction"
"35595",1996-03-01,"Mar 1996","Row",0,"Scss","Under Construction"
"35595",1996-03-01,"Mar 1996","Apartment",17,"Scss","Under Construction"
"35595",1996-03-01,"Mar 1996","All",104,"Scss","Under Construction"
"35595",1996-04-01,"Apr 1996","Single",66,"Scss","Under Construction"
"35595",1996-04-01,"Apr 1996","Semi-Detached",14,"Scss","Under Construction"
"35595",1996-04-01,"Apr 1996","Row",0,"Scss","Under Construction"
"35595",1996-04-01,"Apr 1996","Apartment",7,"Scss","Under Construction"
"35595",1996-04-01,"Apr 1996","All",87,"Scss","Under Construction"
"35595",1996-05-01,"May 1996","Single",68,"Scss","Under Construction"
"35595",1996-05-01,"May 1996","Semi-Detached",22,"Scss","Under Construction"
"35595",1996-05-01,"May 1996","Row",0,"Scss","Under Construction"
"35595",1996-05-01,"May 1996","Apartment",11,"Scss","Under Construction"
"35595",1996-05-01,"May 1996","All",101,"Scss","Under Construction"
"35595",1996-06-01,"Jun 1996","Single",99,"Scss","Under Construction"
"35595",1996-06-01,"Jun 1996","Semi-Detached",18,"Scss","Under Construction"
"35595",1996-06-01,"Jun 1996","Row",0,"Scss","Under Construction"
"35595",1996-06-01,"Jun 1996","Apartment",19,"Scss","Under Construction"
"35595",1996-06-01,"Jun 1996","All",136,"Scss","Under Construction"
"35595",1996-07-01,"Jul 1996","Single",116,"Scss","Under Construction"
"35595",1996-07-01,"Jul 1996","Semi-Detached",14,"Scss","Under Construction"
"35595",1996-07-01,"Jul 1996","Row",0,"Scss","Under Construction"
"35595",1996-07-01,"Jul 1996","Apartment",19,"Scss","Under Construction"
"35595",1996-07-01,"Jul 1996","All",149,"Scss","Under Construction"
"35595",1996-08-01,"Aug 1996","Single",126,"Scss","Under Construction"
"35595",1996-08-01,"Aug 1996","Semi-Detached",14,"Scss","Under Construction"
"35595",1996-08-01,"Aug 1996","Row",0,"Scss","Under Construction"
"35595",1996-08-01,"Aug 1996","Apartment",55,"Scss","Under Construction"
"35595",1996-08-01,"Aug 1996","All",195,"Scss","Under Construction"
"35595",1996-09-01,"Sep 1996","Single",127,"Scss","Under Construction"
"35595",1996-09-01,"Sep 1996","Semi-Detached",12,"Scss","Under Construction"
"35595",1996-09-01,"Sep 1996","Row",0,"Scss","Under Construction"
"35595",1996-09-01,"Sep 1996","Apartment",76,"Scss","Under Construction"
"35595",1996-09-01,"Sep 1996","All",215,"Scss","Under Construction"
"35595",1996-10-01,"Oct 1996","Single",133,"Scss","Under Construction"
"35595",1996-10-01,"Oct 1996","Semi-Detached",10,"Scss","Under Construction"
"35595",1996-10-01,"Oct 1996","Row",0,"Scss","Under Construction"
"35595",1996-10-01,"Oct 1996","Apartment",92,"Scss","Under Construction"
"35595",1996-10-01,"Oct 1996","All",235,"Scss","Under Construction"
"35595",1996-11-01,"Nov 1996","Single",110,"Scss","Under Construction"
"35595",1996-11-01,"Nov 1996","Semi-Detached",2,"Scss","Under Construction"
"35595",1996-11-01,"Nov 1996","Row",0,"Scss","Under Construction"
"35595",1996-11-01,"Nov 1996","Apartment",100,"Scss","Under Construction"
"35595",1996-11-01,"Nov 1996","All",212,"Scss","Under Construction"
"35595",1996-12-01,"Dec 1996","Single",106,"Scss","Under Construction"
"35595",1996-12-01,"Dec 1996","Semi-Detached",4,"Scss","Under Construction"
"35595",1996-12-01,"Dec 1996","Row",0,"Scss","Under Construction"
"35595",1996-12-01,"Dec 1996","Apartment",108,"Scss","Under Construction"
"35595",1996-12-01,"Dec 1996","All",218,"Scss","Under Construction"
"35595",1997-01-01,"Jan 1997","Single",78,"Scss","Under Construction"
"35595",1997-01-01,"Jan 1997","Semi-Detached",4,"Scss","Under Construction"
"35595",1997-01-01,"Jan 1997","Row",0,"Scss","Under Construction"
"35595",1997-01-01,"Jan 1997","Apartment",104,"Scss","Under Construction"
"35595",1997-01-01,"Jan 1997","All",186,"Scss","Under Construction"
"35595",1997-02-01,"Feb 1997","Single",57,"Scss","Under Construction"
"35595",1997-02-01,"Feb 1997","Semi-Detached",4,"Scss","Under Construction"
"35595",1997-02-01,"Feb 1997","Row",0,"Scss","Under Construction"
"35595",1997-02-01,"Feb 1997","Apartment",100,"Scss","Under Construction"
"35595",1997-02-01,"Feb 1997","All",161,"Scss","Under Construction"
"35595",1997-03-01,"Mar 1997","Single",41,"Scss","Under Construction"
"35595",1997-03-01,"Mar 1997","Semi-Detached",0,"Scss","Under Construction"
"35595",1997-03-01,"Mar 1997","Row",0,"Scss","Under Construction"
"35595",1997-03-01,"Mar 1997","Apartment",100,"Scss","Under Construction"
"35595",1997-03-01,"Mar 1997","All",141,"Scss","Under Construction"
"35595",1997-04-01,"Apr 1997","Single",36,"Scss","Under Construction"
"35595",1997-04-01,"Apr 1997","Semi-Detached",0,"Scss","Under Construction"
"35595",1997-04-01,"Apr 1997","Row",0,"Scss","Under Construction"
"35595",1997-04-01,"Apr 1997","Apartment",92,"Scss","Under Construction"
"35595",1997-04-01,"Apr 1997","All",128,"Scss","Under Construction"
"35595",1997-05-01,"May 1997","Single",55,"Scss","Under Construction"
"35595",1997-05-01,"May 1997","Semi-Detached",2,"Scss","Under Construction"
"35595",1997-05-01,"May 1997","Row",0,"Scss","Under Construction"
"35595",1997-05-01,"May 1997","Apartment",92,"Scss","Under Construction"
"35595",1997-05-01,"May 1997","All",149,"Scss","Under Construction"
"35595",1997-06-01,"Jun 1997","Single",78,"Scss","Under Construction"
"35595",1997-06-01,"Jun 1997","Semi-Detached",6,"Scss","Under Construction"
"35595",1997-06-01,"Jun 1997","Row",0,"Scss","Under Construction"
"35595",1997-06-01,"Jun 1997","Apartment",88,"Scss","Under Construction"
"35595",1997-06-01,"Jun 1997","All",172,"Scss","Under Construction"
"35595",1997-07-01,"Jul 1997","Single",106,"Scss","Under Construction"
"35595",1997-07-01,"Jul 1997","Semi-Detached",6,"Scss","Under Construction"
"35595",1997-07-01,"Jul 1997","Row",12,"Scss","Under Construction"
"35595",1997-07-01,"Jul 1997","Apartment",76,"Scss","Under Construction"
"35595",1997-07-01,"Jul 1997","All",200,"Scss","Under Construction"
"35595",1997-08-01,"Aug 1997","Single",124,"Scss","Under Construction"
"35595",1997-08-01,"Aug 1997","Semi-Detached",6,"Scss","Under Construction"
"35595",1997-08-01,"Aug 1997","Row",12,"Scss","Under Construction"
"35595",1997-08-01,"Aug 1997","Apartment",72,"Scss","Under Construction"
"35595",1997-08-01,"Aug 1997","All",214,"Scss","Under Construction"
"35595",1997-09-01,"Sep 1997","Single",126,"Scss","Under Construction"
"35595",1997-09-01,"Sep 1997","Semi-Detached",8,"Scss","Under Construction"
"35595",1997-09-01,"Sep 1997","Row",12,"Scss","Under Construction"
"35595",1997-09-01,"Sep 1997","Apartment",52,"Scss","Under Construction"
"35595",1997-09-01,"Sep 1997","All",198,"Scss","Under Construction"
"35595",1997-10-01,"Oct 1997","Single",106,"Scss","Under Construction"
"35595",1997-10-01,"Oct 1997","Semi-Detached",8,"Scss","Under Construction"
"35595",1997-10-01,"Oct 1997","Row",12,"Scss","Under Construction"
"35595",1997-10-01,"Oct 1997","Apartment",52,"Scss","Under Construction"
"35595",1997-10-01,"Oct 1997","All",178,"Scss","Under Construction"
"35595",1997-11-01,"Nov 1997","Single",98,"Scss","Under Construction"
"35595",1997-11-01,"Nov 1997","Semi-Detached",8,"Scss","Under Construction"
"35595",1997-11-01,"Nov 1997","Row",12,"Scss","Under Construction"
"35595",1997-11-01,"Nov 1997","Apartment",52,"Scss","Under Construction"
"35595",1997-11-01,"Nov 1997","All",170,"Scss","Under Construction"
"35595",1997-12-01,"Dec 1997","Single",82,"Scss","Under Construction"
"35595",1997-12-01,"Dec 1997","Semi-Detached",8,"Scss","Under Construction"
"35595",1997-12-01,"Dec 1997","Row",8,"Scss","Under Construction"
"35595",1997-12-01,"Dec 1997","Apartment",52,"Scss","Under Construction"
"35595",1997-12-01,"Dec 1997","All",150,"Scss","Under Construction"
"35595",1998-01-01,"Jan 1998","Single",66,"Scss","Under Construction"
"35595",1998-01-01,"Jan 1998","Semi-Detached",2,"Scss","Under Construction"
"35595",1998-01-01,"Jan 1998","Row",0,"Scss","Under Construction"
"35595",1998-01-01,"Jan 1998","Apartment",52,"Scss","Under Construction"
"35595",1998-01-01,"Jan 1998","All",120,"Scss","Under Construction"
"35595",1998-02-01,"Feb 1998","Single",65,"Scss","Under Construction"
"35595",1998-02-01,"Feb 1998","Semi-Detached",2,"Scss","Under Construction"
"35595",1998-02-01,"Feb 1998","Row",0,"Scss","Under Construction"
"35595",1998-02-01,"Feb 1998","Apartment",52,"Scss","Under Construction"
"35595",1998-02-01,"Feb 1998","All",119,"Scss","Under Construction"
"35595",1998-03-01,"Mar 1998","Single",60,"Scss","Under Construction"
"35595",1998-03-01,"Mar 1998","Semi-Detached",0,"Scss","Under Construction"
"35595",1998-03-01,"Mar 1998","Row",0,"Scss","Under Construction"
"35595",1998-03-01,"Mar 1998","Apartment",48,"Scss","Under Construction"
"35595",1998-03-01,"Mar 1998","All",108,"Scss","Under Construction"
"35595",1998-04-01,"Apr 1998","Single",44,"Scss","Under Construction"
"35595",1998-04-01,"Apr 1998","Semi-Detached",0,"Scss","Under Construction"
"35595",1998-04-01,"Apr 1998","Row",0,"Scss","Under Construction"
"35595",1998-04-01,"Apr 1998","Apartment",48,"Scss","Under Construction"
"35595",1998-04-01,"Apr 1998","All",92,"Scss","Under Construction"
"35595",1998-05-01,"May 1998","Single",45,"Scss","Under Construction"
"35595",1998-05-01,"May 1998","Semi-Detached",2,"Scss","Under Construction"
"35595",1998-05-01,"May 1998","Row",0,"Scss","Under Construction"
"35595",1998-05-01,"May 1998","Apartment",48,"Scss","Under Construction"
"35595",1998-05-01,"May 1998","All",95,"Scss","Under Construction"
"35595",1998-06-01,"Jun 1998","Single",70,"Scss","Under Construction"
"35595",1998-06-01,"Jun 1998","Semi-Detached",4,"Scss","Under Construction"
"35595",1998-06-01,"Jun 1998","Row",5,"Scss","Under Construction"
"35595",1998-06-01,"Jun 1998","Apartment",84,"Scss","Under Construction"
"35595",1998-06-01,"Jun 1998","All",163,"Scss","Under Construction"
"35595",1998-07-01,"Jul 1998","Single",76,"Scss","Under Construction"
"35595",1998-07-01,"Jul 1998","Semi-Detached",6,"Scss","Under Construction"
"35595",1998-07-01,"Jul 1998","Row",4,"Scss","Under Construction"
"35595",1998-07-01,"Jul 1998","Apartment",84,"Scss","Under Construction"
"35595",1998-07-01,"Jul 1998","All",170,"Scss","Under Construction"
"35595",1998-08-01,"Aug 1998","Single",79,"Scss","Under Construction"
"35595",1998-08-01,"Aug 1998","Semi-Detached",6,"Scss","Under Construction"
"35595",1998-08-01,"Aug 1998","Row",4,"Scss","Under Construction"
"35595",1998-08-01,"Aug 1998","Apartment",88,"Scss","Under Construction"
"35595",1998-08-01,"Aug 1998","All",177,"Scss","Under Construction"
"35595",1998-09-01,"Sep 1998","Single",80,"Scss","Under Construction"
"35595",1998-09-01,"Sep 1998","Semi-Detached",8,"Scss","Under Construction"
"35595",1998-09-01,"Sep 1998","Row",4,"Scss","Under Construction"
"35595",1998-09-01,"Sep 1998","Apartment",84,"Scss","Under Construction"
"35595",1998-09-01,"Sep 1998","All",176,"Scss","Under Construction"
"35595",1998-10-01,"Oct 1998","Single",81,"Scss","Under Construction"
"35595",1998-10-01,"Oct 1998","Semi-Detached",6,"Scss","Under Construction"
"35595",1998-10-01,"Oct 1998","Row",4,"Scss","Under Construction"
"35595",1998-10-01,"Oct 1998","Apartment",84,"Scss","Under Construction"
"35595",1998-10-01,"Oct 1998","All",175,"Scss","Under Construction"
"35595",1998-11-01,"Nov 1998","Single",74,"Scss","Under Construction"
"35595",1998-11-01,"Nov 1998","Semi-Detached",10,"Scss","Under Construction"
"35595",1998-11-01,"Nov 1998","Row",4,"Scss","Under Construction"
"35595",1998-11-01,"Nov 1998","Apartment",84,"Scss","Under Construction"
"35595",1998-11-01,"Nov 1998","All",172,"Scss","Under Construction"
"35595",1998-12-01,"Dec 1998","Single",60,"Scss","Under Construction"
"35595",1998-12-01,"Dec 1998","Semi-Detached",10,"Scss","Under Construction"
"35595",1998-12-01,"Dec 1998","Row",4,"Scss","Under Construction"
"35595",1998-12-01,"Dec 1998","Apartment",84,"Scss","Under Construction"
"35595",1998-12-01,"Dec 1998","All",158,"Scss","Under Construction"
"35595",1999-01-01,"Jan 1999","Single",51,"Scss","Under Construction"
"35595",1999-01-01,"Jan 1999","Semi-Detached",10,"Scss","Under Construction"
"35595",1999-01-01,"Jan 1999","Row",4,"Scss","Under Construction"
"35595",1999-01-01,"Jan 1999","Apartment",84,"Scss","Under Construction"
"35595",1999-01-01,"Jan 1999","All",149,"Scss","Under Construction"
"35595",1999-02-01,"Feb 1999","Single",45,"Scss","Under Construction"
"35595",1999-02-01,"Feb 1999","Semi-Detached",8,"Scss","Under Construction"
"35595",1999-02-01,"Feb 1999","Row",4,"Scss","Under Construction"
"35595",1999-02-01,"Feb 1999","Apartment",84,"Scss","Under Construction"
"35595",1999-02-01,"Feb 1999","All",141,"Scss","Under Construction"
"35595",1999-03-01,"Mar 1999","Single",31,"Scss","Under Construction"
"35595",1999-03-01,"Mar 1999","Semi-Detached",6,"Scss","Under Construction"
"35595",1999-03-01,"Mar 1999","Row",5,"Scss","Under Construction"
"35595",1999-03-01,"Mar 1999","Apartment",120,"Scss","Under Construction"
"35595",1999-03-01,"Mar 1999","All",162,"Scss","Under Construction"
"35595",1999-04-01,"Apr 1999","Single",38,"Scss","Under Construction"
"35595",1999-04-01,"Apr 1999","Semi-Detached",6,"Scss","Under Construction"
"35595",1999-04-01,"Apr 1999","Row",5,"Scss","Under Construction"
"35595",1999-04-01,"Apr 1999","Apartment",120,"Scss","Under Construction"
"35595",1999-04-01,"Apr 1999","All",169,"Scss","Under Construction"
"35595",1999-05-01,"May 1999","Single",46,"Scss","Under Construction"
"35595",1999-05-01,"May 1999","Semi-Detached",0,"Scss","Under Construction"
"35595",1999-05-01,"May 1999","Row",0,"Scss","Under Construction"
"35595",1999-05-01,"May 1999","Apartment",36,"Scss","Under Construction"
"35595",1999-05-01,"May 1999","All",82,"Scss","Under Construction"
"35595",1999-06-01,"Jun 1999","Single",51,"Scss","Under Construction"
"35595",1999-06-01,"Jun 1999","Semi-Detached",2,"Scss","Under Construction"
"35595",1999-06-01,"Jun 1999","Row",0,"Scss","Under Construction"
"35595",1999-06-01,"Jun 1999","Apartment",36,"Scss","Under Construction"
"35595",1999-06-01,"Jun 1999","All",89,"Scss","Under Construction"
"35595",1999-07-01,"Jul 1999","Single",80,"Scss","Under Construction"
"35595",1999-07-01,"Jul 1999","Semi-Detached",2,"Scss","Under Construction"
"35595",1999-07-01,"Jul 1999","Row",0,"Scss","Under Construction"
"35595",1999-07-01,"Jul 1999","Apartment",36,"Scss","Under Construction"
"35595",1999-07-01,"Jul 1999","All",118,"Scss","Under Construction"
"35595",1999-08-01,"Aug 1999","Single",86,"Scss","Under Construction"
"35595",1999-08-01,"Aug 1999","Semi-Detached",2,"Scss","Under Construction"
"35595",1999-08-01,"Aug 1999","Row",0,"Scss","Under Construction"
"35595",1999-08-01,"Aug 1999","Apartment",36,"Scss","Under Construction"
"35595",1999-08-01,"Aug 1999","All",124,"Scss","Under Construction"
"35595",1999-09-01,"Sep 1999","Single",70,"Scss","Under Construction"
"35595",1999-09-01,"Sep 1999","Semi-Detached",4,"Scss","Under Construction"
"35595",1999-09-01,"Sep 1999","Row",0,"Scss","Under Construction"
"35595",1999-09-01,"Sep 1999","Apartment",36,"Scss","Under Construction"
"35595",1999-09-01,"Sep 1999","All",110,"Scss","Under Construction"
"35595",1999-10-01,"Oct 1999","Single",60,"Scss","Under Construction"
"35595",1999-10-01,"Oct 1999","Semi-Detached",2,"Scss","Under Construction"
"35595",1999-10-01,"Oct 1999","Row",0,"Scss","Under Construction"
"35595",1999-10-01,"Oct 1999","Apartment",36,"Scss","Under Construction"
"35595",1999-10-01,"Oct 1999","All",98,"Scss","Under Construction"
"35595",1999-11-01,"Nov 1999","Single",64,"Scss","Under Construction"
"35595",1999-11-01,"Nov 1999","Semi-Detached",2,"Scss","Under Construction"
"35595",1999-11-01,"Nov 1999","Row",0,"Scss","Under Construction"
"35595",1999-11-01,"Nov 1999","Apartment",36,"Scss","Under Construction"
"35595",1999-11-01,"Nov 1999","All",102,"Scss","Under Construction"
"35595",1999-12-01,"Dec 1999","Single",72,"Scss","Under Construction"
"35595",1999-12-01,"Dec 1999","Semi-Detached",0,"Scss","Under Construction"
"35595",1999-12-01,"Dec 1999","Row",0,"Scss","Under Construction"
"35595",1999-12-01,"Dec 1999","Apartment",36,"Scss","Under Construction"
"35595",1999-12-01,"Dec 1999","All",108,"Scss","Under Construction"
"35595",2000-01-01,"Jan 2000","Single",71,"Scss","Under Construction"
"35595",2000-01-01,"Jan 2000","Semi-Detached",0,"Scss","Under Construction"
"35595",2000-01-01,"Jan 2000","Row",0,"Scss","Under Construction"
"35595",2000-01-01,"Jan 2000","Apartment",36,"Scss","Under Construction"
"35595",2000-01-01,"Jan 2000","All",107,"Scss","Under Construction"
"35595",2000-02-01,"Feb 2000","Single",58,"Scss","Under Construction"
"35595",2000-02-01,"Feb 2000","Semi-Detached",0,"Scss","Under Construction"
"35595",2000-02-01,"Feb 2000","Row",0,"Scss","Under Construction"
"35595",2000-02-01,"Feb 2000","Apartment",30,"Scss","Under Construction"
"35595",2000-02-01,"Feb 2000","All",88,"Scss","Under Construction"
"35595",2000-03-01,"Mar 2000","Single",42,"Scss","Under Construction"
"35595",2000-03-01,"Mar 2000","Semi-Detached",0,"Scss","Under Construction"
"35595",2000-03-01,"Mar 2000","Row",0,"Scss","Under Construction"
"35595",2000-03-01,"Mar 2000","Apartment",30,"Scss","Under Construction"
"35595",2000-03-01,"Mar 2000","All",72,"Scss","Under Construction"
"35595",2000-04-01,"Apr 2000","Single",33,"Scss","Under Construction"
"35595",2000-04-01,"Apr 2000","Semi-Detached",0,"Scss","Under Construction"
"35595",2000-04-01,"Apr 2000","Row",0,"Scss","Under Construction"
"35595",2000-04-01,"Apr 2000","Apartment",30,"Scss","Under Construction"
"35595",2000-04-01,"Apr 2000","All",63,"Scss","Under Construction"
"35595",2000-05-01,"May 2000","Single",48,"Scss","Under Construction"
"35595",2000-05-01,"May 2000","Semi-Detached",0,"Scss","Under Construction"
"35595",2000-05-01,"May 2000","Row",0,"Scss","Under Construction"
"35595",2000-05-01,"May 2000","Apartment",30,"Scss","Under Construction"
"35595",2000-05-01,"May 2000","All",78,"Scss","Under Construction"
"35595",2000-06-01,"Jun 2000","Single",54,"Scss","Under Construction"
"35595",2000-06-01,"Jun 2000","Semi-Detached",0,"Scss","Under Construction"
"35595",2000-06-01,"Jun 2000","Row",5,"Scss","Under Construction"
"35595",2000-06-01,"Jun 2000","Apartment",30,"Scss","Under Construction"
"35595",2000-06-01,"Jun 2000","All",89,"Scss","Under Construction"
"35595",2000-07-01,"Jul 2000","Single",73,"Scss","Under Construction"
"35595",2000-07-01,"Jul 2000","Semi-Detached",2,"Scss","Under Construction"
"35595",2000-07-01,"Jul 2000","Row",5,"Scss","Under Construction"
"35595",2000-07-01,"Jul 2000","Apartment",30,"Scss","Under Construction"
"35595",2000-07-01,"Jul 2000","All",110,"Scss","Under Construction"
"35595",2000-08-01,"Aug 2000","Single",81,"Scss","Under Construction"
"35595",2000-08-01,"Aug 2000","Semi-Detached",4,"Scss","Under Construction"
"35595",2000-08-01,"Aug 2000","Row",5,"Scss","Under Construction"
"35595",2000-08-01,"Aug 2000","Apartment",30,"Scss","Under Construction"
"35595",2000-08-01,"Aug 2000","All",120,"Scss","Under Construction"
"35595",2000-09-01,"Sep 2000","Single",88,"Scss","Under Construction"
"35595",2000-09-01,"Sep 2000","Semi-Detached",4,"Scss","Under Construction"
"35595",2000-09-01,"Sep 2000","Row",5,"Scss","Under Construction"
"35595",2000-09-01,"Sep 2000","Apartment",0,"Scss","Under Construction"
"35595",2000-09-01,"Sep 2000","All",97,"Scss","Under Construction"
"35595",2000-10-01,"Oct 2000","Single",70,"Scss","Under Construction"
"35595",2000-10-01,"Oct 2000","Semi-Detached",2,"Scss","Under Construction"
"35595",2000-10-01,"Oct 2000","Row",5,"Scss","Under Construction"
"35595",2000-10-01,"Oct 2000","Apartment",0,"Scss","Under Construction"
"35595",2000-10-01,"Oct 2000","All",77,"Scss","Under Construction"
"35595",2000-11-01,"Nov 2000","Single",70,"Scss","Under Construction"
"35595",2000-11-01,"Nov 2000","Semi-Detached",2,"Scss","Under Construction"
"35595",2000-11-01,"Nov 2000","Row",5,"Scss","Under Construction"
"35595",2000-11-01,"Nov 2000","Apartment",0,"Scss","Under Construction"
"35595",2000-11-01,"Nov 2000","All",77,"Scss","Under Construction"
"35595",2000-12-01,"Dec 2000","Single",42,"Scss","Under Construction"
"35595",2000-12-01,"Dec 2000","Semi-Detached",2,"Scss","Under Construction"
"35595",2000-12-01,"Dec 2000","Row",5,"Scss","Under Construction"
"35595",2000-12-01,"Dec 2000","Apartment",0,"Scss","Under Construction"
"35595",2000-12-01,"Dec 2000","All",49,"Scss","Under Construction"
"35595",2001-01-01,"Jan 2001","Single",36,"Scss","Under Construction"
"35595",2001-01-01,"Jan 2001","Semi-Detached",2,"Scss","Under Construction"
"35595",2001-01-01,"Jan 2001","Row",4,"Scss","Under Construction"
"35595",2001-01-01,"Jan 2001","Apartment",0,"Scss","Under Construction"
"35595",2001-01-01,"Jan 2001","All",42,"Scss","Under Construction"
"35595",2001-02-01,"Feb 2001","Single",32,"Scss","Under Construction"
"35595",2001-02-01,"Feb 2001","Semi-Detached",2,"Scss","Under Construction"
"35595",2001-02-01,"Feb 2001","Row",4,"Scss","Under Construction"
"35595",2001-02-01,"Feb 2001","Apartment",0,"Scss","Under Construction"
"35595",2001-02-01,"Feb 2001","All",38,"Scss","Under Construction"
"35595",2001-03-01,"Mar 2001","Single",30,"Scss","Under Construction"
"35595",2001-03-01,"Mar 2001","Semi-Detached",2,"Scss","Under Construction"
"35595",2001-03-01,"Mar 2001","Row",4,"Scss","Under Construction"
"35595",2001-03-01,"Mar 2001","Apartment",0,"Scss","Under Construction"
"35595",2001-03-01,"Mar 2001","All",36,"Scss","Under Construction"
"35595",2001-04-01,"Apr 2001","Single",29,"Scss","Under Construction"
"35595",2001-04-01,"Apr 2001","Semi-Detached",2,"Scss","Under Construction"
"35595",2001-04-01,"Apr 2001","Row",4,"Scss","Under Construction"
"35595",2001-04-01,"Apr 2001","Apartment",0,"Scss","Under Construction"
"35595",2001-04-01,"Apr 2001","All",35,"Scss","Under Construction"
"35595",2001-05-01,"May 2001","Single",43,"Scss","Under Construction"
"35595",2001-05-01,"May 2001","Semi-Detached",4,"Scss","Under Construction"
"35595",2001-05-01,"May 2001","Row",4,"Scss","Under Construction"
"35595",2001-05-01,"May 2001","Apartment",0,"Scss","Under Construction"
"35595",2001-05-01,"May 2001","All",51,"Scss","Under Construction"
"35595",2001-06-01,"Jun 2001","Single",62,"Scss","Under Construction"
"35595",2001-06-01,"Jun 2001","Semi-Detached",4,"Scss","Under Construction"
"35595",2001-06-01,"Jun 2001","Row",4,"Scss","Under Construction"
"35595",2001-06-01,"Jun 2001","Apartment",0,"Scss","Under Construction"
"35595",2001-06-01,"Jun 2001","All",70,"Scss","Under Construction"
"35595",2001-07-01,"Jul 2001","Single",77,"Scss","Under Construction"
"35595",2001-07-01,"Jul 2001","Semi-Detached",4,"Scss","Under Construction"
"35595",2001-07-01,"Jul 2001","Row",4,"Scss","Under Construction"
"35595",2001-07-01,"Jul 2001","Apartment",0,"Scss","Under Construction"
"35595",2001-07-01,"Jul 2001","All",85,"Scss","Under Construction"
"35595",2001-08-01,"Aug 2001","Single",84,"Scss","Under Construction"
"35595",2001-08-01,"Aug 2001","Semi-Detached",4,"Scss","Under Construction"
"35595",2001-08-01,"Aug 2001","Row",4,"Scss","Under Construction"
"35595",2001-08-01,"Aug 2001","Apartment",0,"Scss","Under Construction"
"35595",2001-08-01,"Aug 2001","All",92,"Scss","Under Construction"
"35595",2001-09-01,"Sep 2001","Single",94,"Scss","Under Construction"
"35595",2001-09-01,"Sep 2001","Semi-Detached",4,"Scss","Under Construction"
"35595",2001-09-01,"Sep 2001","Row",0,"Scss","Under Construction"
"35595",2001-09-01,"Sep 2001","Apartment",4,"Scss","Under Construction"
"35595",2001-09-01,"Sep 2001","All",102,"Scss","Under Construction"
"35595",2001-10-01,"Oct 2001","Single",86,"Scss","Under Construction"
"35595",2001-10-01,"Oct 2001","Semi-Detached",0,"Scss","Under Construction"
"35595",2001-10-01,"Oct 2001","Row",0,"Scss","Under Construction"
"35595",2001-10-01,"Oct 2001","Apartment",42,"Scss","Under Construction"
"35595",2001-10-01,"Oct 2001","All",128,"Scss","Under Construction"
"35595",2001-11-01,"Nov 2001","Single",78,"Scss","Under Construction"
"35595",2001-11-01,"Nov 2001","Semi-Detached",0,"Scss","Under Construction"
"35595",2001-11-01,"Nov 2001","Row",0,"Scss","Under Construction"
"35595",2001-11-01,"Nov 2001","Apartment",42,"Scss","Under Construction"
"35595",2001-11-01,"Nov 2001","All",120,"Scss","Under Construction"
"35595",2001-12-01,"Dec 2001","Single",77,"Scss","Under Construction"
"35595",2001-12-01,"Dec 2001","Semi-Detached",2,"Scss","Under Construction"
"35595",2001-12-01,"Dec 2001","Row",0,"Scss","Under Construction"
"35595",2001-12-01,"Dec 2001","Apartment",42,"Scss","Under Construction"
"35595",2001-12-01,"Dec 2001","All",121,"Scss","Under Construction"
"35595",2002-01-01,"Jan 2002","Single",72,"Scss","Under Construction"
"35595",2002-01-01,"Jan 2002","Semi-Detached",2,"Scss","Under Construction"
"35595",2002-01-01,"Jan 2002","Row",0,"Scss","Under Construction"
"35595",2002-01-01,"Jan 2002","Apartment",42,"Scss","Under Construction"
"35595",2002-01-01,"Jan 2002","All",116,"Scss","Under Construction"
"35595",2002-02-01,"Feb 2002","Single",59,"Scss","Under Construction"
"35595",2002-02-01,"Feb 2002","Semi-Detached",2,"Scss","Under Construction"
"35595",2002-02-01,"Feb 2002","Row",0,"Scss","Under Construction"
"35595",2002-02-01,"Feb 2002","Apartment",42,"Scss","Under Construction"
"35595",2002-02-01,"Feb 2002","All",103,"Scss","Under Construction"
"35595",2002-03-01,"Mar 2002","Single",51,"Scss","Under Construction"
"35595",2002-03-01,"Mar 2002","Semi-Detached",2,"Scss","Under Construction"
"35595",2002-03-01,"Mar 2002","Row",0,"Scss","Under Construction"
"35595",2002-03-01,"Mar 2002","Apartment",42,"Scss","Under Construction"
"35595",2002-03-01,"Mar 2002","All",95,"Scss","Under Construction"
"35595",2002-04-01,"Apr 2002","Single",51,"Scss","Under Construction"
"35595",2002-04-01,"Apr 2002","Semi-Detached",2,"Scss","Under Construction"
"35595",2002-04-01,"Apr 2002","Row",0,"Scss","Under Construction"
"35595",2002-04-01,"Apr 2002","Apartment",42,"Scss","Under Construction"
"35595",2002-04-01,"Apr 2002","All",95,"Scss","Under Construction"
"35595",2002-05-01,"May 2002","Single",56,"Scss","Under Construction"
"35595",2002-05-01,"May 2002","Semi-Detached",0,"Scss","Under Construction"
"35595",2002-05-01,"May 2002","Row",0,"Scss","Under Construction"
"35595",2002-05-01,"May 2002","Apartment",42,"Scss","Under Construction"
"35595",2002-05-01,"May 2002","All",98,"Scss","Under Construction"
"35595",2002-06-01,"Jun 2002","Single",74,"Scss","Under Construction"
"35595",2002-06-01,"Jun 2002","Semi-Detached",2,"Scss","Under Construction"
"35595",2002-06-01,"Jun 2002","Row",0,"Scss","Under Construction"
"35595",2002-06-01,"Jun 2002","Apartment",42,"Scss","Under Construction"
"35595",2002-06-01,"Jun 2002","All",118,"Scss","Under Construction"
"35595",2002-07-01,"Jul 2002","Single",82,"Scss","Under Construction"
"35595",2002-07-01,"Jul 2002","Semi-Detached",2,"Scss","Under Construction"
"35595",2002-07-01,"Jul 2002","Row",0,"Scss","Under Construction"
"35595",2002-07-01,"Jul 2002","Apartment",42,"Scss","Under Construction"
"35595",2002-07-01,"Jul 2002","All",126,"Scss","Under Construction"
"35595",2002-08-01,"Aug 2002","Single",89,"Scss","Under Construction"
"35595",2002-08-01,"Aug 2002","Semi-Detached",2,"Scss","Under Construction"
"35595",2002-08-01,"Aug 2002","Row",0,"Scss","Under Construction"
"35595",2002-08-01,"Aug 2002","Apartment",42,"Scss","Under Construction"
"35595",2002-08-01,"Aug 2002","All",133,"Scss","Under Construction"
"35595",2002-09-01,"Sep 2002","Single",101,"Scss","Under Construction"
"35595",2002-09-01,"Sep 2002","Semi-Detached",0,"Scss","Under Construction"
"35595",2002-09-01,"Sep 2002","Row",0,"Scss","Under Construction"
"35595",2002-09-01,"Sep 2002","Apartment",42,"Scss","Under Construction"
"35595",2002-09-01,"Sep 2002","All",143,"Scss","Under Construction"
"35595",2002-10-01,"Oct 2002","Single",101,"Scss","Under Construction"
"35595",2002-10-01,"Oct 2002","Semi-Detached",2,"Scss","Under Construction"
"35595",2002-10-01,"Oct 2002","Row",0,"Scss","Under Construction"
"35595",2002-10-01,"Oct 2002","Apartment",42,"Scss","Under Construction"
"35595",2002-10-01,"Oct 2002","All",145,"Scss","Under Construction"
"35595",2002-11-01,"Nov 2002","Single",109,"Scss","Under Construction"
"35595",2002-11-01,"Nov 2002","Semi-Detached",2,"Scss","Under Construction"
"35595",2002-11-01,"Nov 2002","Row",0,"Scss","Under Construction"
"35595",2002-11-01,"Nov 2002","Apartment",42,"Scss","Under Construction"
"35595",2002-11-01,"Nov 2002","All",153,"Scss","Under Construction"
"35595",2002-12-01,"Dec 2002","Single",102,"Scss","Under Construction"
"35595",2002-12-01,"Dec 2002","Semi-Detached",2,"Scss","Under Construction"
"35595",2002-12-01,"Dec 2002","Row",0,"Scss","Under Construction"
"35595",2002-12-01,"Dec 2002","Apartment",44,"Scss","Under Construction"
"35595",2002-12-01,"Dec 2002","All",148,"Scss","Under Construction"
"35595",2003-01-01,"Jan 2003","Single",98,"Scss","Under Construction"
"35595",2003-01-01,"Jan 2003","Semi-Detached",4,"Scss","Under Construction"
"35595",2003-01-01,"Jan 2003","Row",0,"Scss","Under Construction"
"35595",2003-01-01,"Jan 2003","Apartment",44,"Scss","Under Construction"
"35595",2003-01-01,"Jan 2003","All",146,"Scss","Under Construction"
"35595",2003-02-01,"Feb 2003","Single",97,"Scss","Under Construction"
"35595",2003-02-01,"Feb 2003","Semi-Detached",4,"Scss","Under Construction"
"35595",2003-02-01,"Feb 2003","Row",0,"Scss","Under Construction"
"35595",2003-02-01,"Feb 2003","Apartment",38,"Scss","Under Construction"
"35595",2003-02-01,"Feb 2003","All",139,"Scss","Under Construction"
"35595",2003-03-01,"Mar 2003","Single",77,"Scss","Under Construction"
"35595",2003-03-01,"Mar 2003","Semi-Detached",4,"Scss","Under Construction"
"35595",2003-03-01,"Mar 2003","Row",0,"Scss","Under Construction"
"35595",2003-03-01,"Mar 2003","Apartment",38,"Scss","Under Construction"
"35595",2003-03-01,"Mar 2003","All",119,"Scss","Under Construction"
"35595",2003-04-01,"Apr 2003","Single",71,"Scss","Under Construction"
"35595",2003-04-01,"Apr 2003","Semi-Detached",2,"Scss","Under Construction"
"35595",2003-04-01,"Apr 2003","Row",0,"Scss","Under Construction"
"35595",2003-04-01,"Apr 2003","Apartment",38,"Scss","Under Construction"
"35595",2003-04-01,"Apr 2003","All",111,"Scss","Under Construction"
"35595",2003-05-01,"May 2003","Single",90,"Scss","Under Construction"
"35595",2003-05-01,"May 2003","Semi-Detached",2,"Scss","Under Construction"
"35595",2003-05-01,"May 2003","Row",0,"Scss","Under Construction"
"35595",2003-05-01,"May 2003","Apartment",38,"Scss","Under Construction"
"35595",2003-05-01,"May 2003","All",130,"Scss","Under Construction"
"35595",2003-06-01,"Jun 2003","Single",93,"Scss","Under Construction"
"35595",2003-06-01,"Jun 2003","Semi-Detached",2,"Scss","Under Construction"
"35595",2003-06-01,"Jun 2003","Row",0,"Scss","Under Construction"
"35595",2003-06-01,"Jun 2003","Apartment",38,"Scss","Under Construction"
"35595",2003-06-01,"Jun 2003","All",133,"Scss","Under Construction"
"35595",2003-07-01,"Jul 2003","Single",118,"Scss","Under Construction"
"35595",2003-07-01,"Jul 2003","Semi-Detached",8,"Scss","Under Construction"
"35595",2003-07-01,"Jul 2003","Row",0,"Scss","Under Construction"
"35595",2003-07-01,"Jul 2003","Apartment",38,"Scss","Under Construction"
"35595",2003-07-01,"Jul 2003","All",164,"Scss","Under Construction"
"35595",2003-08-01,"Aug 2003","Single",128,"Scss","Under Construction"
"35595",2003-08-01,"Aug 2003","Semi-Detached",6,"Scss","Under Construction"
"35595",2003-08-01,"Aug 2003","Row",0,"Scss","Under Construction"
"35595",2003-08-01,"Aug 2003","Apartment",38,"Scss","Under Construction"
"35595",2003-08-01,"Aug 2003","All",172,"Scss","Under Construction"
"35595",2003-09-01,"Sep 2003","Single",130,"Scss","Under Construction"
"35595",2003-09-01,"Sep 2003","Semi-Detached",6,"Scss","Under Construction"
"35595",2003-09-01,"Sep 2003","Row",0,"Scss","Under Construction"
"35595",2003-09-01,"Sep 2003","Apartment",38,"Scss","Under Construction"
"35595",2003-09-01,"Sep 2003","All",174,"Scss","Under Construction"
"35595",2003-10-01,"Oct 2003","Single",140,"Scss","Under Construction"
"35595",2003-10-01,"Oct 2003","Semi-Detached",4,"Scss","Under Construction"
"35595",2003-10-01,"Oct 2003","Row",0,"Scss","Under Construction"
"35595",2003-10-01,"Oct 2003","Apartment",38,"Scss","Under Construction"
"35595",2003-10-01,"Oct 2003","All",182,"Scss","Under Construction"
"35595",2003-11-01,"Nov 2003","Single",120,"Scss","Under Construction"
"35595",2003-11-01,"Nov 2003","Semi-Detached",0,"Scss","Under Construction"
"35595",2003-11-01,"Nov 2003","Row",0,"Scss","Under Construction"
"35595",2003-11-01,"Nov 2003","Apartment",38,"Scss","Under Construction"
"35595",2003-11-01,"Nov 2003","All",158,"Scss","Under Construction"
"35595",2003-12-01,"Dec 2003","Single",100,"Scss","Under Construction"
"35595",2003-12-01,"Dec 2003","Semi-Detached",2,"Scss","Under Construction"
"35595",2003-12-01,"Dec 2003","Row",0,"Scss","Under Construction"
"35595",2003-12-01,"Dec 2003","Apartment",0,"Scss","Under Construction"
"35595",2003-12-01,"Dec 2003","All",102,"Scss","Under Construction"
"35595",2004-01-01,"Jan 2004","Single",92,"Scss","Under Construction"
"35595",2004-01-01,"Jan 2004","Semi-Detached",2,"Scss","Under Construction"
"35595",2004-01-01,"Jan 2004","Row",0,"Scss","Under Construction"
"35595",2004-01-01,"Jan 2004","Apartment",0,"Scss","Under Construction"
"35595",2004-01-01,"Jan 2004","All",94,"Scss","Under Construction"
"35595",2004-02-01,"Feb 2004","Single",87,"Scss","Under Construction"
"35595",2004-02-01,"Feb 2004","Semi-Detached",2,"Scss","Under Construction"
"35595",2004-02-01,"Feb 2004","Row",0,"Scss","Under Construction"
"35595",2004-02-01,"Feb 2004","Apartment",0,"Scss","Under Construction"
"35595",2004-02-01,"Feb 2004","All",89,"Scss","Under Construction"
"35595",2004-03-01,"Mar 2004","Single",66,"Scss","Under Construction"
"35595",2004-03-01,"Mar 2004","Semi-Detached",2,"Scss","Under Construction"
"35595",2004-03-01,"Mar 2004","Row",0,"Scss","Under Construction"
"35595",2004-03-01,"Mar 2004","Apartment",0,"Scss","Under Construction"
"35595",2004-03-01,"Mar 2004","All",68,"Scss","Under Construction"
"35595",2004-04-01,"Apr 2004","Single",54,"Scss","Under Construction"
"35595",2004-04-01,"Apr 2004","Semi-Detached",4,"Scss","Under Construction"
"35595",2004-04-01,"Apr 2004","Row",0,"Scss","Under Construction"
"35595",2004-04-01,"Apr 2004","Apartment",0,"Scss","Under Construction"
"35595",2004-04-01,"Apr 2004","All",58,"Scss","Under Construction"
"35595",2004-05-01,"May 2004","Single",62,"Scss","Under Construction"
"35595",2004-05-01,"May 2004","Semi-Detached",2,"Scss","Under Construction"
"35595",2004-05-01,"May 2004","Row",0,"Scss","Under Construction"
"35595",2004-05-01,"May 2004","Apartment",0,"Scss","Under Construction"
"35595",2004-05-01,"May 2004","All",64,"Scss","Under Construction"
"35595",2004-06-01,"Jun 2004","Single",94,"Scss","Under Construction"
"35595",2004-06-01,"Jun 2004","Semi-Detached",6,"Scss","Under Construction"
"35595",2004-06-01,"Jun 2004","Row",0,"Scss","Under Construction"
"35595",2004-06-01,"Jun 2004","Apartment",0,"Scss","Under Construction"
"35595",2004-06-01,"Jun 2004","All",100,"Scss","Under Construction"
"35595",2004-07-01,"Jul 2004","Single",119,"Scss","Under Construction"
"35595",2004-07-01,"Jul 2004","Semi-Detached",4,"Scss","Under Construction"
"35595",2004-07-01,"Jul 2004","Row",0,"Scss","Under Construction"
"35595",2004-07-01,"Jul 2004","Apartment",0,"Scss","Under Construction"
"35595",2004-07-01,"Jul 2004","All",123,"Scss","Under Construction"
"35595",2004-08-01,"Aug 2004","Single",142,"Scss","Under Construction"
"35595",2004-08-01,"Aug 2004","Semi-Detached",4,"Scss","Under Construction"
"35595",2004-08-01,"Aug 2004","Row",0,"Scss","Under Construction"
"35595",2004-08-01,"Aug 2004","Apartment",0,"Scss","Under Construction"
"35595",2004-08-01,"Aug 2004","All",146,"Scss","Under Construction"
"35595",2004-09-01,"Sep 2004","Single",141,"Scss","Under Construction"
"35595",2004-09-01,"Sep 2004","Semi-Detached",4,"Scss","Under Construction"
"35595",2004-09-01,"Sep 2004","Row",0,"Scss","Under Construction"
"35595",2004-09-01,"Sep 2004","Apartment",0,"Scss","Under Construction"
"35595",2004-09-01,"Sep 2004","All",145,"Scss","Under Construction"
"35595",2004-10-01,"Oct 2004","Single",145,"Scss","Under Construction"
"35595",2004-10-01,"Oct 2004","Semi-Detached",4,"Scss","Under Construction"
"35595",2004-10-01,"Oct 2004","Row",0,"Scss","Under Construction"
"35595",2004-10-01,"Oct 2004","Apartment",0,"Scss","Under Construction"
"35595",2004-10-01,"Oct 2004","All",149,"Scss","Under Construction"
"35595",2004-11-01,"Nov 2004","Single",120,"Scss","Under Construction"
"35595",2004-11-01,"Nov 2004","Semi-Detached",4,"Scss","Under Construction"
"35595",2004-11-01,"Nov 2004","Row",5,"Scss","Under Construction"
"35595",2004-11-01,"Nov 2004","Apartment",31,"Scss","Under Construction"
"35595",2004-11-01,"Nov 2004","All",160,"Scss","Under Construction"
"35595",2004-12-01,"Dec 2004","Single",121,"Scss","Under Construction"
"35595",2004-12-01,"Dec 2004","Semi-Detached",6,"Scss","Under Construction"
"35595",2004-12-01,"Dec 2004","Row",5,"Scss","Under Construction"
"35595",2004-12-01,"Dec 2004","Apartment",31,"Scss","Under Construction"
"35595",2004-12-01,"Dec 2004","All",163,"Scss","Under Construction"
"35595",2005-01-01,"Jan 2005","Single",106,"Scss","Under Construction"
"35595",2005-01-01,"Jan 2005","Semi-Detached",6,"Scss","Under Construction"
"35595",2005-01-01,"Jan 2005","Row",5,"Scss","Under Construction"
"35595",2005-01-01,"Jan 2005","Apartment",31,"Scss","Under Construction"
"35595",2005-01-01,"Jan 2005","All",148,"Scss","Under Construction"
"35595",2005-02-01,"Feb 2005","Single",78,"Scss","Under Construction"
"35595",2005-02-01,"Feb 2005","Semi-Detached",6,"Scss","Under Construction"
"35595",2005-02-01,"Feb 2005","Row",5,"Scss","Under Construction"
"35595",2005-02-01,"Feb 2005","Apartment",45,"Scss","Under Construction"
"35595",2005-02-01,"Feb 2005","All",134,"Scss","Under Construction"
"35595",2005-03-01,"Mar 2005","Single",68,"Scss","Under Construction"
"35595",2005-03-01,"Mar 2005","Semi-Detached",4,"Scss","Under Construction"
"35595",2005-03-01,"Mar 2005","Row",5,"Scss","Under Construction"
"35595",2005-03-01,"Mar 2005","Apartment",45,"Scss","Under Construction"
"35595",2005-03-01,"Mar 2005","All",122,"Scss","Under Construction"
"35595",2005-04-01,"Apr 2005","Single",61,"Scss","Under Construction"
"35595",2005-04-01,"Apr 2005","Semi-Detached",2,"Scss","Under Construction"
"35595",2005-04-01,"Apr 2005","Row",5,"Scss","Under Construction"
"35595",2005-04-01,"Apr 2005","Apartment",45,"Scss","Under Construction"
"35595",2005-04-01,"Apr 2005","All",113,"Scss","Under Construction"
"35595",2005-05-01,"May 2005","Single",71,"Scss","Under Construction"
"35595",2005-05-01,"May 2005","Semi-Detached",2,"Scss","Under Construction"
"35595",2005-05-01,"May 2005","Row",5,"Scss","Under Construction"
"35595",2005-05-01,"May 2005","Apartment",45,"Scss","Under Construction"
"35595",2005-05-01,"May 2005","All",123,"Scss","Under Construction"
"35595",2005-06-01,"Jun 2005","Single",90,"Scss","Under Construction"
"35595",2005-06-01,"Jun 2005","Semi-Detached",4,"Scss","Under Construction"
"35595",2005-06-01,"Jun 2005","Row",5,"Scss","Under Construction"
"35595",2005-06-01,"Jun 2005","Apartment",45,"Scss","Under Construction"
"35595",2005-06-01,"Jun 2005","All",144,"Scss","Under Construction"
"35595",2005-07-01,"Jul 2005","Single",106,"Scss","Under Construction"
"35595",2005-07-01,"Jul 2005","Semi-Detached",4,"Scss","Under Construction"
"35595",2005-07-01,"Jul 2005","Row",5,"Scss","Under Construction"
"35595",2005-07-01,"Jul 2005","Apartment",75,"Scss","Under Construction"
"35595",2005-07-01,"Jul 2005","All",190,"Scss","Under Construction"
"35595",2005-08-01,"Aug 2005","Single",111,"Scss","Under Construction"
"35595",2005-08-01,"Aug 2005","Semi-Detached",4,"Scss","Under Construction"
"35595",2005-08-01,"Aug 2005","Row",5,"Scss","Under Construction"
"35595",2005-08-01,"Aug 2005","Apartment",75,"Scss","Under Construction"
"35595",2005-08-01,"Aug 2005","All",195,"Scss","Under Construction"
"35595",2005-09-01,"Sep 2005","Single",113,"Scss","Under Construction"
"35595",2005-09-01,"Sep 2005","Semi-Detached",2,"Scss","Under Construction"
"35595",2005-09-01,"Sep 2005","Row",5,"Scss","Under Construction"
"35595",2005-09-01,"Sep 2005","Apartment",75,"Scss","Under Construction"
"35595",2005-09-01,"Sep 2005","All",195,"Scss","Under Construction"
"35595",2005-10-01,"Oct 2005","Single",111,"Scss","Under Construction"
"35595",2005-10-01,"Oct 2005","Semi-Detached",4,"Scss","Under Construction"
"35595",2005-10-01,"Oct 2005","Row",5,"Scss","Under Construction"
"35595",2005-10-01,"Oct 2005","Apartment",75,"Scss","Under Construction"
"35595",2005-10-01,"Oct 2005","All",195,"Scss","Under Construction"
"35595",2005-11-01,"Nov 2005","Single",107,"Scss","Under Construction"
"35595",2005-11-01,"Nov 2005","Semi-Detached",4,"Scss","Under Construction"
"35595",2005-11-01,"Nov 2005","Row",5,"Scss","Under Construction"
"35595",2005-11-01,"Nov 2005","Apartment",76,"Scss","Under Construction"
"35595",2005-11-01,"Nov 2005","All",192,"Scss","Under Construction"
"35595",2005-12-01,"Dec 2005","Single",89,"Scss","Under Construction"
"35595",2005-12-01,"Dec 2005","Semi-Detached",4,"Scss","Under Construction"
"35595",2005-12-01,"Dec 2005","Row",5,"Scss","Under Construction"
"35595",2005-12-01,"Dec 2005","Apartment",44,"Scss","Under Construction"
"35595",2005-12-01,"Dec 2005","All",142,"Scss","Under Construction"
"35595",2006-01-01,"Jan 2006","Single",84,"Scss","Under Construction"
"35595",2006-01-01,"Jan 2006","Semi-Detached",6,"Scss","Under Construction"
"35595",2006-01-01,"Jan 2006","Row",5,"Scss","Under Construction"
"35595",2006-01-01,"Jan 2006","Apartment",44,"Scss","Under Construction"
"35595",2006-01-01,"Jan 2006","All",139,"Scss","Under Construction"
"35595",2006-02-01,"Feb 2006","Single",74,"Scss","Under Construction"
"35595",2006-02-01,"Feb 2006","Semi-Detached",6,"Scss","Under Construction"
"35595",2006-02-01,"Feb 2006","Row",5,"Scss","Under Construction"
"35595",2006-02-01,"Feb 2006","Apartment",30,"Scss","Under Construction"
"35595",2006-02-01,"Feb 2006","All",115,"Scss","Under Construction"
"35595",2006-03-01,"Mar 2006","Single",54,"Scss","Under Construction"
"35595",2006-03-01,"Mar 2006","Semi-Detached",6,"Scss","Under Construction"
"35595",2006-03-01,"Mar 2006","Row",5,"Scss","Under Construction"
"35595",2006-03-01,"Mar 2006","Apartment",30,"Scss","Under Construction"
"35595",2006-03-01,"Mar 2006","All",95,"Scss","Under Construction"
"35595",2006-04-01,"Apr 2006","Single",45,"Scss","Under Construction"
"35595",2006-04-01,"Apr 2006","Semi-Detached",6,"Scss","Under Construction"
"35595",2006-04-01,"Apr 2006","Row",5,"Scss","Under Construction"
"35595",2006-04-01,"Apr 2006","Apartment",30,"Scss","Under Construction"
"35595",2006-04-01,"Apr 2006","All",86,"Scss","Under Construction"
"35595",2006-05-01,"May 2006","Single",54,"Scss","Under Construction"
"35595",2006-05-01,"May 2006","Semi-Detached",6,"Scss","Under Construction"
"35595",2006-05-01,"May 2006","Row",5,"Scss","Under Construction"
"35595",2006-05-01,"May 2006","Apartment",30,"Scss","Under Construction"
"35595",2006-05-01,"May 2006","All",95,"Scss","Under Construction"
"35595",2006-06-01,"Jun 2006","Single",58,"Scss","Under Construction"
"35595",2006-06-01,"Jun 2006","Semi-Detached",6,"Scss","Under Construction"
"35595",2006-06-01,"Jun 2006","Row",5,"Scss","Under Construction"
"35595",2006-06-01,"Jun 2006","Apartment",30,"Scss","Under Construction"
"35595",2006-06-01,"Jun 2006","All",99,"Scss","Under Construction"
"35595",2006-07-01,"Jul 2006","Single",72,"Scss","Under Construction"
"35595",2006-07-01,"Jul 2006","Semi-Detached",4,"Scss","Under Construction"
"35595",2006-07-01,"Jul 2006","Row",9,"Scss","Under Construction"
"35595",2006-07-01,"Jul 2006","Apartment",30,"Scss","Under Construction"
"35595",2006-07-01,"Jul 2006","All",115,"Scss","Under Construction"
"35595",2006-08-01,"Aug 2006","Single",83,"Scss","Under Construction"
"35595",2006-08-01,"Aug 2006","Semi-Detached",4,"Scss","Under Construction"
"35595",2006-08-01,"Aug 2006","Row",9,"Scss","Under Construction"
"35595",2006-08-01,"Aug 2006","Apartment",30,"Scss","Under Construction"
"35595",2006-08-01,"Aug 2006","All",126,"Scss","Under Construction"
"35595",2006-09-01,"Sep 2006","Single",92,"Scss","Under Construction"
"35595",2006-09-01,"Sep 2006","Semi-Detached",4,"Scss","Under Construction"
"35595",2006-09-01,"Sep 2006","Row",9,"Scss","Under Construction"
"35595",2006-09-01,"Sep 2006","Apartment",30,"Scss","Under Construction"
"35595",2006-09-01,"Sep 2006","All",135,"Scss","Under Construction"
"35595",2006-10-01,"Oct 2006","Single",93,"Scss","Under Construction"
"35595",2006-10-01,"Oct 2006","Semi-Detached",4,"Scss","Under Construction"
"35595",2006-10-01,"Oct 2006","Row",9,"Scss","Under Construction"
"35595",2006-10-01,"Oct 2006","Apartment",30,"Scss","Under Construction"
"35595",2006-10-01,"Oct 2006","All",136,"Scss","Under Construction"
"35595",2006-11-01,"Nov 2006","Single",93,"Scss","Under Construction"
"35595",2006-11-01,"Nov 2006","Semi-Detached",6,"Scss","Under Construction"
"35595",2006-11-01,"Nov 2006","Row",9,"Scss","Under Construction"
"35595",2006-11-01,"Nov 2006","Apartment",30,"Scss","Under Construction"
"35595",2006-11-01,"Nov 2006","All",138,"Scss","Under Construction"
"35595",2006-12-01,"Dec 2006","Single",78,"Scss","Under Construction"
"35595",2006-12-01,"Dec 2006","Semi-Detached",6,"Scss","Under Construction"
"35595",2006-12-01,"Dec 2006","Row",9,"Scss","Under Construction"
"35595",2006-12-01,"Dec 2006","Apartment",30,"Scss","Under Construction"
"35595",2006-12-01,"Dec 2006","All",123,"Scss","Under Construction"
"35595",2007-01-01,"Jan 2007","Single",87,"Scss","Under Construction"
"35595",2007-01-01,"Jan 2007","Semi-Detached",8,"Scss","Under Construction"
"35595",2007-01-01,"Jan 2007","Row",9,"Scss","Under Construction"
"35595",2007-01-01,"Jan 2007","Apartment",30,"Scss","Under Construction"
"35595",2007-01-01,"Jan 2007","All",134,"Scss","Under Construction"
"35595",2007-02-01,"Feb 2007","Single",74,"Scss","Under Construction"
"35595",2007-02-01,"Feb 2007","Semi-Detached",6,"Scss","Under Construction"
"35595",2007-02-01,"Feb 2007","Row",9,"Scss","Under Construction"
"35595",2007-02-01,"Feb 2007","Apartment",0,"Scss","Under Construction"
"35595",2007-02-01,"Feb 2007","All",89,"Scss","Under Construction"
"35595",2007-03-01,"Mar 2007","Single",62,"Scss","Under Construction"
"35595",2007-03-01,"Mar 2007","Semi-Detached",6,"Scss","Under Construction"
"35595",2007-03-01,"Mar 2007","Row",9,"Scss","Under Construction"
"35595",2007-03-01,"Mar 2007","Apartment",0,"Scss","Under Construction"
"35595",2007-03-01,"Mar 2007","All",77,"Scss","Under Construction"
"35595",2007-04-01,"Apr 2007","Single",61,"Scss","Under Construction"
"35595",2007-04-01,"Apr 2007","Semi-Detached",6,"Scss","Under Construction"
"35595",2007-04-01,"Apr 2007","Row",5,"Scss","Under Construction"
"35595",2007-04-01,"Apr 2007","Apartment",0,"Scss","Under Construction"
"35595",2007-04-01,"Apr 2007","All",72,"Scss","Under Construction"
"35595",2007-05-01,"May 2007","Single",66,"Scss","Under Construction"
"35595",2007-05-01,"May 2007","Semi-Detached",4,"Scss","Under Construction"
"35595",2007-05-01,"May 2007","Row",5,"Scss","Under Construction"
"35595",2007-05-01,"May 2007","Apartment",0,"Scss","Under Construction"
"35595",2007-05-01,"May 2007","All",75,"Scss","Under Construction"
"35595",2007-06-01,"Jun 2007","Single",89,"Scss","Under Construction"
"35595",2007-06-01,"Jun 2007","Semi-Detached",4,"Scss","Under Construction"
"35595",2007-06-01,"Jun 2007","Row",5,"Scss","Under Construction"
"35595",2007-06-01,"Jun 2007","Apartment",0,"Scss","Under Construction"
"35595",2007-06-01,"Jun 2007","All",98,"Scss","Under Construction"
"35595",2007-07-01,"Jul 2007","Single",100,"Scss","Under Construction"
"35595",2007-07-01,"Jul 2007","Semi-Detached",6,"Scss","Under Construction"
"35595",2007-07-01,"Jul 2007","Row",5,"Scss","Under Construction"
"35595",2007-07-01,"Jul 2007","Apartment",0,"Scss","Under Construction"
"35595",2007-07-01,"Jul 2007","All",111,"Scss","Under Construction"
"35595",2007-08-01,"Aug 2007","Single",106,"Scss","Under Construction"
"35595",2007-08-01,"Aug 2007","Semi-Detached",10,"Scss","Under Construction"
"35595",2007-08-01,"Aug 2007","Row",5,"Scss","Under Construction"
"35595",2007-08-01,"Aug 2007","Apartment",0,"Scss","Under Construction"
"35595",2007-08-01,"Aug 2007","All",121,"Scss","Under Construction"
"35595",2007-09-01,"Sep 2007","Single",101,"Scss","Under Construction"
"35595",2007-09-01,"Sep 2007","Semi-Detached",10,"Scss","Under Construction"
"35595",2007-09-01,"Sep 2007","Row",5,"Scss","Under Construction"
"35595",2007-09-01,"Sep 2007","Apartment",0,"Scss","Under Construction"
"35595",2007-09-01,"Sep 2007","All",116,"Scss","Under Construction"
"35595",2007-10-01,"Oct 2007","Single",105,"Scss","Under Construction"
"35595",2007-10-01,"Oct 2007","Semi-Detached",10,"Scss","Under Construction"
"35595",2007-10-01,"Oct 2007","Row",25,"Scss","Under Construction"
"35595",2007-10-01,"Oct 2007","Apartment",0,"Scss","Under Construction"
"35595",2007-10-01,"Oct 2007","All",140,"Scss","Under Construction"
"35595",2007-11-01,"Nov 2007","Single",114,"Scss","Under Construction"
"35595",2007-11-01,"Nov 2007","Semi-Detached",10,"Scss","Under Construction"
"35595",2007-11-01,"Nov 2007","Row",25,"Scss","Under Construction"
"35595",2007-11-01,"Nov 2007","Apartment",10,"Scss","Under Construction"
"35595",2007-11-01,"Nov 2007","All",159,"Scss","Under Construction"
"35595",2007-12-01,"Dec 2007","Single",108,"Scss","Under Construction"
"35595",2007-12-01,"Dec 2007","Semi-Detached",8,"Scss","Under Construction"
"35595",2007-12-01,"Dec 2007","Row",16,"Scss","Under Construction"
"35595",2007-12-01,"Dec 2007","Apartment",32,"Scss","Under Construction"
"35595",2007-12-01,"Dec 2007","All",164,"Scss","Under Construction"
"35595",2008-01-01,"Jan 2008","Single",95,"Scss","Under Construction"
"35595",2008-01-01,"Jan 2008","Semi-Detached",8,"Scss","Under Construction"
"35595",2008-01-01,"Jan 2008","Row",16,"Scss","Under Construction"
"35595",2008-01-01,"Jan 2008","Apartment",32,"Scss","Under Construction"
"35595",2008-01-01,"Jan 2008","All",151,"Scss","Under Construction"
"35595",2008-02-01,"Feb 2008","Single",75,"Scss","Under Construction"
"35595",2008-02-01,"Feb 2008","Semi-Detached",6,"Scss","Under Construction"
"35595",2008-02-01,"Feb 2008","Row",16,"Scss","Under Construction"
"35595",2008-02-01,"Feb 2008","Apartment",32,"Scss","Under Construction"
"35595",2008-02-01,"Feb 2008","All",129,"Scss","Under Construction"
"35595",2008-03-01,"Mar 2008","Single",59,"Scss","Under Construction"
"35595",2008-03-01,"Mar 2008","Semi-Detached",6,"Scss","Under Construction"
"35595",2008-03-01,"Mar 2008","Row",16,"Scss","Under Construction"
"35595",2008-03-01,"Mar 2008","Apartment",32,"Scss","Under Construction"
"35595",2008-03-01,"Mar 2008","All",113,"Scss","Under Construction"
"35595",2008-04-01,"Apr 2008","Single",54,"Scss","Under Construction"
"35595",2008-04-01,"Apr 2008","Semi-Detached",6,"Scss","Under Construction"
"35595",2008-04-01,"Apr 2008","Row",11,"Scss","Under Construction"
"35595",2008-04-01,"Apr 2008","Apartment",32,"Scss","Under Construction"
"35595",2008-04-01,"Apr 2008","All",103,"Scss","Under Construction"
"35595",2008-05-01,"May 2008","Single",62,"Scss","Under Construction"
"35595",2008-05-01,"May 2008","Semi-Detached",4,"Scss","Under Construction"
"35595",2008-05-01,"May 2008","Row",11,"Scss","Under Construction"
"35595",2008-05-01,"May 2008","Apartment",32,"Scss","Under Construction"
"35595",2008-05-01,"May 2008","All",109,"Scss","Under Construction"
"35595",2008-06-01,"Jun 2008","Single",74,"Scss","Under Construction"
"35595",2008-06-01,"Jun 2008","Semi-Detached",4,"Scss","Under Construction"
"35595",2008-06-01,"Jun 2008","Row",11,"Scss","Under Construction"
"35595",2008-06-01,"Jun 2008","Apartment",32,"Scss","Under Construction"
"35595",2008-06-01,"Jun 2008","All",121,"Scss","Under Construction"
"35595",2008-07-01,"Jul 2008","Single",71,"Scss","Under Construction"
"35595",2008-07-01,"Jul 2008","Semi-Detached",2,"Scss","Under Construction"
"35595",2008-07-01,"Jul 2008","Row",11,"Scss","Under Construction"
"35595",2008-07-01,"Jul 2008","Apartment",32,"Scss","Under Construction"
"35595",2008-07-01,"Jul 2008","All",116,"Scss","Under Construction"
"35595",2008-08-01,"Aug 2008","Single",111,"Scss","Under Construction"
"35595",2008-08-01,"Aug 2008","Semi-Detached",2,"Scss","Under Construction"
"35595",2008-08-01,"Aug 2008","Row",4,"Scss","Under Construction"
"35595",2008-08-01,"Aug 2008","Apartment",32,"Scss","Under Construction"
"35595",2008-08-01,"Aug 2008","All",149,"Scss","Under Construction"
"35595",2008-09-01,"Sep 2008","Single",120,"Scss","Under Construction"
"35595",2008-09-01,"Sep 2008","Semi-Detached",2,"Scss","Under Construction"
"35595",2008-09-01,"Sep 2008","Row",4,"Scss","Under Construction"
"35595",2008-09-01,"Sep 2008","Apartment",32,"Scss","Under Construction"
"35595",2008-09-01,"Sep 2008","All",158,"Scss","Under Construction"
"35595",2008-10-01,"Oct 2008","Single",120,"Scss","Under Construction"
"35595",2008-10-01,"Oct 2008","Semi-Detached",4,"Scss","Under Construction"
"35595",2008-10-01,"Oct 2008","Row",4,"Scss","Under Construction"
"35595",2008-10-01,"Oct 2008","Apartment",32,"Scss","Under Construction"
"35595",2008-10-01,"Oct 2008","All",160,"Scss","Under Construction"
"35595",2008-11-01,"Nov 2008","Single",126,"Scss","Under Construction"
"35595",2008-11-01,"Nov 2008","Semi-Detached",4,"Scss","Under Construction"
"35595",2008-11-01,"Nov 2008","Row",4,"Scss","Under Construction"
"35595",2008-11-01,"Nov 2008","Apartment",32,"Scss","Under Construction"
"35595",2008-11-01,"Nov 2008","All",166,"Scss","Under Construction"
"35595",2008-12-01,"Dec 2008","Single",88,"Scss","Under Construction"
"35595",2008-12-01,"Dec 2008","Semi-Detached",4,"Scss","Under Construction"
"35595",2008-12-01,"Dec 2008","Row",4,"Scss","Under Construction"
"35595",2008-12-01,"Dec 2008","Apartment",0,"Scss","Under Construction"
"35595",2008-12-01,"Dec 2008","All",96,"Scss","Under Construction"
"35595",2009-01-01,"Jan 2009","Single",88,"Scss","Under Construction"
"35595",2009-01-01,"Jan 2009","Semi-Detached",6,"Scss","Under Construction"
"35595",2009-01-01,"Jan 2009","Row",8,"Scss","Under Construction"
"35595",2009-01-01,"Jan 2009","Apartment",0,"Scss","Under Construction"
"35595",2009-01-01,"Jan 2009","All",102,"Scss","Under Construction"
"35595",2009-02-01,"Feb 2009","Single",85,"Scss","Under Construction"
"35595",2009-02-01,"Feb 2009","Semi-Detached",6,"Scss","Under Construction"
"35595",2009-02-01,"Feb 2009","Row",8,"Scss","Under Construction"
"35595",2009-02-01,"Feb 2009","Apartment",0,"Scss","Under Construction"
"35595",2009-02-01,"Feb 2009","All",99,"Scss","Under Construction"
"35595",2009-03-01,"Mar 2009","Single",74,"Scss","Under Construction"
"35595",2009-03-01,"Mar 2009","Semi-Detached",4,"Scss","Under Construction"
"35595",2009-03-01,"Mar 2009","Row",8,"Scss","Under Construction"
"35595",2009-03-01,"Mar 2009","Apartment",0,"Scss","Under Construction"
"35595",2009-03-01,"Mar 2009","All",86,"Scss","Under Construction"
"35595",2009-04-01,"Apr 2009","Single",61,"Scss","Under Construction"
"35595",2009-04-01,"Apr 2009","Semi-Detached",4,"Scss","Under Construction"
"35595",2009-04-01,"Apr 2009","Row",4,"Scss","Under Construction"
"35595",2009-04-01,"Apr 2009","Apartment",4,"Scss","Under Construction"
"35595",2009-04-01,"Apr 2009","All",73,"Scss","Under Construction"
"35595",2009-05-01,"May 2009","Single",68,"Scss","Under Construction"
"35595",2009-05-01,"May 2009","Semi-Detached",4,"Scss","Under Construction"
"35595",2009-05-01,"May 2009","Row",4,"Scss","Under Construction"
"35595",2009-05-01,"May 2009","Apartment",8,"Scss","Under Construction"
"35595",2009-05-01,"May 2009","All",84,"Scss","Under Construction"
"35595",2009-06-01,"Jun 2009","Single",72,"Scss","Under Construction"
"35595",2009-06-01,"Jun 2009","Semi-Detached",8,"Scss","Under Construction"
"35595",2009-06-01,"Jun 2009","Row",0,"Scss","Under Construction"
"35595",2009-06-01,"Jun 2009","Apartment",8,"Scss","Under Construction"
"35595",2009-06-01,"Jun 2009","All",88,"Scss","Under Construction"
"35595",2009-07-01,"Jul 2009","Single",97,"Scss","Under Construction"
"35595",2009-07-01,"Jul 2009","Semi-Detached",8,"Scss","Under Construction"
"35595",2009-07-01,"Jul 2009","Row",0,"Scss","Under Construction"
"35595",2009-07-01,"Jul 2009","Apartment",8,"Scss","Under Construction"
"35595",2009-07-01,"Jul 2009","All",113,"Scss","Under Construction"
"35595",2009-08-01,"Aug 2009","Single",105,"Scss","Under Construction"
"35595",2009-08-01,"Aug 2009","Semi-Detached",8,"Scss","Under Construction"
"35595",2009-08-01,"Aug 2009","Row",0,"Scss","Under Construction"
"35595",2009-08-01,"Aug 2009","Apartment",8,"Scss","Under Construction"
"35595",2009-08-01,"Aug 2009","All",121,"Scss","Under Construction"
"35595",2009-09-01,"Sep 2009","Single",100,"Scss","Under Construction"
"35595",2009-09-01,"Sep 2009","Semi-Detached",8,"Scss","Under Construction"
"35595",2009-09-01,"Sep 2009","Row",0,"Scss","Under Construction"
"35595",2009-09-01,"Sep 2009","Apartment",8,"Scss","Under Construction"
"35595",2009-09-01,"Sep 2009","All",116,"Scss","Under Construction"
"35595",2009-10-01,"Oct 2009","Single",119,"Scss","Under Construction"
"35595",2009-10-01,"Oct 2009","Semi-Detached",6,"Scss","Under Construction"
"35595",2009-10-01,"Oct 2009","Row",0,"Scss","Under Construction"
"35595",2009-10-01,"Oct 2009","Apartment",8,"Scss","Under Construction"
"35595",2009-10-01,"Oct 2009","All",133,"Scss","Under Construction"
"35595",2009-11-01,"Nov 2009","Single",101,"Scss","Under Construction"
"35595",2009-11-01,"Nov 2009","Semi-Detached",6,"Scss","Under Construction"
"35595",2009-11-01,"Nov 2009","Row",0,"Scss","Under Construction"
"35595",2009-11-01,"Nov 2009","Apartment",8,"Scss","Under Construction"
"35595",2009-11-01,"Nov 2009","All",115,"Scss","Under Construction"
"35595",2009-12-01,"Dec 2009","Single",77,"Scss","Under Construction"
"35595",2009-12-01,"Dec 2009","Semi-Detached",4,"Scss","Under Construction"
"35595",2009-12-01,"Dec 2009","Row",0,"Scss","Under Construction"
"35595",2009-12-01,"Dec 2009","Apartment",0,"Scss","Under Construction"
"35595",2009-12-01,"Dec 2009","All",81,"Scss","Under Construction"
"35595",2010-01-01,"Jan 2010","Single",74,"Scss","Under Construction"
"35595",2010-01-01,"Jan 2010","Semi-Detached",4,"Scss","Under Construction"
"35595",2010-01-01,"Jan 2010","Row",0,"Scss","Under Construction"
"35595",2010-01-01,"Jan 2010","Apartment",0,"Scss","Under Construction"
"35595",2010-01-01,"Jan 2010","All",78,"Scss","Under Construction"
"35595",2010-02-01,"Feb 2010","Single",72,"Scss","Under Construction"
"35595",2010-02-01,"Feb 2010","Semi-Detached",4,"Scss","Under Construction"
"35595",2010-02-01,"Feb 2010","Row",0,"Scss","Under Construction"
"35595",2010-02-01,"Feb 2010","Apartment",0,"Scss","Under Construction"
"35595",2010-02-01,"Feb 2010","All",76,"Scss","Under Construction"
"35595",2010-03-01,"Mar 2010","Single",64,"Scss","Under Construction"
"35595",2010-03-01,"Mar 2010","Semi-Detached",2,"Scss","Under Construction"
"35595",2010-03-01,"Mar 2010","Row",0,"Scss","Under Construction"
"35595",2010-03-01,"Mar 2010","Apartment",0,"Scss","Under Construction"
"35595",2010-03-01,"Mar 2010","All",66,"Scss","Under Construction"
"35595",2010-04-01,"Apr 2010","Single",65,"Scss","Under Construction"
"35595",2010-04-01,"Apr 2010","Semi-Detached",2,"Scss","Under Construction"
"35595",2010-04-01,"Apr 2010","Row",0,"Scss","Under Construction"
"35595",2010-04-01,"Apr 2010","Apartment",0,"Scss","Under Construction"
"35595",2010-04-01,"Apr 2010","All",67,"Scss","Under Construction"
"35595",2010-05-01,"May 2010","Single",68,"Scss","Under Construction"
"35595",2010-05-01,"May 2010","Semi-Detached",0,"Scss","Under Construction"
"35595",2010-05-01,"May 2010","Row",0,"Scss","Under Construction"
"35595",2010-05-01,"May 2010","Apartment",0,"Scss","Under Construction"
"35595",2010-05-01,"May 2010","All",68,"Scss","Under Construction"
"35595",2010-06-01,"Jun 2010","Single",84,"Scss","Under Construction"
"35595",2010-06-01,"Jun 2010","Semi-Detached",2,"Scss","Under Construction"
"35595",2010-06-01,"Jun 2010","Row",0,"Scss","Under Construction"
"35595",2010-06-01,"Jun 2010","Apartment",0,"Scss","Under Construction"
"35595",2010-06-01,"Jun 2010","All",86,"Scss","Under Construction"
"35595",2010-07-01,"Jul 2010","Single",109,"Scss","Under Construction"
"35595",2010-07-01,"Jul 2010","Semi-Detached",2,"Scss","Under Construction"
"35595",2010-07-01,"Jul 2010","Row",4,"Scss","Under Construction"
"35595",2010-07-01,"Jul 2010","Apartment",0,"Scss","Under Construction"
"35595",2010-07-01,"Jul 2010","All",115,"Scss","Under Construction"
"35595",2010-08-01,"Aug 2010","Single",131,"Scss","Under Construction"
"35595",2010-08-01,"Aug 2010","Semi-Detached",2,"Scss","Under Construction"
"35595",2010-08-01,"Aug 2010","Row",4,"Scss","Under Construction"
"35595",2010-08-01,"Aug 2010","Apartment",4,"Scss","Under Construction"
"35595",2010-08-01,"Aug 2010","All",141,"Scss","Under Construction"
"35595",2010-09-01,"Sep 2010","Single",138,"Scss","Under Construction"
"35595",2010-09-01,"Sep 2010","Semi-Detached",4,"Scss","Under Construction"
"35595",2010-09-01,"Sep 2010","Row",4,"Scss","Under Construction"
"35595",2010-09-01,"Sep 2010","Apartment",4,"Scss","Under Construction"
"35595",2010-09-01,"Sep 2010","All",150,"Scss","Under Construction"
"35595",2010-10-01,"Oct 2010","Single",150,"Scss","Under Construction"
"35595",2010-10-01,"Oct 2010","Semi-Detached",4,"Scss","Under Construction"
"35595",2010-10-01,"Oct 2010","Row",4,"Scss","Under Construction"
"35595",2010-10-01,"Oct 2010","Apartment",4,"Scss","Under Construction"
"35595",2010-10-01,"Oct 2010","All",162,"Scss","Under Construction"
"35595",2010-11-01,"Nov 2010","Single",148,"Scss","Under Construction"
"35595",2010-11-01,"Nov 2010","Semi-Detached",6,"Scss","Under Construction"
"35595",2010-11-01,"Nov 2010","Row",4,"Scss","Under Construction"
"35595",2010-11-01,"Nov 2010","Apartment",4,"Scss","Under Construction"
"35595",2010-11-01,"Nov 2010","All",162,"Scss","Under Construction"
"35595",2010-12-01,"Dec 2010","Single",148,"Scss","Under Construction"
"35595",2010-12-01,"Dec 2010","Semi-Detached",6,"Scss","Under Construction"
"35595",2010-12-01,"Dec 2010","Row",4,"Scss","Under Construction"
"35595",2010-12-01,"Dec 2010","Apartment",4,"Scss","Under Construction"
"35595",2010-12-01,"Dec 2010","All",162,"Scss","Under Construction"
"35595",2011-01-01,"Jan 2011","Single",134,"Scss","Under Construction"
"35595",2011-01-01,"Jan 2011","Semi-Detached",6,"Scss","Under Construction"
"35595",2011-01-01,"Jan 2011","Row",4,"Scss","Under Construction"
"35595",2011-01-01,"Jan 2011","Apartment",4,"Scss","Under Construction"
"35595",2011-01-01,"Jan 2011","All",148,"Scss","Under Construction"
"35595",2011-02-01,"Feb 2011","Single",123,"Scss","Under Construction"
"35595",2011-02-01,"Feb 2011","Semi-Detached",6,"Scss","Under Construction"
"35595",2011-02-01,"Feb 2011","Row",4,"Scss","Under Construction"
"35595",2011-02-01,"Feb 2011","Apartment",0,"Scss","Under Construction"
"35595",2011-02-01,"Feb 2011","All",133,"Scss","Under Construction"
"35595",2011-03-01,"Mar 2011","Single",109,"Scss","Under Construction"
"35595",2011-03-01,"Mar 2011","Semi-Detached",6,"Scss","Under Construction"
"35595",2011-03-01,"Mar 2011","Row",4,"Scss","Under Construction"
"35595",2011-03-01,"Mar 2011","Apartment",0,"Scss","Under Construction"
"35595",2011-03-01,"Mar 2011","All",119,"Scss","Under Construction"
"35595",2011-04-01,"Apr 2011","Single",113,"Scss","Under Construction"
"35595",2011-04-01,"Apr 2011","Semi-Detached",6,"Scss","Under Construction"
"35595",2011-04-01,"Apr 2011","Row",4,"Scss","Under Construction"
"35595",2011-04-01,"Apr 2011","Apartment",0,"Scss","Under Construction"
"35595",2011-04-01,"Apr 2011","All",123,"Scss","Under Construction"
"35595",2011-05-01,"May 2011","Single",121,"Scss","Under Construction"
"35595",2011-05-01,"May 2011","Semi-Detached",12,"Scss","Under Construction"
"35595",2011-05-01,"May 2011","Row",8,"Scss","Under Construction"
"35595",2011-05-01,"May 2011","Apartment",0,"Scss","Under Construction"
"35595",2011-05-01,"May 2011","All",141,"Scss","Under Construction"
"35595",2011-06-01,"Jun 2011","Single",132,"Scss","Under Construction"
"35595",2011-06-01,"Jun 2011","Semi-Detached",12,"Scss","Under Construction"
"35595",2011-06-01,"Jun 2011","Row",8,"Scss","Under Construction"
"35595",2011-06-01,"Jun 2011","Apartment",24,"Scss","Under Construction"
"35595",2011-06-01,"Jun 2011","All",176,"Scss","Under Construction"
"35595",2011-07-01,"Jul 2011","Single",151,"Scss","Under Construction"
"35595",2011-07-01,"Jul 2011","Semi-Detached",12,"Scss","Under Construction"
"35595",2011-07-01,"Jul 2011","Row",4,"Scss","Under Construction"
"35595",2011-07-01,"Jul 2011","Apartment",24,"Scss","Under Construction"
"35595",2011-07-01,"Jul 2011","All",191,"Scss","Under Construction"
"35595",2011-08-01,"Aug 2011","Single",143,"Scss","Under Construction"
"35595",2011-08-01,"Aug 2011","Semi-Detached",4,"Scss","Under Construction"
"35595",2011-08-01,"Aug 2011","Row",4,"Scss","Under Construction"
"35595",2011-08-01,"Aug 2011","Apartment",34,"Scss","Under Construction"
"35595",2011-08-01,"Aug 2011","All",185,"Scss","Under Construction"
"35595",2011-09-01,"Sep 2011","Single",159,"Scss","Under Construction"
"35595",2011-09-01,"Sep 2011","Semi-Detached",6,"Scss","Under Construction"
"35595",2011-09-01,"Sep 2011","Row",8,"Scss","Under Construction"
"35595",2011-09-01,"Sep 2011","Apartment",166,"Scss","Under Construction"
"35595",2011-09-01,"Sep 2011","All",339,"Scss","Under Construction"
"35595",2011-10-01,"Oct 2011","Single",164,"Scss","Under Construction"
"35595",2011-10-01,"Oct 2011","Semi-Detached",6,"Scss","Under Construction"
"35595",2011-10-01,"Oct 2011","Row",12,"Scss","Under Construction"
"35595",2011-10-01,"Oct 2011","Apartment",166,"Scss","Under Construction"
"35595",2011-10-01,"Oct 2011","All",348,"Scss","Under Construction"
"35595",2011-11-01,"Nov 2011","Single",170,"Scss","Under Construction"
"35595",2011-11-01,"Nov 2011","Semi-Detached",6,"Scss","Under Construction"
"35595",2011-11-01,"Nov 2011","Row",12,"Scss","Under Construction"
"35595",2011-11-01,"Nov 2011","Apartment",164,"Scss","Under Construction"
"35595",2011-11-01,"Nov 2011","All",352,"Scss","Under Construction"
"35595",2011-12-01,"Dec 2011","Single",147,"Scss","Under Construction"
"35595",2011-12-01,"Dec 2011","Semi-Detached",4,"Scss","Under Construction"
"35595",2011-12-01,"Dec 2011","Row",8,"Scss","Under Construction"
"35595",2011-12-01,"Dec 2011","Apartment",164,"Scss","Under Construction"
"35595",2011-12-01,"Dec 2011","All",323,"Scss","Under Construction"
"35595",2012-01-01,"Jan 2012","Single",126,"Scss","Under Construction"
"35595",2012-01-01,"Jan 2012","Semi-Detached",4,"Scss","Under Construction"
"35595",2012-01-01,"Jan 2012","Row",8,"Scss","Under Construction"
"35595",2012-01-01,"Jan 2012","Apartment",160,"Scss","Under Construction"
"35595",2012-01-01,"Jan 2012","All",298,"Scss","Under Construction"
"35595",2012-02-01,"Feb 2012","Single",114,"Scss","Under Construction"
"35595",2012-02-01,"Feb 2012","Semi-Detached",4,"Scss","Under Construction"
"35595",2012-02-01,"Feb 2012","Row",8,"Scss","Under Construction"
"35595",2012-02-01,"Feb 2012","Apartment",160,"Scss","Under Construction"
"35595",2012-02-01,"Feb 2012","All",286,"Scss","Under Construction"
"35595",2012-03-01,"Mar 2012","Single",102,"Scss","Under Construction"
"35595",2012-03-01,"Mar 2012","Semi-Detached",4,"Scss","Under Construction"
"35595",2012-03-01,"Mar 2012","Row",4,"Scss","Under Construction"
"35595",2012-03-01,"Mar 2012","Apartment",156,"Scss","Under Construction"
"35595",2012-03-01,"Mar 2012","All",266,"Scss","Under Construction"
"35595",2012-04-01,"Apr 2012","Single",107,"Scss","Under Construction"
"35595",2012-04-01,"Apr 2012","Semi-Detached",2,"Scss","Under Construction"
"35595",2012-04-01,"Apr 2012","Row",9,"Scss","Under Construction"
"35595",2012-04-01,"Apr 2012","Apartment",156,"Scss","Under Construction"
"35595",2012-04-01,"Apr 2012","All",274,"Scss","Under Construction"
"35595",2012-05-01,"May 2012","Single",121,"Scss","Under Construction"
"35595",2012-05-01,"May 2012","Semi-Detached",2,"Scss","Under Construction"
"35595",2012-05-01,"May 2012","Row",9,"Scss","Under Construction"
"35595",2012-05-01,"May 2012","Apartment",156,"Scss","Under Construction"
"35595",2012-05-01,"May 2012","All",288,"Scss","Under Construction"
"35595",2012-06-01,"Jun 2012","Single",154,"Scss","Under Construction"
"35595",2012-06-01,"Jun 2012","Semi-Detached",2,"Scss","Under Construction"
"35595",2012-06-01,"Jun 2012","Row",9,"Scss","Under Construction"
"35595",2012-06-01,"Jun 2012","Apartment",156,"Scss","Under Construction"
"35595",2012-06-01,"Jun 2012","All",321,"Scss","Under Construction"
"35595",2012-07-01,"Jul 2012","Single",173,"Scss","Under Construction"
"35595",2012-07-01,"Jul 2012","Semi-Detached",4,"Scss","Under Construction"
"35595",2012-07-01,"Jul 2012","Row",17,"Scss","Under Construction"
"35595",2012-07-01,"Jul 2012","Apartment",156,"Scss","Under Construction"
"35595",2012-07-01,"Jul 2012","All",350,"Scss","Under Construction"
"35595",2012-08-01,"Aug 2012","Single",181,"Scss","Under Construction"
"35595",2012-08-01,"Aug 2012","Semi-Detached",4,"Scss","Under Construction"
"35595",2012-08-01,"Aug 2012","Row",17,"Scss","Under Construction"
"35595",2012-08-01,"Aug 2012","Apartment",168,"Scss","Under Construction"
"35595",2012-08-01,"Aug 2012","All",370,"Scss","Under Construction"
"35595",2012-09-01,"Sep 2012","Single",191,"Scss","Under Construction"
"35595",2012-09-01,"Sep 2012","Semi-Detached",4,"Scss","Under Construction"
"35595",2012-09-01,"Sep 2012","Row",17,"Scss","Under Construction"
"35595",2012-09-01,"Sep 2012","Apartment",168,"Scss","Under Construction"
"35595",2012-09-01,"Sep 2012","All",380,"Scss","Under Construction"
"35595",2012-10-01,"Oct 2012","Single",199,"Scss","Under Construction"
"35595",2012-10-01,"Oct 2012","Semi-Detached",4,"Scss","Under Construction"
"35595",2012-10-01,"Oct 2012","Row",17,"Scss","Under Construction"
"35595",2012-10-01,"Oct 2012","Apartment",256,"Scss","Under Construction"
"35595",2012-10-01,"Oct 2012","All",476,"Scss","Under Construction"
"35595",2012-11-01,"Nov 2012","Single",214,"Scss","Under Construction"
"35595",2012-11-01,"Nov 2012","Semi-Detached",4,"Scss","Under Construction"
"35595",2012-11-01,"Nov 2012","Row",17,"Scss","Under Construction"
"35595",2012-11-01,"Nov 2012","Apartment",286,"Scss","Under Construction"
"35595",2012-11-01,"Nov 2012","All",521,"Scss","Under Construction"
"35595",2012-12-01,"Dec 2012","Single",213,"Scss","Under Construction"
"35595",2012-12-01,"Dec 2012","Semi-Detached",6,"Scss","Under Construction"
"35595",2012-12-01,"Dec 2012","Row",17,"Scss","Under Construction"
"35595",2012-12-01,"Dec 2012","Apartment",286,"Scss","Under Construction"
"35595",2012-12-01,"Dec 2012","All",522,"Scss","Under Construction"
"35595",2013-01-01,"Jan 2013","Single",201,"Scss","Under Construction"
"35595",2013-01-01,"Jan 2013","Semi-Detached",6,"Scss","Under Construction"
"35595",2013-01-01,"Jan 2013","Row",12,"Scss","Under Construction"
"35595",2013-01-01,"Jan 2013","Apartment",154,"Scss","Under Construction"
"35595",2013-01-01,"Jan 2013","All",373,"Scss","Under Construction"
"35595",2013-02-01,"Feb 2013","Single",190,"Scss","Under Construction"
"35595",2013-02-01,"Feb 2013","Semi-Detached",6,"Scss","Under Construction"
"35595",2013-02-01,"Feb 2013","Row",12,"Scss","Under Construction"
"35595",2013-02-01,"Feb 2013","Apartment",154,"Scss","Under Construction"
"35595",2013-02-01,"Feb 2013","All",362,"Scss","Under Construction"
"35595",2013-03-01,"Mar 2013","Single",181,"Scss","Under Construction"
"35595",2013-03-01,"Mar 2013","Semi-Detached",6,"Scss","Under Construction"
"35595",2013-03-01,"Mar 2013","Row",12,"Scss","Under Construction"
"35595",2013-03-01,"Mar 2013","Apartment",130,"Scss","Under Construction"
"35595",2013-03-01,"Mar 2013","All",329,"Scss","Under Construction"
"35595",2013-04-01,"Apr 2013","Single",169,"Scss","Under Construction"
"35595",2013-04-01,"Apr 2013","Semi-Detached",6,"Scss","Under Construction"
"35595",2013-04-01,"Apr 2013","Row",12,"Scss","Under Construction"
"35595",2013-04-01,"Apr 2013","Apartment",130,"Scss","Under Construction"
"35595",2013-04-01,"Apr 2013","All",317,"Scss","Under Construction"
"35595",2013-05-01,"May 2013","Single",176,"Scss","Under Construction"
"35595",2013-05-01,"May 2013","Semi-Detached",6,"Scss","Under Construction"
"35595",2013-05-01,"May 2013","Row",16,"Scss","Under Construction"
"35595",2013-05-01,"May 2013","Apartment",181,"Scss","Under Construction"
"35595",2013-05-01,"May 2013","All",379,"Scss","Under Construction"
"35595",2013-06-01,"Jun 2013","Single",200,"Scss","Under Construction"
"35595",2013-06-01,"Jun 2013","Semi-Detached",6,"Scss","Under Construction"
"35595",2013-06-01,"Jun 2013","Row",21,"Scss","Under Construction"
"35595",2013-06-01,"Jun 2013","Apartment",177,"Scss","Under Construction"
"35595",2013-06-01,"Jun 2013","All",404,"Scss","Under Construction"
"35595",2013-07-01,"Jul 2013","Single",228,"Scss","Under Construction"
"35595",2013-07-01,"Jul 2013","Semi-Detached",8,"Scss","Under Construction"
"35595",2013-07-01,"Jul 2013","Row",21,"Scss","Under Construction"
"35595",2013-07-01,"Jul 2013","Apartment",173,"Scss","Under Construction"
"35595",2013-07-01,"Jul 2013","All",430,"Scss","Under Construction"
"35595",2013-08-01,"Aug 2013","Single",241,"Scss","Under Construction"
"35595",2013-08-01,"Aug 2013","Semi-Detached",6,"Scss","Under Construction"
"35595",2013-08-01,"Aug 2013","Row",21,"Scss","Under Construction"
"35595",2013-08-01,"Aug 2013","Apartment",175,"Scss","Under Construction"
"35595",2013-08-01,"Aug 2013","All",443,"Scss","Under Construction"
"35595",2013-09-01,"Sep 2013","Single",239,"Scss","Under Construction"
"35595",2013-09-01,"Sep 2013","Semi-Detached",6,"Scss","Under Construction"
"35595",2013-09-01,"Sep 2013","Row",21,"Scss","Under Construction"
"35595",2013-09-01,"Sep 2013","Apartment",228,"Scss","Under Construction"
"35595",2013-09-01,"Sep 2013","All",494,"Scss","Under Construction"
"35595",2013-10-01,"Oct 2013","Single",240,"Scss","Under Construction"
"35595",2013-10-01,"Oct 2013","Semi-Detached",6,"Scss","Under Construction"
"35595",2013-10-01,"Oct 2013","Row",21,"Scss","Under Construction"
"35595",2013-10-01,"Oct 2013","Apartment",234,"Scss","Under Construction"
"35595",2013-10-01,"Oct 2013","All",501,"Scss","Under Construction"
"35595",2013-11-01,"Nov 2013","Single",237,"Scss","Under Construction"
"35595",2013-11-01,"Nov 2013","Semi-Detached",6,"Scss","Under Construction"
"35595",2013-11-01,"Nov 2013","Row",21,"Scss","Under Construction"
"35595",2013-11-01,"Nov 2013","Apartment",234,"Scss","Under Construction"
"35595",2013-11-01,"Nov 2013","All",498,"Scss","Under Construction"
"35595",2013-12-01,"Dec 2013","Single",226,"Scss","Under Construction"
"35595",2013-12-01,"Dec 2013","Semi-Detached",6,"Scss","Under Construction"
"35595",2013-12-01,"Dec 2013","Row",21,"Scss","Under Construction"
"35595",2013-12-01,"Dec 2013","Apartment",234,"Scss","Under Construction"
"35595",2013-12-01,"Dec 2013","All",487,"Scss","Under Construction"
"35595",2014-01-01,"Jan 2014","Single",213,"Scss","Under Construction"
"35595",2014-01-01,"Jan 2014","Semi-Detached",6,"Scss","Under Construction"
"35595",2014-01-01,"Jan 2014","Row",9,"Scss","Under Construction"
"35595",2014-01-01,"Jan 2014","Apartment",234,"Scss","Under Construction"
"35595",2014-01-01,"Jan 2014","All",462,"Scss","Under Construction"
"35595",2014-02-01,"Feb 2014","Single",190,"Scss","Under Construction"
"35595",2014-02-01,"Feb 2014","Semi-Detached",6,"Scss","Under Construction"
"35595",2014-02-01,"Feb 2014","Row",9,"Scss","Under Construction"
"35595",2014-02-01,"Feb 2014","Apartment",234,"Scss","Under Construction"
"35595",2014-02-01,"Feb 2014","All",439,"Scss","Under Construction"
"35595",2014-03-01,"Mar 2014","Single",171,"Scss","Under Construction"
"35595",2014-03-01,"Mar 2014","Semi-Detached",6,"Scss","Under Construction"
"35595",2014-03-01,"Mar 2014","Row",9,"Scss","Under Construction"
"35595",2014-03-01,"Mar 2014","Apartment",234,"Scss","Under Construction"
"35595",2014-03-01,"Mar 2014","All",420,"Scss","Under Construction"
"35595",2014-04-01,"Apr 2014","Single",156,"Scss","Under Construction"
"35595",2014-04-01,"Apr 2014","Semi-Detached",6,"Scss","Under Construction"
"35595",2014-04-01,"Apr 2014","Row",9,"Scss","Under Construction"
"35595",2014-04-01,"Apr 2014","Apartment",244,"Scss","Under Construction"
"35595",2014-04-01,"Apr 2014","All",415,"Scss","Under Construction"
"35595",2014-05-01,"May 2014","Single",142,"Scss","Under Construction"
"35595",2014-05-01,"May 2014","Semi-Detached",6,"Scss","Under Construction"
"35595",2014-05-01,"May 2014","Row",5,"Scss","Under Construction"
"35595",2014-05-01,"May 2014","Apartment",248,"Scss","Under Construction"
"35595",2014-05-01,"May 2014","All",401,"Scss","Under Construction"
"35595",2014-06-01,"Jun 2014","Single",169,"Scss","Under Construction"
"35595",2014-06-01,"Jun 2014","Semi-Detached",6,"Scss","Under Construction"
"35595",2014-06-01,"Jun 2014","Row",9,"Scss","Under Construction"
"35595",2014-06-01,"Jun 2014","Apartment",248,"Scss","Under Construction"
"35595",2014-06-01,"Jun 2014","All",432,"Scss","Under Construction"
"35595",2014-07-01,"Jul 2014","Single",169,"Scss","Under Construction"
"35595",2014-07-01,"Jul 2014","Semi-Detached",8,"Scss","Under Construction"
"35595",2014-07-01,"Jul 2014","Row",9,"Scss","Under Construction"
"35595",2014-07-01,"Jul 2014","Apartment",248,"Scss","Under Construction"
"35595",2014-07-01,"Jul 2014","All",434,"Scss","Under Construction"
"35595",2014-08-01,"Aug 2014","Single",167,"Scss","Under Construction"
"35595",2014-08-01,"Aug 2014","Semi-Detached",12,"Scss","Under Construction"
"35595",2014-08-01,"Aug 2014","Row",9,"Scss","Under Construction"
"35595",2014-08-01,"Aug 2014","Apartment",248,"Scss","Under Construction"
"35595",2014-08-01,"Aug 2014","All",436,"Scss","Under Construction"
"35595",2014-09-01,"Sep 2014","Single",172,"Scss","Under Construction"
"35595",2014-09-01,"Sep 2014","Semi-Detached",12,"Scss","Under Construction"
"35595",2014-09-01,"Sep 2014","Row",9,"Scss","Under Construction"
"35595",2014-09-01,"Sep 2014","Apartment",266,"Scss","Under Construction"
"35595",2014-09-01,"Sep 2014","All",459,"Scss","Under Construction"
"35595",2014-10-01,"Oct 2014","Single",191,"Scss","Under Construction"
"35595",2014-10-01,"Oct 2014","Semi-Detached",10,"Scss","Under Construction"
"35595",2014-10-01,"Oct 2014","Row",4,"Scss","Under Construction"
"35595",2014-10-01,"Oct 2014","Apartment",264,"Scss","Under Construction"
"35595",2014-10-01,"Oct 2014","All",469,"Scss","Under Construction"
"35595",2014-11-01,"Nov 2014","Single",189,"Scss","Under Construction"
"35595",2014-11-01,"Nov 2014","Semi-Detached",12,"Scss","Under Construction"
"35595",2014-11-01,"Nov 2014","Row",4,"Scss","Under Construction"
"35595",2014-11-01,"Nov 2014","Apartment",264,"Scss","Under Construction"
"35595",2014-11-01,"Nov 2014","All",469,"Scss","Under Construction"
"35595",2014-12-01,"Dec 2014","Single",192,"Scss","Under Construction"
"35595",2014-12-01,"Dec 2014","Semi-Detached",12,"Scss","Under Construction"
"35595",2014-12-01,"Dec 2014","Row",10,"Scss","Under Construction"
"35595",2014-12-01,"Dec 2014","Apartment",113,"Scss","Under Construction"
"35595",2014-12-01,"Dec 2014","All",327,"Scss","Under Construction"
"35595",2015-01-01,"Jan 2015","Single",188,"Scss","Under Construction"
"35595",2015-01-01,"Jan 2015","Semi-Detached",12,"Scss","Under Construction"
"35595",2015-01-01,"Jan 2015","Row",10,"Scss","Under Construction"
"35595",2015-01-01,"Jan 2015","Apartment",113,"Scss","Under Construction"
"35595",2015-01-01,"Jan 2015","All",323,"Scss","Under Construction"
"35595",2015-02-01,"Feb 2015","Single",159,"Scss","Under Construction"
"35595",2015-02-01,"Feb 2015","Semi-Detached",10,"Scss","Under Construction"
"35595",2015-02-01,"Feb 2015","Row",10,"Scss","Under Construction"
"35595",2015-02-01,"Feb 2015","Apartment",113,"Scss","Under Construction"
"35595",2015-02-01,"Feb 2015","All",292,"Scss","Under Construction"
"35595",2015-03-01,"Mar 2015","Single",142,"Scss","Under Construction"
"35595",2015-03-01,"Mar 2015","Semi-Detached",10,"Scss","Under Construction"
"35595",2015-03-01,"Mar 2015","Row",10,"Scss","Under Construction"
"35595",2015-03-01,"Mar 2015","Apartment",113,"Scss","Under Construction"
"35595",2015-03-01,"Mar 2015","All",275,"Scss","Under Construction"
"35595",2015-04-01,"Apr 2015","Single",127,"Scss","Under Construction"
"35595",2015-04-01,"Apr 2015","Semi-Detached",8,"Scss","Under Construction"
"35595",2015-04-01,"Apr 2015","Row",10,"Scss","Under Construction"
"35595",2015-04-01,"Apr 2015","Apartment",77,"Scss","Under Construction"
"35595",2015-04-01,"Apr 2015","All",222,"Scss","Under Construction"
"35595",2015-05-01,"May 2015","Single",119,"Scss","Under Construction"
"35595",2015-05-01,"May 2015","Semi-Detached",8,"Scss","Under Construction"
"35595",2015-05-01,"May 2015","Row",10,"Scss","Under Construction"
"35595",2015-05-01,"May 2015","Apartment",28,"Scss","Under Construction"
"35595",2015-05-01,"May 2015","All",165,"Scss","Under Construction"
"35595",2015-06-01,"Jun 2015","Single",132,"Scss","Under Construction"
"35595",2015-06-01,"Jun 2015","Semi-Detached",11,"Scss","Under Construction"
"35595",2015-06-01,"Jun 2015","Row",14,"Scss","Under Construction"
"35595",2015-06-01,"Jun 2015","Apartment",24,"Scss","Under Construction"
"35595",2015-06-01,"Jun 2015","All",181,"Scss","Under Construction"
"35595",2015-07-01,"Jul 2015","Single",140,"Scss","Under Construction"
"35595",2015-07-01,"Jul 2015","Semi-Detached",15,"Scss","Under Construction"
"35595",2015-07-01,"Jul 2015","Row",14,"Scss","Under Construction"
"35595",2015-07-01,"Jul 2015","Apartment",38,"Scss","Under Construction"
"35595",2015-07-01,"Jul 2015","All",207,"Scss","Under Construction"
"35595",2015-08-01,"Aug 2015","Single",154,"Scss","Under Construction"
"35595",2015-08-01,"Aug 2015","Semi-Detached",19,"Scss","Under Construction"
"35595",2015-08-01,"Aug 2015","Row",20,"Scss","Under Construction"
"35595",2015-08-01,"Aug 2015","Apartment",38,"Scss","Under Construction"
"35595",2015-08-01,"Aug 2015","All",231,"Scss","Under Construction"
"35595",2015-09-01,"Sep 2015","Single",152,"Scss","Under Construction"
"35595",2015-09-01,"Sep 2015","Semi-Detached",21,"Scss","Under Construction"
"35595",2015-09-01,"Sep 2015","Row",20,"Scss","Under Construction"
"35595",2015-09-01,"Sep 2015","Apartment",55,"Scss","Under Construction"
"35595",2015-09-01,"Sep 2015","All",248,"Scss","Under Construction"
"35595",2015-10-01,"Oct 2015","Single",160,"Scss","Under Construction"
"35595",2015-10-01,"Oct 2015","Semi-Detached",23,"Scss","Under Construction"
"35595",2015-10-01,"Oct 2015","Row",20,"Scss","Under Construction"
"35595",2015-10-01,"Oct 2015","Apartment",65,"Scss","Under Construction"
"35595",2015-10-01,"Oct 2015","All",268,"Scss","Under Construction"
"35595",2015-11-01,"Nov 2015","Single",162,"Scss","Under Construction"
"35595",2015-11-01,"Nov 2015","Semi-Detached",19,"Scss","Under Construction"
"35595",2015-11-01,"Nov 2015","Row",14,"Scss","Under Construction"
"35595",2015-11-01,"Nov 2015","Apartment",65,"Scss","Under Construction"
"35595",2015-11-01,"Nov 2015","All",260,"Scss","Under Construction"
"35595",2015-12-01,"Dec 2015","Single",149,"Scss","Under Construction"
"35595",2015-12-01,"Dec 2015","Semi-Detached",17,"Scss","Under Construction"
"35595",2015-12-01,"Dec 2015","Row",14,"Scss","Under Construction"
"35595",2015-12-01,"Dec 2015","Apartment",59,"Scss","Under Construction"
"35595",2015-12-01,"Dec 2015","All",239,"Scss","Under Construction"
"35595",2016-01-01,"Jan 2016","Single",146,"Scss","Under Construction"
"35595",2016-01-01,"Jan 2016","Semi-Detached",17,"Scss","Under Construction"
"35595",2016-01-01,"Jan 2016","Row",14,"Scss","Under Construction"
"35595",2016-01-01,"Jan 2016","Apartment",55,"Scss","Under Construction"
"35595",2016-01-01,"Jan 2016","All",232,"Scss","Under Construction"
"35595",2016-02-01,"Feb 2016","Single",136,"Scss","Under Construction"
"35595",2016-02-01,"Feb 2016","Semi-Detached",15,"Scss","Under Construction"
"35595",2016-02-01,"Feb 2016","Row",14,"Scss","Under Construction"
"35595",2016-02-01,"Feb 2016","Apartment",55,"Scss","Under Construction"
"35595",2016-02-01,"Feb 2016","All",220,"Scss","Under Construction"
"35595",2016-03-01,"Mar 2016","Single",118,"Scss","Under Construction"
"35595",2016-03-01,"Mar 2016","Semi-Detached",14,"Scss","Under Construction"
"35595",2016-03-01,"Mar 2016","Row",14,"Scss","Under Construction"
"35595",2016-03-01,"Mar 2016","Apartment",55,"Scss","Under Construction"
"35595",2016-03-01,"Mar 2016","All",201,"Scss","Under Construction"
"35595",2016-04-01,"Apr 2016","Single",107,"Scss","Under Construction"
"35595",2016-04-01,"Apr 2016","Semi-Detached",10,"Scss","Under Construction"
"35595",2016-04-01,"Apr 2016","Row",14,"Scss","Under Construction"
"35595",2016-04-01,"Apr 2016","Apartment",51,"Scss","Under Construction"
"35595",2016-04-01,"Apr 2016","All",182,"Scss","Under Construction"
"35595",2016-05-01,"May 2016","Single",103,"Scss","Under Construction"
"35595",2016-05-01,"May 2016","Semi-Detached",10,"Scss","Under Construction"
"35595",2016-05-01,"May 2016","Row",10,"Scss","Under Construction"
"35595",2016-05-01,"May 2016","Apartment",43,"Scss","Under Construction"
"35595",2016-05-01,"May 2016","All",166,"Scss","Under Construction"
"35595",2016-06-01,"Jun 2016","Single",115,"Scss","Under Construction"
"35595",2016-06-01,"Jun 2016","Semi-Detached",8,"Scss","Under Construction"
"35595",2016-06-01,"Jun 2016","Row",10,"Scss","Under Construction"
"35595",2016-06-01,"Jun 2016","Apartment",39,"Scss","Under Construction"
"35595",2016-06-01,"Jun 2016","All",172,"Scss","Under Construction"
"35595",2016-07-01,"Jul 2016","Single",124,"Scss","Under Construction"
"35595",2016-07-01,"Jul 2016","Semi-Detached",8,"Scss","Under Construction"
"35595",2016-07-01,"Jul 2016","Row",14,"Scss","Under Construction"
"35595",2016-07-01,"Jul 2016","Apartment",39,"Scss","Under Construction"
"35595",2016-07-01,"Jul 2016","All",185,"Scss","Under Construction"
"35595",2016-08-01,"Aug 2016","Single",135,"Scss","Under Construction"
"35595",2016-08-01,"Aug 2016","Semi-Detached",10,"Scss","Under Construction"
"35595",2016-08-01,"Aug 2016","Row",14,"Scss","Under Construction"
"35595",2016-08-01,"Aug 2016","Apartment",41,"Scss","Under Construction"
"35595",2016-08-01,"Aug 2016","All",200,"Scss","Under Construction"
"35595",2016-09-01,"Sep 2016","Single",137,"Scss","Under Construction"
"35595",2016-09-01,"Sep 2016","Semi-Detached",12,"Scss","Under Construction"
"35595",2016-09-01,"Sep 2016","Row",18,"Scss","Under Construction"
"35595",2016-09-01,"Sep 2016","Apartment",41,"Scss","Under Construction"
"35595",2016-09-01,"Sep 2016","All",208,"Scss","Under Construction"
"35595",2016-10-01,"Oct 2016","Single",148,"Scss","Under Construction"
"35595",2016-10-01,"Oct 2016","Semi-Detached",10,"Scss","Under Construction"
"35595",2016-10-01,"Oct 2016","Row",12,"Scss","Under Construction"
"35595",2016-10-01,"Oct 2016","Apartment",37,"Scss","Under Construction"
"35595",2016-10-01,"Oct 2016","All",207,"Scss","Under Construction"
"35595",2016-11-01,"Nov 2016","Single",140,"Scss","Under Construction"
"35595",2016-11-01,"Nov 2016","Semi-Detached",12,"Scss","Under Construction"
"35595",2016-11-01,"Nov 2016","Row",8,"Scss","Under Construction"
"35595",2016-11-01,"Nov 2016","Apartment",18,"Scss","Under Construction"
"35595",2016-11-01,"Nov 2016","All",178,"Scss","Under Construction"
"35595",2016-12-01,"Dec 2016","Single",134,"Scss","Under Construction"
"35595",2016-12-01,"Dec 2016","Semi-Detached",12,"Scss","Under Construction"
"35595",2016-12-01,"Dec 2016","Row",12,"Scss","Under Construction"
"35595",2016-12-01,"Dec 2016","Apartment",18,"Scss","Under Construction"
"35595",2016-12-01,"Dec 2016","All",176,"Scss","Under Construction"
"35595",2017-01-01,"Jan 2017","Single",131,"Scss","Under Construction"
"35595",2017-01-01,"Jan 2017","Semi-Detached",10,"Scss","Under Construction"
"35595",2017-01-01,"Jan 2017","Row",12,"Scss","Under Construction"
"35595",2017-01-01,"Jan 2017","Apartment",18,"Scss","Under Construction"
"35595",2017-01-01,"Jan 2017","All",171,"Scss","Under Construction"
"35595",2017-02-01,"Feb 2017","Single",118,"Scss","Under Construction"
"35595",2017-02-01,"Feb 2017","Semi-Detached",8,"Scss","Under Construction"
"35595",2017-02-01,"Feb 2017","Row",12,"Scss","Under Construction"
"35595",2017-02-01,"Feb 2017","Apartment",12,"Scss","Under Construction"
"35595",2017-02-01,"Feb 2017","All",150,"Scss","Under Construction"
"35595",2017-03-01,"Mar 2017","Single",111,"Scss","Under Construction"
"35595",2017-03-01,"Mar 2017","Semi-Detached",8,"Scss","Under Construction"
"35595",2017-03-01,"Mar 2017","Row",12,"Scss","Under Construction"
"35595",2017-03-01,"Mar 2017","Apartment",12,"Scss","Under Construction"
"35595",2017-03-01,"Mar 2017","All",143,"Scss","Under Construction"
"35595",2017-04-01,"Apr 2017","Single",97,"Scss","Under Construction"
"35595",2017-04-01,"Apr 2017","Semi-Detached",10,"Scss","Under Construction"
"35595",2017-04-01,"Apr 2017","Row",12,"Scss","Under Construction"
"35595",2017-04-01,"Apr 2017","Apartment",0,"Scss","Under Construction"
"35595",2017-04-01,"Apr 2017","All",119,"Scss","Under Construction"
"35595",2017-05-01,"May 2017","Single",94,"Scss","Under Construction"
"35595",2017-05-01,"May 2017","Semi-Detached",6,"Scss","Under Construction"
"35595",2017-05-01,"May 2017","Row",12,"Scss","Under Construction"
"35595",2017-05-01,"May 2017","Apartment",44,"Scss","Under Construction"
"35595",2017-05-01,"May 2017","All",156,"Scss","Under Construction"
"35595",2017-06-01,"Jun 2017","Single",104,"Scss","Under Construction"
"35595",2017-06-01,"Jun 2017","Semi-Detached",6,"Scss","Under Construction"
"35595",2017-06-01,"Jun 2017","Row",12,"Scss","Under Construction"
"35595",2017-06-01,"Jun 2017","Apartment",68,"Scss","Under Construction"
"35595",2017-06-01,"Jun 2017","All",190,"Scss","Under Construction"
"35595",2017-07-01,"Jul 2017","Single",109,"Scss","Under Construction"
"35595",2017-07-01,"Jul 2017","Semi-Detached",8,"Scss","Under Construction"
"35595",2017-07-01,"Jul 2017","Row",12,"Scss","Under Construction"
"35595",2017-07-01,"Jul 2017","Apartment",68,"Scss","Under Construction"
"35595",2017-07-01,"Jul 2017","All",197,"Scss","Under Construction"
"35595",2017-08-01,"Aug 2017","Single",119,"Scss","Under Construction"
"35595",2017-08-01,"Aug 2017","Semi-Detached",6,"Scss","Under Construction"
"35595",2017-08-01,"Aug 2017","Row",8,"Scss","Under Construction"
"35595",2017-08-01,"Aug 2017","Apartment",92,"Scss","Under Construction"
"35595",2017-08-01,"Aug 2017","All",225,"Scss","Under Construction"
"35595",2017-09-01,"Sep 2017","Single",124,"Scss","Under Construction"
"35595",2017-09-01,"Sep 2017","Semi-Detached",6,"Scss","Under Construction"
"35595",2017-09-01,"Sep 2017","Row",8,"Scss","Under Construction"
"35595",2017-09-01,"Sep 2017","Apartment",116,"Scss","Under Construction"
"35595",2017-09-01,"Sep 2017","All",254,"Scss","Under Construction"
"35595",2017-10-01,"Oct 2017","Single",127,"Scss","Under Construction"
"35595",2017-10-01,"Oct 2017","Semi-Detached",6,"Scss","Under Construction"
"35595",2017-10-01,"Oct 2017","Row",8,"Scss","Under Construction"
"35595",2017-10-01,"Oct 2017","Apartment",144,"Scss","Under Construction"
"35595",2017-10-01,"Oct 2017","All",285,"Scss","Under Construction"
"35595",2017-11-01,"Nov 2017","Single",139,"Scss","Under Construction"
"35595",2017-11-01,"Nov 2017","Semi-Detached",8,"Scss","Under Construction"
"35595",2017-11-01,"Nov 2017","Row",0,"Scss","Under Construction"
"35595",2017-11-01,"Nov 2017","Apartment",154,"Scss","Under Construction"
"35595",2017-11-01,"Nov 2017","All",301,"Scss","Under Construction"
"35595",2017-12-01,"Dec 2017","Single",131,"Scss","Under Construction"
"35595",2017-12-01,"Dec 2017","Semi-Detached",8,"Scss","Under Construction"
"35595",2017-12-01,"Dec 2017","Row",0,"Scss","Under Construction"
"35595",2017-12-01,"Dec 2017","Apartment",154,"Scss","Under Construction"
"35595",2017-12-01,"Dec 2017","All",293,"Scss","Under Construction"
"35595",2018-01-01,"Jan 2018","Single",124,"Scss","Under Construction"
"35595",2018-01-01,"Jan 2018","Semi-Detached",8,"Scss","Under Construction"
"35595",2018-01-01,"Jan 2018","Row",0,"Scss","Under Construction"
"35595",2018-01-01,"Jan 2018","Apartment",154,"Scss","Under Construction"
"35595",2018-01-01,"Jan 2018","All",286,"Scss","Under Construction"
"35595",2018-02-01,"Feb 2018","Single",122,"Scss","Under Construction"
"35595",2018-02-01,"Feb 2018","Semi-Detached",8,"Scss","Under Construction"
"35595",2018-02-01,"Feb 2018","Row",0,"Scss","Under Construction"
"35595",2018-02-01,"Feb 2018","Apartment",154,"Scss","Under Construction"
"35595",2018-02-01,"Feb 2018","All",284,"Scss","Under Construction"
"35595",2018-03-01,"Mar 2018","Single",109,"Scss","Under Construction"
"35595",2018-03-01,"Mar 2018","Semi-Detached",8,"Scss","Under Construction"
"35595",2018-03-01,"Mar 2018","Row",0,"Scss","Under Construction"
"35595",2018-03-01,"Mar 2018","Apartment",154,"Scss","Under Construction"
"35595",2018-03-01,"Mar 2018","All",271,"Scss","Under Construction"
"35595",2018-04-01,"Apr 2018","Single",100,"Scss","Under Construction"
"35595",2018-04-01,"Apr 2018","Semi-Detached",8,"Scss","Under Construction"
"35595",2018-04-01,"Apr 2018","Row",0,"Scss","Under Construction"
"35595",2018-04-01,"Apr 2018","Apartment",150,"Scss","Under Construction"
"35595",2018-04-01,"Apr 2018","All",258,"Scss","Under Construction"
"35595",2018-05-01,"May 2018","Single",94,"Scss","Under Construction"
"35595",2018-05-01,"May 2018","Semi-Detached",8,"Scss","Under Construction"
"35595",2018-05-01,"May 2018","Row",0,"Scss","Under Construction"
"35595",2018-05-01,"May 2018","Apartment",150,"Scss","Under Construction"
"35595",2018-05-01,"May 2018","All",252,"Scss","Under Construction"
"35595",2018-06-01,"Jun 2018","Single",98,"Scss","Under Construction"
"35595",2018-06-01,"Jun 2018","Semi-Detached",8,"Scss","Under Construction"
"35595",2018-06-01,"Jun 2018","Row",0,"Scss","Under Construction"
"35595",2018-06-01,"Jun 2018","Apartment",158,"Scss","Under Construction"
"35595",2018-06-01,"Jun 2018","All",264,"Scss","Under Construction"
"35595",2018-07-01,"Jul 2018","Single",121,"Scss","Under Construction"
"35595",2018-07-01,"Jul 2018","Semi-Detached",8,"Scss","Under Construction"
"35595",2018-07-01,"Jul 2018","Row",0,"Scss","Under Construction"
"35595",2018-07-01,"Jul 2018","Apartment",126,"Scss","Under Construction"
"35595",2018-07-01,"Jul 2018","All",255,"Scss","Under Construction"
"35595",2018-08-01,"Aug 2018","Single",134,"Scss","Under Construction"
"35595",2018-08-01,"Aug 2018","Semi-Detached",6,"Scss","Under Construction"
"35595",2018-08-01,"Aug 2018","Row",12,"Scss","Under Construction"
"35595",2018-08-01,"Aug 2018","Apartment",126,"Scss","Under Construction"
"35595",2018-08-01,"Aug 2018","All",278,"Scss","Under Construction"
"35595",2018-09-01,"Sep 2018","Single",147,"Scss","Under Construction"
"35595",2018-09-01,"Sep 2018","Semi-Detached",6,"Scss","Under Construction"
"35595",2018-09-01,"Sep 2018","Row",12,"Scss","Under Construction"
"35595",2018-09-01,"Sep 2018","Apartment",86,"Scss","Under Construction"
"35595",2018-09-01,"Sep 2018","All",251,"Scss","Under Construction"
"35595",2018-10-01,"Oct 2018","Single",153,"Scss","Under Construction"
"35595",2018-10-01,"Oct 2018","Semi-Detached",6,"Scss","Under Construction"
"35595",2018-10-01,"Oct 2018","Row",12,"Scss","Under Construction"
"35595",2018-10-01,"Oct 2018","Apartment",86,"Scss","Under Construction"
"35595",2018-10-01,"Oct 2018","All",257,"Scss","Under Construction"
"35595",2018-11-01,"Nov 2018","Single",150,"Scss","Under Construction"
"35595",2018-11-01,"Nov 2018","Semi-Detached",4,"Scss","Under Construction"
"35595",2018-11-01,"Nov 2018","Row",25,"Scss","Under Construction"
"35595",2018-11-01,"Nov 2018","Apartment",62,"Scss","Under Construction"
"35595",2018-11-01,"Nov 2018","All",241,"Scss","Under Construction"
"35595",2018-12-01,"Dec 2018","Single",153,"Scss","Under Construction"
"35595",2018-12-01,"Dec 2018","Semi-Detached",4,"Scss","Under Construction"
"35595",2018-12-01,"Dec 2018","Row",25,"Scss","Under Construction"
"35595",2018-12-01,"Dec 2018","Apartment",62,"Scss","Under Construction"
"35595",2018-12-01,"Dec 2018","All",244,"Scss","Under Construction"
"35595",2019-01-01,"Jan 2019","Single",148,"Scss","Under Construction"
"35595",2019-01-01,"Jan 2019","Semi-Detached",4,"Scss","Under Construction"
"35595",2019-01-01,"Jan 2019","Row",25,"Scss","Under Construction"
"35595",2019-01-01,"Jan 2019","Apartment",54,"Scss","Under Construction"
"35595",2019-01-01,"Jan 2019","All",231,"Scss","Under Construction"
"35595",2019-02-01,"Feb 2019","Single",144,"Scss","Under Construction"
"35595",2019-02-01,"Feb 2019","Semi-Detached",4,"Scss","Under Construction"
"35595",2019-02-01,"Feb 2019","Row",25,"Scss","Under Construction"
"35595",2019-02-01,"Feb 2019","Apartment",54,"Scss","Under Construction"
"35595",2019-02-01,"Feb 2019","All",227,"Scss","Under Construction"
"35595",2019-03-01,"Mar 2019","Single",135,"Scss","Under Construction"
"35595",2019-03-01,"Mar 2019","Semi-Detached",4,"Scss","Under Construction"
"35595",2019-03-01,"Mar 2019","Row",25,"Scss","Under Construction"
"35595",2019-03-01,"Mar 2019","Apartment",54,"Scss","Under Construction"
"35595",2019-03-01,"Mar 2019","All",218,"Scss","Under Construction"
"35595",2019-04-01,"Apr 2019","Single",124,"Scss","Under Construction"
"35595",2019-04-01,"Apr 2019","Semi-Detached",2,"Scss","Under Construction"
"35595",2019-04-01,"Apr 2019","Row",25,"Scss","Under Construction"
"35595",2019-04-01,"Apr 2019","Apartment",48,"Scss","Under Construction"
"35595",2019-04-01,"Apr 2019","All",199,"Scss","Under Construction"
"35595",2019-05-01,"May 2019","Single",99,"Scss","Under Construction"
"35595",2019-05-01,"May 2019","Semi-Detached",2,"Scss","Under Construction"
"35595",2019-05-01,"May 2019","Row",29,"Scss","Under Construction"
"35595",2019-05-01,"May 2019","Apartment",24,"Scss","Under Construction"
"35595",2019-05-01,"May 2019","All",154,"Scss","Under Construction"
"35595",2019-06-01,"Jun 2019","Single",89,"Scss","Under Construction"
"35595",2019-06-01,"Jun 2019","Semi-Detached",0,"Scss","Under Construction"
"35595",2019-06-01,"Jun 2019","Row",21,"Scss","Under Construction"
"35595",2019-06-01,"Jun 2019","Apartment",28,"Scss","Under Construction"
"35595",2019-06-01,"Jun 2019","All",138,"Scss","Under Construction"
"35595",2019-07-01,"Jul 2019","Single",84,"Scss","Under Construction"
"35595",2019-07-01,"Jul 2019","Semi-Detached",0,"Scss","Under Construction"
"35595",2019-07-01,"Jul 2019","Row",17,"Scss","Under Construction"
"35595",2019-07-01,"Jul 2019","Apartment",13,"Scss","Under Construction"
"35595",2019-07-01,"Jul 2019","All",114,"Scss","Under Construction"
"35595",2019-08-01,"Aug 2019","Single",92,"Scss","Under Construction"
"35595",2019-08-01,"Aug 2019","Semi-Detached",0,"Scss","Under Construction"
"35595",2019-08-01,"Aug 2019","Row",21,"Scss","Under Construction"
"35595",2019-08-01,"Aug 2019","Apartment",13,"Scss","Under Construction"
"35595",2019-08-01,"Aug 2019","All",126,"Scss","Under Construction"
"35595",2019-09-01,"Sep 2019","Single",101,"Scss","Under Construction"
"35595",2019-09-01,"Sep 2019","Semi-Detached",2,"Scss","Under Construction"
"35595",2019-09-01,"Sep 2019","Row",21,"Scss","Under Construction"
"35595",2019-09-01,"Sep 2019","Apartment",14,"Scss","Under Construction"
"35595",2019-09-01,"Sep 2019","All",138,"Scss","Under Construction"
"35595",2019-10-01,"Oct 2019","Single",115,"Scss","Under Construction"
"35595",2019-10-01,"Oct 2019","Semi-Detached",2,"Scss","Under Construction"
"35595",2019-10-01,"Oct 2019","Row",21,"Scss","Under Construction"
"35595",2019-10-01,"Oct 2019","Apartment",69,"Scss","Under Construction"
"35595",2019-10-01,"Oct 2019","All",207,"Scss","Under Construction"
"35595",2019-11-01,"Nov 2019","Single",113,"Scss","Under Construction"
"35595",2019-11-01,"Nov 2019","Semi-Detached",2,"Scss","Under Construction"
"35595",2019-11-01,"Nov 2019","Row",21,"Scss","Under Construction"
"35595",2019-11-01,"Nov 2019","Apartment",69,"Scss","Under Construction"
"35595",2019-11-01,"Nov 2019","All",205,"Scss","Under Construction"
"35595",2019-12-01,"Dec 2019","Single",106,"Scss","Under Construction"
"35595",2019-12-01,"Dec 2019","Semi-Detached",2,"Scss","Under Construction"
"35595",2019-12-01,"Dec 2019","Row",21,"Scss","Under Construction"
"35595",2019-12-01,"Dec 2019","Apartment",65,"Scss","Under Construction"
"35595",2019-12-01,"Dec 2019","All",194,"Scss","Under Construction"
"35595",2020-01-01,"Jan 2020","Single",98,"Scss","Under Construction"
"35595",2020-01-01,"Jan 2020","Semi-Detached",2,"Scss","Under Construction"
"35595",2020-01-01,"Jan 2020","Row",12,"Scss","Under Construction"
"35595",2020-01-01,"Jan 2020","Apartment",65,"Scss","Under Construction"
"35595",2020-01-01,"Jan 2020","All",177,"Scss","Under Construction"
"35595",2020-02-01,"Feb 2020","Single",92,"Scss","Under Construction"
"35595",2020-02-01,"Feb 2020","Semi-Detached",2,"Scss","Under Construction"
"35595",2020-02-01,"Feb 2020","Row",12,"Scss","Under Construction"
"35595",2020-02-01,"Feb 2020","Apartment",65,"Scss","Under Construction"
"35595",2020-02-01,"Feb 2020","All",171,"Scss","Under Construction"
"35595",2020-03-01,"Mar 2020","Single",91,"Scss","Under Construction"
"35595",2020-03-01,"Mar 2020","Semi-Detached",2,"Scss","Under Construction"
"35595",2020-03-01,"Mar 2020","Row",12,"Scss","Under Construction"
"35595",2020-03-01,"Mar 2020","Apartment",65,"Scss","Under Construction"
"35595",2020-03-01,"Mar 2020","All",170,"Scss","Under Construction"
"35595",2020-04-01,"Apr 2020","Single",79,"Scss","Under Construction"
"35595",2020-04-01,"Apr 2020","Semi-Detached",2,"Scss","Under Construction"
"35595",2020-04-01,"Apr 2020","Row",8,"Scss","Under Construction"
"35595",2020-04-01,"Apr 2020","Apartment",65,"Scss","Under Construction"
"35595",2020-04-01,"Apr 2020","All",154,"Scss","Under Construction"
"35595",2020-05-01,"May 2020","Single",72,"Scss","Under Construction"
"35595",2020-05-01,"May 2020","Semi-Detached",2,"Scss","Under Construction"
"35595",2020-05-01,"May 2020","Row",8,"Scss","Under Construction"
"35595",2020-05-01,"May 2020","Apartment",89,"Scss","Under Construction"
"35595",2020-05-01,"May 2020","All",171,"Scss","Under Construction"
"35595",2020-06-01,"Jun 2020","Single",85,"Scss","Under Construction"
"35595",2020-06-01,"Jun 2020","Semi-Detached",4,"Scss","Under Construction"
"35595",2020-06-01,"Jun 2020","Row",8,"Scss","Under Construction"
"35595",2020-06-01,"Jun 2020","Apartment",109,"Scss","Under Construction"
"35595",2020-06-01,"Jun 2020","All",206,"Scss","Under Construction"
"35595",2020-07-01,"Jul 2020","Single",87,"Scss","Under Construction"
"35595",2020-07-01,"Jul 2020","Semi-Detached",10,"Scss","Under Construction"
"35595",2020-07-01,"Jul 2020","Row",8,"Scss","Under Construction"
"35595",2020-07-01,"Jul 2020","Apartment",81,"Scss","Under Construction"
"35595",2020-07-01,"Jul 2020","All",186,"Scss","Under Construction"
"35595",2020-08-01,"Aug 2020","Single",83,"Scss","Under Construction"
"35595",2020-08-01,"Aug 2020","Semi-Detached",10,"Scss","Under Construction"
"35595",2020-08-01,"Aug 2020","Row",0,"Scss","Under Construction"
"35595",2020-08-01,"Aug 2020","Apartment",81,"Scss","Under Construction"
"35595",2020-08-01,"Aug 2020","All",174,"Scss","Under Construction"
"35595",2020-09-01,"Sep 2020","Single",89,"Scss","Under Construction"
"35595",2020-09-01,"Sep 2020","Semi-Detached",10,"Scss","Under Construction"
"35595",2020-09-01,"Sep 2020","Row",0,"Scss","Under Construction"
"35595",2020-09-01,"Sep 2020","Apartment",55,"Scss","Under Construction"
"35595",2020-09-01,"Sep 2020","All",154,"Scss","Under Construction"
"35595",2020-10-01,"Oct 2020","Single",97,"Scss","Under Construction"
"35595",2020-10-01,"Oct 2020","Semi-Detached",10,"Scss","Under Construction"
"35595",2020-10-01,"Oct 2020","Row",0,"Scss","Under Construction"
"35595",2020-10-01,"Oct 2020","Apartment",59,"Scss","Under Construction"
"35595",2020-10-01,"Oct 2020","All",166,"Scss","Under Construction"
"35595",2020-11-01,"Nov 2020","Single",112,"Scss","Under Construction"
"35595",2020-11-01,"Nov 2020","Semi-Detached",10,"Scss","Under Construction"
"35595",2020-11-01,"Nov 2020","Row",0,"Scss","Under Construction"
"35595",2020-11-01,"Nov 2020","Apartment",59,"Scss","Under Construction"
"35595",2020-11-01,"Nov 2020","All",181,"Scss","Under Construction"
"35595",2020-12-01,"Dec 2020","Single",107,"Scss","Under Construction"
"35595",2020-12-01,"Dec 2020","Semi-Detached",8,"Scss","Under Construction"
"35595",2020-12-01,"Dec 2020","Row",0,"Scss","Under Construction"
"35595",2020-12-01,"Dec 2020","Apartment",42,"Scss","Under Construction"
"35595",2020-12-01,"Dec 2020","All",157,"Scss","Under Construction"
"35595",2021-01-01,"Jan 2021","Single",100,"Scss","Under Construction"
"35595",2021-01-01,"Jan 2021","Semi-Detached",8,"Scss","Under Construction"
"35595",2021-01-01,"Jan 2021","Row",0,"Scss","Under Construction"
"35595",2021-01-01,"Jan 2021","Apartment",38,"Scss","Under Construction"
"35595",2021-01-01,"Jan 2021","All",146,"Scss","Under Construction"
"35595",2021-02-01,"Feb 2021","Single",94,"Scss","Under Construction"
"35595",2021-02-01,"Feb 2021","Semi-Detached",6,"Scss","Under Construction"
"35595",2021-02-01,"Feb 2021","Row",0,"Scss","Under Construction"
"35595",2021-02-01,"Feb 2021","Apartment",38,"Scss","Under Construction"
"35595",2021-02-01,"Feb 2021","All",138,"Scss","Under Construction"
"35595",2021-03-01,"Mar 2021","Single",89,"Scss","Under Construction"
"35595",2021-03-01,"Mar 2021","Semi-Detached",6,"Scss","Under Construction"
"35595",2021-03-01,"Mar 2021","Row",0,"Scss","Under Construction"
"35595",2021-03-01,"Mar 2021","Apartment",34,"Scss","Under Construction"
"35595",2021-03-01,"Mar 2021","All",129,"Scss","Under Construction"
"35595",2021-04-01,"Apr 2021","Single",91,"Scss","Under Construction"
"35595",2021-04-01,"Apr 2021","Semi-Detached",6,"Scss","Under Construction"
"35595",2021-04-01,"Apr 2021","Row",4,"Scss","Under Construction"
"35595",2021-04-01,"Apr 2021","Apartment",34,"Scss","Under Construction"
"35595",2021-04-01,"Apr 2021","All",135,"Scss","Under Construction"
"35595",2021-05-01,"May 2021","Single",98,"Scss","Under Construction"
"35595",2021-05-01,"May 2021","Semi-Detached",8,"Scss","Under Construction"
"35595",2021-05-01,"May 2021","Row",9,"Scss","Under Construction"
"35595",2021-05-01,"May 2021","Apartment",30,"Scss","Under Construction"
"35595",2021-05-01,"May 2021","All",145,"Scss","Under Construction"
"35595",2021-06-01,"Jun 2021","Single",106,"Scss","Under Construction"
"35595",2021-06-01,"Jun 2021","Semi-Detached",8,"Scss","Under Construction"
"35595",2021-06-01,"Jun 2021","Row",9,"Scss","Under Construction"
"35595",2021-06-01,"Jun 2021","Apartment",30,"Scss","Under Construction"
"35595",2021-06-01,"Jun 2021","All",153,"Scss","Under Construction"
"35595",2021-07-01,"Jul 2021","Single",121,"Scss","Under Construction"
"35595",2021-07-01,"Jul 2021","Semi-Detached",12,"Scss","Under Construction"
"35595",2021-07-01,"Jul 2021","Row",9,"Scss","Under Construction"
"35595",2021-07-01,"Jul 2021","Apartment",86,"Scss","Under Construction"
"35595",2021-07-01,"Jul 2021","All",228,"Scss","Under Construction"
"35595",2021-08-01,"Aug 2021","Single",120,"Scss","Under Construction"
"35595",2021-08-01,"Aug 2021","Semi-Detached",10,"Scss","Under Construction"
"35595",2021-08-01,"Aug 2021","Row",9,"Scss","Under Construction"
"35595",2021-08-01,"Aug 2021","Apartment",86,"Scss","Under Construction"
"35595",2021-08-01,"Aug 2021","All",225,"Scss","Under Construction"
"35595",2021-09-01,"Sep 2021","Single",135,"Scss","Under Construction"
"35595",2021-09-01,"Sep 2021","Semi-Detached",10,"Scss","Under Construction"
"35595",2021-09-01,"Sep 2021","Row",9,"Scss","Under Construction"
"35595",2021-09-01,"Sep 2021","Apartment",82,"Scss","Under Construction"
"35595",2021-09-01,"Sep 2021","All",236,"Scss","Under Construction"
"35595",2021-10-01,"Oct 2021","Single",137,"Scss","Under Construction"
"35595",2021-10-01,"Oct 2021","Semi-Detached",8,"Scss","Under Construction"
"35595",2021-10-01,"Oct 2021","Row",9,"Scss","Under Construction"
"35595",2021-10-01,"Oct 2021","Apartment",82,"Scss","Under Construction"
"35595",2021-10-01,"Oct 2021","All",236,"Scss","Under Construction"
"35595",2021-11-01,"Nov 2021","Single",134,"Scss","Under Construction"
"35595",2021-11-01,"Nov 2021","Semi-Detached",8,"Scss","Under Construction"
"35595",2021-11-01,"Nov 2021","Row",9,"Scss","Under Construction"
"35595",2021-11-01,"Nov 2021","Apartment",62,"Scss","Under Construction"
"35595",2021-11-01,"Nov 2021","All",213,"Scss","Under Construction"
"35595",2021-12-01,"Dec 2021","Single",121,"Scss","Under Construction"
"35595",2021-12-01,"Dec 2021","Semi-Detached",8,"Scss","Under Construction"
"35595",2021-12-01,"Dec 2021","Row",9,"Scss","Under Construction"
"35595",2021-12-01,"Dec 2021","Apartment",60,"Scss","Under Construction"
"35595",2021-12-01,"Dec 2021","All",198,"Scss","Under Construction"
"35595",2022-01-01,"Jan 2022","Single",115,"Scss","Under Construction"
"35595",2022-01-01,"Jan 2022","Semi-Detached",6,"Scss","Under Construction"
"35595",2022-01-01,"Jan 2022","Row",5,"Scss","Under Construction"
"35595",2022-01-01,"Jan 2022","Apartment",60,"Scss","Under Construction"
"35595",2022-01-01,"Jan 2022","All",186,"Scss","Under Construction"
"35595",2022-02-01,"Feb 2022","Single",108,"Scss","Under Construction"
"35595",2022-02-01,"Feb 2022","Semi-Detached",6,"Scss","Under Construction"
"35595",2022-02-01,"Feb 2022","Row",5,"Scss","Under Construction"
"35595",2022-02-01,"Feb 2022","Apartment",64,"Scss","Under Construction"
"35595",2022-02-01,"Feb 2022","All",183,"Scss","Under Construction"
"35595",2022-03-01,"Mar 2022","Single",95,"Scss","Under Construction"
"35595",2022-03-01,"Mar 2022","Semi-Detached",6,"Scss","Under Construction"
"35595",2022-03-01,"Mar 2022","Row",5,"Scss","Under Construction"
"35595",2022-03-01,"Mar 2022","Apartment",64,"Scss","Under Construction"
"35595",2022-03-01,"Mar 2022","All",170,"Scss","Under Construction"
"35595",2022-04-01,"Apr 2022","Single",91,"Scss","Under Construction"
"35595",2022-04-01,"Apr 2022","Semi-Detached",2,"Scss","Under Construction"
"35595",2022-04-01,"Apr 2022","Row",5,"Scss","Under Construction"
"35595",2022-04-01,"Apr 2022","Apartment",64,"Scss","Under Construction"
"35595",2022-04-01,"Apr 2022","All",162,"Scss","Under Construction"
"35595",2022-05-01,"May 2022","Single",93,"Scss","Under Construction"
"35595",2022-05-01,"May 2022","Semi-Detached",2,"Scss","Under Construction"
"35595",2022-05-01,"May 2022","Row",5,"Scss","Under Construction"
"35595",2022-05-01,"May 2022","Apartment",64,"Scss","Under Construction"
"35595",2022-05-01,"May 2022","All",164,"Scss","Under Construction"
"35595",2022-06-01,"Jun 2022","Single",101,"Scss","Under Construction"
"35595",2022-06-01,"Jun 2022","Semi-Detached",2,"Scss","Under Construction"
"35595",2022-06-01,"Jun 2022","Row",5,"Scss","Under Construction"
"35595",2022-06-01,"Jun 2022","Apartment",76,"Scss","Under Construction"
"35595",2022-06-01,"Jun 2022","All",184,"Scss","Under Construction"
"35595",2022-07-01,"Jul 2022","Single",113,"Scss","Under Construction"
"35595",2022-07-01,"Jul 2022","Semi-Detached",2,"Scss","Under Construction"
"35595",2022-07-01,"Jul 2022","Row",5,"Scss","Under Construction"
"35595",2022-07-01,"Jul 2022","Apartment",63,"Scss","Under Construction"
"35595",2022-07-01,"Jul 2022","All",183,"Scss","Under Construction"
"35595",2022-08-01,"Aug 2022","Single",120,"Scss","Under Construction"
"35595",2022-08-01,"Aug 2022","Semi-Detached",2,"Scss","Under Construction"
"35595",2022-08-01,"Aug 2022","Row",5,"Scss","Under Construction"
"35595",2022-08-01,"Aug 2022","Apartment",63,"Scss","Under Construction"
"35595",2022-08-01,"Aug 2022","All",190,"Scss","Under Construction"
"35595",2022-09-01,"Sep 2022","Single",130,"Scss","Under Construction"
"35595",2022-09-01,"Sep 2022","Semi-Detached",2,"Scss","Under Construction"
"35595",2022-09-01,"Sep 2022","Row",0,"Scss","Under Construction"
"35595",2022-09-01,"Sep 2022","Apartment",71,"Scss","Under Construction"
"35595",2022-09-01,"Sep 2022","All",203,"Scss","Under Construction"
"35595",2022-10-01,"Oct 2022","Single",133,"Scss","Under Construction"
"35595",2022-10-01,"Oct 2022","Semi-Detached",6,"Scss","Under Construction"
"35595",2022-10-01,"Oct 2022","Row",0,"Scss","Under Construction"
"35595",2022-10-01,"Oct 2022","Apartment",71,"Scss","Under Construction"
"35595",2022-10-01,"Oct 2022","All",210,"Scss","Under Construction"
"35595",2022-11-01,"Nov 2022","Single",141,"Scss","Under Construction"
"35595",2022-11-01,"Nov 2022","Semi-Detached",8,"Scss","Under Construction"
"35595",2022-11-01,"Nov 2022","Row",0,"Scss","Under Construction"
"35595",2022-11-01,"Nov 2022","Apartment",71,"Scss","Under Construction"
"35595",2022-11-01,"Nov 2022","All",220,"Scss","Under Construction"
"35595",2022-12-01,"Dec 2022","Single",131,"Scss","Under Construction"
"35595",2022-12-01,"Dec 2022","Semi-Detached",8,"Scss","Under Construction"
"35595",2022-12-01,"Dec 2022","Row",0,"Scss","Under Construction"
"35595",2022-12-01,"Dec 2022","Apartment",71,"Scss","Under Construction"
"35595",2022-12-01,"Dec 2022","All",210,"Scss","Under Construction"
"35595",2023-01-01,"Jan 2023","Single",132,"Scss","Under Construction"
"35595",2023-01-01,"Jan 2023","Semi-Detached",8,"Scss","Under Construction"
"35595",2023-01-01,"Jan 2023","Row",0,"Scss","Under Construction"
"35595",2023-01-01,"Jan 2023","Apartment",77,"Scss","Under Construction"
"35595",2023-01-01,"Jan 2023","All",217,"Scss","Under Construction"
"35595",2023-02-01,"Feb 2023","Single",129,"Scss","Under Construction"
"35595",2023-02-01,"Feb 2023","Semi-Detached",8,"Scss","Under Construction"
"35595",2023-02-01,"Feb 2023","Row",0,"Scss","Under Construction"
"35595",2023-02-01,"Feb 2023","Apartment",64,"Scss","Under Construction"
"35595",2023-02-01,"Feb 2023","All",201,"Scss","Under Construction"
"35595",2023-03-01,"Mar 2023","Single",124,"Scss","Under Construction"
"35595",2023-03-01,"Mar 2023","Semi-Detached",8,"Scss","Under Construction"
"35595",2023-03-01,"Mar 2023","Row",0,"Scss","Under Construction"
"35595",2023-03-01,"Mar 2023","Apartment",60,"Scss","Under Construction"
"35595",2023-03-01,"Mar 2023","All",192,"Scss","Under Construction"
"35595",2023-04-01,"Apr 2023","Single",113,"Scss","Under Construction"
"35595",2023-04-01,"Apr 2023","Semi-Detached",8,"Scss","Under Construction"
"35595",2023-04-01,"Apr 2023","Row",0,"Scss","Under Construction"
"35595",2023-04-01,"Apr 2023","Apartment",54,"Scss","Under Construction"
"35595",2023-04-01,"Apr 2023","All",175,"Scss","Under Construction"
"35595",2023-05-01,"May 2023","Single",107,"Scss","Under Construction"
"35595",2023-05-01,"May 2023","Semi-Detached",6,"Scss","Under Construction"
"35595",2023-05-01,"May 2023","Row",0,"Scss","Under Construction"
"35595",2023-05-01,"May 2023","Apartment",48,"Scss","Under Construction"
"35595",2023-05-01,"May 2023","All",161,"Scss","Under Construction"
"35595",2023-06-01,"Jun 2023","Single",118,"Scss","Under Construction"
"35595",2023-06-01,"Jun 2023","Semi-Detached",6,"Scss","Under Construction"
"35595",2023-06-01,"Jun 2023","Row",0,"Scss","Under Construction"
"35595",2023-06-01,"Jun 2023","Apartment",52,"Scss","Under Construction"
"35595",2023-06-01,"Jun 2023","All",176,"Scss","Under Construction"
"35595",2023-07-01,"Jul 2023","Single",121,"Scss","Under Construction"
"35595",2023-07-01,"Jul 2023","Semi-Detached",6,"Scss","Under Construction"
"35595",2023-07-01,"Jul 2023","Row",0,"Scss","Under Construction"
"35595",2023-07-01,"Jul 2023","Apartment",12,"Scss","Under Construction"
"35595",2023-07-01,"Jul 2023","All",139,"Scss","Under Construction"
"35595",2023-08-01,"Aug 2023","Single",119,"Scss","Under Construction"
"35595",2023-08-01,"Aug 2023","Semi-Detached",4,"Scss","Under Construction"
"35595",2023-08-01,"Aug 2023","Row",4,"Scss","Under Construction"
"35595",2023-08-01,"Aug 2023","Apartment",101,"Scss","Under Construction"
"35595",2023-08-01,"Aug 2023","All",228,"Scss","Under Construction"
"35595",2023-09-01,"Sep 2023","Single",143,"Scss","Under Construction"
"35595",2023-09-01,"Sep 2023","Semi-Detached",4,"Scss","Under Construction"
"35595",2023-09-01,"Sep 2023","Row",4,"Scss","Under Construction"
"35595",2023-09-01,"Sep 2023","Apartment",129,"Scss","Under Construction"
"35595",2023-09-01,"Sep 2023","All",280,"Scss","Under Construction"
"35595",2023-10-01,"Oct 2023","Single",148,"Scss","Under Construction"
"35595",2023-10-01,"Oct 2023","Semi-Detached",4,"Scss","Under Construction"
"35595",2023-10-01,"Oct 2023","Row",8,"Scss","Under Construction"
"35595",2023-10-01,"Oct 2023","Apartment",132,"Scss","Under Construction"
"35595",2023-10-01,"Oct 2023","All",292,"Scss","Under Construction"
"35595",2023-11-01,"Nov 2023","Single",140,"Scss","Under Construction"
"35595",2023-11-01,"Nov 2023","Semi-Detached",2,"Scss","Under Construction"
"35595",2023-11-01,"Nov 2023","Row",8,"Scss","Under Construction"
"35595",2023-11-01,"Nov 2023","Apartment",146,"Scss","Under Construction"
"35595",2023-11-01,"Nov 2023","All",296,"Scss","Under Construction"
"35595",2023-12-01,"Dec 2023","Single",129,"Scss","Under Construction"
"35595",2023-12-01,"Dec 2023","Semi-Detached",2,"Scss","Under Construction"
"35595",2023-12-01,"Dec 2023","Row",8,"Scss","Under Construction"
"35595",2023-12-01,"Dec 2023","Apartment",150,"Scss","Under Construction"
"35595",2023-12-01,"Dec 2023","All",289,"Scss","Under Construction"
"35595",2024-01-01,"Jan 2024","Single",122,"Scss","Under Construction"
"35595",2024-01-01,"Jan 2024","Semi-Detached",2,"Scss","Under Construction"
"35595",2024-01-01,"Jan 2024","Row",8,"Scss","Under Construction"
"35595",2024-01-01,"Jan 2024","Apartment",156,"Scss","Under Construction"
"35595",2024-01-01,"Jan 2024","All",288,"Scss","Under Construction"
"35595",2024-02-01,"Feb 2024","Single",118,"Scss","Under Construction"
"35595",2024-02-01,"Feb 2024","Semi-Detached",2,"Scss","Under Construction"
"35595",2024-02-01,"Feb 2024","Row",8,"Scss","Under Construction"
"35595",2024-02-01,"Feb 2024","Apartment",156,"Scss","Under Construction"
"35595",2024-02-01,"Feb 2024","All",284,"Scss","Under Construction"
"35595",2024-03-01,"Mar 2024","Single",111,"Scss","Under Construction"
"35595",2024-03-01,"Mar 2024","Semi-Detached",2,"Scss","Under Construction"
"35595",2024-03-01,"Mar 2024","Row",8,"Scss","Under Construction"
"35595",2024-03-01,"Mar 2024","Apartment",180,"Scss","Under Construction"
"35595",2024-03-01,"Mar 2024","All",301,"Scss","Under Construction"
"35595",2024-04-01,"Apr 2024","Single",97,"Scss","Under Construction"
"35595",2024-04-01,"Apr 2024","Semi-Detached",2,"Scss","Under Construction"
"35595",2024-04-01,"Apr 2024","Row",8,"Scss","Under Construction"
"35595",2024-04-01,"Apr 2024","Apartment",180,"Scss","Under Construction"
"35595",2024-04-01,"Apr 2024","All",287,"Scss","Under Construction"
"35595",2024-05-01,"May 2024","Single",101,"Scss","Under Construction"
"35595",2024-05-01,"May 2024","Semi-Detached",4,"Scss","Under Construction"
"35595",2024-05-01,"May 2024","Row",8,"Scss","Under Construction"
"35595",2024-05-01,"May 2024","Apartment",165,"Scss","Under Construction"
"35595",2024-05-01,"May 2024","All",278,"Scss","Under Construction"
"35595",2024-06-01,"Jun 2024","Single",100,"Scss","Under Construction"
"35595",2024-06-01,"Jun 2024","Semi-Detached",6,"Scss","Under Construction"
"35595",2024-06-01,"Jun 2024","Row",8,"Scss","Under Construction"
"35595",2024-06-01,"Jun 2024","Apartment",169,"Scss","Under Construction"
"35595",2024-06-01,"Jun 2024","All",283,"Scss","Under Construction"
"35595",2024-07-01,"Jul 2024","Single",99,"Scss","Under Construction"
"35595",2024-07-01,"Jul 2024","Semi-Detached",6,"Scss","Under Construction"
"35595",2024-07-01,"Jul 2024","Row",4,"Scss","Under Construction"
"35595",2024-07-01,"Jul 2024","Apartment",227,"Scss","Under Construction"
"35595",2024-07-01,"Jul 2024","All",336,"Scss","Under Construction"
"35595",2024-08-01,"Aug 2024","Single",104,"Scss","Under Construction"
"35595",2024-08-01,"Aug 2024","Semi-Detached",6,"Scss","Under Construction"
"35595",2024-08-01,"Aug 2024","Row",4,"Scss","Under Construction"
"35595",2024-08-01,"Aug 2024","Apartment",215,"Scss","Under Construction"
"35595",2024-08-01,"Aug 2024","All",329,"Scss","Under Construction"
"35595",2024-09-01,"Sep 2024","Single",111,"Scss","Under Construction"
"35595",2024-09-01,"Sep 2024","Semi-Detached",6,"Scss","Under Construction"
"35595",2024-09-01,"Sep 2024","Row",4,"Scss","Under Construction"
"35595",2024-09-01,"Sep 2024","Apartment",214,"Scss","Under Construction"
"35595",2024-09-01,"Sep 2024","All",335,"Scss","Under Construction"
"35595",2024-10-01,"Oct 2024","Single",122,"Scss","Under Construction"
"35595",2024-10-01,"Oct 2024","Semi-Detached",6,"Scss","Under Construction"
"35595",2024-10-01,"Oct 2024","Row",4,"Scss","Under Construction"
"35595",2024-10-01,"Oct 2024","Apartment",222,"Scss","Under Construction"
"35595",2024-10-01,"Oct 2024","All",354,"Scss","Under Construction"
"35595",2024-11-01,"Nov 2024","Single",124,"Scss","Under Construction"
"35595",2024-11-01,"Nov 2024","Semi-Detached",8,"Scss","Under Construction"
"35595",2024-11-01,"Nov 2024","Row",4,"Scss","Under Construction"
"35595",2024-11-01,"Nov 2024","Apartment",220,"Scss","Under Construction"
"35595",2024-11-01,"Nov 2024","All",356,"Scss","Under Construction"
"35595",2024-12-01,"Dec 2024","Single",131,"Scss","Under Construction"
"35595",2024-12-01,"Dec 2024","Semi-Detached",6,"Scss","Under Construction"
"35595",2024-12-01,"Dec 2024","Row",4,"Scss","Under Construction"
"35595",2024-12-01,"Dec 2024","Apartment",216,"Scss","Under Construction"
"35595",2024-12-01,"Dec 2024","All",357,"Scss","Under Construction"
"35595",2025-01-01,"Jan 2025","Single",118,"Scss","Under Construction"
"35595",2025-01-01,"Jan 2025","Semi-Detached",6,"Scss","Under Construction"
"35595",2025-01-01,"Jan 2025","Row",4,"Scss","Under Construction"
"35595",2025-01-01,"Jan 2025","Apartment",226,"Scss","Under Construction"
"35595",2025-01-01,"Jan 2025","All",354,"Scss","Under Construction"
"35595",2025-02-01,"Feb 2025","Single",112,"Scss","Under Construction"
"35595",2025-02-01,"Feb 2025","Semi-Detached",6,"Scss","Under Construction"
"35595",2025-02-01,"Feb 2025","Row",4,"Scss","Under Construction"
"35595",2025-02-01,"Feb 2025","Apartment",212,"Scss","Under Construction"
"35595",2025-02-01,"Feb 2025","All",334,"Scss","Under Construction"
"35595",2025-03-01,"Mar 2025","Single",106,"Scss","Under Construction"
"35595",2025-03-01,"Mar 2025","Semi-Detached",6,"Scss","Under Construction"
"35595",2025-03-01,"Mar 2025","Row",4,"Scss","Under Construction"
"35595",2025-03-01,"Mar 2025","Apartment",216,"Scss","Under Construction"
"35595",2025-03-01,"Mar 2025","All",332,"Scss","Under Construction"
"35595",2025-04-01,"Apr 2025","Single",107,"Scss","Under Construction"
"35595",2025-04-01,"Apr 2025","Semi-Detached",6,"Scss","Under Construction"
"35595",2025-04-01,"Apr 2025","Row",4,"Scss","Under Construction"
"35595",2025-04-01,"Apr 2025","Apartment",206,"Scss","Under Construction"
"35595",2025-04-01,"Apr 2025","All",323,"Scss","Under Construction"
"35595",2025-05-01,"May 2025","Single",114,"Scss","Under Construction"
"35595",2025-05-01,"May 2025","Semi-Detached",10,"Scss","Under Construction"
"35595",2025-05-01,"May 2025","Row",10,"Scss","Under Construction"
"35595",2025-05-01,"May 2025","Apartment",207,"Scss","Under Construction"
"35595",2025-05-01,"May 2025","All",341,"Scss","Under Construction"
"35595",2025-06-01,"Jun 2025","Single",129,"Scss","Under Construction"
"35595",2025-06-01,"Jun 2025","Semi-Detached",14,"Scss","Under Construction"
"35595",2025-06-01,"Jun 2025","Row",10,"Scss","Under Construction"
"35595",2025-06-01,"Jun 2025","Apartment",209,"Scss","Under Construction"
"35595",2025-06-01,"Jun 2025","All",362,"Scss","Under Construction"
"35595",2025-07-01,"Jul 2025","Single",125,"Scss","Under Construction"
"35595",2025-07-01,"Jul 2025","Semi-Detached",12,"Scss","Under Construction"
"35595",2025-07-01,"Jul 2025","Row",6,"Scss","Under Construction"
"35595",2025-07-01,"Jul 2025","Apartment",215,"Scss","Under Construction"
"35595",2025-07-01,"Jul 2025","All",358,"Scss","Under Construction"
"35595",2025-08-01,"Aug 2025","Single",130,"Scss","Under Construction"
"35595",2025-08-01,"Aug 2025","Semi-Detached",12,"Scss","Under Construction"
"35595",2025-08-01,"Aug 2025","Row",6,"Scss","Under Construction"
"35595",2025-08-01,"Aug 2025","Apartment",213,"Scss","Under Construction"
"35595",2025-08-01,"Aug 2025","All",361,"Scss","Under Construction"
"35595",2025-09-01,"Sep 2025","Single",146,"Scss","Under Construction"
"35595",2025-09-01,"Sep 2025","Semi-Detached",14,"Scss","Under Construction"
"35595",2025-09-01,"Sep 2025","Row",10,"Scss","Under Construction"
"35595",2025-09-01,"Sep 2025","Apartment",183,"Scss","Under Construction"
"35595",2025-09-01,"Sep 2025","All",353,"Scss","Under Construction"
"35595",2025-10-01,"Oct 2025","Single",144,"Scss","Under Construction"
"35595",2025-10-01,"Oct 2025","Semi-Detached",16,"Scss","Under Construction"
"35595",2025-10-01,"Oct 2025","Row",10,"Scss","Under Construction"
"35595",2025-10-01,"Oct 2025","Apartment",169,"Scss","Under Construction"
"35595",2025-10-01,"Oct 2025","All",339,"Scss","Under Construction"
"35595",2025-11-01,"Nov 2025","Single",147,"Scss","Under Construction"
"35595",2025-11-01,"Nov 2025","Semi-Detached",18,"Scss","Under Construction"
"35595",2025-11-01,"Nov 2025","Row",10,"Scss","Under Construction"
"35595",2025-11-01,"Nov 2025","Apartment",162,"Scss","Under Construction"
"35595",2025-11-01,"Nov 2025","All",337,"Scss","Under Construction"
"35595",2025-12-01,"Dec 2025","Single",133,"Scss","Under Construction"
"35595",2025-12-01,"Dec 2025","Semi-Detached",12,"Scss","Under Construction"
"35595",2025-12-01,"Dec 2025","Row",10,"Scss","Under Construction"
"35595",2025-12-01,"Dec 2025","Apartment",156,"Scss","Under Construction"
"35595",2025-12-01,"Dec 2025","All",311,"Scss","Under Construction"
"35595",2026-01-01,"Jan 2026","Single",133,"Scss","Under Construction"
"35595",2026-01-01,"Jan 2026","Semi-Detached",12,"Scss","Under Construction"
"35595",2026-01-01,"Jan 2026","Row",10,"Scss","Under Construction"
"35595",2026-01-01,"Jan 2026","Apartment",232,"Scss","Under Construction"
"35595",2026-01-01,"Jan 2026","All",387,"Scss","Under Construction"
"35595",2026-02-01,"Feb 2026","Single",123,"Scss","Under Construction"
"35595",2026-02-01,"Feb 2026","Semi-Detached",10,"Scss","Under Construction"
"35595",2026-02-01,"Feb 2026","Row",10,"Scss","Under Construction"
"35595",2026-02-01,"Feb 2026","Apartment",230,"Scss","Under Construction"
"35595",2026-02-01,"Feb 2026","All",373,"Scss","Under Construction"
