"GeoUID","Date","DateString","Dwelling Type","Value","Survey","Series"
"48850",1990-01-01,"Jan 1990","Single",46,"Scss","Under Construction"
"48850",1990-01-01,"Jan 1990","Semi-Detached",0,"Scss","Under Construction"
"48850",1990-01-01,"Jan 1990","Row",0,"Scss","Under Construction"
"48850",1990-01-01,"Jan 1990","Apartment",0,"Scss","Under Construction"
"48850",1990-01-01,"Jan 1990","All",46,"Scss","Under Construction"
"48850",1990-02-01,"Feb 1990","Single",49,"Scss","Under Construction"
"48850",1990-02-01,"Feb 1990","Semi-Detached",0,"Scss","Under Construction"
"48850",1990-02-01,"Feb 1990","Row",0,"Scss","Under Construction"
"48850",1990-02-01,"Feb 1990","Apartment",0,"Scss","Under Construction"
"48850",1990-02-01,"Feb 1990","All",49,"Scss","Under Construction"
"48850",1990-03-01,"Mar 1990","Single",57,"Scss","Under Construction"
"48850",1990-03-01,"Mar 1990","Semi-Detached",0,"Scss","Under Construction"
"48850",1990-03-01,"Mar 1990","Row",0,"Scss","Under Construction"
"48850",1990-03-01,"Mar 1990","Apartment",0,"Scss","Under Construction"
"48850",1990-03-01,"Mar 1990","All",57,"Scss","Under Construction"
"48850",1990-04-01,"Apr 1990","Single",68,"Scss","Under Construction"
"48850",1990-04-01,"Apr 1990","Semi-Detached",0,"Scss","Under Construction"
"48850",1990-04-01,"Apr 1990","Row",0,"Scss","Under Construction"
"48850",1990-04-01,"Apr 1990","Apartment",0,"Scss","Under Construction"
"48850",1990-04-01,"Apr 1990","All",68,"Scss","Under Construction"
"48850",1990-05-01,"May 1990","Single",79,"Scss","Under Construction"
"48850",1990-05-01,"May 1990","Semi-Detached",0,"Scss","Under Construction"
"48850",1990-05-01,"May 1990","Row",11,"Scss","Under Construction"
"48850",1990-05-01,"May 1990","Apartment",0,"Scss","Under Construction"
"48850",1990-05-01,"May 1990","All",90,"Scss","Under Construction"
"48850",1990-06-01,"Jun 1990","Single",76,"Scss","Under Construction"
"48850",1990-06-01,"Jun 1990","Semi-Detached",0,"Scss","Under Construction"
"48850",1990-06-01,"Jun 1990","Row",11,"Scss","Under Construction"
"48850",1990-06-01,"Jun 1990","Apartment",0,"Scss","Under Construction"
"48850",1990-06-01,"Jun 1990","All",87,"Scss","Under Construction"
"48850",1990-07-01,"Jul 1990","Single",74,"Scss","Under Construction"
"48850",1990-07-01,"Jul 1990","Semi-Detached",0,"Scss","Under Construction"
"48850",1990-07-01,"Jul 1990","Row",11,"Scss","Under Construction"
"48850",1990-07-01,"Jul 1990","Apartment",0,"Scss","Under Construction"
"48850",1990-07-01,"Jul 1990","All",85,"Scss","Under Construction"
"48850",1990-08-01,"Aug 1990","Single",47,"Scss","Under Construction"
"48850",1990-08-01,"Aug 1990","Semi-Detached",0,"Scss","Under Construction"
"48850",1990-08-01,"Aug 1990","Row",11,"Scss","Under Construction"
"48850",1990-08-01,"Aug 1990","Apartment",0,"Scss","Under Construction"
"48850",1990-08-01,"Aug 1990","All",58,"Scss","Under Construction"
"48850",1990-09-01,"Sep 1990","Single",37,"Scss","Under Construction"
"48850",1990-09-01,"Sep 1990","Semi-Detached",2,"Scss","Under Construction"
"48850",1990-09-01,"Sep 1990","Row",0,"Scss","Under Construction"
"48850",1990-09-01,"Sep 1990","Apartment",0,"Scss","Under Construction"
"48850",1990-09-01,"Sep 1990","All",39,"Scss","Under Construction"
"48850",1990-10-01,"Oct 1990","Single",34,"Scss","Under Construction"
"48850",1990-10-01,"Oct 1990","Semi-Detached",2,"Scss","Under Construction"
"48850",1990-10-01,"Oct 1990","Row",4,"Scss","Under Construction"
"48850",1990-10-01,"Oct 1990","Apartment",0,"Scss","Under Construction"
"48850",1990-10-01,"Oct 1990","All",40,"Scss","Under Construction"
"48850",1990-11-01,"Nov 1990","Single",35,"Scss","Under Construction"
"48850",1990-11-01,"Nov 1990","Semi-Detached",0,"Scss","Under Construction"
"48850",1990-11-01,"Nov 1990","Row",8,"Scss","Under Construction"
"48850",1990-11-01,"Nov 1990","Apartment",0,"Scss","Under Construction"
"48850",1990-11-01,"Nov 1990","All",43,"Scss","Under Construction"
"48850",1990-12-01,"Dec 1990","Single",29,"Scss","Under Construction"
"48850",1990-12-01,"Dec 1990","Semi-Detached",0,"Scss","Under Construction"
"48850",1990-12-01,"Dec 1990","Row",8,"Scss","Under Construction"
"48850",1990-12-01,"Dec 1990","Apartment",0,"Scss","Under Construction"
"48850",1990-12-01,"Dec 1990","All",37,"Scss","Under Construction"
"48850",1991-01-01,"Jan 1991","Single",25,"Scss","Under Construction"
"48850",1991-01-01,"Jan 1991","Semi-Detached",0,"Scss","Under Construction"
"48850",1991-01-01,"Jan 1991","Row",8,"Scss","Under Construction"
"48850",1991-01-01,"Jan 1991","Apartment",0,"Scss","Under Construction"
"48850",1991-01-01,"Jan 1991","All",33,"Scss","Under Construction"
"48850",1991-02-01,"Feb 1991","Single",30,"Scss","Under Construction"
"48850",1991-02-01,"Feb 1991","Semi-Detached",0,"Scss","Under Construction"
"48850",1991-02-01,"Feb 1991","Row",8,"Scss","Under Construction"
"48850",1991-02-01,"Feb 1991","Apartment",0,"Scss","Under Construction"
"48850",1991-02-01,"Feb 1991","All",38,"Scss","Under Construction"
"48850",1991-03-01,"Mar 1991","Single",23,"Scss","Under Construction"
"48850",1991-03-01,"Mar 1991","Semi-Detached",0,"Scss","Under Construction"
"48850",1991-03-01,"Mar 1991","Row",8,"Scss","Under Construction"
"48850",1991-03-01,"Mar 1991","Apartment",0,"Scss","Under Construction"
"48850",1991-03-01,"Mar 1991","All",31,"Scss","Under Construction"
"48850",1991-04-01,"Apr 1991","Single",23,"Scss","Under Construction"
"48850",1991-04-01,"Apr 1991","Semi-Detached",0,"Scss","Under Construction"
"48850",1991-04-01,"Apr 1991","Row",4,"Scss","Under Construction"
"48850",1991-04-01,"Apr 1991","Apartment",0,"Scss","Under Construction"
"48850",1991-04-01,"Apr 1991","All",27,"Scss","Under Construction"
"48850",1991-05-01,"May 1991","Single",32,"Scss","Under Construction"
"48850",1991-05-01,"May 1991","Semi-Detached",2,"Scss","Under Construction"
"48850",1991-05-01,"May 1991","Row",4,"Scss","Under Construction"
"48850",1991-05-01,"May 1991","Apartment",0,"Scss","Under Construction"
"48850",1991-05-01,"May 1991","All",38,"Scss","Under Construction"
"48850",1991-06-01,"Jun 1991","Single",43,"Scss","Under Construction"
"48850",1991-06-01,"Jun 1991","Semi-Detached",2,"Scss","Under Construction"
"48850",1991-06-01,"Jun 1991","Row",4,"Scss","Under Construction"
"48850",1991-06-01,"Jun 1991","Apartment",0,"Scss","Under Construction"
"48850",1991-06-01,"Jun 1991","All",49,"Scss","Under Construction"
"48850",1991-07-01,"Jul 1991","Single",45,"Scss","Under Construction"
"48850",1991-07-01,"Jul 1991","Semi-Detached",2,"Scss","Under Construction"
"48850",1991-07-01,"Jul 1991","Row",4,"Scss","Under Construction"
"48850",1991-07-01,"Jul 1991","Apartment",8,"Scss","Under Construction"
"48850",1991-07-01,"Jul 1991","All",59,"Scss","Under Construction"
"48850",1991-08-01,"Aug 1991","Single",47,"Scss","Under Construction"
"48850",1991-08-01,"Aug 1991","Semi-Detached",0,"Scss","Under Construction"
"48850",1991-08-01,"Aug 1991","Row",4,"Scss","Under Construction"
"48850",1991-08-01,"Aug 1991","Apartment",8,"Scss","Under Construction"
"48850",1991-08-01,"Aug 1991","All",59,"Scss","Under Construction"
"48850",1991-09-01,"Sep 1991","Single",55,"Scss","Under Construction"
"48850",1991-09-01,"Sep 1991","Semi-Detached",0,"Scss","Under Construction"
"48850",1991-09-01,"Sep 1991","Row",4,"Scss","Under Construction"
"48850",1991-09-01,"Sep 1991","Apartment",8,"Scss","Under Construction"
"48850",1991-09-01,"Sep 1991","All",67,"Scss","Under Construction"
"48850",1991-10-01,"Oct 1991","Single",51,"Scss","Under Construction"
"48850",1991-10-01,"Oct 1991","Semi-Detached",2,"Scss","Under Construction"
"48850",1991-10-01,"Oct 1991","Row",4,"Scss","Under Construction"
"48850",1991-10-01,"Oct 1991","Apartment",8,"Scss","Under Construction"
"48850",1991-10-01,"Oct 1991","All",65,"Scss","Under Construction"
"48850",1991-11-01,"Nov 1991","Single",40,"Scss","Under Construction"
"48850",1991-11-01,"Nov 1991","Semi-Detached",8,"Scss","Under Construction"
"48850",1991-11-01,"Nov 1991","Row",4,"Scss","Under Construction"
"48850",1991-11-01,"Nov 1991","Apartment",4,"Scss","Under Construction"
"48850",1991-11-01,"Nov 1991","All",56,"Scss","Under Construction"
"48850",1991-12-01,"Dec 1991","Single",39,"Scss","Under Construction"
"48850",1991-12-01,"Dec 1991","Semi-Detached",8,"Scss","Under Construction"
"48850",1991-12-01,"Dec 1991","Row",4,"Scss","Under Construction"
"48850",1991-12-01,"Dec 1991","Apartment",4,"Scss","Under Construction"
"48850",1991-12-01,"Dec 1991","All",55,"Scss","Under Construction"
"48850",1992-01-01,"Jan 1992","Single",39,"Scss","Under Construction"
"48850",1992-01-01,"Jan 1992","Semi-Detached",6,"Scss","Under Construction"
"48850",1992-01-01,"Jan 1992","Row",4,"Scss","Under Construction"
"48850",1992-01-01,"Jan 1992","Apartment",4,"Scss","Under Construction"
"48850",1992-01-01,"Jan 1992","All",53,"Scss","Under Construction"
"48850",1992-02-01,"Feb 1992","Single",43,"Scss","Under Construction"
"48850",1992-02-01,"Feb 1992","Semi-Detached",10,"Scss","Under Construction"
"48850",1992-02-01,"Feb 1992","Row",4,"Scss","Under Construction"
"48850",1992-02-01,"Feb 1992","Apartment",4,"Scss","Under Construction"
"48850",1992-02-01,"Feb 1992","All",61,"Scss","Under Construction"
"48850",1992-03-01,"Mar 1992","Single",41,"Scss","Under Construction"
"48850",1992-03-01,"Mar 1992","Semi-Detached",8,"Scss","Under Construction"
"48850",1992-03-01,"Mar 1992","Row",4,"Scss","Under Construction"
"48850",1992-03-01,"Mar 1992","Apartment",4,"Scss","Under Construction"
"48850",1992-03-01,"Mar 1992","All",57,"Scss","Under Construction"
"48850",1992-04-01,"Apr 1992","Single",37,"Scss","Under Construction"
"48850",1992-04-01,"Apr 1992","Semi-Detached",10,"Scss","Under Construction"
"48850",1992-04-01,"Apr 1992","Row",4,"Scss","Under Construction"
"48850",1992-04-01,"Apr 1992","Apartment",6,"Scss","Under Construction"
"48850",1992-04-01,"Apr 1992","All",57,"Scss","Under Construction"
"48850",1992-05-01,"May 1992","Single",46,"Scss","Under Construction"
"48850",1992-05-01,"May 1992","Semi-Detached",10,"Scss","Under Construction"
"48850",1992-05-01,"May 1992","Row",4,"Scss","Under Construction"
"48850",1992-05-01,"May 1992","Apartment",6,"Scss","Under Construction"
"48850",1992-05-01,"May 1992","All",66,"Scss","Under Construction"
"48850",1992-06-01,"Jun 1992","Single",47,"Scss","Under Construction"
"48850",1992-06-01,"Jun 1992","Semi-Detached",6,"Scss","Under Construction"
"48850",1992-06-01,"Jun 1992","Row",4,"Scss","Under Construction"
"48850",1992-06-01,"Jun 1992","Apartment",4,"Scss","Under Construction"
"48850",1992-06-01,"Jun 1992","All",61,"Scss","Under Construction"
"48850",1992-07-01,"Jul 1992","Single",32,"Scss","Under Construction"
"48850",1992-07-01,"Jul 1992","Semi-Detached",6,"Scss","Under Construction"
"48850",1992-07-01,"Jul 1992","Row",4,"Scss","Under Construction"
"48850",1992-07-01,"Jul 1992","Apartment",0,"Scss","Under Construction"
"48850",1992-07-01,"Jul 1992","All",42,"Scss","Under Construction"
"48850",1992-08-01,"Aug 1992","Single",29,"Scss","Under Construction"
"48850",1992-08-01,"Aug 1992","Semi-Detached",10,"Scss","Under Construction"
"48850",1992-08-01,"Aug 1992","Row",4,"Scss","Under Construction"
"48850",1992-08-01,"Aug 1992","Apartment",0,"Scss","Under Construction"
"48850",1992-08-01,"Aug 1992","All",43,"Scss","Under Construction"
"48850",1992-09-01,"Sep 1992","Single",22,"Scss","Under Construction"
"48850",1992-09-01,"Sep 1992","Semi-Detached",10,"Scss","Under Construction"
"48850",1992-09-01,"Sep 1992","Row",4,"Scss","Under Construction"
"48850",1992-09-01,"Sep 1992","Apartment",0,"Scss","Under Construction"
"48850",1992-09-01,"Sep 1992","All",36,"Scss","Under Construction"
"48850",1992-10-01,"Oct 1992","Single",22,"Scss","Under Construction"
"48850",1992-10-01,"Oct 1992","Semi-Detached",8,"Scss","Under Construction"
"48850",1992-10-01,"Oct 1992","Row",4,"Scss","Under Construction"
"48850",1992-10-01,"Oct 1992","Apartment",0,"Scss","Under Construction"
"48850",1992-10-01,"Oct 1992","All",34,"Scss","Under Construction"
"48850",1992-11-01,"Nov 1992","Single",30,"Scss","Under Construction"
"48850",1992-11-01,"Nov 1992","Semi-Detached",6,"Scss","Under Construction"
"48850",1992-11-01,"Nov 1992","Row",8,"Scss","Under Construction"
"48850",1992-11-01,"Nov 1992","Apartment",0,"Scss","Under Construction"
"48850",1992-11-01,"Nov 1992","All",44,"Scss","Under Construction"
"48850",1992-12-01,"Dec 1992","Single",27,"Scss","Under Construction"
"48850",1992-12-01,"Dec 1992","Semi-Detached",8,"Scss","Under Construction"
"48850",1992-12-01,"Dec 1992","Row",8,"Scss","Under Construction"
"48850",1992-12-01,"Dec 1992","Apartment",0,"Scss","Under Construction"
"48850",1992-12-01,"Dec 1992","All",43,"Scss","Under Construction"
"48850",1993-01-01,"Jan 1993","Single",25,"Scss","Under Construction"
"48850",1993-01-01,"Jan 1993","Semi-Detached",8,"Scss","Under Construction"
"48850",1993-01-01,"Jan 1993","Row",8,"Scss","Under Construction"
"48850",1993-01-01,"Jan 1993","Apartment",0,"Scss","Under Construction"
"48850",1993-01-01,"Jan 1993","All",41,"Scss","Under Construction"
"48850",1993-02-01,"Feb 1993","Single",20,"Scss","Under Construction"
"48850",1993-02-01,"Feb 1993","Semi-Detached",8,"Scss","Under Construction"
"48850",1993-02-01,"Feb 1993","Row",8,"Scss","Under Construction"
"48850",1993-02-01,"Feb 1993","Apartment",0,"Scss","Under Construction"
"48850",1993-02-01,"Feb 1993","All",36,"Scss","Under Construction"
"48850",1993-03-01,"Mar 1993","Single",19,"Scss","Under Construction"
"48850",1993-03-01,"Mar 1993","Semi-Detached",6,"Scss","Under Construction"
"48850",1993-03-01,"Mar 1993","Row",8,"Scss","Under Construction"
"48850",1993-03-01,"Mar 1993","Apartment",0,"Scss","Under Construction"
"48850",1993-03-01,"Mar 1993","All",33,"Scss","Under Construction"
"48850",1993-04-01,"Apr 1993","Single",27,"Scss","Under Construction"
"48850",1993-04-01,"Apr 1993","Semi-Detached",6,"Scss","Under Construction"
"48850",1993-04-01,"Apr 1993","Row",8,"Scss","Under Construction"
"48850",1993-04-01,"Apr 1993","Apartment",0,"Scss","Under Construction"
"48850",1993-04-01,"Apr 1993","All",41,"Scss","Under Construction"
"48850",1993-05-01,"May 1993","Single",42,"Scss","Under Construction"
"48850",1993-05-01,"May 1993","Semi-Detached",4,"Scss","Under Construction"
"48850",1993-05-01,"May 1993","Row",4,"Scss","Under Construction"
"48850",1993-05-01,"May 1993","Apartment",0,"Scss","Under Construction"
"48850",1993-05-01,"May 1993","All",50,"Scss","Under Construction"
"48850",1993-06-01,"Jun 1993","Single",48,"Scss","Under Construction"
"48850",1993-06-01,"Jun 1993","Semi-Detached",4,"Scss","Under Construction"
"48850",1993-06-01,"Jun 1993","Row",4,"Scss","Under Construction"
"48850",1993-06-01,"Jun 1993","Apartment",0,"Scss","Under Construction"
"48850",1993-06-01,"Jun 1993","All",56,"Scss","Under Construction"
"48850",1993-07-01,"Jul 1993","Single",57,"Scss","Under Construction"
"48850",1993-07-01,"Jul 1993","Semi-Detached",4,"Scss","Under Construction"
"48850",1993-07-01,"Jul 1993","Row",4,"Scss","Under Construction"
"48850",1993-07-01,"Jul 1993","Apartment",0,"Scss","Under Construction"
"48850",1993-07-01,"Jul 1993","All",65,"Scss","Under Construction"
"48850",1993-08-01,"Aug 1993","Single",56,"Scss","Under Construction"
"48850",1993-08-01,"Aug 1993","Semi-Detached",4,"Scss","Under Construction"
"48850",1993-08-01,"Aug 1993","Row",4,"Scss","Under Construction"
"48850",1993-08-01,"Aug 1993","Apartment",0,"Scss","Under Construction"
"48850",1993-08-01,"Aug 1993","All",64,"Scss","Under Construction"
"48850",1993-09-01,"Sep 1993","Single",49,"Scss","Under Construction"
"48850",1993-09-01,"Sep 1993","Semi-Detached",6,"Scss","Under Construction"
"48850",1993-09-01,"Sep 1993","Row",4,"Scss","Under Construction"
"48850",1993-09-01,"Sep 1993","Apartment",0,"Scss","Under Construction"
"48850",1993-09-01,"Sep 1993","All",59,"Scss","Under Construction"
"48850",1993-10-01,"Oct 1993","Single",45,"Scss","Under Construction"
"48850",1993-10-01,"Oct 1993","Semi-Detached",14,"Scss","Under Construction"
"48850",1993-10-01,"Oct 1993","Row",4,"Scss","Under Construction"
"48850",1993-10-01,"Oct 1993","Apartment",0,"Scss","Under Construction"
"48850",1993-10-01,"Oct 1993","All",63,"Scss","Under Construction"
"48850",1993-11-01,"Nov 1993","Single",49,"Scss","Under Construction"
"48850",1993-11-01,"Nov 1993","Semi-Detached",16,"Scss","Under Construction"
"48850",1993-11-01,"Nov 1993","Row",4,"Scss","Under Construction"
"48850",1993-11-01,"Nov 1993","Apartment",0,"Scss","Under Construction"
"48850",1993-11-01,"Nov 1993","All",69,"Scss","Under Construction"
"48850",1993-12-01,"Dec 1993","Single",58,"Scss","Under Construction"
"48850",1993-12-01,"Dec 1993","Semi-Detached",12,"Scss","Under Construction"
"48850",1993-12-01,"Dec 1993","Row",4,"Scss","Under Construction"
"48850",1993-12-01,"Dec 1993","Apartment",0,"Scss","Under Construction"
"48850",1993-12-01,"Dec 1993","All",74,"Scss","Under Construction"
"48850",1994-01-01,"Jan 1994","Single",63,"Scss","Under Construction"
"48850",1994-01-01,"Jan 1994","Semi-Detached",13,"Scss","Under Construction"
"48850",1994-01-01,"Jan 1994","Row",4,"Scss","Under Construction"
"48850",1994-01-01,"Jan 1994","Apartment",0,"Scss","Under Construction"
"48850",1994-01-01,"Jan 1994","All",80,"Scss","Under Construction"
"48850",1994-02-01,"Feb 1994","Single",57,"Scss","Under Construction"
"48850",1994-02-01,"Feb 1994","Semi-Detached",13,"Scss","Under Construction"
"48850",1994-02-01,"Feb 1994","Row",4,"Scss","Under Construction"
"48850",1994-02-01,"Feb 1994","Apartment",0,"Scss","Under Construction"
"48850",1994-02-01,"Feb 1994","All",74,"Scss","Under Construction"
"48850",1994-03-01,"Mar 1994","Single",56,"Scss","Under Construction"
"48850",1994-03-01,"Mar 1994","Semi-Detached",13,"Scss","Under Construction"
"48850",1994-03-01,"Mar 1994","Row",4,"Scss","Under Construction"
"48850",1994-03-01,"Mar 1994","Apartment",0,"Scss","Under Construction"
"48850",1994-03-01,"Mar 1994","All",73,"Scss","Under Construction"
"48850",1994-04-01,"Apr 1994","Single",50,"Scss","Under Construction"
"48850",1994-04-01,"Apr 1994","Semi-Detached",15,"Scss","Under Construction"
"48850",1994-04-01,"Apr 1994","Row",4,"Scss","Under Construction"
"48850",1994-04-01,"Apr 1994","Apartment",0,"Scss","Under Construction"
"48850",1994-04-01,"Apr 1994","All",69,"Scss","Under Construction"
"48850",1994-05-01,"May 1994","Single",91,"Scss","Under Construction"
"48850",1994-05-01,"May 1994","Semi-Detached",15,"Scss","Under Construction"
"48850",1994-05-01,"May 1994","Row",4,"Scss","Under Construction"
"48850",1994-05-01,"May 1994","Apartment",0,"Scss","Under Construction"
"48850",1994-05-01,"May 1994","All",110,"Scss","Under Construction"
"48850",1994-06-01,"Jun 1994","Single",96,"Scss","Under Construction"
"48850",1994-06-01,"Jun 1994","Semi-Detached",8,"Scss","Under Construction"
"48850",1994-06-01,"Jun 1994","Row",4,"Scss","Under Construction"
"48850",1994-06-01,"Jun 1994","Apartment",0,"Scss","Under Construction"
"48850",1994-06-01,"Jun 1994","All",108,"Scss","Under Construction"
"48850",1994-07-01,"Jul 1994","Single",96,"Scss","Under Construction"
"48850",1994-07-01,"Jul 1994","Semi-Detached",4,"Scss","Under Construction"
"48850",1994-07-01,"Jul 1994","Row",10,"Scss","Under Construction"
"48850",1994-07-01,"Jul 1994","Apartment",0,"Scss","Under Construction"
"48850",1994-07-01,"Jul 1994","All",110,"Scss","Under Construction"
"48850",1994-08-01,"Aug 1994","Single",109,"Scss","Under Construction"
"48850",1994-08-01,"Aug 1994","Semi-Detached",4,"Scss","Under Construction"
"48850",1994-08-01,"Aug 1994","Row",10,"Scss","Under Construction"
"48850",1994-08-01,"Aug 1994","Apartment",0,"Scss","Under Construction"
"48850",1994-08-01,"Aug 1994","All",123,"Scss","Under Construction"
"48850",1994-09-01,"Sep 1994","Single",92,"Scss","Under Construction"
"48850",1994-09-01,"Sep 1994","Semi-Detached",2,"Scss","Under Construction"
"48850",1994-09-01,"Sep 1994","Row",10,"Scss","Under Construction"
"48850",1994-09-01,"Sep 1994","Apartment",0,"Scss","Under Construction"
"48850",1994-09-01,"Sep 1994","All",104,"Scss","Under Construction"
"48850",1994-10-01,"Oct 1994","Single",91,"Scss","Under Construction"
"48850",1994-10-01,"Oct 1994","Semi-Detached",6,"Scss","Under Construction"
"48850",1994-10-01,"Oct 1994","Row",10,"Scss","Under Construction"
"48850",1994-10-01,"Oct 1994","Apartment",0,"Scss","Under Construction"
"48850",1994-10-01,"Oct 1994","All",107,"Scss","Under Construction"
"48850",1994-11-01,"Nov 1994","Single",90,"Scss","Under Construction"
"48850",1994-11-01,"Nov 1994","Semi-Detached",14,"Scss","Under Construction"
"48850",1994-11-01,"Nov 1994","Row",16,"Scss","Under Construction"
"48850",1994-11-01,"Nov 1994","Apartment",27,"Scss","Under Construction"
"48850",1994-11-01,"Nov 1994","All",147,"Scss","Under Construction"
"48850",1994-12-01,"Dec 1994","Single",110,"Scss","Under Construction"
"48850",1994-12-01,"Dec 1994","Semi-Detached",18,"Scss","Under Construction"
"48850",1994-12-01,"Dec 1994","Row",16,"Scss","Under Construction"
"48850",1994-12-01,"Dec 1994","Apartment",27,"Scss","Under Construction"
"48850",1994-12-01,"Dec 1994","All",171,"Scss","Under Construction"
"48850",1995-01-01,"Jan 1995","Single",108,"Scss","Under Construction"
"48850",1995-01-01,"Jan 1995","Semi-Detached",18,"Scss","Under Construction"
"48850",1995-01-01,"Jan 1995","Row",16,"Scss","Under Construction"
"48850",1995-01-01,"Jan 1995","Apartment",27,"Scss","Under Construction"
"48850",1995-01-01,"Jan 1995","All",169,"Scss","Under Construction"
"48850",1995-02-01,"Feb 1995","Single",123,"Scss","Under Construction"
"48850",1995-02-01,"Feb 1995","Semi-Detached",18,"Scss","Under Construction"
"48850",1995-02-01,"Feb 1995","Row",16,"Scss","Under Construction"
"48850",1995-02-01,"Feb 1995","Apartment",27,"Scss","Under Construction"
"48850",1995-02-01,"Feb 1995","All",184,"Scss","Under Construction"
"48850",1995-03-01,"Mar 1995","Single",127,"Scss","Under Construction"
"48850",1995-03-01,"Mar 1995","Semi-Detached",20,"Scss","Under Construction"
"48850",1995-03-01,"Mar 1995","Row",16,"Scss","Under Construction"
"48850",1995-03-01,"Mar 1995","Apartment",27,"Scss","Under Construction"
"48850",1995-03-01,"Mar 1995","All",190,"Scss","Under Construction"
"48850",1995-04-01,"Apr 1995","Single",117,"Scss","Under Construction"
"48850",1995-04-01,"Apr 1995","Semi-Detached",20,"Scss","Under Construction"
"48850",1995-04-01,"Apr 1995","Row",16,"Scss","Under Construction"
"48850",1995-04-01,"Apr 1995","Apartment",27,"Scss","Under Construction"
"48850",1995-04-01,"Apr 1995","All",180,"Scss","Under Construction"
"48850",1995-05-01,"May 1995","Single",90,"Scss","Under Construction"
"48850",1995-05-01,"May 1995","Semi-Detached",18,"Scss","Under Construction"
"48850",1995-05-01,"May 1995","Row",14,"Scss","Under Construction"
"48850",1995-05-01,"May 1995","Apartment",27,"Scss","Under Construction"
"48850",1995-05-01,"May 1995","All",149,"Scss","Under Construction"
"48850",1995-06-01,"Jun 1995","Single",86,"Scss","Under Construction"
"48850",1995-06-01,"Jun 1995","Semi-Detached",16,"Scss","Under Construction"
"48850",1995-06-01,"Jun 1995","Row",11,"Scss","Under Construction"
"48850",1995-06-01,"Jun 1995","Apartment",0,"Scss","Under Construction"
"48850",1995-06-01,"Jun 1995","All",113,"Scss","Under Construction"
"48850",1995-07-01,"Jul 1995","Single",71,"Scss","Under Construction"
"48850",1995-07-01,"Jul 1995","Semi-Detached",8,"Scss","Under Construction"
"48850",1995-07-01,"Jul 1995","Row",11,"Scss","Under Construction"
"48850",1995-07-01,"Jul 1995","Apartment",56,"Scss","Under Construction"
"48850",1995-07-01,"Jul 1995","All",146,"Scss","Under Construction"
"48850",1995-08-01,"Aug 1995","Single",66,"Scss","Under Construction"
"48850",1995-08-01,"Aug 1995","Semi-Detached",4,"Scss","Under Construction"
"48850",1995-08-01,"Aug 1995","Row",11,"Scss","Under Construction"
"48850",1995-08-01,"Aug 1995","Apartment",143,"Scss","Under Construction"
"48850",1995-08-01,"Aug 1995","All",224,"Scss","Under Construction"
"48850",1995-09-01,"Sep 1995","Single",59,"Scss","Under Construction"
"48850",1995-09-01,"Sep 1995","Semi-Detached",4,"Scss","Under Construction"
"48850",1995-09-01,"Sep 1995","Row",11,"Scss","Under Construction"
"48850",1995-09-01,"Sep 1995","Apartment",143,"Scss","Under Construction"
"48850",1995-09-01,"Sep 1995","All",217,"Scss","Under Construction"
"48850",1995-10-01,"Oct 1995","Single",78,"Scss","Under Construction"
"48850",1995-10-01,"Oct 1995","Semi-Detached",6,"Scss","Under Construction"
"48850",1995-10-01,"Oct 1995","Row",11,"Scss","Under Construction"
"48850",1995-10-01,"Oct 1995","Apartment",143,"Scss","Under Construction"
"48850",1995-10-01,"Oct 1995","All",238,"Scss","Under Construction"
"48850",1995-11-01,"Nov 1995","Single",88,"Scss","Under Construction"
"48850",1995-11-01,"Nov 1995","Semi-Detached",6,"Scss","Under Construction"
"48850",1995-11-01,"Nov 1995","Row",11,"Scss","Under Construction"
"48850",1995-11-01,"Nov 1995","Apartment",143,"Scss","Under Construction"
"48850",1995-11-01,"Nov 1995","All",248,"Scss","Under Construction"
"48850",1995-12-01,"Dec 1995","Single",81,"Scss","Under Construction"
"48850",1995-12-01,"Dec 1995","Semi-Detached",6,"Scss","Under Construction"
"48850",1995-12-01,"Dec 1995","Row",11,"Scss","Under Construction"
"48850",1995-12-01,"Dec 1995","Apartment",170,"Scss","Under Construction"
"48850",1995-12-01,"Dec 1995","All",268,"Scss","Under Construction"
"48850",1996-01-01,"Jan 1996","Single",85,"Scss","Under Construction"
"48850",1996-01-01,"Jan 1996","Semi-Detached",6,"Scss","Under Construction"
"48850",1996-01-01,"Jan 1996","Row",11,"Scss","Under Construction"
"48850",1996-01-01,"Jan 1996","Apartment",170,"Scss","Under Construction"
"48850",1996-01-01,"Jan 1996","All",272,"Scss","Under Construction"
"48850",1996-02-01,"Feb 1996","Single",84,"Scss","Under Construction"
"48850",1996-02-01,"Feb 1996","Semi-Detached",6,"Scss","Under Construction"
"48850",1996-02-01,"Feb 1996","Row",7,"Scss","Under Construction"
"48850",1996-02-01,"Feb 1996","Apartment",114,"Scss","Under Construction"
"48850",1996-02-01,"Feb 1996","All",211,"Scss","Under Construction"
"48850",1996-03-01,"Mar 1996","Single",78,"Scss","Under Construction"
"48850",1996-03-01,"Mar 1996","Semi-Detached",10,"Scss","Under Construction"
"48850",1996-03-01,"Mar 1996","Row",0,"Scss","Under Construction"
"48850",1996-03-01,"Mar 1996","Apartment",114,"Scss","Under Construction"
"48850",1996-03-01,"Mar 1996","All",202,"Scss","Under Construction"
"48850",1996-04-01,"Apr 1996","Single",97,"Scss","Under Construction"
"48850",1996-04-01,"Apr 1996","Semi-Detached",12,"Scss","Under Construction"
"48850",1996-04-01,"Apr 1996","Row",0,"Scss","Under Construction"
"48850",1996-04-01,"Apr 1996","Apartment",114,"Scss","Under Construction"
"48850",1996-04-01,"Apr 1996","All",223,"Scss","Under Construction"
"48850",1996-05-01,"May 1996","Single",118,"Scss","Under Construction"
"48850",1996-05-01,"May 1996","Semi-Detached",14,"Scss","Under Construction"
"48850",1996-05-01,"May 1996","Row",0,"Scss","Under Construction"
"48850",1996-05-01,"May 1996","Apartment",47,"Scss","Under Construction"
"48850",1996-05-01,"May 1996","All",179,"Scss","Under Construction"
"48850",1996-06-01,"Jun 1996","Single",129,"Scss","Under Construction"
"48850",1996-06-01,"Jun 1996","Semi-Detached",14,"Scss","Under Construction"
"48850",1996-06-01,"Jun 1996","Row",0,"Scss","Under Construction"
"48850",1996-06-01,"Jun 1996","Apartment",87,"Scss","Under Construction"
"48850",1996-06-01,"Jun 1996","All",230,"Scss","Under Construction"
"48850",1996-07-01,"Jul 1996","Single",150,"Scss","Under Construction"
"48850",1996-07-01,"Jul 1996","Semi-Detached",16,"Scss","Under Construction"
"48850",1996-07-01,"Jul 1996","Row",0,"Scss","Under Construction"
"48850",1996-07-01,"Jul 1996","Apartment",87,"Scss","Under Construction"
"48850",1996-07-01,"Jul 1996","All",253,"Scss","Under Construction"
"48850",1996-08-01,"Aug 1996","Single",165,"Scss","Under Construction"
"48850",1996-08-01,"Aug 1996","Semi-Detached",18,"Scss","Under Construction"
"48850",1996-08-01,"Aug 1996","Row",0,"Scss","Under Construction"
"48850",1996-08-01,"Aug 1996","Apartment",87,"Scss","Under Construction"
"48850",1996-08-01,"Aug 1996","All",270,"Scss","Under Construction"
"48850",1996-09-01,"Sep 1996","Single",159,"Scss","Under Construction"
"48850",1996-09-01,"Sep 1996","Semi-Detached",12,"Scss","Under Construction"
"48850",1996-09-01,"Sep 1996","Row",0,"Scss","Under Construction"
"48850",1996-09-01,"Sep 1996","Apartment",87,"Scss","Under Construction"
"48850",1996-09-01,"Sep 1996","All",258,"Scss","Under Construction"
"48850",1996-10-01,"Oct 1996","Single",155,"Scss","Under Construction"
"48850",1996-10-01,"Oct 1996","Semi-Detached",10,"Scss","Under Construction"
"48850",1996-10-01,"Oct 1996","Row",0,"Scss","Under Construction"
"48850",1996-10-01,"Oct 1996","Apartment",87,"Scss","Under Construction"
"48850",1996-10-01,"Oct 1996","All",252,"Scss","Under Construction"
"48850",1996-11-01,"Nov 1996","Single",143,"Scss","Under Construction"
"48850",1996-11-01,"Nov 1996","Semi-Detached",12,"Scss","Under Construction"
"48850",1996-11-01,"Nov 1996","Row",0,"Scss","Under Construction"
"48850",1996-11-01,"Nov 1996","Apartment",0,"Scss","Under Construction"
"48850",1996-11-01,"Nov 1996","All",155,"Scss","Under Construction"
"48850",1996-12-01,"Dec 1996","Single",86,"Scss","Under Construction"
"48850",1996-12-01,"Dec 1996","Semi-Detached",10,"Scss","Under Construction"
"48850",1996-12-01,"Dec 1996","Row",0,"Scss","Under Construction"
"48850",1996-12-01,"Dec 1996","Apartment",0,"Scss","Under Construction"
"48850",1996-12-01,"Dec 1996","All",96,"Scss","Under Construction"
"48850",1997-01-01,"Jan 1997","Single",108,"Scss","Under Construction"
"48850",1997-01-01,"Jan 1997","Semi-Detached",10,"Scss","Under Construction"
"48850",1997-01-01,"Jan 1997","Row",0,"Scss","Under Construction"
"48850",1997-01-01,"Jan 1997","Apartment",0,"Scss","Under Construction"
"48850",1997-01-01,"Jan 1997","All",118,"Scss","Under Construction"
"48850",1997-02-01,"Feb 1997","Single",103,"Scss","Under Construction"
"48850",1997-02-01,"Feb 1997","Semi-Detached",10,"Scss","Under Construction"
"48850",1997-02-01,"Feb 1997","Row",0,"Scss","Under Construction"
"48850",1997-02-01,"Feb 1997","Apartment",0,"Scss","Under Construction"
"48850",1997-02-01,"Feb 1997","All",113,"Scss","Under Construction"
"48850",1997-03-01,"Mar 1997","Single",100,"Scss","Under Construction"
"48850",1997-03-01,"Mar 1997","Semi-Detached",10,"Scss","Under Construction"
"48850",1997-03-01,"Mar 1997","Row",0,"Scss","Under Construction"
"48850",1997-03-01,"Mar 1997","Apartment",0,"Scss","Under Construction"
"48850",1997-03-01,"Mar 1997","All",110,"Scss","Under Construction"
"48850",1997-04-01,"Apr 1997","Single",85,"Scss","Under Construction"
"48850",1997-04-01,"Apr 1997","Semi-Detached",12,"Scss","Under Construction"
"48850",1997-04-01,"Apr 1997","Row",0,"Scss","Under Construction"
"48850",1997-04-01,"Apr 1997","Apartment",0,"Scss","Under Construction"
"48850",1997-04-01,"Apr 1997","All",97,"Scss","Under Construction"
"48850",1997-05-01,"May 1997","Single",83,"Scss","Under Construction"
"48850",1997-05-01,"May 1997","Semi-Detached",8,"Scss","Under Construction"
"48850",1997-05-01,"May 1997","Row",12,"Scss","Under Construction"
"48850",1997-05-01,"May 1997","Apartment",0,"Scss","Under Construction"
"48850",1997-05-01,"May 1997","All",103,"Scss","Under Construction"
"48850",1997-06-01,"Jun 1997","Single",90,"Scss","Under Construction"
"48850",1997-06-01,"Jun 1997","Semi-Detached",8,"Scss","Under Construction"
"48850",1997-06-01,"Jun 1997","Row",12,"Scss","Under Construction"
"48850",1997-06-01,"Jun 1997","Apartment",0,"Scss","Under Construction"
"48850",1997-06-01,"Jun 1997","All",110,"Scss","Under Construction"
"48850",1997-07-01,"Jul 1997","Single",95,"Scss","Under Construction"
"48850",1997-07-01,"Jul 1997","Semi-Detached",6,"Scss","Under Construction"
"48850",1997-07-01,"Jul 1997","Row",12,"Scss","Under Construction"
"48850",1997-07-01,"Jul 1997","Apartment",0,"Scss","Under Construction"
"48850",1997-07-01,"Jul 1997","All",113,"Scss","Under Construction"
"48850",1997-08-01,"Aug 1997","Single",104,"Scss","Under Construction"
"48850",1997-08-01,"Aug 1997","Semi-Detached",22,"Scss","Under Construction"
"48850",1997-08-01,"Aug 1997","Row",12,"Scss","Under Construction"
"48850",1997-08-01,"Aug 1997","Apartment",0,"Scss","Under Construction"
"48850",1997-08-01,"Aug 1997","All",138,"Scss","Under Construction"
"48850",1997-09-01,"Sep 1997","Single",117,"Scss","Under Construction"
"48850",1997-09-01,"Sep 1997","Semi-Detached",22,"Scss","Under Construction"
"48850",1997-09-01,"Sep 1997","Row",18,"Scss","Under Construction"
"48850",1997-09-01,"Sep 1997","Apartment",0,"Scss","Under Construction"
"48850",1997-09-01,"Sep 1997","All",157,"Scss","Under Construction"
"48850",1997-10-01,"Oct 1997","Single",100,"Scss","Under Construction"
"48850",1997-10-01,"Oct 1997","Semi-Detached",24,"Scss","Under Construction"
"48850",1997-10-01,"Oct 1997","Row",21,"Scss","Under Construction"
"48850",1997-10-01,"Oct 1997","Apartment",91,"Scss","Under Construction"
"48850",1997-10-01,"Oct 1997","All",236,"Scss","Under Construction"
"48850",1997-11-01,"Nov 1997","Single",112,"Scss","Under Construction"
"48850",1997-11-01,"Nov 1997","Semi-Detached",22,"Scss","Under Construction"
"48850",1997-11-01,"Nov 1997","Row",21,"Scss","Under Construction"
"48850",1997-11-01,"Nov 1997","Apartment",91,"Scss","Under Construction"
"48850",1997-11-01,"Nov 1997","All",246,"Scss","Under Construction"
"48850",1997-12-01,"Dec 1997","Single",95,"Scss","Under Construction"
"48850",1997-12-01,"Dec 1997","Semi-Detached",18,"Scss","Under Construction"
"48850",1997-12-01,"Dec 1997","Row",21,"Scss","Under Construction"
"48850",1997-12-01,"Dec 1997","Apartment",91,"Scss","Under Construction"
"48850",1997-12-01,"Dec 1997","All",225,"Scss","Under Construction"
"48850",1998-01-01,"Jan 1998","Single",109,"Scss","Under Construction"
"48850",1998-01-01,"Jan 1998","Semi-Detached",16,"Scss","Under Construction"
"48850",1998-01-01,"Jan 1998","Row",28,"Scss","Under Construction"
"48850",1998-01-01,"Jan 1998","Apartment",91,"Scss","Under Construction"
"48850",1998-01-01,"Jan 1998","All",244,"Scss","Under Construction"
"48850",1998-02-01,"Feb 1998","Single",79,"Scss","Under Construction"
"48850",1998-02-01,"Feb 1998","Semi-Detached",12,"Scss","Under Construction"
"48850",1998-02-01,"Feb 1998","Row",28,"Scss","Under Construction"
"48850",1998-02-01,"Feb 1998","Apartment",91,"Scss","Under Construction"
"48850",1998-02-01,"Feb 1998","All",210,"Scss","Under Construction"
"48850",1998-03-01,"Mar 1998","Single",86,"Scss","Under Construction"
"48850",1998-03-01,"Mar 1998","Semi-Detached",4,"Scss","Under Construction"
"48850",1998-03-01,"Mar 1998","Row",13,"Scss","Under Construction"
"48850",1998-03-01,"Mar 1998","Apartment",91,"Scss","Under Construction"
"48850",1998-03-01,"Mar 1998","All",194,"Scss","Under Construction"
"48850",1998-04-01,"Apr 1998","Single",64,"Scss","Under Construction"
"48850",1998-04-01,"Apr 1998","Semi-Detached",4,"Scss","Under Construction"
"48850",1998-04-01,"Apr 1998","Row",9,"Scss","Under Construction"
"48850",1998-04-01,"Apr 1998","Apartment",91,"Scss","Under Construction"
"48850",1998-04-01,"Apr 1998","All",168,"Scss","Under Construction"
"48850",1998-05-01,"May 1998","Single",85,"Scss","Under Construction"
"48850",1998-05-01,"May 1998","Semi-Detached",14,"Scss","Under Construction"
"48850",1998-05-01,"May 1998","Row",4,"Scss","Under Construction"
"48850",1998-05-01,"May 1998","Apartment",132,"Scss","Under Construction"
"48850",1998-05-01,"May 1998","All",235,"Scss","Under Construction"
"48850",1998-06-01,"Jun 1998","Single",78,"Scss","Under Construction"
"48850",1998-06-01,"Jun 1998","Semi-Detached",18,"Scss","Under Construction"
"48850",1998-06-01,"Jun 1998","Row",4,"Scss","Under Construction"
"48850",1998-06-01,"Jun 1998","Apartment",132,"Scss","Under Construction"
"48850",1998-06-01,"Jun 1998","All",232,"Scss","Under Construction"
"48850",1998-07-01,"Jul 1998","Single",93,"Scss","Under Construction"
"48850",1998-07-01,"Jul 1998","Semi-Detached",26,"Scss","Under Construction"
"48850",1998-07-01,"Jul 1998","Row",22,"Scss","Under Construction"
"48850",1998-07-01,"Jul 1998","Apartment",132,"Scss","Under Construction"
"48850",1998-07-01,"Jul 1998","All",273,"Scss","Under Construction"
"48850",1998-08-01,"Aug 1998","Single",109,"Scss","Under Construction"
"48850",1998-08-01,"Aug 1998","Semi-Detached",26,"Scss","Under Construction"
"48850",1998-08-01,"Aug 1998","Row",22,"Scss","Under Construction"
"48850",1998-08-01,"Aug 1998","Apartment",132,"Scss","Under Construction"
"48850",1998-08-01,"Aug 1998","All",289,"Scss","Under Construction"
"48850",1998-09-01,"Sep 1998","Single",99,"Scss","Under Construction"
"48850",1998-09-01,"Sep 1998","Semi-Detached",20,"Scss","Under Construction"
"48850",1998-09-01,"Sep 1998","Row",17,"Scss","Under Construction"
"48850",1998-09-01,"Sep 1998","Apartment",132,"Scss","Under Construction"
"48850",1998-09-01,"Sep 1998","All",268,"Scss","Under Construction"
"48850",1998-10-01,"Oct 1998","Single",143,"Scss","Under Construction"
"48850",1998-10-01,"Oct 1998","Semi-Detached",20,"Scss","Under Construction"
"48850",1998-10-01,"Oct 1998","Row",17,"Scss","Under Construction"
"48850",1998-10-01,"Oct 1998","Apartment",132,"Scss","Under Construction"
"48850",1998-10-01,"Oct 1998","All",312,"Scss","Under Construction"
"48850",1998-11-01,"Nov 1998","Single",122,"Scss","Under Construction"
"48850",1998-11-01,"Nov 1998","Semi-Detached",16,"Scss","Under Construction"
"48850",1998-11-01,"Nov 1998","Row",17,"Scss","Under Construction"
"48850",1998-11-01,"Nov 1998","Apartment",41,"Scss","Under Construction"
"48850",1998-11-01,"Nov 1998","All",196,"Scss","Under Construction"
"48850",1998-12-01,"Dec 1998","Single",140,"Scss","Under Construction"
"48850",1998-12-01,"Dec 1998","Semi-Detached",18,"Scss","Under Construction"
"48850",1998-12-01,"Dec 1998","Row",17,"Scss","Under Construction"
"48850",1998-12-01,"Dec 1998","Apartment",44,"Scss","Under Construction"
"48850",1998-12-01,"Dec 1998","All",219,"Scss","Under Construction"
"48850",1999-01-01,"Jan 1999","Single",142,"Scss","Under Construction"
"48850",1999-01-01,"Jan 1999","Semi-Detached",18,"Scss","Under Construction"
"48850",1999-01-01,"Jan 1999","Row",4,"Scss","Under Construction"
"48850",1999-01-01,"Jan 1999","Apartment",44,"Scss","Under Construction"
"48850",1999-01-01,"Jan 1999","All",208,"Scss","Under Construction"
"48850",1999-02-01,"Feb 1999","Single",99,"Scss","Under Construction"
"48850",1999-02-01,"Feb 1999","Semi-Detached",16,"Scss","Under Construction"
"48850",1999-02-01,"Feb 1999","Row",0,"Scss","Under Construction"
"48850",1999-02-01,"Feb 1999","Apartment",3,"Scss","Under Construction"
"48850",1999-02-01,"Feb 1999","All",118,"Scss","Under Construction"
"48850",1999-03-01,"Mar 1999","Single",65,"Scss","Under Construction"
"48850",1999-03-01,"Mar 1999","Semi-Detached",10,"Scss","Under Construction"
"48850",1999-03-01,"Mar 1999","Row",0,"Scss","Under Construction"
"48850",1999-03-01,"Mar 1999","Apartment",3,"Scss","Under Construction"
"48850",1999-03-01,"Mar 1999","All",78,"Scss","Under Construction"
"48850",1999-04-01,"Apr 1999","Single",48,"Scss","Under Construction"
"48850",1999-04-01,"Apr 1999","Semi-Detached",10,"Scss","Under Construction"
"48850",1999-04-01,"Apr 1999","Row",0,"Scss","Under Construction"
"48850",1999-04-01,"Apr 1999","Apartment",3,"Scss","Under Construction"
"48850",1999-04-01,"Apr 1999","All",61,"Scss","Under Construction"
"48850",1999-05-01,"May 1999","Single",62,"Scss","Under Construction"
"48850",1999-05-01,"May 1999","Semi-Detached",12,"Scss","Under Construction"
"48850",1999-05-01,"May 1999","Row",0,"Scss","Under Construction"
"48850",1999-05-01,"May 1999","Apartment",3,"Scss","Under Construction"
"48850",1999-05-01,"May 1999","All",77,"Scss","Under Construction"
"48850",1999-06-01,"Jun 1999","Single",63,"Scss","Under Construction"
"48850",1999-06-01,"Jun 1999","Semi-Detached",10,"Scss","Under Construction"
"48850",1999-06-01,"Jun 1999","Row",15,"Scss","Under Construction"
"48850",1999-06-01,"Jun 1999","Apartment",47,"Scss","Under Construction"
"48850",1999-06-01,"Jun 1999","All",135,"Scss","Under Construction"
"48850",1999-07-01,"Jul 1999","Single",64,"Scss","Under Construction"
"48850",1999-07-01,"Jul 1999","Semi-Detached",12,"Scss","Under Construction"
"48850",1999-07-01,"Jul 1999","Row",15,"Scss","Under Construction"
"48850",1999-07-01,"Jul 1999","Apartment",44,"Scss","Under Construction"
"48850",1999-07-01,"Jul 1999","All",135,"Scss","Under Construction"
"48850",1999-08-01,"Aug 1999","Single",72,"Scss","Under Construction"
"48850",1999-08-01,"Aug 1999","Semi-Detached",6,"Scss","Under Construction"
"48850",1999-08-01,"Aug 1999","Row",21,"Scss","Under Construction"
"48850",1999-08-01,"Aug 1999","Apartment",222,"Scss","Under Construction"
"48850",1999-08-01,"Aug 1999","All",321,"Scss","Under Construction"
"48850",1999-09-01,"Sep 1999","Single",51,"Scss","Under Construction"
"48850",1999-09-01,"Sep 1999","Semi-Detached",8,"Scss","Under Construction"
"48850",1999-09-01,"Sep 1999","Row",21,"Scss","Under Construction"
"48850",1999-09-01,"Sep 1999","Apartment",222,"Scss","Under Construction"
"48850",1999-09-01,"Sep 1999","All",302,"Scss","Under Construction"
"48850",1999-10-01,"Oct 1999","Single",20,"Scss","Under Construction"
"48850",1999-10-01,"Oct 1999","Semi-Detached",10,"Scss","Under Construction"
"48850",1999-10-01,"Oct 1999","Row",6,"Scss","Under Construction"
"48850",1999-10-01,"Oct 1999","Apartment",219,"Scss","Under Construction"
"48850",1999-10-01,"Oct 1999","All",255,"Scss","Under Construction"
"48850",1999-11-01,"Nov 1999","Single",56,"Scss","Under Construction"
"48850",1999-11-01,"Nov 1999","Semi-Detached",12,"Scss","Under Construction"
"48850",1999-11-01,"Nov 1999","Row",36,"Scss","Under Construction"
"48850",1999-11-01,"Nov 1999","Apartment",73,"Scss","Under Construction"
"48850",1999-11-01,"Nov 1999","All",177,"Scss","Under Construction"
"48850",1999-12-01,"Dec 1999","Single",79,"Scss","Under Construction"
"48850",1999-12-01,"Dec 1999","Semi-Detached",16,"Scss","Under Construction"
"48850",1999-12-01,"Dec 1999","Row",0,"Scss","Under Construction"
"48850",1999-12-01,"Dec 1999","Apartment",0,"Scss","Under Construction"
"48850",1999-12-01,"Dec 1999","All",95,"Scss","Under Construction"
"48850",2000-01-01,"Jan 2000","Single",89,"Scss","Under Construction"
"48850",2000-01-01,"Jan 2000","Semi-Detached",18,"Scss","Under Construction"
"48850",2000-01-01,"Jan 2000","Row",0,"Scss","Under Construction"
"48850",2000-01-01,"Jan 2000","Apartment",0,"Scss","Under Construction"
"48850",2000-01-01,"Jan 2000","All",107,"Scss","Under Construction"
"48850",2000-02-01,"Feb 2000","Single",72,"Scss","Under Construction"
"48850",2000-02-01,"Feb 2000","Semi-Detached",8,"Scss","Under Construction"
"48850",2000-02-01,"Feb 2000","Row",0,"Scss","Under Construction"
"48850",2000-02-01,"Feb 2000","Apartment",0,"Scss","Under Construction"
"48850",2000-02-01,"Feb 2000","All",80,"Scss","Under Construction"
"48850",2000-03-01,"Mar 2000","Single",46,"Scss","Under Construction"
"48850",2000-03-01,"Mar 2000","Semi-Detached",6,"Scss","Under Construction"
"48850",2000-03-01,"Mar 2000","Row",0,"Scss","Under Construction"
"48850",2000-03-01,"Mar 2000","Apartment",0,"Scss","Under Construction"
"48850",2000-03-01,"Mar 2000","All",52,"Scss","Under Construction"
"48850",2000-04-01,"Apr 2000","Single",49,"Scss","Under Construction"
"48850",2000-04-01,"Apr 2000","Semi-Detached",2,"Scss","Under Construction"
"48850",2000-04-01,"Apr 2000","Row",3,"Scss","Under Construction"
"48850",2000-04-01,"Apr 2000","Apartment",4,"Scss","Under Construction"
"48850",2000-04-01,"Apr 2000","All",58,"Scss","Under Construction"
"48850",2000-05-01,"May 2000","Single",77,"Scss","Under Construction"
"48850",2000-05-01,"May 2000","Semi-Detached",0,"Scss","Under Construction"
"48850",2000-05-01,"May 2000","Row",3,"Scss","Under Construction"
"48850",2000-05-01,"May 2000","Apartment",4,"Scss","Under Construction"
"48850",2000-05-01,"May 2000","All",84,"Scss","Under Construction"
"48850",2000-06-01,"Jun 2000","Single",89,"Scss","Under Construction"
"48850",2000-06-01,"Jun 2000","Semi-Detached",4,"Scss","Under Construction"
"48850",2000-06-01,"Jun 2000","Row",3,"Scss","Under Construction"
"48850",2000-06-01,"Jun 2000","Apartment",33,"Scss","Under Construction"
"48850",2000-06-01,"Jun 2000","All",129,"Scss","Under Construction"
"48850",2000-07-01,"Jul 2000","Single",72,"Scss","Under Construction"
"48850",2000-07-01,"Jul 2000","Semi-Detached",4,"Scss","Under Construction"
"48850",2000-07-01,"Jul 2000","Row",0,"Scss","Under Construction"
"48850",2000-07-01,"Jul 2000","Apartment",38,"Scss","Under Construction"
"48850",2000-07-01,"Jul 2000","All",114,"Scss","Under Construction"
"48850",2000-08-01,"Aug 2000","Single",62,"Scss","Under Construction"
"48850",2000-08-01,"Aug 2000","Semi-Detached",6,"Scss","Under Construction"
"48850",2000-08-01,"Aug 2000","Row",0,"Scss","Under Construction"
"48850",2000-08-01,"Aug 2000","Apartment",38,"Scss","Under Construction"
"48850",2000-08-01,"Aug 2000","All",106,"Scss","Under Construction"
"48850",2000-09-01,"Sep 2000","Single",59,"Scss","Under Construction"
"48850",2000-09-01,"Sep 2000","Semi-Detached",4,"Scss","Under Construction"
"48850",2000-09-01,"Sep 2000","Row",0,"Scss","Under Construction"
"48850",2000-09-01,"Sep 2000","Apartment",9,"Scss","Under Construction"
"48850",2000-09-01,"Sep 2000","All",72,"Scss","Under Construction"
"48850",2000-10-01,"Oct 2000","Single",52,"Scss","Under Construction"
"48850",2000-10-01,"Oct 2000","Semi-Detached",12,"Scss","Under Construction"
"48850",2000-10-01,"Oct 2000","Row",0,"Scss","Under Construction"
"48850",2000-10-01,"Oct 2000","Apartment",12,"Scss","Under Construction"
"48850",2000-10-01,"Oct 2000","All",76,"Scss","Under Construction"
"48850",2000-11-01,"Nov 2000","Single",57,"Scss","Under Construction"
"48850",2000-11-01,"Nov 2000","Semi-Detached",20,"Scss","Under Construction"
"48850",2000-11-01,"Nov 2000","Row",0,"Scss","Under Construction"
"48850",2000-11-01,"Nov 2000","Apartment",6,"Scss","Under Construction"
"48850",2000-11-01,"Nov 2000","All",83,"Scss","Under Construction"
"48850",2000-12-01,"Dec 2000","Single",81,"Scss","Under Construction"
"48850",2000-12-01,"Dec 2000","Semi-Detached",16,"Scss","Under Construction"
"48850",2000-12-01,"Dec 2000","Row",0,"Scss","Under Construction"
"48850",2000-12-01,"Dec 2000","Apartment",6,"Scss","Under Construction"
"48850",2000-12-01,"Dec 2000","All",103,"Scss","Under Construction"
"48850",2001-01-01,"Jan 2001","Single",70,"Scss","Under Construction"
"48850",2001-01-01,"Jan 2001","Semi-Detached",18,"Scss","Under Construction"
"48850",2001-01-01,"Jan 2001","Row",0,"Scss","Under Construction"
"48850",2001-01-01,"Jan 2001","Apartment",0,"Scss","Under Construction"
"48850",2001-01-01,"Jan 2001","All",88,"Scss","Under Construction"
"48850",2001-02-01,"Feb 2001","Single",59,"Scss","Under Construction"
"48850",2001-02-01,"Feb 2001","Semi-Detached",10,"Scss","Under Construction"
"48850",2001-02-01,"Feb 2001","Row",0,"Scss","Under Construction"
"48850",2001-02-01,"Feb 2001","Apartment",0,"Scss","Under Construction"
"48850",2001-02-01,"Feb 2001","All",69,"Scss","Under Construction"
"48850",2001-03-01,"Mar 2001","Single",40,"Scss","Under Construction"
"48850",2001-03-01,"Mar 2001","Semi-Detached",4,"Scss","Under Construction"
"48850",2001-03-01,"Mar 2001","Row",0,"Scss","Under Construction"
"48850",2001-03-01,"Mar 2001","Apartment",8,"Scss","Under Construction"
"48850",2001-03-01,"Mar 2001","All",52,"Scss","Under Construction"
"48850",2001-04-01,"Apr 2001","Single",45,"Scss","Under Construction"
"48850",2001-04-01,"Apr 2001","Semi-Detached",4,"Scss","Under Construction"
"48850",2001-04-01,"Apr 2001","Row",0,"Scss","Under Construction"
"48850",2001-04-01,"Apr 2001","Apartment",8,"Scss","Under Construction"
"48850",2001-04-01,"Apr 2001","All",57,"Scss","Under Construction"
"48850",2001-05-01,"May 2001","Single",67,"Scss","Under Construction"
"48850",2001-05-01,"May 2001","Semi-Detached",6,"Scss","Under Construction"
"48850",2001-05-01,"May 2001","Row",0,"Scss","Under Construction"
"48850",2001-05-01,"May 2001","Apartment",0,"Scss","Under Construction"
"48850",2001-05-01,"May 2001","All",73,"Scss","Under Construction"
"48850",2001-06-01,"Jun 2001","Single",107,"Scss","Under Construction"
"48850",2001-06-01,"Jun 2001","Semi-Detached",8,"Scss","Under Construction"
"48850",2001-06-01,"Jun 2001","Row",48,"Scss","Under Construction"
"48850",2001-06-01,"Jun 2001","Apartment",16,"Scss","Under Construction"
"48850",2001-06-01,"Jun 2001","All",179,"Scss","Under Construction"
"48850",2001-07-01,"Jul 2001","Single",98,"Scss","Under Construction"
"48850",2001-07-01,"Jul 2001","Semi-Detached",8,"Scss","Under Construction"
"48850",2001-07-01,"Jul 2001","Row",48,"Scss","Under Construction"
"48850",2001-07-01,"Jul 2001","Apartment",68,"Scss","Under Construction"
"48850",2001-07-01,"Jul 2001","All",222,"Scss","Under Construction"
"48850",2001-08-01,"Aug 2001","Single",111,"Scss","Under Construction"
"48850",2001-08-01,"Aug 2001","Semi-Detached",16,"Scss","Under Construction"
"48850",2001-08-01,"Aug 2001","Row",48,"Scss","Under Construction"
"48850",2001-08-01,"Aug 2001","Apartment",64,"Scss","Under Construction"
"48850",2001-08-01,"Aug 2001","All",239,"Scss","Under Construction"
"48850",2001-09-01,"Sep 2001","Single",105,"Scss","Under Construction"
"48850",2001-09-01,"Sep 2001","Semi-Detached",24,"Scss","Under Construction"
"48850",2001-09-01,"Sep 2001","Row",48,"Scss","Under Construction"
"48850",2001-09-01,"Sep 2001","Apartment",16,"Scss","Under Construction"
"48850",2001-09-01,"Sep 2001","All",193,"Scss","Under Construction"
"48850",2001-10-01,"Oct 2001","Single",119,"Scss","Under Construction"
"48850",2001-10-01,"Oct 2001","Semi-Detached",28,"Scss","Under Construction"
"48850",2001-10-01,"Oct 2001","Row",0,"Scss","Under Construction"
"48850",2001-10-01,"Oct 2001","Apartment",0,"Scss","Under Construction"
"48850",2001-10-01,"Oct 2001","All",147,"Scss","Under Construction"
"48850",2001-11-01,"Nov 2001","Single",128,"Scss","Under Construction"
"48850",2001-11-01,"Nov 2001","Semi-Detached",24,"Scss","Under Construction"
"48850",2001-11-01,"Nov 2001","Row",0,"Scss","Under Construction"
"48850",2001-11-01,"Nov 2001","Apartment",0,"Scss","Under Construction"
"48850",2001-11-01,"Nov 2001","All",152,"Scss","Under Construction"
"48850",2001-12-01,"Dec 2001","Single",131,"Scss","Under Construction"
"48850",2001-12-01,"Dec 2001","Semi-Detached",32,"Scss","Under Construction"
"48850",2001-12-01,"Dec 2001","Row",0,"Scss","Under Construction"
"48850",2001-12-01,"Dec 2001","Apartment",0,"Scss","Under Construction"
"48850",2001-12-01,"Dec 2001","All",163,"Scss","Under Construction"
"48850",2002-01-01,"Jan 2002","Single",120,"Scss","Under Construction"
"48850",2002-01-01,"Jan 2002","Semi-Detached",40,"Scss","Under Construction"
"48850",2002-01-01,"Jan 2002","Row",0,"Scss","Under Construction"
"48850",2002-01-01,"Jan 2002","Apartment",94,"Scss","Under Construction"
"48850",2002-01-01,"Jan 2002","All",254,"Scss","Under Construction"
"48850",2002-02-01,"Feb 2002","Single",79,"Scss","Under Construction"
"48850",2002-02-01,"Feb 2002","Semi-Detached",28,"Scss","Under Construction"
"48850",2002-02-01,"Feb 2002","Row",0,"Scss","Under Construction"
"48850",2002-02-01,"Feb 2002","Apartment",94,"Scss","Under Construction"
"48850",2002-02-01,"Feb 2002","All",201,"Scss","Under Construction"
"48850",2002-03-01,"Mar 2002","Single",82,"Scss","Under Construction"
"48850",2002-03-01,"Mar 2002","Semi-Detached",20,"Scss","Under Construction"
"48850",2002-03-01,"Mar 2002","Row",0,"Scss","Under Construction"
"48850",2002-03-01,"Mar 2002","Apartment",94,"Scss","Under Construction"
"48850",2002-03-01,"Mar 2002","All",196,"Scss","Under Construction"
"48850",2002-04-01,"Apr 2002","Single",84,"Scss","Under Construction"
"48850",2002-04-01,"Apr 2002","Semi-Detached",2,"Scss","Under Construction"
"48850",2002-04-01,"Apr 2002","Row",0,"Scss","Under Construction"
"48850",2002-04-01,"Apr 2002","Apartment",94,"Scss","Under Construction"
"48850",2002-04-01,"Apr 2002","All",180,"Scss","Under Construction"
"48850",2002-05-01,"May 2002","Single",120,"Scss","Under Construction"
"48850",2002-05-01,"May 2002","Semi-Detached",2,"Scss","Under Construction"
"48850",2002-05-01,"May 2002","Row",0,"Scss","Under Construction"
"48850",2002-05-01,"May 2002","Apartment",54,"Scss","Under Construction"
"48850",2002-05-01,"May 2002","All",176,"Scss","Under Construction"
"48850",2002-06-01,"Jun 2002","Single",147,"Scss","Under Construction"
"48850",2002-06-01,"Jun 2002","Semi-Detached",2,"Scss","Under Construction"
"48850",2002-06-01,"Jun 2002","Row",44,"Scss","Under Construction"
"48850",2002-06-01,"Jun 2002","Apartment",53,"Scss","Under Construction"
"48850",2002-06-01,"Jun 2002","All",246,"Scss","Under Construction"
"48850",2002-07-01,"Jul 2002","Single",177,"Scss","Under Construction"
"48850",2002-07-01,"Jul 2002","Semi-Detached",26,"Scss","Under Construction"
"48850",2002-07-01,"Jul 2002","Row",44,"Scss","Under Construction"
"48850",2002-07-01,"Jul 2002","Apartment",57,"Scss","Under Construction"
"48850",2002-07-01,"Jul 2002","All",304,"Scss","Under Construction"
"48850",2002-08-01,"Aug 2002","Single",129,"Scss","Under Construction"
"48850",2002-08-01,"Aug 2002","Semi-Detached",26,"Scss","Under Construction"
"48850",2002-08-01,"Aug 2002","Row",44,"Scss","Under Construction"
"48850",2002-08-01,"Aug 2002","Apartment",57,"Scss","Under Construction"
"48850",2002-08-01,"Aug 2002","All",256,"Scss","Under Construction"
"48850",2002-09-01,"Sep 2002","Single",90,"Scss","Under Construction"
"48850",2002-09-01,"Sep 2002","Semi-Detached",20,"Scss","Under Construction"
"48850",2002-09-01,"Sep 2002","Row",0,"Scss","Under Construction"
"48850",2002-09-01,"Sep 2002","Apartment",47,"Scss","Under Construction"
"48850",2002-09-01,"Sep 2002","All",157,"Scss","Under Construction"
"48850",2002-10-01,"Oct 2002","Single",112,"Scss","Under Construction"
"48850",2002-10-01,"Oct 2002","Semi-Detached",8,"Scss","Under Construction"
"48850",2002-10-01,"Oct 2002","Row",4,"Scss","Under Construction"
"48850",2002-10-01,"Oct 2002","Apartment",0,"Scss","Under Construction"
"48850",2002-10-01,"Oct 2002","All",124,"Scss","Under Construction"
"48850",2002-11-01,"Nov 2002","Single",139,"Scss","Under Construction"
"48850",2002-11-01,"Nov 2002","Semi-Detached",10,"Scss","Under Construction"
"48850",2002-11-01,"Nov 2002","Row",16,"Scss","Under Construction"
"48850",2002-11-01,"Nov 2002","Apartment",0,"Scss","Under Construction"
"48850",2002-11-01,"Nov 2002","All",165,"Scss","Under Construction"
"48850",2002-12-01,"Dec 2002","Single",135,"Scss","Under Construction"
"48850",2002-12-01,"Dec 2002","Semi-Detached",22,"Scss","Under Construction"
"48850",2002-12-01,"Dec 2002","Row",16,"Scss","Under Construction"
"48850",2002-12-01,"Dec 2002","Apartment",0,"Scss","Under Construction"
"48850",2002-12-01,"Dec 2002","All",173,"Scss","Under Construction"
"48850",2003-01-01,"Jan 2003","Single",116,"Scss","Under Construction"
"48850",2003-01-01,"Jan 2003","Semi-Detached",20,"Scss","Under Construction"
"48850",2003-01-01,"Jan 2003","Row",23,"Scss","Under Construction"
"48850",2003-01-01,"Jan 2003","Apartment",0,"Scss","Under Construction"
"48850",2003-01-01,"Jan 2003","All",159,"Scss","Under Construction"
"48850",2003-02-01,"Feb 2003","Single",82,"Scss","Under Construction"
"48850",2003-02-01,"Feb 2003","Semi-Detached",18,"Scss","Under Construction"
"48850",2003-02-01,"Feb 2003","Row",16,"Scss","Under Construction"
"48850",2003-02-01,"Feb 2003","Apartment",0,"Scss","Under Construction"
"48850",2003-02-01,"Feb 2003","All",116,"Scss","Under Construction"
"48850",2003-03-01,"Mar 2003","Single",52,"Scss","Under Construction"
"48850",2003-03-01,"Mar 2003","Semi-Detached",16,"Scss","Under Construction"
"48850",2003-03-01,"Mar 2003","Row",12,"Scss","Under Construction"
"48850",2003-03-01,"Mar 2003","Apartment",0,"Scss","Under Construction"
"48850",2003-03-01,"Mar 2003","All",80,"Scss","Under Construction"
"48850",2003-04-01,"Apr 2003","Single",66,"Scss","Under Construction"
"48850",2003-04-01,"Apr 2003","Semi-Detached",4,"Scss","Under Construction"
"48850",2003-04-01,"Apr 2003","Row",5,"Scss","Under Construction"
"48850",2003-04-01,"Apr 2003","Apartment",0,"Scss","Under Construction"
"48850",2003-04-01,"Apr 2003","All",75,"Scss","Under Construction"
"48850",2003-05-01,"May 2003","Single",102,"Scss","Under Construction"
"48850",2003-05-01,"May 2003","Semi-Detached",18,"Scss","Under Construction"
"48850",2003-05-01,"May 2003","Row",5,"Scss","Under Construction"
"48850",2003-05-01,"May 2003","Apartment",100,"Scss","Under Construction"
"48850",2003-05-01,"May 2003","All",225,"Scss","Under Construction"
"48850",2003-06-01,"Jun 2003","Single",135,"Scss","Under Construction"
"48850",2003-06-01,"Jun 2003","Semi-Detached",16,"Scss","Under Construction"
"48850",2003-06-01,"Jun 2003","Row",0,"Scss","Under Construction"
"48850",2003-06-01,"Jun 2003","Apartment",100,"Scss","Under Construction"
"48850",2003-06-01,"Jun 2003","All",251,"Scss","Under Construction"
"48850",2003-07-01,"Jul 2003","Single",151,"Scss","Under Construction"
"48850",2003-07-01,"Jul 2003","Semi-Detached",22,"Scss","Under Construction"
"48850",2003-07-01,"Jul 2003","Row",0,"Scss","Under Construction"
"48850",2003-07-01,"Jul 2003","Apartment",47,"Scss","Under Construction"
"48850",2003-07-01,"Jul 2003","All",220,"Scss","Under Construction"
"48850",2003-08-01,"Aug 2003","Single",138,"Scss","Under Construction"
"48850",2003-08-01,"Aug 2003","Semi-Detached",20,"Scss","Under Construction"
"48850",2003-08-01,"Aug 2003","Row",0,"Scss","Under Construction"
"48850",2003-08-01,"Aug 2003","Apartment",47,"Scss","Under Construction"
"48850",2003-08-01,"Aug 2003","All",205,"Scss","Under Construction"
"48850",2003-09-01,"Sep 2003","Single",136,"Scss","Under Construction"
"48850",2003-09-01,"Sep 2003","Semi-Detached",22,"Scss","Under Construction"
"48850",2003-09-01,"Sep 2003","Row",0,"Scss","Under Construction"
"48850",2003-09-01,"Sep 2003","Apartment",115,"Scss","Under Construction"
"48850",2003-09-01,"Sep 2003","All",273,"Scss","Under Construction"
"48850",2003-10-01,"Oct 2003","Single",138,"Scss","Under Construction"
"48850",2003-10-01,"Oct 2003","Semi-Detached",10,"Scss","Under Construction"
"48850",2003-10-01,"Oct 2003","Row",8,"Scss","Under Construction"
"48850",2003-10-01,"Oct 2003","Apartment",68,"Scss","Under Construction"
"48850",2003-10-01,"Oct 2003","All",224,"Scss","Under Construction"
"48850",2003-11-01,"Nov 2003","Single",177,"Scss","Under Construction"
"48850",2003-11-01,"Nov 2003","Semi-Detached",26,"Scss","Under Construction"
"48850",2003-11-01,"Nov 2003","Row",20,"Scss","Under Construction"
"48850",2003-11-01,"Nov 2003","Apartment",68,"Scss","Under Construction"
"48850",2003-11-01,"Nov 2003","All",291,"Scss","Under Construction"
"48850",2003-12-01,"Dec 2003","Single",174,"Scss","Under Construction"
"48850",2003-12-01,"Dec 2003","Semi-Detached",30,"Scss","Under Construction"
"48850",2003-12-01,"Dec 2003","Row",19,"Scss","Under Construction"
"48850",2003-12-01,"Dec 2003","Apartment",25,"Scss","Under Construction"
"48850",2003-12-01,"Dec 2003","All",248,"Scss","Under Construction"
"48850",2004-01-01,"Jan 2004","Single",171,"Scss","Under Construction"
"48850",2004-01-01,"Jan 2004","Semi-Detached",26,"Scss","Under Construction"
"48850",2004-01-01,"Jan 2004","Row",19,"Scss","Under Construction"
"48850",2004-01-01,"Jan 2004","Apartment",25,"Scss","Under Construction"
"48850",2004-01-01,"Jan 2004","All",241,"Scss","Under Construction"
"48850",2004-02-01,"Feb 2004","Single",159,"Scss","Under Construction"
"48850",2004-02-01,"Feb 2004","Semi-Detached",24,"Scss","Under Construction"
"48850",2004-02-01,"Feb 2004","Row",19,"Scss","Under Construction"
"48850",2004-02-01,"Feb 2004","Apartment",72,"Scss","Under Construction"
"48850",2004-02-01,"Feb 2004","All",274,"Scss","Under Construction"
"48850",2004-03-01,"Mar 2004","Single",112,"Scss","Under Construction"
"48850",2004-03-01,"Mar 2004","Semi-Detached",16,"Scss","Under Construction"
"48850",2004-03-01,"Mar 2004","Row",31,"Scss","Under Construction"
"48850",2004-03-01,"Mar 2004","Apartment",47,"Scss","Under Construction"
"48850",2004-03-01,"Mar 2004","All",206,"Scss","Under Construction"
"48850",2004-04-01,"Apr 2004","Single",163,"Scss","Under Construction"
"48850",2004-04-01,"Apr 2004","Semi-Detached",18,"Scss","Under Construction"
"48850",2004-04-01,"Apr 2004","Row",24,"Scss","Under Construction"
"48850",2004-04-01,"Apr 2004","Apartment",47,"Scss","Under Construction"
"48850",2004-04-01,"Apr 2004","All",252,"Scss","Under Construction"
"48850",2004-05-01,"May 2004","Single",179,"Scss","Under Construction"
"48850",2004-05-01,"May 2004","Semi-Detached",16,"Scss","Under Construction"
"48850",2004-05-01,"May 2004","Row",20,"Scss","Under Construction"
"48850",2004-05-01,"May 2004","Apartment",47,"Scss","Under Construction"
"48850",2004-05-01,"May 2004","All",262,"Scss","Under Construction"
"48850",2004-06-01,"Jun 2004","Single",198,"Scss","Under Construction"
"48850",2004-06-01,"Jun 2004","Semi-Detached",12,"Scss","Under Construction"
"48850",2004-06-01,"Jun 2004","Row",20,"Scss","Under Construction"
"48850",2004-06-01,"Jun 2004","Apartment",47,"Scss","Under Construction"
"48850",2004-06-01,"Jun 2004","All",277,"Scss","Under Construction"
"48850",2004-07-01,"Jul 2004","Single",234,"Scss","Under Construction"
"48850",2004-07-01,"Jul 2004","Semi-Detached",14,"Scss","Under Construction"
"48850",2004-07-01,"Jul 2004","Row",16,"Scss","Under Construction"
"48850",2004-07-01,"Jul 2004","Apartment",47,"Scss","Under Construction"
"48850",2004-07-01,"Jul 2004","All",311,"Scss","Under Construction"
"48850",2004-08-01,"Aug 2004","Single",253,"Scss","Under Construction"
"48850",2004-08-01,"Aug 2004","Semi-Detached",6,"Scss","Under Construction"
"48850",2004-08-01,"Aug 2004","Row",12,"Scss","Under Construction"
"48850",2004-08-01,"Aug 2004","Apartment",70,"Scss","Under Construction"
"48850",2004-08-01,"Aug 2004","All",341,"Scss","Under Construction"
"48850",2004-09-01,"Sep 2004","Single",254,"Scss","Under Construction"
"48850",2004-09-01,"Sep 2004","Semi-Detached",6,"Scss","Under Construction"
"48850",2004-09-01,"Sep 2004","Row",20,"Scss","Under Construction"
"48850",2004-09-01,"Sep 2004","Apartment",70,"Scss","Under Construction"
"48850",2004-09-01,"Sep 2004","All",350,"Scss","Under Construction"
"48850",2004-10-01,"Oct 2004","Single",264,"Scss","Under Construction"
"48850",2004-10-01,"Oct 2004","Semi-Detached",2,"Scss","Under Construction"
"48850",2004-10-01,"Oct 2004","Row",20,"Scss","Under Construction"
"48850",2004-10-01,"Oct 2004","Apartment",70,"Scss","Under Construction"
"48850",2004-10-01,"Oct 2004","All",356,"Scss","Under Construction"
"48850",2004-11-01,"Nov 2004","Single",280,"Scss","Under Construction"
"48850",2004-11-01,"Nov 2004","Semi-Detached",10,"Scss","Under Construction"
"48850",2004-11-01,"Nov 2004","Row",52,"Scss","Under Construction"
"48850",2004-11-01,"Nov 2004","Apartment",70,"Scss","Under Construction"
"48850",2004-11-01,"Nov 2004","All",412,"Scss","Under Construction"
"48850",2004-12-01,"Dec 2004","Single",338,"Scss","Under Construction"
"48850",2004-12-01,"Dec 2004","Semi-Detached",16,"Scss","Under Construction"
"48850",2004-12-01,"Dec 2004","Row",59,"Scss","Under Construction"
"48850",2004-12-01,"Dec 2004","Apartment",70,"Scss","Under Construction"
"48850",2004-12-01,"Dec 2004","All",483,"Scss","Under Construction"
"48850",2005-01-01,"Jan 2005","Single",332,"Scss","Under Construction"
"48850",2005-01-01,"Jan 2005","Semi-Detached",34,"Scss","Under Construction"
"48850",2005-01-01,"Jan 2005","Row",59,"Scss","Under Construction"
"48850",2005-01-01,"Jan 2005","Apartment",70,"Scss","Under Construction"
"48850",2005-01-01,"Jan 2005","All",495,"Scss","Under Construction"
"48850",2005-02-01,"Feb 2005","Single",301,"Scss","Under Construction"
"48850",2005-02-01,"Feb 2005","Semi-Detached",36,"Scss","Under Construction"
"48850",2005-02-01,"Feb 2005","Row",58,"Scss","Under Construction"
"48850",2005-02-01,"Feb 2005","Apartment",70,"Scss","Under Construction"
"48850",2005-02-01,"Feb 2005","All",465,"Scss","Under Construction"
"48850",2005-03-01,"Mar 2005","Single",298,"Scss","Under Construction"
"48850",2005-03-01,"Mar 2005","Semi-Detached",40,"Scss","Under Construction"
"48850",2005-03-01,"Mar 2005","Row",38,"Scss","Under Construction"
"48850",2005-03-01,"Mar 2005","Apartment",0,"Scss","Under Construction"
"48850",2005-03-01,"Mar 2005","All",376,"Scss","Under Construction"
"48850",2005-04-01,"Apr 2005","Single",305,"Scss","Under Construction"
"48850",2005-04-01,"Apr 2005","Semi-Detached",44,"Scss","Under Construction"
"48850",2005-04-01,"Apr 2005","Row",49,"Scss","Under Construction"
"48850",2005-04-01,"Apr 2005","Apartment",0,"Scss","Under Construction"
"48850",2005-04-01,"Apr 2005","All",398,"Scss","Under Construction"
"48850",2005-05-01,"May 2005","Single",327,"Scss","Under Construction"
"48850",2005-05-01,"May 2005","Semi-Detached",42,"Scss","Under Construction"
"48850",2005-05-01,"May 2005","Row",49,"Scss","Under Construction"
"48850",2005-05-01,"May 2005","Apartment",0,"Scss","Under Construction"
"48850",2005-05-01,"May 2005","All",418,"Scss","Under Construction"
"48850",2005-06-01,"Jun 2005","Single",323,"Scss","Under Construction"
"48850",2005-06-01,"Jun 2005","Semi-Detached",36,"Scss","Under Construction"
"48850",2005-06-01,"Jun 2005","Row",57,"Scss","Under Construction"
"48850",2005-06-01,"Jun 2005","Apartment",0,"Scss","Under Construction"
"48850",2005-06-01,"Jun 2005","All",416,"Scss","Under Construction"
"48850",2005-07-01,"Jul 2005","Single",300,"Scss","Under Construction"
"48850",2005-07-01,"Jul 2005","Semi-Detached",40,"Scss","Under Construction"
"48850",2005-07-01,"Jul 2005","Row",70,"Scss","Under Construction"
"48850",2005-07-01,"Jul 2005","Apartment",8,"Scss","Under Construction"
"48850",2005-07-01,"Jul 2005","All",418,"Scss","Under Construction"
"48850",2005-08-01,"Aug 2005","Single",306,"Scss","Under Construction"
"48850",2005-08-01,"Aug 2005","Semi-Detached",52,"Scss","Under Construction"
"48850",2005-08-01,"Aug 2005","Row",55,"Scss","Under Construction"
"48850",2005-08-01,"Aug 2005","Apartment",8,"Scss","Under Construction"
"48850",2005-08-01,"Aug 2005","All",421,"Scss","Under Construction"
"48850",2005-09-01,"Sep 2005","Single",281,"Scss","Under Construction"
"48850",2005-09-01,"Sep 2005","Semi-Detached",48,"Scss","Under Construction"
"48850",2005-09-01,"Sep 2005","Row",55,"Scss","Under Construction"
"48850",2005-09-01,"Sep 2005","Apartment",8,"Scss","Under Construction"
"48850",2005-09-01,"Sep 2005","All",392,"Scss","Under Construction"
"48850",2005-10-01,"Oct 2005","Single",288,"Scss","Under Construction"
"48850",2005-10-01,"Oct 2005","Semi-Detached",44,"Scss","Under Construction"
"48850",2005-10-01,"Oct 2005","Row",51,"Scss","Under Construction"
"48850",2005-10-01,"Oct 2005","Apartment",91,"Scss","Under Construction"
"48850",2005-10-01,"Oct 2005","All",474,"Scss","Under Construction"
"48850",2005-11-01,"Nov 2005","Single",310,"Scss","Under Construction"
"48850",2005-11-01,"Nov 2005","Semi-Detached",42,"Scss","Under Construction"
"48850",2005-11-01,"Nov 2005","Row",54,"Scss","Under Construction"
"48850",2005-11-01,"Nov 2005","Apartment",91,"Scss","Under Construction"
"48850",2005-11-01,"Nov 2005","All",497,"Scss","Under Construction"
"48850",2005-12-01,"Dec 2005","Single",361,"Scss","Under Construction"
"48850",2005-12-01,"Dec 2005","Semi-Detached",58,"Scss","Under Construction"
"48850",2005-12-01,"Dec 2005","Row",30,"Scss","Under Construction"
"48850",2005-12-01,"Dec 2005","Apartment",91,"Scss","Under Construction"
"48850",2005-12-01,"Dec 2005","All",540,"Scss","Under Construction"
"48850",2006-01-01,"Jan 2006","Single",312,"Scss","Under Construction"
"48850",2006-01-01,"Jan 2006","Semi-Detached",56,"Scss","Under Construction"
"48850",2006-01-01,"Jan 2006","Row",26,"Scss","Under Construction"
"48850",2006-01-01,"Jan 2006","Apartment",91,"Scss","Under Construction"
"48850",2006-01-01,"Jan 2006","All",485,"Scss","Under Construction"
"48850",2006-02-01,"Feb 2006","Single",395,"Scss","Under Construction"
"48850",2006-02-01,"Feb 2006","Semi-Detached",88,"Scss","Under Construction"
"48850",2006-02-01,"Feb 2006","Row",27,"Scss","Under Construction"
"48850",2006-02-01,"Feb 2006","Apartment",91,"Scss","Under Construction"
"48850",2006-02-01,"Feb 2006","All",601,"Scss","Under Construction"
"48850",2006-03-01,"Mar 2006","Single",397,"Scss","Under Construction"
"48850",2006-03-01,"Mar 2006","Semi-Detached",88,"Scss","Under Construction"
"48850",2006-03-01,"Mar 2006","Row",24,"Scss","Under Construction"
"48850",2006-03-01,"Mar 2006","Apartment",91,"Scss","Under Construction"
"48850",2006-03-01,"Mar 2006","All",600,"Scss","Under Construction"
"48850",2006-04-01,"Apr 2006","Single",463,"Scss","Under Construction"
"48850",2006-04-01,"Apr 2006","Semi-Detached",104,"Scss","Under Construction"
"48850",2006-04-01,"Apr 2006","Row",29,"Scss","Under Construction"
"48850",2006-04-01,"Apr 2006","Apartment",158,"Scss","Under Construction"
"48850",2006-04-01,"Apr 2006","All",754,"Scss","Under Construction"
"48850",2006-05-01,"May 2006","Single",471,"Scss","Under Construction"
"48850",2006-05-01,"May 2006","Semi-Detached",98,"Scss","Under Construction"
"48850",2006-05-01,"May 2006","Row",29,"Scss","Under Construction"
"48850",2006-05-01,"May 2006","Apartment",158,"Scss","Under Construction"
"48850",2006-05-01,"May 2006","All",756,"Scss","Under Construction"
"48850",2006-06-01,"Jun 2006","Single",437,"Scss","Under Construction"
"48850",2006-06-01,"Jun 2006","Semi-Detached",104,"Scss","Under Construction"
"48850",2006-06-01,"Jun 2006","Row",36,"Scss","Under Construction"
"48850",2006-06-01,"Jun 2006","Apartment",213,"Scss","Under Construction"
"48850",2006-06-01,"Jun 2006","All",790,"Scss","Under Construction"
"48850",2006-07-01,"Jul 2006","Single",491,"Scss","Under Construction"
"48850",2006-07-01,"Jul 2006","Semi-Detached",118,"Scss","Under Construction"
"48850",2006-07-01,"Jul 2006","Row",29,"Scss","Under Construction"
"48850",2006-07-01,"Jul 2006","Apartment",272,"Scss","Under Construction"
"48850",2006-07-01,"Jul 2006","All",910,"Scss","Under Construction"
"48850",2006-08-01,"Aug 2006","Single",472,"Scss","Under Construction"
"48850",2006-08-01,"Aug 2006","Semi-Detached",124,"Scss","Under Construction"
"48850",2006-08-01,"Aug 2006","Row",18,"Scss","Under Construction"
"48850",2006-08-01,"Aug 2006","Apartment",272,"Scss","Under Construction"
"48850",2006-08-01,"Aug 2006","All",886,"Scss","Under Construction"
"48850",2006-09-01,"Sep 2006","Single",525,"Scss","Under Construction"
"48850",2006-09-01,"Sep 2006","Semi-Detached",126,"Scss","Under Construction"
"48850",2006-09-01,"Sep 2006","Row",17,"Scss","Under Construction"
"48850",2006-09-01,"Sep 2006","Apartment",272,"Scss","Under Construction"
"48850",2006-09-01,"Sep 2006","All",940,"Scss","Under Construction"
"48850",2006-10-01,"Oct 2006","Single",553,"Scss","Under Construction"
"48850",2006-10-01,"Oct 2006","Semi-Detached",156,"Scss","Under Construction"
"48850",2006-10-01,"Oct 2006","Row",59,"Scss","Under Construction"
"48850",2006-10-01,"Oct 2006","Apartment",365,"Scss","Under Construction"
"48850",2006-10-01,"Oct 2006","All",1133,"Scss","Under Construction"
"48850",2006-11-01,"Nov 2006","Single",536,"Scss","Under Construction"
"48850",2006-11-01,"Nov 2006","Semi-Detached",154,"Scss","Under Construction"
"48850",2006-11-01,"Nov 2006","Row",59,"Scss","Under Construction"
"48850",2006-11-01,"Nov 2006","Apartment",365,"Scss","Under Construction"
"48850",2006-11-01,"Nov 2006","All",1114,"Scss","Under Construction"
"48850",2006-12-01,"Dec 2006","Single",580,"Scss","Under Construction"
"48850",2006-12-01,"Dec 2006","Semi-Detached",138,"Scss","Under Construction"
"48850",2006-12-01,"Dec 2006","Row",59,"Scss","Under Construction"
"48850",2006-12-01,"Dec 2006","Apartment",274,"Scss","Under Construction"
"48850",2006-12-01,"Dec 2006","All",1051,"Scss","Under Construction"
"48850",2007-01-01,"Jan 2007","Single",585,"Scss","Under Construction"
"48850",2007-01-01,"Jan 2007","Semi-Detached",126,"Scss","Under Construction"
"48850",2007-01-01,"Jan 2007","Row",175,"Scss","Under Construction"
"48850",2007-01-01,"Jan 2007","Apartment",389,"Scss","Under Construction"
"48850",2007-01-01,"Jan 2007","All",1275,"Scss","Under Construction"
"48850",2007-02-01,"Feb 2007","Single",563,"Scss","Under Construction"
"48850",2007-02-01,"Feb 2007","Semi-Detached",120,"Scss","Under Construction"
"48850",2007-02-01,"Feb 2007","Row",172,"Scss","Under Construction"
"48850",2007-02-01,"Feb 2007","Apartment",334,"Scss","Under Construction"
"48850",2007-02-01,"Feb 2007","All",1189,"Scss","Under Construction"
"48850",2007-03-01,"Mar 2007","Single",596,"Scss","Under Construction"
"48850",2007-03-01,"Mar 2007","Semi-Detached",134,"Scss","Under Construction"
"48850",2007-03-01,"Mar 2007","Row",188,"Scss","Under Construction"
"48850",2007-03-01,"Mar 2007","Apartment",334,"Scss","Under Construction"
"48850",2007-03-01,"Mar 2007","All",1252,"Scss","Under Construction"
"48850",2007-04-01,"Apr 2007","Single",586,"Scss","Under Construction"
"48850",2007-04-01,"Apr 2007","Semi-Detached",120,"Scss","Under Construction"
"48850",2007-04-01,"Apr 2007","Row",188,"Scss","Under Construction"
"48850",2007-04-01,"Apr 2007","Apartment",453,"Scss","Under Construction"
"48850",2007-04-01,"Apr 2007","All",1347,"Scss","Under Construction"
"48850",2007-05-01,"May 2007","Single",576,"Scss","Under Construction"
"48850",2007-05-01,"May 2007","Semi-Detached",134,"Scss","Under Construction"
"48850",2007-05-01,"May 2007","Row",188,"Scss","Under Construction"
"48850",2007-05-01,"May 2007","Apartment",453,"Scss","Under Construction"
"48850",2007-05-01,"May 2007","All",1351,"Scss","Under Construction"
"48850",2007-06-01,"Jun 2007","Single",547,"Scss","Under Construction"
"48850",2007-06-01,"Jun 2007","Semi-Detached",132,"Scss","Under Construction"
"48850",2007-06-01,"Jun 2007","Row",186,"Scss","Under Construction"
"48850",2007-06-01,"Jun 2007","Apartment",453,"Scss","Under Construction"
"48850",2007-06-01,"Jun 2007","All",1318,"Scss","Under Construction"
"48850",2007-07-01,"Jul 2007","Single",535,"Scss","Under Construction"
"48850",2007-07-01,"Jul 2007","Semi-Detached",178,"Scss","Under Construction"
"48850",2007-07-01,"Jul 2007","Row",186,"Scss","Under Construction"
"48850",2007-07-01,"Jul 2007","Apartment",453,"Scss","Under Construction"
"48850",2007-07-01,"Jul 2007","All",1352,"Scss","Under Construction"
"48850",2007-08-01,"Aug 2007","Single",553,"Scss","Under Construction"
"48850",2007-08-01,"Aug 2007","Semi-Detached",158,"Scss","Under Construction"
"48850",2007-08-01,"Aug 2007","Row",176,"Scss","Under Construction"
"48850",2007-08-01,"Aug 2007","Apartment",422,"Scss","Under Construction"
"48850",2007-08-01,"Aug 2007","All",1309,"Scss","Under Construction"
"48850",2007-09-01,"Sep 2007","Single",558,"Scss","Under Construction"
"48850",2007-09-01,"Sep 2007","Semi-Detached",158,"Scss","Under Construction"
"48850",2007-09-01,"Sep 2007","Row",218,"Scss","Under Construction"
"48850",2007-09-01,"Sep 2007","Apartment",485,"Scss","Under Construction"
"48850",2007-09-01,"Sep 2007","All",1419,"Scss","Under Construction"
"48850",2007-10-01,"Oct 2007","Single",452,"Scss","Under Construction"
"48850",2007-10-01,"Oct 2007","Semi-Detached",134,"Scss","Under Construction"
"48850",2007-10-01,"Oct 2007","Row",229,"Scss","Under Construction"
"48850",2007-10-01,"Oct 2007","Apartment",521,"Scss","Under Construction"
"48850",2007-10-01,"Oct 2007","All",1336,"Scss","Under Construction"
"48850",2007-11-01,"Nov 2007","Single",461,"Scss","Under Construction"
"48850",2007-11-01,"Nov 2007","Semi-Detached",124,"Scss","Under Construction"
"48850",2007-11-01,"Nov 2007","Row",229,"Scss","Under Construction"
"48850",2007-11-01,"Nov 2007","Apartment",593,"Scss","Under Construction"
"48850",2007-11-01,"Nov 2007","All",1407,"Scss","Under Construction"
"48850",2007-12-01,"Dec 2007","Single",475,"Scss","Under Construction"
"48850",2007-12-01,"Dec 2007","Semi-Detached",130,"Scss","Under Construction"
"48850",2007-12-01,"Dec 2007","Row",158,"Scss","Under Construction"
"48850",2007-12-01,"Dec 2007","Apartment",581,"Scss","Under Construction"
"48850",2007-12-01,"Dec 2007","All",1344,"Scss","Under Construction"
"48850",2008-01-01,"Jan 2008","Single",444,"Scss","Under Construction"
"48850",2008-01-01,"Jan 2008","Semi-Detached",114,"Scss","Under Construction"
"48850",2008-01-01,"Jan 2008","Row",150,"Scss","Under Construction"
"48850",2008-01-01,"Jan 2008","Apartment",621,"Scss","Under Construction"
"48850",2008-01-01,"Jan 2008","All",1329,"Scss","Under Construction"
"48850",2008-02-01,"Feb 2008","Single",405,"Scss","Under Construction"
"48850",2008-02-01,"Feb 2008","Semi-Detached",114,"Scss","Under Construction"
"48850",2008-02-01,"Feb 2008","Row",142,"Scss","Under Construction"
"48850",2008-02-01,"Feb 2008","Apartment",621,"Scss","Under Construction"
"48850",2008-02-01,"Feb 2008","All",1282,"Scss","Under Construction"
"48850",2008-03-01,"Mar 2008","Single",387,"Scss","Under Construction"
"48850",2008-03-01,"Mar 2008","Semi-Detached",96,"Scss","Under Construction"
"48850",2008-03-01,"Mar 2008","Row",115,"Scss","Under Construction"
"48850",2008-03-01,"Mar 2008","Apartment",615,"Scss","Under Construction"
"48850",2008-03-01,"Mar 2008","All",1213,"Scss","Under Construction"
"48850",2008-04-01,"Apr 2008","Single",332,"Scss","Under Construction"
"48850",2008-04-01,"Apr 2008","Semi-Detached",90,"Scss","Under Construction"
"48850",2008-04-01,"Apr 2008","Row",115,"Scss","Under Construction"
"48850",2008-04-01,"Apr 2008","Apartment",560,"Scss","Under Construction"
"48850",2008-04-01,"Apr 2008","All",1097,"Scss","Under Construction"
"48850",2008-05-01,"May 2008","Single",297,"Scss","Under Construction"
"48850",2008-05-01,"May 2008","Semi-Detached",68,"Scss","Under Construction"
"48850",2008-05-01,"May 2008","Row",72,"Scss","Under Construction"
"48850",2008-05-01,"May 2008","Apartment",560,"Scss","Under Construction"
"48850",2008-05-01,"May 2008","All",997,"Scss","Under Construction"
"48850",2008-06-01,"Jun 2008","Single",275,"Scss","Under Construction"
"48850",2008-06-01,"Jun 2008","Semi-Detached",50,"Scss","Under Construction"
"48850",2008-06-01,"Jun 2008","Row",65,"Scss","Under Construction"
"48850",2008-06-01,"Jun 2008","Apartment",560,"Scss","Under Construction"
"48850",2008-06-01,"Jun 2008","All",950,"Scss","Under Construction"
"48850",2008-07-01,"Jul 2008","Single",330,"Scss","Under Construction"
"48850",2008-07-01,"Jul 2008","Semi-Detached",36,"Scss","Under Construction"
"48850",2008-07-01,"Jul 2008","Row",53,"Scss","Under Construction"
"48850",2008-07-01,"Jul 2008","Apartment",520,"Scss","Under Construction"
"48850",2008-07-01,"Jul 2008","All",939,"Scss","Under Construction"
"48850",2008-08-01,"Aug 2008","Single",324,"Scss","Under Construction"
"48850",2008-08-01,"Aug 2008","Semi-Detached",32,"Scss","Under Construction"
"48850",2008-08-01,"Aug 2008","Row",48,"Scss","Under Construction"
"48850",2008-08-01,"Aug 2008","Apartment",514,"Scss","Under Construction"
"48850",2008-08-01,"Aug 2008","All",918,"Scss","Under Construction"
"48850",2008-09-01,"Sep 2008","Single",369,"Scss","Under Construction"
"48850",2008-09-01,"Sep 2008","Semi-Detached",34,"Scss","Under Construction"
"48850",2008-09-01,"Sep 2008","Row",44,"Scss","Under Construction"
"48850",2008-09-01,"Sep 2008","Apartment",599,"Scss","Under Construction"
"48850",2008-09-01,"Sep 2008","All",1046,"Scss","Under Construction"
"48850",2008-10-01,"Oct 2008","Single",423,"Scss","Under Construction"
"48850",2008-10-01,"Oct 2008","Semi-Detached",34,"Scss","Under Construction"
"48850",2008-10-01,"Oct 2008","Row",44,"Scss","Under Construction"
"48850",2008-10-01,"Oct 2008","Apartment",599,"Scss","Under Construction"
"48850",2008-10-01,"Oct 2008","All",1100,"Scss","Under Construction"
"48850",2008-11-01,"Nov 2008","Single",457,"Scss","Under Construction"
"48850",2008-11-01,"Nov 2008","Semi-Detached",28,"Scss","Under Construction"
"48850",2008-11-01,"Nov 2008","Row",16,"Scss","Under Construction"
"48850",2008-11-01,"Nov 2008","Apartment",603,"Scss","Under Construction"
"48850",2008-11-01,"Nov 2008","All",1104,"Scss","Under Construction"
"48850",2008-12-01,"Dec 2008","Single",487,"Scss","Under Construction"
"48850",2008-12-01,"Dec 2008","Semi-Detached",28,"Scss","Under Construction"
"48850",2008-12-01,"Dec 2008","Row",16,"Scss","Under Construction"
"48850",2008-12-01,"Dec 2008","Apartment",426,"Scss","Under Construction"
"48850",2008-12-01,"Dec 2008","All",957,"Scss","Under Construction"
"48850",2009-01-01,"Jan 2009","Single",428,"Scss","Under Construction"
"48850",2009-01-01,"Jan 2009","Semi-Detached",26,"Scss","Under Construction"
"48850",2009-01-01,"Jan 2009","Row",16,"Scss","Under Construction"
"48850",2009-01-01,"Jan 2009","Apartment",426,"Scss","Under Construction"
"48850",2009-01-01,"Jan 2009","All",896,"Scss","Under Construction"
"48850",2009-02-01,"Feb 2009","Single",414,"Scss","Under Construction"
"48850",2009-02-01,"Feb 2009","Semi-Detached",28,"Scss","Under Construction"
"48850",2009-02-01,"Feb 2009","Row",24,"Scss","Under Construction"
"48850",2009-02-01,"Feb 2009","Apartment",426,"Scss","Under Construction"
"48850",2009-02-01,"Feb 2009","All",892,"Scss","Under Construction"
"48850",2009-03-01,"Mar 2009","Single",370,"Scss","Under Construction"
"48850",2009-03-01,"Mar 2009","Semi-Detached",28,"Scss","Under Construction"
"48850",2009-03-01,"Mar 2009","Row",24,"Scss","Under Construction"
"48850",2009-03-01,"Mar 2009","Apartment",426,"Scss","Under Construction"
"48850",2009-03-01,"Mar 2009","All",848,"Scss","Under Construction"
"48850",2009-04-01,"Apr 2009","Single",349,"Scss","Under Construction"
"48850",2009-04-01,"Apr 2009","Semi-Detached",30,"Scss","Under Construction"
"48850",2009-04-01,"Apr 2009","Row",12,"Scss","Under Construction"
"48850",2009-04-01,"Apr 2009","Apartment",363,"Scss","Under Construction"
"48850",2009-04-01,"Apr 2009","All",754,"Scss","Under Construction"
"48850",2009-05-01,"May 2009","Single",219,"Scss","Under Construction"
"48850",2009-05-01,"May 2009","Semi-Detached",28,"Scss","Under Construction"
"48850",2009-05-01,"May 2009","Row",12,"Scss","Under Construction"
"48850",2009-05-01,"May 2009","Apartment",363,"Scss","Under Construction"
"48850",2009-05-01,"May 2009","All",622,"Scss","Under Construction"
"48850",2009-06-01,"Jun 2009","Single",229,"Scss","Under Construction"
"48850",2009-06-01,"Jun 2009","Semi-Detached",34,"Scss","Under Construction"
"48850",2009-06-01,"Jun 2009","Row",12,"Scss","Under Construction"
"48850",2009-06-01,"Jun 2009","Apartment",175,"Scss","Under Construction"
"48850",2009-06-01,"Jun 2009","All",450,"Scss","Under Construction"
"48850",2009-07-01,"Jul 2009","Single",227,"Scss","Under Construction"
"48850",2009-07-01,"Jul 2009","Semi-Detached",30,"Scss","Under Construction"
"48850",2009-07-01,"Jul 2009","Row",16,"Scss","Under Construction"
"48850",2009-07-01,"Jul 2009","Apartment",96,"Scss","Under Construction"
"48850",2009-07-01,"Jul 2009","All",369,"Scss","Under Construction"
"48850",2009-08-01,"Aug 2009","Single",259,"Scss","Under Construction"
"48850",2009-08-01,"Aug 2009","Semi-Detached",26,"Scss","Under Construction"
"48850",2009-08-01,"Aug 2009","Row",16,"Scss","Under Construction"
"48850",2009-08-01,"Aug 2009","Apartment",84,"Scss","Under Construction"
"48850",2009-08-01,"Aug 2009","All",385,"Scss","Under Construction"
"48850",2009-09-01,"Sep 2009","Single",314,"Scss","Under Construction"
"48850",2009-09-01,"Sep 2009","Semi-Detached",34,"Scss","Under Construction"
"48850",2009-09-01,"Sep 2009","Row",12,"Scss","Under Construction"
"48850",2009-09-01,"Sep 2009","Apartment",84,"Scss","Under Construction"
"48850",2009-09-01,"Sep 2009","All",444,"Scss","Under Construction"
"48850",2009-10-01,"Oct 2009","Single",362,"Scss","Under Construction"
"48850",2009-10-01,"Oct 2009","Semi-Detached",38,"Scss","Under Construction"
"48850",2009-10-01,"Oct 2009","Row",12,"Scss","Under Construction"
"48850",2009-10-01,"Oct 2009","Apartment",84,"Scss","Under Construction"
"48850",2009-10-01,"Oct 2009","All",496,"Scss","Under Construction"
"48850",2009-11-01,"Nov 2009","Single",406,"Scss","Under Construction"
"48850",2009-11-01,"Nov 2009","Semi-Detached",44,"Scss","Under Construction"
"48850",2009-11-01,"Nov 2009","Row",20,"Scss","Under Construction"
"48850",2009-11-01,"Nov 2009","Apartment",84,"Scss","Under Construction"
"48850",2009-11-01,"Nov 2009","All",554,"Scss","Under Construction"
"48850",2009-12-01,"Dec 2009","Single",386,"Scss","Under Construction"
"48850",2009-12-01,"Dec 2009","Semi-Detached",28,"Scss","Under Construction"
"48850",2009-12-01,"Dec 2009","Row",20,"Scss","Under Construction"
"48850",2009-12-01,"Dec 2009","Apartment",84,"Scss","Under Construction"
"48850",2009-12-01,"Dec 2009","All",518,"Scss","Under Construction"
"48850",2010-01-01,"Jan 2010","Single",349,"Scss","Under Construction"
"48850",2010-01-01,"Jan 2010","Semi-Detached",28,"Scss","Under Construction"
"48850",2010-01-01,"Jan 2010","Row",16,"Scss","Under Construction"
"48850",2010-01-01,"Jan 2010","Apartment",96,"Scss","Under Construction"
"48850",2010-01-01,"Jan 2010","All",489,"Scss","Under Construction"
"48850",2010-02-01,"Feb 2010","Single",313,"Scss","Under Construction"
"48850",2010-02-01,"Feb 2010","Semi-Detached",26,"Scss","Under Construction"
"48850",2010-02-01,"Feb 2010","Row",16,"Scss","Under Construction"
"48850",2010-02-01,"Feb 2010","Apartment",96,"Scss","Under Construction"
"48850",2010-02-01,"Feb 2010","All",451,"Scss","Under Construction"
"48850",2010-03-01,"Mar 2010","Single",288,"Scss","Under Construction"
"48850",2010-03-01,"Mar 2010","Semi-Detached",26,"Scss","Under Construction"
"48850",2010-03-01,"Mar 2010","Row",16,"Scss","Under Construction"
"48850",2010-03-01,"Mar 2010","Apartment",96,"Scss","Under Construction"
"48850",2010-03-01,"Mar 2010","All",426,"Scss","Under Construction"
"48850",2010-04-01,"Apr 2010","Single",275,"Scss","Under Construction"
"48850",2010-04-01,"Apr 2010","Semi-Detached",20,"Scss","Under Construction"
"48850",2010-04-01,"Apr 2010","Row",16,"Scss","Under Construction"
"48850",2010-04-01,"Apr 2010","Apartment",96,"Scss","Under Construction"
"48850",2010-04-01,"Apr 2010","All",407,"Scss","Under Construction"
"48850",2010-05-01,"May 2010","Single",291,"Scss","Under Construction"
"48850",2010-05-01,"May 2010","Semi-Detached",18,"Scss","Under Construction"
"48850",2010-05-01,"May 2010","Row",16,"Scss","Under Construction"
"48850",2010-05-01,"May 2010","Apartment",96,"Scss","Under Construction"
"48850",2010-05-01,"May 2010","All",421,"Scss","Under Construction"
"48850",2010-06-01,"Jun 2010","Single",315,"Scss","Under Construction"
"48850",2010-06-01,"Jun 2010","Semi-Detached",18,"Scss","Under Construction"
"48850",2010-06-01,"Jun 2010","Row",16,"Scss","Under Construction"
"48850",2010-06-01,"Jun 2010","Apartment",79,"Scss","Under Construction"
"48850",2010-06-01,"Jun 2010","All",428,"Scss","Under Construction"
"48850",2010-07-01,"Jul 2010","Single",334,"Scss","Under Construction"
"48850",2010-07-01,"Jul 2010","Semi-Detached",22,"Scss","Under Construction"
"48850",2010-07-01,"Jul 2010","Row",16,"Scss","Under Construction"
"48850",2010-07-01,"Jul 2010","Apartment",79,"Scss","Under Construction"
"48850",2010-07-01,"Jul 2010","All",451,"Scss","Under Construction"
"48850",2010-08-01,"Aug 2010","Single",338,"Scss","Under Construction"
"48850",2010-08-01,"Aug 2010","Semi-Detached",20,"Scss","Under Construction"
"48850",2010-08-01,"Aug 2010","Row",16,"Scss","Under Construction"
"48850",2010-08-01,"Aug 2010","Apartment",79,"Scss","Under Construction"
"48850",2010-08-01,"Aug 2010","All",453,"Scss","Under Construction"
"48850",2010-09-01,"Sep 2010","Single",362,"Scss","Under Construction"
"48850",2010-09-01,"Sep 2010","Semi-Detached",20,"Scss","Under Construction"
"48850",2010-09-01,"Sep 2010","Row",16,"Scss","Under Construction"
"48850",2010-09-01,"Sep 2010","Apartment",79,"Scss","Under Construction"
"48850",2010-09-01,"Sep 2010","All",477,"Scss","Under Construction"
"48850",2010-10-01,"Oct 2010","Single",385,"Scss","Under Construction"
"48850",2010-10-01,"Oct 2010","Semi-Detached",20,"Scss","Under Construction"
"48850",2010-10-01,"Oct 2010","Row",12,"Scss","Under Construction"
"48850",2010-10-01,"Oct 2010","Apartment",79,"Scss","Under Construction"
"48850",2010-10-01,"Oct 2010","All",496,"Scss","Under Construction"
"48850",2010-11-01,"Nov 2010","Single",386,"Scss","Under Construction"
"48850",2010-11-01,"Nov 2010","Semi-Detached",16,"Scss","Under Construction"
"48850",2010-11-01,"Nov 2010","Row",12,"Scss","Under Construction"
"48850",2010-11-01,"Nov 2010","Apartment",79,"Scss","Under Construction"
"48850",2010-11-01,"Nov 2010","All",493,"Scss","Under Construction"
"48850",2010-12-01,"Dec 2010","Single",363,"Scss","Under Construction"
"48850",2010-12-01,"Dec 2010","Semi-Detached",16,"Scss","Under Construction"
"48850",2010-12-01,"Dec 2010","Row",12,"Scss","Under Construction"
"48850",2010-12-01,"Dec 2010","Apartment",79,"Scss","Under Construction"
"48850",2010-12-01,"Dec 2010","All",470,"Scss","Under Construction"
"48850",2011-01-01,"Jan 2011","Single",329,"Scss","Under Construction"
"48850",2011-01-01,"Jan 2011","Semi-Detached",12,"Scss","Under Construction"
"48850",2011-01-01,"Jan 2011","Row",16,"Scss","Under Construction"
"48850",2011-01-01,"Jan 2011","Apartment",0,"Scss","Under Construction"
"48850",2011-01-01,"Jan 2011","All",357,"Scss","Under Construction"
"48850",2011-02-01,"Feb 2011","Single",294,"Scss","Under Construction"
"48850",2011-02-01,"Feb 2011","Semi-Detached",10,"Scss","Under Construction"
"48850",2011-02-01,"Feb 2011","Row",16,"Scss","Under Construction"
"48850",2011-02-01,"Feb 2011","Apartment",0,"Scss","Under Construction"
"48850",2011-02-01,"Feb 2011","All",320,"Scss","Under Construction"
"48850",2011-03-01,"Mar 2011","Single",274,"Scss","Under Construction"
"48850",2011-03-01,"Mar 2011","Semi-Detached",4,"Scss","Under Construction"
"48850",2011-03-01,"Mar 2011","Row",16,"Scss","Under Construction"
"48850",2011-03-01,"Mar 2011","Apartment",0,"Scss","Under Construction"
"48850",2011-03-01,"Mar 2011","All",294,"Scss","Under Construction"
"48850",2011-04-01,"Apr 2011","Single",272,"Scss","Under Construction"
"48850",2011-04-01,"Apr 2011","Semi-Detached",12,"Scss","Under Construction"
"48850",2011-04-01,"Apr 2011","Row",16,"Scss","Under Construction"
"48850",2011-04-01,"Apr 2011","Apartment",0,"Scss","Under Construction"
"48850",2011-04-01,"Apr 2011","All",300,"Scss","Under Construction"
"48850",2011-05-01,"May 2011","Single",303,"Scss","Under Construction"
"48850",2011-05-01,"May 2011","Semi-Detached",12,"Scss","Under Construction"
"48850",2011-05-01,"May 2011","Row",16,"Scss","Under Construction"
"48850",2011-05-01,"May 2011","Apartment",0,"Scss","Under Construction"
"48850",2011-05-01,"May 2011","All",331,"Scss","Under Construction"
"48850",2011-06-01,"Jun 2011","Single",315,"Scss","Under Construction"
"48850",2011-06-01,"Jun 2011","Semi-Detached",12,"Scss","Under Construction"
"48850",2011-06-01,"Jun 2011","Row",16,"Scss","Under Construction"
"48850",2011-06-01,"Jun 2011","Apartment",0,"Scss","Under Construction"
"48850",2011-06-01,"Jun 2011","All",343,"Scss","Under Construction"
"48850",2011-07-01,"Jul 2011","Single",328,"Scss","Under Construction"
"48850",2011-07-01,"Jul 2011","Semi-Detached",12,"Scss","Under Construction"
"48850",2011-07-01,"Jul 2011","Row",8,"Scss","Under Construction"
"48850",2011-07-01,"Jul 2011","Apartment",0,"Scss","Under Construction"
"48850",2011-07-01,"Jul 2011","All",348,"Scss","Under Construction"
"48850",2011-08-01,"Aug 2011","Single",331,"Scss","Under Construction"
"48850",2011-08-01,"Aug 2011","Semi-Detached",10,"Scss","Under Construction"
"48850",2011-08-01,"Aug 2011","Row",8,"Scss","Under Construction"
"48850",2011-08-01,"Aug 2011","Apartment",0,"Scss","Under Construction"
"48850",2011-08-01,"Aug 2011","All",349,"Scss","Under Construction"
"48850",2011-09-01,"Sep 2011","Single",399,"Scss","Under Construction"
"48850",2011-09-01,"Sep 2011","Semi-Detached",12,"Scss","Under Construction"
"48850",2011-09-01,"Sep 2011","Row",8,"Scss","Under Construction"
"48850",2011-09-01,"Sep 2011","Apartment",0,"Scss","Under Construction"
"48850",2011-09-01,"Sep 2011","All",419,"Scss","Under Construction"
"48850",2011-10-01,"Oct 2011","Single",406,"Scss","Under Construction"
"48850",2011-10-01,"Oct 2011","Semi-Detached",10,"Scss","Under Construction"
"48850",2011-10-01,"Oct 2011","Row",4,"Scss","Under Construction"
"48850",2011-10-01,"Oct 2011","Apartment",0,"Scss","Under Construction"
"48850",2011-10-01,"Oct 2011","All",420,"Scss","Under Construction"
"48850",2011-11-01,"Nov 2011","Single",424,"Scss","Under Construction"
"48850",2011-11-01,"Nov 2011","Semi-Detached",8,"Scss","Under Construction"
"48850",2011-11-01,"Nov 2011","Row",4,"Scss","Under Construction"
"48850",2011-11-01,"Nov 2011","Apartment",111,"Scss","Under Construction"
"48850",2011-11-01,"Nov 2011","All",547,"Scss","Under Construction"
"48850",2011-12-01,"Dec 2011","Single",408,"Scss","Under Construction"
"48850",2011-12-01,"Dec 2011","Semi-Detached",12,"Scss","Under Construction"
"48850",2011-12-01,"Dec 2011","Row",4,"Scss","Under Construction"
"48850",2011-12-01,"Dec 2011","Apartment",111,"Scss","Under Construction"
"48850",2011-12-01,"Dec 2011","All",535,"Scss","Under Construction"
"48850",2012-01-01,"Jan 2012","Single",231,"Scss","Under Construction"
"48850",2012-01-01,"Jan 2012","Semi-Detached",14,"Scss","Under Construction"
"48850",2012-01-01,"Jan 2012","Row",0,"Scss","Under Construction"
"48850",2012-01-01,"Jan 2012","Apartment",111,"Scss","Under Construction"
"48850",2012-01-01,"Jan 2012","All",356,"Scss","Under Construction"
"48850",2012-02-01,"Feb 2012","Single",217,"Scss","Under Construction"
"48850",2012-02-01,"Feb 2012","Semi-Detached",16,"Scss","Under Construction"
"48850",2012-02-01,"Feb 2012","Row",0,"Scss","Under Construction"
"48850",2012-02-01,"Feb 2012","Apartment",111,"Scss","Under Construction"
"48850",2012-02-01,"Feb 2012","All",344,"Scss","Under Construction"
"48850",2012-03-01,"Mar 2012","Single",214,"Scss","Under Construction"
"48850",2012-03-01,"Mar 2012","Semi-Detached",18,"Scss","Under Construction"
"48850",2012-03-01,"Mar 2012","Row",0,"Scss","Under Construction"
"48850",2012-03-01,"Mar 2012","Apartment",111,"Scss","Under Construction"
"48850",2012-03-01,"Mar 2012","All",343,"Scss","Under Construction"
"48850",2012-04-01,"Apr 2012","Single",226,"Scss","Under Construction"
"48850",2012-04-01,"Apr 2012","Semi-Detached",18,"Scss","Under Construction"
"48850",2012-04-01,"Apr 2012","Row",4,"Scss","Under Construction"
"48850",2012-04-01,"Apr 2012","Apartment",111,"Scss","Under Construction"
"48850",2012-04-01,"Apr 2012","All",359,"Scss","Under Construction"
"48850",2012-05-01,"May 2012","Single",255,"Scss","Under Construction"
"48850",2012-05-01,"May 2012","Semi-Detached",40,"Scss","Under Construction"
"48850",2012-05-01,"May 2012","Row",4,"Scss","Under Construction"
"48850",2012-05-01,"May 2012","Apartment",111,"Scss","Under Construction"
"48850",2012-05-01,"May 2012","All",410,"Scss","Under Construction"
"48850",2012-06-01,"Jun 2012","Single",315,"Scss","Under Construction"
"48850",2012-06-01,"Jun 2012","Semi-Detached",62,"Scss","Under Construction"
"48850",2012-06-01,"Jun 2012","Row",16,"Scss","Under Construction"
"48850",2012-06-01,"Jun 2012","Apartment",111,"Scss","Under Construction"
"48850",2012-06-01,"Jun 2012","All",504,"Scss","Under Construction"
"48850",2012-07-01,"Jul 2012","Single",296,"Scss","Under Construction"
"48850",2012-07-01,"Jul 2012","Semi-Detached",62,"Scss","Under Construction"
"48850",2012-07-01,"Jul 2012","Row",16,"Scss","Under Construction"
"48850",2012-07-01,"Jul 2012","Apartment",111,"Scss","Under Construction"
"48850",2012-07-01,"Jul 2012","All",485,"Scss","Under Construction"
"48850",2012-08-01,"Aug 2012","Single",306,"Scss","Under Construction"
"48850",2012-08-01,"Aug 2012","Semi-Detached",52,"Scss","Under Construction"
"48850",2012-08-01,"Aug 2012","Row",8,"Scss","Under Construction"
"48850",2012-08-01,"Aug 2012","Apartment",123,"Scss","Under Construction"
"48850",2012-08-01,"Aug 2012","All",489,"Scss","Under Construction"
"48850",2012-09-01,"Sep 2012","Single",331,"Scss","Under Construction"
"48850",2012-09-01,"Sep 2012","Semi-Detached",60,"Scss","Under Construction"
"48850",2012-09-01,"Sep 2012","Row",4,"Scss","Under Construction"
"48850",2012-09-01,"Sep 2012","Apartment",127,"Scss","Under Construction"
"48850",2012-09-01,"Sep 2012","All",522,"Scss","Under Construction"
"48850",2012-10-01,"Oct 2012","Single",344,"Scss","Under Construction"
"48850",2012-10-01,"Oct 2012","Semi-Detached",62,"Scss","Under Construction"
"48850",2012-10-01,"Oct 2012","Row",0,"Scss","Under Construction"
"48850",2012-10-01,"Oct 2012","Apartment",127,"Scss","Under Construction"
"48850",2012-10-01,"Oct 2012","All",533,"Scss","Under Construction"
"48850",2012-11-01,"Nov 2012","Single",390,"Scss","Under Construction"
"48850",2012-11-01,"Nov 2012","Semi-Detached",62,"Scss","Under Construction"
"48850",2012-11-01,"Nov 2012","Row",0,"Scss","Under Construction"
"48850",2012-11-01,"Nov 2012","Apartment",131,"Scss","Under Construction"
"48850",2012-11-01,"Nov 2012","All",583,"Scss","Under Construction"
"48850",2012-12-01,"Dec 2012","Single",380,"Scss","Under Construction"
"48850",2012-12-01,"Dec 2012","Semi-Detached",56,"Scss","Under Construction"
"48850",2012-12-01,"Dec 2012","Row",0,"Scss","Under Construction"
"48850",2012-12-01,"Dec 2012","Apartment",131,"Scss","Under Construction"
"48850",2012-12-01,"Dec 2012","All",567,"Scss","Under Construction"
"48850",2013-01-01,"Jan 2013","Single",369,"Scss","Under Construction"
"48850",2013-01-01,"Jan 2013","Semi-Detached",58,"Scss","Under Construction"
"48850",2013-01-01,"Jan 2013","Row",5,"Scss","Under Construction"
"48850",2013-01-01,"Jan 2013","Apartment",123,"Scss","Under Construction"
"48850",2013-01-01,"Jan 2013","All",555,"Scss","Under Construction"
"48850",2013-02-01,"Feb 2013","Single",363,"Scss","Under Construction"
"48850",2013-02-01,"Feb 2013","Semi-Detached",74,"Scss","Under Construction"
"48850",2013-02-01,"Feb 2013","Row",20,"Scss","Under Construction"
"48850",2013-02-01,"Feb 2013","Apartment",123,"Scss","Under Construction"
"48850",2013-02-01,"Feb 2013","All",580,"Scss","Under Construction"
"48850",2013-03-01,"Mar 2013","Single",331,"Scss","Under Construction"
"48850",2013-03-01,"Mar 2013","Semi-Detached",58,"Scss","Under Construction"
"48850",2013-03-01,"Mar 2013","Row",29,"Scss","Under Construction"
"48850",2013-03-01,"Mar 2013","Apartment",123,"Scss","Under Construction"
"48850",2013-03-01,"Mar 2013","All",541,"Scss","Under Construction"
"48850",2013-04-01,"Apr 2013","Single",330,"Scss","Under Construction"
"48850",2013-04-01,"Apr 2013","Semi-Detached",62,"Scss","Under Construction"
"48850",2013-04-01,"Apr 2013","Row",29,"Scss","Under Construction"
"48850",2013-04-01,"Apr 2013","Apartment",123,"Scss","Under Construction"
"48850",2013-04-01,"Apr 2013","All",544,"Scss","Under Construction"
"48850",2013-05-01,"May 2013","Single",328,"Scss","Under Construction"
"48850",2013-05-01,"May 2013","Semi-Detached",64,"Scss","Under Construction"
"48850",2013-05-01,"May 2013","Row",58,"Scss","Under Construction"
"48850",2013-05-01,"May 2013","Apartment",111,"Scss","Under Construction"
"48850",2013-05-01,"May 2013","All",561,"Scss","Under Construction"
"48850",2013-06-01,"Jun 2013","Single",320,"Scss","Under Construction"
"48850",2013-06-01,"Jun 2013","Semi-Detached",56,"Scss","Under Construction"
"48850",2013-06-01,"Jun 2013","Row",58,"Scss","Under Construction"
"48850",2013-06-01,"Jun 2013","Apartment",111,"Scss","Under Construction"
"48850",2013-06-01,"Jun 2013","All",545,"Scss","Under Construction"
"48850",2013-07-01,"Jul 2013","Single",282,"Scss","Under Construction"
"48850",2013-07-01,"Jul 2013","Semi-Detached",46,"Scss","Under Construction"
"48850",2013-07-01,"Jul 2013","Row",63,"Scss","Under Construction"
"48850",2013-07-01,"Jul 2013","Apartment",111,"Scss","Under Construction"
"48850",2013-07-01,"Jul 2013","All",502,"Scss","Under Construction"
"48850",2013-08-01,"Aug 2013","Single",247,"Scss","Under Construction"
"48850",2013-08-01,"Aug 2013","Semi-Detached",38,"Scss","Under Construction"
"48850",2013-08-01,"Aug 2013","Row",63,"Scss","Under Construction"
"48850",2013-08-01,"Aug 2013","Apartment",111,"Scss","Under Construction"
"48850",2013-08-01,"Aug 2013","All",459,"Scss","Under Construction"
"48850",2013-09-01,"Sep 2013","Single",240,"Scss","Under Construction"
"48850",2013-09-01,"Sep 2013","Semi-Detached",34,"Scss","Under Construction"
"48850",2013-09-01,"Sep 2013","Row",73,"Scss","Under Construction"
"48850",2013-09-01,"Sep 2013","Apartment",111,"Scss","Under Construction"
"48850",2013-09-01,"Sep 2013","All",458,"Scss","Under Construction"
"48850",2013-10-01,"Oct 2013","Single",254,"Scss","Under Construction"
"48850",2013-10-01,"Oct 2013","Semi-Detached",30,"Scss","Under Construction"
"48850",2013-10-01,"Oct 2013","Row",54,"Scss","Under Construction"
"48850",2013-10-01,"Oct 2013","Apartment",111,"Scss","Under Construction"
"48850",2013-10-01,"Oct 2013","All",449,"Scss","Under Construction"
"48850",2013-11-01,"Nov 2013","Single",248,"Scss","Under Construction"
"48850",2013-11-01,"Nov 2013","Semi-Detached",20,"Scss","Under Construction"
"48850",2013-11-01,"Nov 2013","Row",54,"Scss","Under Construction"
"48850",2013-11-01,"Nov 2013","Apartment",111,"Scss","Under Construction"
"48850",2013-11-01,"Nov 2013","All",433,"Scss","Under Construction"
"48850",2013-12-01,"Dec 2013","Single",252,"Scss","Under Construction"
"48850",2013-12-01,"Dec 2013","Semi-Detached",20,"Scss","Under Construction"
"48850",2013-12-01,"Dec 2013","Row",54,"Scss","Under Construction"
"48850",2013-12-01,"Dec 2013","Apartment",173,"Scss","Under Construction"
"48850",2013-12-01,"Dec 2013","All",499,"Scss","Under Construction"
"48850",2014-01-01,"Jan 2014","Single",246,"Scss","Under Construction"
"48850",2014-01-01,"Jan 2014","Semi-Detached",20,"Scss","Under Construction"
"48850",2014-01-01,"Jan 2014","Row",54,"Scss","Under Construction"
"48850",2014-01-01,"Jan 2014","Apartment",173,"Scss","Under Construction"
"48850",2014-01-01,"Jan 2014","All",493,"Scss","Under Construction"
"48850",2014-02-01,"Feb 2014","Single",222,"Scss","Under Construction"
"48850",2014-02-01,"Feb 2014","Semi-Detached",16,"Scss","Under Construction"
"48850",2014-02-01,"Feb 2014","Row",54,"Scss","Under Construction"
"48850",2014-02-01,"Feb 2014","Apartment",173,"Scss","Under Construction"
"48850",2014-02-01,"Feb 2014","All",465,"Scss","Under Construction"
"48850",2014-03-01,"Mar 2014","Single",219,"Scss","Under Construction"
"48850",2014-03-01,"Mar 2014","Semi-Detached",16,"Scss","Under Construction"
"48850",2014-03-01,"Mar 2014","Row",54,"Scss","Under Construction"
"48850",2014-03-01,"Mar 2014","Apartment",173,"Scss","Under Construction"
"48850",2014-03-01,"Mar 2014","All",462,"Scss","Under Construction"
"48850",2014-04-01,"Apr 2014","Single",224,"Scss","Under Construction"
"48850",2014-04-01,"Apr 2014","Semi-Detached",14,"Scss","Under Construction"
"48850",2014-04-01,"Apr 2014","Row",54,"Scss","Under Construction"
"48850",2014-04-01,"Apr 2014","Apartment",173,"Scss","Under Construction"
"48850",2014-04-01,"Apr 2014","All",465,"Scss","Under Construction"
"48850",2014-05-01,"May 2014","Single",238,"Scss","Under Construction"
"48850",2014-05-01,"May 2014","Semi-Detached",18,"Scss","Under Construction"
"48850",2014-05-01,"May 2014","Row",54,"Scss","Under Construction"
"48850",2014-05-01,"May 2014","Apartment",173,"Scss","Under Construction"
"48850",2014-05-01,"May 2014","All",483,"Scss","Under Construction"
"48850",2014-06-01,"Jun 2014","Single",219,"Scss","Under Construction"
"48850",2014-06-01,"Jun 2014","Semi-Detached",32,"Scss","Under Construction"
"48850",2014-06-01,"Jun 2014","Row",15,"Scss","Under Construction"
"48850",2014-06-01,"Jun 2014","Apartment",62,"Scss","Under Construction"
"48850",2014-06-01,"Jun 2014","All",328,"Scss","Under Construction"
"48850",2014-07-01,"Jul 2014","Single",212,"Scss","Under Construction"
"48850",2014-07-01,"Jul 2014","Semi-Detached",26,"Scss","Under Construction"
"48850",2014-07-01,"Jul 2014","Row",9,"Scss","Under Construction"
"48850",2014-07-01,"Jul 2014","Apartment",90,"Scss","Under Construction"
"48850",2014-07-01,"Jul 2014","All",337,"Scss","Under Construction"
"48850",2014-08-01,"Aug 2014","Single",243,"Scss","Under Construction"
"48850",2014-08-01,"Aug 2014","Semi-Detached",24,"Scss","Under Construction"
"48850",2014-08-01,"Aug 2014","Row",8,"Scss","Under Construction"
"48850",2014-08-01,"Aug 2014","Apartment",121,"Scss","Under Construction"
"48850",2014-08-01,"Aug 2014","All",396,"Scss","Under Construction"
"48850",2014-09-01,"Sep 2014","Single",233,"Scss","Under Construction"
"48850",2014-09-01,"Sep 2014","Semi-Detached",24,"Scss","Under Construction"
"48850",2014-09-01,"Sep 2014","Row",8,"Scss","Under Construction"
"48850",2014-09-01,"Sep 2014","Apartment",281,"Scss","Under Construction"
"48850",2014-09-01,"Sep 2014","All",546,"Scss","Under Construction"
"48850",2014-10-01,"Oct 2014","Single",271,"Scss","Under Construction"
"48850",2014-10-01,"Oct 2014","Semi-Detached",30,"Scss","Under Construction"
"48850",2014-10-01,"Oct 2014","Row",28,"Scss","Under Construction"
"48850",2014-10-01,"Oct 2014","Apartment",293,"Scss","Under Construction"
"48850",2014-10-01,"Oct 2014","All",622,"Scss","Under Construction"
"48850",2014-11-01,"Nov 2014","Single",276,"Scss","Under Construction"
"48850",2014-11-01,"Nov 2014","Semi-Detached",32,"Scss","Under Construction"
"48850",2014-11-01,"Nov 2014","Row",28,"Scss","Under Construction"
"48850",2014-11-01,"Nov 2014","Apartment",293,"Scss","Under Construction"
"48850",2014-11-01,"Nov 2014","All",629,"Scss","Under Construction"
"48850",2014-12-01,"Dec 2014","Single",276,"Scss","Under Construction"
"48850",2014-12-01,"Dec 2014","Semi-Detached",26,"Scss","Under Construction"
"48850",2014-12-01,"Dec 2014","Row",31,"Scss","Under Construction"
"48850",2014-12-01,"Dec 2014","Apartment",226,"Scss","Under Construction"
"48850",2014-12-01,"Dec 2014","All",559,"Scss","Under Construction"
"48850",2015-01-01,"Jan 2015","Single",276,"Scss","Under Construction"
"48850",2015-01-01,"Jan 2015","Semi-Detached",26,"Scss","Under Construction"
"48850",2015-01-01,"Jan 2015","Row",31,"Scss","Under Construction"
"48850",2015-01-01,"Jan 2015","Apartment",224,"Scss","Under Construction"
"48850",2015-01-01,"Jan 2015","All",557,"Scss","Under Construction"
"48850",2015-02-01,"Feb 2015","Single",278,"Scss","Under Construction"
"48850",2015-02-01,"Feb 2015","Semi-Detached",28,"Scss","Under Construction"
"48850",2015-02-01,"Feb 2015","Row",31,"Scss","Under Construction"
"48850",2015-02-01,"Feb 2015","Apartment",224,"Scss","Under Construction"
"48850",2015-02-01,"Feb 2015","All",561,"Scss","Under Construction"
"48850",2015-03-01,"Mar 2015","Single",274,"Scss","Under Construction"
"48850",2015-03-01,"Mar 2015","Semi-Detached",40,"Scss","Under Construction"
"48850",2015-03-01,"Mar 2015","Row",31,"Scss","Under Construction"
"48850",2015-03-01,"Mar 2015","Apartment",214,"Scss","Under Construction"
"48850",2015-03-01,"Mar 2015","All",559,"Scss","Under Construction"
"48850",2015-04-01,"Apr 2015","Single",265,"Scss","Under Construction"
"48850",2015-04-01,"Apr 2015","Semi-Detached",40,"Scss","Under Construction"
"48850",2015-04-01,"Apr 2015","Row",31,"Scss","Under Construction"
"48850",2015-04-01,"Apr 2015","Apartment",150,"Scss","Under Construction"
"48850",2015-04-01,"Apr 2015","All",486,"Scss","Under Construction"
"48850",2015-05-01,"May 2015","Single",227,"Scss","Under Construction"
"48850",2015-05-01,"May 2015","Semi-Detached",36,"Scss","Under Construction"
"48850",2015-05-01,"May 2015","Row",23,"Scss","Under Construction"
"48850",2015-05-01,"May 2015","Apartment",132,"Scss","Under Construction"
"48850",2015-05-01,"May 2015","All",418,"Scss","Under Construction"
"48850",2015-06-01,"Jun 2015","Single",187,"Scss","Under Construction"
"48850",2015-06-01,"Jun 2015","Semi-Detached",36,"Scss","Under Construction"
"48850",2015-06-01,"Jun 2015","Row",26,"Scss","Under Construction"
"48850",2015-06-01,"Jun 2015","Apartment",112,"Scss","Under Construction"
"48850",2015-06-01,"Jun 2015","All",361,"Scss","Under Construction"
"48850",2015-07-01,"Jul 2015","Single",164,"Scss","Under Construction"
"48850",2015-07-01,"Jul 2015","Semi-Detached",38,"Scss","Under Construction"
"48850",2015-07-01,"Jul 2015","Row",14,"Scss","Under Construction"
"48850",2015-07-01,"Jul 2015","Apartment",117,"Scss","Under Construction"
"48850",2015-07-01,"Jul 2015","All",333,"Scss","Under Construction"
"48850",2015-08-01,"Aug 2015","Single",160,"Scss","Under Construction"
"48850",2015-08-01,"Aug 2015","Semi-Detached",44,"Scss","Under Construction"
"48850",2015-08-01,"Aug 2015","Row",14,"Scss","Under Construction"
"48850",2015-08-01,"Aug 2015","Apartment",107,"Scss","Under Construction"
"48850",2015-08-01,"Aug 2015","All",325,"Scss","Under Construction"
"48850",2015-09-01,"Sep 2015","Single",124,"Scss","Under Construction"
"48850",2015-09-01,"Sep 2015","Semi-Detached",42,"Scss","Under Construction"
"48850",2015-09-01,"Sep 2015","Row",14,"Scss","Under Construction"
"48850",2015-09-01,"Sep 2015","Apartment",196,"Scss","Under Construction"
"48850",2015-09-01,"Sep 2015","All",376,"Scss","Under Construction"
"48850",2015-10-01,"Oct 2015","Single",102,"Scss","Under Construction"
"48850",2015-10-01,"Oct 2015","Semi-Detached",46,"Scss","Under Construction"
"48850",2015-10-01,"Oct 2015","Row",14,"Scss","Under Construction"
"48850",2015-10-01,"Oct 2015","Apartment",192,"Scss","Under Construction"
"48850",2015-10-01,"Oct 2015","All",354,"Scss","Under Construction"
"48850",2015-11-01,"Nov 2015","Single",100,"Scss","Under Construction"
"48850",2015-11-01,"Nov 2015","Semi-Detached",46,"Scss","Under Construction"
"48850",2015-11-01,"Nov 2015","Row",14,"Scss","Under Construction"
"48850",2015-11-01,"Nov 2015","Apartment",194,"Scss","Under Construction"
"48850",2015-11-01,"Nov 2015","All",354,"Scss","Under Construction"
"48850",2015-12-01,"Dec 2015","Single",99,"Scss","Under Construction"
"48850",2015-12-01,"Dec 2015","Semi-Detached",50,"Scss","Under Construction"
"48850",2015-12-01,"Dec 2015","Row",14,"Scss","Under Construction"
"48850",2015-12-01,"Dec 2015","Apartment",194,"Scss","Under Construction"
"48850",2015-12-01,"Dec 2015","All",357,"Scss","Under Construction"
"48850",2016-01-01,"Jan 2016","Single",101,"Scss","Under Construction"
"48850",2016-01-01,"Jan 2016","Semi-Detached",56,"Scss","Under Construction"
"48850",2016-01-01,"Jan 2016","Row",14,"Scss","Under Construction"
"48850",2016-01-01,"Jan 2016","Apartment",257,"Scss","Under Construction"
"48850",2016-01-01,"Jan 2016","All",428,"Scss","Under Construction"
"48850",2016-02-01,"Feb 2016","Single",102,"Scss","Under Construction"
"48850",2016-02-01,"Feb 2016","Semi-Detached",54,"Scss","Under Construction"
"48850",2016-02-01,"Feb 2016","Row",14,"Scss","Under Construction"
"48850",2016-02-01,"Feb 2016","Apartment",257,"Scss","Under Construction"
"48850",2016-02-01,"Feb 2016","All",427,"Scss","Under Construction"
"48850",2016-03-01,"Mar 2016","Single",92,"Scss","Under Construction"
"48850",2016-03-01,"Mar 2016","Semi-Detached",50,"Scss","Under Construction"
"48850",2016-03-01,"Mar 2016","Row",21,"Scss","Under Construction"
"48850",2016-03-01,"Mar 2016","Apartment",229,"Scss","Under Construction"
"48850",2016-03-01,"Mar 2016","All",392,"Scss","Under Construction"
"48850",2016-04-01,"Apr 2016","Single",90,"Scss","Under Construction"
"48850",2016-04-01,"Apr 2016","Semi-Detached",46,"Scss","Under Construction"
"48850",2016-04-01,"Apr 2016","Row",20,"Scss","Under Construction"
"48850",2016-04-01,"Apr 2016","Apartment",229,"Scss","Under Construction"
"48850",2016-04-01,"Apr 2016","All",385,"Scss","Under Construction"
"48850",2016-05-01,"May 2016","Single",89,"Scss","Under Construction"
"48850",2016-05-01,"May 2016","Semi-Detached",40,"Scss","Under Construction"
"48850",2016-05-01,"May 2016","Row",13,"Scss","Under Construction"
"48850",2016-05-01,"May 2016","Apartment",51,"Scss","Under Construction"
"48850",2016-05-01,"May 2016","All",193,"Scss","Under Construction"
"48850",2016-06-01,"Jun 2016","Single",82,"Scss","Under Construction"
"48850",2016-06-01,"Jun 2016","Semi-Detached",34,"Scss","Under Construction"
"48850",2016-06-01,"Jun 2016","Row",13,"Scss","Under Construction"
"48850",2016-06-01,"Jun 2016","Apartment",34,"Scss","Under Construction"
"48850",2016-06-01,"Jun 2016","All",163,"Scss","Under Construction"
"48850",2016-07-01,"Jul 2016","Single",85,"Scss","Under Construction"
"48850",2016-07-01,"Jul 2016","Semi-Detached",30,"Scss","Under Construction"
"48850",2016-07-01,"Jul 2016","Row",13,"Scss","Under Construction"
"48850",2016-07-01,"Jul 2016","Apartment",28,"Scss","Under Construction"
"48850",2016-07-01,"Jul 2016","All",156,"Scss","Under Construction"
"48850",2016-08-01,"Aug 2016","Single",80,"Scss","Under Construction"
"48850",2016-08-01,"Aug 2016","Semi-Detached",30,"Scss","Under Construction"
"48850",2016-08-01,"Aug 2016","Row",13,"Scss","Under Construction"
"48850",2016-08-01,"Aug 2016","Apartment",28,"Scss","Under Construction"
"48850",2016-08-01,"Aug 2016","All",151,"Scss","Under Construction"
"48850",2016-09-01,"Sep 2016","Single",86,"Scss","Under Construction"
"48850",2016-09-01,"Sep 2016","Semi-Detached",32,"Scss","Under Construction"
"48850",2016-09-01,"Sep 2016","Row",6,"Scss","Under Construction"
"48850",2016-09-01,"Sep 2016","Apartment",37,"Scss","Under Construction"
"48850",2016-09-01,"Sep 2016","All",161,"Scss","Under Construction"
"48850",2016-10-01,"Oct 2016","Single",89,"Scss","Under Construction"
"48850",2016-10-01,"Oct 2016","Semi-Detached",40,"Scss","Under Construction"
"48850",2016-10-01,"Oct 2016","Row",6,"Scss","Under Construction"
"48850",2016-10-01,"Oct 2016","Apartment",37,"Scss","Under Construction"
"48850",2016-10-01,"Oct 2016","All",172,"Scss","Under Construction"
"48850",2016-11-01,"Nov 2016","Single",94,"Scss","Under Construction"
"48850",2016-11-01,"Nov 2016","Semi-Detached",36,"Scss","Under Construction"
"48850",2016-11-01,"Nov 2016","Row",3,"Scss","Under Construction"
"48850",2016-11-01,"Nov 2016","Apartment",37,"Scss","Under Construction"
"48850",2016-11-01,"Nov 2016","All",170,"Scss","Under Construction"
"48850",2016-12-01,"Dec 2016","Single",91,"Scss","Under Construction"
"48850",2016-12-01,"Dec 2016","Semi-Detached",36,"Scss","Under Construction"
"48850",2016-12-01,"Dec 2016","Row",0,"Scss","Under Construction"
"48850",2016-12-01,"Dec 2016","Apartment",37,"Scss","Under Construction"
"48850",2016-12-01,"Dec 2016","All",164,"Scss","Under Construction"
"48850",2017-01-01,"Jan 2017","Single",84,"Scss","Under Construction"
"48850",2017-01-01,"Jan 2017","Semi-Detached",32,"Scss","Under Construction"
"48850",2017-01-01,"Jan 2017","Row",0,"Scss","Under Construction"
"48850",2017-01-01,"Jan 2017","Apartment",37,"Scss","Under Construction"
"48850",2017-01-01,"Jan 2017","All",153,"Scss","Under Construction"
"48850",2017-02-01,"Feb 2017","Single",91,"Scss","Under Construction"
"48850",2017-02-01,"Feb 2017","Semi-Detached",28,"Scss","Under Construction"
"48850",2017-02-01,"Feb 2017","Row",0,"Scss","Under Construction"
"48850",2017-02-01,"Feb 2017","Apartment",13,"Scss","Under Construction"
"48850",2017-02-01,"Feb 2017","All",132,"Scss","Under Construction"
"48850",2017-03-01,"Mar 2017","Single",82,"Scss","Under Construction"
"48850",2017-03-01,"Mar 2017","Semi-Detached",30,"Scss","Under Construction"
"48850",2017-03-01,"Mar 2017","Row",0,"Scss","Under Construction"
"48850",2017-03-01,"Mar 2017","Apartment",13,"Scss","Under Construction"
"48850",2017-03-01,"Mar 2017","All",125,"Scss","Under Construction"
"48850",2017-04-01,"Apr 2017","Single",86,"Scss","Under Construction"
"48850",2017-04-01,"Apr 2017","Semi-Detached",28,"Scss","Under Construction"
"48850",2017-04-01,"Apr 2017","Row",0,"Scss","Under Construction"
"48850",2017-04-01,"Apr 2017","Apartment",13,"Scss","Under Construction"
"48850",2017-04-01,"Apr 2017","All",127,"Scss","Under Construction"
"48850",2017-05-01,"May 2017","Single",89,"Scss","Under Construction"
"48850",2017-05-01,"May 2017","Semi-Detached",34,"Scss","Under Construction"
"48850",2017-05-01,"May 2017","Row",0,"Scss","Under Construction"
"48850",2017-05-01,"May 2017","Apartment",13,"Scss","Under Construction"
"48850",2017-05-01,"May 2017","All",136,"Scss","Under Construction"
"48850",2017-06-01,"Jun 2017","Single",93,"Scss","Under Construction"
"48850",2017-06-01,"Jun 2017","Semi-Detached",38,"Scss","Under Construction"
"48850",2017-06-01,"Jun 2017","Row",0,"Scss","Under Construction"
"48850",2017-06-01,"Jun 2017","Apartment",13,"Scss","Under Construction"
"48850",2017-06-01,"Jun 2017","All",144,"Scss","Under Construction"
"48850",2017-07-01,"Jul 2017","Single",109,"Scss","Under Construction"
"48850",2017-07-01,"Jul 2017","Semi-Detached",36,"Scss","Under Construction"
"48850",2017-07-01,"Jul 2017","Row",0,"Scss","Under Construction"
"48850",2017-07-01,"Jul 2017","Apartment",4,"Scss","Under Construction"
"48850",2017-07-01,"Jul 2017","All",149,"Scss","Under Construction"
"48850",2017-08-01,"Aug 2017","Single",105,"Scss","Under Construction"
"48850",2017-08-01,"Aug 2017","Semi-Detached",36,"Scss","Under Construction"
"48850",2017-08-01,"Aug 2017","Row",0,"Scss","Under Construction"
"48850",2017-08-01,"Aug 2017","Apartment",2,"Scss","Under Construction"
"48850",2017-08-01,"Aug 2017","All",143,"Scss","Under Construction"
"48850",2017-09-01,"Sep 2017","Single",104,"Scss","Under Construction"
"48850",2017-09-01,"Sep 2017","Semi-Detached",44,"Scss","Under Construction"
"48850",2017-09-01,"Sep 2017","Row",0,"Scss","Under Construction"
"48850",2017-09-01,"Sep 2017","Apartment",2,"Scss","Under Construction"
"48850",2017-09-01,"Sep 2017","All",150,"Scss","Under Construction"
"48850",2017-10-01,"Oct 2017","Single",103,"Scss","Under Construction"
"48850",2017-10-01,"Oct 2017","Semi-Detached",48,"Scss","Under Construction"
"48850",2017-10-01,"Oct 2017","Row",0,"Scss","Under Construction"
"48850",2017-10-01,"Oct 2017","Apartment",2,"Scss","Under Construction"
"48850",2017-10-01,"Oct 2017","All",153,"Scss","Under Construction"
"48850",2017-11-01,"Nov 2017","Single",96,"Scss","Under Construction"
"48850",2017-11-01,"Nov 2017","Semi-Detached",40,"Scss","Under Construction"
"48850",2017-11-01,"Nov 2017","Row",0,"Scss","Under Construction"
"48850",2017-11-01,"Nov 2017","Apartment",2,"Scss","Under Construction"
"48850",2017-11-01,"Nov 2017","All",138,"Scss","Under Construction"
"48850",2017-12-01,"Dec 2017","Single",90,"Scss","Under Construction"
"48850",2017-12-01,"Dec 2017","Semi-Detached",38,"Scss","Under Construction"
"48850",2017-12-01,"Dec 2017","Row",0,"Scss","Under Construction"
"48850",2017-12-01,"Dec 2017","Apartment",2,"Scss","Under Construction"
"48850",2017-12-01,"Dec 2017","All",130,"Scss","Under Construction"
"48850",2018-01-01,"Jan 2018","Single",88,"Scss","Under Construction"
"48850",2018-01-01,"Jan 2018","Semi-Detached",34,"Scss","Under Construction"
"48850",2018-01-01,"Jan 2018","Row",0,"Scss","Under Construction"
"48850",2018-01-01,"Jan 2018","Apartment",1,"Scss","Under Construction"
"48850",2018-01-01,"Jan 2018","All",123,"Scss","Under Construction"
"48850",2018-02-01,"Feb 2018","Single",86,"Scss","Under Construction"
"48850",2018-02-01,"Feb 2018","Semi-Detached",32,"Scss","Under Construction"
"48850",2018-02-01,"Feb 2018","Row",0,"Scss","Under Construction"
"48850",2018-02-01,"Feb 2018","Apartment",1,"Scss","Under Construction"
"48850",2018-02-01,"Feb 2018","All",119,"Scss","Under Construction"
"48850",2018-03-01,"Mar 2018","Single",74,"Scss","Under Construction"
"48850",2018-03-01,"Mar 2018","Semi-Detached",30,"Scss","Under Construction"
"48850",2018-03-01,"Mar 2018","Row",0,"Scss","Under Construction"
"48850",2018-03-01,"Mar 2018","Apartment",4,"Scss","Under Construction"
"48850",2018-03-01,"Mar 2018","All",108,"Scss","Under Construction"
"48850",2018-04-01,"Apr 2018","Single",69,"Scss","Under Construction"
"48850",2018-04-01,"Apr 2018","Semi-Detached",28,"Scss","Under Construction"
"48850",2018-04-01,"Apr 2018","Row",3,"Scss","Under Construction"
"48850",2018-04-01,"Apr 2018","Apartment",2,"Scss","Under Construction"
"48850",2018-04-01,"Apr 2018","All",102,"Scss","Under Construction"
"48850",2018-05-01,"May 2018","Single",70,"Scss","Under Construction"
"48850",2018-05-01,"May 2018","Semi-Detached",28,"Scss","Under Construction"
"48850",2018-05-01,"May 2018","Row",3,"Scss","Under Construction"
"48850",2018-05-01,"May 2018","Apartment",0,"Scss","Under Construction"
"48850",2018-05-01,"May 2018","All",101,"Scss","Under Construction"
"48850",2018-06-01,"Jun 2018","Single",71,"Scss","Under Construction"
"48850",2018-06-01,"Jun 2018","Semi-Detached",22,"Scss","Under Construction"
"48850",2018-06-01,"Jun 2018","Row",3,"Scss","Under Construction"
"48850",2018-06-01,"Jun 2018","Apartment",0,"Scss","Under Construction"
"48850",2018-06-01,"Jun 2018","All",96,"Scss","Under Construction"
"48850",2018-07-01,"Jul 2018","Single",84,"Scss","Under Construction"
"48850",2018-07-01,"Jul 2018","Semi-Detached",20,"Scss","Under Construction"
"48850",2018-07-01,"Jul 2018","Row",3,"Scss","Under Construction"
"48850",2018-07-01,"Jul 2018","Apartment",2,"Scss","Under Construction"
"48850",2018-07-01,"Jul 2018","All",109,"Scss","Under Construction"
"48850",2018-08-01,"Aug 2018","Single",88,"Scss","Under Construction"
"48850",2018-08-01,"Aug 2018","Semi-Detached",18,"Scss","Under Construction"
"48850",2018-08-01,"Aug 2018","Row",3,"Scss","Under Construction"
"48850",2018-08-01,"Aug 2018","Apartment",7,"Scss","Under Construction"
"48850",2018-08-01,"Aug 2018","All",116,"Scss","Under Construction"
"48850",2018-09-01,"Sep 2018","Single",87,"Scss","Under Construction"
"48850",2018-09-01,"Sep 2018","Semi-Detached",20,"Scss","Under Construction"
"48850",2018-09-01,"Sep 2018","Row",3,"Scss","Under Construction"
"48850",2018-09-01,"Sep 2018","Apartment",12,"Scss","Under Construction"
"48850",2018-09-01,"Sep 2018","All",122,"Scss","Under Construction"
"48850",2018-10-01,"Oct 2018","Single",79,"Scss","Under Construction"
"48850",2018-10-01,"Oct 2018","Semi-Detached",24,"Scss","Under Construction"
"48850",2018-10-01,"Oct 2018","Row",3,"Scss","Under Construction"
"48850",2018-10-01,"Oct 2018","Apartment",11,"Scss","Under Construction"
"48850",2018-10-01,"Oct 2018","All",117,"Scss","Under Construction"
"48850",2018-11-01,"Nov 2018","Single",91,"Scss","Under Construction"
"48850",2018-11-01,"Nov 2018","Semi-Detached",26,"Scss","Under Construction"
"48850",2018-11-01,"Nov 2018","Row",0,"Scss","Under Construction"
"48850",2018-11-01,"Nov 2018","Apartment",12,"Scss","Under Construction"
"48850",2018-11-01,"Nov 2018","All",129,"Scss","Under Construction"
"48850",2018-12-01,"Dec 2018","Single",85,"Scss","Under Construction"
"48850",2018-12-01,"Dec 2018","Semi-Detached",26,"Scss","Under Construction"
"48850",2018-12-01,"Dec 2018","Row",3,"Scss","Under Construction"
"48850",2018-12-01,"Dec 2018","Apartment",11,"Scss","Under Construction"
"48850",2018-12-01,"Dec 2018","All",125,"Scss","Under Construction"
"48850",2019-01-01,"Jan 2019","Single",74,"Scss","Under Construction"
"48850",2019-01-01,"Jan 2019","Semi-Detached",26,"Scss","Under Construction"
"48850",2019-01-01,"Jan 2019","Row",3,"Scss","Under Construction"
"48850",2019-01-01,"Jan 2019","Apartment",10,"Scss","Under Construction"
"48850",2019-01-01,"Jan 2019","All",113,"Scss","Under Construction"
"48850",2019-02-01,"Feb 2019","Single",71,"Scss","Under Construction"
"48850",2019-02-01,"Feb 2019","Semi-Detached",28,"Scss","Under Construction"
"48850",2019-02-01,"Feb 2019","Row",3,"Scss","Under Construction"
"48850",2019-02-01,"Feb 2019","Apartment",8,"Scss","Under Construction"
"48850",2019-02-01,"Feb 2019","All",110,"Scss","Under Construction"
"48850",2019-03-01,"Mar 2019","Single",67,"Scss","Under Construction"
"48850",2019-03-01,"Mar 2019","Semi-Detached",30,"Scss","Under Construction"
"48850",2019-03-01,"Mar 2019","Row",3,"Scss","Under Construction"
"48850",2019-03-01,"Mar 2019","Apartment",7,"Scss","Under Construction"
"48850",2019-03-01,"Mar 2019","All",107,"Scss","Under Construction"
"48850",2019-04-01,"Apr 2019","Single",70,"Scss","Under Construction"
"48850",2019-04-01,"Apr 2019","Semi-Detached",28,"Scss","Under Construction"
"48850",2019-04-01,"Apr 2019","Row",3,"Scss","Under Construction"
"48850",2019-04-01,"Apr 2019","Apartment",9,"Scss","Under Construction"
"48850",2019-04-01,"Apr 2019","All",110,"Scss","Under Construction"
"48850",2019-05-01,"May 2019","Single",69,"Scss","Under Construction"
"48850",2019-05-01,"May 2019","Semi-Detached",28,"Scss","Under Construction"
"48850",2019-05-01,"May 2019","Row",3,"Scss","Under Construction"
"48850",2019-05-01,"May 2019","Apartment",34,"Scss","Under Construction"
"48850",2019-05-01,"May 2019","All",134,"Scss","Under Construction"
"48850",2019-06-01,"Jun 2019","Single",78,"Scss","Under Construction"
"48850",2019-06-01,"Jun 2019","Semi-Detached",24,"Scss","Under Construction"
"48850",2019-06-01,"Jun 2019","Row",3,"Scss","Under Construction"
"48850",2019-06-01,"Jun 2019","Apartment",39,"Scss","Under Construction"
"48850",2019-06-01,"Jun 2019","All",144,"Scss","Under Construction"
"48850",2019-07-01,"Jul 2019","Single",69,"Scss","Under Construction"
"48850",2019-07-01,"Jul 2019","Semi-Detached",22,"Scss","Under Construction"
"48850",2019-07-01,"Jul 2019","Row",3,"Scss","Under Construction"
"48850",2019-07-01,"Jul 2019","Apartment",33,"Scss","Under Construction"
"48850",2019-07-01,"Jul 2019","All",127,"Scss","Under Construction"
"48850",2019-08-01,"Aug 2019","Single",82,"Scss","Under Construction"
"48850",2019-08-01,"Aug 2019","Semi-Detached",22,"Scss","Under Construction"
"48850",2019-08-01,"Aug 2019","Row",0,"Scss","Under Construction"
"48850",2019-08-01,"Aug 2019","Apartment",35,"Scss","Under Construction"
"48850",2019-08-01,"Aug 2019","All",139,"Scss","Under Construction"
"48850",2019-09-01,"Sep 2019","Single",82,"Scss","Under Construction"
"48850",2019-09-01,"Sep 2019","Semi-Detached",22,"Scss","Under Construction"
"48850",2019-09-01,"Sep 2019","Row",0,"Scss","Under Construction"
"48850",2019-09-01,"Sep 2019","Apartment",39,"Scss","Under Construction"
"48850",2019-09-01,"Sep 2019","All",143,"Scss","Under Construction"
"48850",2019-10-01,"Oct 2019","Single",93,"Scss","Under Construction"
"48850",2019-10-01,"Oct 2019","Semi-Detached",24,"Scss","Under Construction"
"48850",2019-10-01,"Oct 2019","Row",3,"Scss","Under Construction"
"48850",2019-10-01,"Oct 2019","Apartment",40,"Scss","Under Construction"
"48850",2019-10-01,"Oct 2019","All",160,"Scss","Under Construction"
"48850",2019-11-01,"Nov 2019","Single",109,"Scss","Under Construction"
"48850",2019-11-01,"Nov 2019","Semi-Detached",24,"Scss","Under Construction"
"48850",2019-11-01,"Nov 2019","Row",3,"Scss","Under Construction"
"48850",2019-11-01,"Nov 2019","Apartment",40,"Scss","Under Construction"
"48850",2019-11-01,"Nov 2019","All",176,"Scss","Under Construction"
"48850",2019-12-01,"Dec 2019","Single",98,"Scss","Under Construction"
"48850",2019-12-01,"Dec 2019","Semi-Detached",22,"Scss","Under Construction"
"48850",2019-12-01,"Dec 2019","Row",11,"Scss","Under Construction"
"48850",2019-12-01,"Dec 2019","Apartment",38,"Scss","Under Construction"
"48850",2019-12-01,"Dec 2019","All",169,"Scss","Under Construction"
"48850",2020-01-01,"Jan 2020","Single",84,"Scss","Under Construction"
"48850",2020-01-01,"Jan 2020","Semi-Detached",14,"Scss","Under Construction"
"48850",2020-01-01,"Jan 2020","Row",11,"Scss","Under Construction"
"48850",2020-01-01,"Jan 2020","Apartment",33,"Scss","Under Construction"
"48850",2020-01-01,"Jan 2020","All",142,"Scss","Under Construction"
"48850",2020-02-01,"Feb 2020","Single",70,"Scss","Under Construction"
"48850",2020-02-01,"Feb 2020","Semi-Detached",14,"Scss","Under Construction"
"48850",2020-02-01,"Feb 2020","Row",11,"Scss","Under Construction"
"48850",2020-02-01,"Feb 2020","Apartment",30,"Scss","Under Construction"
"48850",2020-02-01,"Feb 2020","All",125,"Scss","Under Construction"
"48850",2020-03-01,"Mar 2020","Single",69,"Scss","Under Construction"
"48850",2020-03-01,"Mar 2020","Semi-Detached",10,"Scss","Under Construction"
"48850",2020-03-01,"Mar 2020","Row",11,"Scss","Under Construction"
"48850",2020-03-01,"Mar 2020","Apartment",31,"Scss","Under Construction"
"48850",2020-03-01,"Mar 2020","All",121,"Scss","Under Construction"
"48850",2020-04-01,"Apr 2020","Single",64,"Scss","Under Construction"
"48850",2020-04-01,"Apr 2020","Semi-Detached",10,"Scss","Under Construction"
"48850",2020-04-01,"Apr 2020","Row",11,"Scss","Under Construction"
"48850",2020-04-01,"Apr 2020","Apartment",30,"Scss","Under Construction"
"48850",2020-04-01,"Apr 2020","All",115,"Scss","Under Construction"
"48850",2020-05-01,"May 2020","Single",53,"Scss","Under Construction"
"48850",2020-05-01,"May 2020","Semi-Detached",20,"Scss","Under Construction"
"48850",2020-05-01,"May 2020","Row",11,"Scss","Under Construction"
"48850",2020-05-01,"May 2020","Apartment",29,"Scss","Under Construction"
"48850",2020-05-01,"May 2020","All",113,"Scss","Under Construction"
"48850",2020-06-01,"Jun 2020","Single",46,"Scss","Under Construction"
"48850",2020-06-01,"Jun 2020","Semi-Detached",16,"Scss","Under Construction"
"48850",2020-06-01,"Jun 2020","Row",0,"Scss","Under Construction"
"48850",2020-06-01,"Jun 2020","Apartment",29,"Scss","Under Construction"
"48850",2020-06-01,"Jun 2020","All",91,"Scss","Under Construction"
"48850",2020-07-01,"Jul 2020","Single",51,"Scss","Under Construction"
"48850",2020-07-01,"Jul 2020","Semi-Detached",16,"Scss","Under Construction"
"48850",2020-07-01,"Jul 2020","Row",0,"Scss","Under Construction"
"48850",2020-07-01,"Jul 2020","Apartment",30,"Scss","Under Construction"
"48850",2020-07-01,"Jul 2020","All",97,"Scss","Under Construction"
"48850",2020-08-01,"Aug 2020","Single",56,"Scss","Under Construction"
"48850",2020-08-01,"Aug 2020","Semi-Detached",16,"Scss","Under Construction"
"48850",2020-08-01,"Aug 2020","Row",0,"Scss","Under Construction"
"48850",2020-08-01,"Aug 2020","Apartment",33,"Scss","Under Construction"
"48850",2020-08-01,"Aug 2020","All",105,"Scss","Under Construction"
"48850",2020-09-01,"Sep 2020","Single",45,"Scss","Under Construction"
"48850",2020-09-01,"Sep 2020","Semi-Detached",12,"Scss","Under Construction"
"48850",2020-09-01,"Sep 2020","Row",0,"Scss","Under Construction"
"48850",2020-09-01,"Sep 2020","Apartment",31,"Scss","Under Construction"
"48850",2020-09-01,"Sep 2020","All",88,"Scss","Under Construction"
"48850",2020-10-01,"Oct 2020","Single",51,"Scss","Under Construction"
"48850",2020-10-01,"Oct 2020","Semi-Detached",12,"Scss","Under Construction"
"48850",2020-10-01,"Oct 2020","Row",0,"Scss","Under Construction"
"48850",2020-10-01,"Oct 2020","Apartment",31,"Scss","Under Construction"
"48850",2020-10-01,"Oct 2020","All",94,"Scss","Under Construction"
"48850",2020-11-01,"Nov 2020","Single",63,"Scss","Under Construction"
"48850",2020-11-01,"Nov 2020","Semi-Detached",12,"Scss","Under Construction"
"48850",2020-11-01,"Nov 2020","Row",0,"Scss","Under Construction"
"48850",2020-11-01,"Nov 2020","Apartment",29,"Scss","Under Construction"
"48850",2020-11-01,"Nov 2020","All",104,"Scss","Under Construction"
"48850",2020-12-01,"Dec 2020","Single",63,"Scss","Under Construction"
"48850",2020-12-01,"Dec 2020","Semi-Detached",8,"Scss","Under Construction"
"48850",2020-12-01,"Dec 2020","Row",3,"Scss","Under Construction"
"48850",2020-12-01,"Dec 2020","Apartment",29,"Scss","Under Construction"
"48850",2020-12-01,"Dec 2020","All",103,"Scss","Under Construction"
"48850",2021-01-01,"Jan 2021","Single",61,"Scss","Under Construction"
"48850",2021-01-01,"Jan 2021","Semi-Detached",10,"Scss","Under Construction"
"48850",2021-01-01,"Jan 2021","Row",3,"Scss","Under Construction"
"48850",2021-01-01,"Jan 2021","Apartment",28,"Scss","Under Construction"
"48850",2021-01-01,"Jan 2021","All",102,"Scss","Under Construction"
"48850",2021-02-01,"Feb 2021","Single",58,"Scss","Under Construction"
"48850",2021-02-01,"Feb 2021","Semi-Detached",10,"Scss","Under Construction"
"48850",2021-02-01,"Feb 2021","Row",6,"Scss","Under Construction"
"48850",2021-02-01,"Feb 2021","Apartment",27,"Scss","Under Construction"
"48850",2021-02-01,"Feb 2021","All",101,"Scss","Under Construction"
"48850",2021-03-01,"Mar 2021","Single",62,"Scss","Under Construction"
"48850",2021-03-01,"Mar 2021","Semi-Detached",8,"Scss","Under Construction"
"48850",2021-03-01,"Mar 2021","Row",6,"Scss","Under Construction"
"48850",2021-03-01,"Mar 2021","Apartment",27,"Scss","Under Construction"
"48850",2021-03-01,"Mar 2021","All",103,"Scss","Under Construction"
"48850",2021-04-01,"Apr 2021","Single",61,"Scss","Under Construction"
"48850",2021-04-01,"Apr 2021","Semi-Detached",10,"Scss","Under Construction"
"48850",2021-04-01,"Apr 2021","Row",6,"Scss","Under Construction"
"48850",2021-04-01,"Apr 2021","Apartment",11,"Scss","Under Construction"
"48850",2021-04-01,"Apr 2021","All",88,"Scss","Under Construction"
"48850",2021-05-01,"May 2021","Single",61,"Scss","Under Construction"
"48850",2021-05-01,"May 2021","Semi-Detached",10,"Scss","Under Construction"
"48850",2021-05-01,"May 2021","Row",6,"Scss","Under Construction"
"48850",2021-05-01,"May 2021","Apartment",11,"Scss","Under Construction"
"48850",2021-05-01,"May 2021","All",88,"Scss","Under Construction"
"48850",2021-06-01,"Jun 2021","Single",59,"Scss","Under Construction"
"48850",2021-06-01,"Jun 2021","Semi-Detached",12,"Scss","Under Construction"
"48850",2021-06-01,"Jun 2021","Row",3,"Scss","Under Construction"
"48850",2021-06-01,"Jun 2021","Apartment",12,"Scss","Under Construction"
"48850",2021-06-01,"Jun 2021","All",86,"Scss","Under Construction"
"48850",2021-07-01,"Jul 2021","Single",55,"Scss","Under Construction"
"48850",2021-07-01,"Jul 2021","Semi-Detached",12,"Scss","Under Construction"
"48850",2021-07-01,"Jul 2021","Row",0,"Scss","Under Construction"
"48850",2021-07-01,"Jul 2021","Apartment",11,"Scss","Under Construction"
"48850",2021-07-01,"Jul 2021","All",78,"Scss","Under Construction"
"48850",2021-08-01,"Aug 2021","Single",55,"Scss","Under Construction"
"48850",2021-08-01,"Aug 2021","Semi-Detached",12,"Scss","Under Construction"
"48850",2021-08-01,"Aug 2021","Row",0,"Scss","Under Construction"
"48850",2021-08-01,"Aug 2021","Apartment",11,"Scss","Under Construction"
"48850",2021-08-01,"Aug 2021","All",78,"Scss","Under Construction"
"48850",2021-09-01,"Sep 2021","Single",51,"Scss","Under Construction"
"48850",2021-09-01,"Sep 2021","Semi-Detached",10,"Scss","Under Construction"
"48850",2021-09-01,"Sep 2021","Row",3,"Scss","Under Construction"
"48850",2021-09-01,"Sep 2021","Apartment",11,"Scss","Under Construction"
"48850",2021-09-01,"Sep 2021","All",75,"Scss","Under Construction"
"48850",2021-10-01,"Oct 2021","Single",54,"Scss","Under Construction"
"48850",2021-10-01,"Oct 2021","Semi-Detached",10,"Scss","Under Construction"
"48850",2021-10-01,"Oct 2021","Row",3,"Scss","Under Construction"
"48850",2021-10-01,"Oct 2021","Apartment",14,"Scss","Under Construction"
"48850",2021-10-01,"Oct 2021","All",81,"Scss","Under Construction"
"48850",2021-11-01,"Nov 2021","Single",55,"Scss","Under Construction"
"48850",2021-11-01,"Nov 2021","Semi-Detached",10,"Scss","Under Construction"
"48850",2021-11-01,"Nov 2021","Row",3,"Scss","Under Construction"
"48850",2021-11-01,"Nov 2021","Apartment",18,"Scss","Under Construction"
"48850",2021-11-01,"Nov 2021","All",86,"Scss","Under Construction"
"48850",2021-12-01,"Dec 2021","Single",55,"Scss","Under Construction"
"48850",2021-12-01,"Dec 2021","Semi-Detached",12,"Scss","Under Construction"
"48850",2021-12-01,"Dec 2021","Row",3,"Scss","Under Construction"
"48850",2021-12-01,"Dec 2021","Apartment",15,"Scss","Under Construction"
"48850",2021-12-01,"Dec 2021","All",85,"Scss","Under Construction"
"48850",2022-01-01,"Jan 2022","Single",52,"Scss","Under Construction"
"48850",2022-01-01,"Jan 2022","Semi-Detached",12,"Scss","Under Construction"
"48850",2022-01-01,"Jan 2022","Row",3,"Scss","Under Construction"
"48850",2022-01-01,"Jan 2022","Apartment",12,"Scss","Under Construction"
"48850",2022-01-01,"Jan 2022","All",79,"Scss","Under Construction"
"48850",2022-02-01,"Feb 2022","Single",48,"Scss","Under Construction"
"48850",2022-02-01,"Feb 2022","Semi-Detached",12,"Scss","Under Construction"
"48850",2022-02-01,"Feb 2022","Row",0,"Scss","Under Construction"
"48850",2022-02-01,"Feb 2022","Apartment",14,"Scss","Under Construction"
"48850",2022-02-01,"Feb 2022","All",74,"Scss","Under Construction"
"48850",2022-03-01,"Mar 2022","Single",49,"Scss","Under Construction"
"48850",2022-03-01,"Mar 2022","Semi-Detached",16,"Scss","Under Construction"
"48850",2022-03-01,"Mar 2022","Row",0,"Scss","Under Construction"
"48850",2022-03-01,"Mar 2022","Apartment",13,"Scss","Under Construction"
"48850",2022-03-01,"Mar 2022","All",78,"Scss","Under Construction"
"48850",2022-04-01,"Apr 2022","Single",56,"Scss","Under Construction"
"48850",2022-04-01,"Apr 2022","Semi-Detached",18,"Scss","Under Construction"
"48850",2022-04-01,"Apr 2022","Row",0,"Scss","Under Construction"
"48850",2022-04-01,"Apr 2022","Apartment",21,"Scss","Under Construction"
"48850",2022-04-01,"Apr 2022","All",95,"Scss","Under Construction"
"48850",2022-05-01,"May 2022","Single",71,"Scss","Under Construction"
"48850",2022-05-01,"May 2022","Semi-Detached",18,"Scss","Under Construction"
"48850",2022-05-01,"May 2022","Row",0,"Scss","Under Construction"
"48850",2022-05-01,"May 2022","Apartment",27,"Scss","Under Construction"
"48850",2022-05-01,"May 2022","All",116,"Scss","Under Construction"
"48850",2022-06-01,"Jun 2022","Single",83,"Scss","Under Construction"
"48850",2022-06-01,"Jun 2022","Semi-Detached",18,"Scss","Under Construction"
"48850",2022-06-01,"Jun 2022","Row",0,"Scss","Under Construction"
"48850",2022-06-01,"Jun 2022","Apartment",30,"Scss","Under Construction"
"48850",2022-06-01,"Jun 2022","All",131,"Scss","Under Construction"
"48850",2022-07-01,"Jul 2022","Single",85,"Scss","Under Construction"
"48850",2022-07-01,"Jul 2022","Semi-Detached",18,"Scss","Under Construction"
"48850",2022-07-01,"Jul 2022","Row",0,"Scss","Under Construction"
"48850",2022-07-01,"Jul 2022","Apartment",33,"Scss","Under Construction"
"48850",2022-07-01,"Jul 2022","All",136,"Scss","Under Construction"
"48850",2022-08-01,"Aug 2022","Single",91,"Scss","Under Construction"
"48850",2022-08-01,"Aug 2022","Semi-Detached",8,"Scss","Under Construction"
"48850",2022-08-01,"Aug 2022","Row",0,"Scss","Under Construction"
"48850",2022-08-01,"Aug 2022","Apartment",37,"Scss","Under Construction"
"48850",2022-08-01,"Aug 2022","All",136,"Scss","Under Construction"
"48850",2022-09-01,"Sep 2022","Single",93,"Scss","Under Construction"
"48850",2022-09-01,"Sep 2022","Semi-Detached",12,"Scss","Under Construction"
"48850",2022-09-01,"Sep 2022","Row",0,"Scss","Under Construction"
"48850",2022-09-01,"Sep 2022","Apartment",42,"Scss","Under Construction"
"48850",2022-09-01,"Sep 2022","All",147,"Scss","Under Construction"
"48850",2022-10-01,"Oct 2022","Single",85,"Scss","Under Construction"
"48850",2022-10-01,"Oct 2022","Semi-Detached",16,"Scss","Under Construction"
"48850",2022-10-01,"Oct 2022","Row",0,"Scss","Under Construction"
"48850",2022-10-01,"Oct 2022","Apartment",40,"Scss","Under Construction"
"48850",2022-10-01,"Oct 2022","All",141,"Scss","Under Construction"
"48850",2022-11-01,"Nov 2022","Single",87,"Scss","Under Construction"
"48850",2022-11-01,"Nov 2022","Semi-Detached",16,"Scss","Under Construction"
"48850",2022-11-01,"Nov 2022","Row",3,"Scss","Under Construction"
"48850",2022-11-01,"Nov 2022","Apartment",33,"Scss","Under Construction"
"48850",2022-11-01,"Nov 2022","All",139,"Scss","Under Construction"
"48850",2022-12-01,"Dec 2022","Single",82,"Scss","Under Construction"
"48850",2022-12-01,"Dec 2022","Semi-Detached",16,"Scss","Under Construction"
"48850",2022-12-01,"Dec 2022","Row",3,"Scss","Under Construction"
"48850",2022-12-01,"Dec 2022","Apartment",27,"Scss","Under Construction"
"48850",2022-12-01,"Dec 2022","All",128,"Scss","Under Construction"
"48850",2023-01-01,"Jan 2023","Single",84,"Scss","Under Construction"
"48850",2023-01-01,"Jan 2023","Semi-Detached",16,"Scss","Under Construction"
"48850",2023-01-01,"Jan 2023","Row",3,"Scss","Under Construction"
"48850",2023-01-01,"Jan 2023","Apartment",28,"Scss","Under Construction"
"48850",2023-01-01,"Jan 2023","All",131,"Scss","Under Construction"
"48850",2023-02-01,"Feb 2023","Single",90,"Scss","Under Construction"
"48850",2023-02-01,"Feb 2023","Semi-Detached",16,"Scss","Under Construction"
"48850",2023-02-01,"Feb 2023","Row",3,"Scss","Under Construction"
"48850",2023-02-01,"Feb 2023","Apartment",30,"Scss","Under Construction"
"48850",2023-02-01,"Feb 2023","All",139,"Scss","Under Construction"
"48850",2023-03-01,"Mar 2023","Single",98,"Scss","Under Construction"
"48850",2023-03-01,"Mar 2023","Semi-Detached",16,"Scss","Under Construction"
"48850",2023-03-01,"Mar 2023","Row",3,"Scss","Under Construction"
"48850",2023-03-01,"Mar 2023","Apartment",30,"Scss","Under Construction"
"48850",2023-03-01,"Mar 2023","All",147,"Scss","Under Construction"
"48850",2023-04-01,"Apr 2023","Single",98,"Scss","Under Construction"
"48850",2023-04-01,"Apr 2023","Semi-Detached",18,"Scss","Under Construction"
"48850",2023-04-01,"Apr 2023","Row",3,"Scss","Under Construction"
"48850",2023-04-01,"Apr 2023","Apartment",32,"Scss","Under Construction"
"48850",2023-04-01,"Apr 2023","All",151,"Scss","Under Construction"
"48850",2023-05-01,"May 2023","Single",101,"Scss","Under Construction"
"48850",2023-05-01,"May 2023","Semi-Detached",20,"Scss","Under Construction"
"48850",2023-05-01,"May 2023","Row",3,"Scss","Under Construction"
"48850",2023-05-01,"May 2023","Apartment",36,"Scss","Under Construction"
"48850",2023-05-01,"May 2023","All",160,"Scss","Under Construction"
"48850",2023-06-01,"Jun 2023","Single",108,"Scss","Under Construction"
"48850",2023-06-01,"Jun 2023","Semi-Detached",20,"Scss","Under Construction"
"48850",2023-06-01,"Jun 2023","Row",3,"Scss","Under Construction"
"48850",2023-06-01,"Jun 2023","Apartment",38,"Scss","Under Construction"
"48850",2023-06-01,"Jun 2023","All",169,"Scss","Under Construction"
"48850",2023-07-01,"Jul 2023","Single",111,"Scss","Under Construction"
"48850",2023-07-01,"Jul 2023","Semi-Detached",20,"Scss","Under Construction"
"48850",2023-07-01,"Jul 2023","Row",3,"Scss","Under Construction"
"48850",2023-07-01,"Jul 2023","Apartment",38,"Scss","Under Construction"
"48850",2023-07-01,"Jul 2023","All",172,"Scss","Under Construction"
"48850",2023-08-01,"Aug 2023","Single",120,"Scss","Under Construction"
"48850",2023-08-01,"Aug 2023","Semi-Detached",20,"Scss","Under Construction"
"48850",2023-08-01,"Aug 2023","Row",3,"Scss","Under Construction"
"48850",2023-08-01,"Aug 2023","Apartment",44,"Scss","Under Construction"
"48850",2023-08-01,"Aug 2023","All",187,"Scss","Under Construction"
"48850",2023-09-01,"Sep 2023","Single",127,"Scss","Under Construction"
"48850",2023-09-01,"Sep 2023","Semi-Detached",20,"Scss","Under Construction"
"48850",2023-09-01,"Sep 2023","Row",6,"Scss","Under Construction"
"48850",2023-09-01,"Sep 2023","Apartment",43,"Scss","Under Construction"
"48850",2023-09-01,"Sep 2023","All",196,"Scss","Under Construction"
"48850",2023-10-01,"Oct 2023","Single",127,"Scss","Under Construction"
"48850",2023-10-01,"Oct 2023","Semi-Detached",20,"Scss","Under Construction"
"48850",2023-10-01,"Oct 2023","Row",6,"Scss","Under Construction"
"48850",2023-10-01,"Oct 2023","Apartment",43,"Scss","Under Construction"
"48850",2023-10-01,"Oct 2023","All",196,"Scss","Under Construction"
"48850",2023-11-01,"Nov 2023","Single",148,"Scss","Under Construction"
"48850",2023-11-01,"Nov 2023","Semi-Detached",20,"Scss","Under Construction"
"48850",2023-11-01,"Nov 2023","Row",14,"Scss","Under Construction"
"48850",2023-11-01,"Nov 2023","Apartment",51,"Scss","Under Construction"
"48850",2023-11-01,"Nov 2023","All",233,"Scss","Under Construction"
"48850",2023-12-01,"Dec 2023","Single",164,"Scss","Under Construction"
"48850",2023-12-01,"Dec 2023","Semi-Detached",20,"Scss","Under Construction"
"48850",2023-12-01,"Dec 2023","Row",14,"Scss","Under Construction"
"48850",2023-12-01,"Dec 2023","Apartment",57,"Scss","Under Construction"
"48850",2023-12-01,"Dec 2023","All",255,"Scss","Under Construction"
"48850",2024-01-01,"Jan 2024","Single",171,"Scss","Under Construction"
"48850",2024-01-01,"Jan 2024","Semi-Detached",20,"Scss","Under Construction"
"48850",2024-01-01,"Jan 2024","Row",14,"Scss","Under Construction"
"48850",2024-01-01,"Jan 2024","Apartment",62,"Scss","Under Construction"
"48850",2024-01-01,"Jan 2024","All",267,"Scss","Under Construction"
"48850",2024-02-01,"Feb 2024","Single",178,"Scss","Under Construction"
"48850",2024-02-01,"Feb 2024","Semi-Detached",20,"Scss","Under Construction"
"48850",2024-02-01,"Feb 2024","Row",14,"Scss","Under Construction"
"48850",2024-02-01,"Feb 2024","Apartment",68,"Scss","Under Construction"
"48850",2024-02-01,"Feb 2024","All",280,"Scss","Under Construction"
"48850",2024-03-01,"Mar 2024","Single",185,"Scss","Under Construction"
"48850",2024-03-01,"Mar 2024","Semi-Detached",20,"Scss","Under Construction"
"48850",2024-03-01,"Mar 2024","Row",14,"Scss","Under Construction"
"48850",2024-03-01,"Mar 2024","Apartment",70,"Scss","Under Construction"
"48850",2024-03-01,"Mar 2024","All",289,"Scss","Under Construction"
"48850",2024-04-01,"Apr 2024","Single",196,"Scss","Under Construction"
"48850",2024-04-01,"Apr 2024","Semi-Detached",20,"Scss","Under Construction"
"48850",2024-04-01,"Apr 2024","Row",14,"Scss","Under Construction"
"48850",2024-04-01,"Apr 2024","Apartment",78,"Scss","Under Construction"
"48850",2024-04-01,"Apr 2024","All",308,"Scss","Under Construction"
"48850",2024-05-01,"May 2024","Single",213,"Scss","Under Construction"
"48850",2024-05-01,"May 2024","Semi-Detached",20,"Scss","Under Construction"
"48850",2024-05-01,"May 2024","Row",14,"Scss","Under Construction"
"48850",2024-05-01,"May 2024","Apartment",90,"Scss","Under Construction"
"48850",2024-05-01,"May 2024","All",337,"Scss","Under Construction"
"48850",2024-06-01,"Jun 2024","Single",228,"Scss","Under Construction"
"48850",2024-06-01,"Jun 2024","Semi-Detached",24,"Scss","Under Construction"
"48850",2024-06-01,"Jun 2024","Row",14,"Scss","Under Construction"
"48850",2024-06-01,"Jun 2024","Apartment",100,"Scss","Under Construction"
"48850",2024-06-01,"Jun 2024","All",366,"Scss","Under Construction"
"48850",2024-07-01,"Jul 2024","Single",237,"Scss","Under Construction"
"48850",2024-07-01,"Jul 2024","Semi-Detached",26,"Scss","Under Construction"
"48850",2024-07-01,"Jul 2024","Row",14,"Scss","Under Construction"
"48850",2024-07-01,"Jul 2024","Apartment",100,"Scss","Under Construction"
"48850",2024-07-01,"Jul 2024","All",377,"Scss","Under Construction"
"48850",2024-08-01,"Aug 2024","Single",238,"Scss","Under Construction"
"48850",2024-08-01,"Aug 2024","Semi-Detached",26,"Scss","Under Construction"
"48850",2024-08-01,"Aug 2024","Row",20,"Scss","Under Construction"
"48850",2024-08-01,"Aug 2024","Apartment",101,"Scss","Under Construction"
"48850",2024-08-01,"Aug 2024","All",385,"Scss","Under Construction"
"48850",2024-09-01,"Sep 2024","Single",250,"Scss","Under Construction"
"48850",2024-09-01,"Sep 2024","Semi-Detached",26,"Scss","Under Construction"
"48850",2024-09-01,"Sep 2024","Row",20,"Scss","Under Construction"
"48850",2024-09-01,"Sep 2024","Apartment",107,"Scss","Under Construction"
"48850",2024-09-01,"Sep 2024","All",403,"Scss","Under Construction"
"48850",2024-10-01,"Oct 2024","Single",263,"Scss","Under Construction"
"48850",2024-10-01,"Oct 2024","Semi-Detached",26,"Scss","Under Construction"
"48850",2024-10-01,"Oct 2024","Row",20,"Scss","Under Construction"
"48850",2024-10-01,"Oct 2024","Apartment",112,"Scss","Under Construction"
"48850",2024-10-01,"Oct 2024","All",421,"Scss","Under Construction"
"48850",2024-11-01,"Nov 2024","Single",275,"Scss","Under Construction"
"48850",2024-11-01,"Nov 2024","Semi-Detached",26,"Scss","Under Construction"
"48850",2024-11-01,"Nov 2024","Row",20,"Scss","Under Construction"
"48850",2024-11-01,"Nov 2024","Apartment",116,"Scss","Under Construction"
"48850",2024-11-01,"Nov 2024","All",437,"Scss","Under Construction"
"48850",2024-12-01,"Dec 2024","Single",282,"Scss","Under Construction"
"48850",2024-12-01,"Dec 2024","Semi-Detached",28,"Scss","Under Construction"
"48850",2024-12-01,"Dec 2024","Row",20,"Scss","Under Construction"
"48850",2024-12-01,"Dec 2024","Apartment",119,"Scss","Under Construction"
"48850",2024-12-01,"Dec 2024","All",449,"Scss","Under Construction"
"48850",2025-01-01,"Jan 2025","Single",286,"Scss","Under Construction"
"48850",2025-01-01,"Jan 2025","Semi-Detached",28,"Scss","Under Construction"
"48850",2025-01-01,"Jan 2025","Row",20,"Scss","Under Construction"
"48850",2025-01-01,"Jan 2025","Apartment",203,"Scss","Under Construction"
"48850",2025-01-01,"Jan 2025","All",537,"Scss","Under Construction"
"48850",2025-02-01,"Feb 2025","Single",290,"Scss","Under Construction"
"48850",2025-02-01,"Feb 2025","Semi-Detached",28,"Scss","Under Construction"
"48850",2025-02-01,"Feb 2025","Row",26,"Scss","Under Construction"
"48850",2025-02-01,"Feb 2025","Apartment",204,"Scss","Under Construction"
"48850",2025-02-01,"Feb 2025","All",548,"Scss","Under Construction"
"48850",2025-03-01,"Mar 2025","Single",299,"Scss","Under Construction"
"48850",2025-03-01,"Mar 2025","Semi-Detached",30,"Scss","Under Construction"
"48850",2025-03-01,"Mar 2025","Row",26,"Scss","Under Construction"
"48850",2025-03-01,"Mar 2025","Apartment",212,"Scss","Under Construction"
"48850",2025-03-01,"Mar 2025","All",567,"Scss","Under Construction"
"48850",2025-04-01,"Apr 2025","Single",83,"Scss","Under Construction"
"48850",2025-04-01,"Apr 2025","Semi-Detached",12,"Scss","Under Construction"
"48850",2025-04-01,"Apr 2025","Row",6,"Scss","Under Construction"
"48850",2025-04-01,"Apr 2025","Apartment",121,"Scss","Under Construction"
"48850",2025-04-01,"Apr 2025","All",222,"Scss","Under Construction"
"48850",2025-05-01,"May 2025","Single",71,"Scss","Under Construction"
"48850",2025-05-01,"May 2025","Semi-Detached",10,"Scss","Under Construction"
"48850",2025-05-01,"May 2025","Row",6,"Scss","Under Construction"
"48850",2025-05-01,"May 2025","Apartment",120,"Scss","Under Construction"
"48850",2025-05-01,"May 2025","All",207,"Scss","Under Construction"
"48850",2025-06-01,"Jun 2025","Single",88,"Scss","Under Construction"
"48850",2025-06-01,"Jun 2025","Semi-Detached",14,"Scss","Under Construction"
"48850",2025-06-01,"Jun 2025","Row",6,"Scss","Under Construction"
"48850",2025-06-01,"Jun 2025","Apartment",129,"Scss","Under Construction"
"48850",2025-06-01,"Jun 2025","All",237,"Scss","Under Construction"
"48850",2025-07-01,"Jul 2025","Single",93,"Scss","Under Construction"
"48850",2025-07-01,"Jul 2025","Semi-Detached",20,"Scss","Under Construction"
"48850",2025-07-01,"Jul 2025","Row",6,"Scss","Under Construction"
"48850",2025-07-01,"Jul 2025","Apartment",129,"Scss","Under Construction"
"48850",2025-07-01,"Jul 2025","All",248,"Scss","Under Construction"
"48850",2025-08-01,"Aug 2025","Single",85,"Scss","Under Construction"
"48850",2025-08-01,"Aug 2025","Semi-Detached",20,"Scss","Under Construction"
"48850",2025-08-01,"Aug 2025","Row",3,"Scss","Under Construction"
"48850",2025-08-01,"Aug 2025","Apartment",123,"Scss","Under Construction"
"48850",2025-08-01,"Aug 2025","All",231,"Scss","Under Construction"
"48850",2025-09-01,"Sep 2025","Single",88,"Scss","Under Construction"
"48850",2025-09-01,"Sep 2025","Semi-Detached",22,"Scss","Under Construction"
"48850",2025-09-01,"Sep 2025","Row",3,"Scss","Under Construction"
"48850",2025-09-01,"Sep 2025","Apartment",124,"Scss","Under Construction"
"48850",2025-09-01,"Sep 2025","All",237,"Scss","Under Construction"
"48850",2025-10-01,"Oct 2025","Single",90,"Scss","Under Construction"
"48850",2025-10-01,"Oct 2025","Semi-Detached",20,"Scss","Under Construction"
"48850",2025-10-01,"Oct 2025","Row",3,"Scss","Under Construction"
"48850",2025-10-01,"Oct 2025","Apartment",129,"Scss","Under Construction"
"48850",2025-10-01,"Oct 2025","All",242,"Scss","Under Construction"
"48850",2025-11-01,"Nov 2025","Single",92,"Scss","Under Construction"
"48850",2025-11-01,"Nov 2025","Semi-Detached",20,"Scss","Under Construction"
"48850",2025-11-01,"Nov 2025","Row",9,"Scss","Under Construction"
"48850",2025-11-01,"Nov 2025","Apartment",124,"Scss","Under Construction"
"48850",2025-11-01,"Nov 2025","All",245,"Scss","Under Construction"
"48850",2025-12-01,"Dec 2025","Single",95,"Scss","Under Construction"
"48850",2025-12-01,"Dec 2025","Semi-Detached",18,"Scss","Under Construction"
"48850",2025-12-01,"Dec 2025","Row",12,"Scss","Under Construction"
"48850",2025-12-01,"Dec 2025","Apartment",122,"Scss","Under Construction"
"48850",2025-12-01,"Dec 2025","All",247,"Scss","Under Construction"
"48850",2026-01-01,"Jan 2026","Single",83,"Scss","Under Construction"
"48850",2026-01-01,"Jan 2026","Semi-Detached",16,"Scss","Under Construction"
"48850",2026-01-01,"Jan 2026","Row",12,"Scss","Under Construction"
"48850",2026-01-01,"Jan 2026","Apartment",243,"Scss","Under Construction"
"48850",2026-01-01,"Jan 2026","All",354,"Scss","Under Construction"
"48850",2026-02-01,"Feb 2026","Single",87,"Scss","Under Construction"
"48850",2026-02-01,"Feb 2026","Semi-Detached",12,"Scss","Under Construction"
"48850",2026-02-01,"Feb 2026","Row",18,"Scss","Under Construction"
"48850",2026-02-01,"Feb 2026","Apartment",436,"Scss","Under Construction"
"48850",2026-02-01,"Feb 2026","All",553,"Scss","Under Construction"
