"GeoUID","Date","DateString","Dwelling Type","Value","Survey","Series"
"47725",1990-01-01,"Jan 1990","Single",91,"Scss","Under Construction"
"47725",1990-01-01,"Jan 1990","Semi-Detached",0,"Scss","Under Construction"
"47725",1990-01-01,"Jan 1990","Row",34,"Scss","Under Construction"
"47725",1990-01-01,"Jan 1990","Apartment",77,"Scss","Under Construction"
"47725",1990-01-01,"Jan 1990","All",202,"Scss","Under Construction"
"47725",1990-02-01,"Feb 1990","Single",94,"Scss","Under Construction"
"47725",1990-02-01,"Feb 1990","Semi-Detached",0,"Scss","Under Construction"
"47725",1990-02-01,"Feb 1990","Row",34,"Scss","Under Construction"
"47725",1990-02-01,"Feb 1990","Apartment",77,"Scss","Under Construction"
"47725",1990-02-01,"Feb 1990","All",205,"Scss","Under Construction"
"47725",1990-03-01,"Mar 1990","Single",106,"Scss","Under Construction"
"47725",1990-03-01,"Mar 1990","Semi-Detached",0,"Scss","Under Construction"
"47725",1990-03-01,"Mar 1990","Row",34,"Scss","Under Construction"
"47725",1990-03-01,"Mar 1990","Apartment",77,"Scss","Under Construction"
"47725",1990-03-01,"Mar 1990","All",217,"Scss","Under Construction"
"47725",1990-04-01,"Apr 1990","Single",115,"Scss","Under Construction"
"47725",1990-04-01,"Apr 1990","Semi-Detached",0,"Scss","Under Construction"
"47725",1990-04-01,"Apr 1990","Row",34,"Scss","Under Construction"
"47725",1990-04-01,"Apr 1990","Apartment",125,"Scss","Under Construction"
"47725",1990-04-01,"Apr 1990","All",274,"Scss","Under Construction"
"47725",1990-05-01,"May 1990","Single",117,"Scss","Under Construction"
"47725",1990-05-01,"May 1990","Semi-Detached",2,"Scss","Under Construction"
"47725",1990-05-01,"May 1990","Row",34,"Scss","Under Construction"
"47725",1990-05-01,"May 1990","Apartment",125,"Scss","Under Construction"
"47725",1990-05-01,"May 1990","All",278,"Scss","Under Construction"
"47725",1990-06-01,"Jun 1990","Single",106,"Scss","Under Construction"
"47725",1990-06-01,"Jun 1990","Semi-Detached",2,"Scss","Under Construction"
"47725",1990-06-01,"Jun 1990","Row",11,"Scss","Under Construction"
"47725",1990-06-01,"Jun 1990","Apartment",160,"Scss","Under Construction"
"47725",1990-06-01,"Jun 1990","All",279,"Scss","Under Construction"
"47725",1990-07-01,"Jul 1990","Single",92,"Scss","Under Construction"
"47725",1990-07-01,"Jul 1990","Semi-Detached",0,"Scss","Under Construction"
"47725",1990-07-01,"Jul 1990","Row",8,"Scss","Under Construction"
"47725",1990-07-01,"Jul 1990","Apartment",160,"Scss","Under Construction"
"47725",1990-07-01,"Jul 1990","All",260,"Scss","Under Construction"
"47725",1990-08-01,"Aug 1990","Single",82,"Scss","Under Construction"
"47725",1990-08-01,"Aug 1990","Semi-Detached",0,"Scss","Under Construction"
"47725",1990-08-01,"Aug 1990","Row",52,"Scss","Under Construction"
"47725",1990-08-01,"Aug 1990","Apartment",160,"Scss","Under Construction"
"47725",1990-08-01,"Aug 1990","All",294,"Scss","Under Construction"
"47725",1990-09-01,"Sep 1990","Single",75,"Scss","Under Construction"
"47725",1990-09-01,"Sep 1990","Semi-Detached",0,"Scss","Under Construction"
"47725",1990-09-01,"Sep 1990","Row",52,"Scss","Under Construction"
"47725",1990-09-01,"Sep 1990","Apartment",160,"Scss","Under Construction"
"47725",1990-09-01,"Sep 1990","All",287,"Scss","Under Construction"
"47725",1990-10-01,"Oct 1990","Single",66,"Scss","Under Construction"
"47725",1990-10-01,"Oct 1990","Semi-Detached",0,"Scss","Under Construction"
"47725",1990-10-01,"Oct 1990","Row",58,"Scss","Under Construction"
"47725",1990-10-01,"Oct 1990","Apartment",112,"Scss","Under Construction"
"47725",1990-10-01,"Oct 1990","All",236,"Scss","Under Construction"
"47725",1990-11-01,"Nov 1990","Single",65,"Scss","Under Construction"
"47725",1990-11-01,"Nov 1990","Semi-Detached",0,"Scss","Under Construction"
"47725",1990-11-01,"Nov 1990","Row",58,"Scss","Under Construction"
"47725",1990-11-01,"Nov 1990","Apartment",112,"Scss","Under Construction"
"47725",1990-11-01,"Nov 1990","All",235,"Scss","Under Construction"
"47725",1990-12-01,"Dec 1990","Single",65,"Scss","Under Construction"
"47725",1990-12-01,"Dec 1990","Semi-Detached",10,"Scss","Under Construction"
"47725",1990-12-01,"Dec 1990","Row",24,"Scss","Under Construction"
"47725",1990-12-01,"Dec 1990","Apartment",112,"Scss","Under Construction"
"47725",1990-12-01,"Dec 1990","All",211,"Scss","Under Construction"
"47725",1991-01-01,"Jan 1991","Single",71,"Scss","Under Construction"
"47725",1991-01-01,"Jan 1991","Semi-Detached",10,"Scss","Under Construction"
"47725",1991-01-01,"Jan 1991","Row",24,"Scss","Under Construction"
"47725",1991-01-01,"Jan 1991","Apartment",77,"Scss","Under Construction"
"47725",1991-01-01,"Jan 1991","All",182,"Scss","Under Construction"
"47725",1991-02-01,"Feb 1991","Single",70,"Scss","Under Construction"
"47725",1991-02-01,"Feb 1991","Semi-Detached",6,"Scss","Under Construction"
"47725",1991-02-01,"Feb 1991","Row",24,"Scss","Under Construction"
"47725",1991-02-01,"Feb 1991","Apartment",77,"Scss","Under Construction"
"47725",1991-02-01,"Feb 1991","All",177,"Scss","Under Construction"
"47725",1991-03-01,"Mar 1991","Single",74,"Scss","Under Construction"
"47725",1991-03-01,"Mar 1991","Semi-Detached",6,"Scss","Under Construction"
"47725",1991-03-01,"Mar 1991","Row",24,"Scss","Under Construction"
"47725",1991-03-01,"Mar 1991","Apartment",77,"Scss","Under Construction"
"47725",1991-03-01,"Mar 1991","All",181,"Scss","Under Construction"
"47725",1991-04-01,"Apr 1991","Single",74,"Scss","Under Construction"
"47725",1991-04-01,"Apr 1991","Semi-Detached",0,"Scss","Under Construction"
"47725",1991-04-01,"Apr 1991","Row",33,"Scss","Under Construction"
"47725",1991-04-01,"Apr 1991","Apartment",77,"Scss","Under Construction"
"47725",1991-04-01,"Apr 1991","All",184,"Scss","Under Construction"
"47725",1991-05-01,"May 1991","Single",84,"Scss","Under Construction"
"47725",1991-05-01,"May 1991","Semi-Detached",0,"Scss","Under Construction"
"47725",1991-05-01,"May 1991","Row",22,"Scss","Under Construction"
"47725",1991-05-01,"May 1991","Apartment",77,"Scss","Under Construction"
"47725",1991-05-01,"May 1991","All",183,"Scss","Under Construction"
"47725",1991-06-01,"Jun 1991","Single",83,"Scss","Under Construction"
"47725",1991-06-01,"Jun 1991","Semi-Detached",2,"Scss","Under Construction"
"47725",1991-06-01,"Jun 1991","Row",19,"Scss","Under Construction"
"47725",1991-06-01,"Jun 1991","Apartment",77,"Scss","Under Construction"
"47725",1991-06-01,"Jun 1991","All",181,"Scss","Under Construction"
"47725",1991-07-01,"Jul 1991","Single",86,"Scss","Under Construction"
"47725",1991-07-01,"Jul 1991","Semi-Detached",4,"Scss","Under Construction"
"47725",1991-07-01,"Jul 1991","Row",23,"Scss","Under Construction"
"47725",1991-07-01,"Jul 1991","Apartment",77,"Scss","Under Construction"
"47725",1991-07-01,"Jul 1991","All",190,"Scss","Under Construction"
"47725",1991-08-01,"Aug 1991","Single",82,"Scss","Under Construction"
"47725",1991-08-01,"Aug 1991","Semi-Detached",4,"Scss","Under Construction"
"47725",1991-08-01,"Aug 1991","Row",15,"Scss","Under Construction"
"47725",1991-08-01,"Aug 1991","Apartment",127,"Scss","Under Construction"
"47725",1991-08-01,"Aug 1991","All",228,"Scss","Under Construction"
"47725",1991-09-01,"Sep 1991","Single",74,"Scss","Under Construction"
"47725",1991-09-01,"Sep 1991","Semi-Detached",4,"Scss","Under Construction"
"47725",1991-09-01,"Sep 1991","Row",15,"Scss","Under Construction"
"47725",1991-09-01,"Sep 1991","Apartment",127,"Scss","Under Construction"
"47725",1991-09-01,"Sep 1991","All",220,"Scss","Under Construction"
"47725",1991-10-01,"Oct 1991","Single",70,"Scss","Under Construction"
"47725",1991-10-01,"Oct 1991","Semi-Detached",2,"Scss","Under Construction"
"47725",1991-10-01,"Oct 1991","Row",4,"Scss","Under Construction"
"47725",1991-10-01,"Oct 1991","Apartment",50,"Scss","Under Construction"
"47725",1991-10-01,"Oct 1991","All",126,"Scss","Under Construction"
"47725",1991-11-01,"Nov 1991","Single",70,"Scss","Under Construction"
"47725",1991-11-01,"Nov 1991","Semi-Detached",0,"Scss","Under Construction"
"47725",1991-11-01,"Nov 1991","Row",4,"Scss","Under Construction"
"47725",1991-11-01,"Nov 1991","Apartment",50,"Scss","Under Construction"
"47725",1991-11-01,"Nov 1991","All",124,"Scss","Under Construction"
"47725",1991-12-01,"Dec 1991","Single",65,"Scss","Under Construction"
"47725",1991-12-01,"Dec 1991","Semi-Detached",2,"Scss","Under Construction"
"47725",1991-12-01,"Dec 1991","Row",4,"Scss","Under Construction"
"47725",1991-12-01,"Dec 1991","Apartment",50,"Scss","Under Construction"
"47725",1991-12-01,"Dec 1991","All",121,"Scss","Under Construction"
"47725",1992-01-01,"Jan 1992","Single",53,"Scss","Under Construction"
"47725",1992-01-01,"Jan 1992","Semi-Detached",2,"Scss","Under Construction"
"47725",1992-01-01,"Jan 1992","Row",4,"Scss","Under Construction"
"47725",1992-01-01,"Jan 1992","Apartment",50,"Scss","Under Construction"
"47725",1992-01-01,"Jan 1992","All",109,"Scss","Under Construction"
"47725",1992-02-01,"Feb 1992","Single",61,"Scss","Under Construction"
"47725",1992-02-01,"Feb 1992","Semi-Detached",2,"Scss","Under Construction"
"47725",1992-02-01,"Feb 1992","Row",4,"Scss","Under Construction"
"47725",1992-02-01,"Feb 1992","Apartment",50,"Scss","Under Construction"
"47725",1992-02-01,"Feb 1992","All",117,"Scss","Under Construction"
"47725",1992-03-01,"Mar 1992","Single",73,"Scss","Under Construction"
"47725",1992-03-01,"Mar 1992","Semi-Detached",20,"Scss","Under Construction"
"47725",1992-03-01,"Mar 1992","Row",4,"Scss","Under Construction"
"47725",1992-03-01,"Mar 1992","Apartment",50,"Scss","Under Construction"
"47725",1992-03-01,"Mar 1992","All",147,"Scss","Under Construction"
"47725",1992-04-01,"Apr 1992","Single",112,"Scss","Under Construction"
"47725",1992-04-01,"Apr 1992","Semi-Detached",22,"Scss","Under Construction"
"47725",1992-04-01,"Apr 1992","Row",4,"Scss","Under Construction"
"47725",1992-04-01,"Apr 1992","Apartment",50,"Scss","Under Construction"
"47725",1992-04-01,"Apr 1992","All",188,"Scss","Under Construction"
"47725",1992-05-01,"May 1992","Single",127,"Scss","Under Construction"
"47725",1992-05-01,"May 1992","Semi-Detached",30,"Scss","Under Construction"
"47725",1992-05-01,"May 1992","Row",4,"Scss","Under Construction"
"47725",1992-05-01,"May 1992","Apartment",50,"Scss","Under Construction"
"47725",1992-05-01,"May 1992","All",211,"Scss","Under Construction"
"47725",1992-06-01,"Jun 1992","Single",128,"Scss","Under Construction"
"47725",1992-06-01,"Jun 1992","Semi-Detached",30,"Scss","Under Construction"
"47725",1992-06-01,"Jun 1992","Row",4,"Scss","Under Construction"
"47725",1992-06-01,"Jun 1992","Apartment",50,"Scss","Under Construction"
"47725",1992-06-01,"Jun 1992","All",212,"Scss","Under Construction"
"47725",1992-07-01,"Jul 1992","Single",114,"Scss","Under Construction"
"47725",1992-07-01,"Jul 1992","Semi-Detached",20,"Scss","Under Construction"
"47725",1992-07-01,"Jul 1992","Row",0,"Scss","Under Construction"
"47725",1992-07-01,"Jul 1992","Apartment",0,"Scss","Under Construction"
"47725",1992-07-01,"Jul 1992","All",134,"Scss","Under Construction"
"47725",1992-08-01,"Aug 1992","Single",89,"Scss","Under Construction"
"47725",1992-08-01,"Aug 1992","Semi-Detached",14,"Scss","Under Construction"
"47725",1992-08-01,"Aug 1992","Row",0,"Scss","Under Construction"
"47725",1992-08-01,"Aug 1992","Apartment",0,"Scss","Under Construction"
"47725",1992-08-01,"Aug 1992","All",103,"Scss","Under Construction"
"47725",1992-09-01,"Sep 1992","Single",84,"Scss","Under Construction"
"47725",1992-09-01,"Sep 1992","Semi-Detached",28,"Scss","Under Construction"
"47725",1992-09-01,"Sep 1992","Row",18,"Scss","Under Construction"
"47725",1992-09-01,"Sep 1992","Apartment",128,"Scss","Under Construction"
"47725",1992-09-01,"Sep 1992","All",258,"Scss","Under Construction"
"47725",1992-10-01,"Oct 1992","Single",94,"Scss","Under Construction"
"47725",1992-10-01,"Oct 1992","Semi-Detached",30,"Scss","Under Construction"
"47725",1992-10-01,"Oct 1992","Row",18,"Scss","Under Construction"
"47725",1992-10-01,"Oct 1992","Apartment",123,"Scss","Under Construction"
"47725",1992-10-01,"Oct 1992","All",265,"Scss","Under Construction"
"47725",1992-11-01,"Nov 1992","Single",91,"Scss","Under Construction"
"47725",1992-11-01,"Nov 1992","Semi-Detached",4,"Scss","Under Construction"
"47725",1992-11-01,"Nov 1992","Row",25,"Scss","Under Construction"
"47725",1992-11-01,"Nov 1992","Apartment",123,"Scss","Under Construction"
"47725",1992-11-01,"Nov 1992","All",243,"Scss","Under Construction"
"47725",1992-12-01,"Dec 1992","Single",75,"Scss","Under Construction"
"47725",1992-12-01,"Dec 1992","Semi-Detached",4,"Scss","Under Construction"
"47725",1992-12-01,"Dec 1992","Row",25,"Scss","Under Construction"
"47725",1992-12-01,"Dec 1992","Apartment",123,"Scss","Under Construction"
"47725",1992-12-01,"Dec 1992","All",227,"Scss","Under Construction"
"47725",1993-01-01,"Jan 1993","Single",64,"Scss","Under Construction"
"47725",1993-01-01,"Jan 1993","Semi-Detached",0,"Scss","Under Construction"
"47725",1993-01-01,"Jan 1993","Row",25,"Scss","Under Construction"
"47725",1993-01-01,"Jan 1993","Apartment",124,"Scss","Under Construction"
"47725",1993-01-01,"Jan 1993","All",213,"Scss","Under Construction"
"47725",1993-02-01,"Feb 1993","Single",69,"Scss","Under Construction"
"47725",1993-02-01,"Feb 1993","Semi-Detached",0,"Scss","Under Construction"
"47725",1993-02-01,"Feb 1993","Row",22,"Scss","Under Construction"
"47725",1993-02-01,"Feb 1993","Apartment",205,"Scss","Under Construction"
"47725",1993-02-01,"Feb 1993","All",296,"Scss","Under Construction"
"47725",1993-03-01,"Mar 1993","Single",84,"Scss","Under Construction"
"47725",1993-03-01,"Mar 1993","Semi-Detached",0,"Scss","Under Construction"
"47725",1993-03-01,"Mar 1993","Row",16,"Scss","Under Construction"
"47725",1993-03-01,"Mar 1993","Apartment",205,"Scss","Under Construction"
"47725",1993-03-01,"Mar 1993","All",305,"Scss","Under Construction"
"47725",1993-04-01,"Apr 1993","Single",104,"Scss","Under Construction"
"47725",1993-04-01,"Apr 1993","Semi-Detached",18,"Scss","Under Construction"
"47725",1993-04-01,"Apr 1993","Row",4,"Scss","Under Construction"
"47725",1993-04-01,"Apr 1993","Apartment",240,"Scss","Under Construction"
"47725",1993-04-01,"Apr 1993","All",366,"Scss","Under Construction"
"47725",1993-05-01,"May 1993","Single",103,"Scss","Under Construction"
"47725",1993-05-01,"May 1993","Semi-Detached",18,"Scss","Under Construction"
"47725",1993-05-01,"May 1993","Row",4,"Scss","Under Construction"
"47725",1993-05-01,"May 1993","Apartment",240,"Scss","Under Construction"
"47725",1993-05-01,"May 1993","All",365,"Scss","Under Construction"
"47725",1993-06-01,"Jun 1993","Single",113,"Scss","Under Construction"
"47725",1993-06-01,"Jun 1993","Semi-Detached",48,"Scss","Under Construction"
"47725",1993-06-01,"Jun 1993","Row",4,"Scss","Under Construction"
"47725",1993-06-01,"Jun 1993","Apartment",313,"Scss","Under Construction"
"47725",1993-06-01,"Jun 1993","All",478,"Scss","Under Construction"
"47725",1993-07-01,"Jul 1993","Single",119,"Scss","Under Construction"
"47725",1993-07-01,"Jul 1993","Semi-Detached",46,"Scss","Under Construction"
"47725",1993-07-01,"Jul 1993","Row",4,"Scss","Under Construction"
"47725",1993-07-01,"Jul 1993","Apartment",313,"Scss","Under Construction"
"47725",1993-07-01,"Jul 1993","All",482,"Scss","Under Construction"
"47725",1993-08-01,"Aug 1993","Single",93,"Scss","Under Construction"
"47725",1993-08-01,"Aug 1993","Semi-Detached",24,"Scss","Under Construction"
"47725",1993-08-01,"Aug 1993","Row",4,"Scss","Under Construction"
"47725",1993-08-01,"Aug 1993","Apartment",271,"Scss","Under Construction"
"47725",1993-08-01,"Aug 1993","All",392,"Scss","Under Construction"
"47725",1993-09-01,"Sep 1993","Single",76,"Scss","Under Construction"
"47725",1993-09-01,"Sep 1993","Semi-Detached",24,"Scss","Under Construction"
"47725",1993-09-01,"Sep 1993","Row",4,"Scss","Under Construction"
"47725",1993-09-01,"Sep 1993","Apartment",271,"Scss","Under Construction"
"47725",1993-09-01,"Sep 1993","All",375,"Scss","Under Construction"
"47725",1993-10-01,"Oct 1993","Single",63,"Scss","Under Construction"
"47725",1993-10-01,"Oct 1993","Semi-Detached",16,"Scss","Under Construction"
"47725",1993-10-01,"Oct 1993","Row",4,"Scss","Under Construction"
"47725",1993-10-01,"Oct 1993","Apartment",271,"Scss","Under Construction"
"47725",1993-10-01,"Oct 1993","All",354,"Scss","Under Construction"
"47725",1993-11-01,"Nov 1993","Single",74,"Scss","Under Construction"
"47725",1993-11-01,"Nov 1993","Semi-Detached",10,"Scss","Under Construction"
"47725",1993-11-01,"Nov 1993","Row",20,"Scss","Under Construction"
"47725",1993-11-01,"Nov 1993","Apartment",131,"Scss","Under Construction"
"47725",1993-11-01,"Nov 1993","All",235,"Scss","Under Construction"
"47725",1993-12-01,"Dec 1993","Single",76,"Scss","Under Construction"
"47725",1993-12-01,"Dec 1993","Semi-Detached",0,"Scss","Under Construction"
"47725",1993-12-01,"Dec 1993","Row",20,"Scss","Under Construction"
"47725",1993-12-01,"Dec 1993","Apartment",96,"Scss","Under Construction"
"47725",1993-12-01,"Dec 1993","All",192,"Scss","Under Construction"
"47725",1994-01-01,"Jan 1994","Single",58,"Scss","Under Construction"
"47725",1994-01-01,"Jan 1994","Semi-Detached",0,"Scss","Under Construction"
"47725",1994-01-01,"Jan 1994","Row",12,"Scss","Under Construction"
"47725",1994-01-01,"Jan 1994","Apartment",116,"Scss","Under Construction"
"47725",1994-01-01,"Jan 1994","All",186,"Scss","Under Construction"
"47725",1994-02-01,"Feb 1994","Single",55,"Scss","Under Construction"
"47725",1994-02-01,"Feb 1994","Semi-Detached",0,"Scss","Under Construction"
"47725",1994-02-01,"Feb 1994","Row",4,"Scss","Under Construction"
"47725",1994-02-01,"Feb 1994","Apartment",124,"Scss","Under Construction"
"47725",1994-02-01,"Feb 1994","All",183,"Scss","Under Construction"
"47725",1994-03-01,"Mar 1994","Single",56,"Scss","Under Construction"
"47725",1994-03-01,"Mar 1994","Semi-Detached",2,"Scss","Under Construction"
"47725",1994-03-01,"Mar 1994","Row",8,"Scss","Under Construction"
"47725",1994-03-01,"Mar 1994","Apartment",124,"Scss","Under Construction"
"47725",1994-03-01,"Mar 1994","All",190,"Scss","Under Construction"
"47725",1994-04-01,"Apr 1994","Single",77,"Scss","Under Construction"
"47725",1994-04-01,"Apr 1994","Semi-Detached",2,"Scss","Under Construction"
"47725",1994-04-01,"Apr 1994","Row",8,"Scss","Under Construction"
"47725",1994-04-01,"Apr 1994","Apartment",125,"Scss","Under Construction"
"47725",1994-04-01,"Apr 1994","All",212,"Scss","Under Construction"
"47725",1994-05-01,"May 1994","Single",106,"Scss","Under Construction"
"47725",1994-05-01,"May 1994","Semi-Detached",16,"Scss","Under Construction"
"47725",1994-05-01,"May 1994","Row",4,"Scss","Under Construction"
"47725",1994-05-01,"May 1994","Apartment",164,"Scss","Under Construction"
"47725",1994-05-01,"May 1994","All",290,"Scss","Under Construction"
"47725",1994-06-01,"Jun 1994","Single",137,"Scss","Under Construction"
"47725",1994-06-01,"Jun 1994","Semi-Detached",22,"Scss","Under Construction"
"47725",1994-06-01,"Jun 1994","Row",4,"Scss","Under Construction"
"47725",1994-06-01,"Jun 1994","Apartment",91,"Scss","Under Construction"
"47725",1994-06-01,"Jun 1994","All",254,"Scss","Under Construction"
"47725",1994-07-01,"Jul 1994","Single",140,"Scss","Under Construction"
"47725",1994-07-01,"Jul 1994","Semi-Detached",26,"Scss","Under Construction"
"47725",1994-07-01,"Jul 1994","Row",0,"Scss","Under Construction"
"47725",1994-07-01,"Jul 1994","Apartment",79,"Scss","Under Construction"
"47725",1994-07-01,"Jul 1994","All",245,"Scss","Under Construction"
"47725",1994-08-01,"Aug 1994","Single",136,"Scss","Under Construction"
"47725",1994-08-01,"Aug 1994","Semi-Detached",24,"Scss","Under Construction"
"47725",1994-08-01,"Aug 1994","Row",0,"Scss","Under Construction"
"47725",1994-08-01,"Aug 1994","Apartment",91,"Scss","Under Construction"
"47725",1994-08-01,"Aug 1994","All",251,"Scss","Under Construction"
"47725",1994-09-01,"Sep 1994","Single",131,"Scss","Under Construction"
"47725",1994-09-01,"Sep 1994","Semi-Detached",6,"Scss","Under Construction"
"47725",1994-09-01,"Sep 1994","Row",0,"Scss","Under Construction"
"47725",1994-09-01,"Sep 1994","Apartment",83,"Scss","Under Construction"
"47725",1994-09-01,"Sep 1994","All",220,"Scss","Under Construction"
"47725",1994-10-01,"Oct 1994","Single",115,"Scss","Under Construction"
"47725",1994-10-01,"Oct 1994","Semi-Detached",4,"Scss","Under Construction"
"47725",1994-10-01,"Oct 1994","Row",6,"Scss","Under Construction"
"47725",1994-10-01,"Oct 1994","Apartment",244,"Scss","Under Construction"
"47725",1994-10-01,"Oct 1994","All",369,"Scss","Under Construction"
"47725",1994-11-01,"Nov 1994","Single",110,"Scss","Under Construction"
"47725",1994-11-01,"Nov 1994","Semi-Detached",4,"Scss","Under Construction"
"47725",1994-11-01,"Nov 1994","Row",0,"Scss","Under Construction"
"47725",1994-11-01,"Nov 1994","Apartment",120,"Scss","Under Construction"
"47725",1994-11-01,"Nov 1994","All",234,"Scss","Under Construction"
"47725",1994-12-01,"Dec 1994","Single",102,"Scss","Under Construction"
"47725",1994-12-01,"Dec 1994","Semi-Detached",2,"Scss","Under Construction"
"47725",1994-12-01,"Dec 1994","Row",0,"Scss","Under Construction"
"47725",1994-12-01,"Dec 1994","Apartment",120,"Scss","Under Construction"
"47725",1994-12-01,"Dec 1994","All",224,"Scss","Under Construction"
"47725",1995-01-01,"Jan 1995","Single",95,"Scss","Under Construction"
"47725",1995-01-01,"Jan 1995","Semi-Detached",10,"Scss","Under Construction"
"47725",1995-01-01,"Jan 1995","Row",0,"Scss","Under Construction"
"47725",1995-01-01,"Jan 1995","Apartment",120,"Scss","Under Construction"
"47725",1995-01-01,"Jan 1995","All",225,"Scss","Under Construction"
"47725",1995-02-01,"Feb 1995","Single",95,"Scss","Under Construction"
"47725",1995-02-01,"Feb 1995","Semi-Detached",10,"Scss","Under Construction"
"47725",1995-02-01,"Feb 1995","Row",4,"Scss","Under Construction"
"47725",1995-02-01,"Feb 1995","Apartment",81,"Scss","Under Construction"
"47725",1995-02-01,"Feb 1995","All",190,"Scss","Under Construction"
"47725",1995-03-01,"Mar 1995","Single",103,"Scss","Under Construction"
"47725",1995-03-01,"Mar 1995","Semi-Detached",14,"Scss","Under Construction"
"47725",1995-03-01,"Mar 1995","Row",4,"Scss","Under Construction"
"47725",1995-03-01,"Mar 1995","Apartment",69,"Scss","Under Construction"
"47725",1995-03-01,"Mar 1995","All",190,"Scss","Under Construction"
"47725",1995-04-01,"Apr 1995","Single",103,"Scss","Under Construction"
"47725",1995-04-01,"Apr 1995","Semi-Detached",20,"Scss","Under Construction"
"47725",1995-04-01,"Apr 1995","Row",4,"Scss","Under Construction"
"47725",1995-04-01,"Apr 1995","Apartment",69,"Scss","Under Construction"
"47725",1995-04-01,"Apr 1995","All",196,"Scss","Under Construction"
"47725",1995-05-01,"May 1995","Single",123,"Scss","Under Construction"
"47725",1995-05-01,"May 1995","Semi-Detached",24,"Scss","Under Construction"
"47725",1995-05-01,"May 1995","Row",4,"Scss","Under Construction"
"47725",1995-05-01,"May 1995","Apartment",92,"Scss","Under Construction"
"47725",1995-05-01,"May 1995","All",243,"Scss","Under Construction"
"47725",1995-06-01,"Jun 1995","Single",153,"Scss","Under Construction"
"47725",1995-06-01,"Jun 1995","Semi-Detached",48,"Scss","Under Construction"
"47725",1995-06-01,"Jun 1995","Row",12,"Scss","Under Construction"
"47725",1995-06-01,"Jun 1995","Apartment",92,"Scss","Under Construction"
"47725",1995-06-01,"Jun 1995","All",305,"Scss","Under Construction"
"47725",1995-07-01,"Jul 1995","Single",168,"Scss","Under Construction"
"47725",1995-07-01,"Jul 1995","Semi-Detached",50,"Scss","Under Construction"
"47725",1995-07-01,"Jul 1995","Row",26,"Scss","Under Construction"
"47725",1995-07-01,"Jul 1995","Apartment",92,"Scss","Under Construction"
"47725",1995-07-01,"Jul 1995","All",336,"Scss","Under Construction"
"47725",1995-08-01,"Aug 1995","Single",186,"Scss","Under Construction"
"47725",1995-08-01,"Aug 1995","Semi-Detached",40,"Scss","Under Construction"
"47725",1995-08-01,"Aug 1995","Row",26,"Scss","Under Construction"
"47725",1995-08-01,"Aug 1995","Apartment",80,"Scss","Under Construction"
"47725",1995-08-01,"Aug 1995","All",332,"Scss","Under Construction"
"47725",1995-09-01,"Sep 1995","Single",167,"Scss","Under Construction"
"47725",1995-09-01,"Sep 1995","Semi-Detached",32,"Scss","Under Construction"
"47725",1995-09-01,"Sep 1995","Row",26,"Scss","Under Construction"
"47725",1995-09-01,"Sep 1995","Apartment",80,"Scss","Under Construction"
"47725",1995-09-01,"Sep 1995","All",305,"Scss","Under Construction"
"47725",1995-10-01,"Oct 1995","Single",172,"Scss","Under Construction"
"47725",1995-10-01,"Oct 1995","Semi-Detached",32,"Scss","Under Construction"
"47725",1995-10-01,"Oct 1995","Row",26,"Scss","Under Construction"
"47725",1995-10-01,"Oct 1995","Apartment",126,"Scss","Under Construction"
"47725",1995-10-01,"Oct 1995","All",356,"Scss","Under Construction"
"47725",1995-11-01,"Nov 1995","Single",170,"Scss","Under Construction"
"47725",1995-11-01,"Nov 1995","Semi-Detached",22,"Scss","Under Construction"
"47725",1995-11-01,"Nov 1995","Row",26,"Scss","Under Construction"
"47725",1995-11-01,"Nov 1995","Apartment",130,"Scss","Under Construction"
"47725",1995-11-01,"Nov 1995","All",348,"Scss","Under Construction"
"47725",1995-12-01,"Dec 1995","Single",152,"Scss","Under Construction"
"47725",1995-12-01,"Dec 1995","Semi-Detached",14,"Scss","Under Construction"
"47725",1995-12-01,"Dec 1995","Row",14,"Scss","Under Construction"
"47725",1995-12-01,"Dec 1995","Apartment",130,"Scss","Under Construction"
"47725",1995-12-01,"Dec 1995","All",310,"Scss","Under Construction"
"47725",1996-01-01,"Jan 1996","Single",134,"Scss","Under Construction"
"47725",1996-01-01,"Jan 1996","Semi-Detached",16,"Scss","Under Construction"
"47725",1996-01-01,"Jan 1996","Row",6,"Scss","Under Construction"
"47725",1996-01-01,"Jan 1996","Apartment",146,"Scss","Under Construction"
"47725",1996-01-01,"Jan 1996","All",302,"Scss","Under Construction"
"47725",1996-02-01,"Feb 1996","Single",135,"Scss","Under Construction"
"47725",1996-02-01,"Feb 1996","Semi-Detached",14,"Scss","Under Construction"
"47725",1996-02-01,"Feb 1996","Row",10,"Scss","Under Construction"
"47725",1996-02-01,"Feb 1996","Apartment",125,"Scss","Under Construction"
"47725",1996-02-01,"Feb 1996","All",284,"Scss","Under Construction"
"47725",1996-03-01,"Mar 1996","Single",163,"Scss","Under Construction"
"47725",1996-03-01,"Mar 1996","Semi-Detached",22,"Scss","Under Construction"
"47725",1996-03-01,"Mar 1996","Row",20,"Scss","Under Construction"
"47725",1996-03-01,"Mar 1996","Apartment",107,"Scss","Under Construction"
"47725",1996-03-01,"Mar 1996","All",312,"Scss","Under Construction"
"47725",1996-04-01,"Apr 1996","Single",193,"Scss","Under Construction"
"47725",1996-04-01,"Apr 1996","Semi-Detached",26,"Scss","Under Construction"
"47725",1996-04-01,"Apr 1996","Row",20,"Scss","Under Construction"
"47725",1996-04-01,"Apr 1996","Apartment",151,"Scss","Under Construction"
"47725",1996-04-01,"Apr 1996","All",390,"Scss","Under Construction"
"47725",1996-05-01,"May 1996","Single",228,"Scss","Under Construction"
"47725",1996-05-01,"May 1996","Semi-Detached",31,"Scss","Under Construction"
"47725",1996-05-01,"May 1996","Row",60,"Scss","Under Construction"
"47725",1996-05-01,"May 1996","Apartment",151,"Scss","Under Construction"
"47725",1996-05-01,"May 1996","All",470,"Scss","Under Construction"
"47725",1996-06-01,"Jun 1996","Single",262,"Scss","Under Construction"
"47725",1996-06-01,"Jun 1996","Semi-Detached",31,"Scss","Under Construction"
"47725",1996-06-01,"Jun 1996","Row",80,"Scss","Under Construction"
"47725",1996-06-01,"Jun 1996","Apartment",233,"Scss","Under Construction"
"47725",1996-06-01,"Jun 1996","All",606,"Scss","Under Construction"
"47725",1996-07-01,"Jul 1996","Single",271,"Scss","Under Construction"
"47725",1996-07-01,"Jul 1996","Semi-Detached",41,"Scss","Under Construction"
"47725",1996-07-01,"Jul 1996","Row",76,"Scss","Under Construction"
"47725",1996-07-01,"Jul 1996","Apartment",185,"Scss","Under Construction"
"47725",1996-07-01,"Jul 1996","All",573,"Scss","Under Construction"
"47725",1996-08-01,"Aug 1996","Single",242,"Scss","Under Construction"
"47725",1996-08-01,"Aug 1996","Semi-Detached",48,"Scss","Under Construction"
"47725",1996-08-01,"Aug 1996","Row",120,"Scss","Under Construction"
"47725",1996-08-01,"Aug 1996","Apartment",175,"Scss","Under Construction"
"47725",1996-08-01,"Aug 1996","All",585,"Scss","Under Construction"
"47725",1996-09-01,"Sep 1996","Single",218,"Scss","Under Construction"
"47725",1996-09-01,"Sep 1996","Semi-Detached",42,"Scss","Under Construction"
"47725",1996-09-01,"Sep 1996","Row",108,"Scss","Under Construction"
"47725",1996-09-01,"Sep 1996","Apartment",281,"Scss","Under Construction"
"47725",1996-09-01,"Sep 1996","All",649,"Scss","Under Construction"
"47725",1996-10-01,"Oct 1996","Single",206,"Scss","Under Construction"
"47725",1996-10-01,"Oct 1996","Semi-Detached",46,"Scss","Under Construction"
"47725",1996-10-01,"Oct 1996","Row",87,"Scss","Under Construction"
"47725",1996-10-01,"Oct 1996","Apartment",281,"Scss","Under Construction"
"47725",1996-10-01,"Oct 1996","All",620,"Scss","Under Construction"
"47725",1996-11-01,"Nov 1996","Single",206,"Scss","Under Construction"
"47725",1996-11-01,"Nov 1996","Semi-Detached",64,"Scss","Under Construction"
"47725",1996-11-01,"Nov 1996","Row",87,"Scss","Under Construction"
"47725",1996-11-01,"Nov 1996","Apartment",258,"Scss","Under Construction"
"47725",1996-11-01,"Nov 1996","All",615,"Scss","Under Construction"
"47725",1996-12-01,"Dec 1996","Single",179,"Scss","Under Construction"
"47725",1996-12-01,"Dec 1996","Semi-Detached",54,"Scss","Under Construction"
"47725",1996-12-01,"Dec 1996","Row",83,"Scss","Under Construction"
"47725",1996-12-01,"Dec 1996","Apartment",258,"Scss","Under Construction"
"47725",1996-12-01,"Dec 1996","All",574,"Scss","Under Construction"
"47725",1997-01-01,"Jan 1997","Single",174,"Scss","Under Construction"
"47725",1997-01-01,"Jan 1997","Semi-Detached",52,"Scss","Under Construction"
"47725",1997-01-01,"Jan 1997","Row",80,"Scss","Under Construction"
"47725",1997-01-01,"Jan 1997","Apartment",208,"Scss","Under Construction"
"47725",1997-01-01,"Jan 1997","All",514,"Scss","Under Construction"
"47725",1997-02-01,"Feb 1997","Single",186,"Scss","Under Construction"
"47725",1997-02-01,"Feb 1997","Semi-Detached",50,"Scss","Under Construction"
"47725",1997-02-01,"Feb 1997","Row",43,"Scss","Under Construction"
"47725",1997-02-01,"Feb 1997","Apartment",208,"Scss","Under Construction"
"47725",1997-02-01,"Feb 1997","All",487,"Scss","Under Construction"
"47725",1997-03-01,"Mar 1997","Single",231,"Scss","Under Construction"
"47725",1997-03-01,"Mar 1997","Semi-Detached",56,"Scss","Under Construction"
"47725",1997-03-01,"Mar 1997","Row",43,"Scss","Under Construction"
"47725",1997-03-01,"Mar 1997","Apartment",208,"Scss","Under Construction"
"47725",1997-03-01,"Mar 1997","All",538,"Scss","Under Construction"
"47725",1997-04-01,"Apr 1997","Single",275,"Scss","Under Construction"
"47725",1997-04-01,"Apr 1997","Semi-Detached",52,"Scss","Under Construction"
"47725",1997-04-01,"Apr 1997","Row",79,"Scss","Under Construction"
"47725",1997-04-01,"Apr 1997","Apartment",208,"Scss","Under Construction"
"47725",1997-04-01,"Apr 1997","All",614,"Scss","Under Construction"
"47725",1997-05-01,"May 1997","Single",291,"Scss","Under Construction"
"47725",1997-05-01,"May 1997","Semi-Detached",56,"Scss","Under Construction"
"47725",1997-05-01,"May 1997","Row",91,"Scss","Under Construction"
"47725",1997-05-01,"May 1997","Apartment",275,"Scss","Under Construction"
"47725",1997-05-01,"May 1997","All",713,"Scss","Under Construction"
"47725",1997-06-01,"Jun 1997","Single",314,"Scss","Under Construction"
"47725",1997-06-01,"Jun 1997","Semi-Detached",68,"Scss","Under Construction"
"47725",1997-06-01,"Jun 1997","Row",101,"Scss","Under Construction"
"47725",1997-06-01,"Jun 1997","Apartment",275,"Scss","Under Construction"
"47725",1997-06-01,"Jun 1997","All",758,"Scss","Under Construction"
"47725",1997-07-01,"Jul 1997","Single",330,"Scss","Under Construction"
"47725",1997-07-01,"Jul 1997","Semi-Detached",66,"Scss","Under Construction"
"47725",1997-07-01,"Jul 1997","Row",120,"Scss","Under Construction"
"47725",1997-07-01,"Jul 1997","Apartment",217,"Scss","Under Construction"
"47725",1997-07-01,"Jul 1997","All",733,"Scss","Under Construction"
"47725",1997-08-01,"Aug 1997","Single",281,"Scss","Under Construction"
"47725",1997-08-01,"Aug 1997","Semi-Detached",54,"Scss","Under Construction"
"47725",1997-08-01,"Aug 1997","Row",122,"Scss","Under Construction"
"47725",1997-08-01,"Aug 1997","Apartment",243,"Scss","Under Construction"
"47725",1997-08-01,"Aug 1997","All",700,"Scss","Under Construction"
"47725",1997-09-01,"Sep 1997","Single",257,"Scss","Under Construction"
"47725",1997-09-01,"Sep 1997","Semi-Detached",46,"Scss","Under Construction"
"47725",1997-09-01,"Sep 1997","Row",144,"Scss","Under Construction"
"47725",1997-09-01,"Sep 1997","Apartment",243,"Scss","Under Construction"
"47725",1997-09-01,"Sep 1997","All",690,"Scss","Under Construction"
"47725",1997-10-01,"Oct 1997","Single",253,"Scss","Under Construction"
"47725",1997-10-01,"Oct 1997","Semi-Detached",54,"Scss","Under Construction"
"47725",1997-10-01,"Oct 1997","Row",163,"Scss","Under Construction"
"47725",1997-10-01,"Oct 1997","Apartment",210,"Scss","Under Construction"
"47725",1997-10-01,"Oct 1997","All",680,"Scss","Under Construction"
"47725",1997-11-01,"Nov 1997","Single",238,"Scss","Under Construction"
"47725",1997-11-01,"Nov 1997","Semi-Detached",56,"Scss","Under Construction"
"47725",1997-11-01,"Nov 1997","Row",138,"Scss","Under Construction"
"47725",1997-11-01,"Nov 1997","Apartment",239,"Scss","Under Construction"
"47725",1997-11-01,"Nov 1997","All",671,"Scss","Under Construction"
"47725",1997-12-01,"Dec 1997","Single",208,"Scss","Under Construction"
"47725",1997-12-01,"Dec 1997","Semi-Detached",52,"Scss","Under Construction"
"47725",1997-12-01,"Dec 1997","Row",162,"Scss","Under Construction"
"47725",1997-12-01,"Dec 1997","Apartment",213,"Scss","Under Construction"
"47725",1997-12-01,"Dec 1997","All",635,"Scss","Under Construction"
"47725",1998-01-01,"Jan 1998","Single",207,"Scss","Under Construction"
"47725",1998-01-01,"Jan 1998","Semi-Detached",54,"Scss","Under Construction"
"47725",1998-01-01,"Jan 1998","Row",162,"Scss","Under Construction"
"47725",1998-01-01,"Jan 1998","Apartment",213,"Scss","Under Construction"
"47725",1998-01-01,"Jan 1998","All",636,"Scss","Under Construction"
"47725",1998-02-01,"Feb 1998","Single",187,"Scss","Under Construction"
"47725",1998-02-01,"Feb 1998","Semi-Detached",48,"Scss","Under Construction"
"47725",1998-02-01,"Feb 1998","Row",138,"Scss","Under Construction"
"47725",1998-02-01,"Feb 1998","Apartment",236,"Scss","Under Construction"
"47725",1998-02-01,"Feb 1998","All",609,"Scss","Under Construction"
"47725",1998-03-01,"Mar 1998","Single",211,"Scss","Under Construction"
"47725",1998-03-01,"Mar 1998","Semi-Detached",56,"Scss","Under Construction"
"47725",1998-03-01,"Mar 1998","Row",145,"Scss","Under Construction"
"47725",1998-03-01,"Mar 1998","Apartment",236,"Scss","Under Construction"
"47725",1998-03-01,"Mar 1998","All",648,"Scss","Under Construction"
"47725",1998-04-01,"Apr 1998","Single",229,"Scss","Under Construction"
"47725",1998-04-01,"Apr 1998","Semi-Detached",60,"Scss","Under Construction"
"47725",1998-04-01,"Apr 1998","Row",129,"Scss","Under Construction"
"47725",1998-04-01,"Apr 1998","Apartment",297,"Scss","Under Construction"
"47725",1998-04-01,"Apr 1998","All",715,"Scss","Under Construction"
"47725",1998-05-01,"May 1998","Single",272,"Scss","Under Construction"
"47725",1998-05-01,"May 1998","Semi-Detached",58,"Scss","Under Construction"
"47725",1998-05-01,"May 1998","Row",133,"Scss","Under Construction"
"47725",1998-05-01,"May 1998","Apartment",297,"Scss","Under Construction"
"47725",1998-05-01,"May 1998","All",760,"Scss","Under Construction"
"47725",1998-06-01,"Jun 1998","Single",298,"Scss","Under Construction"
"47725",1998-06-01,"Jun 1998","Semi-Detached",56,"Scss","Under Construction"
"47725",1998-06-01,"Jun 1998","Row",125,"Scss","Under Construction"
"47725",1998-06-01,"Jun 1998","Apartment",297,"Scss","Under Construction"
"47725",1998-06-01,"Jun 1998","All",776,"Scss","Under Construction"
"47725",1998-07-01,"Jul 1998","Single",303,"Scss","Under Construction"
"47725",1998-07-01,"Jul 1998","Semi-Detached",70,"Scss","Under Construction"
"47725",1998-07-01,"Jul 1998","Row",152,"Scss","Under Construction"
"47725",1998-07-01,"Jul 1998","Apartment",321,"Scss","Under Construction"
"47725",1998-07-01,"Jul 1998","All",846,"Scss","Under Construction"
"47725",1998-08-01,"Aug 1998","Single",276,"Scss","Under Construction"
"47725",1998-08-01,"Aug 1998","Semi-Detached",64,"Scss","Under Construction"
"47725",1998-08-01,"Aug 1998","Row",142,"Scss","Under Construction"
"47725",1998-08-01,"Aug 1998","Apartment",292,"Scss","Under Construction"
"47725",1998-08-01,"Aug 1998","All",774,"Scss","Under Construction"
"47725",1998-09-01,"Sep 1998","Single",281,"Scss","Under Construction"
"47725",1998-09-01,"Sep 1998","Semi-Detached",60,"Scss","Under Construction"
"47725",1998-09-01,"Sep 1998","Row",111,"Scss","Under Construction"
"47725",1998-09-01,"Sep 1998","Apartment",296,"Scss","Under Construction"
"47725",1998-09-01,"Sep 1998","All",748,"Scss","Under Construction"
"47725",1998-10-01,"Oct 1998","Single",250,"Scss","Under Construction"
"47725",1998-10-01,"Oct 1998","Semi-Detached",56,"Scss","Under Construction"
"47725",1998-10-01,"Oct 1998","Row",94,"Scss","Under Construction"
"47725",1998-10-01,"Oct 1998","Apartment",296,"Scss","Under Construction"
"47725",1998-10-01,"Oct 1998","All",696,"Scss","Under Construction"
"47725",1998-11-01,"Nov 1998","Single",222,"Scss","Under Construction"
"47725",1998-11-01,"Nov 1998","Semi-Detached",42,"Scss","Under Construction"
"47725",1998-11-01,"Nov 1998","Row",89,"Scss","Under Construction"
"47725",1998-11-01,"Nov 1998","Apartment",200,"Scss","Under Construction"
"47725",1998-11-01,"Nov 1998","All",553,"Scss","Under Construction"
"47725",1998-12-01,"Dec 1998","Single",195,"Scss","Under Construction"
"47725",1998-12-01,"Dec 1998","Semi-Detached",32,"Scss","Under Construction"
"47725",1998-12-01,"Dec 1998","Row",82,"Scss","Under Construction"
"47725",1998-12-01,"Dec 1998","Apartment",139,"Scss","Under Construction"
"47725",1998-12-01,"Dec 1998","All",448,"Scss","Under Construction"
"47725",1999-01-01,"Jan 1999","Single",168,"Scss","Under Construction"
"47725",1999-01-01,"Jan 1999","Semi-Detached",30,"Scss","Under Construction"
"47725",1999-01-01,"Jan 1999","Row",82,"Scss","Under Construction"
"47725",1999-01-01,"Jan 1999","Apartment",139,"Scss","Under Construction"
"47725",1999-01-01,"Jan 1999","All",419,"Scss","Under Construction"
"47725",1999-02-01,"Feb 1999","Single",180,"Scss","Under Construction"
"47725",1999-02-01,"Feb 1999","Semi-Detached",36,"Scss","Under Construction"
"47725",1999-02-01,"Feb 1999","Row",60,"Scss","Under Construction"
"47725",1999-02-01,"Feb 1999","Apartment",155,"Scss","Under Construction"
"47725",1999-02-01,"Feb 1999","All",431,"Scss","Under Construction"
"47725",1999-03-01,"Mar 1999","Single",196,"Scss","Under Construction"
"47725",1999-03-01,"Mar 1999","Semi-Detached",50,"Scss","Under Construction"
"47725",1999-03-01,"Mar 1999","Row",29,"Scss","Under Construction"
"47725",1999-03-01,"Mar 1999","Apartment",156,"Scss","Under Construction"
"47725",1999-03-01,"Mar 1999","All",431,"Scss","Under Construction"
"47725",1999-04-01,"Apr 1999","Single",211,"Scss","Under Construction"
"47725",1999-04-01,"Apr 1999","Semi-Detached",44,"Scss","Under Construction"
"47725",1999-04-01,"Apr 1999","Row",51,"Scss","Under Construction"
"47725",1999-04-01,"Apr 1999","Apartment",160,"Scss","Under Construction"
"47725",1999-04-01,"Apr 1999","All",466,"Scss","Under Construction"
"47725",1999-05-01,"May 1999","Single",268,"Scss","Under Construction"
"47725",1999-05-01,"May 1999","Semi-Detached",44,"Scss","Under Construction"
"47725",1999-05-01,"May 1999","Row",51,"Scss","Under Construction"
"47725",1999-05-01,"May 1999","Apartment",183,"Scss","Under Construction"
"47725",1999-05-01,"May 1999","All",546,"Scss","Under Construction"
"47725",1999-06-01,"Jun 1999","Single",305,"Scss","Under Construction"
"47725",1999-06-01,"Jun 1999","Semi-Detached",52,"Scss","Under Construction"
"47725",1999-06-01,"Jun 1999","Row",51,"Scss","Under Construction"
"47725",1999-06-01,"Jun 1999","Apartment",167,"Scss","Under Construction"
"47725",1999-06-01,"Jun 1999","All",575,"Scss","Under Construction"
"47725",1999-07-01,"Jul 1999","Single",332,"Scss","Under Construction"
"47725",1999-07-01,"Jul 1999","Semi-Detached",42,"Scss","Under Construction"
"47725",1999-07-01,"Jul 1999","Row",50,"Scss","Under Construction"
"47725",1999-07-01,"Jul 1999","Apartment",340,"Scss","Under Construction"
"47725",1999-07-01,"Jul 1999","All",764,"Scss","Under Construction"
"47725",1999-08-01,"Aug 1999","Single",323,"Scss","Under Construction"
"47725",1999-08-01,"Aug 1999","Semi-Detached",44,"Scss","Under Construction"
"47725",1999-08-01,"Aug 1999","Row",38,"Scss","Under Construction"
"47725",1999-08-01,"Aug 1999","Apartment",354,"Scss","Under Construction"
"47725",1999-08-01,"Aug 1999","All",759,"Scss","Under Construction"
"47725",1999-09-01,"Sep 1999","Single",272,"Scss","Under Construction"
"47725",1999-09-01,"Sep 1999","Semi-Detached",44,"Scss","Under Construction"
"47725",1999-09-01,"Sep 1999","Row",42,"Scss","Under Construction"
"47725",1999-09-01,"Sep 1999","Apartment",430,"Scss","Under Construction"
"47725",1999-09-01,"Sep 1999","All",788,"Scss","Under Construction"
"47725",1999-10-01,"Oct 1999","Single",260,"Scss","Under Construction"
"47725",1999-10-01,"Oct 1999","Semi-Detached",52,"Scss","Under Construction"
"47725",1999-10-01,"Oct 1999","Row",42,"Scss","Under Construction"
"47725",1999-10-01,"Oct 1999","Apartment",407,"Scss","Under Construction"
"47725",1999-10-01,"Oct 1999","All",761,"Scss","Under Construction"
"47725",1999-11-01,"Nov 1999","Single",248,"Scss","Under Construction"
"47725",1999-11-01,"Nov 1999","Semi-Detached",56,"Scss","Under Construction"
"47725",1999-11-01,"Nov 1999","Row",52,"Scss","Under Construction"
"47725",1999-11-01,"Nov 1999","Apartment",407,"Scss","Under Construction"
"47725",1999-11-01,"Nov 1999","All",763,"Scss","Under Construction"
"47725",1999-12-01,"Dec 1999","Single",223,"Scss","Under Construction"
"47725",1999-12-01,"Dec 1999","Semi-Detached",52,"Scss","Under Construction"
"47725",1999-12-01,"Dec 1999","Row",71,"Scss","Under Construction"
"47725",1999-12-01,"Dec 1999","Apartment",391,"Scss","Under Construction"
"47725",1999-12-01,"Dec 1999","All",737,"Scss","Under Construction"
"47725",2000-01-01,"Jan 2000","Single",198,"Scss","Under Construction"
"47725",2000-01-01,"Jan 2000","Semi-Detached",38,"Scss","Under Construction"
"47725",2000-01-01,"Jan 2000","Row",58,"Scss","Under Construction"
"47725",2000-01-01,"Jan 2000","Apartment",391,"Scss","Under Construction"
"47725",2000-01-01,"Jan 2000","All",685,"Scss","Under Construction"
"47725",2000-02-01,"Feb 2000","Single",169,"Scss","Under Construction"
"47725",2000-02-01,"Feb 2000","Semi-Detached",40,"Scss","Under Construction"
"47725",2000-02-01,"Feb 2000","Row",79,"Scss","Under Construction"
"47725",2000-02-01,"Feb 2000","Apartment",367,"Scss","Under Construction"
"47725",2000-02-01,"Feb 2000","All",655,"Scss","Under Construction"
"47725",2000-03-01,"Mar 2000","Single",164,"Scss","Under Construction"
"47725",2000-03-01,"Mar 2000","Semi-Detached",38,"Scss","Under Construction"
"47725",2000-03-01,"Mar 2000","Row",80,"Scss","Under Construction"
"47725",2000-03-01,"Mar 2000","Apartment",367,"Scss","Under Construction"
"47725",2000-03-01,"Mar 2000","All",649,"Scss","Under Construction"
"47725",2000-04-01,"Apr 2000","Single",203,"Scss","Under Construction"
"47725",2000-04-01,"Apr 2000","Semi-Detached",42,"Scss","Under Construction"
"47725",2000-04-01,"Apr 2000","Row",74,"Scss","Under Construction"
"47725",2000-04-01,"Apr 2000","Apartment",317,"Scss","Under Construction"
"47725",2000-04-01,"Apr 2000","All",636,"Scss","Under Construction"
"47725",2000-05-01,"May 2000","Single",284,"Scss","Under Construction"
"47725",2000-05-01,"May 2000","Semi-Detached",38,"Scss","Under Construction"
"47725",2000-05-01,"May 2000","Row",86,"Scss","Under Construction"
"47725",2000-05-01,"May 2000","Apartment",263,"Scss","Under Construction"
"47725",2000-05-01,"May 2000","All",671,"Scss","Under Construction"
"47725",2000-06-01,"Jun 2000","Single",298,"Scss","Under Construction"
"47725",2000-06-01,"Jun 2000","Semi-Detached",38,"Scss","Under Construction"
"47725",2000-06-01,"Jun 2000","Row",35,"Scss","Under Construction"
"47725",2000-06-01,"Jun 2000","Apartment",301,"Scss","Under Construction"
"47725",2000-06-01,"Jun 2000","All",672,"Scss","Under Construction"
"47725",2000-07-01,"Jul 2000","Single",291,"Scss","Under Construction"
"47725",2000-07-01,"Jul 2000","Semi-Detached",36,"Scss","Under Construction"
"47725",2000-07-01,"Jul 2000","Row",35,"Scss","Under Construction"
"47725",2000-07-01,"Jul 2000","Apartment",359,"Scss","Under Construction"
"47725",2000-07-01,"Jul 2000","All",721,"Scss","Under Construction"
"47725",2000-08-01,"Aug 2000","Single",271,"Scss","Under Construction"
"47725",2000-08-01,"Aug 2000","Semi-Detached",42,"Scss","Under Construction"
"47725",2000-08-01,"Aug 2000","Row",37,"Scss","Under Construction"
"47725",2000-08-01,"Aug 2000","Apartment",407,"Scss","Under Construction"
"47725",2000-08-01,"Aug 2000","All",757,"Scss","Under Construction"
"47725",2000-09-01,"Sep 2000","Single",250,"Scss","Under Construction"
"47725",2000-09-01,"Sep 2000","Semi-Detached",46,"Scss","Under Construction"
"47725",2000-09-01,"Sep 2000","Row",42,"Scss","Under Construction"
"47725",2000-09-01,"Sep 2000","Apartment",407,"Scss","Under Construction"
"47725",2000-09-01,"Sep 2000","All",745,"Scss","Under Construction"
"47725",2000-10-01,"Oct 2000","Single",220,"Scss","Under Construction"
"47725",2000-10-01,"Oct 2000","Semi-Detached",56,"Scss","Under Construction"
"47725",2000-10-01,"Oct 2000","Row",64,"Scss","Under Construction"
"47725",2000-10-01,"Oct 2000","Apartment",194,"Scss","Under Construction"
"47725",2000-10-01,"Oct 2000","All",534,"Scss","Under Construction"
"47725",2000-11-01,"Nov 2000","Single",203,"Scss","Under Construction"
"47725",2000-11-01,"Nov 2000","Semi-Detached",58,"Scss","Under Construction"
"47725",2000-11-01,"Nov 2000","Row",94,"Scss","Under Construction"
"47725",2000-11-01,"Nov 2000","Apartment",144,"Scss","Under Construction"
"47725",2000-11-01,"Nov 2000","All",499,"Scss","Under Construction"
"47725",2000-12-01,"Dec 2000","Single",169,"Scss","Under Construction"
"47725",2000-12-01,"Dec 2000","Semi-Detached",54,"Scss","Under Construction"
"47725",2000-12-01,"Dec 2000","Row",82,"Scss","Under Construction"
"47725",2000-12-01,"Dec 2000","Apartment",136,"Scss","Under Construction"
"47725",2000-12-01,"Dec 2000","All",441,"Scss","Under Construction"
"47725",2001-01-01,"Jan 2001","Single",160,"Scss","Under Construction"
"47725",2001-01-01,"Jan 2001","Semi-Detached",50,"Scss","Under Construction"
"47725",2001-01-01,"Jan 2001","Row",73,"Scss","Under Construction"
"47725",2001-01-01,"Jan 2001","Apartment",130,"Scss","Under Construction"
"47725",2001-01-01,"Jan 2001","All",413,"Scss","Under Construction"
"47725",2001-02-01,"Feb 2001","Single",160,"Scss","Under Construction"
"47725",2001-02-01,"Feb 2001","Semi-Detached",40,"Scss","Under Construction"
"47725",2001-02-01,"Feb 2001","Row",69,"Scss","Under Construction"
"47725",2001-02-01,"Feb 2001","Apartment",130,"Scss","Under Construction"
"47725",2001-02-01,"Feb 2001","All",399,"Scss","Under Construction"
"47725",2001-03-01,"Mar 2001","Single",183,"Scss","Under Construction"
"47725",2001-03-01,"Mar 2001","Semi-Detached",42,"Scss","Under Construction"
"47725",2001-03-01,"Mar 2001","Row",60,"Scss","Under Construction"
"47725",2001-03-01,"Mar 2001","Apartment",98,"Scss","Under Construction"
"47725",2001-03-01,"Mar 2001","All",383,"Scss","Under Construction"
"47725",2001-04-01,"Apr 2001","Single",197,"Scss","Under Construction"
"47725",2001-04-01,"Apr 2001","Semi-Detached",28,"Scss","Under Construction"
"47725",2001-04-01,"Apr 2001","Row",36,"Scss","Under Construction"
"47725",2001-04-01,"Apr 2001","Apartment",66,"Scss","Under Construction"
"47725",2001-04-01,"Apr 2001","All",327,"Scss","Under Construction"
"47725",2001-05-01,"May 2001","Single",212,"Scss","Under Construction"
"47725",2001-05-01,"May 2001","Semi-Detached",28,"Scss","Under Construction"
"47725",2001-05-01,"May 2001","Row",36,"Scss","Under Construction"
"47725",2001-05-01,"May 2001","Apartment",66,"Scss","Under Construction"
"47725",2001-05-01,"May 2001","All",342,"Scss","Under Construction"
"47725",2001-06-01,"Jun 2001","Single",229,"Scss","Under Construction"
"47725",2001-06-01,"Jun 2001","Semi-Detached",26,"Scss","Under Construction"
"47725",2001-06-01,"Jun 2001","Row",18,"Scss","Under Construction"
"47725",2001-06-01,"Jun 2001","Apartment",102,"Scss","Under Construction"
"47725",2001-06-01,"Jun 2001","All",375,"Scss","Under Construction"
"47725",2001-07-01,"Jul 2001","Single",215,"Scss","Under Construction"
"47725",2001-07-01,"Jul 2001","Semi-Detached",26,"Scss","Under Construction"
"47725",2001-07-01,"Jul 2001","Row",44,"Scss","Under Construction"
"47725",2001-07-01,"Jul 2001","Apartment",111,"Scss","Under Construction"
"47725",2001-07-01,"Jul 2001","All",396,"Scss","Under Construction"
"47725",2001-08-01,"Aug 2001","Single",201,"Scss","Under Construction"
"47725",2001-08-01,"Aug 2001","Semi-Detached",26,"Scss","Under Construction"
"47725",2001-08-01,"Aug 2001","Row",54,"Scss","Under Construction"
"47725",2001-08-01,"Aug 2001","Apartment",115,"Scss","Under Construction"
"47725",2001-08-01,"Aug 2001","All",396,"Scss","Under Construction"
"47725",2001-09-01,"Sep 2001","Single",200,"Scss","Under Construction"
"47725",2001-09-01,"Sep 2001","Semi-Detached",34,"Scss","Under Construction"
"47725",2001-09-01,"Sep 2001","Row",95,"Scss","Under Construction"
"47725",2001-09-01,"Sep 2001","Apartment",116,"Scss","Under Construction"
"47725",2001-09-01,"Sep 2001","All",445,"Scss","Under Construction"
"47725",2001-10-01,"Oct 2001","Single",193,"Scss","Under Construction"
"47725",2001-10-01,"Oct 2001","Semi-Detached",32,"Scss","Under Construction"
"47725",2001-10-01,"Oct 2001","Row",97,"Scss","Under Construction"
"47725",2001-10-01,"Oct 2001","Apartment",136,"Scss","Under Construction"
"47725",2001-10-01,"Oct 2001","All",458,"Scss","Under Construction"
"47725",2001-11-01,"Nov 2001","Single",190,"Scss","Under Construction"
"47725",2001-11-01,"Nov 2001","Semi-Detached",30,"Scss","Under Construction"
"47725",2001-11-01,"Nov 2001","Row",82,"Scss","Under Construction"
"47725",2001-11-01,"Nov 2001","Apartment",144,"Scss","Under Construction"
"47725",2001-11-01,"Nov 2001","All",446,"Scss","Under Construction"
"47725",2001-12-01,"Dec 2001","Single",181,"Scss","Under Construction"
"47725",2001-12-01,"Dec 2001","Semi-Detached",20,"Scss","Under Construction"
"47725",2001-12-01,"Dec 2001","Row",86,"Scss","Under Construction"
"47725",2001-12-01,"Dec 2001","Apartment",116,"Scss","Under Construction"
"47725",2001-12-01,"Dec 2001","All",403,"Scss","Under Construction"
"47725",2002-01-01,"Jan 2002","Single",197,"Scss","Under Construction"
"47725",2002-01-01,"Jan 2002","Semi-Detached",12,"Scss","Under Construction"
"47725",2002-01-01,"Jan 2002","Row",100,"Scss","Under Construction"
"47725",2002-01-01,"Jan 2002","Apartment",116,"Scss","Under Construction"
"47725",2002-01-01,"Jan 2002","All",425,"Scss","Under Construction"
"47725",2002-02-01,"Feb 2002","Single",203,"Scss","Under Construction"
"47725",2002-02-01,"Feb 2002","Semi-Detached",28,"Scss","Under Construction"
"47725",2002-02-01,"Feb 2002","Row",137,"Scss","Under Construction"
"47725",2002-02-01,"Feb 2002","Apartment",108,"Scss","Under Construction"
"47725",2002-02-01,"Feb 2002","All",476,"Scss","Under Construction"
"47725",2002-03-01,"Mar 2002","Single",205,"Scss","Under Construction"
"47725",2002-03-01,"Mar 2002","Semi-Detached",34,"Scss","Under Construction"
"47725",2002-03-01,"Mar 2002","Row",97,"Scss","Under Construction"
"47725",2002-03-01,"Mar 2002","Apartment",112,"Scss","Under Construction"
"47725",2002-03-01,"Mar 2002","All",448,"Scss","Under Construction"
"47725",2002-04-01,"Apr 2002","Single",239,"Scss","Under Construction"
"47725",2002-04-01,"Apr 2002","Semi-Detached",34,"Scss","Under Construction"
"47725",2002-04-01,"Apr 2002","Row",117,"Scss","Under Construction"
"47725",2002-04-01,"Apr 2002","Apartment",96,"Scss","Under Construction"
"47725",2002-04-01,"Apr 2002","All",486,"Scss","Under Construction"
"47725",2002-05-01,"May 2002","Single",282,"Scss","Under Construction"
"47725",2002-05-01,"May 2002","Semi-Detached",36,"Scss","Under Construction"
"47725",2002-05-01,"May 2002","Row",144,"Scss","Under Construction"
"47725",2002-05-01,"May 2002","Apartment",96,"Scss","Under Construction"
"47725",2002-05-01,"May 2002","All",558,"Scss","Under Construction"
"47725",2002-06-01,"Jun 2002","Single",306,"Scss","Under Construction"
"47725",2002-06-01,"Jun 2002","Semi-Detached",40,"Scss","Under Construction"
"47725",2002-06-01,"Jun 2002","Row",158,"Scss","Under Construction"
"47725",2002-06-01,"Jun 2002","Apartment",56,"Scss","Under Construction"
"47725",2002-06-01,"Jun 2002","All",560,"Scss","Under Construction"
"47725",2002-07-01,"Jul 2002","Single",309,"Scss","Under Construction"
"47725",2002-07-01,"Jul 2002","Semi-Detached",34,"Scss","Under Construction"
"47725",2002-07-01,"Jul 2002","Row",114,"Scss","Under Construction"
"47725",2002-07-01,"Jul 2002","Apartment",51,"Scss","Under Construction"
"47725",2002-07-01,"Jul 2002","All",508,"Scss","Under Construction"
"47725",2002-08-01,"Aug 2002","Single",312,"Scss","Under Construction"
"47725",2002-08-01,"Aug 2002","Semi-Detached",32,"Scss","Under Construction"
"47725",2002-08-01,"Aug 2002","Row",142,"Scss","Under Construction"
"47725",2002-08-01,"Aug 2002","Apartment",109,"Scss","Under Construction"
"47725",2002-08-01,"Aug 2002","All",595,"Scss","Under Construction"
"47725",2002-09-01,"Sep 2002","Single",335,"Scss","Under Construction"
"47725",2002-09-01,"Sep 2002","Semi-Detached",48,"Scss","Under Construction"
"47725",2002-09-01,"Sep 2002","Row",183,"Scss","Under Construction"
"47725",2002-09-01,"Sep 2002","Apartment",163,"Scss","Under Construction"
"47725",2002-09-01,"Sep 2002","All",729,"Scss","Under Construction"
"47725",2002-10-01,"Oct 2002","Single",338,"Scss","Under Construction"
"47725",2002-10-01,"Oct 2002","Semi-Detached",42,"Scss","Under Construction"
"47725",2002-10-01,"Oct 2002","Row",238,"Scss","Under Construction"
"47725",2002-10-01,"Oct 2002","Apartment",163,"Scss","Under Construction"
"47725",2002-10-01,"Oct 2002","All",781,"Scss","Under Construction"
"47725",2002-11-01,"Nov 2002","Single",335,"Scss","Under Construction"
"47725",2002-11-01,"Nov 2002","Semi-Detached",56,"Scss","Under Construction"
"47725",2002-11-01,"Nov 2002","Row",215,"Scss","Under Construction"
"47725",2002-11-01,"Nov 2002","Apartment",187,"Scss","Under Construction"
"47725",2002-11-01,"Nov 2002","All",793,"Scss","Under Construction"
"47725",2002-12-01,"Dec 2002","Single",311,"Scss","Under Construction"
"47725",2002-12-01,"Dec 2002","Semi-Detached",54,"Scss","Under Construction"
"47725",2002-12-01,"Dec 2002","Row",206,"Scss","Under Construction"
"47725",2002-12-01,"Dec 2002","Apartment",312,"Scss","Under Construction"
"47725",2002-12-01,"Dec 2002","All",883,"Scss","Under Construction"
"47725",2003-01-01,"Jan 2003","Single",300,"Scss","Under Construction"
"47725",2003-01-01,"Jan 2003","Semi-Detached",54,"Scss","Under Construction"
"47725",2003-01-01,"Jan 2003","Row",191,"Scss","Under Construction"
"47725",2003-01-01,"Jan 2003","Apartment",312,"Scss","Under Construction"
"47725",2003-01-01,"Jan 2003","All",857,"Scss","Under Construction"
"47725",2003-02-01,"Feb 2003","Single",267,"Scss","Under Construction"
"47725",2003-02-01,"Feb 2003","Semi-Detached",56,"Scss","Under Construction"
"47725",2003-02-01,"Feb 2003","Row",192,"Scss","Under Construction"
"47725",2003-02-01,"Feb 2003","Apartment",312,"Scss","Under Construction"
"47725",2003-02-01,"Feb 2003","All",827,"Scss","Under Construction"
"47725",2003-03-01,"Mar 2003","Single",284,"Scss","Under Construction"
"47725",2003-03-01,"Mar 2003","Semi-Detached",60,"Scss","Under Construction"
"47725",2003-03-01,"Mar 2003","Row",265,"Scss","Under Construction"
"47725",2003-03-01,"Mar 2003","Apartment",288,"Scss","Under Construction"
"47725",2003-03-01,"Mar 2003","All",897,"Scss","Under Construction"
"47725",2003-04-01,"Apr 2003","Single",287,"Scss","Under Construction"
"47725",2003-04-01,"Apr 2003","Semi-Detached",42,"Scss","Under Construction"
"47725",2003-04-01,"Apr 2003","Row",334,"Scss","Under Construction"
"47725",2003-04-01,"Apr 2003","Apartment",418,"Scss","Under Construction"
"47725",2003-04-01,"Apr 2003","All",1081,"Scss","Under Construction"
"47725",2003-05-01,"May 2003","Single",325,"Scss","Under Construction"
"47725",2003-05-01,"May 2003","Semi-Detached",36,"Scss","Under Construction"
"47725",2003-05-01,"May 2003","Row",291,"Scss","Under Construction"
"47725",2003-05-01,"May 2003","Apartment",418,"Scss","Under Construction"
"47725",2003-05-01,"May 2003","All",1070,"Scss","Under Construction"
"47725",2003-06-01,"Jun 2003","Single",349,"Scss","Under Construction"
"47725",2003-06-01,"Jun 2003","Semi-Detached",38,"Scss","Under Construction"
"47725",2003-06-01,"Jun 2003","Row",317,"Scss","Under Construction"
"47725",2003-06-01,"Jun 2003","Apartment",246,"Scss","Under Construction"
"47725",2003-06-01,"Jun 2003","All",950,"Scss","Under Construction"
"47725",2003-07-01,"Jul 2003","Single",359,"Scss","Under Construction"
"47725",2003-07-01,"Jul 2003","Semi-Detached",48,"Scss","Under Construction"
"47725",2003-07-01,"Jul 2003","Row",281,"Scss","Under Construction"
"47725",2003-07-01,"Jul 2003","Apartment",270,"Scss","Under Construction"
"47725",2003-07-01,"Jul 2003","All",958,"Scss","Under Construction"
"47725",2003-08-01,"Aug 2003","Single",347,"Scss","Under Construction"
"47725",2003-08-01,"Aug 2003","Semi-Detached",46,"Scss","Under Construction"
"47725",2003-08-01,"Aug 2003","Row",277,"Scss","Under Construction"
"47725",2003-08-01,"Aug 2003","Apartment",346,"Scss","Under Construction"
"47725",2003-08-01,"Aug 2003","All",1016,"Scss","Under Construction"
"47725",2003-09-01,"Sep 2003","Single",330,"Scss","Under Construction"
"47725",2003-09-01,"Sep 2003","Semi-Detached",30,"Scss","Under Construction"
"47725",2003-09-01,"Sep 2003","Row",233,"Scss","Under Construction"
"47725",2003-09-01,"Sep 2003","Apartment",426,"Scss","Under Construction"
"47725",2003-09-01,"Sep 2003","All",1019,"Scss","Under Construction"
"47725",2003-10-01,"Oct 2003","Single",329,"Scss","Under Construction"
"47725",2003-10-01,"Oct 2003","Semi-Detached",36,"Scss","Under Construction"
"47725",2003-10-01,"Oct 2003","Row",239,"Scss","Under Construction"
"47725",2003-10-01,"Oct 2003","Apartment",396,"Scss","Under Construction"
"47725",2003-10-01,"Oct 2003","All",1000,"Scss","Under Construction"
"47725",2003-11-01,"Nov 2003","Single",330,"Scss","Under Construction"
"47725",2003-11-01,"Nov 2003","Semi-Detached",36,"Scss","Under Construction"
"47725",2003-11-01,"Nov 2003","Row",230,"Scss","Under Construction"
"47725",2003-11-01,"Nov 2003","Apartment",334,"Scss","Under Construction"
"47725",2003-11-01,"Nov 2003","All",930,"Scss","Under Construction"
"47725",2003-12-01,"Dec 2003","Single",303,"Scss","Under Construction"
"47725",2003-12-01,"Dec 2003","Semi-Detached",32,"Scss","Under Construction"
"47725",2003-12-01,"Dec 2003","Row",129,"Scss","Under Construction"
"47725",2003-12-01,"Dec 2003","Apartment",205,"Scss","Under Construction"
"47725",2003-12-01,"Dec 2003","All",669,"Scss","Under Construction"
"47725",2004-01-01,"Jan 2004","Single",282,"Scss","Under Construction"
"47725",2004-01-01,"Jan 2004","Semi-Detached",26,"Scss","Under Construction"
"47725",2004-01-01,"Jan 2004","Row",102,"Scss","Under Construction"
"47725",2004-01-01,"Jan 2004","Apartment",251,"Scss","Under Construction"
"47725",2004-01-01,"Jan 2004","All",661,"Scss","Under Construction"
"47725",2004-02-01,"Feb 2004","Single",280,"Scss","Under Construction"
"47725",2004-02-01,"Feb 2004","Semi-Detached",28,"Scss","Under Construction"
"47725",2004-02-01,"Feb 2004","Row",92,"Scss","Under Construction"
"47725",2004-02-01,"Feb 2004","Apartment",251,"Scss","Under Construction"
"47725",2004-02-01,"Feb 2004","All",651,"Scss","Under Construction"
"47725",2004-03-01,"Mar 2004","Single",268,"Scss","Under Construction"
"47725",2004-03-01,"Mar 2004","Semi-Detached",28,"Scss","Under Construction"
"47725",2004-03-01,"Mar 2004","Row",108,"Scss","Under Construction"
"47725",2004-03-01,"Mar 2004","Apartment",251,"Scss","Under Construction"
"47725",2004-03-01,"Mar 2004","All",655,"Scss","Under Construction"
"47725",2004-04-01,"Apr 2004","Single",286,"Scss","Under Construction"
"47725",2004-04-01,"Apr 2004","Semi-Detached",50,"Scss","Under Construction"
"47725",2004-04-01,"Apr 2004","Row",153,"Scss","Under Construction"
"47725",2004-04-01,"Apr 2004","Apartment",295,"Scss","Under Construction"
"47725",2004-04-01,"Apr 2004","All",784,"Scss","Under Construction"
"47725",2004-05-01,"May 2004","Single",307,"Scss","Under Construction"
"47725",2004-05-01,"May 2004","Semi-Detached",62,"Scss","Under Construction"
"47725",2004-05-01,"May 2004","Row",228,"Scss","Under Construction"
"47725",2004-05-01,"May 2004","Apartment",463,"Scss","Under Construction"
"47725",2004-05-01,"May 2004","All",1060,"Scss","Under Construction"
"47725",2004-06-01,"Jun 2004","Single",360,"Scss","Under Construction"
"47725",2004-06-01,"Jun 2004","Semi-Detached",54,"Scss","Under Construction"
"47725",2004-06-01,"Jun 2004","Row",188,"Scss","Under Construction"
"47725",2004-06-01,"Jun 2004","Apartment",416,"Scss","Under Construction"
"47725",2004-06-01,"Jun 2004","All",1018,"Scss","Under Construction"
"47725",2004-07-01,"Jul 2004","Single",373,"Scss","Under Construction"
"47725",2004-07-01,"Jul 2004","Semi-Detached",60,"Scss","Under Construction"
"47725",2004-07-01,"Jul 2004","Row",188,"Scss","Under Construction"
"47725",2004-07-01,"Jul 2004","Apartment",395,"Scss","Under Construction"
"47725",2004-07-01,"Jul 2004","All",1016,"Scss","Under Construction"
"47725",2004-08-01,"Aug 2004","Single",387,"Scss","Under Construction"
"47725",2004-08-01,"Aug 2004","Semi-Detached",58,"Scss","Under Construction"
"47725",2004-08-01,"Aug 2004","Row",144,"Scss","Under Construction"
"47725",2004-08-01,"Aug 2004","Apartment",395,"Scss","Under Construction"
"47725",2004-08-01,"Aug 2004","All",984,"Scss","Under Construction"
"47725",2004-09-01,"Sep 2004","Single",411,"Scss","Under Construction"
"47725",2004-09-01,"Sep 2004","Semi-Detached",52,"Scss","Under Construction"
"47725",2004-09-01,"Sep 2004","Row",54,"Scss","Under Construction"
"47725",2004-09-01,"Sep 2004","Apartment",395,"Scss","Under Construction"
"47725",2004-09-01,"Sep 2004","All",912,"Scss","Under Construction"
"47725",2004-10-01,"Oct 2004","Single",403,"Scss","Under Construction"
"47725",2004-10-01,"Oct 2004","Semi-Detached",44,"Scss","Under Construction"
"47725",2004-10-01,"Oct 2004","Row",98,"Scss","Under Construction"
"47725",2004-10-01,"Oct 2004","Apartment",289,"Scss","Under Construction"
"47725",2004-10-01,"Oct 2004","All",834,"Scss","Under Construction"
"47725",2004-11-01,"Nov 2004","Single",386,"Scss","Under Construction"
"47725",2004-11-01,"Nov 2004","Semi-Detached",44,"Scss","Under Construction"
"47725",2004-11-01,"Nov 2004","Row",201,"Scss","Under Construction"
"47725",2004-11-01,"Nov 2004","Apartment",323,"Scss","Under Construction"
"47725",2004-11-01,"Nov 2004","All",954,"Scss","Under Construction"
"47725",2004-12-01,"Dec 2004","Single",376,"Scss","Under Construction"
"47725",2004-12-01,"Dec 2004","Semi-Detached",52,"Scss","Under Construction"
"47725",2004-12-01,"Dec 2004","Row",204,"Scss","Under Construction"
"47725",2004-12-01,"Dec 2004","Apartment",293,"Scss","Under Construction"
"47725",2004-12-01,"Dec 2004","All",925,"Scss","Under Construction"
"47725",2005-01-01,"Jan 2005","Single",321,"Scss","Under Construction"
"47725",2005-01-01,"Jan 2005","Semi-Detached",50,"Scss","Under Construction"
"47725",2005-01-01,"Jan 2005","Row",204,"Scss","Under Construction"
"47725",2005-01-01,"Jan 2005","Apartment",356,"Scss","Under Construction"
"47725",2005-01-01,"Jan 2005","All",931,"Scss","Under Construction"
"47725",2005-02-01,"Feb 2005","Single",330,"Scss","Under Construction"
"47725",2005-02-01,"Feb 2005","Semi-Detached",54,"Scss","Under Construction"
"47725",2005-02-01,"Feb 2005","Row",187,"Scss","Under Construction"
"47725",2005-02-01,"Feb 2005","Apartment",356,"Scss","Under Construction"
"47725",2005-02-01,"Feb 2005","All",927,"Scss","Under Construction"
"47725",2005-03-01,"Mar 2005","Single",345,"Scss","Under Construction"
"47725",2005-03-01,"Mar 2005","Semi-Detached",46,"Scss","Under Construction"
"47725",2005-03-01,"Mar 2005","Row",187,"Scss","Under Construction"
"47725",2005-03-01,"Mar 2005","Apartment",362,"Scss","Under Construction"
"47725",2005-03-01,"Mar 2005","All",940,"Scss","Under Construction"
"47725",2005-04-01,"Apr 2005","Single",367,"Scss","Under Construction"
"47725",2005-04-01,"Apr 2005","Semi-Detached",42,"Scss","Under Construction"
"47725",2005-04-01,"Apr 2005","Row",187,"Scss","Under Construction"
"47725",2005-04-01,"Apr 2005","Apartment",318,"Scss","Under Construction"
"47725",2005-04-01,"Apr 2005","All",914,"Scss","Under Construction"
"47725",2005-05-01,"May 2005","Single",416,"Scss","Under Construction"
"47725",2005-05-01,"May 2005","Semi-Detached",44,"Scss","Under Construction"
"47725",2005-05-01,"May 2005","Row",126,"Scss","Under Construction"
"47725",2005-05-01,"May 2005","Apartment",318,"Scss","Under Construction"
"47725",2005-05-01,"May 2005","All",904,"Scss","Under Construction"
"47725",2005-06-01,"Jun 2005","Single",412,"Scss","Under Construction"
"47725",2005-06-01,"Jun 2005","Semi-Detached",56,"Scss","Under Construction"
"47725",2005-06-01,"Jun 2005","Row",122,"Scss","Under Construction"
"47725",2005-06-01,"Jun 2005","Apartment",419,"Scss","Under Construction"
"47725",2005-06-01,"Jun 2005","All",1009,"Scss","Under Construction"
"47725",2005-07-01,"Jul 2005","Single",422,"Scss","Under Construction"
"47725",2005-07-01,"Jul 2005","Semi-Detached",66,"Scss","Under Construction"
"47725",2005-07-01,"Jul 2005","Row",106,"Scss","Under Construction"
"47725",2005-07-01,"Jul 2005","Apartment",419,"Scss","Under Construction"
"47725",2005-07-01,"Jul 2005","All",1013,"Scss","Under Construction"
"47725",2005-08-01,"Aug 2005","Single",421,"Scss","Under Construction"
"47725",2005-08-01,"Aug 2005","Semi-Detached",64,"Scss","Under Construction"
"47725",2005-08-01,"Aug 2005","Row",100,"Scss","Under Construction"
"47725",2005-08-01,"Aug 2005","Apartment",423,"Scss","Under Construction"
"47725",2005-08-01,"Aug 2005","All",1008,"Scss","Under Construction"
"47725",2005-09-01,"Sep 2005","Single",380,"Scss","Under Construction"
"47725",2005-09-01,"Sep 2005","Semi-Detached",68,"Scss","Under Construction"
"47725",2005-09-01,"Sep 2005","Row",100,"Scss","Under Construction"
"47725",2005-09-01,"Sep 2005","Apartment",288,"Scss","Under Construction"
"47725",2005-09-01,"Sep 2005","All",836,"Scss","Under Construction"
"47725",2005-10-01,"Oct 2005","Single",398,"Scss","Under Construction"
"47725",2005-10-01,"Oct 2005","Semi-Detached",76,"Scss","Under Construction"
"47725",2005-10-01,"Oct 2005","Row",58,"Scss","Under Construction"
"47725",2005-10-01,"Oct 2005","Apartment",282,"Scss","Under Construction"
"47725",2005-10-01,"Oct 2005","All",814,"Scss","Under Construction"
"47725",2005-11-01,"Nov 2005","Single",385,"Scss","Under Construction"
"47725",2005-11-01,"Nov 2005","Semi-Detached",60,"Scss","Under Construction"
"47725",2005-11-01,"Nov 2005","Row",34,"Scss","Under Construction"
"47725",2005-11-01,"Nov 2005","Apartment",272,"Scss","Under Construction"
"47725",2005-11-01,"Nov 2005","All",751,"Scss","Under Construction"
"47725",2005-12-01,"Dec 2005","Single",373,"Scss","Under Construction"
"47725",2005-12-01,"Dec 2005","Semi-Detached",68,"Scss","Under Construction"
"47725",2005-12-01,"Dec 2005","Row",8,"Scss","Under Construction"
"47725",2005-12-01,"Dec 2005","Apartment",209,"Scss","Under Construction"
"47725",2005-12-01,"Dec 2005","All",658,"Scss","Under Construction"
"47725",2006-01-01,"Jan 2006","Single",384,"Scss","Under Construction"
"47725",2006-01-01,"Jan 2006","Semi-Detached",64,"Scss","Under Construction"
"47725",2006-01-01,"Jan 2006","Row",13,"Scss","Under Construction"
"47725",2006-01-01,"Jan 2006","Apartment",238,"Scss","Under Construction"
"47725",2006-01-01,"Jan 2006","All",699,"Scss","Under Construction"
"47725",2006-02-01,"Feb 2006","Single",383,"Scss","Under Construction"
"47725",2006-02-01,"Feb 2006","Semi-Detached",58,"Scss","Under Construction"
"47725",2006-02-01,"Feb 2006","Row",13,"Scss","Under Construction"
"47725",2006-02-01,"Feb 2006","Apartment",212,"Scss","Under Construction"
"47725",2006-02-01,"Feb 2006","All",666,"Scss","Under Construction"
"47725",2006-03-01,"Mar 2006","Single",378,"Scss","Under Construction"
"47725",2006-03-01,"Mar 2006","Semi-Detached",56,"Scss","Under Construction"
"47725",2006-03-01,"Mar 2006","Row",13,"Scss","Under Construction"
"47725",2006-03-01,"Mar 2006","Apartment",245,"Scss","Under Construction"
"47725",2006-03-01,"Mar 2006","All",692,"Scss","Under Construction"
"47725",2006-04-01,"Apr 2006","Single",388,"Scss","Under Construction"
"47725",2006-04-01,"Apr 2006","Semi-Detached",58,"Scss","Under Construction"
"47725",2006-04-01,"Apr 2006","Row",13,"Scss","Under Construction"
"47725",2006-04-01,"Apr 2006","Apartment",316,"Scss","Under Construction"
"47725",2006-04-01,"Apr 2006","All",775,"Scss","Under Construction"
"47725",2006-05-01,"May 2006","Single",426,"Scss","Under Construction"
"47725",2006-05-01,"May 2006","Semi-Detached",56,"Scss","Under Construction"
"47725",2006-05-01,"May 2006","Row",19,"Scss","Under Construction"
"47725",2006-05-01,"May 2006","Apartment",316,"Scss","Under Construction"
"47725",2006-05-01,"May 2006","All",817,"Scss","Under Construction"
"47725",2006-06-01,"Jun 2006","Single",459,"Scss","Under Construction"
"47725",2006-06-01,"Jun 2006","Semi-Detached",30,"Scss","Under Construction"
"47725",2006-06-01,"Jun 2006","Row",31,"Scss","Under Construction"
"47725",2006-06-01,"Jun 2006","Apartment",383,"Scss","Under Construction"
"47725",2006-06-01,"Jun 2006","All",903,"Scss","Under Construction"
"47725",2006-07-01,"Jul 2006","Single",495,"Scss","Under Construction"
"47725",2006-07-01,"Jul 2006","Semi-Detached",30,"Scss","Under Construction"
"47725",2006-07-01,"Jul 2006","Row",38,"Scss","Under Construction"
"47725",2006-07-01,"Jul 2006","Apartment",446,"Scss","Under Construction"
"47725",2006-07-01,"Jul 2006","All",1009,"Scss","Under Construction"
"47725",2006-08-01,"Aug 2006","Single",468,"Scss","Under Construction"
"47725",2006-08-01,"Aug 2006","Semi-Detached",32,"Scss","Under Construction"
"47725",2006-08-01,"Aug 2006","Row",30,"Scss","Under Construction"
"47725",2006-08-01,"Aug 2006","Apartment",388,"Scss","Under Construction"
"47725",2006-08-01,"Aug 2006","All",918,"Scss","Under Construction"
"47725",2006-09-01,"Sep 2006","Single",490,"Scss","Under Construction"
"47725",2006-09-01,"Sep 2006","Semi-Detached",32,"Scss","Under Construction"
"47725",2006-09-01,"Sep 2006","Row",33,"Scss","Under Construction"
"47725",2006-09-01,"Sep 2006","Apartment",433,"Scss","Under Construction"
"47725",2006-09-01,"Sep 2006","All",988,"Scss","Under Construction"
"47725",2006-10-01,"Oct 2006","Single",545,"Scss","Under Construction"
"47725",2006-10-01,"Oct 2006","Semi-Detached",24,"Scss","Under Construction"
"47725",2006-10-01,"Oct 2006","Row",59,"Scss","Under Construction"
"47725",2006-10-01,"Oct 2006","Apartment",433,"Scss","Under Construction"
"47725",2006-10-01,"Oct 2006","All",1061,"Scss","Under Construction"
"47725",2006-11-01,"Nov 2006","Single",556,"Scss","Under Construction"
"47725",2006-11-01,"Nov 2006","Semi-Detached",32,"Scss","Under Construction"
"47725",2006-11-01,"Nov 2006","Row",93,"Scss","Under Construction"
"47725",2006-11-01,"Nov 2006","Apartment",380,"Scss","Under Construction"
"47725",2006-11-01,"Nov 2006","All",1061,"Scss","Under Construction"
"47725",2006-12-01,"Dec 2006","Single",573,"Scss","Under Construction"
"47725",2006-12-01,"Dec 2006","Semi-Detached",34,"Scss","Under Construction"
"47725",2006-12-01,"Dec 2006","Row",128,"Scss","Under Construction"
"47725",2006-12-01,"Dec 2006","Apartment",380,"Scss","Under Construction"
"47725",2006-12-01,"Dec 2006","All",1115,"Scss","Under Construction"
"47725",2007-01-01,"Jan 2007","Single",586,"Scss","Under Construction"
"47725",2007-01-01,"Jan 2007","Semi-Detached",36,"Scss","Under Construction"
"47725",2007-01-01,"Jan 2007","Row",145,"Scss","Under Construction"
"47725",2007-01-01,"Jan 2007","Apartment",431,"Scss","Under Construction"
"47725",2007-01-01,"Jan 2007","All",1198,"Scss","Under Construction"
"47725",2007-02-01,"Feb 2007","Single",573,"Scss","Under Construction"
"47725",2007-02-01,"Feb 2007","Semi-Detached",36,"Scss","Under Construction"
"47725",2007-02-01,"Feb 2007","Row",162,"Scss","Under Construction"
"47725",2007-02-01,"Feb 2007","Apartment",431,"Scss","Under Construction"
"47725",2007-02-01,"Feb 2007","All",1202,"Scss","Under Construction"
"47725",2007-03-01,"Mar 2007","Single",616,"Scss","Under Construction"
"47725",2007-03-01,"Mar 2007","Semi-Detached",36,"Scss","Under Construction"
"47725",2007-03-01,"Mar 2007","Row",162,"Scss","Under Construction"
"47725",2007-03-01,"Mar 2007","Apartment",431,"Scss","Under Construction"
"47725",2007-03-01,"Mar 2007","All",1245,"Scss","Under Construction"
"47725",2007-04-01,"Apr 2007","Single",716,"Scss","Under Construction"
"47725",2007-04-01,"Apr 2007","Semi-Detached",42,"Scss","Under Construction"
"47725",2007-04-01,"Apr 2007","Row",215,"Scss","Under Construction"
"47725",2007-04-01,"Apr 2007","Apartment",368,"Scss","Under Construction"
"47725",2007-04-01,"Apr 2007","All",1341,"Scss","Under Construction"
"47725",2007-05-01,"May 2007","Single",793,"Scss","Under Construction"
"47725",2007-05-01,"May 2007","Semi-Detached",50,"Scss","Under Construction"
"47725",2007-05-01,"May 2007","Row",268,"Scss","Under Construction"
"47725",2007-05-01,"May 2007","Apartment",368,"Scss","Under Construction"
"47725",2007-05-01,"May 2007","All",1479,"Scss","Under Construction"
"47725",2007-06-01,"Jun 2007","Single",897,"Scss","Under Construction"
"47725",2007-06-01,"Jun 2007","Semi-Detached",62,"Scss","Under Construction"
"47725",2007-06-01,"Jun 2007","Row",284,"Scss","Under Construction"
"47725",2007-06-01,"Jun 2007","Apartment",468,"Scss","Under Construction"
"47725",2007-06-01,"Jun 2007","All",1711,"Scss","Under Construction"
"47725",2007-07-01,"Jul 2007","Single",949,"Scss","Under Construction"
"47725",2007-07-01,"Jul 2007","Semi-Detached",78,"Scss","Under Construction"
"47725",2007-07-01,"Jul 2007","Row",341,"Scss","Under Construction"
"47725",2007-07-01,"Jul 2007","Apartment",475,"Scss","Under Construction"
"47725",2007-07-01,"Jul 2007","All",1843,"Scss","Under Construction"
"47725",2007-08-01,"Aug 2007","Single",992,"Scss","Under Construction"
"47725",2007-08-01,"Aug 2007","Semi-Detached",86,"Scss","Under Construction"
"47725",2007-08-01,"Aug 2007","Row",339,"Scss","Under Construction"
"47725",2007-08-01,"Aug 2007","Apartment",475,"Scss","Under Construction"
"47725",2007-08-01,"Aug 2007","All",1892,"Scss","Under Construction"
"47725",2007-09-01,"Sep 2007","Single",1010,"Scss","Under Construction"
"47725",2007-09-01,"Sep 2007","Semi-Detached",104,"Scss","Under Construction"
"47725",2007-09-01,"Sep 2007","Row",364,"Scss","Under Construction"
"47725",2007-09-01,"Sep 2007","Apartment",516,"Scss","Under Construction"
"47725",2007-09-01,"Sep 2007","All",1994,"Scss","Under Construction"
"47725",2007-10-01,"Oct 2007","Single",1002,"Scss","Under Construction"
"47725",2007-10-01,"Oct 2007","Semi-Detached",118,"Scss","Under Construction"
"47725",2007-10-01,"Oct 2007","Row",365,"Scss","Under Construction"
"47725",2007-10-01,"Oct 2007","Apartment",516,"Scss","Under Construction"
"47725",2007-10-01,"Oct 2007","All",2001,"Scss","Under Construction"
"47725",2007-11-01,"Nov 2007","Single",1027,"Scss","Under Construction"
"47725",2007-11-01,"Nov 2007","Semi-Detached",120,"Scss","Under Construction"
"47725",2007-11-01,"Nov 2007","Row",340,"Scss","Under Construction"
"47725",2007-11-01,"Nov 2007","Apartment",556,"Scss","Under Construction"
"47725",2007-11-01,"Nov 2007","All",2043,"Scss","Under Construction"
"47725",2007-12-01,"Dec 2007","Single",1029,"Scss","Under Construction"
"47725",2007-12-01,"Dec 2007","Semi-Detached",106,"Scss","Under Construction"
"47725",2007-12-01,"Dec 2007","Row",344,"Scss","Under Construction"
"47725",2007-12-01,"Dec 2007","Apartment",539,"Scss","Under Construction"
"47725",2007-12-01,"Dec 2007","All",2018,"Scss","Under Construction"
"47725",2008-01-01,"Jan 2008","Single",1009,"Scss","Under Construction"
"47725",2008-01-01,"Jan 2008","Semi-Detached",92,"Scss","Under Construction"
"47725",2008-01-01,"Jan 2008","Row",355,"Scss","Under Construction"
"47725",2008-01-01,"Jan 2008","Apartment",633,"Scss","Under Construction"
"47725",2008-01-01,"Jan 2008","All",2089,"Scss","Under Construction"
"47725",2008-02-01,"Feb 2008","Single",1025,"Scss","Under Construction"
"47725",2008-02-01,"Feb 2008","Semi-Detached",84,"Scss","Under Construction"
"47725",2008-02-01,"Feb 2008","Row",331,"Scss","Under Construction"
"47725",2008-02-01,"Feb 2008","Apartment",669,"Scss","Under Construction"
"47725",2008-02-01,"Feb 2008","All",2109,"Scss","Under Construction"
"47725",2008-03-01,"Mar 2008","Single",1047,"Scss","Under Construction"
"47725",2008-03-01,"Mar 2008","Semi-Detached",94,"Scss","Under Construction"
"47725",2008-03-01,"Mar 2008","Row",305,"Scss","Under Construction"
"47725",2008-03-01,"Mar 2008","Apartment",590,"Scss","Under Construction"
"47725",2008-03-01,"Mar 2008","All",2036,"Scss","Under Construction"
"47725",2008-04-01,"Apr 2008","Single",1135,"Scss","Under Construction"
"47725",2008-04-01,"Apr 2008","Semi-Detached",84,"Scss","Under Construction"
"47725",2008-04-01,"Apr 2008","Row",295,"Scss","Under Construction"
"47725",2008-04-01,"Apr 2008","Apartment",590,"Scss","Under Construction"
"47725",2008-04-01,"Apr 2008","All",2104,"Scss","Under Construction"
"47725",2008-05-01,"May 2008","Single",1252,"Scss","Under Construction"
"47725",2008-05-01,"May 2008","Semi-Detached",92,"Scss","Under Construction"
"47725",2008-05-01,"May 2008","Row",340,"Scss","Under Construction"
"47725",2008-05-01,"May 2008","Apartment",616,"Scss","Under Construction"
"47725",2008-05-01,"May 2008","All",2300,"Scss","Under Construction"
"47725",2008-06-01,"Jun 2008","Single",1299,"Scss","Under Construction"
"47725",2008-06-01,"Jun 2008","Semi-Detached",98,"Scss","Under Construction"
"47725",2008-06-01,"Jun 2008","Row",340,"Scss","Under Construction"
"47725",2008-06-01,"Jun 2008","Apartment",891,"Scss","Under Construction"
"47725",2008-06-01,"Jun 2008","All",2628,"Scss","Under Construction"
"47725",2008-07-01,"Jul 2008","Single",1248,"Scss","Under Construction"
"47725",2008-07-01,"Jul 2008","Semi-Detached",94,"Scss","Under Construction"
"47725",2008-07-01,"Jul 2008","Row",365,"Scss","Under Construction"
"47725",2008-07-01,"Jul 2008","Apartment",935,"Scss","Under Construction"
"47725",2008-07-01,"Jul 2008","All",2642,"Scss","Under Construction"
"47725",2008-08-01,"Aug 2008","Single",1145,"Scss","Under Construction"
"47725",2008-08-01,"Aug 2008","Semi-Detached",94,"Scss","Under Construction"
"47725",2008-08-01,"Aug 2008","Row",361,"Scss","Under Construction"
"47725",2008-08-01,"Aug 2008","Apartment",935,"Scss","Under Construction"
"47725",2008-08-01,"Aug 2008","All",2535,"Scss","Under Construction"
"47725",2008-09-01,"Sep 2008","Single",1019,"Scss","Under Construction"
"47725",2008-09-01,"Sep 2008","Semi-Detached",82,"Scss","Under Construction"
"47725",2008-09-01,"Sep 2008","Row",327,"Scss","Under Construction"
"47725",2008-09-01,"Sep 2008","Apartment",1029,"Scss","Under Construction"
"47725",2008-09-01,"Sep 2008","All",2457,"Scss","Under Construction"
"47725",2008-10-01,"Oct 2008","Single",916,"Scss","Under Construction"
"47725",2008-10-01,"Oct 2008","Semi-Detached",76,"Scss","Under Construction"
"47725",2008-10-01,"Oct 2008","Row",314,"Scss","Under Construction"
"47725",2008-10-01,"Oct 2008","Apartment",1029,"Scss","Under Construction"
"47725",2008-10-01,"Oct 2008","All",2335,"Scss","Under Construction"
"47725",2008-11-01,"Nov 2008","Single",851,"Scss","Under Construction"
"47725",2008-11-01,"Nov 2008","Semi-Detached",64,"Scss","Under Construction"
"47725",2008-11-01,"Nov 2008","Row",281,"Scss","Under Construction"
"47725",2008-11-01,"Nov 2008","Apartment",1029,"Scss","Under Construction"
"47725",2008-11-01,"Nov 2008","All",2225,"Scss","Under Construction"
"47725",2008-12-01,"Dec 2008","Single",768,"Scss","Under Construction"
"47725",2008-12-01,"Dec 2008","Semi-Detached",54,"Scss","Under Construction"
"47725",2008-12-01,"Dec 2008","Row",266,"Scss","Under Construction"
"47725",2008-12-01,"Dec 2008","Apartment",879,"Scss","Under Construction"
"47725",2008-12-01,"Dec 2008","All",1967,"Scss","Under Construction"
"47725",2009-01-01,"Jan 2009","Single",696,"Scss","Under Construction"
"47725",2009-01-01,"Jan 2009","Semi-Detached",50,"Scss","Under Construction"
"47725",2009-01-01,"Jan 2009","Row",237,"Scss","Under Construction"
"47725",2009-01-01,"Jan 2009","Apartment",842,"Scss","Under Construction"
"47725",2009-01-01,"Jan 2009","All",1825,"Scss","Under Construction"
"47725",2009-02-01,"Feb 2009","Single",653,"Scss","Under Construction"
"47725",2009-02-01,"Feb 2009","Semi-Detached",44,"Scss","Under Construction"
"47725",2009-02-01,"Feb 2009","Row",237,"Scss","Under Construction"
"47725",2009-02-01,"Feb 2009","Apartment",842,"Scss","Under Construction"
"47725",2009-02-01,"Feb 2009","All",1776,"Scss","Under Construction"
"47725",2009-03-01,"Mar 2009","Single",619,"Scss","Under Construction"
"47725",2009-03-01,"Mar 2009","Semi-Detached",42,"Scss","Under Construction"
"47725",2009-03-01,"Mar 2009","Row",237,"Scss","Under Construction"
"47725",2009-03-01,"Mar 2009","Apartment",842,"Scss","Under Construction"
"47725",2009-03-01,"Mar 2009","All",1740,"Scss","Under Construction"
"47725",2009-04-01,"Apr 2009","Single",551,"Scss","Under Construction"
"47725",2009-04-01,"Apr 2009","Semi-Detached",38,"Scss","Under Construction"
"47725",2009-04-01,"Apr 2009","Row",226,"Scss","Under Construction"
"47725",2009-04-01,"Apr 2009","Apartment",842,"Scss","Under Construction"
"47725",2009-04-01,"Apr 2009","All",1657,"Scss","Under Construction"
"47725",2009-05-01,"May 2009","Single",545,"Scss","Under Construction"
"47725",2009-05-01,"May 2009","Semi-Detached",34,"Scss","Under Construction"
"47725",2009-05-01,"May 2009","Row",158,"Scss","Under Construction"
"47725",2009-05-01,"May 2009","Apartment",776,"Scss","Under Construction"
"47725",2009-05-01,"May 2009","All",1513,"Scss","Under Construction"
"47725",2009-06-01,"Jun 2009","Single",577,"Scss","Under Construction"
"47725",2009-06-01,"Jun 2009","Semi-Detached",40,"Scss","Under Construction"
"47725",2009-06-01,"Jun 2009","Row",125,"Scss","Under Construction"
"47725",2009-06-01,"Jun 2009","Apartment",671,"Scss","Under Construction"
"47725",2009-06-01,"Jun 2009","All",1413,"Scss","Under Construction"
"47725",2009-07-01,"Jul 2009","Single",623,"Scss","Under Construction"
"47725",2009-07-01,"Jul 2009","Semi-Detached",36,"Scss","Under Construction"
"47725",2009-07-01,"Jul 2009","Row",76,"Scss","Under Construction"
"47725",2009-07-01,"Jul 2009","Apartment",671,"Scss","Under Construction"
"47725",2009-07-01,"Jul 2009","All",1406,"Scss","Under Construction"
"47725",2009-08-01,"Aug 2009","Single",670,"Scss","Under Construction"
"47725",2009-08-01,"Aug 2009","Semi-Detached",32,"Scss","Under Construction"
"47725",2009-08-01,"Aug 2009","Row",73,"Scss","Under Construction"
"47725",2009-08-01,"Aug 2009","Apartment",600,"Scss","Under Construction"
"47725",2009-08-01,"Aug 2009","All",1375,"Scss","Under Construction"
"47725",2009-09-01,"Sep 2009","Single",724,"Scss","Under Construction"
"47725",2009-09-01,"Sep 2009","Semi-Detached",32,"Scss","Under Construction"
"47725",2009-09-01,"Sep 2009","Row",65,"Scss","Under Construction"
"47725",2009-09-01,"Sep 2009","Apartment",608,"Scss","Under Construction"
"47725",2009-09-01,"Sep 2009","All",1429,"Scss","Under Construction"
"47725",2009-10-01,"Oct 2009","Single",781,"Scss","Under Construction"
"47725",2009-10-01,"Oct 2009","Semi-Detached",44,"Scss","Under Construction"
"47725",2009-10-01,"Oct 2009","Row",61,"Scss","Under Construction"
"47725",2009-10-01,"Oct 2009","Apartment",428,"Scss","Under Construction"
"47725",2009-10-01,"Oct 2009","All",1314,"Scss","Under Construction"
"47725",2009-11-01,"Nov 2009","Single",884,"Scss","Under Construction"
"47725",2009-11-01,"Nov 2009","Semi-Detached",46,"Scss","Under Construction"
"47725",2009-11-01,"Nov 2009","Row",128,"Scss","Under Construction"
"47725",2009-11-01,"Nov 2009","Apartment",522,"Scss","Under Construction"
"47725",2009-11-01,"Nov 2009","All",1580,"Scss","Under Construction"
"47725",2009-12-01,"Dec 2009","Single",799,"Scss","Under Construction"
"47725",2009-12-01,"Dec 2009","Semi-Detached",42,"Scss","Under Construction"
"47725",2009-12-01,"Dec 2009","Row",152,"Scss","Under Construction"
"47725",2009-12-01,"Dec 2009","Apartment",522,"Scss","Under Construction"
"47725",2009-12-01,"Dec 2009","All",1515,"Scss","Under Construction"
"47725",2010-01-01,"Jan 2010","Single",855,"Scss","Under Construction"
"47725",2010-01-01,"Jan 2010","Semi-Detached",40,"Scss","Under Construction"
"47725",2010-01-01,"Jan 2010","Row",152,"Scss","Under Construction"
"47725",2010-01-01,"Jan 2010","Apartment",563,"Scss","Under Construction"
"47725",2010-01-01,"Jan 2010","All",1610,"Scss","Under Construction"
"47725",2010-02-01,"Feb 2010","Single",830,"Scss","Under Construction"
"47725",2010-02-01,"Feb 2010","Semi-Detached",36,"Scss","Under Construction"
"47725",2010-02-01,"Feb 2010","Row",152,"Scss","Under Construction"
"47725",2010-02-01,"Feb 2010","Apartment",497,"Scss","Under Construction"
"47725",2010-02-01,"Feb 2010","All",1515,"Scss","Under Construction"
"47725",2010-03-01,"Mar 2010","Single",791,"Scss","Under Construction"
"47725",2010-03-01,"Mar 2010","Semi-Detached",34,"Scss","Under Construction"
"47725",2010-03-01,"Mar 2010","Row",152,"Scss","Under Construction"
"47725",2010-03-01,"Mar 2010","Apartment",497,"Scss","Under Construction"
"47725",2010-03-01,"Mar 2010","All",1474,"Scss","Under Construction"
"47725",2010-04-01,"Apr 2010","Single",839,"Scss","Under Construction"
"47725",2010-04-01,"Apr 2010","Semi-Detached",36,"Scss","Under Construction"
"47725",2010-04-01,"Apr 2010","Row",140,"Scss","Under Construction"
"47725",2010-04-01,"Apr 2010","Apartment",497,"Scss","Under Construction"
"47725",2010-04-01,"Apr 2010","All",1512,"Scss","Under Construction"
"47725",2010-05-01,"May 2010","Single",936,"Scss","Under Construction"
"47725",2010-05-01,"May 2010","Semi-Detached",34,"Scss","Under Construction"
"47725",2010-05-01,"May 2010","Row",146,"Scss","Under Construction"
"47725",2010-05-01,"May 2010","Apartment",497,"Scss","Under Construction"
"47725",2010-05-01,"May 2010","All",1613,"Scss","Under Construction"
"47725",2010-06-01,"Jun 2010","Single",971,"Scss","Under Construction"
"47725",2010-06-01,"Jun 2010","Semi-Detached",38,"Scss","Under Construction"
"47725",2010-06-01,"Jun 2010","Row",198,"Scss","Under Construction"
"47725",2010-06-01,"Jun 2010","Apartment",396,"Scss","Under Construction"
"47725",2010-06-01,"Jun 2010","All",1603,"Scss","Under Construction"
"47725",2010-07-01,"Jul 2010","Single",1014,"Scss","Under Construction"
"47725",2010-07-01,"Jul 2010","Semi-Detached",50,"Scss","Under Construction"
"47725",2010-07-01,"Jul 2010","Row",173,"Scss","Under Construction"
"47725",2010-07-01,"Jul 2010","Apartment",372,"Scss","Under Construction"
"47725",2010-07-01,"Jul 2010","All",1609,"Scss","Under Construction"
"47725",2010-08-01,"Aug 2010","Single",1064,"Scss","Under Construction"
"47725",2010-08-01,"Aug 2010","Semi-Detached",46,"Scss","Under Construction"
"47725",2010-08-01,"Aug 2010","Row",189,"Scss","Under Construction"
"47725",2010-08-01,"Aug 2010","Apartment",480,"Scss","Under Construction"
"47725",2010-08-01,"Aug 2010","All",1779,"Scss","Under Construction"
"47725",2010-09-01,"Sep 2010","Single",1125,"Scss","Under Construction"
"47725",2010-09-01,"Sep 2010","Semi-Detached",50,"Scss","Under Construction"
"47725",2010-09-01,"Sep 2010","Row",216,"Scss","Under Construction"
"47725",2010-09-01,"Sep 2010","Apartment",418,"Scss","Under Construction"
"47725",2010-09-01,"Sep 2010","All",1809,"Scss","Under Construction"
"47725",2010-10-01,"Oct 2010","Single",1093,"Scss","Under Construction"
"47725",2010-10-01,"Oct 2010","Semi-Detached",50,"Scss","Under Construction"
"47725",2010-10-01,"Oct 2010","Row",260,"Scss","Under Construction"
"47725",2010-10-01,"Oct 2010","Apartment",418,"Scss","Under Construction"
"47725",2010-10-01,"Oct 2010","All",1821,"Scss","Under Construction"
"47725",2010-11-01,"Nov 2010","Single",1015,"Scss","Under Construction"
"47725",2010-11-01,"Nov 2010","Semi-Detached",58,"Scss","Under Construction"
"47725",2010-11-01,"Nov 2010","Row",252,"Scss","Under Construction"
"47725",2010-11-01,"Nov 2010","Apartment",560,"Scss","Under Construction"
"47725",2010-11-01,"Nov 2010","All",1885,"Scss","Under Construction"
"47725",2010-12-01,"Dec 2010","Single",967,"Scss","Under Construction"
"47725",2010-12-01,"Dec 2010","Semi-Detached",62,"Scss","Under Construction"
"47725",2010-12-01,"Dec 2010","Row",224,"Scss","Under Construction"
"47725",2010-12-01,"Dec 2010","Apartment",550,"Scss","Under Construction"
"47725",2010-12-01,"Dec 2010","All",1803,"Scss","Under Construction"
"47725",2011-01-01,"Jan 2011","Single",893,"Scss","Under Construction"
"47725",2011-01-01,"Jan 2011","Semi-Detached",70,"Scss","Under Construction"
"47725",2011-01-01,"Jan 2011","Row",220,"Scss","Under Construction"
"47725",2011-01-01,"Jan 2011","Apartment",509,"Scss","Under Construction"
"47725",2011-01-01,"Jan 2011","All",1692,"Scss","Under Construction"
"47725",2011-02-01,"Feb 2011","Single",805,"Scss","Under Construction"
"47725",2011-02-01,"Feb 2011","Semi-Detached",76,"Scss","Under Construction"
"47725",2011-02-01,"Feb 2011","Row",252,"Scss","Under Construction"
"47725",2011-02-01,"Feb 2011","Apartment",658,"Scss","Under Construction"
"47725",2011-02-01,"Feb 2011","All",1791,"Scss","Under Construction"
"47725",2011-03-01,"Mar 2011","Single",836,"Scss","Under Construction"
"47725",2011-03-01,"Mar 2011","Semi-Detached",68,"Scss","Under Construction"
"47725",2011-03-01,"Mar 2011","Row",247,"Scss","Under Construction"
"47725",2011-03-01,"Mar 2011","Apartment",708,"Scss","Under Construction"
"47725",2011-03-01,"Mar 2011","All",1859,"Scss","Under Construction"
"47725",2011-04-01,"Apr 2011","Single",883,"Scss","Under Construction"
"47725",2011-04-01,"Apr 2011","Semi-Detached",62,"Scss","Under Construction"
"47725",2011-04-01,"Apr 2011","Row",313,"Scss","Under Construction"
"47725",2011-04-01,"Apr 2011","Apartment",732,"Scss","Under Construction"
"47725",2011-04-01,"Apr 2011","All",1990,"Scss","Under Construction"
"47725",2011-05-01,"May 2011","Single",910,"Scss","Under Construction"
"47725",2011-05-01,"May 2011","Semi-Detached",68,"Scss","Under Construction"
"47725",2011-05-01,"May 2011","Row",359,"Scss","Under Construction"
"47725",2011-05-01,"May 2011","Apartment",732,"Scss","Under Construction"
"47725",2011-05-01,"May 2011","All",2069,"Scss","Under Construction"
"47725",2011-06-01,"Jun 2011","Single",946,"Scss","Under Construction"
"47725",2011-06-01,"Jun 2011","Semi-Detached",64,"Scss","Under Construction"
"47725",2011-06-01,"Jun 2011","Row",337,"Scss","Under Construction"
"47725",2011-06-01,"Jun 2011","Apartment",767,"Scss","Under Construction"
"47725",2011-06-01,"Jun 2011","All",2114,"Scss","Under Construction"
"47725",2011-07-01,"Jul 2011","Single",900,"Scss","Under Construction"
"47725",2011-07-01,"Jul 2011","Semi-Detached",64,"Scss","Under Construction"
"47725",2011-07-01,"Jul 2011","Row",348,"Scss","Under Construction"
"47725",2011-07-01,"Jul 2011","Apartment",744,"Scss","Under Construction"
"47725",2011-07-01,"Jul 2011","All",2056,"Scss","Under Construction"
"47725",2011-08-01,"Aug 2011","Single",1050,"Scss","Under Construction"
"47725",2011-08-01,"Aug 2011","Semi-Detached",68,"Scss","Under Construction"
"47725",2011-08-01,"Aug 2011","Row",368,"Scss","Under Construction"
"47725",2011-08-01,"Aug 2011","Apartment",685,"Scss","Under Construction"
"47725",2011-08-01,"Aug 2011","All",2171,"Scss","Under Construction"
"47725",2011-09-01,"Sep 2011","Single",1051,"Scss","Under Construction"
"47725",2011-09-01,"Sep 2011","Semi-Detached",66,"Scss","Under Construction"
"47725",2011-09-01,"Sep 2011","Row",370,"Scss","Under Construction"
"47725",2011-09-01,"Sep 2011","Apartment",705,"Scss","Under Construction"
"47725",2011-09-01,"Sep 2011","All",2192,"Scss","Under Construction"
"47725",2011-10-01,"Oct 2011","Single",1020,"Scss","Under Construction"
"47725",2011-10-01,"Oct 2011","Semi-Detached",60,"Scss","Under Construction"
"47725",2011-10-01,"Oct 2011","Row",336,"Scss","Under Construction"
"47725",2011-10-01,"Oct 2011","Apartment",761,"Scss","Under Construction"
"47725",2011-10-01,"Oct 2011","All",2177,"Scss","Under Construction"
"47725",2011-11-01,"Nov 2011","Single",1018,"Scss","Under Construction"
"47725",2011-11-01,"Nov 2011","Semi-Detached",62,"Scss","Under Construction"
"47725",2011-11-01,"Nov 2011","Row",378,"Scss","Under Construction"
"47725",2011-11-01,"Nov 2011","Apartment",896,"Scss","Under Construction"
"47725",2011-11-01,"Nov 2011","All",2354,"Scss","Under Construction"
"47725",2011-12-01,"Dec 2011","Single",922,"Scss","Under Construction"
"47725",2011-12-01,"Dec 2011","Semi-Detached",66,"Scss","Under Construction"
"47725",2011-12-01,"Dec 2011","Row",393,"Scss","Under Construction"
"47725",2011-12-01,"Dec 2011","Apartment",896,"Scss","Under Construction"
"47725",2011-12-01,"Dec 2011","All",2277,"Scss","Under Construction"
"47725",2012-01-01,"Jan 2012","Single",984,"Scss","Under Construction"
"47725",2012-01-01,"Jan 2012","Semi-Detached",72,"Scss","Under Construction"
"47725",2012-01-01,"Jan 2012","Row",375,"Scss","Under Construction"
"47725",2012-01-01,"Jan 2012","Apartment",965,"Scss","Under Construction"
"47725",2012-01-01,"Jan 2012","All",2396,"Scss","Under Construction"
"47725",2012-02-01,"Feb 2012","Single",889,"Scss","Under Construction"
"47725",2012-02-01,"Feb 2012","Semi-Detached",74,"Scss","Under Construction"
"47725",2012-02-01,"Feb 2012","Row",387,"Scss","Under Construction"
"47725",2012-02-01,"Feb 2012","Apartment",1110,"Scss","Under Construction"
"47725",2012-02-01,"Feb 2012","All",2460,"Scss","Under Construction"
"47725",2012-03-01,"Mar 2012","Single",927,"Scss","Under Construction"
"47725",2012-03-01,"Mar 2012","Semi-Detached",70,"Scss","Under Construction"
"47725",2012-03-01,"Mar 2012","Row",286,"Scss","Under Construction"
"47725",2012-03-01,"Mar 2012","Apartment",922,"Scss","Under Construction"
"47725",2012-03-01,"Mar 2012","All",2205,"Scss","Under Construction"
"47725",2012-04-01,"Apr 2012","Single",992,"Scss","Under Construction"
"47725",2012-04-01,"Apr 2012","Semi-Detached",74,"Scss","Under Construction"
"47725",2012-04-01,"Apr 2012","Row",282,"Scss","Under Construction"
"47725",2012-04-01,"Apr 2012","Apartment",891,"Scss","Under Construction"
"47725",2012-04-01,"Apr 2012","All",2239,"Scss","Under Construction"
"47725",2012-05-01,"May 2012","Single",988,"Scss","Under Construction"
"47725",2012-05-01,"May 2012","Semi-Detached",90,"Scss","Under Construction"
"47725",2012-05-01,"May 2012","Row",275,"Scss","Under Construction"
"47725",2012-05-01,"May 2012","Apartment",939,"Scss","Under Construction"
"47725",2012-05-01,"May 2012","All",2292,"Scss","Under Construction"
"47725",2012-06-01,"Jun 2012","Single",1121,"Scss","Under Construction"
"47725",2012-06-01,"Jun 2012","Semi-Detached",102,"Scss","Under Construction"
"47725",2012-06-01,"Jun 2012","Row",273,"Scss","Under Construction"
"47725",2012-06-01,"Jun 2012","Apartment",732,"Scss","Under Construction"
"47725",2012-06-01,"Jun 2012","All",2228,"Scss","Under Construction"
"47725",2012-07-01,"Jul 2012","Single",1136,"Scss","Under Construction"
"47725",2012-07-01,"Jul 2012","Semi-Detached",108,"Scss","Under Construction"
"47725",2012-07-01,"Jul 2012","Row",255,"Scss","Under Construction"
"47725",2012-07-01,"Jul 2012","Apartment",794,"Scss","Under Construction"
"47725",2012-07-01,"Jul 2012","All",2293,"Scss","Under Construction"
"47725",2012-08-01,"Aug 2012","Single",1203,"Scss","Under Construction"
"47725",2012-08-01,"Aug 2012","Semi-Detached",110,"Scss","Under Construction"
"47725",2012-08-01,"Aug 2012","Row",257,"Scss","Under Construction"
"47725",2012-08-01,"Aug 2012","Apartment",830,"Scss","Under Construction"
"47725",2012-08-01,"Aug 2012","All",2400,"Scss","Under Construction"
"47725",2012-09-01,"Sep 2012","Single",1313,"Scss","Under Construction"
"47725",2012-09-01,"Sep 2012","Semi-Detached",140,"Scss","Under Construction"
"47725",2012-09-01,"Sep 2012","Row",282,"Scss","Under Construction"
"47725",2012-09-01,"Sep 2012","Apartment",842,"Scss","Under Construction"
"47725",2012-09-01,"Sep 2012","All",2577,"Scss","Under Construction"
"47725",2012-10-01,"Oct 2012","Single",1317,"Scss","Under Construction"
"47725",2012-10-01,"Oct 2012","Semi-Detached",142,"Scss","Under Construction"
"47725",2012-10-01,"Oct 2012","Row",308,"Scss","Under Construction"
"47725",2012-10-01,"Oct 2012","Apartment",973,"Scss","Under Construction"
"47725",2012-10-01,"Oct 2012","All",2740,"Scss","Under Construction"
"47725",2012-11-01,"Nov 2012","Single",1348,"Scss","Under Construction"
"47725",2012-11-01,"Nov 2012","Semi-Detached",144,"Scss","Under Construction"
"47725",2012-11-01,"Nov 2012","Row",295,"Scss","Under Construction"
"47725",2012-11-01,"Nov 2012","Apartment",1210,"Scss","Under Construction"
"47725",2012-11-01,"Nov 2012","All",2997,"Scss","Under Construction"
"47725",2012-12-01,"Dec 2012","Single",1248,"Scss","Under Construction"
"47725",2012-12-01,"Dec 2012","Semi-Detached",136,"Scss","Under Construction"
"47725",2012-12-01,"Dec 2012","Row",272,"Scss","Under Construction"
"47725",2012-12-01,"Dec 2012","Apartment",1283,"Scss","Under Construction"
"47725",2012-12-01,"Dec 2012","All",2939,"Scss","Under Construction"
"47725",2013-01-01,"Jan 2013","Single",1214,"Scss","Under Construction"
"47725",2013-01-01,"Jan 2013","Semi-Detached",132,"Scss","Under Construction"
"47725",2013-01-01,"Jan 2013","Row",263,"Scss","Under Construction"
"47725",2013-01-01,"Jan 2013","Apartment",1251,"Scss","Under Construction"
"47725",2013-01-01,"Jan 2013","All",2860,"Scss","Under Construction"
"47725",2013-02-01,"Feb 2013","Single",1111,"Scss","Under Construction"
"47725",2013-02-01,"Feb 2013","Semi-Detached",126,"Scss","Under Construction"
"47725",2013-02-01,"Feb 2013","Row",247,"Scss","Under Construction"
"47725",2013-02-01,"Feb 2013","Apartment",1195,"Scss","Under Construction"
"47725",2013-02-01,"Feb 2013","All",2679,"Scss","Under Construction"
"47725",2013-03-01,"Mar 2013","Single",1056,"Scss","Under Construction"
"47725",2013-03-01,"Mar 2013","Semi-Detached",122,"Scss","Under Construction"
"47725",2013-03-01,"Mar 2013","Row",238,"Scss","Under Construction"
"47725",2013-03-01,"Mar 2013","Apartment",1248,"Scss","Under Construction"
"47725",2013-03-01,"Mar 2013","All",2664,"Scss","Under Construction"
"47725",2013-04-01,"Apr 2013","Single",1009,"Scss","Under Construction"
"47725",2013-04-01,"Apr 2013","Semi-Detached",114,"Scss","Under Construction"
"47725",2013-04-01,"Apr 2013","Row",229,"Scss","Under Construction"
"47725",2013-04-01,"Apr 2013","Apartment",1248,"Scss","Under Construction"
"47725",2013-04-01,"Apr 2013","All",2600,"Scss","Under Construction"
"47725",2013-05-01,"May 2013","Single",1018,"Scss","Under Construction"
"47725",2013-05-01,"May 2013","Semi-Detached",108,"Scss","Under Construction"
"47725",2013-05-01,"May 2013","Row",254,"Scss","Under Construction"
"47725",2013-05-01,"May 2013","Apartment",1053,"Scss","Under Construction"
"47725",2013-05-01,"May 2013","All",2433,"Scss","Under Construction"
"47725",2013-06-01,"Jun 2013","Single",1043,"Scss","Under Construction"
"47725",2013-06-01,"Jun 2013","Semi-Detached",104,"Scss","Under Construction"
"47725",2013-06-01,"Jun 2013","Row",268,"Scss","Under Construction"
"47725",2013-06-01,"Jun 2013","Apartment",1073,"Scss","Under Construction"
"47725",2013-06-01,"Jun 2013","All",2488,"Scss","Under Construction"
"47725",2013-07-01,"Jul 2013","Single",1107,"Scss","Under Construction"
"47725",2013-07-01,"Jul 2013","Semi-Detached",126,"Scss","Under Construction"
"47725",2013-07-01,"Jul 2013","Row",297,"Scss","Under Construction"
"47725",2013-07-01,"Jul 2013","Apartment",924,"Scss","Under Construction"
"47725",2013-07-01,"Jul 2013","All",2454,"Scss","Under Construction"
"47725",2013-08-01,"Aug 2013","Single",1110,"Scss","Under Construction"
"47725",2013-08-01,"Aug 2013","Semi-Detached",142,"Scss","Under Construction"
"47725",2013-08-01,"Aug 2013","Row",344,"Scss","Under Construction"
"47725",2013-08-01,"Aug 2013","Apartment",899,"Scss","Under Construction"
"47725",2013-08-01,"Aug 2013","All",2495,"Scss","Under Construction"
"47725",2013-09-01,"Sep 2013","Single",1159,"Scss","Under Construction"
"47725",2013-09-01,"Sep 2013","Semi-Detached",190,"Scss","Under Construction"
"47725",2013-09-01,"Sep 2013","Row",402,"Scss","Under Construction"
"47725",2013-09-01,"Sep 2013","Apartment",1035,"Scss","Under Construction"
"47725",2013-09-01,"Sep 2013","All",2786,"Scss","Under Construction"
"47725",2013-10-01,"Oct 2013","Single",1166,"Scss","Under Construction"
"47725",2013-10-01,"Oct 2013","Semi-Detached",208,"Scss","Under Construction"
"47725",2013-10-01,"Oct 2013","Row",385,"Scss","Under Construction"
"47725",2013-10-01,"Oct 2013","Apartment",973,"Scss","Under Construction"
"47725",2013-10-01,"Oct 2013","All",2732,"Scss","Under Construction"
"47725",2013-11-01,"Nov 2013","Single",1139,"Scss","Under Construction"
"47725",2013-11-01,"Nov 2013","Semi-Detached",216,"Scss","Under Construction"
"47725",2013-11-01,"Nov 2013","Row",385,"Scss","Under Construction"
"47725",2013-11-01,"Nov 2013","Apartment",969,"Scss","Under Construction"
"47725",2013-11-01,"Nov 2013","All",2709,"Scss","Under Construction"
"47725",2013-12-01,"Dec 2013","Single",1085,"Scss","Under Construction"
"47725",2013-12-01,"Dec 2013","Semi-Detached",222,"Scss","Under Construction"
"47725",2013-12-01,"Dec 2013","Row",363,"Scss","Under Construction"
"47725",2013-12-01,"Dec 2013","Apartment",1045,"Scss","Under Construction"
"47725",2013-12-01,"Dec 2013","All",2715,"Scss","Under Construction"
"47725",2014-01-01,"Jan 2014","Single",953,"Scss","Under Construction"
"47725",2014-01-01,"Jan 2014","Semi-Detached",220,"Scss","Under Construction"
"47725",2014-01-01,"Jan 2014","Row",361,"Scss","Under Construction"
"47725",2014-01-01,"Jan 2014","Apartment",1247,"Scss","Under Construction"
"47725",2014-01-01,"Jan 2014","All",2781,"Scss","Under Construction"
"47725",2014-02-01,"Feb 2014","Single",933,"Scss","Under Construction"
"47725",2014-02-01,"Feb 2014","Semi-Detached",214,"Scss","Under Construction"
"47725",2014-02-01,"Feb 2014","Row",377,"Scss","Under Construction"
"47725",2014-02-01,"Feb 2014","Apartment",1292,"Scss","Under Construction"
"47725",2014-02-01,"Feb 2014","All",2816,"Scss","Under Construction"
"47725",2014-03-01,"Mar 2014","Single",857,"Scss","Under Construction"
"47725",2014-03-01,"Mar 2014","Semi-Detached",202,"Scss","Under Construction"
"47725",2014-03-01,"Mar 2014","Row",369,"Scss","Under Construction"
"47725",2014-03-01,"Mar 2014","Apartment",1192,"Scss","Under Construction"
"47725",2014-03-01,"Mar 2014","All",2620,"Scss","Under Construction"
"47725",2014-04-01,"Apr 2014","Single",931,"Scss","Under Construction"
"47725",2014-04-01,"Apr 2014","Semi-Detached",200,"Scss","Under Construction"
"47725",2014-04-01,"Apr 2014","Row",344,"Scss","Under Construction"
"47725",2014-04-01,"Apr 2014","Apartment",1490,"Scss","Under Construction"
"47725",2014-04-01,"Apr 2014","All",2965,"Scss","Under Construction"
"47725",2014-05-01,"May 2014","Single",967,"Scss","Under Construction"
"47725",2014-05-01,"May 2014","Semi-Detached",180,"Scss","Under Construction"
"47725",2014-05-01,"May 2014","Row",366,"Scss","Under Construction"
"47725",2014-05-01,"May 2014","Apartment",1467,"Scss","Under Construction"
"47725",2014-05-01,"May 2014","All",2980,"Scss","Under Construction"
"47725",2014-06-01,"Jun 2014","Single",1028,"Scss","Under Construction"
"47725",2014-06-01,"Jun 2014","Semi-Detached",154,"Scss","Under Construction"
"47725",2014-06-01,"Jun 2014","Row",379,"Scss","Under Construction"
"47725",2014-06-01,"Jun 2014","Apartment",1532,"Scss","Under Construction"
"47725",2014-06-01,"Jun 2014","All",3093,"Scss","Under Construction"
"47725",2014-07-01,"Jul 2014","Single",1057,"Scss","Under Construction"
"47725",2014-07-01,"Jul 2014","Semi-Detached",168,"Scss","Under Construction"
"47725",2014-07-01,"Jul 2014","Row",396,"Scss","Under Construction"
"47725",2014-07-01,"Jul 2014","Apartment",1491,"Scss","Under Construction"
"47725",2014-07-01,"Jul 2014","All",3112,"Scss","Under Construction"
"47725",2014-08-01,"Aug 2014","Single",1138,"Scss","Under Construction"
"47725",2014-08-01,"Aug 2014","Semi-Detached",172,"Scss","Under Construction"
"47725",2014-08-01,"Aug 2014","Row",401,"Scss","Under Construction"
"47725",2014-08-01,"Aug 2014","Apartment",1593,"Scss","Under Construction"
"47725",2014-08-01,"Aug 2014","All",3304,"Scss","Under Construction"
"47725",2014-09-01,"Sep 2014","Single",1164,"Scss","Under Construction"
"47725",2014-09-01,"Sep 2014","Semi-Detached",170,"Scss","Under Construction"
"47725",2014-09-01,"Sep 2014","Row",384,"Scss","Under Construction"
"47725",2014-09-01,"Sep 2014","Apartment",1591,"Scss","Under Construction"
"47725",2014-09-01,"Sep 2014","All",3309,"Scss","Under Construction"
"47725",2014-10-01,"Oct 2014","Single",1150,"Scss","Under Construction"
"47725",2014-10-01,"Oct 2014","Semi-Detached",174,"Scss","Under Construction"
"47725",2014-10-01,"Oct 2014","Row",421,"Scss","Under Construction"
"47725",2014-10-01,"Oct 2014","Apartment",1574,"Scss","Under Construction"
"47725",2014-10-01,"Oct 2014","All",3319,"Scss","Under Construction"
"47725",2014-11-01,"Nov 2014","Single",1103,"Scss","Under Construction"
"47725",2014-11-01,"Nov 2014","Semi-Detached",162,"Scss","Under Construction"
"47725",2014-11-01,"Nov 2014","Row",416,"Scss","Under Construction"
"47725",2014-11-01,"Nov 2014","Apartment",1674,"Scss","Under Construction"
"47725",2014-11-01,"Nov 2014","All",3355,"Scss","Under Construction"
"47725",2014-12-01,"Dec 2014","Single",1004,"Scss","Under Construction"
"47725",2014-12-01,"Dec 2014","Semi-Detached",166,"Scss","Under Construction"
"47725",2014-12-01,"Dec 2014","Row",460,"Scss","Under Construction"
"47725",2014-12-01,"Dec 2014","Apartment",1697,"Scss","Under Construction"
"47725",2014-12-01,"Dec 2014","All",3327,"Scss","Under Construction"
"47725",2015-01-01,"Jan 2015","Single",933,"Scss","Under Construction"
"47725",2015-01-01,"Jan 2015","Semi-Detached",166,"Scss","Under Construction"
"47725",2015-01-01,"Jan 2015","Row",404,"Scss","Under Construction"
"47725",2015-01-01,"Jan 2015","Apartment",1753,"Scss","Under Construction"
"47725",2015-01-01,"Jan 2015","All",3256,"Scss","Under Construction"
"47725",2015-02-01,"Feb 2015","Single",828,"Scss","Under Construction"
"47725",2015-02-01,"Feb 2015","Semi-Detached",148,"Scss","Under Construction"
"47725",2015-02-01,"Feb 2015","Row",406,"Scss","Under Construction"
"47725",2015-02-01,"Feb 2015","Apartment",1883,"Scss","Under Construction"
"47725",2015-02-01,"Feb 2015","All",3265,"Scss","Under Construction"
"47725",2015-03-01,"Mar 2015","Single",776,"Scss","Under Construction"
"47725",2015-03-01,"Mar 2015","Semi-Detached",142,"Scss","Under Construction"
"47725",2015-03-01,"Mar 2015","Row",336,"Scss","Under Construction"
"47725",2015-03-01,"Mar 2015","Apartment",1929,"Scss","Under Construction"
"47725",2015-03-01,"Mar 2015","All",3183,"Scss","Under Construction"
"47725",2015-04-01,"Apr 2015","Single",732,"Scss","Under Construction"
"47725",2015-04-01,"Apr 2015","Semi-Detached",126,"Scss","Under Construction"
"47725",2015-04-01,"Apr 2015","Row",335,"Scss","Under Construction"
"47725",2015-04-01,"Apr 2015","Apartment",1849,"Scss","Under Construction"
"47725",2015-04-01,"Apr 2015","All",3042,"Scss","Under Construction"
"47725",2015-05-01,"May 2015","Single",720,"Scss","Under Construction"
"47725",2015-05-01,"May 2015","Semi-Detached",118,"Scss","Under Construction"
"47725",2015-05-01,"May 2015","Row",432,"Scss","Under Construction"
"47725",2015-05-01,"May 2015","Apartment",1631,"Scss","Under Construction"
"47725",2015-05-01,"May 2015","All",2901,"Scss","Under Construction"
"47725",2015-06-01,"Jun 2015","Single",744,"Scss","Under Construction"
"47725",2015-06-01,"Jun 2015","Semi-Detached",118,"Scss","Under Construction"
"47725",2015-06-01,"Jun 2015","Row",415,"Scss","Under Construction"
"47725",2015-06-01,"Jun 2015","Apartment",1709,"Scss","Under Construction"
"47725",2015-06-01,"Jun 2015","All",2986,"Scss","Under Construction"
"47725",2015-07-01,"Jul 2015","Single",738,"Scss","Under Construction"
"47725",2015-07-01,"Jul 2015","Semi-Detached",102,"Scss","Under Construction"
"47725",2015-07-01,"Jul 2015","Row",468,"Scss","Under Construction"
"47725",2015-07-01,"Jul 2015","Apartment",1645,"Scss","Under Construction"
"47725",2015-07-01,"Jul 2015","All",2953,"Scss","Under Construction"
"47725",2015-08-01,"Aug 2015","Single",739,"Scss","Under Construction"
"47725",2015-08-01,"Aug 2015","Semi-Detached",94,"Scss","Under Construction"
"47725",2015-08-01,"Aug 2015","Row",490,"Scss","Under Construction"
"47725",2015-08-01,"Aug 2015","Apartment",1604,"Scss","Under Construction"
"47725",2015-08-01,"Aug 2015","All",2927,"Scss","Under Construction"
"47725",2015-09-01,"Sep 2015","Single",739,"Scss","Under Construction"
"47725",2015-09-01,"Sep 2015","Semi-Detached",96,"Scss","Under Construction"
"47725",2015-09-01,"Sep 2015","Row",464,"Scss","Under Construction"
"47725",2015-09-01,"Sep 2015","Apartment",1676,"Scss","Under Construction"
"47725",2015-09-01,"Sep 2015","All",2975,"Scss","Under Construction"
"47725",2015-10-01,"Oct 2015","Single",693,"Scss","Under Construction"
"47725",2015-10-01,"Oct 2015","Semi-Detached",96,"Scss","Under Construction"
"47725",2015-10-01,"Oct 2015","Row",445,"Scss","Under Construction"
"47725",2015-10-01,"Oct 2015","Apartment",1669,"Scss","Under Construction"
"47725",2015-10-01,"Oct 2015","All",2903,"Scss","Under Construction"
"47725",2015-11-01,"Nov 2015","Single",672,"Scss","Under Construction"
"47725",2015-11-01,"Nov 2015","Semi-Detached",86,"Scss","Under Construction"
"47725",2015-11-01,"Nov 2015","Row",396,"Scss","Under Construction"
"47725",2015-11-01,"Nov 2015","Apartment",1730,"Scss","Under Construction"
"47725",2015-11-01,"Nov 2015","All",2884,"Scss","Under Construction"
"47725",2015-12-01,"Dec 2015","Single",651,"Scss","Under Construction"
"47725",2015-12-01,"Dec 2015","Semi-Detached",78,"Scss","Under Construction"
"47725",2015-12-01,"Dec 2015","Row",439,"Scss","Under Construction"
"47725",2015-12-01,"Dec 2015","Apartment",1788,"Scss","Under Construction"
"47725",2015-12-01,"Dec 2015","All",2956,"Scss","Under Construction"
"47725",2016-01-01,"Jan 2016","Single",652,"Scss","Under Construction"
"47725",2016-01-01,"Jan 2016","Semi-Detached",80,"Scss","Under Construction"
"47725",2016-01-01,"Jan 2016","Row",435,"Scss","Under Construction"
"47725",2016-01-01,"Jan 2016","Apartment",1791,"Scss","Under Construction"
"47725",2016-01-01,"Jan 2016","All",2958,"Scss","Under Construction"
"47725",2016-02-01,"Feb 2016","Single",679,"Scss","Under Construction"
"47725",2016-02-01,"Feb 2016","Semi-Detached",80,"Scss","Under Construction"
"47725",2016-02-01,"Feb 2016","Row",436,"Scss","Under Construction"
"47725",2016-02-01,"Feb 2016","Apartment",1772,"Scss","Under Construction"
"47725",2016-02-01,"Feb 2016","All",2967,"Scss","Under Construction"
"47725",2016-03-01,"Mar 2016","Single",557,"Scss","Under Construction"
"47725",2016-03-01,"Mar 2016","Semi-Detached",62,"Scss","Under Construction"
"47725",2016-03-01,"Mar 2016","Row",428,"Scss","Under Construction"
"47725",2016-03-01,"Mar 2016","Apartment",1634,"Scss","Under Construction"
"47725",2016-03-01,"Mar 2016","All",2681,"Scss","Under Construction"
"47725",2016-04-01,"Apr 2016","Single",536,"Scss","Under Construction"
"47725",2016-04-01,"Apr 2016","Semi-Detached",66,"Scss","Under Construction"
"47725",2016-04-01,"Apr 2016","Row",335,"Scss","Under Construction"
"47725",2016-04-01,"Apr 2016","Apartment",1699,"Scss","Under Construction"
"47725",2016-04-01,"Apr 2016","All",2636,"Scss","Under Construction"
"47725",2016-05-01,"May 2016","Single",601,"Scss","Under Construction"
"47725",2016-05-01,"May 2016","Semi-Detached",58,"Scss","Under Construction"
"47725",2016-05-01,"May 2016","Row",266,"Scss","Under Construction"
"47725",2016-05-01,"May 2016","Apartment",1448,"Scss","Under Construction"
"47725",2016-05-01,"May 2016","All",2373,"Scss","Under Construction"
"47725",2016-06-01,"Jun 2016","Single",595,"Scss","Under Construction"
"47725",2016-06-01,"Jun 2016","Semi-Detached",62,"Scss","Under Construction"
"47725",2016-06-01,"Jun 2016","Row",270,"Scss","Under Construction"
"47725",2016-06-01,"Jun 2016","Apartment",1390,"Scss","Under Construction"
"47725",2016-06-01,"Jun 2016","All",2317,"Scss","Under Construction"
"47725",2016-07-01,"Jul 2016","Single",649,"Scss","Under Construction"
"47725",2016-07-01,"Jul 2016","Semi-Detached",66,"Scss","Under Construction"
"47725",2016-07-01,"Jul 2016","Row",263,"Scss","Under Construction"
"47725",2016-07-01,"Jul 2016","Apartment",1366,"Scss","Under Construction"
"47725",2016-07-01,"Jul 2016","All",2344,"Scss","Under Construction"
"47725",2016-08-01,"Aug 2016","Single",686,"Scss","Under Construction"
"47725",2016-08-01,"Aug 2016","Semi-Detached",66,"Scss","Under Construction"
"47725",2016-08-01,"Aug 2016","Row",245,"Scss","Under Construction"
"47725",2016-08-01,"Aug 2016","Apartment",1324,"Scss","Under Construction"
"47725",2016-08-01,"Aug 2016","All",2321,"Scss","Under Construction"
"47725",2016-09-01,"Sep 2016","Single",752,"Scss","Under Construction"
"47725",2016-09-01,"Sep 2016","Semi-Detached",66,"Scss","Under Construction"
"47725",2016-09-01,"Sep 2016","Row",288,"Scss","Under Construction"
"47725",2016-09-01,"Sep 2016","Apartment",955,"Scss","Under Construction"
"47725",2016-09-01,"Sep 2016","All",2061,"Scss","Under Construction"
"47725",2016-10-01,"Oct 2016","Single",764,"Scss","Under Construction"
"47725",2016-10-01,"Oct 2016","Semi-Detached",62,"Scss","Under Construction"
"47725",2016-10-01,"Oct 2016","Row",296,"Scss","Under Construction"
"47725",2016-10-01,"Oct 2016","Apartment",924,"Scss","Under Construction"
"47725",2016-10-01,"Oct 2016","All",2046,"Scss","Under Construction"
"47725",2016-11-01,"Nov 2016","Single",750,"Scss","Under Construction"
"47725",2016-11-01,"Nov 2016","Semi-Detached",64,"Scss","Under Construction"
"47725",2016-11-01,"Nov 2016","Row",257,"Scss","Under Construction"
"47725",2016-11-01,"Nov 2016","Apartment",957,"Scss","Under Construction"
"47725",2016-11-01,"Nov 2016","All",2028,"Scss","Under Construction"
"47725",2016-12-01,"Dec 2016","Single",731,"Scss","Under Construction"
"47725",2016-12-01,"Dec 2016","Semi-Detached",58,"Scss","Under Construction"
"47725",2016-12-01,"Dec 2016","Row",277,"Scss","Under Construction"
"47725",2016-12-01,"Dec 2016","Apartment",636,"Scss","Under Construction"
"47725",2016-12-01,"Dec 2016","All",1702,"Scss","Under Construction"
"47725",2017-01-01,"Jan 2017","Single",736,"Scss","Under Construction"
"47725",2017-01-01,"Jan 2017","Semi-Detached",56,"Scss","Under Construction"
"47725",2017-01-01,"Jan 2017","Row",287,"Scss","Under Construction"
"47725",2017-01-01,"Jan 2017","Apartment",524,"Scss","Under Construction"
"47725",2017-01-01,"Jan 2017","All",1603,"Scss","Under Construction"
"47725",2017-02-01,"Feb 2017","Single",677,"Scss","Under Construction"
"47725",2017-02-01,"Feb 2017","Semi-Detached",58,"Scss","Under Construction"
"47725",2017-02-01,"Feb 2017","Row",281,"Scss","Under Construction"
"47725",2017-02-01,"Feb 2017","Apartment",319,"Scss","Under Construction"
"47725",2017-02-01,"Feb 2017","All",1335,"Scss","Under Construction"
"47725",2017-03-01,"Mar 2017","Single",643,"Scss","Under Construction"
"47725",2017-03-01,"Mar 2017","Semi-Detached",60,"Scss","Under Construction"
"47725",2017-03-01,"Mar 2017","Row",204,"Scss","Under Construction"
"47725",2017-03-01,"Mar 2017","Apartment",373,"Scss","Under Construction"
"47725",2017-03-01,"Mar 2017","All",1280,"Scss","Under Construction"
"47725",2017-04-01,"Apr 2017","Single",698,"Scss","Under Construction"
"47725",2017-04-01,"Apr 2017","Semi-Detached",62,"Scss","Under Construction"
"47725",2017-04-01,"Apr 2017","Row",214,"Scss","Under Construction"
"47725",2017-04-01,"Apr 2017","Apartment",250,"Scss","Under Construction"
"47725",2017-04-01,"Apr 2017","All",1224,"Scss","Under Construction"
"47725",2017-05-01,"May 2017","Single",669,"Scss","Under Construction"
"47725",2017-05-01,"May 2017","Semi-Detached",54,"Scss","Under Construction"
"47725",2017-05-01,"May 2017","Row",214,"Scss","Under Construction"
"47725",2017-05-01,"May 2017","Apartment",203,"Scss","Under Construction"
"47725",2017-05-01,"May 2017","All",1140,"Scss","Under Construction"
"47725",2017-06-01,"Jun 2017","Single",760,"Scss","Under Construction"
"47725",2017-06-01,"Jun 2017","Semi-Detached",64,"Scss","Under Construction"
"47725",2017-06-01,"Jun 2017","Row",220,"Scss","Under Construction"
"47725",2017-06-01,"Jun 2017","Apartment",239,"Scss","Under Construction"
"47725",2017-06-01,"Jun 2017","All",1283,"Scss","Under Construction"
"47725",2017-07-01,"Jul 2017","Single",767,"Scss","Under Construction"
"47725",2017-07-01,"Jul 2017","Semi-Detached",68,"Scss","Under Construction"
"47725",2017-07-01,"Jul 2017","Row",205,"Scss","Under Construction"
"47725",2017-07-01,"Jul 2017","Apartment",317,"Scss","Under Construction"
"47725",2017-07-01,"Jul 2017","All",1357,"Scss","Under Construction"
"47725",2017-08-01,"Aug 2017","Single",782,"Scss","Under Construction"
"47725",2017-08-01,"Aug 2017","Semi-Detached",70,"Scss","Under Construction"
"47725",2017-08-01,"Aug 2017","Row",231,"Scss","Under Construction"
"47725",2017-08-01,"Aug 2017","Apartment",383,"Scss","Under Construction"
"47725",2017-08-01,"Aug 2017","All",1466,"Scss","Under Construction"
"47725",2017-09-01,"Sep 2017","Single",783,"Scss","Under Construction"
"47725",2017-09-01,"Sep 2017","Semi-Detached",68,"Scss","Under Construction"
"47725",2017-09-01,"Sep 2017","Row",226,"Scss","Under Construction"
"47725",2017-09-01,"Sep 2017","Apartment",313,"Scss","Under Construction"
"47725",2017-09-01,"Sep 2017","All",1390,"Scss","Under Construction"
"47725",2017-10-01,"Oct 2017","Single",746,"Scss","Under Construction"
"47725",2017-10-01,"Oct 2017","Semi-Detached",42,"Scss","Under Construction"
"47725",2017-10-01,"Oct 2017","Row",241,"Scss","Under Construction"
"47725",2017-10-01,"Oct 2017","Apartment",447,"Scss","Under Construction"
"47725",2017-10-01,"Oct 2017","All",1476,"Scss","Under Construction"
"47725",2017-11-01,"Nov 2017","Single",737,"Scss","Under Construction"
"47725",2017-11-01,"Nov 2017","Semi-Detached",56,"Scss","Under Construction"
"47725",2017-11-01,"Nov 2017","Row",237,"Scss","Under Construction"
"47725",2017-11-01,"Nov 2017","Apartment",443,"Scss","Under Construction"
"47725",2017-11-01,"Nov 2017","All",1473,"Scss","Under Construction"
"47725",2017-12-01,"Dec 2017","Single",702,"Scss","Under Construction"
"47725",2017-12-01,"Dec 2017","Semi-Detached",68,"Scss","Under Construction"
"47725",2017-12-01,"Dec 2017","Row",226,"Scss","Under Construction"
"47725",2017-12-01,"Dec 2017","Apartment",557,"Scss","Under Construction"
"47725",2017-12-01,"Dec 2017","All",1553,"Scss","Under Construction"
"47725",2018-01-01,"Jan 2018","Single",700,"Scss","Under Construction"
"47725",2018-01-01,"Jan 2018","Semi-Detached",62,"Scss","Under Construction"
"47725",2018-01-01,"Jan 2018","Row",210,"Scss","Under Construction"
"47725",2018-01-01,"Jan 2018","Apartment",609,"Scss","Under Construction"
"47725",2018-01-01,"Jan 2018","All",1581,"Scss","Under Construction"
"47725",2018-02-01,"Feb 2018","Single",595,"Scss","Under Construction"
"47725",2018-02-01,"Feb 2018","Semi-Detached",56,"Scss","Under Construction"
"47725",2018-02-01,"Feb 2018","Row",197,"Scss","Under Construction"
"47725",2018-02-01,"Feb 2018","Apartment",587,"Scss","Under Construction"
"47725",2018-02-01,"Feb 2018","All",1435,"Scss","Under Construction"
"47725",2018-03-01,"Mar 2018","Single",559,"Scss","Under Construction"
"47725",2018-03-01,"Mar 2018","Semi-Detached",60,"Scss","Under Construction"
"47725",2018-03-01,"Mar 2018","Row",186,"Scss","Under Construction"
"47725",2018-03-01,"Mar 2018","Apartment",586,"Scss","Under Construction"
"47725",2018-03-01,"Mar 2018","All",1391,"Scss","Under Construction"
"47725",2018-04-01,"Apr 2018","Single",565,"Scss","Under Construction"
"47725",2018-04-01,"Apr 2018","Semi-Detached",54,"Scss","Under Construction"
"47725",2018-04-01,"Apr 2018","Row",181,"Scss","Under Construction"
"47725",2018-04-01,"Apr 2018","Apartment",708,"Scss","Under Construction"
"47725",2018-04-01,"Apr 2018","All",1508,"Scss","Under Construction"
"47725",2018-05-01,"May 2018","Single",541,"Scss","Under Construction"
"47725",2018-05-01,"May 2018","Semi-Detached",40,"Scss","Under Construction"
"47725",2018-05-01,"May 2018","Row",151,"Scss","Under Construction"
"47725",2018-05-01,"May 2018","Apartment",777,"Scss","Under Construction"
"47725",2018-05-01,"May 2018","All",1509,"Scss","Under Construction"
"47725",2018-06-01,"Jun 2018","Single",536,"Scss","Under Construction"
"47725",2018-06-01,"Jun 2018","Semi-Detached",40,"Scss","Under Construction"
"47725",2018-06-01,"Jun 2018","Row",132,"Scss","Under Construction"
"47725",2018-06-01,"Jun 2018","Apartment",732,"Scss","Under Construction"
"47725",2018-06-01,"Jun 2018","All",1440,"Scss","Under Construction"
"47725",2018-07-01,"Jul 2018","Single",572,"Scss","Under Construction"
"47725",2018-07-01,"Jul 2018","Semi-Detached",42,"Scss","Under Construction"
"47725",2018-07-01,"Jul 2018","Row",125,"Scss","Under Construction"
"47725",2018-07-01,"Jul 2018","Apartment",737,"Scss","Under Construction"
"47725",2018-07-01,"Jul 2018","All",1476,"Scss","Under Construction"
"47725",2018-08-01,"Aug 2018","Single",559,"Scss","Under Construction"
"47725",2018-08-01,"Aug 2018","Semi-Detached",40,"Scss","Under Construction"
"47725",2018-08-01,"Aug 2018","Row",110,"Scss","Under Construction"
"47725",2018-08-01,"Aug 2018","Apartment",769,"Scss","Under Construction"
"47725",2018-08-01,"Aug 2018","All",1478,"Scss","Under Construction"
"47725",2018-09-01,"Sep 2018","Single",559,"Scss","Under Construction"
"47725",2018-09-01,"Sep 2018","Semi-Detached",46,"Scss","Under Construction"
"47725",2018-09-01,"Sep 2018","Row",125,"Scss","Under Construction"
"47725",2018-09-01,"Sep 2018","Apartment",809,"Scss","Under Construction"
"47725",2018-09-01,"Sep 2018","All",1539,"Scss","Under Construction"
"47725",2018-10-01,"Oct 2018","Single",543,"Scss","Under Construction"
"47725",2018-10-01,"Oct 2018","Semi-Detached",46,"Scss","Under Construction"
"47725",2018-10-01,"Oct 2018","Row",132,"Scss","Under Construction"
"47725",2018-10-01,"Oct 2018","Apartment",1029,"Scss","Under Construction"
"47725",2018-10-01,"Oct 2018","All",1750,"Scss","Under Construction"
"47725",2018-11-01,"Nov 2018","Single",542,"Scss","Under Construction"
"47725",2018-11-01,"Nov 2018","Semi-Detached",48,"Scss","Under Construction"
"47725",2018-11-01,"Nov 2018","Row",147,"Scss","Under Construction"
"47725",2018-11-01,"Nov 2018","Apartment",1022,"Scss","Under Construction"
"47725",2018-11-01,"Nov 2018","All",1759,"Scss","Under Construction"
"47725",2018-12-01,"Dec 2018","Single",513,"Scss","Under Construction"
"47725",2018-12-01,"Dec 2018","Semi-Detached",50,"Scss","Under Construction"
"47725",2018-12-01,"Dec 2018","Row",115,"Scss","Under Construction"
"47725",2018-12-01,"Dec 2018","Apartment",1014,"Scss","Under Construction"
"47725",2018-12-01,"Dec 2018","All",1692,"Scss","Under Construction"
"47725",2019-01-01,"Jan 2019","Single",487,"Scss","Under Construction"
"47725",2019-01-01,"Jan 2019","Semi-Detached",48,"Scss","Under Construction"
"47725",2019-01-01,"Jan 2019","Row",115,"Scss","Under Construction"
"47725",2019-01-01,"Jan 2019","Apartment",964,"Scss","Under Construction"
"47725",2019-01-01,"Jan 2019","All",1614,"Scss","Under Construction"
"47725",2019-02-01,"Feb 2019","Single",466,"Scss","Under Construction"
"47725",2019-02-01,"Feb 2019","Semi-Detached",46,"Scss","Under Construction"
"47725",2019-02-01,"Feb 2019","Row",109,"Scss","Under Construction"
"47725",2019-02-01,"Feb 2019","Apartment",966,"Scss","Under Construction"
"47725",2019-02-01,"Feb 2019","All",1587,"Scss","Under Construction"
"47725",2019-03-01,"Mar 2019","Single",450,"Scss","Under Construction"
"47725",2019-03-01,"Mar 2019","Semi-Detached",30,"Scss","Under Construction"
"47725",2019-03-01,"Mar 2019","Row",84,"Scss","Under Construction"
"47725",2019-03-01,"Mar 2019","Apartment",932,"Scss","Under Construction"
"47725",2019-03-01,"Mar 2019","All",1496,"Scss","Under Construction"
"47725",2019-04-01,"Apr 2019","Single",423,"Scss","Under Construction"
"47725",2019-04-01,"Apr 2019","Semi-Detached",44,"Scss","Under Construction"
"47725",2019-04-01,"Apr 2019","Row",88,"Scss","Under Construction"
"47725",2019-04-01,"Apr 2019","Apartment",738,"Scss","Under Construction"
"47725",2019-04-01,"Apr 2019","All",1293,"Scss","Under Construction"
"47725",2019-05-01,"May 2019","Single",444,"Scss","Under Construction"
"47725",2019-05-01,"May 2019","Semi-Detached",58,"Scss","Under Construction"
"47725",2019-05-01,"May 2019","Row",76,"Scss","Under Construction"
"47725",2019-05-01,"May 2019","Apartment",641,"Scss","Under Construction"
"47725",2019-05-01,"May 2019","All",1219,"Scss","Under Construction"
"47725",2019-06-01,"Jun 2019","Single",464,"Scss","Under Construction"
"47725",2019-06-01,"Jun 2019","Semi-Detached",64,"Scss","Under Construction"
"47725",2019-06-01,"Jun 2019","Row",84,"Scss","Under Construction"
"47725",2019-06-01,"Jun 2019","Apartment",679,"Scss","Under Construction"
"47725",2019-06-01,"Jun 2019","All",1291,"Scss","Under Construction"
"47725",2019-07-01,"Jul 2019","Single",464,"Scss","Under Construction"
"47725",2019-07-01,"Jul 2019","Semi-Detached",66,"Scss","Under Construction"
"47725",2019-07-01,"Jul 2019","Row",85,"Scss","Under Construction"
"47725",2019-07-01,"Jul 2019","Apartment",675,"Scss","Under Construction"
"47725",2019-07-01,"Jul 2019","All",1290,"Scss","Under Construction"
"47725",2019-08-01,"Aug 2019","Single",464,"Scss","Under Construction"
"47725",2019-08-01,"Aug 2019","Semi-Detached",64,"Scss","Under Construction"
"47725",2019-08-01,"Aug 2019","Row",98,"Scss","Under Construction"
"47725",2019-08-01,"Aug 2019","Apartment",656,"Scss","Under Construction"
"47725",2019-08-01,"Aug 2019","All",1282,"Scss","Under Construction"
"47725",2019-09-01,"Sep 2019","Single",453,"Scss","Under Construction"
"47725",2019-09-01,"Sep 2019","Semi-Detached",62,"Scss","Under Construction"
"47725",2019-09-01,"Sep 2019","Row",102,"Scss","Under Construction"
"47725",2019-09-01,"Sep 2019","Apartment",798,"Scss","Under Construction"
"47725",2019-09-01,"Sep 2019","All",1415,"Scss","Under Construction"
"47725",2019-10-01,"Oct 2019","Single",452,"Scss","Under Construction"
"47725",2019-10-01,"Oct 2019","Semi-Detached",64,"Scss","Under Construction"
"47725",2019-10-01,"Oct 2019","Row",110,"Scss","Under Construction"
"47725",2019-10-01,"Oct 2019","Apartment",793,"Scss","Under Construction"
"47725",2019-10-01,"Oct 2019","All",1419,"Scss","Under Construction"
"47725",2019-11-01,"Nov 2019","Single",476,"Scss","Under Construction"
"47725",2019-11-01,"Nov 2019","Semi-Detached",68,"Scss","Under Construction"
"47725",2019-11-01,"Nov 2019","Row",113,"Scss","Under Construction"
"47725",2019-11-01,"Nov 2019","Apartment",773,"Scss","Under Construction"
"47725",2019-11-01,"Nov 2019","All",1430,"Scss","Under Construction"
"47725",2019-12-01,"Dec 2019","Single",476,"Scss","Under Construction"
"47725",2019-12-01,"Dec 2019","Semi-Detached",52,"Scss","Under Construction"
"47725",2019-12-01,"Dec 2019","Row",132,"Scss","Under Construction"
"47725",2019-12-01,"Dec 2019","Apartment",761,"Scss","Under Construction"
"47725",2019-12-01,"Dec 2019","All",1421,"Scss","Under Construction"
"47725",2020-01-01,"Jan 2020","Single",443,"Scss","Under Construction"
"47725",2020-01-01,"Jan 2020","Semi-Detached",46,"Scss","Under Construction"
"47725",2020-01-01,"Jan 2020","Row",138,"Scss","Under Construction"
"47725",2020-01-01,"Jan 2020","Apartment",878,"Scss","Under Construction"
"47725",2020-01-01,"Jan 2020","All",1505,"Scss","Under Construction"
"47725",2020-02-01,"Feb 2020","Single",429,"Scss","Under Construction"
"47725",2020-02-01,"Feb 2020","Semi-Detached",48,"Scss","Under Construction"
"47725",2020-02-01,"Feb 2020","Row",141,"Scss","Under Construction"
"47725",2020-02-01,"Feb 2020","Apartment",904,"Scss","Under Construction"
"47725",2020-02-01,"Feb 2020","All",1522,"Scss","Under Construction"
"47725",2020-03-01,"Mar 2020","Single",424,"Scss","Under Construction"
"47725",2020-03-01,"Mar 2020","Semi-Detached",38,"Scss","Under Construction"
"47725",2020-03-01,"Mar 2020","Row",158,"Scss","Under Construction"
"47725",2020-03-01,"Mar 2020","Apartment",903,"Scss","Under Construction"
"47725",2020-03-01,"Mar 2020","All",1523,"Scss","Under Construction"
"47725",2020-04-01,"Apr 2020","Single",409,"Scss","Under Construction"
"47725",2020-04-01,"Apr 2020","Semi-Detached",42,"Scss","Under Construction"
"47725",2020-04-01,"Apr 2020","Row",142,"Scss","Under Construction"
"47725",2020-04-01,"Apr 2020","Apartment",796,"Scss","Under Construction"
"47725",2020-04-01,"Apr 2020","All",1389,"Scss","Under Construction"
"47725",2020-05-01,"May 2020","Single",398,"Scss","Under Construction"
"47725",2020-05-01,"May 2020","Semi-Detached",46,"Scss","Under Construction"
"47725",2020-05-01,"May 2020","Row",142,"Scss","Under Construction"
"47725",2020-05-01,"May 2020","Apartment",807,"Scss","Under Construction"
"47725",2020-05-01,"May 2020","All",1393,"Scss","Under Construction"
"47725",2020-06-01,"Jun 2020","Single",407,"Scss","Under Construction"
"47725",2020-06-01,"Jun 2020","Semi-Detached",46,"Scss","Under Construction"
"47725",2020-06-01,"Jun 2020","Row",130,"Scss","Under Construction"
"47725",2020-06-01,"Jun 2020","Apartment",687,"Scss","Under Construction"
"47725",2020-06-01,"Jun 2020","All",1270,"Scss","Under Construction"
"47725",2020-07-01,"Jul 2020","Single",438,"Scss","Under Construction"
"47725",2020-07-01,"Jul 2020","Semi-Detached",56,"Scss","Under Construction"
"47725",2020-07-01,"Jul 2020","Row",126,"Scss","Under Construction"
"47725",2020-07-01,"Jul 2020","Apartment",1113,"Scss","Under Construction"
"47725",2020-07-01,"Jul 2020","All",1733,"Scss","Under Construction"
"47725",2020-08-01,"Aug 2020","Single",437,"Scss","Under Construction"
"47725",2020-08-01,"Aug 2020","Semi-Detached",58,"Scss","Under Construction"
"47725",2020-08-01,"Aug 2020","Row",142,"Scss","Under Construction"
"47725",2020-08-01,"Aug 2020","Apartment",877,"Scss","Under Construction"
"47725",2020-08-01,"Aug 2020","All",1514,"Scss","Under Construction"
"47725",2020-09-01,"Sep 2020","Single",458,"Scss","Under Construction"
"47725",2020-09-01,"Sep 2020","Semi-Detached",52,"Scss","Under Construction"
"47725",2020-09-01,"Sep 2020","Row",142,"Scss","Under Construction"
"47725",2020-09-01,"Sep 2020","Apartment",866,"Scss","Under Construction"
"47725",2020-09-01,"Sep 2020","All",1518,"Scss","Under Construction"
"47725",2020-10-01,"Oct 2020","Single",504,"Scss","Under Construction"
"47725",2020-10-01,"Oct 2020","Semi-Detached",56,"Scss","Under Construction"
"47725",2020-10-01,"Oct 2020","Row",123,"Scss","Under Construction"
"47725",2020-10-01,"Oct 2020","Apartment",1056,"Scss","Under Construction"
"47725",2020-10-01,"Oct 2020","All",1739,"Scss","Under Construction"
"47725",2020-11-01,"Nov 2020","Single",568,"Scss","Under Construction"
"47725",2020-11-01,"Nov 2020","Semi-Detached",66,"Scss","Under Construction"
"47725",2020-11-01,"Nov 2020","Row",155,"Scss","Under Construction"
"47725",2020-11-01,"Nov 2020","Apartment",1056,"Scss","Under Construction"
"47725",2020-11-01,"Nov 2020","All",1845,"Scss","Under Construction"
"47725",2020-12-01,"Dec 2020","Single",544,"Scss","Under Construction"
"47725",2020-12-01,"Dec 2020","Semi-Detached",72,"Scss","Under Construction"
"47725",2020-12-01,"Dec 2020","Row",170,"Scss","Under Construction"
"47725",2020-12-01,"Dec 2020","Apartment",1069,"Scss","Under Construction"
"47725",2020-12-01,"Dec 2020","All",1855,"Scss","Under Construction"
"47725",2021-01-01,"Jan 2021","Single",532,"Scss","Under Construction"
"47725",2021-01-01,"Jan 2021","Semi-Detached",74,"Scss","Under Construction"
"47725",2021-01-01,"Jan 2021","Row",162,"Scss","Under Construction"
"47725",2021-01-01,"Jan 2021","Apartment",1247,"Scss","Under Construction"
"47725",2021-01-01,"Jan 2021","All",2015,"Scss","Under Construction"
"47725",2021-02-01,"Feb 2021","Single",558,"Scss","Under Construction"
"47725",2021-02-01,"Feb 2021","Semi-Detached",80,"Scss","Under Construction"
"47725",2021-02-01,"Feb 2021","Row",166,"Scss","Under Construction"
"47725",2021-02-01,"Feb 2021","Apartment",1210,"Scss","Under Construction"
"47725",2021-02-01,"Feb 2021","All",2014,"Scss","Under Construction"
"47725",2021-03-01,"Mar 2021","Single",578,"Scss","Under Construction"
"47725",2021-03-01,"Mar 2021","Semi-Detached",86,"Scss","Under Construction"
"47725",2021-03-01,"Mar 2021","Row",153,"Scss","Under Construction"
"47725",2021-03-01,"Mar 2021","Apartment",1440,"Scss","Under Construction"
"47725",2021-03-01,"Mar 2021","All",2257,"Scss","Under Construction"
"47725",2021-04-01,"Apr 2021","Single",620,"Scss","Under Construction"
"47725",2021-04-01,"Apr 2021","Semi-Detached",100,"Scss","Under Construction"
"47725",2021-04-01,"Apr 2021","Row",154,"Scss","Under Construction"
"47725",2021-04-01,"Apr 2021","Apartment",1296,"Scss","Under Construction"
"47725",2021-04-01,"Apr 2021","All",2170,"Scss","Under Construction"
"47725",2021-05-01,"May 2021","Single",680,"Scss","Under Construction"
"47725",2021-05-01,"May 2021","Semi-Detached",102,"Scss","Under Construction"
"47725",2021-05-01,"May 2021","Row",185,"Scss","Under Construction"
"47725",2021-05-01,"May 2021","Apartment",1470,"Scss","Under Construction"
"47725",2021-05-01,"May 2021","All",2437,"Scss","Under Construction"
"47725",2021-06-01,"Jun 2021","Single",694,"Scss","Under Construction"
"47725",2021-06-01,"Jun 2021","Semi-Detached",122,"Scss","Under Construction"
"47725",2021-06-01,"Jun 2021","Row",225,"Scss","Under Construction"
"47725",2021-06-01,"Jun 2021","Apartment",1310,"Scss","Under Construction"
"47725",2021-06-01,"Jun 2021","All",2351,"Scss","Under Construction"
"47725",2021-07-01,"Jul 2021","Single",689,"Scss","Under Construction"
"47725",2021-07-01,"Jul 2021","Semi-Detached",118,"Scss","Under Construction"
"47725",2021-07-01,"Jul 2021","Row",230,"Scss","Under Construction"
"47725",2021-07-01,"Jul 2021","Apartment",1237,"Scss","Under Construction"
"47725",2021-07-01,"Jul 2021","All",2274,"Scss","Under Construction"
"47725",2021-08-01,"Aug 2021","Single",679,"Scss","Under Construction"
"47725",2021-08-01,"Aug 2021","Semi-Detached",102,"Scss","Under Construction"
"47725",2021-08-01,"Aug 2021","Row",230,"Scss","Under Construction"
"47725",2021-08-01,"Aug 2021","Apartment",1222,"Scss","Under Construction"
"47725",2021-08-01,"Aug 2021","All",2233,"Scss","Under Construction"
"47725",2021-09-01,"Sep 2021","Single",654,"Scss","Under Construction"
"47725",2021-09-01,"Sep 2021","Semi-Detached",106,"Scss","Under Construction"
"47725",2021-09-01,"Sep 2021","Row",247,"Scss","Under Construction"
"47725",2021-09-01,"Sep 2021","Apartment",1411,"Scss","Under Construction"
"47725",2021-09-01,"Sep 2021","All",2418,"Scss","Under Construction"
"47725",2021-10-01,"Oct 2021","Single",592,"Scss","Under Construction"
"47725",2021-10-01,"Oct 2021","Semi-Detached",102,"Scss","Under Construction"
"47725",2021-10-01,"Oct 2021","Row",278,"Scss","Under Construction"
"47725",2021-10-01,"Oct 2021","Apartment",1390,"Scss","Under Construction"
"47725",2021-10-01,"Oct 2021","All",2362,"Scss","Under Construction"
"47725",2021-11-01,"Nov 2021","Single",571,"Scss","Under Construction"
"47725",2021-11-01,"Nov 2021","Semi-Detached",100,"Scss","Under Construction"
"47725",2021-11-01,"Nov 2021","Row",302,"Scss","Under Construction"
"47725",2021-11-01,"Nov 2021","Apartment",1367,"Scss","Under Construction"
"47725",2021-11-01,"Nov 2021","All",2340,"Scss","Under Construction"
"47725",2021-12-01,"Dec 2021","Single",585,"Scss","Under Construction"
"47725",2021-12-01,"Dec 2021","Semi-Detached",98,"Scss","Under Construction"
"47725",2021-12-01,"Dec 2021","Row",311,"Scss","Under Construction"
"47725",2021-12-01,"Dec 2021","Apartment",1346,"Scss","Under Construction"
"47725",2021-12-01,"Dec 2021","All",2340,"Scss","Under Construction"
"47725",2022-01-01,"Jan 2022","Single",536,"Scss","Under Construction"
"47725",2022-01-01,"Jan 2022","Semi-Detached",80,"Scss","Under Construction"
"47725",2022-01-01,"Jan 2022","Row",292,"Scss","Under Construction"
"47725",2022-01-01,"Jan 2022","Apartment",1326,"Scss","Under Construction"
"47725",2022-01-01,"Jan 2022","All",2234,"Scss","Under Construction"
"47725",2022-02-01,"Feb 2022","Single",561,"Scss","Under Construction"
"47725",2022-02-01,"Feb 2022","Semi-Detached",78,"Scss","Under Construction"
"47725",2022-02-01,"Feb 2022","Row",277,"Scss","Under Construction"
"47725",2022-02-01,"Feb 2022","Apartment",1447,"Scss","Under Construction"
"47725",2022-02-01,"Feb 2022","All",2363,"Scss","Under Construction"
"47725",2022-03-01,"Mar 2022","Single",561,"Scss","Under Construction"
"47725",2022-03-01,"Mar 2022","Semi-Detached",74,"Scss","Under Construction"
"47725",2022-03-01,"Mar 2022","Row",248,"Scss","Under Construction"
"47725",2022-03-01,"Mar 2022","Apartment",1447,"Scss","Under Construction"
"47725",2022-03-01,"Mar 2022","All",2330,"Scss","Under Construction"
"47725",2022-04-01,"Apr 2022","Single",624,"Scss","Under Construction"
"47725",2022-04-01,"Apr 2022","Semi-Detached",78,"Scss","Under Construction"
"47725",2022-04-01,"Apr 2022","Row",282,"Scss","Under Construction"
"47725",2022-04-01,"Apr 2022","Apartment",1454,"Scss","Under Construction"
"47725",2022-04-01,"Apr 2022","All",2438,"Scss","Under Construction"
"47725",2022-05-01,"May 2022","Single",650,"Scss","Under Construction"
"47725",2022-05-01,"May 2022","Semi-Detached",86,"Scss","Under Construction"
"47725",2022-05-01,"May 2022","Row",300,"Scss","Under Construction"
"47725",2022-05-01,"May 2022","Apartment",1425,"Scss","Under Construction"
"47725",2022-05-01,"May 2022","All",2461,"Scss","Under Construction"
"47725",2022-06-01,"Jun 2022","Single",658,"Scss","Under Construction"
"47725",2022-06-01,"Jun 2022","Semi-Detached",80,"Scss","Under Construction"
"47725",2022-06-01,"Jun 2022","Row",256,"Scss","Under Construction"
"47725",2022-06-01,"Jun 2022","Apartment",1470,"Scss","Under Construction"
"47725",2022-06-01,"Jun 2022","All",2464,"Scss","Under Construction"
"47725",2022-07-01,"Jul 2022","Single",672,"Scss","Under Construction"
"47725",2022-07-01,"Jul 2022","Semi-Detached",90,"Scss","Under Construction"
"47725",2022-07-01,"Jul 2022","Row",256,"Scss","Under Construction"
"47725",2022-07-01,"Jul 2022","Apartment",1471,"Scss","Under Construction"
"47725",2022-07-01,"Jul 2022","All",2489,"Scss","Under Construction"
"47725",2022-08-01,"Aug 2022","Single",694,"Scss","Under Construction"
"47725",2022-08-01,"Aug 2022","Semi-Detached",104,"Scss","Under Construction"
"47725",2022-08-01,"Aug 2022","Row",285,"Scss","Under Construction"
"47725",2022-08-01,"Aug 2022","Apartment",1672,"Scss","Under Construction"
"47725",2022-08-01,"Aug 2022","All",2755,"Scss","Under Construction"
"47725",2022-09-01,"Sep 2022","Single",673,"Scss","Under Construction"
"47725",2022-09-01,"Sep 2022","Semi-Detached",110,"Scss","Under Construction"
"47725",2022-09-01,"Sep 2022","Row",249,"Scss","Under Construction"
"47725",2022-09-01,"Sep 2022","Apartment",1672,"Scss","Under Construction"
"47725",2022-09-01,"Sep 2022","All",2704,"Scss","Under Construction"
"47725",2022-10-01,"Oct 2022","Single",664,"Scss","Under Construction"
"47725",2022-10-01,"Oct 2022","Semi-Detached",106,"Scss","Under Construction"
"47725",2022-10-01,"Oct 2022","Row",221,"Scss","Under Construction"
"47725",2022-10-01,"Oct 2022","Apartment",1787,"Scss","Under Construction"
"47725",2022-10-01,"Oct 2022","All",2778,"Scss","Under Construction"
"47725",2022-11-01,"Nov 2022","Single",673,"Scss","Under Construction"
"47725",2022-11-01,"Nov 2022","Semi-Detached",100,"Scss","Under Construction"
"47725",2022-11-01,"Nov 2022","Row",236,"Scss","Under Construction"
"47725",2022-11-01,"Nov 2022","Apartment",1800,"Scss","Under Construction"
"47725",2022-11-01,"Nov 2022","All",2809,"Scss","Under Construction"
"47725",2022-12-01,"Dec 2022","Single",639,"Scss","Under Construction"
"47725",2022-12-01,"Dec 2022","Semi-Detached",96,"Scss","Under Construction"
"47725",2022-12-01,"Dec 2022","Row",235,"Scss","Under Construction"
"47725",2022-12-01,"Dec 2022","Apartment",1833,"Scss","Under Construction"
"47725",2022-12-01,"Dec 2022","All",2803,"Scss","Under Construction"
"47725",2023-01-01,"Jan 2023","Single",608,"Scss","Under Construction"
"47725",2023-01-01,"Jan 2023","Semi-Detached",86,"Scss","Under Construction"
"47725",2023-01-01,"Jan 2023","Row",218,"Scss","Under Construction"
"47725",2023-01-01,"Jan 2023","Apartment",1832,"Scss","Under Construction"
"47725",2023-01-01,"Jan 2023","All",2744,"Scss","Under Construction"
"47725",2023-02-01,"Feb 2023","Single",576,"Scss","Under Construction"
"47725",2023-02-01,"Feb 2023","Semi-Detached",82,"Scss","Under Construction"
"47725",2023-02-01,"Feb 2023","Row",202,"Scss","Under Construction"
"47725",2023-02-01,"Feb 2023","Apartment",2062,"Scss","Under Construction"
"47725",2023-02-01,"Feb 2023","All",2922,"Scss","Under Construction"
"47725",2023-03-01,"Mar 2023","Single",548,"Scss","Under Construction"
"47725",2023-03-01,"Mar 2023","Semi-Detached",72,"Scss","Under Construction"
"47725",2023-03-01,"Mar 2023","Row",200,"Scss","Under Construction"
"47725",2023-03-01,"Mar 2023","Apartment",2103,"Scss","Under Construction"
"47725",2023-03-01,"Mar 2023","All",2923,"Scss","Under Construction"
"47725",2023-04-01,"Apr 2023","Single",513,"Scss","Under Construction"
"47725",2023-04-01,"Apr 2023","Semi-Detached",72,"Scss","Under Construction"
"47725",2023-04-01,"Apr 2023","Row",188,"Scss","Under Construction"
"47725",2023-04-01,"Apr 2023","Apartment",1650,"Scss","Under Construction"
"47725",2023-04-01,"Apr 2023","All",2423,"Scss","Under Construction"
"47725",2023-05-01,"May 2023","Single",542,"Scss","Under Construction"
"47725",2023-05-01,"May 2023","Semi-Detached",76,"Scss","Under Construction"
"47725",2023-05-01,"May 2023","Row",198,"Scss","Under Construction"
"47725",2023-05-01,"May 2023","Apartment",1645,"Scss","Under Construction"
"47725",2023-05-01,"May 2023","All",2461,"Scss","Under Construction"
"47725",2023-06-01,"Jun 2023","Single",555,"Scss","Under Construction"
"47725",2023-06-01,"Jun 2023","Semi-Detached",82,"Scss","Under Construction"
"47725",2023-06-01,"Jun 2023","Row",193,"Scss","Under Construction"
"47725",2023-06-01,"Jun 2023","Apartment",1710,"Scss","Under Construction"
"47725",2023-06-01,"Jun 2023","All",2540,"Scss","Under Construction"
"47725",2023-07-01,"Jul 2023","Single",523,"Scss","Under Construction"
"47725",2023-07-01,"Jul 2023","Semi-Detached",88,"Scss","Under Construction"
"47725",2023-07-01,"Jul 2023","Row",193,"Scss","Under Construction"
"47725",2023-07-01,"Jul 2023","Apartment",1976,"Scss","Under Construction"
"47725",2023-07-01,"Jul 2023","All",2780,"Scss","Under Construction"
"47725",2023-08-01,"Aug 2023","Single",515,"Scss","Under Construction"
"47725",2023-08-01,"Aug 2023","Semi-Detached",100,"Scss","Under Construction"
"47725",2023-08-01,"Aug 2023","Row",206,"Scss","Under Construction"
"47725",2023-08-01,"Aug 2023","Apartment",2078,"Scss","Under Construction"
"47725",2023-08-01,"Aug 2023","All",2899,"Scss","Under Construction"
"47725",2023-09-01,"Sep 2023","Single",530,"Scss","Under Construction"
"47725",2023-09-01,"Sep 2023","Semi-Detached",104,"Scss","Under Construction"
"47725",2023-09-01,"Sep 2023","Row",197,"Scss","Under Construction"
"47725",2023-09-01,"Sep 2023","Apartment",2020,"Scss","Under Construction"
"47725",2023-09-01,"Sep 2023","All",2851,"Scss","Under Construction"
"47725",2023-10-01,"Oct 2023","Single",567,"Scss","Under Construction"
"47725",2023-10-01,"Oct 2023","Semi-Detached",132,"Scss","Under Construction"
"47725",2023-10-01,"Oct 2023","Row",205,"Scss","Under Construction"
"47725",2023-10-01,"Oct 2023","Apartment",2007,"Scss","Under Construction"
"47725",2023-10-01,"Oct 2023","All",2911,"Scss","Under Construction"
"47725",2023-11-01,"Nov 2023","Single",604,"Scss","Under Construction"
"47725",2023-11-01,"Nov 2023","Semi-Detached",132,"Scss","Under Construction"
"47725",2023-11-01,"Nov 2023","Row",191,"Scss","Under Construction"
"47725",2023-11-01,"Nov 2023","Apartment",2088,"Scss","Under Construction"
"47725",2023-11-01,"Nov 2023","All",3015,"Scss","Under Construction"
"47725",2023-12-01,"Dec 2023","Single",594,"Scss","Under Construction"
"47725",2023-12-01,"Dec 2023","Semi-Detached",120,"Scss","Under Construction"
"47725",2023-12-01,"Dec 2023","Row",178,"Scss","Under Construction"
"47725",2023-12-01,"Dec 2023","Apartment",2195,"Scss","Under Construction"
"47725",2023-12-01,"Dec 2023","All",3087,"Scss","Under Construction"
"47725",2024-01-01,"Jan 2024","Single",589,"Scss","Under Construction"
"47725",2024-01-01,"Jan 2024","Semi-Detached",120,"Scss","Under Construction"
"47725",2024-01-01,"Jan 2024","Row",193,"Scss","Under Construction"
"47725",2024-01-01,"Jan 2024","Apartment",2203,"Scss","Under Construction"
"47725",2024-01-01,"Jan 2024","All",3105,"Scss","Under Construction"
"47725",2024-02-01,"Feb 2024","Single",586,"Scss","Under Construction"
"47725",2024-02-01,"Feb 2024","Semi-Detached",120,"Scss","Under Construction"
"47725",2024-02-01,"Feb 2024","Row",194,"Scss","Under Construction"
"47725",2024-02-01,"Feb 2024","Apartment",2193,"Scss","Under Construction"
"47725",2024-02-01,"Feb 2024","All",3093,"Scss","Under Construction"
"47725",2024-03-01,"Mar 2024","Single",562,"Scss","Under Construction"
"47725",2024-03-01,"Mar 2024","Semi-Detached",136,"Scss","Under Construction"
"47725",2024-03-01,"Mar 2024","Row",240,"Scss","Under Construction"
"47725",2024-03-01,"Mar 2024","Apartment",1873,"Scss","Under Construction"
"47725",2024-03-01,"Mar 2024","All",2811,"Scss","Under Construction"
"47725",2024-04-01,"Apr 2024","Single",572,"Scss","Under Construction"
"47725",2024-04-01,"Apr 2024","Semi-Detached",124,"Scss","Under Construction"
"47725",2024-04-01,"Apr 2024","Row",235,"Scss","Under Construction"
"47725",2024-04-01,"Apr 2024","Apartment",1912,"Scss","Under Construction"
"47725",2024-04-01,"Apr 2024","All",2843,"Scss","Under Construction"
"47725",2024-05-01,"May 2024","Single",612,"Scss","Under Construction"
"47725",2024-05-01,"May 2024","Semi-Detached",112,"Scss","Under Construction"
"47725",2024-05-01,"May 2024","Row",213,"Scss","Under Construction"
"47725",2024-05-01,"May 2024","Apartment",1832,"Scss","Under Construction"
"47725",2024-05-01,"May 2024","All",2769,"Scss","Under Construction"
"47725",2024-06-01,"Jun 2024","Single",663,"Scss","Under Construction"
"47725",2024-06-01,"Jun 2024","Semi-Detached",120,"Scss","Under Construction"
"47725",2024-06-01,"Jun 2024","Row",192,"Scss","Under Construction"
"47725",2024-06-01,"Jun 2024","Apartment",1881,"Scss","Under Construction"
"47725",2024-06-01,"Jun 2024","All",2856,"Scss","Under Construction"
"47725",2024-07-01,"Jul 2024","Single",662,"Scss","Under Construction"
"47725",2024-07-01,"Jul 2024","Semi-Detached",120,"Scss","Under Construction"
"47725",2024-07-01,"Jul 2024","Row",245,"Scss","Under Construction"
"47725",2024-07-01,"Jul 2024","Apartment",2131,"Scss","Under Construction"
"47725",2024-07-01,"Jul 2024","All",3158,"Scss","Under Construction"
"47725",2024-08-01,"Aug 2024","Single",660,"Scss","Under Construction"
"47725",2024-08-01,"Aug 2024","Semi-Detached",122,"Scss","Under Construction"
"47725",2024-08-01,"Aug 2024","Row",293,"Scss","Under Construction"
"47725",2024-08-01,"Aug 2024","Apartment",2171,"Scss","Under Construction"
"47725",2024-08-01,"Aug 2024","All",3246,"Scss","Under Construction"
"47725",2024-09-01,"Sep 2024","Single",673,"Scss","Under Construction"
"47725",2024-09-01,"Sep 2024","Semi-Detached",110,"Scss","Under Construction"
"47725",2024-09-01,"Sep 2024","Row",273,"Scss","Under Construction"
"47725",2024-09-01,"Sep 2024","Apartment",2435,"Scss","Under Construction"
"47725",2024-09-01,"Sep 2024","All",3491,"Scss","Under Construction"
"47725",2024-10-01,"Oct 2024","Single",745,"Scss","Under Construction"
"47725",2024-10-01,"Oct 2024","Semi-Detached",128,"Scss","Under Construction"
"47725",2024-10-01,"Oct 2024","Row",298,"Scss","Under Construction"
"47725",2024-10-01,"Oct 2024","Apartment",2471,"Scss","Under Construction"
"47725",2024-10-01,"Oct 2024","All",3642,"Scss","Under Construction"
"47725",2024-11-01,"Nov 2024","Single",770,"Scss","Under Construction"
"47725",2024-11-01,"Nov 2024","Semi-Detached",140,"Scss","Under Construction"
"47725",2024-11-01,"Nov 2024","Row",317,"Scss","Under Construction"
"47725",2024-11-01,"Nov 2024","Apartment",2663,"Scss","Under Construction"
"47725",2024-11-01,"Nov 2024","All",3890,"Scss","Under Construction"
"47725",2024-12-01,"Dec 2024","Single",778,"Scss","Under Construction"
"47725",2024-12-01,"Dec 2024","Semi-Detached",134,"Scss","Under Construction"
"47725",2024-12-01,"Dec 2024","Row",225,"Scss","Under Construction"
"47725",2024-12-01,"Dec 2024","Apartment",2598,"Scss","Under Construction"
"47725",2024-12-01,"Dec 2024","All",3735,"Scss","Under Construction"
"47725",2025-01-01,"Jan 2025","Single",762,"Scss","Under Construction"
"47725",2025-01-01,"Jan 2025","Semi-Detached",122,"Scss","Under Construction"
"47725",2025-01-01,"Jan 2025","Row",225,"Scss","Under Construction"
"47725",2025-01-01,"Jan 2025","Apartment",2236,"Scss","Under Construction"
"47725",2025-01-01,"Jan 2025","All",3345,"Scss","Under Construction"
"47725",2025-02-01,"Feb 2025","Single",770,"Scss","Under Construction"
"47725",2025-02-01,"Feb 2025","Semi-Detached",120,"Scss","Under Construction"
"47725",2025-02-01,"Feb 2025","Row",214,"Scss","Under Construction"
"47725",2025-02-01,"Feb 2025","Apartment",2004,"Scss","Under Construction"
"47725",2025-02-01,"Feb 2025","All",3108,"Scss","Under Construction"
"47725",2025-03-01,"Mar 2025","Single",770,"Scss","Under Construction"
"47725",2025-03-01,"Mar 2025","Semi-Detached",92,"Scss","Under Construction"
"47725",2025-03-01,"Mar 2025","Row",202,"Scss","Under Construction"
"47725",2025-03-01,"Mar 2025","Apartment",2395,"Scss","Under Construction"
"47725",2025-03-01,"Mar 2025","All",3459,"Scss","Under Construction"
"47725",2025-04-01,"Apr 2025","Single",820,"Scss","Under Construction"
"47725",2025-04-01,"Apr 2025","Semi-Detached",86,"Scss","Under Construction"
"47725",2025-04-01,"Apr 2025","Row",183,"Scss","Under Construction"
"47725",2025-04-01,"Apr 2025","Apartment",2468,"Scss","Under Construction"
"47725",2025-04-01,"Apr 2025","All",3557,"Scss","Under Construction"
"47725",2025-05-01,"May 2025","Single",891,"Scss","Under Construction"
"47725",2025-05-01,"May 2025","Semi-Detached",94,"Scss","Under Construction"
"47725",2025-05-01,"May 2025","Row",175,"Scss","Under Construction"
"47725",2025-05-01,"May 2025","Apartment",2668,"Scss","Under Construction"
"47725",2025-05-01,"May 2025","All",3828,"Scss","Under Construction"
"47725",2025-06-01,"Jun 2025","Single",898,"Scss","Under Construction"
"47725",2025-06-01,"Jun 2025","Semi-Detached",90,"Scss","Under Construction"
"47725",2025-06-01,"Jun 2025","Row",189,"Scss","Under Construction"
"47725",2025-06-01,"Jun 2025","Apartment",2639,"Scss","Under Construction"
"47725",2025-06-01,"Jun 2025","All",3816,"Scss","Under Construction"
"47725",2025-07-01,"Jul 2025","Single",928,"Scss","Under Construction"
"47725",2025-07-01,"Jul 2025","Semi-Detached",92,"Scss","Under Construction"
"47725",2025-07-01,"Jul 2025","Row",172,"Scss","Under Construction"
"47725",2025-07-01,"Jul 2025","Apartment",2618,"Scss","Under Construction"
"47725",2025-07-01,"Jul 2025","All",3810,"Scss","Under Construction"
"47725",2025-08-01,"Aug 2025","Single",984,"Scss","Under Construction"
"47725",2025-08-01,"Aug 2025","Semi-Detached",86,"Scss","Under Construction"
"47725",2025-08-01,"Aug 2025","Row",163,"Scss","Under Construction"
"47725",2025-08-01,"Aug 2025","Apartment",2713,"Scss","Under Construction"
"47725",2025-08-01,"Aug 2025","All",3946,"Scss","Under Construction"
"47725",2025-09-01,"Sep 2025","Single",960,"Scss","Under Construction"
"47725",2025-09-01,"Sep 2025","Semi-Detached",82,"Scss","Under Construction"
"47725",2025-09-01,"Sep 2025","Row",167,"Scss","Under Construction"
"47725",2025-09-01,"Sep 2025","Apartment",2917,"Scss","Under Construction"
"47725",2025-09-01,"Sep 2025","All",4126,"Scss","Under Construction"
"47725",2025-10-01,"Oct 2025","Single",1095,"Scss","Under Construction"
"47725",2025-10-01,"Oct 2025","Semi-Detached",84,"Scss","Under Construction"
"47725",2025-10-01,"Oct 2025","Row",170,"Scss","Under Construction"
"47725",2025-10-01,"Oct 2025","Apartment",2764,"Scss","Under Construction"
"47725",2025-10-01,"Oct 2025","All",4113,"Scss","Under Construction"
"47725",2025-11-01,"Nov 2025","Single",1055,"Scss","Under Construction"
"47725",2025-11-01,"Nov 2025","Semi-Detached",82,"Scss","Under Construction"
"47725",2025-11-01,"Nov 2025","Row",183,"Scss","Under Construction"
"47725",2025-11-01,"Nov 2025","Apartment",2684,"Scss","Under Construction"
"47725",2025-11-01,"Nov 2025","All",4004,"Scss","Under Construction"
"47725",2025-12-01,"Dec 2025","Single",1083,"Scss","Under Construction"
"47725",2025-12-01,"Dec 2025","Semi-Detached",76,"Scss","Under Construction"
"47725",2025-12-01,"Dec 2025","Row",197,"Scss","Under Construction"
"47725",2025-12-01,"Dec 2025","Apartment",2800,"Scss","Under Construction"
"47725",2025-12-01,"Dec 2025","All",4156,"Scss","Under Construction"
"47725",2026-01-01,"Jan 2026","Single",1061,"Scss","Under Construction"
"47725",2026-01-01,"Jan 2026","Semi-Detached",72,"Scss","Under Construction"
"47725",2026-01-01,"Jan 2026","Row",217,"Scss","Under Construction"
"47725",2026-01-01,"Jan 2026","Apartment",2808,"Scss","Under Construction"
"47725",2026-01-01,"Jan 2026","All",4158,"Scss","Under Construction"
"47725",2026-02-01,"Feb 2026","Single",1038,"Scss","Under Construction"
"47725",2026-02-01,"Feb 2026","Semi-Detached",78,"Scss","Under Construction"
"47725",2026-02-01,"Feb 2026","Row",228,"Scss","Under Construction"
"47725",2026-02-01,"Feb 2026","Apartment",2961,"Scss","Under Construction"
"47725",2026-02-01,"Feb 2026","All",4305,"Scss","Under Construction"
