"GeoUID","Date","DateString","Dwelling Type","Value","Survey","Series"
"24462",1998-01-01,"Jan 1998","Single",889,"Scss","Under Construction"
"24462",1998-01-01,"Jan 1998","Semi-Detached",202,"Scss","Under Construction"
"24462",1998-01-01,"Jan 1998","Row",373,"Scss","Under Construction"
"24462",1998-01-01,"Jan 1998","Apartment",1496,"Scss","Under Construction"
"24462",1998-01-01,"Jan 1998","All",2960,"Scss","Under Construction"
"24462",1998-02-01,"Feb 1998","Single",875,"Scss","Under Construction"
"24462",1998-02-01,"Feb 1998","Semi-Detached",192,"Scss","Under Construction"
"24462",1998-02-01,"Feb 1998","Row",321,"Scss","Under Construction"
"24462",1998-02-01,"Feb 1998","Apartment",1499,"Scss","Under Construction"
"24462",1998-02-01,"Feb 1998","All",2887,"Scss","Under Construction"
"24462",1998-03-01,"Mar 1998","Single",1170,"Scss","Under Construction"
"24462",1998-03-01,"Mar 1998","Semi-Detached",260,"Scss","Under Construction"
"24462",1998-03-01,"Mar 1998","Row",362,"Scss","Under Construction"
"24462",1998-03-01,"Mar 1998","Apartment",1608,"Scss","Under Construction"
"24462",1998-03-01,"Mar 1998","All",3400,"Scss","Under Construction"
"24462",1998-04-01,"Apr 1998","Single",1746,"Scss","Under Construction"
"24462",1998-04-01,"Apr 1998","Semi-Detached",358,"Scss","Under Construction"
"24462",1998-04-01,"Apr 1998","Row",501,"Scss","Under Construction"
"24462",1998-04-01,"Apr 1998","Apartment",1975,"Scss","Under Construction"
"24462",1998-04-01,"Apr 1998","All",4580,"Scss","Under Construction"
"24462",1998-05-01,"May 1998","Single",2480,"Scss","Under Construction"
"24462",1998-05-01,"May 1998","Semi-Detached",442,"Scss","Under Construction"
"24462",1998-05-01,"May 1998","Row",573,"Scss","Under Construction"
"24462",1998-05-01,"May 1998","Apartment",2185,"Scss","Under Construction"
"24462",1998-05-01,"May 1998","All",5680,"Scss","Under Construction"
"24462",1998-06-01,"Jun 1998","Single",2416,"Scss","Under Construction"
"24462",1998-06-01,"Jun 1998","Semi-Detached",438,"Scss","Under Construction"
"24462",1998-06-01,"Jun 1998","Row",621,"Scss","Under Construction"
"24462",1998-06-01,"Jun 1998","Apartment",2155,"Scss","Under Construction"
"24462",1998-06-01,"Jun 1998","All",5630,"Scss","Under Construction"
"24462",1998-07-01,"Jul 1998","Single",1442,"Scss","Under Construction"
"24462",1998-07-01,"Jul 1998","Semi-Detached",204,"Scss","Under Construction"
"24462",1998-07-01,"Jul 1998","Row",434,"Scss","Under Construction"
"24462",1998-07-01,"Jul 1998","Apartment",1194,"Scss","Under Construction"
"24462",1998-07-01,"Jul 1998","All",3274,"Scss","Under Construction"
"24462",1998-08-01,"Aug 1998","Single",1337,"Scss","Under Construction"
"24462",1998-08-01,"Aug 1998","Semi-Detached",180,"Scss","Under Construction"
"24462",1998-08-01,"Aug 1998","Row",379,"Scss","Under Construction"
"24462",1998-08-01,"Aug 1998","Apartment",1140,"Scss","Under Construction"
"24462",1998-08-01,"Aug 1998","All",3036,"Scss","Under Construction"
"24462",1998-09-01,"Sep 1998","Single",1281,"Scss","Under Construction"
"24462",1998-09-01,"Sep 1998","Semi-Detached",174,"Scss","Under Construction"
"24462",1998-09-01,"Sep 1998","Row",337,"Scss","Under Construction"
"24462",1998-09-01,"Sep 1998","Apartment",1082,"Scss","Under Construction"
"24462",1998-09-01,"Sep 1998","All",2874,"Scss","Under Construction"
"24462",1998-10-01,"Oct 1998","Single",1290,"Scss","Under Construction"
"24462",1998-10-01,"Oct 1998","Semi-Detached",170,"Scss","Under Construction"
"24462",1998-10-01,"Oct 1998","Row",321,"Scss","Under Construction"
"24462",1998-10-01,"Oct 1998","Apartment",1118,"Scss","Under Construction"
"24462",1998-10-01,"Oct 1998","All",2899,"Scss","Under Construction"
"24462",1998-11-01,"Nov 1998","Single",1283,"Scss","Under Construction"
"24462",1998-11-01,"Nov 1998","Semi-Detached",214,"Scss","Under Construction"
"24462",1998-11-01,"Nov 1998","Row",288,"Scss","Under Construction"
"24462",1998-11-01,"Nov 1998","Apartment",1275,"Scss","Under Construction"
"24462",1998-11-01,"Nov 1998","All",3060,"Scss","Under Construction"
"24462",1998-12-01,"Dec 1998","Single",1363,"Scss","Under Construction"
"24462",1998-12-01,"Dec 1998","Semi-Detached",248,"Scss","Under Construction"
"24462",1998-12-01,"Dec 1998","Row",317,"Scss","Under Construction"
"24462",1998-12-01,"Dec 1998","Apartment",1543,"Scss","Under Construction"
"24462",1998-12-01,"Dec 1998","All",3471,"Scss","Under Construction"
"24462",1999-01-01,"Jan 1999","Single",1301,"Scss","Under Construction"
"24462",1999-01-01,"Jan 1999","Semi-Detached",262,"Scss","Under Construction"
"24462",1999-01-01,"Jan 1999","Row",387,"Scss","Under Construction"
"24462",1999-01-01,"Jan 1999","Apartment",1678,"Scss","Under Construction"
"24462",1999-01-01,"Jan 1999","All",3628,"Scss","Under Construction"
"24462",1999-02-01,"Feb 1999","Single",1342,"Scss","Under Construction"
"24462",1999-02-01,"Feb 1999","Semi-Detached",250,"Scss","Under Construction"
"24462",1999-02-01,"Feb 1999","Row",463,"Scss","Under Construction"
"24462",1999-02-01,"Feb 1999","Apartment",1665,"Scss","Under Construction"
"24462",1999-02-01,"Feb 1999","All",3720,"Scss","Under Construction"
"24462",1999-03-01,"Mar 1999","Single",1391,"Scss","Under Construction"
"24462",1999-03-01,"Mar 1999","Semi-Detached",280,"Scss","Under Construction"
"24462",1999-03-01,"Mar 1999","Row",537,"Scss","Under Construction"
"24462",1999-03-01,"Mar 1999","Apartment",2006,"Scss","Under Construction"
"24462",1999-03-01,"Mar 1999","All",4214,"Scss","Under Construction"
"24462",1999-04-01,"Apr 1999","Single",2155,"Scss","Under Construction"
"24462",1999-04-01,"Apr 1999","Semi-Detached",360,"Scss","Under Construction"
"24462",1999-04-01,"Apr 1999","Row",586,"Scss","Under Construction"
"24462",1999-04-01,"Apr 1999","Apartment",2352,"Scss","Under Construction"
"24462",1999-04-01,"Apr 1999","All",5453,"Scss","Under Construction"
"24462",1999-05-01,"May 1999","Single",2663,"Scss","Under Construction"
"24462",1999-05-01,"May 1999","Semi-Detached",384,"Scss","Under Construction"
"24462",1999-05-01,"May 1999","Row",643,"Scss","Under Construction"
"24462",1999-05-01,"May 1999","Apartment",2532,"Scss","Under Construction"
"24462",1999-05-01,"May 1999","All",6222,"Scss","Under Construction"
"24462",1999-06-01,"Jun 1999","Single",2628,"Scss","Under Construction"
"24462",1999-06-01,"Jun 1999","Semi-Detached",352,"Scss","Under Construction"
"24462",1999-06-01,"Jun 1999","Row",551,"Scss","Under Construction"
"24462",1999-06-01,"Jun 1999","Apartment",2402,"Scss","Under Construction"
"24462",1999-06-01,"Jun 1999","All",5933,"Scss","Under Construction"
"24462",1999-07-01,"Jul 1999","Single",1773,"Scss","Under Construction"
"24462",1999-07-01,"Jul 1999","Semi-Detached",228,"Scss","Under Construction"
"24462",1999-07-01,"Jul 1999","Row",285,"Scss","Under Construction"
"24462",1999-07-01,"Jul 1999","Apartment",1553,"Scss","Under Construction"
"24462",1999-07-01,"Jul 1999","All",3839,"Scss","Under Construction"
"24462",1999-08-01,"Aug 1999","Single",1582,"Scss","Under Construction"
"24462",1999-08-01,"Aug 1999","Semi-Detached",196,"Scss","Under Construction"
"24462",1999-08-01,"Aug 1999","Row",307,"Scss","Under Construction"
"24462",1999-08-01,"Aug 1999","Apartment",1543,"Scss","Under Construction"
"24462",1999-08-01,"Aug 1999","All",3628,"Scss","Under Construction"
"24462",1999-09-01,"Sep 1999","Single",1508,"Scss","Under Construction"
"24462",1999-09-01,"Sep 1999","Semi-Detached",178,"Scss","Under Construction"
"24462",1999-09-01,"Sep 1999","Row",280,"Scss","Under Construction"
"24462",1999-09-01,"Sep 1999","Apartment",1739,"Scss","Under Construction"
"24462",1999-09-01,"Sep 1999","All",3705,"Scss","Under Construction"
"24462",1999-10-01,"Oct 1999","Single",1436,"Scss","Under Construction"
"24462",1999-10-01,"Oct 1999","Semi-Detached",194,"Scss","Under Construction"
"24462",1999-10-01,"Oct 1999","Row",245,"Scss","Under Construction"
"24462",1999-10-01,"Oct 1999","Apartment",1928,"Scss","Under Construction"
"24462",1999-10-01,"Oct 1999","All",3803,"Scss","Under Construction"
"24462",1999-11-01,"Nov 1999","Single",1480,"Scss","Under Construction"
"24462",1999-11-01,"Nov 1999","Semi-Detached",198,"Scss","Under Construction"
"24462",1999-11-01,"Nov 1999","Row",285,"Scss","Under Construction"
"24462",1999-11-01,"Nov 1999","Apartment",2091,"Scss","Under Construction"
"24462",1999-11-01,"Nov 1999","All",4054,"Scss","Under Construction"
"24462",1999-12-01,"Dec 1999","Single",1467,"Scss","Under Construction"
"24462",1999-12-01,"Dec 1999","Semi-Detached",198,"Scss","Under Construction"
"24462",1999-12-01,"Dec 1999","Row",355,"Scss","Under Construction"
"24462",1999-12-01,"Dec 1999","Apartment",2490,"Scss","Under Construction"
"24462",1999-12-01,"Dec 1999","All",4510,"Scss","Under Construction"
"24462",2000-01-01,"Jan 2000","Single",1462,"Scss","Under Construction"
"24462",2000-01-01,"Jan 2000","Semi-Detached",202,"Scss","Under Construction"
"24462",2000-01-01,"Jan 2000","Row",371,"Scss","Under Construction"
"24462",2000-01-01,"Jan 2000","Apartment",2596,"Scss","Under Construction"
"24462",2000-01-01,"Jan 2000","All",4631,"Scss","Under Construction"
"24462",2000-02-01,"Feb 2000","Single",1494,"Scss","Under Construction"
"24462",2000-02-01,"Feb 2000","Semi-Detached",220,"Scss","Under Construction"
"24462",2000-02-01,"Feb 2000","Row",423,"Scss","Under Construction"
"24462",2000-02-01,"Feb 2000","Apartment",2693,"Scss","Under Construction"
"24462",2000-02-01,"Feb 2000","All",4830,"Scss","Under Construction"
"24462",2000-03-01,"Mar 2000","Single",1952,"Scss","Under Construction"
"24462",2000-03-01,"Mar 2000","Semi-Detached",248,"Scss","Under Construction"
"24462",2000-03-01,"Mar 2000","Row",472,"Scss","Under Construction"
"24462",2000-03-01,"Mar 2000","Apartment",2892,"Scss","Under Construction"
"24462",2000-03-01,"Mar 2000","All",5564,"Scss","Under Construction"
"24462",2000-04-01,"Apr 2000","Single",2653,"Scss","Under Construction"
"24462",2000-04-01,"Apr 2000","Semi-Detached",284,"Scss","Under Construction"
"24462",2000-04-01,"Apr 2000","Row",556,"Scss","Under Construction"
"24462",2000-04-01,"Apr 2000","Apartment",2977,"Scss","Under Construction"
"24462",2000-04-01,"Apr 2000","All",6470,"Scss","Under Construction"
"24462",2000-05-01,"May 2000","Single",3093,"Scss","Under Construction"
"24462",2000-05-01,"May 2000","Semi-Detached",317,"Scss","Under Construction"
"24462",2000-05-01,"May 2000","Row",697,"Scss","Under Construction"
"24462",2000-05-01,"May 2000","Apartment",3081,"Scss","Under Construction"
"24462",2000-05-01,"May 2000","All",7188,"Scss","Under Construction"
"24462",2000-06-01,"Jun 2000","Single",2911,"Scss","Under Construction"
"24462",2000-06-01,"Jun 2000","Semi-Detached",331,"Scss","Under Construction"
"24462",2000-06-01,"Jun 2000","Row",616,"Scss","Under Construction"
"24462",2000-06-01,"Jun 2000","Apartment",3211,"Scss","Under Construction"
"24462",2000-06-01,"Jun 2000","All",7069,"Scss","Under Construction"
"24462",2000-07-01,"Jul 2000","Single",2071,"Scss","Under Construction"
"24462",2000-07-01,"Jul 2000","Semi-Detached",255,"Scss","Under Construction"
"24462",2000-07-01,"Jul 2000","Row",439,"Scss","Under Construction"
"24462",2000-07-01,"Jul 2000","Apartment",2703,"Scss","Under Construction"
"24462",2000-07-01,"Jul 2000","All",5468,"Scss","Under Construction"
"24462",2000-08-01,"Aug 2000","Single",1908,"Scss","Under Construction"
"24462",2000-08-01,"Aug 2000","Semi-Detached",203,"Scss","Under Construction"
"24462",2000-08-01,"Aug 2000","Row",392,"Scss","Under Construction"
"24462",2000-08-01,"Aug 2000","Apartment",2145,"Scss","Under Construction"
"24462",2000-08-01,"Aug 2000","All",4648,"Scss","Under Construction"
"24462",2000-09-01,"Sep 2000","Single",1714,"Scss","Under Construction"
"24462",2000-09-01,"Sep 2000","Semi-Detached",185,"Scss","Under Construction"
"24462",2000-09-01,"Sep 2000","Row",404,"Scss","Under Construction"
"24462",2000-09-01,"Sep 2000","Apartment",2702,"Scss","Under Construction"
"24462",2000-09-01,"Sep 2000","All",5005,"Scss","Under Construction"
"24462",2000-10-01,"Oct 2000","Single",1635,"Scss","Under Construction"
"24462",2000-10-01,"Oct 2000","Semi-Detached",197,"Scss","Under Construction"
"24462",2000-10-01,"Oct 2000","Row",361,"Scss","Under Construction"
"24462",2000-10-01,"Oct 2000","Apartment",2955,"Scss","Under Construction"
"24462",2000-10-01,"Oct 2000","All",5148,"Scss","Under Construction"
"24462",2000-11-01,"Nov 2000","Single",1874,"Scss","Under Construction"
"24462",2000-11-01,"Nov 2000","Semi-Detached",223,"Scss","Under Construction"
"24462",2000-11-01,"Nov 2000","Row",357,"Scss","Under Construction"
"24462",2000-11-01,"Nov 2000","Apartment",3264,"Scss","Under Construction"
"24462",2000-11-01,"Nov 2000","All",5718,"Scss","Under Construction"
"24462",2000-12-01,"Dec 2000","Single",1887,"Scss","Under Construction"
"24462",2000-12-01,"Dec 2000","Semi-Detached",235,"Scss","Under Construction"
"24462",2000-12-01,"Dec 2000","Row",376,"Scss","Under Construction"
"24462",2000-12-01,"Dec 2000","Apartment",3385,"Scss","Under Construction"
"24462",2000-12-01,"Dec 2000","All",5883,"Scss","Under Construction"
"24462",2001-01-01,"Jan 2001","Single",1898,"Scss","Under Construction"
"24462",2001-01-01,"Jan 2001","Semi-Detached",251,"Scss","Under Construction"
"24462",2001-01-01,"Jan 2001","Row",372,"Scss","Under Construction"
"24462",2001-01-01,"Jan 2001","Apartment",3374,"Scss","Under Construction"
"24462",2001-01-01,"Jan 2001","All",5895,"Scss","Under Construction"
"24462",2001-02-01,"Feb 2001","Single",2025,"Scss","Under Construction"
"24462",2001-02-01,"Feb 2001","Semi-Detached",263,"Scss","Under Construction"
"24462",2001-02-01,"Feb 2001","Row",319,"Scss","Under Construction"
"24462",2001-02-01,"Feb 2001","Apartment",3602,"Scss","Under Construction"
"24462",2001-02-01,"Feb 2001","All",6209,"Scss","Under Construction"
"24462",2001-03-01,"Mar 2001","Single",2355,"Scss","Under Construction"
"24462",2001-03-01,"Mar 2001","Semi-Detached",293,"Scss","Under Construction"
"24462",2001-03-01,"Mar 2001","Row",418,"Scss","Under Construction"
"24462",2001-03-01,"Mar 2001","Apartment",3767,"Scss","Under Construction"
"24462",2001-03-01,"Mar 2001","All",6833,"Scss","Under Construction"
"24462",2001-04-01,"Apr 2001","Single",3248,"Scss","Under Construction"
"24462",2001-04-01,"Apr 2001","Semi-Detached",386,"Scss","Under Construction"
"24462",2001-04-01,"Apr 2001","Row",502,"Scss","Under Construction"
"24462",2001-04-01,"Apr 2001","Apartment",4066,"Scss","Under Construction"
"24462",2001-04-01,"Apr 2001","All",8202,"Scss","Under Construction"
"24462",2001-05-01,"May 2001","Single",3483,"Scss","Under Construction"
"24462",2001-05-01,"May 2001","Semi-Detached",402,"Scss","Under Construction"
"24462",2001-05-01,"May 2001","Row",575,"Scss","Under Construction"
"24462",2001-05-01,"May 2001","Apartment",4085,"Scss","Under Construction"
"24462",2001-05-01,"May 2001","All",8545,"Scss","Under Construction"
"24462",2001-06-01,"Jun 2001","Single",2996,"Scss","Under Construction"
"24462",2001-06-01,"Jun 2001","Semi-Detached",350,"Scss","Under Construction"
"24462",2001-06-01,"Jun 2001","Row",501,"Scss","Under Construction"
"24462",2001-06-01,"Jun 2001","Apartment",4215,"Scss","Under Construction"
"24462",2001-06-01,"Jun 2001","All",8062,"Scss","Under Construction"
"24462",2001-07-01,"Jul 2001","Single",2119,"Scss","Under Construction"
"24462",2001-07-01,"Jul 2001","Semi-Detached",232,"Scss","Under Construction"
"24462",2001-07-01,"Jul 2001","Row",417,"Scss","Under Construction"
"24462",2001-07-01,"Jul 2001","Apartment",3374,"Scss","Under Construction"
"24462",2001-07-01,"Jul 2001","All",6142,"Scss","Under Construction"
"24462",2001-08-01,"Aug 2001","Single",2034,"Scss","Under Construction"
"24462",2001-08-01,"Aug 2001","Semi-Detached",212,"Scss","Under Construction"
"24462",2001-08-01,"Aug 2001","Row",322,"Scss","Under Construction"
"24462",2001-08-01,"Aug 2001","Apartment",3301,"Scss","Under Construction"
"24462",2001-08-01,"Aug 2001","All",5869,"Scss","Under Construction"
"24462",2001-09-01,"Sep 2001","Single",1967,"Scss","Under Construction"
"24462",2001-09-01,"Sep 2001","Semi-Detached",168,"Scss","Under Construction"
"24462",2001-09-01,"Sep 2001","Row",317,"Scss","Under Construction"
"24462",2001-09-01,"Sep 2001","Apartment",2951,"Scss","Under Construction"
"24462",2001-09-01,"Sep 2001","All",5403,"Scss","Under Construction"
"24462",2001-10-01,"Oct 2001","Single",1948,"Scss","Under Construction"
"24462",2001-10-01,"Oct 2001","Semi-Detached",193,"Scss","Under Construction"
"24462",2001-10-01,"Oct 2001","Row",318,"Scss","Under Construction"
"24462",2001-10-01,"Oct 2001","Apartment",3148,"Scss","Under Construction"
"24462",2001-10-01,"Oct 2001","All",5607,"Scss","Under Construction"
"24462",2001-11-01,"Nov 2001","Single",1896,"Scss","Under Construction"
"24462",2001-11-01,"Nov 2001","Semi-Detached",212,"Scss","Under Construction"
"24462",2001-11-01,"Nov 2001","Row",360,"Scss","Under Construction"
"24462",2001-11-01,"Nov 2001","Apartment",2907,"Scss","Under Construction"
"24462",2001-11-01,"Nov 2001","All",5375,"Scss","Under Construction"
"24462",2001-12-01,"Dec 2001","Single",2104,"Scss","Under Construction"
"24462",2001-12-01,"Dec 2001","Semi-Detached",219,"Scss","Under Construction"
"24462",2001-12-01,"Dec 2001","Row",339,"Scss","Under Construction"
"24462",2001-12-01,"Dec 2001","Apartment",3082,"Scss","Under Construction"
"24462",2001-12-01,"Dec 2001","All",5744,"Scss","Under Construction"
"24462",2002-01-01,"Jan 2002","Single",2055,"Scss","Under Construction"
"24462",2002-01-01,"Jan 2002","Semi-Detached",223,"Scss","Under Construction"
"24462",2002-01-01,"Jan 2002","Row",318,"Scss","Under Construction"
"24462",2002-01-01,"Jan 2002","Apartment",3466,"Scss","Under Construction"
"24462",2002-01-01,"Jan 2002","All",6062,"Scss","Under Construction"
"24462",2002-02-01,"Feb 2002","Single",2381,"Scss","Under Construction"
"24462",2002-02-01,"Feb 2002","Semi-Detached",247,"Scss","Under Construction"
"24462",2002-02-01,"Feb 2002","Row",334,"Scss","Under Construction"
"24462",2002-02-01,"Feb 2002","Apartment",3805,"Scss","Under Construction"
"24462",2002-02-01,"Feb 2002","All",6767,"Scss","Under Construction"
"24462",2002-03-01,"Mar 2002","Single",3201,"Scss","Under Construction"
"24462",2002-03-01,"Mar 2002","Semi-Detached",287,"Scss","Under Construction"
"24462",2002-03-01,"Mar 2002","Row",435,"Scss","Under Construction"
"24462",2002-03-01,"Mar 2002","Apartment",3872,"Scss","Under Construction"
"24462",2002-03-01,"Mar 2002","All",7795,"Scss","Under Construction"
"24462",2002-04-01,"Apr 2002","Single",4304,"Scss","Under Construction"
"24462",2002-04-01,"Apr 2002","Semi-Detached",336,"Scss","Under Construction"
"24462",2002-04-01,"Apr 2002","Row",540,"Scss","Under Construction"
"24462",2002-04-01,"Apr 2002","Apartment",4383,"Scss","Under Construction"
"24462",2002-04-01,"Apr 2002","All",9563,"Scss","Under Construction"
"24462",2002-05-01,"May 2002","Single",4832,"Scss","Under Construction"
"24462",2002-05-01,"May 2002","Semi-Detached",426,"Scss","Under Construction"
"24462",2002-05-01,"May 2002","Row",581,"Scss","Under Construction"
"24462",2002-05-01,"May 2002","Apartment",4677,"Scss","Under Construction"
"24462",2002-05-01,"May 2002","All",10516,"Scss","Under Construction"
"24462",2002-06-01,"Jun 2002","Single",4531,"Scss","Under Construction"
"24462",2002-06-01,"Jun 2002","Semi-Detached",416,"Scss","Under Construction"
"24462",2002-06-01,"Jun 2002","Row",573,"Scss","Under Construction"
"24462",2002-06-01,"Jun 2002","Apartment",4866,"Scss","Under Construction"
"24462",2002-06-01,"Jun 2002","All",10386,"Scss","Under Construction"
"24462",2002-07-01,"Jul 2002","Single",4128,"Scss","Under Construction"
"24462",2002-07-01,"Jul 2002","Semi-Detached",360,"Scss","Under Construction"
"24462",2002-07-01,"Jul 2002","Row",418,"Scss","Under Construction"
"24462",2002-07-01,"Jul 2002","Apartment",4654,"Scss","Under Construction"
"24462",2002-07-01,"Jul 2002","All",9560,"Scss","Under Construction"
"24462",2002-08-01,"Aug 2002","Single",3357,"Scss","Under Construction"
"24462",2002-08-01,"Aug 2002","Semi-Detached",302,"Scss","Under Construction"
"24462",2002-08-01,"Aug 2002","Row",386,"Scss","Under Construction"
"24462",2002-08-01,"Aug 2002","Apartment",4389,"Scss","Under Construction"
"24462",2002-08-01,"Aug 2002","All",8434,"Scss","Under Construction"
"24462",2002-09-01,"Sep 2002","Single",3294,"Scss","Under Construction"
"24462",2002-09-01,"Sep 2002","Semi-Detached",290,"Scss","Under Construction"
"24462",2002-09-01,"Sep 2002","Row",377,"Scss","Under Construction"
"24462",2002-09-01,"Sep 2002","Apartment",4864,"Scss","Under Construction"
"24462",2002-09-01,"Sep 2002","All",8825,"Scss","Under Construction"
"24462",2002-10-01,"Oct 2002","Single",3294,"Scss","Under Construction"
"24462",2002-10-01,"Oct 2002","Semi-Detached",290,"Scss","Under Construction"
"24462",2002-10-01,"Oct 2002","Row",393,"Scss","Under Construction"
"24462",2002-10-01,"Oct 2002","Apartment",5299,"Scss","Under Construction"
"24462",2002-10-01,"Oct 2002","All",9276,"Scss","Under Construction"
"24462",2002-11-01,"Nov 2002","Single",3331,"Scss","Under Construction"
"24462",2002-11-01,"Nov 2002","Semi-Detached",310,"Scss","Under Construction"
"24462",2002-11-01,"Nov 2002","Row",467,"Scss","Under Construction"
"24462",2002-11-01,"Nov 2002","Apartment",5461,"Scss","Under Construction"
"24462",2002-11-01,"Nov 2002","All",9569,"Scss","Under Construction"
"24462",2002-12-01,"Dec 2002","Single",3358,"Scss","Under Construction"
"24462",2002-12-01,"Dec 2002","Semi-Detached",326,"Scss","Under Construction"
"24462",2002-12-01,"Dec 2002","Row",445,"Scss","Under Construction"
"24462",2002-12-01,"Dec 2002","Apartment",6107,"Scss","Under Construction"
"24462",2002-12-01,"Dec 2002","All",10236,"Scss","Under Construction"
"24462",2003-01-01,"Jan 2003","Single",3129,"Scss","Under Construction"
"24462",2003-01-01,"Jan 2003","Semi-Detached",304,"Scss","Under Construction"
"24462",2003-01-01,"Jan 2003","Row",420,"Scss","Under Construction"
"24462",2003-01-01,"Jan 2003","Apartment",6543,"Scss","Under Construction"
"24462",2003-01-01,"Jan 2003","All",10396,"Scss","Under Construction"
"24462",2003-02-01,"Feb 2003","Single",3376,"Scss","Under Construction"
"24462",2003-02-01,"Feb 2003","Semi-Detached",328,"Scss","Under Construction"
"24462",2003-02-01,"Feb 2003","Row",403,"Scss","Under Construction"
"24462",2003-02-01,"Feb 2003","Apartment",6799,"Scss","Under Construction"
"24462",2003-02-01,"Feb 2003","All",10906,"Scss","Under Construction"
"24462",2003-03-01,"Mar 2003","Single",3885,"Scss","Under Construction"
"24462",2003-03-01,"Mar 2003","Semi-Detached",380,"Scss","Under Construction"
"24462",2003-03-01,"Mar 2003","Row",443,"Scss","Under Construction"
"24462",2003-03-01,"Mar 2003","Apartment",6647,"Scss","Under Construction"
"24462",2003-03-01,"Mar 2003","All",11355,"Scss","Under Construction"
"24462",2003-04-01,"Apr 2003","Single",4818,"Scss","Under Construction"
"24462",2003-04-01,"Apr 2003","Semi-Detached",482,"Scss","Under Construction"
"24462",2003-04-01,"Apr 2003","Row",478,"Scss","Under Construction"
"24462",2003-04-01,"Apr 2003","Apartment",7113,"Scss","Under Construction"
"24462",2003-04-01,"Apr 2003","All",12891,"Scss","Under Construction"
"24462",2003-05-01,"May 2003","Single",5126,"Scss","Under Construction"
"24462",2003-05-01,"May 2003","Semi-Detached",540,"Scss","Under Construction"
"24462",2003-05-01,"May 2003","Row",481,"Scss","Under Construction"
"24462",2003-05-01,"May 2003","Apartment",7458,"Scss","Under Construction"
"24462",2003-05-01,"May 2003","All",13605,"Scss","Under Construction"
"24462",2003-06-01,"Jun 2003","Single",4712,"Scss","Under Construction"
"24462",2003-06-01,"Jun 2003","Semi-Detached",526,"Scss","Under Construction"
"24462",2003-06-01,"Jun 2003","Row",452,"Scss","Under Construction"
"24462",2003-06-01,"Jun 2003","Apartment",7296,"Scss","Under Construction"
"24462",2003-06-01,"Jun 2003","All",12986,"Scss","Under Construction"
"24462",2003-07-01,"Jul 2003","Single",3688,"Scss","Under Construction"
"24462",2003-07-01,"Jul 2003","Semi-Detached",382,"Scss","Under Construction"
"24462",2003-07-01,"Jul 2003","Row",383,"Scss","Under Construction"
"24462",2003-07-01,"Jul 2003","Apartment",7365,"Scss","Under Construction"
"24462",2003-07-01,"Jul 2003","All",11818,"Scss","Under Construction"
"24462",2003-08-01,"Aug 2003","Single",3730,"Scss","Under Construction"
"24462",2003-08-01,"Aug 2003","Semi-Detached",361,"Scss","Under Construction"
"24462",2003-08-01,"Aug 2003","Row",380,"Scss","Under Construction"
"24462",2003-08-01,"Aug 2003","Apartment",7860,"Scss","Under Construction"
"24462",2003-08-01,"Aug 2003","All",12331,"Scss","Under Construction"
"24462",2003-09-01,"Sep 2003","Single",3647,"Scss","Under Construction"
"24462",2003-09-01,"Sep 2003","Semi-Detached",375,"Scss","Under Construction"
"24462",2003-09-01,"Sep 2003","Row",359,"Scss","Under Construction"
"24462",2003-09-01,"Sep 2003","Apartment",8422,"Scss","Under Construction"
"24462",2003-09-01,"Sep 2003","All",12803,"Scss","Under Construction"
"24462",2003-10-01,"Oct 2003","Single",3637,"Scss","Under Construction"
"24462",2003-10-01,"Oct 2003","Semi-Detached",383,"Scss","Under Construction"
"24462",2003-10-01,"Oct 2003","Row",285,"Scss","Under Construction"
"24462",2003-10-01,"Oct 2003","Apartment",8821,"Scss","Under Construction"
"24462",2003-10-01,"Oct 2003","All",13126,"Scss","Under Construction"
"24462",2003-11-01,"Nov 2003","Single",3730,"Scss","Under Construction"
"24462",2003-11-01,"Nov 2003","Semi-Detached",380,"Scss","Under Construction"
"24462",2003-11-01,"Nov 2003","Row",254,"Scss","Under Construction"
"24462",2003-11-01,"Nov 2003","Apartment",9324,"Scss","Under Construction"
"24462",2003-11-01,"Nov 2003","All",13688,"Scss","Under Construction"
"24462",2003-12-01,"Dec 2003","Single",3856,"Scss","Under Construction"
"24462",2003-12-01,"Dec 2003","Semi-Detached",412,"Scss","Under Construction"
"24462",2003-12-01,"Dec 2003","Row",305,"Scss","Under Construction"
"24462",2003-12-01,"Dec 2003","Apartment",9806,"Scss","Under Construction"
"24462",2003-12-01,"Dec 2003","All",14379,"Scss","Under Construction"
"24462",2004-01-01,"Jan 2004","Single",3484,"Scss","Under Construction"
"24462",2004-01-01,"Jan 2004","Semi-Detached",478,"Scss","Under Construction"
"24462",2004-01-01,"Jan 2004","Row",288,"Scss","Under Construction"
"24462",2004-01-01,"Jan 2004","Apartment",10163,"Scss","Under Construction"
"24462",2004-01-01,"Jan 2004","All",14413,"Scss","Under Construction"
"24462",2004-02-01,"Feb 2004","Single",3612,"Scss","Under Construction"
"24462",2004-02-01,"Feb 2004","Semi-Detached",508,"Scss","Under Construction"
"24462",2004-02-01,"Feb 2004","Row",305,"Scss","Under Construction"
"24462",2004-02-01,"Feb 2004","Apartment",10474,"Scss","Under Construction"
"24462",2004-02-01,"Feb 2004","All",14899,"Scss","Under Construction"
"24462",2004-03-01,"Mar 2004","Single",4163,"Scss","Under Construction"
"24462",2004-03-01,"Mar 2004","Semi-Detached",534,"Scss","Under Construction"
"24462",2004-03-01,"Mar 2004","Row",377,"Scss","Under Construction"
"24462",2004-03-01,"Mar 2004","Apartment",11054,"Scss","Under Construction"
"24462",2004-03-01,"Mar 2004","All",16128,"Scss","Under Construction"
"24462",2004-04-01,"Apr 2004","Single",5147,"Scss","Under Construction"
"24462",2004-04-01,"Apr 2004","Semi-Detached",686,"Scss","Under Construction"
"24462",2004-04-01,"Apr 2004","Row",383,"Scss","Under Construction"
"24462",2004-04-01,"Apr 2004","Apartment",12335,"Scss","Under Construction"
"24462",2004-04-01,"Apr 2004","All",18551,"Scss","Under Construction"
"24462",2004-05-01,"May 2004","Single",5489,"Scss","Under Construction"
"24462",2004-05-01,"May 2004","Semi-Detached",678,"Scss","Under Construction"
"24462",2004-05-01,"May 2004","Row",445,"Scss","Under Construction"
"24462",2004-05-01,"May 2004","Apartment",14191,"Scss","Under Construction"
"24462",2004-05-01,"May 2004","All",20803,"Scss","Under Construction"
"24462",2004-06-01,"Jun 2004","Single",5274,"Scss","Under Construction"
"24462",2004-06-01,"Jun 2004","Semi-Detached",698,"Scss","Under Construction"
"24462",2004-06-01,"Jun 2004","Row",483,"Scss","Under Construction"
"24462",2004-06-01,"Jun 2004","Apartment",14441,"Scss","Under Construction"
"24462",2004-06-01,"Jun 2004","All",20896,"Scss","Under Construction"
"24462",2004-07-01,"Jul 2004","Single",4474,"Scss","Under Construction"
"24462",2004-07-01,"Jul 2004","Semi-Detached",552,"Scss","Under Construction"
"24462",2004-07-01,"Jul 2004","Row",391,"Scss","Under Construction"
"24462",2004-07-01,"Jul 2004","Apartment",12641,"Scss","Under Construction"
"24462",2004-07-01,"Jul 2004","All",18058,"Scss","Under Construction"
"24462",2004-08-01,"Aug 2004","Single",4080,"Scss","Under Construction"
"24462",2004-08-01,"Aug 2004","Semi-Detached",483,"Scss","Under Construction"
"24462",2004-08-01,"Aug 2004","Row",379,"Scss","Under Construction"
"24462",2004-08-01,"Aug 2004","Apartment",12907,"Scss","Under Construction"
"24462",2004-08-01,"Aug 2004","All",17849,"Scss","Under Construction"
"24462",2004-09-01,"Sep 2004","Single",4153,"Scss","Under Construction"
"24462",2004-09-01,"Sep 2004","Semi-Detached",503,"Scss","Under Construction"
"24462",2004-09-01,"Sep 2004","Row",404,"Scss","Under Construction"
"24462",2004-09-01,"Sep 2004","Apartment",12425,"Scss","Under Construction"
"24462",2004-09-01,"Sep 2004","All",17485,"Scss","Under Construction"
"24462",2004-10-01,"Oct 2004","Single",4057,"Scss","Under Construction"
"24462",2004-10-01,"Oct 2004","Semi-Detached",505,"Scss","Under Construction"
"24462",2004-10-01,"Oct 2004","Row",478,"Scss","Under Construction"
"24462",2004-10-01,"Oct 2004","Apartment",12511,"Scss","Under Construction"
"24462",2004-10-01,"Oct 2004","All",17551,"Scss","Under Construction"
"24462",2004-11-01,"Nov 2004","Single",4085,"Scss","Under Construction"
"24462",2004-11-01,"Nov 2004","Semi-Detached",513,"Scss","Under Construction"
"24462",2004-11-01,"Nov 2004","Row",555,"Scss","Under Construction"
"24462",2004-11-01,"Nov 2004","Apartment",13490,"Scss","Under Construction"
"24462",2004-11-01,"Nov 2004","All",18643,"Scss","Under Construction"
"24462",2004-12-01,"Dec 2004","Single",3968,"Scss","Under Construction"
"24462",2004-12-01,"Dec 2004","Semi-Detached",468,"Scss","Under Construction"
"24462",2004-12-01,"Dec 2004","Row",550,"Scss","Under Construction"
"24462",2004-12-01,"Dec 2004","Apartment",13304,"Scss","Under Construction"
"24462",2004-12-01,"Dec 2004","All",18290,"Scss","Under Construction"
"24462",2005-01-01,"Jan 2005","Single",3576,"Scss","Under Construction"
"24462",2005-01-01,"Jan 2005","Semi-Detached",426,"Scss","Under Construction"
"24462",2005-01-01,"Jan 2005","Row",545,"Scss","Under Construction"
"24462",2005-01-01,"Jan 2005","Apartment",13636,"Scss","Under Construction"
"24462",2005-01-01,"Jan 2005","All",18183,"Scss","Under Construction"
"24462",2005-02-01,"Feb 2005","Single",3610,"Scss","Under Construction"
"24462",2005-02-01,"Feb 2005","Semi-Detached",432,"Scss","Under Construction"
"24462",2005-02-01,"Feb 2005","Row",567,"Scss","Under Construction"
"24462",2005-02-01,"Feb 2005","Apartment",13553,"Scss","Under Construction"
"24462",2005-02-01,"Feb 2005","All",18162,"Scss","Under Construction"
"24462",2005-03-01,"Mar 2005","Single",3953,"Scss","Under Construction"
"24462",2005-03-01,"Mar 2005","Semi-Detached",506,"Scss","Under Construction"
"24462",2005-03-01,"Mar 2005","Row",586,"Scss","Under Construction"
"24462",2005-03-01,"Mar 2005","Apartment",13463,"Scss","Under Construction"
"24462",2005-03-01,"Mar 2005","All",18508,"Scss","Under Construction"
"24462",2005-04-01,"Apr 2005","Single",4471,"Scss","Under Construction"
"24462",2005-04-01,"Apr 2005","Semi-Detached",620,"Scss","Under Construction"
"24462",2005-04-01,"Apr 2005","Row",645,"Scss","Under Construction"
"24462",2005-04-01,"Apr 2005","Apartment",13780,"Scss","Under Construction"
"24462",2005-04-01,"Apr 2005","All",19516,"Scss","Under Construction"
"24462",2005-05-01,"May 2005","Single",4694,"Scss","Under Construction"
"24462",2005-05-01,"May 2005","Semi-Detached",620,"Scss","Under Construction"
"24462",2005-05-01,"May 2005","Row",640,"Scss","Under Construction"
"24462",2005-05-01,"May 2005","Apartment",13936,"Scss","Under Construction"
"24462",2005-05-01,"May 2005","All",19890,"Scss","Under Construction"
"24462",2005-06-01,"Jun 2005","Single",4348,"Scss","Under Construction"
"24462",2005-06-01,"Jun 2005","Semi-Detached",564,"Scss","Under Construction"
"24462",2005-06-01,"Jun 2005","Row",637,"Scss","Under Construction"
"24462",2005-06-01,"Jun 2005","Apartment",13968,"Scss","Under Construction"
"24462",2005-06-01,"Jun 2005","All",19517,"Scss","Under Construction"
"24462",2005-07-01,"Jul 2005","Single",3453,"Scss","Under Construction"
"24462",2005-07-01,"Jul 2005","Semi-Detached",378,"Scss","Under Construction"
"24462",2005-07-01,"Jul 2005","Row",472,"Scss","Under Construction"
"24462",2005-07-01,"Jul 2005","Apartment",12211,"Scss","Under Construction"
"24462",2005-07-01,"Jul 2005","All",16514,"Scss","Under Construction"
"24462",2005-08-01,"Aug 2005","Single",3221,"Scss","Under Construction"
"24462",2005-08-01,"Aug 2005","Semi-Detached",336,"Scss","Under Construction"
"24462",2005-08-01,"Aug 2005","Row",427,"Scss","Under Construction"
"24462",2005-08-01,"Aug 2005","Apartment",12016,"Scss","Under Construction"
"24462",2005-08-01,"Aug 2005","All",16000,"Scss","Under Construction"
"24462",2005-09-01,"Sep 2005","Single",3226,"Scss","Under Construction"
"24462",2005-09-01,"Sep 2005","Semi-Detached",332,"Scss","Under Construction"
"24462",2005-09-01,"Sep 2005","Row",440,"Scss","Under Construction"
"24462",2005-09-01,"Sep 2005","Apartment",12665,"Scss","Under Construction"
"24462",2005-09-01,"Sep 2005","All",16663,"Scss","Under Construction"
"24462",2005-10-01,"Oct 2005","Single",3282,"Scss","Under Construction"
"24462",2005-10-01,"Oct 2005","Semi-Detached",368,"Scss","Under Construction"
"24462",2005-10-01,"Oct 2005","Row",436,"Scss","Under Construction"
"24462",2005-10-01,"Oct 2005","Apartment",13230,"Scss","Under Construction"
"24462",2005-10-01,"Oct 2005","All",17316,"Scss","Under Construction"
"24462",2005-11-01,"Nov 2005","Single",3293,"Scss","Under Construction"
"24462",2005-11-01,"Nov 2005","Semi-Detached",384,"Scss","Under Construction"
"24462",2005-11-01,"Nov 2005","Row",426,"Scss","Under Construction"
"24462",2005-11-01,"Nov 2005","Apartment",13468,"Scss","Under Construction"
"24462",2005-11-01,"Nov 2005","All",17571,"Scss","Under Construction"
"24462",2005-12-01,"Dec 2005","Single",3235,"Scss","Under Construction"
"24462",2005-12-01,"Dec 2005","Semi-Detached",398,"Scss","Under Construction"
"24462",2005-12-01,"Dec 2005","Row",460,"Scss","Under Construction"
"24462",2005-12-01,"Dec 2005","Apartment",13764,"Scss","Under Construction"
"24462",2005-12-01,"Dec 2005","All",17857,"Scss","Under Construction"
"24462",2006-01-01,"Jan 2006","Single",2909,"Scss","Under Construction"
"24462",2006-01-01,"Jan 2006","Semi-Detached",350,"Scss","Under Construction"
"24462",2006-01-01,"Jan 2006","Row",426,"Scss","Under Construction"
"24462",2006-01-01,"Jan 2006","Apartment",13704,"Scss","Under Construction"
"24462",2006-01-01,"Jan 2006","All",17389,"Scss","Under Construction"
"24462",2006-02-01,"Feb 2006","Single",3021,"Scss","Under Construction"
"24462",2006-02-01,"Feb 2006","Semi-Detached",352,"Scss","Under Construction"
"24462",2006-02-01,"Feb 2006","Row",470,"Scss","Under Construction"
"24462",2006-02-01,"Feb 2006","Apartment",13729,"Scss","Under Construction"
"24462",2006-02-01,"Feb 2006","All",17572,"Scss","Under Construction"
"24462",2006-03-01,"Mar 2006","Single",3359,"Scss","Under Construction"
"24462",2006-03-01,"Mar 2006","Semi-Detached",374,"Scss","Under Construction"
"24462",2006-03-01,"Mar 2006","Row",549,"Scss","Under Construction"
"24462",2006-03-01,"Mar 2006","Apartment",14630,"Scss","Under Construction"
"24462",2006-03-01,"Mar 2006","All",18912,"Scss","Under Construction"
"24462",2006-04-01,"Apr 2006","Single",3934,"Scss","Under Construction"
"24462",2006-04-01,"Apr 2006","Semi-Detached",414,"Scss","Under Construction"
"24462",2006-04-01,"Apr 2006","Row",564,"Scss","Under Construction"
"24462",2006-04-01,"Apr 2006","Apartment",14207,"Scss","Under Construction"
"24462",2006-04-01,"Apr 2006","All",19119,"Scss","Under Construction"
"24462",2006-05-01,"May 2006","Single",4031,"Scss","Under Construction"
"24462",2006-05-01,"May 2006","Semi-Detached",402,"Scss","Under Construction"
"24462",2006-05-01,"May 2006","Row",578,"Scss","Under Construction"
"24462",2006-05-01,"May 2006","Apartment",14438,"Scss","Under Construction"
"24462",2006-05-01,"May 2006","All",19449,"Scss","Under Construction"
"24462",2006-06-01,"Jun 2006","Single",3695,"Scss","Under Construction"
"24462",2006-06-01,"Jun 2006","Semi-Detached",362,"Scss","Under Construction"
"24462",2006-06-01,"Jun 2006","Row",516,"Scss","Under Construction"
"24462",2006-06-01,"Jun 2006","Apartment",13775,"Scss","Under Construction"
"24462",2006-06-01,"Jun 2006","All",18348,"Scss","Under Construction"
"24462",2006-07-01,"Jul 2006","Single",3146,"Scss","Under Construction"
"24462",2006-07-01,"Jul 2006","Semi-Detached",300,"Scss","Under Construction"
"24462",2006-07-01,"Jul 2006","Row",437,"Scss","Under Construction"
"24462",2006-07-01,"Jul 2006","Apartment",12789,"Scss","Under Construction"
"24462",2006-07-01,"Jul 2006","All",16672,"Scss","Under Construction"
"24462",2006-08-01,"Aug 2006","Single",2890,"Scss","Under Construction"
"24462",2006-08-01,"Aug 2006","Semi-Detached",276,"Scss","Under Construction"
"24462",2006-08-01,"Aug 2006","Row",362,"Scss","Under Construction"
"24462",2006-08-01,"Aug 2006","Apartment",12687,"Scss","Under Construction"
"24462",2006-08-01,"Aug 2006","All",16215,"Scss","Under Construction"
"24462",2006-09-01,"Sep 2006","Single",2781,"Scss","Under Construction"
"24462",2006-09-01,"Sep 2006","Semi-Detached",264,"Scss","Under Construction"
"24462",2006-09-01,"Sep 2006","Row",388,"Scss","Under Construction"
"24462",2006-09-01,"Sep 2006","Apartment",12891,"Scss","Under Construction"
"24462",2006-09-01,"Sep 2006","All",16324,"Scss","Under Construction"
"24462",2006-10-01,"Oct 2006","Single",2673,"Scss","Under Construction"
"24462",2006-10-01,"Oct 2006","Semi-Detached",280,"Scss","Under Construction"
"24462",2006-10-01,"Oct 2006","Row",404,"Scss","Under Construction"
"24462",2006-10-01,"Oct 2006","Apartment",13543,"Scss","Under Construction"
"24462",2006-10-01,"Oct 2006","All",16900,"Scss","Under Construction"
"24462",2006-11-01,"Nov 2006","Single",2649,"Scss","Under Construction"
"24462",2006-11-01,"Nov 2006","Semi-Detached",260,"Scss","Under Construction"
"24462",2006-11-01,"Nov 2006","Row",362,"Scss","Under Construction"
"24462",2006-11-01,"Nov 2006","Apartment",13016,"Scss","Under Construction"
"24462",2006-11-01,"Nov 2006","All",16287,"Scss","Under Construction"
"24462",2006-12-01,"Dec 2006","Single",2631,"Scss","Under Construction"
"24462",2006-12-01,"Dec 2006","Semi-Detached",282,"Scss","Under Construction"
"24462",2006-12-01,"Dec 2006","Row",396,"Scss","Under Construction"
"24462",2006-12-01,"Dec 2006","Apartment",13066,"Scss","Under Construction"
"24462",2006-12-01,"Dec 2006","All",16375,"Scss","Under Construction"
"24462",2007-01-01,"Jan 2007","Single",2568,"Scss","Under Construction"
"24462",2007-01-01,"Jan 2007","Semi-Detached",288,"Scss","Under Construction"
"24462",2007-01-01,"Jan 2007","Row",482,"Scss","Under Construction"
"24462",2007-01-01,"Jan 2007","Apartment",12998,"Scss","Under Construction"
"24462",2007-01-01,"Jan 2007","All",16336,"Scss","Under Construction"
"24462",2007-02-01,"Feb 2007","Single",2544,"Scss","Under Construction"
"24462",2007-02-01,"Feb 2007","Semi-Detached",284,"Scss","Under Construction"
"24462",2007-02-01,"Feb 2007","Row",510,"Scss","Under Construction"
"24462",2007-02-01,"Feb 2007","Apartment",12041,"Scss","Under Construction"
"24462",2007-02-01,"Feb 2007","All",15379,"Scss","Under Construction"
"24462",2007-03-01,"Mar 2007","Single",3051,"Scss","Under Construction"
"24462",2007-03-01,"Mar 2007","Semi-Detached",344,"Scss","Under Construction"
"24462",2007-03-01,"Mar 2007","Row",487,"Scss","Under Construction"
"24462",2007-03-01,"Mar 2007","Apartment",12111,"Scss","Under Construction"
"24462",2007-03-01,"Mar 2007","All",15993,"Scss","Under Construction"
"24462",2007-04-01,"Apr 2007","Single",3644,"Scss","Under Construction"
"24462",2007-04-01,"Apr 2007","Semi-Detached",448,"Scss","Under Construction"
"24462",2007-04-01,"Apr 2007","Row",534,"Scss","Under Construction"
"24462",2007-04-01,"Apr 2007","Apartment",12583,"Scss","Under Construction"
"24462",2007-04-01,"Apr 2007","All",17209,"Scss","Under Construction"
"24462",2007-05-01,"May 2007","Single",3867,"Scss","Under Construction"
"24462",2007-05-01,"May 2007","Semi-Detached",472,"Scss","Under Construction"
"24462",2007-05-01,"May 2007","Row",598,"Scss","Under Construction"
"24462",2007-05-01,"May 2007","Apartment",12197,"Scss","Under Construction"
"24462",2007-05-01,"May 2007","All",17134,"Scss","Under Construction"
"24462",2007-06-01,"Jun 2007","Single",3704,"Scss","Under Construction"
"24462",2007-06-01,"Jun 2007","Semi-Detached",440,"Scss","Under Construction"
"24462",2007-06-01,"Jun 2007","Row",648,"Scss","Under Construction"
"24462",2007-06-01,"Jun 2007","Apartment",11165,"Scss","Under Construction"
"24462",2007-06-01,"Jun 2007","All",15957,"Scss","Under Construction"
"24462",2007-07-01,"Jul 2007","Single",3097,"Scss","Under Construction"
"24462",2007-07-01,"Jul 2007","Semi-Detached",360,"Scss","Under Construction"
"24462",2007-07-01,"Jul 2007","Row",675,"Scss","Under Construction"
"24462",2007-07-01,"Jul 2007","Apartment",9613,"Scss","Under Construction"
"24462",2007-07-01,"Jul 2007","All",13745,"Scss","Under Construction"
"24462",2007-08-01,"Aug 2007","Single",3077,"Scss","Under Construction"
"24462",2007-08-01,"Aug 2007","Semi-Detached",298,"Scss","Under Construction"
"24462",2007-08-01,"Aug 2007","Row",633,"Scss","Under Construction"
"24462",2007-08-01,"Aug 2007","Apartment",9602,"Scss","Under Construction"
"24462",2007-08-01,"Aug 2007","All",13610,"Scss","Under Construction"
"24462",2007-09-01,"Sep 2007","Single",3051,"Scss","Under Construction"
"24462",2007-09-01,"Sep 2007","Semi-Detached",324,"Scss","Under Construction"
"24462",2007-09-01,"Sep 2007","Row",681,"Scss","Under Construction"
"24462",2007-09-01,"Sep 2007","Apartment",11374,"Scss","Under Construction"
"24462",2007-09-01,"Sep 2007","All",15430,"Scss","Under Construction"
"24462",2007-10-01,"Oct 2007","Single",3016,"Scss","Under Construction"
"24462",2007-10-01,"Oct 2007","Semi-Detached",328,"Scss","Under Construction"
"24462",2007-10-01,"Oct 2007","Row",678,"Scss","Under Construction"
"24462",2007-10-01,"Oct 2007","Apartment",11364,"Scss","Under Construction"
"24462",2007-10-01,"Oct 2007","All",15386,"Scss","Under Construction"
"24462",2007-11-01,"Nov 2007","Single",3082,"Scss","Under Construction"
"24462",2007-11-01,"Nov 2007","Semi-Detached",380,"Scss","Under Construction"
"24462",2007-11-01,"Nov 2007","Row",653,"Scss","Under Construction"
"24462",2007-11-01,"Nov 2007","Apartment",11414,"Scss","Under Construction"
"24462",2007-11-01,"Nov 2007","All",15529,"Scss","Under Construction"
"24462",2007-12-01,"Dec 2007","Single",3000,"Scss","Under Construction"
"24462",2007-12-01,"Dec 2007","Semi-Detached",380,"Scss","Under Construction"
"24462",2007-12-01,"Dec 2007","Row",654,"Scss","Under Construction"
"24462",2007-12-01,"Dec 2007","Apartment",11299,"Scss","Under Construction"
"24462",2007-12-01,"Dec 2007","All",15333,"Scss","Under Construction"
"24462",2008-01-01,"Jan 2008","Single",2805,"Scss","Under Construction"
"24462",2008-01-01,"Jan 2008","Semi-Detached",398,"Scss","Under Construction"
"24462",2008-01-01,"Jan 2008","Row",687,"Scss","Under Construction"
"24462",2008-01-01,"Jan 2008","Apartment",11406,"Scss","Under Construction"
"24462",2008-01-01,"Jan 2008","All",15296,"Scss","Under Construction"
"24462",2008-02-01,"Feb 2008","Single",2861,"Scss","Under Construction"
"24462",2008-02-01,"Feb 2008","Semi-Detached",426,"Scss","Under Construction"
"24462",2008-02-01,"Feb 2008","Row",644,"Scss","Under Construction"
"24462",2008-02-01,"Feb 2008","Apartment",12040,"Scss","Under Construction"
"24462",2008-02-01,"Feb 2008","All",15971,"Scss","Under Construction"
"24462",2008-03-01,"Mar 2008","Single",2930,"Scss","Under Construction"
"24462",2008-03-01,"Mar 2008","Semi-Detached",474,"Scss","Under Construction"
"24462",2008-03-01,"Mar 2008","Row",652,"Scss","Under Construction"
"24462",2008-03-01,"Mar 2008","Apartment",12710,"Scss","Under Construction"
"24462",2008-03-01,"Mar 2008","All",16766,"Scss","Under Construction"
"24462",2008-04-01,"Apr 2008","Single",3325,"Scss","Under Construction"
"24462",2008-04-01,"Apr 2008","Semi-Detached",524,"Scss","Under Construction"
"24462",2008-04-01,"Apr 2008","Row",687,"Scss","Under Construction"
"24462",2008-04-01,"Apr 2008","Apartment",12912,"Scss","Under Construction"
"24462",2008-04-01,"Apr 2008","All",17448,"Scss","Under Construction"
"24462",2008-05-01,"May 2008","Single",3628,"Scss","Under Construction"
"24462",2008-05-01,"May 2008","Semi-Detached",568,"Scss","Under Construction"
"24462",2008-05-01,"May 2008","Row",780,"Scss","Under Construction"
"24462",2008-05-01,"May 2008","Apartment",12864,"Scss","Under Construction"
"24462",2008-05-01,"May 2008","All",17840,"Scss","Under Construction"
"24462",2008-06-01,"Jun 2008","Single",3431,"Scss","Under Construction"
"24462",2008-06-01,"Jun 2008","Semi-Detached",550,"Scss","Under Construction"
"24462",2008-06-01,"Jun 2008","Row",684,"Scss","Under Construction"
"24462",2008-06-01,"Jun 2008","Apartment",12862,"Scss","Under Construction"
"24462",2008-06-01,"Jun 2008","All",17527,"Scss","Under Construction"
"24462",2008-07-01,"Jul 2008","Single",2934,"Scss","Under Construction"
"24462",2008-07-01,"Jul 2008","Semi-Detached",428,"Scss","Under Construction"
"24462",2008-07-01,"Jul 2008","Row",571,"Scss","Under Construction"
"24462",2008-07-01,"Jul 2008","Apartment",12027,"Scss","Under Construction"
"24462",2008-07-01,"Jul 2008","All",15960,"Scss","Under Construction"
"24462",2008-08-01,"Aug 2008","Single",2770,"Scss","Under Construction"
"24462",2008-08-01,"Aug 2008","Semi-Detached",354,"Scss","Under Construction"
"24462",2008-08-01,"Aug 2008","Row",531,"Scss","Under Construction"
"24462",2008-08-01,"Aug 2008","Apartment",10905,"Scss","Under Construction"
"24462",2008-08-01,"Aug 2008","All",14560,"Scss","Under Construction"
"24462",2008-09-01,"Sep 2008","Single",2649,"Scss","Under Construction"
"24462",2008-09-01,"Sep 2008","Semi-Detached",360,"Scss","Under Construction"
"24462",2008-09-01,"Sep 2008","Row",545,"Scss","Under Construction"
"24462",2008-09-01,"Sep 2008","Apartment",10592,"Scss","Under Construction"
"24462",2008-09-01,"Sep 2008","All",14146,"Scss","Under Construction"
"24462",2008-10-01,"Oct 2008","Single",2576,"Scss","Under Construction"
"24462",2008-10-01,"Oct 2008","Semi-Detached",374,"Scss","Under Construction"
"24462",2008-10-01,"Oct 2008","Row",589,"Scss","Under Construction"
"24462",2008-10-01,"Oct 2008","Apartment",10083,"Scss","Under Construction"
"24462",2008-10-01,"Oct 2008","All",13622,"Scss","Under Construction"
"24462",2008-11-01,"Nov 2008","Single",2421,"Scss","Under Construction"
"24462",2008-11-01,"Nov 2008","Semi-Detached",400,"Scss","Under Construction"
"24462",2008-11-01,"Nov 2008","Row",658,"Scss","Under Construction"
"24462",2008-11-01,"Nov 2008","Apartment",10399,"Scss","Under Construction"
"24462",2008-11-01,"Nov 2008","All",13878,"Scss","Under Construction"
"24462",2008-12-01,"Dec 2008","Single",2215,"Scss","Under Construction"
"24462",2008-12-01,"Dec 2008","Semi-Detached",348,"Scss","Under Construction"
"24462",2008-12-01,"Dec 2008","Row",719,"Scss","Under Construction"
"24462",2008-12-01,"Dec 2008","Apartment",10203,"Scss","Under Construction"
"24462",2008-12-01,"Dec 2008","All",13485,"Scss","Under Construction"
"24462",2009-01-01,"Jan 2009","Single",1986,"Scss","Under Construction"
"24462",2009-01-01,"Jan 2009","Semi-Detached",340,"Scss","Under Construction"
"24462",2009-01-01,"Jan 2009","Row",670,"Scss","Under Construction"
"24462",2009-01-01,"Jan 2009","Apartment",10233,"Scss","Under Construction"
"24462",2009-01-01,"Jan 2009","All",13229,"Scss","Under Construction"
"24462",2009-02-01,"Feb 2009","Single",1831,"Scss","Under Construction"
"24462",2009-02-01,"Feb 2009","Semi-Detached",322,"Scss","Under Construction"
"24462",2009-02-01,"Feb 2009","Row",634,"Scss","Under Construction"
"24462",2009-02-01,"Feb 2009","Apartment",10405,"Scss","Under Construction"
"24462",2009-02-01,"Feb 2009","All",13192,"Scss","Under Construction"
"24462",2009-03-01,"Mar 2009","Single",1872,"Scss","Under Construction"
"24462",2009-03-01,"Mar 2009","Semi-Detached",412,"Scss","Under Construction"
"24462",2009-03-01,"Mar 2009","Row",702,"Scss","Under Construction"
"24462",2009-03-01,"Mar 2009","Apartment",11011,"Scss","Under Construction"
"24462",2009-03-01,"Mar 2009","All",13997,"Scss","Under Construction"
"24462",2009-04-01,"Apr 2009","Single",2025,"Scss","Under Construction"
"24462",2009-04-01,"Apr 2009","Semi-Detached",456,"Scss","Under Construction"
"24462",2009-04-01,"Apr 2009","Row",659,"Scss","Under Construction"
"24462",2009-04-01,"Apr 2009","Apartment",11314,"Scss","Under Construction"
"24462",2009-04-01,"Apr 2009","All",14454,"Scss","Under Construction"
"24462",2009-05-01,"May 2009","Single",2166,"Scss","Under Construction"
"24462",2009-05-01,"May 2009","Semi-Detached",524,"Scss","Under Construction"
"24462",2009-05-01,"May 2009","Row",672,"Scss","Under Construction"
"24462",2009-05-01,"May 2009","Apartment",11452,"Scss","Under Construction"
"24462",2009-05-01,"May 2009","All",14814,"Scss","Under Construction"
"24462",2009-06-01,"Jun 2009","Single",2178,"Scss","Under Construction"
"24462",2009-06-01,"Jun 2009","Semi-Detached",496,"Scss","Under Construction"
"24462",2009-06-01,"Jun 2009","Row",701,"Scss","Under Construction"
"24462",2009-06-01,"Jun 2009","Apartment",10916,"Scss","Under Construction"
"24462",2009-06-01,"Jun 2009","All",14291,"Scss","Under Construction"
"24462",2009-07-01,"Jul 2009","Single",2090,"Scss","Under Construction"
"24462",2009-07-01,"Jul 2009","Semi-Detached",448,"Scss","Under Construction"
"24462",2009-07-01,"Jul 2009","Row",702,"Scss","Under Construction"
"24462",2009-07-01,"Jul 2009","Apartment",9525,"Scss","Under Construction"
"24462",2009-07-01,"Jul 2009","All",12765,"Scss","Under Construction"
"24462",2009-08-01,"Aug 2009","Single",2059,"Scss","Under Construction"
"24462",2009-08-01,"Aug 2009","Semi-Detached",386,"Scss","Under Construction"
"24462",2009-08-01,"Aug 2009","Row",697,"Scss","Under Construction"
"24462",2009-08-01,"Aug 2009","Apartment",8705,"Scss","Under Construction"
"24462",2009-08-01,"Aug 2009","All",11847,"Scss","Under Construction"
"24462",2009-09-01,"Sep 2009","Single",2200,"Scss","Under Construction"
"24462",2009-09-01,"Sep 2009","Semi-Detached",432,"Scss","Under Construction"
"24462",2009-09-01,"Sep 2009","Row",682,"Scss","Under Construction"
"24462",2009-09-01,"Sep 2009","Apartment",8580,"Scss","Under Construction"
"24462",2009-09-01,"Sep 2009","All",11894,"Scss","Under Construction"
"24462",2009-10-01,"Oct 2009","Single",2302,"Scss","Under Construction"
"24462",2009-10-01,"Oct 2009","Semi-Detached",432,"Scss","Under Construction"
"24462",2009-10-01,"Oct 2009","Row",628,"Scss","Under Construction"
"24462",2009-10-01,"Oct 2009","Apartment",8669,"Scss","Under Construction"
"24462",2009-10-01,"Oct 2009","All",12031,"Scss","Under Construction"
"24462",2009-11-01,"Nov 2009","Single",2399,"Scss","Under Construction"
"24462",2009-11-01,"Nov 2009","Semi-Detached",454,"Scss","Under Construction"
"24462",2009-11-01,"Nov 2009","Row",607,"Scss","Under Construction"
"24462",2009-11-01,"Nov 2009","Apartment",9234,"Scss","Under Construction"
"24462",2009-11-01,"Nov 2009","All",12694,"Scss","Under Construction"
"24462",2009-12-01,"Dec 2009","Single",2458,"Scss","Under Construction"
"24462",2009-12-01,"Dec 2009","Semi-Detached",440,"Scss","Under Construction"
"24462",2009-12-01,"Dec 2009","Row",620,"Scss","Under Construction"
"24462",2009-12-01,"Dec 2009","Apartment",9561,"Scss","Under Construction"
"24462",2009-12-01,"Dec 2009","All",13079,"Scss","Under Construction"
"24462",2010-01-01,"Jan 2010","Single",2319,"Scss","Under Construction"
"24462",2010-01-01,"Jan 2010","Semi-Detached",452,"Scss","Under Construction"
"24462",2010-01-01,"Jan 2010","Row",644,"Scss","Under Construction"
"24462",2010-01-01,"Jan 2010","Apartment",10018,"Scss","Under Construction"
"24462",2010-01-01,"Jan 2010","All",13433,"Scss","Under Construction"
"24462",2010-02-01,"Feb 2010","Single",2335,"Scss","Under Construction"
"24462",2010-02-01,"Feb 2010","Semi-Detached",464,"Scss","Under Construction"
"24462",2010-02-01,"Feb 2010","Row",649,"Scss","Under Construction"
"24462",2010-02-01,"Feb 2010","Apartment",10274,"Scss","Under Construction"
"24462",2010-02-01,"Feb 2010","All",13722,"Scss","Under Construction"
"24462",2010-03-01,"Mar 2010","Single",2679,"Scss","Under Construction"
"24462",2010-03-01,"Mar 2010","Semi-Detached",546,"Scss","Under Construction"
"24462",2010-03-01,"Mar 2010","Row",679,"Scss","Under Construction"
"24462",2010-03-01,"Mar 2010","Apartment",10673,"Scss","Under Construction"
"24462",2010-03-01,"Mar 2010","All",14577,"Scss","Under Construction"
"24462",2010-04-01,"Apr 2010","Single",3055,"Scss","Under Construction"
"24462",2010-04-01,"Apr 2010","Semi-Detached",606,"Scss","Under Construction"
"24462",2010-04-01,"Apr 2010","Row",696,"Scss","Under Construction"
"24462",2010-04-01,"Apr 2010","Apartment",11377,"Scss","Under Construction"
"24462",2010-04-01,"Apr 2010","All",15734,"Scss","Under Construction"
"24462",2010-05-01,"May 2010","Single",3146,"Scss","Under Construction"
"24462",2010-05-01,"May 2010","Semi-Detached",638,"Scss","Under Construction"
"24462",2010-05-01,"May 2010","Row",691,"Scss","Under Construction"
"24462",2010-05-01,"May 2010","Apartment",11603,"Scss","Under Construction"
"24462",2010-05-01,"May 2010","All",16078,"Scss","Under Construction"
"24462",2010-06-01,"Jun 2010","Single",2996,"Scss","Under Construction"
"24462",2010-06-01,"Jun 2010","Semi-Detached",660,"Scss","Under Construction"
"24462",2010-06-01,"Jun 2010","Row",670,"Scss","Under Construction"
"24462",2010-06-01,"Jun 2010","Apartment",11368,"Scss","Under Construction"
"24462",2010-06-01,"Jun 2010","All",15694,"Scss","Under Construction"
"24462",2010-07-01,"Jul 2010","Single",2627,"Scss","Under Construction"
"24462",2010-07-01,"Jul 2010","Semi-Detached",570,"Scss","Under Construction"
"24462",2010-07-01,"Jul 2010","Row",601,"Scss","Under Construction"
"24462",2010-07-01,"Jul 2010","Apartment",10489,"Scss","Under Construction"
"24462",2010-07-01,"Jul 2010","All",14287,"Scss","Under Construction"
"24462",2010-08-01,"Aug 2010","Single",2466,"Scss","Under Construction"
"24462",2010-08-01,"Aug 2010","Semi-Detached",536,"Scss","Under Construction"
"24462",2010-08-01,"Aug 2010","Row",599,"Scss","Under Construction"
"24462",2010-08-01,"Aug 2010","Apartment",10434,"Scss","Under Construction"
"24462",2010-08-01,"Aug 2010","All",14035,"Scss","Under Construction"
"24462",2010-09-01,"Sep 2010","Single",2402,"Scss","Under Construction"
"24462",2010-09-01,"Sep 2010","Semi-Detached",552,"Scss","Under Construction"
"24462",2010-09-01,"Sep 2010","Row",553,"Scss","Under Construction"
"24462",2010-09-01,"Sep 2010","Apartment",10652,"Scss","Under Construction"
"24462",2010-09-01,"Sep 2010","All",14159,"Scss","Under Construction"
"24462",2010-10-01,"Oct 2010","Single",2367,"Scss","Under Construction"
"24462",2010-10-01,"Oct 2010","Semi-Detached",546,"Scss","Under Construction"
"24462",2010-10-01,"Oct 2010","Row",602,"Scss","Under Construction"
"24462",2010-10-01,"Oct 2010","Apartment",11036,"Scss","Under Construction"
"24462",2010-10-01,"Oct 2010","All",14551,"Scss","Under Construction"
"24462",2010-11-01,"Nov 2010","Single",2341,"Scss","Under Construction"
"24462",2010-11-01,"Nov 2010","Semi-Detached",588,"Scss","Under Construction"
"24462",2010-11-01,"Nov 2010","Row",633,"Scss","Under Construction"
"24462",2010-11-01,"Nov 2010","Apartment",11584,"Scss","Under Construction"
"24462",2010-11-01,"Nov 2010","All",15146,"Scss","Under Construction"
"24462",2010-12-01,"Dec 2010","Single",2247,"Scss","Under Construction"
"24462",2010-12-01,"Dec 2010","Semi-Detached",624,"Scss","Under Construction"
"24462",2010-12-01,"Dec 2010","Row",619,"Scss","Under Construction"
"24462",2010-12-01,"Dec 2010","Apartment",11698,"Scss","Under Construction"
"24462",2010-12-01,"Dec 2010","All",15188,"Scss","Under Construction"
"24462",2011-01-01,"Jan 2011","Single",2046,"Scss","Under Construction"
"24462",2011-01-01,"Jan 2011","Semi-Detached",526,"Scss","Under Construction"
"24462",2011-01-01,"Jan 2011","Row",610,"Scss","Under Construction"
"24462",2011-01-01,"Jan 2011","Apartment",11838,"Scss","Under Construction"
"24462",2011-01-01,"Jan 2011","All",15020,"Scss","Under Construction"
"24462",2011-02-01,"Feb 2011","Single",2022,"Scss","Under Construction"
"24462",2011-02-01,"Feb 2011","Semi-Detached",540,"Scss","Under Construction"
"24462",2011-02-01,"Feb 2011","Row",597,"Scss","Under Construction"
"24462",2011-02-01,"Feb 2011","Apartment",11720,"Scss","Under Construction"
"24462",2011-02-01,"Feb 2011","All",14879,"Scss","Under Construction"
"24462",2011-03-01,"Mar 2011","Single",2126,"Scss","Under Construction"
"24462",2011-03-01,"Mar 2011","Semi-Detached",626,"Scss","Under Construction"
"24462",2011-03-01,"Mar 2011","Row",656,"Scss","Under Construction"
"24462",2011-03-01,"Mar 2011","Apartment",12500,"Scss","Under Construction"
"24462",2011-03-01,"Mar 2011","All",15908,"Scss","Under Construction"
"24462",2011-04-01,"Apr 2011","Single",2388,"Scss","Under Construction"
"24462",2011-04-01,"Apr 2011","Semi-Detached",794,"Scss","Under Construction"
"24462",2011-04-01,"Apr 2011","Row",715,"Scss","Under Construction"
"24462",2011-04-01,"Apr 2011","Apartment",12957,"Scss","Under Construction"
"24462",2011-04-01,"Apr 2011","All",16854,"Scss","Under Construction"
"24462",2011-05-01,"May 2011","Single",2540,"Scss","Under Construction"
"24462",2011-05-01,"May 2011","Semi-Detached",774,"Scss","Under Construction"
"24462",2011-05-01,"May 2011","Row",783,"Scss","Under Construction"
"24462",2011-05-01,"May 2011","Apartment",13773,"Scss","Under Construction"
"24462",2011-05-01,"May 2011","All",17870,"Scss","Under Construction"
"24462",2011-06-01,"Jun 2011","Single",2498,"Scss","Under Construction"
"24462",2011-06-01,"Jun 2011","Semi-Detached",682,"Scss","Under Construction"
"24462",2011-06-01,"Jun 2011","Row",709,"Scss","Under Construction"
"24462",2011-06-01,"Jun 2011","Apartment",13475,"Scss","Under Construction"
"24462",2011-06-01,"Jun 2011","All",17364,"Scss","Under Construction"
"24462",2011-07-01,"Jul 2011","Single",2302,"Scss","Under Construction"
"24462",2011-07-01,"Jul 2011","Semi-Detached",558,"Scss","Under Construction"
"24462",2011-07-01,"Jul 2011","Row",646,"Scss","Under Construction"
"24462",2011-07-01,"Jul 2011","Apartment",13304,"Scss","Under Construction"
"24462",2011-07-01,"Jul 2011","All",16810,"Scss","Under Construction"
"24462",2011-08-01,"Aug 2011","Single",2083,"Scss","Under Construction"
"24462",2011-08-01,"Aug 2011","Semi-Detached",498,"Scss","Under Construction"
"24462",2011-08-01,"Aug 2011","Row",611,"Scss","Under Construction"
"24462",2011-08-01,"Aug 2011","Apartment",12496,"Scss","Under Construction"
"24462",2011-08-01,"Aug 2011","All",15688,"Scss","Under Construction"
"24462",2011-09-01,"Sep 2011","Single",2058,"Scss","Under Construction"
"24462",2011-09-01,"Sep 2011","Semi-Detached",474,"Scss","Under Construction"
"24462",2011-09-01,"Sep 2011","Row",606,"Scss","Under Construction"
"24462",2011-09-01,"Sep 2011","Apartment",13578,"Scss","Under Construction"
"24462",2011-09-01,"Sep 2011","All",16716,"Scss","Under Construction"
"24462",2011-10-01,"Oct 2011","Single",2041,"Scss","Under Construction"
"24462",2011-10-01,"Oct 2011","Semi-Detached",532,"Scss","Under Construction"
"24462",2011-10-01,"Oct 2011","Row",622,"Scss","Under Construction"
"24462",2011-10-01,"Oct 2011","Apartment",14120,"Scss","Under Construction"
"24462",2011-10-01,"Oct 2011","All",17315,"Scss","Under Construction"
"24462",2011-11-01,"Nov 2011","Single",2036,"Scss","Under Construction"
"24462",2011-11-01,"Nov 2011","Semi-Detached",476,"Scss","Under Construction"
"24462",2011-11-01,"Nov 2011","Row",616,"Scss","Under Construction"
"24462",2011-11-01,"Nov 2011","Apartment",15021,"Scss","Under Construction"
"24462",2011-11-01,"Nov 2011","All",18149,"Scss","Under Construction"
"24462",2011-12-01,"Dec 2011","Single",2004,"Scss","Under Construction"
"24462",2011-12-01,"Dec 2011","Semi-Detached",494,"Scss","Under Construction"
"24462",2011-12-01,"Dec 2011","Row",540,"Scss","Under Construction"
"24462",2011-12-01,"Dec 2011","Apartment",15220,"Scss","Under Construction"
"24462",2011-12-01,"Dec 2011","All",18258,"Scss","Under Construction"
"24462",2012-01-01,"Jan 2012","Single",1821,"Scss","Under Construction"
"24462",2012-01-01,"Jan 2012","Semi-Detached",438,"Scss","Under Construction"
"24462",2012-01-01,"Jan 2012","Row",576,"Scss","Under Construction"
"24462",2012-01-01,"Jan 2012","Apartment",15144,"Scss","Under Construction"
"24462",2012-01-01,"Jan 2012","All",17979,"Scss","Under Construction"
"24462",2012-02-01,"Feb 2012","Single",1796,"Scss","Under Construction"
"24462",2012-02-01,"Feb 2012","Semi-Detached",456,"Scss","Under Construction"
"24462",2012-02-01,"Feb 2012","Row",604,"Scss","Under Construction"
"24462",2012-02-01,"Feb 2012","Apartment",15203,"Scss","Under Construction"
"24462",2012-02-01,"Feb 2012","All",18059,"Scss","Under Construction"
"24462",2012-03-01,"Mar 2012","Single",1864,"Scss","Under Construction"
"24462",2012-03-01,"Mar 2012","Semi-Detached",500,"Scss","Under Construction"
"24462",2012-03-01,"Mar 2012","Row",614,"Scss","Under Construction"
"24462",2012-03-01,"Mar 2012","Apartment",15125,"Scss","Under Construction"
"24462",2012-03-01,"Mar 2012","All",18103,"Scss","Under Construction"
"24462",2012-04-01,"Apr 2012","Single",2086,"Scss","Under Construction"
"24462",2012-04-01,"Apr 2012","Semi-Detached",560,"Scss","Under Construction"
"24462",2012-04-01,"Apr 2012","Row",671,"Scss","Under Construction"
"24462",2012-04-01,"Apr 2012","Apartment",16388,"Scss","Under Construction"
"24462",2012-04-01,"Apr 2012","All",19705,"Scss","Under Construction"
"24462",2012-05-01,"May 2012","Single",2177,"Scss","Under Construction"
"24462",2012-05-01,"May 2012","Semi-Detached",592,"Scss","Under Construction"
"24462",2012-05-01,"May 2012","Row",646,"Scss","Under Construction"
"24462",2012-05-01,"May 2012","Apartment",16617,"Scss","Under Construction"
"24462",2012-05-01,"May 2012","All",20032,"Scss","Under Construction"
"24462",2012-06-01,"Jun 2012","Single",2163,"Scss","Under Construction"
"24462",2012-06-01,"Jun 2012","Semi-Detached",594,"Scss","Under Construction"
"24462",2012-06-01,"Jun 2012","Row",631,"Scss","Under Construction"
"24462",2012-06-01,"Jun 2012","Apartment",16361,"Scss","Under Construction"
"24462",2012-06-01,"Jun 2012","All",19749,"Scss","Under Construction"
"24462",2012-07-01,"Jul 2012","Single",1967,"Scss","Under Construction"
"24462",2012-07-01,"Jul 2012","Semi-Detached",508,"Scss","Under Construction"
"24462",2012-07-01,"Jul 2012","Row",648,"Scss","Under Construction"
"24462",2012-07-01,"Jul 2012","Apartment",15910,"Scss","Under Construction"
"24462",2012-07-01,"Jul 2012","All",19033,"Scss","Under Construction"
"24462",2012-08-01,"Aug 2012","Single",1858,"Scss","Under Construction"
"24462",2012-08-01,"Aug 2012","Semi-Detached",480,"Scss","Under Construction"
"24462",2012-08-01,"Aug 2012","Row",692,"Scss","Under Construction"
"24462",2012-08-01,"Aug 2012","Apartment",15925,"Scss","Under Construction"
"24462",2012-08-01,"Aug 2012","All",18955,"Scss","Under Construction"
"24462",2012-09-01,"Sep 2012","Single",1866,"Scss","Under Construction"
"24462",2012-09-01,"Sep 2012","Semi-Detached",506,"Scss","Under Construction"
"24462",2012-09-01,"Sep 2012","Row",728,"Scss","Under Construction"
"24462",2012-09-01,"Sep 2012","Apartment",16316,"Scss","Under Construction"
"24462",2012-09-01,"Sep 2012","All",19416,"Scss","Under Construction"
"24462",2012-10-01,"Oct 2012","Single",1853,"Scss","Under Construction"
"24462",2012-10-01,"Oct 2012","Semi-Detached",496,"Scss","Under Construction"
"24462",2012-10-01,"Oct 2012","Row",860,"Scss","Under Construction"
"24462",2012-10-01,"Oct 2012","Apartment",16390,"Scss","Under Construction"
"24462",2012-10-01,"Oct 2012","All",19599,"Scss","Under Construction"
"24462",2012-11-01,"Nov 2012","Single",1788,"Scss","Under Construction"
"24462",2012-11-01,"Nov 2012","Semi-Detached",486,"Scss","Under Construction"
"24462",2012-11-01,"Nov 2012","Row",850,"Scss","Under Construction"
"24462",2012-11-01,"Nov 2012","Apartment",16597,"Scss","Under Construction"
"24462",2012-11-01,"Nov 2012","All",19721,"Scss","Under Construction"
"24462",2012-12-01,"Dec 2012","Single",1754,"Scss","Under Construction"
"24462",2012-12-01,"Dec 2012","Semi-Detached",492,"Scss","Under Construction"
"24462",2012-12-01,"Dec 2012","Row",771,"Scss","Under Construction"
"24462",2012-12-01,"Dec 2012","Apartment",16401,"Scss","Under Construction"
"24462",2012-12-01,"Dec 2012","All",19418,"Scss","Under Construction"
"24462",2013-01-01,"Jan 2013","Single",1591,"Scss","Under Construction"
"24462",2013-01-01,"Jan 2013","Semi-Detached",462,"Scss","Under Construction"
"24462",2013-01-01,"Jan 2013","Row",787,"Scss","Under Construction"
"24462",2013-01-01,"Jan 2013","Apartment",16037,"Scss","Under Construction"
"24462",2013-01-01,"Jan 2013","All",18877,"Scss","Under Construction"
"24462",2013-02-01,"Feb 2013","Single",1495,"Scss","Under Construction"
"24462",2013-02-01,"Feb 2013","Semi-Detached",428,"Scss","Under Construction"
"24462",2013-02-01,"Feb 2013","Row",808,"Scss","Under Construction"
"24462",2013-02-01,"Feb 2013","Apartment",15462,"Scss","Under Construction"
"24462",2013-02-01,"Feb 2013","All",18193,"Scss","Under Construction"
"24462",2013-03-01,"Mar 2013","Single",1549,"Scss","Under Construction"
"24462",2013-03-01,"Mar 2013","Semi-Detached",415,"Scss","Under Construction"
"24462",2013-03-01,"Mar 2013","Row",724,"Scss","Under Construction"
"24462",2013-03-01,"Mar 2013","Apartment",15695,"Scss","Under Construction"
"24462",2013-03-01,"Mar 2013","All",18383,"Scss","Under Construction"
"24462",2013-04-01,"Apr 2013","Single",1705,"Scss","Under Construction"
"24462",2013-04-01,"Apr 2013","Semi-Detached",505,"Scss","Under Construction"
"24462",2013-04-01,"Apr 2013","Row",768,"Scss","Under Construction"
"24462",2013-04-01,"Apr 2013","Apartment",15954,"Scss","Under Construction"
"24462",2013-04-01,"Apr 2013","All",18932,"Scss","Under Construction"
"24462",2013-05-01,"May 2013","Single",1790,"Scss","Under Construction"
"24462",2013-05-01,"May 2013","Semi-Detached",541,"Scss","Under Construction"
"24462",2013-05-01,"May 2013","Row",754,"Scss","Under Construction"
"24462",2013-05-01,"May 2013","Apartment",15668,"Scss","Under Construction"
"24462",2013-05-01,"May 2013","All",18753,"Scss","Under Construction"
"24462",2013-06-01,"Jun 2013","Single",1760,"Scss","Under Construction"
"24462",2013-06-01,"Jun 2013","Semi-Detached",572,"Scss","Under Construction"
"24462",2013-06-01,"Jun 2013","Row",685,"Scss","Under Construction"
"24462",2013-06-01,"Jun 2013","Apartment",15530,"Scss","Under Construction"
"24462",2013-06-01,"Jun 2013","All",18547,"Scss","Under Construction"
"24462",2013-07-01,"Jul 2013","Single",1604,"Scss","Under Construction"
"24462",2013-07-01,"Jul 2013","Semi-Detached",540,"Scss","Under Construction"
"24462",2013-07-01,"Jul 2013","Row",585,"Scss","Under Construction"
"24462",2013-07-01,"Jul 2013","Apartment",15346,"Scss","Under Construction"
"24462",2013-07-01,"Jul 2013","All",18075,"Scss","Under Construction"
"24462",2013-08-01,"Aug 2013","Single",1498,"Scss","Under Construction"
"24462",2013-08-01,"Aug 2013","Semi-Detached",490,"Scss","Under Construction"
"24462",2013-08-01,"Aug 2013","Row",438,"Scss","Under Construction"
"24462",2013-08-01,"Aug 2013","Apartment",14567,"Scss","Under Construction"
"24462",2013-08-01,"Aug 2013","All",16993,"Scss","Under Construction"
"24462",2013-09-01,"Sep 2013","Single",1419,"Scss","Under Construction"
"24462",2013-09-01,"Sep 2013","Semi-Detached",460,"Scss","Under Construction"
"24462",2013-09-01,"Sep 2013","Row",402,"Scss","Under Construction"
"24462",2013-09-01,"Sep 2013","Apartment",14789,"Scss","Under Construction"
"24462",2013-09-01,"Sep 2013","All",17070,"Scss","Under Construction"
"24462",2013-10-01,"Oct 2013","Single",1455,"Scss","Under Construction"
"24462",2013-10-01,"Oct 2013","Semi-Detached",446,"Scss","Under Construction"
"24462",2013-10-01,"Oct 2013","Row",366,"Scss","Under Construction"
"24462",2013-10-01,"Oct 2013","Apartment",14822,"Scss","Under Construction"
"24462",2013-10-01,"Oct 2013","All",17089,"Scss","Under Construction"
"24462",2013-11-01,"Nov 2013","Single",1416,"Scss","Under Construction"
"24462",2013-11-01,"Nov 2013","Semi-Detached",432,"Scss","Under Construction"
"24462",2013-11-01,"Nov 2013","Row",410,"Scss","Under Construction"
"24462",2013-11-01,"Nov 2013","Apartment",14355,"Scss","Under Construction"
"24462",2013-11-01,"Nov 2013","All",16613,"Scss","Under Construction"
"24462",2013-12-01,"Dec 2013","Single",1394,"Scss","Under Construction"
"24462",2013-12-01,"Dec 2013","Semi-Detached",404,"Scss","Under Construction"
"24462",2013-12-01,"Dec 2013","Row",477,"Scss","Under Construction"
"24462",2013-12-01,"Dec 2013","Apartment",14910,"Scss","Under Construction"
"24462",2013-12-01,"Dec 2013","All",17185,"Scss","Under Construction"
"24462",2014-01-01,"Jan 2014","Single",1292,"Scss","Under Construction"
"24462",2014-01-01,"Jan 2014","Semi-Detached",402,"Scss","Under Construction"
"24462",2014-01-01,"Jan 2014","Row",499,"Scss","Under Construction"
"24462",2014-01-01,"Jan 2014","Apartment",14597,"Scss","Under Construction"
"24462",2014-01-01,"Jan 2014","All",16790,"Scss","Under Construction"
"24462",2014-02-01,"Feb 2014","Single",1188,"Scss","Under Construction"
"24462",2014-02-01,"Feb 2014","Semi-Detached",386,"Scss","Under Construction"
"24462",2014-02-01,"Feb 2014","Row",500,"Scss","Under Construction"
"24462",2014-02-01,"Feb 2014","Apartment",15302,"Scss","Under Construction"
"24462",2014-02-01,"Feb 2014","All",17376,"Scss","Under Construction"
"24462",2014-03-01,"Mar 2014","Single",1183,"Scss","Under Construction"
"24462",2014-03-01,"Mar 2014","Semi-Detached",400,"Scss","Under Construction"
"24462",2014-03-01,"Mar 2014","Row",530,"Scss","Under Construction"
"24462",2014-03-01,"Mar 2014","Apartment",15511,"Scss","Under Construction"
"24462",2014-03-01,"Mar 2014","All",17624,"Scss","Under Construction"
"24462",2014-04-01,"Apr 2014","Single",1353,"Scss","Under Construction"
"24462",2014-04-01,"Apr 2014","Semi-Detached",476,"Scss","Under Construction"
"24462",2014-04-01,"Apr 2014","Row",572,"Scss","Under Construction"
"24462",2014-04-01,"Apr 2014","Apartment",16002,"Scss","Under Construction"
"24462",2014-04-01,"Apr 2014","All",18403,"Scss","Under Construction"
"24462",2014-05-01,"May 2014","Single",1423,"Scss","Under Construction"
"24462",2014-05-01,"May 2014","Semi-Detached",500,"Scss","Under Construction"
"24462",2014-05-01,"May 2014","Row",595,"Scss","Under Construction"
"24462",2014-05-01,"May 2014","Apartment",16299,"Scss","Under Construction"
"24462",2014-05-01,"May 2014","All",18817,"Scss","Under Construction"
"24462",2014-06-01,"Jun 2014","Single",1457,"Scss","Under Construction"
"24462",2014-06-01,"Jun 2014","Semi-Detached",472,"Scss","Under Construction"
"24462",2014-06-01,"Jun 2014","Row",604,"Scss","Under Construction"
"24462",2014-06-01,"Jun 2014","Apartment",15880,"Scss","Under Construction"
"24462",2014-06-01,"Jun 2014","All",18413,"Scss","Under Construction"
"24462",2014-07-01,"Jul 2014","Single",1228,"Scss","Under Construction"
"24462",2014-07-01,"Jul 2014","Semi-Detached",366,"Scss","Under Construction"
"24462",2014-07-01,"Jul 2014","Row",613,"Scss","Under Construction"
"24462",2014-07-01,"Jul 2014","Apartment",15227,"Scss","Under Construction"
"24462",2014-07-01,"Jul 2014","All",17434,"Scss","Under Construction"
"24462",2014-08-01,"Aug 2014","Single",1259,"Scss","Under Construction"
"24462",2014-08-01,"Aug 2014","Semi-Detached",364,"Scss","Under Construction"
"24462",2014-08-01,"Aug 2014","Row",645,"Scss","Under Construction"
"24462",2014-08-01,"Aug 2014","Apartment",14070,"Scss","Under Construction"
"24462",2014-08-01,"Aug 2014","All",16338,"Scss","Under Construction"
"24462",2014-09-01,"Sep 2014","Single",1176,"Scss","Under Construction"
"24462",2014-09-01,"Sep 2014","Semi-Detached",351,"Scss","Under Construction"
"24462",2014-09-01,"Sep 2014","Row",574,"Scss","Under Construction"
"24462",2014-09-01,"Sep 2014","Apartment",13801,"Scss","Under Construction"
"24462",2014-09-01,"Sep 2014","All",15902,"Scss","Under Construction"
"24462",2014-10-01,"Oct 2014","Single",1157,"Scss","Under Construction"
"24462",2014-10-01,"Oct 2014","Semi-Detached",303,"Scss","Under Construction"
"24462",2014-10-01,"Oct 2014","Row",655,"Scss","Under Construction"
"24462",2014-10-01,"Oct 2014","Apartment",13857,"Scss","Under Construction"
"24462",2014-10-01,"Oct 2014","All",15972,"Scss","Under Construction"
"24462",2014-11-01,"Nov 2014","Single",1162,"Scss","Under Construction"
"24462",2014-11-01,"Nov 2014","Semi-Detached",288,"Scss","Under Construction"
"24462",2014-11-01,"Nov 2014","Row",700,"Scss","Under Construction"
"24462",2014-11-01,"Nov 2014","Apartment",15240,"Scss","Under Construction"
"24462",2014-11-01,"Nov 2014","All",17390,"Scss","Under Construction"
"24462",2014-12-01,"Dec 2014","Single",1126,"Scss","Under Construction"
"24462",2014-12-01,"Dec 2014","Semi-Detached",310,"Scss","Under Construction"
"24462",2014-12-01,"Dec 2014","Row",701,"Scss","Under Construction"
"24462",2014-12-01,"Dec 2014","Apartment",14834,"Scss","Under Construction"
"24462",2014-12-01,"Dec 2014","All",16971,"Scss","Under Construction"
"24462",2015-01-01,"Jan 2015","Single",972,"Scss","Under Construction"
"24462",2015-01-01,"Jan 2015","Semi-Detached",296,"Scss","Under Construction"
"24462",2015-01-01,"Jan 2015","Row",693,"Scss","Under Construction"
"24462",2015-01-01,"Jan 2015","Apartment",14539,"Scss","Under Construction"
"24462",2015-01-01,"Jan 2015","All",16500,"Scss","Under Construction"
"24462",2015-02-01,"Feb 2015","Single",894,"Scss","Under Construction"
"24462",2015-02-01,"Feb 2015","Semi-Detached",286,"Scss","Under Construction"
"24462",2015-02-01,"Feb 2015","Row",659,"Scss","Under Construction"
"24462",2015-02-01,"Feb 2015","Apartment",14041,"Scss","Under Construction"
"24462",2015-02-01,"Feb 2015","All",15880,"Scss","Under Construction"
"24462",2015-03-01,"Mar 2015","Single",833,"Scss","Under Construction"
"24462",2015-03-01,"Mar 2015","Semi-Detached",288,"Scss","Under Construction"
"24462",2015-03-01,"Mar 2015","Row",676,"Scss","Under Construction"
"24462",2015-03-01,"Mar 2015","Apartment",13911,"Scss","Under Construction"
"24462",2015-03-01,"Mar 2015","All",15708,"Scss","Under Construction"
"24462",2015-04-01,"Apr 2015","Single",916,"Scss","Under Construction"
"24462",2015-04-01,"Apr 2015","Semi-Detached",340,"Scss","Under Construction"
"24462",2015-04-01,"Apr 2015","Row",710,"Scss","Under Construction"
"24462",2015-04-01,"Apr 2015","Apartment",14236,"Scss","Under Construction"
"24462",2015-04-01,"Apr 2015","All",16202,"Scss","Under Construction"
"24462",2015-05-01,"May 2015","Single",1062,"Scss","Under Construction"
"24462",2015-05-01,"May 2015","Semi-Detached",355,"Scss","Under Construction"
"24462",2015-05-01,"May 2015","Row",698,"Scss","Under Construction"
"24462",2015-05-01,"May 2015","Apartment",14753,"Scss","Under Construction"
"24462",2015-05-01,"May 2015","All",16868,"Scss","Under Construction"
"24462",2015-06-01,"Jun 2015","Single",1117,"Scss","Under Construction"
"24462",2015-06-01,"Jun 2015","Semi-Detached",348,"Scss","Under Construction"
"24462",2015-06-01,"Jun 2015","Row",698,"Scss","Under Construction"
"24462",2015-06-01,"Jun 2015","Apartment",15436,"Scss","Under Construction"
"24462",2015-06-01,"Jun 2015","All",17599,"Scss","Under Construction"
"24462",2015-07-01,"Jul 2015","Single",1117,"Scss","Under Construction"
"24462",2015-07-01,"Jul 2015","Semi-Detached",298,"Scss","Under Construction"
"24462",2015-07-01,"Jul 2015","Row",581,"Scss","Under Construction"
"24462",2015-07-01,"Jul 2015","Apartment",15455,"Scss","Under Construction"
"24462",2015-07-01,"Jul 2015","All",17451,"Scss","Under Construction"
"24462",2015-08-01,"Aug 2015","Single",1097,"Scss","Under Construction"
"24462",2015-08-01,"Aug 2015","Semi-Detached",314,"Scss","Under Construction"
"24462",2015-08-01,"Aug 2015","Row",485,"Scss","Under Construction"
"24462",2015-08-01,"Aug 2015","Apartment",15399,"Scss","Under Construction"
"24462",2015-08-01,"Aug 2015","All",17295,"Scss","Under Construction"
"24462",2015-09-01,"Sep 2015","Single",1035,"Scss","Under Construction"
"24462",2015-09-01,"Sep 2015","Semi-Detached",320,"Scss","Under Construction"
"24462",2015-09-01,"Sep 2015","Row",538,"Scss","Under Construction"
"24462",2015-09-01,"Sep 2015","Apartment",17545,"Scss","Under Construction"
"24462",2015-09-01,"Sep 2015","All",19438,"Scss","Under Construction"
"24462",2015-10-01,"Oct 2015","Single",1007,"Scss","Under Construction"
"24462",2015-10-01,"Oct 2015","Semi-Detached",326,"Scss","Under Construction"
"24462",2015-10-01,"Oct 2015","Row",564,"Scss","Under Construction"
"24462",2015-10-01,"Oct 2015","Apartment",18125,"Scss","Under Construction"
"24462",2015-10-01,"Oct 2015","All",20022,"Scss","Under Construction"
"24462",2015-11-01,"Nov 2015","Single",949,"Scss","Under Construction"
"24462",2015-11-01,"Nov 2015","Semi-Detached",310,"Scss","Under Construction"
"24462",2015-11-01,"Nov 2015","Row",576,"Scss","Under Construction"
"24462",2015-11-01,"Nov 2015","Apartment",17779,"Scss","Under Construction"
"24462",2015-11-01,"Nov 2015","All",19614,"Scss","Under Construction"
"24462",2015-12-01,"Dec 2015","Single",909,"Scss","Under Construction"
"24462",2015-12-01,"Dec 2015","Semi-Detached",296,"Scss","Under Construction"
"24462",2015-12-01,"Dec 2015","Row",613,"Scss","Under Construction"
"24462",2015-12-01,"Dec 2015","Apartment",18627,"Scss","Under Construction"
"24462",2015-12-01,"Dec 2015","All",20445,"Scss","Under Construction"
"24462",2016-01-01,"Jan 2016","Single",831,"Scss","Under Construction"
"24462",2016-01-01,"Jan 2016","Semi-Detached",290,"Scss","Under Construction"
"24462",2016-01-01,"Jan 2016","Row",638,"Scss","Under Construction"
"24462",2016-01-01,"Jan 2016","Apartment",18847,"Scss","Under Construction"
"24462",2016-01-01,"Jan 2016","All",20606,"Scss","Under Construction"
"24462",2016-02-01,"Feb 2016","Single",747,"Scss","Under Construction"
"24462",2016-02-01,"Feb 2016","Semi-Detached",314,"Scss","Under Construction"
"24462",2016-02-01,"Feb 2016","Row",635,"Scss","Under Construction"
"24462",2016-02-01,"Feb 2016","Apartment",18629,"Scss","Under Construction"
"24462",2016-02-01,"Feb 2016","All",20325,"Scss","Under Construction"
"24462",2016-03-01,"Mar 2016","Single",783,"Scss","Under Construction"
"24462",2016-03-01,"Mar 2016","Semi-Detached",340,"Scss","Under Construction"
"24462",2016-03-01,"Mar 2016","Row",669,"Scss","Under Construction"
"24462",2016-03-01,"Mar 2016","Apartment",18520,"Scss","Under Construction"
"24462",2016-03-01,"Mar 2016","All",20312,"Scss","Under Construction"
"24462",2016-04-01,"Apr 2016","Single",935,"Scss","Under Construction"
"24462",2016-04-01,"Apr 2016","Semi-Detached",390,"Scss","Under Construction"
"24462",2016-04-01,"Apr 2016","Row",763,"Scss","Under Construction"
"24462",2016-04-01,"Apr 2016","Apartment",18655,"Scss","Under Construction"
"24462",2016-04-01,"Apr 2016","All",20743,"Scss","Under Construction"
"24462",2016-05-01,"May 2016","Single",1044,"Scss","Under Construction"
"24462",2016-05-01,"May 2016","Semi-Detached",392,"Scss","Under Construction"
"24462",2016-05-01,"May 2016","Row",816,"Scss","Under Construction"
"24462",2016-05-01,"May 2016","Apartment",18461,"Scss","Under Construction"
"24462",2016-05-01,"May 2016","All",20713,"Scss","Under Construction"
"24462",2016-06-01,"Jun 2016","Single",1101,"Scss","Under Construction"
"24462",2016-06-01,"Jun 2016","Semi-Detached",386,"Scss","Under Construction"
"24462",2016-06-01,"Jun 2016","Row",888,"Scss","Under Construction"
"24462",2016-06-01,"Jun 2016","Apartment",16888,"Scss","Under Construction"
"24462",2016-06-01,"Jun 2016","All",19263,"Scss","Under Construction"
"24462",2016-07-01,"Jul 2016","Single",1110,"Scss","Under Construction"
"24462",2016-07-01,"Jul 2016","Semi-Detached",362,"Scss","Under Construction"
"24462",2016-07-01,"Jul 2016","Row",834,"Scss","Under Construction"
"24462",2016-07-01,"Jul 2016","Apartment",15599,"Scss","Under Construction"
"24462",2016-07-01,"Jul 2016","All",17905,"Scss","Under Construction"
"24462",2016-08-01,"Aug 2016","Single",1028,"Scss","Under Construction"
"24462",2016-08-01,"Aug 2016","Semi-Detached",328,"Scss","Under Construction"
"24462",2016-08-01,"Aug 2016","Row",817,"Scss","Under Construction"
"24462",2016-08-01,"Aug 2016","Apartment",16289,"Scss","Under Construction"
"24462",2016-08-01,"Aug 2016","All",18462,"Scss","Under Construction"
"24462",2016-09-01,"Sep 2016","Single",1048,"Scss","Under Construction"
"24462",2016-09-01,"Sep 2016","Semi-Detached",340,"Scss","Under Construction"
"24462",2016-09-01,"Sep 2016","Row",852,"Scss","Under Construction"
"24462",2016-09-01,"Sep 2016","Apartment",17641,"Scss","Under Construction"
"24462",2016-09-01,"Sep 2016","All",19881,"Scss","Under Construction"
"24462",2016-10-01,"Oct 2016","Single",1070,"Scss","Under Construction"
"24462",2016-10-01,"Oct 2016","Semi-Detached",334,"Scss","Under Construction"
"24462",2016-10-01,"Oct 2016","Row",829,"Scss","Under Construction"
"24462",2016-10-01,"Oct 2016","Apartment",17249,"Scss","Under Construction"
"24462",2016-10-01,"Oct 2016","All",19482,"Scss","Under Construction"
"24462",2016-11-01,"Nov 2016","Single",1056,"Scss","Under Construction"
"24462",2016-11-01,"Nov 2016","Semi-Detached",348,"Scss","Under Construction"
"24462",2016-11-01,"Nov 2016","Row",808,"Scss","Under Construction"
"24462",2016-11-01,"Nov 2016","Apartment",16573,"Scss","Under Construction"
"24462",2016-11-01,"Nov 2016","All",18785,"Scss","Under Construction"
"24462",2016-12-01,"Dec 2016","Single",1015,"Scss","Under Construction"
"24462",2016-12-01,"Dec 2016","Semi-Detached",352,"Scss","Under Construction"
"24462",2016-12-01,"Dec 2016","Row",890,"Scss","Under Construction"
"24462",2016-12-01,"Dec 2016","Apartment",16915,"Scss","Under Construction"
"24462",2016-12-01,"Dec 2016","All",19172,"Scss","Under Construction"
"24462",2017-01-01,"Jan 2017","Single",922,"Scss","Under Construction"
"24462",2017-01-01,"Jan 2017","Semi-Detached",340,"Scss","Under Construction"
"24462",2017-01-01,"Jan 2017","Row",861,"Scss","Under Construction"
"24462",2017-01-01,"Jan 2017","Apartment",17293,"Scss","Under Construction"
"24462",2017-01-01,"Jan 2017","All",19416,"Scss","Under Construction"
"24462",2017-02-01,"Feb 2017","Single",867,"Scss","Under Construction"
"24462",2017-02-01,"Feb 2017","Semi-Detached",340,"Scss","Under Construction"
"24462",2017-02-01,"Feb 2017","Row",826,"Scss","Under Construction"
"24462",2017-02-01,"Feb 2017","Apartment",17857,"Scss","Under Construction"
"24462",2017-02-01,"Feb 2017","All",19890,"Scss","Under Construction"
"24462",2017-03-01,"Mar 2017","Single",847,"Scss","Under Construction"
"24462",2017-03-01,"Mar 2017","Semi-Detached",400,"Scss","Under Construction"
"24462",2017-03-01,"Mar 2017","Row",878,"Scss","Under Construction"
"24462",2017-03-01,"Mar 2017","Apartment",19437,"Scss","Under Construction"
"24462",2017-03-01,"Mar 2017","All",21562,"Scss","Under Construction"
"24462",2017-04-01,"Apr 2017","Single",999,"Scss","Under Construction"
"24462",2017-04-01,"Apr 2017","Semi-Detached",424,"Scss","Under Construction"
"24462",2017-04-01,"Apr 2017","Row",881,"Scss","Under Construction"
"24462",2017-04-01,"Apr 2017","Apartment",19696,"Scss","Under Construction"
"24462",2017-04-01,"Apr 2017","All",22000,"Scss","Under Construction"
"24462",2017-05-01,"May 2017","Single",1109,"Scss","Under Construction"
"24462",2017-05-01,"May 2017","Semi-Detached",446,"Scss","Under Construction"
"24462",2017-05-01,"May 2017","Row",1016,"Scss","Under Construction"
"24462",2017-05-01,"May 2017","Apartment",19524,"Scss","Under Construction"
"24462",2017-05-01,"May 2017","All",22095,"Scss","Under Construction"
"24462",2017-06-01,"Jun 2017","Single",1189,"Scss","Under Construction"
"24462",2017-06-01,"Jun 2017","Semi-Detached",440,"Scss","Under Construction"
"24462",2017-06-01,"Jun 2017","Row",997,"Scss","Under Construction"
"24462",2017-06-01,"Jun 2017","Apartment",19296,"Scss","Under Construction"
"24462",2017-06-01,"Jun 2017","All",21922,"Scss","Under Construction"
"24462",2017-07-01,"Jul 2017","Single",1165,"Scss","Under Construction"
"24462",2017-07-01,"Jul 2017","Semi-Detached",400,"Scss","Under Construction"
"24462",2017-07-01,"Jul 2017","Row",884,"Scss","Under Construction"
"24462",2017-07-01,"Jul 2017","Apartment",18058,"Scss","Under Construction"
"24462",2017-07-01,"Jul 2017","All",20507,"Scss","Under Construction"
"24462",2017-08-01,"Aug 2017","Single",1093,"Scss","Under Construction"
"24462",2017-08-01,"Aug 2017","Semi-Detached",370,"Scss","Under Construction"
"24462",2017-08-01,"Aug 2017","Row",888,"Scss","Under Construction"
"24462",2017-08-01,"Aug 2017","Apartment",16530,"Scss","Under Construction"
"24462",2017-08-01,"Aug 2017","All",18881,"Scss","Under Construction"
"24462",2017-09-01,"Sep 2017","Single",1120,"Scss","Under Construction"
"24462",2017-09-01,"Sep 2017","Semi-Detached",380,"Scss","Under Construction"
"24462",2017-09-01,"Sep 2017","Row",886,"Scss","Under Construction"
"24462",2017-09-01,"Sep 2017","Apartment",18017,"Scss","Under Construction"
"24462",2017-09-01,"Sep 2017","All",20403,"Scss","Under Construction"
"24462",2017-10-01,"Oct 2017","Single",1144,"Scss","Under Construction"
"24462",2017-10-01,"Oct 2017","Semi-Detached",384,"Scss","Under Construction"
"24462",2017-10-01,"Oct 2017","Row",851,"Scss","Under Construction"
"24462",2017-10-01,"Oct 2017","Apartment",19379,"Scss","Under Construction"
"24462",2017-10-01,"Oct 2017","All",21758,"Scss","Under Construction"
"24462",2017-11-01,"Nov 2017","Single",1116,"Scss","Under Construction"
"24462",2017-11-01,"Nov 2017","Semi-Detached",378,"Scss","Under Construction"
"24462",2017-11-01,"Nov 2017","Row",890,"Scss","Under Construction"
"24462",2017-11-01,"Nov 2017","Apartment",19611,"Scss","Under Construction"
"24462",2017-11-01,"Nov 2017","All",21995,"Scss","Under Construction"
"24462",2017-12-01,"Dec 2017","Single",1081,"Scss","Under Construction"
"24462",2017-12-01,"Dec 2017","Semi-Detached",350,"Scss","Under Construction"
"24462",2017-12-01,"Dec 2017","Row",940,"Scss","Under Construction"
"24462",2017-12-01,"Dec 2017","Apartment",21069,"Scss","Under Construction"
"24462",2017-12-01,"Dec 2017","All",23440,"Scss","Under Construction"
"24462",2018-01-01,"Jan 2018","Single",952,"Scss","Under Construction"
"24462",2018-01-01,"Jan 2018","Semi-Detached",324,"Scss","Under Construction"
"24462",2018-01-01,"Jan 2018","Row",889,"Scss","Under Construction"
"24462",2018-01-01,"Jan 2018","Apartment",20657,"Scss","Under Construction"
"24462",2018-01-01,"Jan 2018","All",22822,"Scss","Under Construction"
"24462",2018-02-01,"Feb 2018","Single",888,"Scss","Under Construction"
"24462",2018-02-01,"Feb 2018","Semi-Detached",340,"Scss","Under Construction"
"24462",2018-02-01,"Feb 2018","Row",910,"Scss","Under Construction"
"24462",2018-02-01,"Feb 2018","Apartment",21373,"Scss","Under Construction"
"24462",2018-02-01,"Feb 2018","All",23511,"Scss","Under Construction"
"24462",2018-03-01,"Mar 2018","Single",889,"Scss","Under Construction"
"24462",2018-03-01,"Mar 2018","Semi-Detached",390,"Scss","Under Construction"
"24462",2018-03-01,"Mar 2018","Row",1000,"Scss","Under Construction"
"24462",2018-03-01,"Mar 2018","Apartment",22071,"Scss","Under Construction"
"24462",2018-03-01,"Mar 2018","All",24350,"Scss","Under Construction"
"24462",2018-04-01,"Apr 2018","Single",983,"Scss","Under Construction"
"24462",2018-04-01,"Apr 2018","Semi-Detached",458,"Scss","Under Construction"
"24462",2018-04-01,"Apr 2018","Row",1111,"Scss","Under Construction"
"24462",2018-04-01,"Apr 2018","Apartment",23646,"Scss","Under Construction"
"24462",2018-04-01,"Apr 2018","All",26198,"Scss","Under Construction"
"24462",2018-05-01,"May 2018","Single",1102,"Scss","Under Construction"
"24462",2018-05-01,"May 2018","Semi-Detached",470,"Scss","Under Construction"
"24462",2018-05-01,"May 2018","Row",1035,"Scss","Under Construction"
"24462",2018-05-01,"May 2018","Apartment",23530,"Scss","Under Construction"
"24462",2018-05-01,"May 2018","All",26137,"Scss","Under Construction"
"24462",2018-06-01,"Jun 2018","Single",1202,"Scss","Under Construction"
"24462",2018-06-01,"Jun 2018","Semi-Detached",448,"Scss","Under Construction"
"24462",2018-06-01,"Jun 2018","Row",977,"Scss","Under Construction"
"24462",2018-06-01,"Jun 2018","Apartment",23558,"Scss","Under Construction"
"24462",2018-06-01,"Jun 2018","All",26185,"Scss","Under Construction"
"24462",2018-07-01,"Jul 2018","Single",1166,"Scss","Under Construction"
"24462",2018-07-01,"Jul 2018","Semi-Detached",386,"Scss","Under Construction"
"24462",2018-07-01,"Jul 2018","Row",878,"Scss","Under Construction"
"24462",2018-07-01,"Jul 2018","Apartment",21888,"Scss","Under Construction"
"24462",2018-07-01,"Jul 2018","All",24318,"Scss","Under Construction"
"24462",2018-08-01,"Aug 2018","Single",1112,"Scss","Under Construction"
"24462",2018-08-01,"Aug 2018","Semi-Detached",318,"Scss","Under Construction"
"24462",2018-08-01,"Aug 2018","Row",858,"Scss","Under Construction"
"24462",2018-08-01,"Aug 2018","Apartment",21541,"Scss","Under Construction"
"24462",2018-08-01,"Aug 2018","All",23829,"Scss","Under Construction"
"24462",2018-09-01,"Sep 2018","Single",1125,"Scss","Under Construction"
"24462",2018-09-01,"Sep 2018","Semi-Detached",321,"Scss","Under Construction"
"24462",2018-09-01,"Sep 2018","Row",872,"Scss","Under Construction"
"24462",2018-09-01,"Sep 2018","Apartment",22154,"Scss","Under Construction"
"24462",2018-09-01,"Sep 2018","All",24472,"Scss","Under Construction"
"24462",2018-10-01,"Oct 2018","Single",1102,"Scss","Under Construction"
"24462",2018-10-01,"Oct 2018","Semi-Detached",337,"Scss","Under Construction"
"24462",2018-10-01,"Oct 2018","Row",918,"Scss","Under Construction"
"24462",2018-10-01,"Oct 2018","Apartment",23441,"Scss","Under Construction"
"24462",2018-10-01,"Oct 2018","All",25798,"Scss","Under Construction"
"24462",2018-11-01,"Nov 2018","Single",1126,"Scss","Under Construction"
"24462",2018-11-01,"Nov 2018","Semi-Detached",363,"Scss","Under Construction"
"24462",2018-11-01,"Nov 2018","Row",909,"Scss","Under Construction"
"24462",2018-11-01,"Nov 2018","Apartment",23914,"Scss","Under Construction"
"24462",2018-11-01,"Nov 2018","All",26312,"Scss","Under Construction"
"24462",2018-12-01,"Dec 2018","Single",1058,"Scss","Under Construction"
"24462",2018-12-01,"Dec 2018","Semi-Detached",377,"Scss","Under Construction"
"24462",2018-12-01,"Dec 2018","Row",878,"Scss","Under Construction"
"24462",2018-12-01,"Dec 2018","Apartment",24294,"Scss","Under Construction"
"24462",2018-12-01,"Dec 2018","All",26607,"Scss","Under Construction"
"24462",2019-01-01,"Jan 2019","Single",969,"Scss","Under Construction"
"24462",2019-01-01,"Jan 2019","Semi-Detached",357,"Scss","Under Construction"
"24462",2019-01-01,"Jan 2019","Row",881,"Scss","Under Construction"
"24462",2019-01-01,"Jan 2019","Apartment",24074,"Scss","Under Construction"
"24462",2019-01-01,"Jan 2019","All",26281,"Scss","Under Construction"
"24462",2019-02-01,"Feb 2019","Single",892,"Scss","Under Construction"
"24462",2019-02-01,"Feb 2019","Semi-Detached",359,"Scss","Under Construction"
"24462",2019-02-01,"Feb 2019","Row",863,"Scss","Under Construction"
"24462",2019-02-01,"Feb 2019","Apartment",24120,"Scss","Under Construction"
"24462",2019-02-01,"Feb 2019","All",26234,"Scss","Under Construction"
"24462",2019-03-01,"Mar 2019","Single",893,"Scss","Under Construction"
"24462",2019-03-01,"Mar 2019","Semi-Detached",382,"Scss","Under Construction"
"24462",2019-03-01,"Mar 2019","Row",845,"Scss","Under Construction"
"24462",2019-03-01,"Mar 2019","Apartment",26094,"Scss","Under Construction"
"24462",2019-03-01,"Mar 2019","All",28214,"Scss","Under Construction"
"24462",2019-04-01,"Apr 2019","Single",990,"Scss","Under Construction"
"24462",2019-04-01,"Apr 2019","Semi-Detached",429,"Scss","Under Construction"
"24462",2019-04-01,"Apr 2019","Row",916,"Scss","Under Construction"
"24462",2019-04-01,"Apr 2019","Apartment",26627,"Scss","Under Construction"
"24462",2019-04-01,"Apr 2019","All",28962,"Scss","Under Construction"
"24462",2019-05-01,"May 2019","Single",1103,"Scss","Under Construction"
"24462",2019-05-01,"May 2019","Semi-Detached",447,"Scss","Under Construction"
"24462",2019-05-01,"May 2019","Row",937,"Scss","Under Construction"
"24462",2019-05-01,"May 2019","Apartment",26821,"Scss","Under Construction"
"24462",2019-05-01,"May 2019","All",29308,"Scss","Under Construction"
"24462",2019-06-01,"Jun 2019","Single",1122,"Scss","Under Construction"
"24462",2019-06-01,"Jun 2019","Semi-Detached",413,"Scss","Under Construction"
"24462",2019-06-01,"Jun 2019","Row",941,"Scss","Under Construction"
"24462",2019-06-01,"Jun 2019","Apartment",27825,"Scss","Under Construction"
"24462",2019-06-01,"Jun 2019","All",30301,"Scss","Under Construction"
"24462",2019-07-01,"Jul 2019","Single",1100,"Scss","Under Construction"
"24462",2019-07-01,"Jul 2019","Semi-Detached",357,"Scss","Under Construction"
"24462",2019-07-01,"Jul 2019","Row",878,"Scss","Under Construction"
"24462",2019-07-01,"Jul 2019","Apartment",26395,"Scss","Under Construction"
"24462",2019-07-01,"Jul 2019","All",28730,"Scss","Under Construction"
"24462",2019-08-01,"Aug 2019","Single",1040,"Scss","Under Construction"
"24462",2019-08-01,"Aug 2019","Semi-Detached",323,"Scss","Under Construction"
"24462",2019-08-01,"Aug 2019","Row",826,"Scss","Under Construction"
"24462",2019-08-01,"Aug 2019","Apartment",25866,"Scss","Under Construction"
"24462",2019-08-01,"Aug 2019","All",28055,"Scss","Under Construction"
"24462",2019-09-01,"Sep 2019","Single",1023,"Scss","Under Construction"
"24462",2019-09-01,"Sep 2019","Semi-Detached",335,"Scss","Under Construction"
"24462",2019-09-01,"Sep 2019","Row",860,"Scss","Under Construction"
"24462",2019-09-01,"Sep 2019","Apartment",25340,"Scss","Under Construction"
"24462",2019-09-01,"Sep 2019","All",27558,"Scss","Under Construction"
"24462",2019-10-01,"Oct 2019","Single",1024,"Scss","Under Construction"
"24462",2019-10-01,"Oct 2019","Semi-Detached",326,"Scss","Under Construction"
"24462",2019-10-01,"Oct 2019","Row",867,"Scss","Under Construction"
"24462",2019-10-01,"Oct 2019","Apartment",26543,"Scss","Under Construction"
"24462",2019-10-01,"Oct 2019","All",28760,"Scss","Under Construction"
"24462",2019-11-01,"Nov 2019","Single",1061,"Scss","Under Construction"
"24462",2019-11-01,"Nov 2019","Semi-Detached",330,"Scss","Under Construction"
"24462",2019-11-01,"Nov 2019","Row",964,"Scss","Under Construction"
"24462",2019-11-01,"Nov 2019","Apartment",26807,"Scss","Under Construction"
"24462",2019-11-01,"Nov 2019","All",29162,"Scss","Under Construction"
"24462",2019-12-01,"Dec 2019","Single",1024,"Scss","Under Construction"
"24462",2019-12-01,"Dec 2019","Semi-Detached",354,"Scss","Under Construction"
"24462",2019-12-01,"Dec 2019","Row",1000,"Scss","Under Construction"
"24462",2019-12-01,"Dec 2019","Apartment",26526,"Scss","Under Construction"
"24462",2019-12-01,"Dec 2019","All",28904,"Scss","Under Construction"
"24462",2020-01-01,"Jan 2020","Single",918,"Scss","Under Construction"
"24462",2020-01-01,"Jan 2020","Semi-Detached",306,"Scss","Under Construction"
"24462",2020-01-01,"Jan 2020","Row",999,"Scss","Under Construction"
"24462",2020-01-01,"Jan 2020","Apartment",27265,"Scss","Under Construction"
"24462",2020-01-01,"Jan 2020","All",29488,"Scss","Under Construction"
"24462",2020-02-01,"Feb 2020","Single",897,"Scss","Under Construction"
"24462",2020-02-01,"Feb 2020","Semi-Detached",308,"Scss","Under Construction"
"24462",2020-02-01,"Feb 2020","Row",925,"Scss","Under Construction"
"24462",2020-02-01,"Feb 2020","Apartment",27183,"Scss","Under Construction"
"24462",2020-02-01,"Feb 2020","All",29313,"Scss","Under Construction"
"24462",2020-03-01,"Mar 2020","Single",880,"Scss","Under Construction"
"24462",2020-03-01,"Mar 2020","Semi-Detached",302,"Scss","Under Construction"
"24462",2020-03-01,"Mar 2020","Row",964,"Scss","Under Construction"
"24462",2020-03-01,"Mar 2020","Apartment",26964,"Scss","Under Construction"
"24462",2020-03-01,"Mar 2020","All",29110,"Scss","Under Construction"
"24462",2020-04-01,"Apr 2020","Single",877,"Scss","Under Construction"
"24462",2020-04-01,"Apr 2020","Semi-Detached",300,"Scss","Under Construction"
"24462",2020-04-01,"Apr 2020","Row",946,"Scss","Under Construction"
"24462",2020-04-01,"Apr 2020","Apartment",26700,"Scss","Under Construction"
"24462",2020-04-01,"Apr 2020","All",28823,"Scss","Under Construction"
"24462",2020-05-01,"May 2020","Single",1002,"Scss","Under Construction"
"24462",2020-05-01,"May 2020","Semi-Detached",344,"Scss","Under Construction"
"24462",2020-05-01,"May 2020","Row",945,"Scss","Under Construction"
"24462",2020-05-01,"May 2020","Apartment",27067,"Scss","Under Construction"
"24462",2020-05-01,"May 2020","All",29358,"Scss","Under Construction"
"24462",2020-06-01,"Jun 2020","Single",1070,"Scss","Under Construction"
"24462",2020-06-01,"Jun 2020","Semi-Detached",362,"Scss","Under Construction"
"24462",2020-06-01,"Jun 2020","Row",943,"Scss","Under Construction"
"24462",2020-06-01,"Jun 2020","Apartment",28572,"Scss","Under Construction"
"24462",2020-06-01,"Jun 2020","All",30947,"Scss","Under Construction"
"24462",2020-07-01,"Jul 2020","Single",1110,"Scss","Under Construction"
"24462",2020-07-01,"Jul 2020","Semi-Detached",364,"Scss","Under Construction"
"24462",2020-07-01,"Jul 2020","Row",946,"Scss","Under Construction"
"24462",2020-07-01,"Jul 2020","Apartment",27900,"Scss","Under Construction"
"24462",2020-07-01,"Jul 2020","All",30320,"Scss","Under Construction"
"24462",2020-08-01,"Aug 2020","Single",1050,"Scss","Under Construction"
"24462",2020-08-01,"Aug 2020","Semi-Detached",343,"Scss","Under Construction"
"24462",2020-08-01,"Aug 2020","Row",936,"Scss","Under Construction"
"24462",2020-08-01,"Aug 2020","Apartment",27648,"Scss","Under Construction"
"24462",2020-08-01,"Aug 2020","All",29977,"Scss","Under Construction"
"24462",2020-09-01,"Sep 2020","Single",1141,"Scss","Under Construction"
"24462",2020-09-01,"Sep 2020","Semi-Detached",335,"Scss","Under Construction"
"24462",2020-09-01,"Sep 2020","Row",918,"Scss","Under Construction"
"24462",2020-09-01,"Sep 2020","Apartment",28155,"Scss","Under Construction"
"24462",2020-09-01,"Sep 2020","All",30549,"Scss","Under Construction"
"24462",2020-10-01,"Oct 2020","Single",1223,"Scss","Under Construction"
"24462",2020-10-01,"Oct 2020","Semi-Detached",343,"Scss","Under Construction"
"24462",2020-10-01,"Oct 2020","Row",850,"Scss","Under Construction"
"24462",2020-10-01,"Oct 2020","Apartment",28686,"Scss","Under Construction"
"24462",2020-10-01,"Oct 2020","All",31102,"Scss","Under Construction"
"24462",2020-11-01,"Nov 2020","Single",1284,"Scss","Under Construction"
"24462",2020-11-01,"Nov 2020","Semi-Detached",374,"Scss","Under Construction"
"24462",2020-11-01,"Nov 2020","Row",851,"Scss","Under Construction"
"24462",2020-11-01,"Nov 2020","Apartment",29708,"Scss","Under Construction"
"24462",2020-11-01,"Nov 2020","All",32217,"Scss","Under Construction"
"24462",2020-12-01,"Dec 2020","Single",1202,"Scss","Under Construction"
"24462",2020-12-01,"Dec 2020","Semi-Detached",395,"Scss","Under Construction"
"24462",2020-12-01,"Dec 2020","Row",894,"Scss","Under Construction"
"24462",2020-12-01,"Dec 2020","Apartment",29094,"Scss","Under Construction"
"24462",2020-12-01,"Dec 2020","All",31585,"Scss","Under Construction"
"24462",2021-01-01,"Jan 2021","Single",1201,"Scss","Under Construction"
"24462",2021-01-01,"Jan 2021","Semi-Detached",375,"Scss","Under Construction"
"24462",2021-01-01,"Jan 2021","Row",893,"Scss","Under Construction"
"24462",2021-01-01,"Jan 2021","Apartment",30469,"Scss","Under Construction"
"24462",2021-01-01,"Jan 2021","All",32938,"Scss","Under Construction"
"24462",2021-02-01,"Feb 2021","Single",1162,"Scss","Under Construction"
"24462",2021-02-01,"Feb 2021","Semi-Detached",361,"Scss","Under Construction"
"24462",2021-02-01,"Feb 2021","Row",910,"Scss","Under Construction"
"24462",2021-02-01,"Feb 2021","Apartment",32280,"Scss","Under Construction"
"24462",2021-02-01,"Feb 2021","All",34713,"Scss","Under Construction"
"24462",2021-03-01,"Mar 2021","Single",1226,"Scss","Under Construction"
"24462",2021-03-01,"Mar 2021","Semi-Detached",346,"Scss","Under Construction"
"24462",2021-03-01,"Mar 2021","Row",996,"Scss","Under Construction"
"24462",2021-03-01,"Mar 2021","Apartment",33603,"Scss","Under Construction"
"24462",2021-03-01,"Mar 2021","All",36171,"Scss","Under Construction"
"24462",2021-04-01,"Apr 2021","Single",1371,"Scss","Under Construction"
"24462",2021-04-01,"Apr 2021","Semi-Detached",392,"Scss","Under Construction"
"24462",2021-04-01,"Apr 2021","Row",1054,"Scss","Under Construction"
"24462",2021-04-01,"Apr 2021","Apartment",34722,"Scss","Under Construction"
"24462",2021-04-01,"Apr 2021","All",37539,"Scss","Under Construction"
"24462",2021-05-01,"May 2021","Single",1459,"Scss","Under Construction"
"24462",2021-05-01,"May 2021","Semi-Detached",384,"Scss","Under Construction"
"24462",2021-05-01,"May 2021","Row",1115,"Scss","Under Construction"
"24462",2021-05-01,"May 2021","Apartment",35455,"Scss","Under Construction"
"24462",2021-05-01,"May 2021","All",38413,"Scss","Under Construction"
"24462",2021-06-01,"Jun 2021","Single",1507,"Scss","Under Construction"
"24462",2021-06-01,"Jun 2021","Semi-Detached",408,"Scss","Under Construction"
"24462",2021-06-01,"Jun 2021","Row",1021,"Scss","Under Construction"
"24462",2021-06-01,"Jun 2021","Apartment",35360,"Scss","Under Construction"
"24462",2021-06-01,"Jun 2021","All",38296,"Scss","Under Construction"
"24462",2021-07-01,"Jul 2021","Single",1494,"Scss","Under Construction"
"24462",2021-07-01,"Jul 2021","Semi-Detached",404,"Scss","Under Construction"
"24462",2021-07-01,"Jul 2021","Row",975,"Scss","Under Construction"
"24462",2021-07-01,"Jul 2021","Apartment",36116,"Scss","Under Construction"
"24462",2021-07-01,"Jul 2021","All",38989,"Scss","Under Construction"
"24462",2021-08-01,"Aug 2021","Single",1410,"Scss","Under Construction"
"24462",2021-08-01,"Aug 2021","Semi-Detached",420,"Scss","Under Construction"
"24462",2021-08-01,"Aug 2021","Row",872,"Scss","Under Construction"
"24462",2021-08-01,"Aug 2021","Apartment",35503,"Scss","Under Construction"
"24462",2021-08-01,"Aug 2021","All",38205,"Scss","Under Construction"
"24462",2021-09-01,"Sep 2021","Single",1429,"Scss","Under Construction"
"24462",2021-09-01,"Sep 2021","Semi-Detached",412,"Scss","Under Construction"
"24462",2021-09-01,"Sep 2021","Row",901,"Scss","Under Construction"
"24462",2021-09-01,"Sep 2021","Apartment",35498,"Scss","Under Construction"
"24462",2021-09-01,"Sep 2021","All",38240,"Scss","Under Construction"
"24462",2021-10-01,"Oct 2021","Single",1403,"Scss","Under Construction"
"24462",2021-10-01,"Oct 2021","Semi-Detached",424,"Scss","Under Construction"
"24462",2021-10-01,"Oct 2021","Row",890,"Scss","Under Construction"
"24462",2021-10-01,"Oct 2021","Apartment",36561,"Scss","Under Construction"
"24462",2021-10-01,"Oct 2021","All",39278,"Scss","Under Construction"
"24462",2021-11-01,"Nov 2021","Single",1418,"Scss","Under Construction"
"24462",2021-11-01,"Nov 2021","Semi-Detached",408,"Scss","Under Construction"
"24462",2021-11-01,"Nov 2021","Row",864,"Scss","Under Construction"
"24462",2021-11-01,"Nov 2021","Apartment",38428,"Scss","Under Construction"
"24462",2021-11-01,"Nov 2021","All",41118,"Scss","Under Construction"
"24462",2021-12-01,"Dec 2021","Single",1314,"Scss","Under Construction"
"24462",2021-12-01,"Dec 2021","Semi-Detached",352,"Scss","Under Construction"
"24462",2021-12-01,"Dec 2021","Row",844,"Scss","Under Construction"
"24462",2021-12-01,"Dec 2021","Apartment",38271,"Scss","Under Construction"
"24462",2021-12-01,"Dec 2021","All",40781,"Scss","Under Construction"
"24462",2022-01-01,"Jan 2022","Single",1189,"Scss","Under Construction"
"24462",2022-01-01,"Jan 2022","Semi-Detached",336,"Scss","Under Construction"
"24462",2022-01-01,"Jan 2022","Row",909,"Scss","Under Construction"
"24462",2022-01-01,"Jan 2022","Apartment",38051,"Scss","Under Construction"
"24462",2022-01-01,"Jan 2022","All",40485,"Scss","Under Construction"
"24462",2022-02-01,"Feb 2022","Single",1143,"Scss","Under Construction"
"24462",2022-02-01,"Feb 2022","Semi-Detached",342,"Scss","Under Construction"
"24462",2022-02-01,"Feb 2022","Row",923,"Scss","Under Construction"
"24462",2022-02-01,"Feb 2022","Apartment",38228,"Scss","Under Construction"
"24462",2022-02-01,"Feb 2022","All",40636,"Scss","Under Construction"
"24462",2022-03-01,"Mar 2022","Single",1156,"Scss","Under Construction"
"24462",2022-03-01,"Mar 2022","Semi-Detached",336,"Scss","Under Construction"
"24462",2022-03-01,"Mar 2022","Row",947,"Scss","Under Construction"
"24462",2022-03-01,"Mar 2022","Apartment",38525,"Scss","Under Construction"
"24462",2022-03-01,"Mar 2022","All",40964,"Scss","Under Construction"
"24462",2022-04-01,"Apr 2022","Single",1248,"Scss","Under Construction"
"24462",2022-04-01,"Apr 2022","Semi-Detached",354,"Scss","Under Construction"
"24462",2022-04-01,"Apr 2022","Row",1000,"Scss","Under Construction"
"24462",2022-04-01,"Apr 2022","Apartment",39783,"Scss","Under Construction"
"24462",2022-04-01,"Apr 2022","All",42385,"Scss","Under Construction"
"24462",2022-05-01,"May 2022","Single",1264,"Scss","Under Construction"
"24462",2022-05-01,"May 2022","Semi-Detached",358,"Scss","Under Construction"
"24462",2022-05-01,"May 2022","Row",970,"Scss","Under Construction"
"24462",2022-05-01,"May 2022","Apartment",40142,"Scss","Under Construction"
"24462",2022-05-01,"May 2022","All",42734,"Scss","Under Construction"
"24462",2022-06-01,"Jun 2022","Single",1332,"Scss","Under Construction"
"24462",2022-06-01,"Jun 2022","Semi-Detached",357,"Scss","Under Construction"
"24462",2022-06-01,"Jun 2022","Row",945,"Scss","Under Construction"
"24462",2022-06-01,"Jun 2022","Apartment",40840,"Scss","Under Construction"
"24462",2022-06-01,"Jun 2022","All",43474,"Scss","Under Construction"
"24462",2022-07-01,"Jul 2022","Single",1318,"Scss","Under Construction"
"24462",2022-07-01,"Jul 2022","Semi-Detached",341,"Scss","Under Construction"
"24462",2022-07-01,"Jul 2022","Row",903,"Scss","Under Construction"
"24462",2022-07-01,"Jul 2022","Apartment",40692,"Scss","Under Construction"
"24462",2022-07-01,"Jul 2022","All",43254,"Scss","Under Construction"
"24462",2022-08-01,"Aug 2022","Single",1242,"Scss","Under Construction"
"24462",2022-08-01,"Aug 2022","Semi-Detached",292,"Scss","Under Construction"
"24462",2022-08-01,"Aug 2022","Row",838,"Scss","Under Construction"
"24462",2022-08-01,"Aug 2022","Apartment",39777,"Scss","Under Construction"
"24462",2022-08-01,"Aug 2022","All",42149,"Scss","Under Construction"
"24462",2022-09-01,"Sep 2022","Single",1260,"Scss","Under Construction"
"24462",2022-09-01,"Sep 2022","Semi-Detached",304,"Scss","Under Construction"
"24462",2022-09-01,"Sep 2022","Row",829,"Scss","Under Construction"
"24462",2022-09-01,"Sep 2022","Apartment",40157,"Scss","Under Construction"
"24462",2022-09-01,"Sep 2022","All",42550,"Scss","Under Construction"
"24462",2022-10-01,"Oct 2022","Single",1158,"Scss","Under Construction"
"24462",2022-10-01,"Oct 2022","Semi-Detached",272,"Scss","Under Construction"
"24462",2022-10-01,"Oct 2022","Row",769,"Scss","Under Construction"
"24462",2022-10-01,"Oct 2022","Apartment",40323,"Scss","Under Construction"
"24462",2022-10-01,"Oct 2022","All",42522,"Scss","Under Construction"
"24462",2022-11-01,"Nov 2022","Single",1115,"Scss","Under Construction"
"24462",2022-11-01,"Nov 2022","Semi-Detached",258,"Scss","Under Construction"
"24462",2022-11-01,"Nov 2022","Row",702,"Scss","Under Construction"
"24462",2022-11-01,"Nov 2022","Apartment",39404,"Scss","Under Construction"
"24462",2022-11-01,"Nov 2022","All",41479,"Scss","Under Construction"
"24462",2022-12-01,"Dec 2022","Single",985,"Scss","Under Construction"
"24462",2022-12-01,"Dec 2022","Semi-Detached",218,"Scss","Under Construction"
"24462",2022-12-01,"Dec 2022","Row",641,"Scss","Under Construction"
"24462",2022-12-01,"Dec 2022","Apartment",36982,"Scss","Under Construction"
"24462",2022-12-01,"Dec 2022","All",38826,"Scss","Under Construction"
"24462",2023-01-01,"Jan 2023","Single",947,"Scss","Under Construction"
"24462",2023-01-01,"Jan 2023","Semi-Detached",206,"Scss","Under Construction"
"24462",2023-01-01,"Jan 2023","Row",608,"Scss","Under Construction"
"24462",2023-01-01,"Jan 2023","Apartment",37108,"Scss","Under Construction"
"24462",2023-01-01,"Jan 2023","All",38869,"Scss","Under Construction"
"24462",2023-02-01,"Feb 2023","Single",872,"Scss","Under Construction"
"24462",2023-02-01,"Feb 2023","Semi-Detached",200,"Scss","Under Construction"
"24462",2023-02-01,"Feb 2023","Row",543,"Scss","Under Construction"
"24462",2023-02-01,"Feb 2023","Apartment",36666,"Scss","Under Construction"
"24462",2023-02-01,"Feb 2023","All",38281,"Scss","Under Construction"
"24462",2023-03-01,"Mar 2023","Single",798,"Scss","Under Construction"
"24462",2023-03-01,"Mar 2023","Semi-Detached",170,"Scss","Under Construction"
"24462",2023-03-01,"Mar 2023","Row",492,"Scss","Under Construction"
"24462",2023-03-01,"Mar 2023","Apartment",35296,"Scss","Under Construction"
"24462",2023-03-01,"Mar 2023","All",36756,"Scss","Under Construction"
"24462",2023-04-01,"Apr 2023","Single",812,"Scss","Under Construction"
"24462",2023-04-01,"Apr 2023","Semi-Detached",150,"Scss","Under Construction"
"24462",2023-04-01,"Apr 2023","Row",495,"Scss","Under Construction"
"24462",2023-04-01,"Apr 2023","Apartment",34846,"Scss","Under Construction"
"24462",2023-04-01,"Apr 2023","All",36303,"Scss","Under Construction"
"24462",2023-05-01,"May 2023","Single",797,"Scss","Under Construction"
"24462",2023-05-01,"May 2023","Semi-Detached",152,"Scss","Under Construction"
"24462",2023-05-01,"May 2023","Row",477,"Scss","Under Construction"
"24462",2023-05-01,"May 2023","Apartment",33888,"Scss","Under Construction"
"24462",2023-05-01,"May 2023","All",35314,"Scss","Under Construction"
"24462",2023-06-01,"Jun 2023","Single",797,"Scss","Under Construction"
"24462",2023-06-01,"Jun 2023","Semi-Detached",170,"Scss","Under Construction"
"24462",2023-06-01,"Jun 2023","Row",438,"Scss","Under Construction"
"24462",2023-06-01,"Jun 2023","Apartment",32638,"Scss","Under Construction"
"24462",2023-06-01,"Jun 2023","All",34043,"Scss","Under Construction"
"24462",2023-07-01,"Jul 2023","Single",806,"Scss","Under Construction"
"24462",2023-07-01,"Jul 2023","Semi-Detached",146,"Scss","Under Construction"
"24462",2023-07-01,"Jul 2023","Row",419,"Scss","Under Construction"
"24462",2023-07-01,"Jul 2023","Apartment",31642,"Scss","Under Construction"
"24462",2023-07-01,"Jul 2023","All",33013,"Scss","Under Construction"
"24462",2023-08-01,"Aug 2023","Single",781,"Scss","Under Construction"
"24462",2023-08-01,"Aug 2023","Semi-Detached",140,"Scss","Under Construction"
"24462",2023-08-01,"Aug 2023","Row",418,"Scss","Under Construction"
"24462",2023-08-01,"Aug 2023","Apartment",30870,"Scss","Under Construction"
"24462",2023-08-01,"Aug 2023","All",32209,"Scss","Under Construction"
"24462",2023-09-01,"Sep 2023","Single",746,"Scss","Under Construction"
"24462",2023-09-01,"Sep 2023","Semi-Detached",132,"Scss","Under Construction"
"24462",2023-09-01,"Sep 2023","Row",424,"Scss","Under Construction"
"24462",2023-09-01,"Sep 2023","Apartment",32261,"Scss","Under Construction"
"24462",2023-09-01,"Sep 2023","All",33563,"Scss","Under Construction"
"24462",2023-10-01,"Oct 2023","Single",747,"Scss","Under Construction"
"24462",2023-10-01,"Oct 2023","Semi-Detached",132,"Scss","Under Construction"
"24462",2023-10-01,"Oct 2023","Row",454,"Scss","Under Construction"
"24462",2023-10-01,"Oct 2023","Apartment",32063,"Scss","Under Construction"
"24462",2023-10-01,"Oct 2023","All",33396,"Scss","Under Construction"
"24462",2023-11-01,"Nov 2023","Single",734,"Scss","Under Construction"
"24462",2023-11-01,"Nov 2023","Semi-Detached",148,"Scss","Under Construction"
"24462",2023-11-01,"Nov 2023","Row",467,"Scss","Under Construction"
"24462",2023-11-01,"Nov 2023","Apartment",31701,"Scss","Under Construction"
"24462",2023-11-01,"Nov 2023","All",33050,"Scss","Under Construction"
"24462",2023-12-01,"Dec 2023","Single",690,"Scss","Under Construction"
"24462",2023-12-01,"Dec 2023","Semi-Detached",142,"Scss","Under Construction"
"24462",2023-12-01,"Dec 2023","Row",459,"Scss","Under Construction"
"24462",2023-12-01,"Dec 2023","Apartment",31639,"Scss","Under Construction"
"24462",2023-12-01,"Dec 2023","All",32930,"Scss","Under Construction"
"24462",2024-01-01,"Jan 2024","Single",669,"Scss","Under Construction"
"24462",2024-01-01,"Jan 2024","Semi-Detached",136,"Scss","Under Construction"
"24462",2024-01-01,"Jan 2024","Row",462,"Scss","Under Construction"
"24462",2024-01-01,"Jan 2024","Apartment",31439,"Scss","Under Construction"
"24462",2024-01-01,"Jan 2024","All",32706,"Scss","Under Construction"
"24462",2024-02-01,"Feb 2024","Single",636,"Scss","Under Construction"
"24462",2024-02-01,"Feb 2024","Semi-Detached",128,"Scss","Under Construction"
"24462",2024-02-01,"Feb 2024","Row",436,"Scss","Under Construction"
"24462",2024-02-01,"Feb 2024","Apartment",30320,"Scss","Under Construction"
"24462",2024-02-01,"Feb 2024","All",31520,"Scss","Under Construction"
"24462",2024-03-01,"Mar 2024","Single",621,"Scss","Under Construction"
"24462",2024-03-01,"Mar 2024","Semi-Detached",140,"Scss","Under Construction"
"24462",2024-03-01,"Mar 2024","Row",419,"Scss","Under Construction"
"24462",2024-03-01,"Mar 2024","Apartment",29649,"Scss","Under Construction"
"24462",2024-03-01,"Mar 2024","All",30829,"Scss","Under Construction"
"24462",2024-04-01,"Apr 2024","Single",629,"Scss","Under Construction"
"24462",2024-04-01,"Apr 2024","Semi-Detached",154,"Scss","Under Construction"
"24462",2024-04-01,"Apr 2024","Row",454,"Scss","Under Construction"
"24462",2024-04-01,"Apr 2024","Apartment",30068,"Scss","Under Construction"
"24462",2024-04-01,"Apr 2024","All",31305,"Scss","Under Construction"
"24462",2024-05-01,"May 2024","Single",703,"Scss","Under Construction"
"24462",2024-05-01,"May 2024","Semi-Detached",170,"Scss","Under Construction"
"24462",2024-05-01,"May 2024","Row",463,"Scss","Under Construction"
"24462",2024-05-01,"May 2024","Apartment",31229,"Scss","Under Construction"
"24462",2024-05-01,"May 2024","All",32565,"Scss","Under Construction"
"24462",2024-06-01,"Jun 2024","Single",733,"Scss","Under Construction"
"24462",2024-06-01,"Jun 2024","Semi-Detached",146,"Scss","Under Construction"
"24462",2024-06-01,"Jun 2024","Row",478,"Scss","Under Construction"
"24462",2024-06-01,"Jun 2024","Apartment",30957,"Scss","Under Construction"
"24462",2024-06-01,"Jun 2024","All",32314,"Scss","Under Construction"
"24462",2024-07-01,"Jul 2024","Single",689,"Scss","Under Construction"
"24462",2024-07-01,"Jul 2024","Semi-Detached",138,"Scss","Under Construction"
"24462",2024-07-01,"Jul 2024","Row",473,"Scss","Under Construction"
"24462",2024-07-01,"Jul 2024","Apartment",30197,"Scss","Under Construction"
"24462",2024-07-01,"Jul 2024","All",31497,"Scss","Under Construction"
"24462",2024-08-01,"Aug 2024","Single",680,"Scss","Under Construction"
"24462",2024-08-01,"Aug 2024","Semi-Detached",152,"Scss","Under Construction"
"24462",2024-08-01,"Aug 2024","Row",408,"Scss","Under Construction"
"24462",2024-08-01,"Aug 2024","Apartment",29663,"Scss","Under Construction"
"24462",2024-08-01,"Aug 2024","All",30903,"Scss","Under Construction"
"24462",2024-09-01,"Sep 2024","Single",696,"Scss","Under Construction"
"24462",2024-09-01,"Sep 2024","Semi-Detached",146,"Scss","Under Construction"
"24462",2024-09-01,"Sep 2024","Row",384,"Scss","Under Construction"
"24462",2024-09-01,"Sep 2024","Apartment",27168,"Scss","Under Construction"
"24462",2024-09-01,"Sep 2024","All",28394,"Scss","Under Construction"
"24462",2024-10-01,"Oct 2024","Single",718,"Scss","Under Construction"
"24462",2024-10-01,"Oct 2024","Semi-Detached",142,"Scss","Under Construction"
"24462",2024-10-01,"Oct 2024","Row",400,"Scss","Under Construction"
"24462",2024-10-01,"Oct 2024","Apartment",26247,"Scss","Under Construction"
"24462",2024-10-01,"Oct 2024","All",27507,"Scss","Under Construction"
"24462",2024-11-01,"Nov 2024","Single",740,"Scss","Under Construction"
"24462",2024-11-01,"Nov 2024","Semi-Detached",172,"Scss","Under Construction"
"24462",2024-11-01,"Nov 2024","Row",431,"Scss","Under Construction"
"24462",2024-11-01,"Nov 2024","Apartment",26871,"Scss","Under Construction"
"24462",2024-11-01,"Nov 2024","All",28214,"Scss","Under Construction"
"24462",2024-12-01,"Dec 2024","Single",714,"Scss","Under Construction"
"24462",2024-12-01,"Dec 2024","Semi-Detached",150,"Scss","Under Construction"
"24462",2024-12-01,"Dec 2024","Row",453,"Scss","Under Construction"
"24462",2024-12-01,"Dec 2024","Apartment",26403,"Scss","Under Construction"
"24462",2024-12-01,"Dec 2024","All",27720,"Scss","Under Construction"
"24462",2025-01-01,"Jan 2025","Single",745,"Scss","Under Construction"
"24462",2025-01-01,"Jan 2025","Semi-Detached",186,"Scss","Under Construction"
"24462",2025-01-01,"Jan 2025","Row",504,"Scss","Under Construction"
"24462",2025-01-01,"Jan 2025","Apartment",27394,"Scss","Under Construction"
"24462",2025-01-01,"Jan 2025","All",28829,"Scss","Under Construction"
"24462",2025-02-01,"Feb 2025","Single",678,"Scss","Under Construction"
"24462",2025-02-01,"Feb 2025","Semi-Detached",188,"Scss","Under Construction"
"24462",2025-02-01,"Feb 2025","Row",547,"Scss","Under Construction"
"24462",2025-02-01,"Feb 2025","Apartment",27333,"Scss","Under Construction"
"24462",2025-02-01,"Feb 2025","All",28746,"Scss","Under Construction"
"24462",2025-03-01,"Mar 2025","Single",666,"Scss","Under Construction"
"24462",2025-03-01,"Mar 2025","Semi-Detached",176,"Scss","Under Construction"
"24462",2025-03-01,"Mar 2025","Row",548,"Scss","Under Construction"
"24462",2025-03-01,"Mar 2025","Apartment",28093,"Scss","Under Construction"
"24462",2025-03-01,"Mar 2025","All",29483,"Scss","Under Construction"
"24462",2025-04-01,"Apr 2025","Single",713,"Scss","Under Construction"
"24462",2025-04-01,"Apr 2025","Semi-Detached",188,"Scss","Under Construction"
"24462",2025-04-01,"Apr 2025","Row",571,"Scss","Under Construction"
"24462",2025-04-01,"Apr 2025","Apartment",28308,"Scss","Under Construction"
"24462",2025-04-01,"Apr 2025","All",29780,"Scss","Under Construction"
"24462",2025-05-01,"May 2025","Single",749,"Scss","Under Construction"
"24462",2025-05-01,"May 2025","Semi-Detached",188,"Scss","Under Construction"
"24462",2025-05-01,"May 2025","Row",626,"Scss","Under Construction"
"24462",2025-05-01,"May 2025","Apartment",29058,"Scss","Under Construction"
"24462",2025-05-01,"May 2025","All",30621,"Scss","Under Construction"
"24462",2025-06-01,"Jun 2025","Single",750,"Scss","Under Construction"
"24462",2025-06-01,"Jun 2025","Semi-Detached",169,"Scss","Under Construction"
"24462",2025-06-01,"Jun 2025","Row",631,"Scss","Under Construction"
"24462",2025-06-01,"Jun 2025","Apartment",29769,"Scss","Under Construction"
"24462",2025-06-01,"Jun 2025","All",31319,"Scss","Under Construction"
"24462",2025-07-01,"Jul 2025","Single",778,"Scss","Under Construction"
"24462",2025-07-01,"Jul 2025","Semi-Detached",179,"Scss","Under Construction"
"24462",2025-07-01,"Jul 2025","Row",628,"Scss","Under Construction"
"24462",2025-07-01,"Jul 2025","Apartment",28915,"Scss","Under Construction"
"24462",2025-07-01,"Jul 2025","All",30500,"Scss","Under Construction"
"24462",2025-08-01,"Aug 2025","Single",764,"Scss","Under Construction"
"24462",2025-08-01,"Aug 2025","Semi-Detached",158,"Scss","Under Construction"
"24462",2025-08-01,"Aug 2025","Row",587,"Scss","Under Construction"
"24462",2025-08-01,"Aug 2025","Apartment",28782,"Scss","Under Construction"
"24462",2025-08-01,"Aug 2025","All",30291,"Scss","Under Construction"
"24462",2025-09-01,"Sep 2025","Single",767,"Scss","Under Construction"
"24462",2025-09-01,"Sep 2025","Semi-Detached",179,"Scss","Under Construction"
"24462",2025-09-01,"Sep 2025","Row",608,"Scss","Under Construction"
"24462",2025-09-01,"Sep 2025","Apartment",30082,"Scss","Under Construction"
"24462",2025-09-01,"Sep 2025","All",31636,"Scss","Under Construction"
"24462",2025-10-01,"Oct 2025","Single",809,"Scss","Under Construction"
"24462",2025-10-01,"Oct 2025","Semi-Detached",191,"Scss","Under Construction"
"24462",2025-10-01,"Oct 2025","Row",621,"Scss","Under Construction"
"24462",2025-10-01,"Oct 2025","Apartment",31081,"Scss","Under Construction"
"24462",2025-10-01,"Oct 2025","All",32702,"Scss","Under Construction"
"24462",2025-11-01,"Nov 2025","Single",814,"Scss","Under Construction"
"24462",2025-11-01,"Nov 2025","Semi-Detached",207,"Scss","Under Construction"
"24462",2025-11-01,"Nov 2025","Row",602,"Scss","Under Construction"
"24462",2025-11-01,"Nov 2025","Apartment",32096,"Scss","Under Construction"
"24462",2025-11-01,"Nov 2025","All",33719,"Scss","Under Construction"
"24462",2025-12-01,"Dec 2025","Single",792,"Scss","Under Construction"
"24462",2025-12-01,"Dec 2025","Semi-Detached",199,"Scss","Under Construction"
"24462",2025-12-01,"Dec 2025","Row",595,"Scss","Under Construction"
"24462",2025-12-01,"Dec 2025","Apartment",32040,"Scss","Under Construction"
"24462",2025-12-01,"Dec 2025","All",33626,"Scss","Under Construction"
"24462",2026-01-01,"Jan 2026","Single",786,"Scss","Under Construction"
"24462",2026-01-01,"Jan 2026","Semi-Detached",188,"Scss","Under Construction"
"24462",2026-01-01,"Jan 2026","Row",630,"Scss","Under Construction"
"24462",2026-01-01,"Jan 2026","Apartment",32249,"Scss","Under Construction"
"24462",2026-01-01,"Jan 2026","All",33853,"Scss","Under Construction"
"24462",2026-02-01,"Feb 2026","Single",741,"Scss","Under Construction"
"24462",2026-02-01,"Feb 2026","Semi-Detached",168,"Scss","Under Construction"
"24462",2026-02-01,"Feb 2026","Row",611,"Scss","Under Construction"
"24462",2026-02-01,"Feb 2026","Apartment",31414,"Scss","Under Construction"
"24462",2026-02-01,"Feb 2026","All",32934,"Scss","Under Construction"
