"GeoUID","Date","DateString","Dwelling Type","Value","Survey","Series"
"35568",1990-01-01,"1990 January","1st 20%",160000,"Scss","Absorbed Prices"
"35568",1990-01-01,"1990 January","2nd 40%",189000,"Scss","Absorbed Prices"
"35568",1990-01-01,"1990 January","3rd 60%",211000,"Scss","Absorbed Prices"
"35568",1990-01-01,"1990 January","4th 80%",230000,"Scss","Absorbed Prices"
"35568",1990-01-01,"1990 January","Median",195000,"Scss","Absorbed Prices"
"35568",1990-01-01,"1990 January","Average",198578,"Scss","Absorbed Prices"
"35568",1990-01-01,"1990 January","Units",98,"Scss","Absorbed Prices"
"35568",1990-02-01,"1990 February","1st 20%",170000,"Scss","Absorbed Prices"
"35568",1990-02-01,"1990 February","2nd 40%",185000,"Scss","Absorbed Prices"
"35568",1990-02-01,"1990 February","3rd 60%",203000,"Scss","Absorbed Prices"
"35568",1990-02-01,"1990 February","4th 80%",224000,"Scss","Absorbed Prices"
"35568",1990-02-01,"1990 February","Median",2e+05,"Scss","Absorbed Prices"
"35568",1990-02-01,"1990 February","Average",198303,"Scss","Absorbed Prices"
"35568",1990-02-01,"1990 February","Units",109,"Scss","Absorbed Prices"
"35568",1990-03-01,"1990 March","1st 20%",165000,"Scss","Absorbed Prices"
"35568",1990-03-01,"1990 March","2nd 40%",180000,"Scss","Absorbed Prices"
"35568",1990-03-01,"1990 March","3rd 60%",2e+05,"Scss","Absorbed Prices"
"35568",1990-03-01,"1990 March","4th 80%",233000,"Scss","Absorbed Prices"
"35568",1990-03-01,"1990 March","Median",190000,"Scss","Absorbed Prices"
"35568",1990-03-01,"1990 March","Average",207667,"Scss","Absorbed Prices"
"35568",1990-03-01,"1990 March","Units",130,"Scss","Absorbed Prices"
"35568",1990-04-01,"1990 April","1st 20%",160000,"Scss","Absorbed Prices"
"35568",1990-04-01,"1990 April","2nd 40%",180000,"Scss","Absorbed Prices"
"35568",1990-04-01,"1990 April","3rd 60%",196000,"Scss","Absorbed Prices"
"35568",1990-04-01,"1990 April","4th 80%",250000,"Scss","Absorbed Prices"
"35568",1990-04-01,"1990 April","Median",185000,"Scss","Absorbed Prices"
"35568",1990-04-01,"1990 April","Average",206806,"Scss","Absorbed Prices"
"35568",1990-04-01,"1990 April","Units",86,"Scss","Absorbed Prices"
"35568",1990-05-01,"1990 May","1st 20%",162000,"Scss","Absorbed Prices"
"35568",1990-05-01,"1990 May","2nd 40%",2e+05,"Scss","Absorbed Prices"
"35568",1990-05-01,"1990 May","3rd 60%",220000,"Scss","Absorbed Prices"
"35568",1990-05-01,"1990 May","4th 80%",250000,"Scss","Absorbed Prices"
"35568",1990-05-01,"1990 May","Median",202500,"Scss","Absorbed Prices"
"35568",1990-05-01,"1990 May","Average",202655,"Scss","Absorbed Prices"
"35568",1990-05-01,"1990 May","Units",176,"Scss","Absorbed Prices"
"35568",1990-06-01,"1990 June","1st 20%",180000,"Scss","Absorbed Prices"
"35568",1990-06-01,"1990 June","2nd 40%",199000,"Scss","Absorbed Prices"
"35568",1990-06-01,"1990 June","3rd 60%",230000,"Scss","Absorbed Prices"
"35568",1990-06-01,"1990 June","4th 80%",263000,"Scss","Absorbed Prices"
"35568",1990-06-01,"1990 June","Median",220000,"Scss","Absorbed Prices"
"35568",1990-06-01,"1990 June","Average",223161,"Scss","Absorbed Prices"
"35568",1990-06-01,"1990 June","Units",115,"Scss","Absorbed Prices"
"35568",1990-07-01,"1990 July","1st 20%",180000,"Scss","Absorbed Prices"
"35568",1990-07-01,"1990 July","2nd 40%",215000,"Scss","Absorbed Prices"
"35568",1990-07-01,"1990 July","3rd 60%",230000,"Scss","Absorbed Prices"
"35568",1990-07-01,"1990 July","4th 80%",250000,"Scss","Absorbed Prices"
"35568",1990-07-01,"1990 July","Median",225000,"Scss","Absorbed Prices"
"35568",1990-07-01,"1990 July","Average",219273,"Scss","Absorbed Prices"
"35568",1990-07-01,"1990 July","Units",138,"Scss","Absorbed Prices"
"35568",1990-08-01,"1990 August","1st 20%",180000,"Scss","Absorbed Prices"
"35568",1990-08-01,"1990 August","2nd 40%",205000,"Scss","Absorbed Prices"
"35568",1990-08-01,"1990 August","3rd 60%",230000,"Scss","Absorbed Prices"
"35568",1990-08-01,"1990 August","4th 80%",245000,"Scss","Absorbed Prices"
"35568",1990-08-01,"1990 August","Median",215000,"Scss","Absorbed Prices"
"35568",1990-08-01,"1990 August","Average",215490,"Scss","Absorbed Prices"
"35568",1990-08-01,"1990 August","Units",107,"Scss","Absorbed Prices"
"35568",1990-09-01,"1990 September","1st 20%",150000,"Scss","Absorbed Prices"
"35568",1990-09-01,"1990 September","2nd 40%",165000,"Scss","Absorbed Prices"
"35568",1990-09-01,"1990 September","3rd 60%",190000,"Scss","Absorbed Prices"
"35568",1990-09-01,"1990 September","4th 80%",226000,"Scss","Absorbed Prices"
"35568",1990-09-01,"1990 September","Median",177500,"Scss","Absorbed Prices"
"35568",1990-09-01,"1990 September","Average",190337,"Scss","Absorbed Prices"
"35568",1990-09-01,"1990 September","Units",139,"Scss","Absorbed Prices"
"35568",1990-10-01,"1990 October","1st 20%",170000,"Scss","Absorbed Prices"
"35568",1990-10-01,"1990 October","2nd 40%",210000,"Scss","Absorbed Prices"
"35568",1990-10-01,"1990 October","3rd 60%",235000,"Scss","Absorbed Prices"
"35568",1990-10-01,"1990 October","4th 80%",255000,"Scss","Absorbed Prices"
"35568",1990-10-01,"1990 October","Median",220000,"Scss","Absorbed Prices"
"35568",1990-10-01,"1990 October","Average",220963,"Scss","Absorbed Prices"
"35568",1990-10-01,"1990 October","Units",144,"Scss","Absorbed Prices"
"35568",1990-11-01,"1990 November","1st 20%",170000,"Scss","Absorbed Prices"
"35568",1990-11-01,"1990 November","2nd 40%",190000,"Scss","Absorbed Prices"
"35568",1990-11-01,"1990 November","3rd 60%",2e+05,"Scss","Absorbed Prices"
"35568",1990-11-01,"1990 November","4th 80%",240000,"Scss","Absorbed Prices"
"35568",1990-11-01,"1990 November","Median",2e+05,"Scss","Absorbed Prices"
"35568",1990-11-01,"1990 November","Average",209864,"Scss","Absorbed Prices"
"35568",1990-11-01,"1990 November","Units",138,"Scss","Absorbed Prices"
"35568",1990-12-01,"1990 December","1st 20%",174000,"Scss","Absorbed Prices"
"35568",1990-12-01,"1990 December","2nd 40%",195000,"Scss","Absorbed Prices"
"35568",1990-12-01,"1990 December","3rd 60%",215000,"Scss","Absorbed Prices"
"35568",1990-12-01,"1990 December","4th 80%",250000,"Scss","Absorbed Prices"
"35568",1990-12-01,"1990 December","Median",2e+05,"Scss","Absorbed Prices"
"35568",1990-12-01,"1990 December","Average",210382,"Scss","Absorbed Prices"
"35568",1990-12-01,"1990 December","Units",186,"Scss","Absorbed Prices"
"35568",1991-01-01,"1991 January","1st 20%",160000,"Scss","Absorbed Prices"
"35568",1991-01-01,"1991 January","2nd 40%",180000,"Scss","Absorbed Prices"
"35568",1991-01-01,"1991 January","3rd 60%",2e+05,"Scss","Absorbed Prices"
"35568",1991-01-01,"1991 January","4th 80%",230000,"Scss","Absorbed Prices"
"35568",1991-01-01,"1991 January","Median",2e+05,"Scss","Absorbed Prices"
"35568",1991-01-01,"1991 January","Average",201710,"Scss","Absorbed Prices"
"35568",1991-01-01,"1991 January","Units",188,"Scss","Absorbed Prices"
"35568",1991-02-01,"1991 February","1st 20%",150000,"Scss","Absorbed Prices"
"35568",1991-02-01,"1991 February","2nd 40%",178000,"Scss","Absorbed Prices"
"35568",1991-02-01,"1991 February","3rd 60%",2e+05,"Scss","Absorbed Prices"
"35568",1991-02-01,"1991 February","4th 80%",230000,"Scss","Absorbed Prices"
"35568",1991-02-01,"1991 February","Median",190000,"Scss","Absorbed Prices"
"35568",1991-02-01,"1991 February","Average",200031,"Scss","Absorbed Prices"
"35568",1991-02-01,"1991 February","Units",89,"Scss","Absorbed Prices"
"35568",1991-03-01,"1991 March","1st 20%",150000,"Scss","Absorbed Prices"
"35568",1991-03-01,"1991 March","2nd 40%",170000,"Scss","Absorbed Prices"
"35568",1991-03-01,"1991 March","3rd 60%",190000,"Scss","Absorbed Prices"
"35568",1991-03-01,"1991 March","4th 80%",220000,"Scss","Absorbed Prices"
"35568",1991-03-01,"1991 March","Median",180000,"Scss","Absorbed Prices"
"35568",1991-03-01,"1991 March","Average",180788,"Scss","Absorbed Prices"
"35568",1991-03-01,"1991 March","Units",86,"Scss","Absorbed Prices"
"35568",1991-04-01,"1991 April","1st 20%",150000,"Scss","Absorbed Prices"
"35568",1991-04-01,"1991 April","2nd 40%",172000,"Scss","Absorbed Prices"
"35568",1991-04-01,"1991 April","3rd 60%",2e+05,"Scss","Absorbed Prices"
"35568",1991-04-01,"1991 April","4th 80%",240000,"Scss","Absorbed Prices"
"35568",1991-04-01,"1991 April","Median",185000,"Scss","Absorbed Prices"
"35568",1991-04-01,"1991 April","Average",193575,"Scss","Absorbed Prices"
"35568",1991-04-01,"1991 April","Units",87,"Scss","Absorbed Prices"
"35568",1991-05-01,"1991 May","1st 20%",171000,"Scss","Absorbed Prices"
"35568",1991-05-01,"1991 May","2nd 40%",190000,"Scss","Absorbed Prices"
"35568",1991-05-01,"1991 May","3rd 60%",215000,"Scss","Absorbed Prices"
"35568",1991-05-01,"1991 May","4th 80%",250000,"Scss","Absorbed Prices"
"35568",1991-05-01,"1991 May","Median",2e+05,"Scss","Absorbed Prices"
"35568",1991-05-01,"1991 May","Average",215146,"Scss","Absorbed Prices"
"35568",1991-05-01,"1991 May","Units",74,"Scss","Absorbed Prices"
"35568",1991-06-01,"1991 June","1st 20%",150000,"Scss","Absorbed Prices"
"35568",1991-06-01,"1991 June","2nd 40%",173000,"Scss","Absorbed Prices"
"35568",1991-06-01,"1991 June","3rd 60%",190000,"Scss","Absorbed Prices"
"35568",1991-06-01,"1991 June","4th 80%",230000,"Scss","Absorbed Prices"
"35568",1991-06-01,"1991 June","Median",180000,"Scss","Absorbed Prices"
"35568",1991-06-01,"1991 June","Average",188687,"Scss","Absorbed Prices"
"35568",1991-06-01,"1991 June","Units",86,"Scss","Absorbed Prices"
"35568",1991-07-01,"1991 July","1st 20%",150000,"Scss","Absorbed Prices"
"35568",1991-07-01,"1991 July","2nd 40%",163000,"Scss","Absorbed Prices"
"35568",1991-07-01,"1991 July","3rd 60%",182000,"Scss","Absorbed Prices"
"35568",1991-07-01,"1991 July","4th 80%",230000,"Scss","Absorbed Prices"
"35568",1991-07-01,"1991 July","Median",180000,"Scss","Absorbed Prices"
"35568",1991-07-01,"1991 July","Average",184019,"Scss","Absorbed Prices"
"35568",1991-07-01,"1991 July","Units",160,"Scss","Absorbed Prices"
"35568",1991-08-01,"1991 August","1st 20%",150000,"Scss","Absorbed Prices"
"35568",1991-08-01,"1991 August","2nd 40%",180000,"Scss","Absorbed Prices"
"35568",1991-08-01,"1991 August","3rd 60%",2e+05,"Scss","Absorbed Prices"
"35568",1991-08-01,"1991 August","4th 80%",240000,"Scss","Absorbed Prices"
"35568",1991-08-01,"1991 August","Median",190000,"Scss","Absorbed Prices"
"35568",1991-08-01,"1991 August","Average",197582,"Scss","Absorbed Prices"
"35568",1991-08-01,"1991 August","Units",70,"Scss","Absorbed Prices"
"35568",1991-09-01,"1991 September","1st 20%",140000,"Scss","Absorbed Prices"
"35568",1991-09-01,"1991 September","2nd 40%",170000,"Scss","Absorbed Prices"
"35568",1991-09-01,"1991 September","3rd 60%",2e+05,"Scss","Absorbed Prices"
"35568",1991-09-01,"1991 September","4th 80%",220000,"Scss","Absorbed Prices"
"35568",1991-09-01,"1991 September","Median",180000,"Scss","Absorbed Prices"
"35568",1991-09-01,"1991 September","Average",184955,"Scss","Absorbed Prices"
"35568",1991-09-01,"1991 September","Units",128,"Scss","Absorbed Prices"
"35568",1991-10-01,"1991 October","1st 20%",150000,"Scss","Absorbed Prices"
"35568",1991-10-01,"1991 October","2nd 40%",170000,"Scss","Absorbed Prices"
"35568",1991-10-01,"1991 October","3rd 60%",195000,"Scss","Absorbed Prices"
"35568",1991-10-01,"1991 October","4th 80%",225000,"Scss","Absorbed Prices"
"35568",1991-10-01,"1991 October","Median",180000,"Scss","Absorbed Prices"
"35568",1991-10-01,"1991 October","Average",192856,"Scss","Absorbed Prices"
"35568",1991-10-01,"1991 October","Units",71,"Scss","Absorbed Prices"
"35568",1991-11-01,"1991 November","1st 20%",150000,"Scss","Absorbed Prices"
"35568",1991-11-01,"1991 November","2nd 40%",175000,"Scss","Absorbed Prices"
"35568",1991-11-01,"1991 November","3rd 60%",195000,"Scss","Absorbed Prices"
"35568",1991-11-01,"1991 November","4th 80%",230000,"Scss","Absorbed Prices"
"35568",1991-11-01,"1991 November","Median",180000,"Scss","Absorbed Prices"
"35568",1991-11-01,"1991 November","Average",196474,"Scss","Absorbed Prices"
"35568",1991-11-01,"1991 November","Units",49,"Scss","Absorbed Prices"
"35568",1991-12-01,"1991 December","1st 20%",144000,"Scss","Absorbed Prices"
"35568",1991-12-01,"1991 December","2nd 40%",155000,"Scss","Absorbed Prices"
"35568",1991-12-01,"1991 December","3rd 60%",180000,"Scss","Absorbed Prices"
"35568",1991-12-01,"1991 December","4th 80%",211000,"Scss","Absorbed Prices"
"35568",1991-12-01,"1991 December","Median",162500,"Scss","Absorbed Prices"
"35568",1991-12-01,"1991 December","Average",179087,"Scss","Absorbed Prices"
"35568",1991-12-01,"1991 December","Units",98,"Scss","Absorbed Prices"
"35568",1992-01-01,"1992 January","1st 20%",149000,"Scss","Absorbed Prices"
"35568",1992-01-01,"1992 January","2nd 40%",170000,"Scss","Absorbed Prices"
"35568",1992-01-01,"1992 January","3rd 60%",180000,"Scss","Absorbed Prices"
"35568",1992-01-01,"1992 January","4th 80%",213000,"Scss","Absorbed Prices"
"35568",1992-01-01,"1992 January","Median",175000,"Scss","Absorbed Prices"
"35568",1992-01-01,"1992 January","Average",186537,"Scss","Absorbed Prices"
"35568",1992-01-01,"1992 January","Units",63,"Scss","Absorbed Prices"
"35568",1992-02-01,"1992 February","1st 20%",160000,"Scss","Absorbed Prices"
"35568",1992-02-01,"1992 February","2nd 40%",180000,"Scss","Absorbed Prices"
"35568",1992-02-01,"1992 February","3rd 60%",2e+05,"Scss","Absorbed Prices"
"35568",1992-02-01,"1992 February","4th 80%",225000,"Scss","Absorbed Prices"
"35568",1992-02-01,"1992 February","Median",185000,"Scss","Absorbed Prices"
"35568",1992-02-01,"1992 February","Average",201102,"Scss","Absorbed Prices"
"35568",1992-02-01,"1992 February","Units",71,"Scss","Absorbed Prices"
"35568",1992-03-01,"1992 March","1st 20%",134000,"Scss","Absorbed Prices"
"35568",1992-03-01,"1992 March","2nd 40%",150000,"Scss","Absorbed Prices"
"35568",1992-03-01,"1992 March","3rd 60%",175000,"Scss","Absorbed Prices"
"35568",1992-03-01,"1992 March","4th 80%",201000,"Scss","Absorbed Prices"
"35568",1992-03-01,"1992 March","Median",155000,"Scss","Absorbed Prices"
"35568",1992-03-01,"1992 March","Average",167418,"Scss","Absorbed Prices"
"35568",1992-03-01,"1992 March","Units",53,"Scss","Absorbed Prices"
"35568",1992-04-01,"1992 April","1st 20%",140000,"Scss","Absorbed Prices"
"35568",1992-04-01,"1992 April","2nd 40%",160000,"Scss","Absorbed Prices"
"35568",1992-04-01,"1992 April","3rd 60%",185000,"Scss","Absorbed Prices"
"35568",1992-04-01,"1992 April","4th 80%",225000,"Scss","Absorbed Prices"
"35568",1992-04-01,"1992 April","Median",175000,"Scss","Absorbed Prices"
"35568",1992-04-01,"1992 April","Average",183669,"Scss","Absorbed Prices"
"35568",1992-04-01,"1992 April","Units",61,"Scss","Absorbed Prices"
"35568",1992-05-01,"1992 May","1st 20%",154000,"Scss","Absorbed Prices"
"35568",1992-05-01,"1992 May","2nd 40%",165000,"Scss","Absorbed Prices"
"35568",1992-05-01,"1992 May","3rd 60%",177000,"Scss","Absorbed Prices"
"35568",1992-05-01,"1992 May","4th 80%",211000,"Scss","Absorbed Prices"
"35568",1992-05-01,"1992 May","Median",170000,"Scss","Absorbed Prices"
"35568",1992-05-01,"1992 May","Average",183086,"Scss","Absorbed Prices"
"35568",1992-05-01,"1992 May","Units",50,"Scss","Absorbed Prices"
"35568",1992-06-01,"1992 June","1st 20%",155000,"Scss","Absorbed Prices"
"35568",1992-06-01,"1992 June","2nd 40%",170000,"Scss","Absorbed Prices"
"35568",1992-06-01,"1992 June","3rd 60%",191000,"Scss","Absorbed Prices"
"35568",1992-06-01,"1992 June","4th 80%",215000,"Scss","Absorbed Prices"
"35568",1992-06-01,"1992 June","Median",180000,"Scss","Absorbed Prices"
"35568",1992-06-01,"1992 June","Average",188408,"Scss","Absorbed Prices"
"35568",1992-06-01,"1992 June","Units",56,"Scss","Absorbed Prices"
"35568",1992-07-01,"1992 July","1st 20%",140000,"Scss","Absorbed Prices"
"35568",1992-07-01,"1992 July","2nd 40%",160000,"Scss","Absorbed Prices"
"35568",1992-07-01,"1992 July","3rd 60%",180000,"Scss","Absorbed Prices"
"35568",1992-07-01,"1992 July","4th 80%",217000,"Scss","Absorbed Prices"
"35568",1992-07-01,"1992 July","Median",170000,"Scss","Absorbed Prices"
"35568",1992-07-01,"1992 July","Average",182811,"Scss","Absorbed Prices"
"35568",1992-07-01,"1992 July","Units",217,"Scss","Absorbed Prices"
"35568",1992-08-01,"1992 August","1st 20%",155000,"Scss","Absorbed Prices"
"35568",1992-08-01,"1992 August","2nd 40%",170000,"Scss","Absorbed Prices"
"35568",1992-08-01,"1992 August","3rd 60%",180000,"Scss","Absorbed Prices"
"35568",1992-08-01,"1992 August","4th 80%",225000,"Scss","Absorbed Prices"
"35568",1992-08-01,"1992 August","Median",175000,"Scss","Absorbed Prices"
"35568",1992-08-01,"1992 August","Average",188718,"Scss","Absorbed Prices"
"35568",1992-08-01,"1992 August","Units",107,"Scss","Absorbed Prices"
"35568",1992-09-01,"1992 September","1st 20%",140000,"Scss","Absorbed Prices"
"35568",1992-09-01,"1992 September","2nd 40%",160000,"Scss","Absorbed Prices"
"35568",1992-09-01,"1992 September","3rd 60%",180000,"Scss","Absorbed Prices"
"35568",1992-09-01,"1992 September","4th 80%",225000,"Scss","Absorbed Prices"
"35568",1992-09-01,"1992 September","Median",170000,"Scss","Absorbed Prices"
"35568",1992-09-01,"1992 September","Average",179352,"Scss","Absorbed Prices"
"35568",1992-09-01,"1992 September","Units",120,"Scss","Absorbed Prices"
"35568",1992-10-01,"1992 October","1st 20%",140000,"Scss","Absorbed Prices"
"35568",1992-10-01,"1992 October","2nd 40%",150000,"Scss","Absorbed Prices"
"35568",1992-10-01,"1992 October","3rd 60%",170000,"Scss","Absorbed Prices"
"35568",1992-10-01,"1992 October","4th 80%",221000,"Scss","Absorbed Prices"
"35568",1992-10-01,"1992 October","Median",160000,"Scss","Absorbed Prices"
"35568",1992-10-01,"1992 October","Average",178179,"Scss","Absorbed Prices"
"35568",1992-10-01,"1992 October","Units",118,"Scss","Absorbed Prices"
"35568",1992-11-01,"1992 November","1st 20%",140000,"Scss","Absorbed Prices"
"35568",1992-11-01,"1992 November","2nd 40%",155000,"Scss","Absorbed Prices"
"35568",1992-11-01,"1992 November","3rd 60%",170000,"Scss","Absorbed Prices"
"35568",1992-11-01,"1992 November","4th 80%",186000,"Scss","Absorbed Prices"
"35568",1992-11-01,"1992 November","Median",165000,"Scss","Absorbed Prices"
"35568",1992-11-01,"1992 November","Average",173335,"Scss","Absorbed Prices"
"35568",1992-11-01,"1992 November","Units",83,"Scss","Absorbed Prices"
"35568",1992-12-01,"1992 December","1st 20%",150000,"Scss","Absorbed Prices"
"35568",1992-12-01,"1992 December","2nd 40%",160000,"Scss","Absorbed Prices"
"35568",1992-12-01,"1992 December","3rd 60%",180000,"Scss","Absorbed Prices"
"35568",1992-12-01,"1992 December","4th 80%",210000,"Scss","Absorbed Prices"
"35568",1992-12-01,"1992 December","Median",170000,"Scss","Absorbed Prices"
"35568",1992-12-01,"1992 December","Average",179650,"Scss","Absorbed Prices"
"35568",1992-12-01,"1992 December","Units",74,"Scss","Absorbed Prices"
"35568",1993-01-01,"1993 January","1st 20%",135000,"Scss","Absorbed Prices"
"35568",1993-01-01,"1993 January","2nd 40%",170000,"Scss","Absorbed Prices"
"35568",1993-01-01,"1993 January","3rd 60%",185000,"Scss","Absorbed Prices"
"35568",1993-01-01,"1993 January","4th 80%",215000,"Scss","Absorbed Prices"
"35568",1993-01-01,"1993 January","Median",175000,"Scss","Absorbed Prices"
"35568",1993-01-01,"1993 January","Average",186539,"Scss","Absorbed Prices"
"35568",1993-01-01,"1993 January","Units",74,"Scss","Absorbed Prices"
"35568",1993-02-01,"1993 February","1st 20%",146000,"Scss","Absorbed Prices"
"35568",1993-02-01,"1993 February","2nd 40%",155000,"Scss","Absorbed Prices"
"35568",1993-02-01,"1993 February","3rd 60%",165000,"Scss","Absorbed Prices"
"35568",1993-02-01,"1993 February","4th 80%",196000,"Scss","Absorbed Prices"
"35568",1993-02-01,"1993 February","Median",160000,"Scss","Absorbed Prices"
"35568",1993-02-01,"1993 February","Average",178032,"Scss","Absorbed Prices"
"35568",1993-02-01,"1993 February","Units",25,"Scss","Absorbed Prices"
"35568",1993-03-01,"1993 March","1st 20%",140000,"Scss","Absorbed Prices"
"35568",1993-03-01,"1993 March","2nd 40%",155000,"Scss","Absorbed Prices"
"35568",1993-03-01,"1993 March","3rd 60%",170000,"Scss","Absorbed Prices"
"35568",1993-03-01,"1993 March","4th 80%",190000,"Scss","Absorbed Prices"
"35568",1993-03-01,"1993 March","Median",155000,"Scss","Absorbed Prices"
"35568",1993-03-01,"1993 March","Average",172107,"Scss","Absorbed Prices"
"35568",1993-03-01,"1993 March","Units",42,"Scss","Absorbed Prices"
"35568",1993-04-01,"1993 April","1st 20%",130000,"Scss","Absorbed Prices"
"35568",1993-04-01,"1993 April","2nd 40%",148000,"Scss","Absorbed Prices"
"35568",1993-04-01,"1993 April","3rd 60%",160000,"Scss","Absorbed Prices"
"35568",1993-04-01,"1993 April","4th 80%",191000,"Scss","Absorbed Prices"
"35568",1993-04-01,"1993 April","Median",150000,"Scss","Absorbed Prices"
"35568",1993-04-01,"1993 April","Average",159997,"Scss","Absorbed Prices"
"35568",1993-04-01,"1993 April","Units",48,"Scss","Absorbed Prices"
"35568",1993-05-01,"1993 May","1st 20%",140000,"Scss","Absorbed Prices"
"35568",1993-05-01,"1993 May","2nd 40%",160000,"Scss","Absorbed Prices"
"35568",1993-05-01,"1993 May","3rd 60%",180000,"Scss","Absorbed Prices"
"35568",1993-05-01,"1993 May","4th 80%",195000,"Scss","Absorbed Prices"
"35568",1993-05-01,"1993 May","Median",170000,"Scss","Absorbed Prices"
"35568",1993-05-01,"1993 May","Average",173946,"Scss","Absorbed Prices"
"35568",1993-05-01,"1993 May","Units",41,"Scss","Absorbed Prices"
"35568",1993-06-01,"1993 June","1st 20%",145000,"Scss","Absorbed Prices"
"35568",1993-06-01,"1993 June","2nd 40%",160000,"Scss","Absorbed Prices"
"35568",1993-06-01,"1993 June","3rd 60%",180000,"Scss","Absorbed Prices"
"35568",1993-06-01,"1993 June","4th 80%",2e+05,"Scss","Absorbed Prices"
"35568",1993-06-01,"1993 June","Median",170000,"Scss","Absorbed Prices"
"35568",1993-06-01,"1993 June","Average",174582,"Scss","Absorbed Prices"
"35568",1993-06-01,"1993 June","Units",29,"Scss","Absorbed Prices"
"35568",1993-07-01,"1993 July","1st 20%",135000,"Scss","Absorbed Prices"
"35568",1993-07-01,"1993 July","2nd 40%",153000,"Scss","Absorbed Prices"
"35568",1993-07-01,"1993 July","3rd 60%",175000,"Scss","Absorbed Prices"
"35568",1993-07-01,"1993 July","4th 80%",226000,"Scss","Absorbed Prices"
"35568",1993-07-01,"1993 July","Median",160000,"Scss","Absorbed Prices"
"35568",1993-07-01,"1993 July","Average",179182,"Scss","Absorbed Prices"
"35568",1993-07-01,"1993 July","Units",68,"Scss","Absorbed Prices"
"35568",1993-08-01,"1993 August","1st 20%",140000,"Scss","Absorbed Prices"
"35568",1993-08-01,"1993 August","2nd 40%",150000,"Scss","Absorbed Prices"
"35568",1993-08-01,"1993 August","3rd 60%",170000,"Scss","Absorbed Prices"
"35568",1993-08-01,"1993 August","4th 80%",190000,"Scss","Absorbed Prices"
"35568",1993-08-01,"1993 August","Median",160000,"Scss","Absorbed Prices"
"35568",1993-08-01,"1993 August","Average",171416,"Scss","Absorbed Prices"
"35568",1993-08-01,"1993 August","Units",114,"Scss","Absorbed Prices"
"35568",1993-09-01,"1993 September","1st 20%",130000,"Scss","Absorbed Prices"
"35568",1993-09-01,"1993 September","2nd 40%",140000,"Scss","Absorbed Prices"
"35568",1993-09-01,"1993 September","3rd 60%",155000,"Scss","Absorbed Prices"
"35568",1993-09-01,"1993 September","4th 80%",180000,"Scss","Absorbed Prices"
"35568",1993-09-01,"1993 September","Median",150000,"Scss","Absorbed Prices"
"35568",1993-09-01,"1993 September","Average",159761,"Scss","Absorbed Prices"
"35568",1993-09-01,"1993 September","Units",100,"Scss","Absorbed Prices"
"35568",1993-10-01,"1993 October","1st 20%",130000,"Scss","Absorbed Prices"
"35568",1993-10-01,"1993 October","2nd 40%",140000,"Scss","Absorbed Prices"
"35568",1993-10-01,"1993 October","3rd 60%",150000,"Scss","Absorbed Prices"
"35568",1993-10-01,"1993 October","4th 80%",180000,"Scss","Absorbed Prices"
"35568",1993-10-01,"1993 October","Median",150000,"Scss","Absorbed Prices"
"35568",1993-10-01,"1993 October","Average",155928,"Scss","Absorbed Prices"
"35568",1993-10-01,"1993 October","Units",95,"Scss","Absorbed Prices"
"35568",1993-11-01,"1993 November","1st 20%",125000,"Scss","Absorbed Prices"
"35568",1993-11-01,"1993 November","2nd 40%",140000,"Scss","Absorbed Prices"
"35568",1993-11-01,"1993 November","3rd 60%",150000,"Scss","Absorbed Prices"
"35568",1993-11-01,"1993 November","4th 80%",180000,"Scss","Absorbed Prices"
"35568",1993-11-01,"1993 November","Median",145000,"Scss","Absorbed Prices"
"35568",1993-11-01,"1993 November","Average",155215,"Scss","Absorbed Prices"
"35568",1993-11-01,"1993 November","Units",77,"Scss","Absorbed Prices"
"35568",1993-12-01,"1993 December","1st 20%",130000,"Scss","Absorbed Prices"
"35568",1993-12-01,"1993 December","2nd 40%",140000,"Scss","Absorbed Prices"
"35568",1993-12-01,"1993 December","3rd 60%",157000,"Scss","Absorbed Prices"
"35568",1993-12-01,"1993 December","4th 80%",180000,"Scss","Absorbed Prices"
"35568",1993-12-01,"1993 December","Median",150000,"Scss","Absorbed Prices"
"35568",1993-12-01,"1993 December","Average",156318,"Scss","Absorbed Prices"
"35568",1993-12-01,"1993 December","Units",108,"Scss","Absorbed Prices"
"35568",1994-01-01,"1994 January","1st 20%",130000,"Scss","Absorbed Prices"
"35568",1994-01-01,"1994 January","2nd 40%",145000,"Scss","Absorbed Prices"
"35568",1994-01-01,"1994 January","3rd 60%",160000,"Scss","Absorbed Prices"
"35568",1994-01-01,"1994 January","4th 80%",180000,"Scss","Absorbed Prices"
"35568",1994-01-01,"1994 January","Median",150000,"Scss","Absorbed Prices"
"35568",1994-01-01,"1994 January","Average",156134,"Scss","Absorbed Prices"
"35568",1994-01-01,"1994 January","Units",62,"Scss","Absorbed Prices"
"35568",1994-02-01,"1994 February","1st 20%",133000,"Scss","Absorbed Prices"
"35568",1994-02-01,"1994 February","2nd 40%",140000,"Scss","Absorbed Prices"
"35568",1994-02-01,"1994 February","3rd 60%",164000,"Scss","Absorbed Prices"
"35568",1994-02-01,"1994 February","4th 80%",192000,"Scss","Absorbed Prices"
"35568",1994-02-01,"1994 February","Median",150000,"Scss","Absorbed Prices"
"35568",1994-02-01,"1994 February","Average",164536,"Scss","Absorbed Prices"
"35568",1994-02-01,"1994 February","Units",52,"Scss","Absorbed Prices"
"35568",1994-03-01,"1994 March","1st 20%",127000,"Scss","Absorbed Prices"
"35568",1994-03-01,"1994 March","2nd 40%",139000,"Scss","Absorbed Prices"
"35568",1994-03-01,"1994 March","3rd 60%",152000,"Scss","Absorbed Prices"
"35568",1994-03-01,"1994 March","4th 80%",195000,"Scss","Absorbed Prices"
"35568",1994-03-01,"1994 March","Median",145000,"Scss","Absorbed Prices"
"35568",1994-03-01,"1994 March","Average",154740,"Scss","Absorbed Prices"
"35568",1994-03-01,"1994 March","Units",41,"Scss","Absorbed Prices"
"35568",1994-04-01,"1994 April","1st 20%",134000,"Scss","Absorbed Prices"
"35568",1994-04-01,"1994 April","2nd 40%",150000,"Scss","Absorbed Prices"
"35568",1994-04-01,"1994 April","3rd 60%",151000,"Scss","Absorbed Prices"
"35568",1994-04-01,"1994 April","4th 80%",168000,"Scss","Absorbed Prices"
"35568",1994-04-01,"1994 April","Median",150000,"Scss","Absorbed Prices"
"35568",1994-04-01,"1994 April","Average",155708,"Scss","Absorbed Prices"
"35568",1994-04-01,"1994 April","Units",31,"Scss","Absorbed Prices"
"35568",1994-05-01,"1994 May","1st 20%",140000,"Scss","Absorbed Prices"
"35568",1994-05-01,"1994 May","2nd 40%",151000,"Scss","Absorbed Prices"
"35568",1994-05-01,"1994 May","3rd 60%",165000,"Scss","Absorbed Prices"
"35568",1994-05-01,"1994 May","4th 80%",189000,"Scss","Absorbed Prices"
"35568",1994-05-01,"1994 May","Median",160000,"Scss","Absorbed Prices"
"35568",1994-05-01,"1994 May","Average",169409,"Scss","Absorbed Prices"
"35568",1994-05-01,"1994 May","Units",47,"Scss","Absorbed Prices"
"35568",1994-06-01,"1994 June","1st 20%",135000,"Scss","Absorbed Prices"
"35568",1994-06-01,"1994 June","2nd 40%",145000,"Scss","Absorbed Prices"
"35568",1994-06-01,"1994 June","3rd 60%",160000,"Scss","Absorbed Prices"
"35568",1994-06-01,"1994 June","4th 80%",190000,"Scss","Absorbed Prices"
"35568",1994-06-01,"1994 June","Median",157500,"Scss","Absorbed Prices"
"35568",1994-06-01,"1994 June","Average",168016,"Scss","Absorbed Prices"
"35568",1994-06-01,"1994 June","Units",34,"Scss","Absorbed Prices"
"35568",1994-07-01,"1994 July","1st 20%",135000,"Scss","Absorbed Prices"
"35568",1994-07-01,"1994 July","2nd 40%",140000,"Scss","Absorbed Prices"
"35568",1994-07-01,"1994 July","3rd 60%",162000,"Scss","Absorbed Prices"
"35568",1994-07-01,"1994 July","4th 80%",176000,"Scss","Absorbed Prices"
"35568",1994-07-01,"1994 July","Median",150000,"Scss","Absorbed Prices"
"35568",1994-07-01,"1994 July","Average",156575,"Scss","Absorbed Prices"
"35568",1994-07-01,"1994 July","Units",73,"Scss","Absorbed Prices"
"35568",1994-08-01,"1994 August","1st 20%",135000,"Scss","Absorbed Prices"
"35568",1994-08-01,"1994 August","2nd 40%",150000,"Scss","Absorbed Prices"
"35568",1994-08-01,"1994 August","3rd 60%",160000,"Scss","Absorbed Prices"
"35568",1994-08-01,"1994 August","4th 80%",175000,"Scss","Absorbed Prices"
"35568",1994-08-01,"1994 August","Median",155000,"Scss","Absorbed Prices"
"35568",1994-08-01,"1994 August","Average",160416,"Scss","Absorbed Prices"
"35568",1994-08-01,"1994 August","Units",87,"Scss","Absorbed Prices"
"35568",1994-09-01,"1994 September","1st 20%",140000,"Scss","Absorbed Prices"
"35568",1994-09-01,"1994 September","2nd 40%",145000,"Scss","Absorbed Prices"
"35568",1994-09-01,"1994 September","3rd 60%",160000,"Scss","Absorbed Prices"
"35568",1994-09-01,"1994 September","4th 80%",184000,"Scss","Absorbed Prices"
"35568",1994-09-01,"1994 September","Median",152500,"Scss","Absorbed Prices"
"35568",1994-09-01,"1994 September","Average",160226,"Scss","Absorbed Prices"
"35568",1994-09-01,"1994 September","Units",90,"Scss","Absorbed Prices"
"35568",1994-10-01,"1994 October","1st 20%",130000,"Scss","Absorbed Prices"
"35568",1994-10-01,"1994 October","2nd 40%",150000,"Scss","Absorbed Prices"
"35568",1994-10-01,"1994 October","3rd 60%",160000,"Scss","Absorbed Prices"
"35568",1994-10-01,"1994 October","4th 80%",180000,"Scss","Absorbed Prices"
"35568",1994-10-01,"1994 October","Median",155000,"Scss","Absorbed Prices"
"35568",1994-10-01,"1994 October","Average",159782,"Scss","Absorbed Prices"
"35568",1994-10-01,"1994 October","Units",85,"Scss","Absorbed Prices"
"35568",1994-11-01,"1994 November","1st 20%",130000,"Scss","Absorbed Prices"
"35568",1994-11-01,"1994 November","2nd 40%",145000,"Scss","Absorbed Prices"
"35568",1994-11-01,"1994 November","3rd 60%",153000,"Scss","Absorbed Prices"
"35568",1994-11-01,"1994 November","4th 80%",179000,"Scss","Absorbed Prices"
"35568",1994-11-01,"1994 November","Median",150000,"Scss","Absorbed Prices"
"35568",1994-11-01,"1994 November","Average",157065,"Scss","Absorbed Prices"
"35568",1994-11-01,"1994 November","Units",51,"Scss","Absorbed Prices"
"35568",1994-12-01,"1994 December","1st 20%",141000,"Scss","Absorbed Prices"
"35568",1994-12-01,"1994 December","2nd 40%",165000,"Scss","Absorbed Prices"
"35568",1994-12-01,"1994 December","3rd 60%",170000,"Scss","Absorbed Prices"
"35568",1994-12-01,"1994 December","4th 80%",185000,"Scss","Absorbed Prices"
"35568",1994-12-01,"1994 December","Median",170000,"Scss","Absorbed Prices"
"35568",1994-12-01,"1994 December","Average",167435,"Scss","Absorbed Prices"
"35568",1994-12-01,"1994 December","Units",50,"Scss","Absorbed Prices"
"35568",1995-01-01,"1995 January","1st 20%",134000,"Scss","Absorbed Prices"
"35568",1995-01-01,"1995 January","2nd 40%",143000,"Scss","Absorbed Prices"
"35568",1995-01-01,"1995 January","3rd 60%",160000,"Scss","Absorbed Prices"
"35568",1995-01-01,"1995 January","4th 80%",190000,"Scss","Absorbed Prices"
"35568",1995-01-01,"1995 January","Median",155000,"Scss","Absorbed Prices"
"35568",1995-01-01,"1995 January","Average",163337,"Scss","Absorbed Prices"
"35568",1995-01-01,"1995 January","Units",38,"Scss","Absorbed Prices"
"35568",1995-02-01,"1995 February","1st 20%",139000,"Scss","Absorbed Prices"
"35568",1995-02-01,"1995 February","2nd 40%",154000,"Scss","Absorbed Prices"
"35568",1995-02-01,"1995 February","3rd 60%",161000,"Scss","Absorbed Prices"
"35568",1995-02-01,"1995 February","4th 80%",2e+05,"Scss","Absorbed Prices"
"35568",1995-02-01,"1995 February","Median",160000,"Scss","Absorbed Prices"
"35568",1995-02-01,"1995 February","Average",172000,"Scss","Absorbed Prices"
"35568",1995-02-01,"1995 February","Units",21,"Scss","Absorbed Prices"
"35568",1995-03-01,"1995 March","1st 20%",135000,"Scss","Absorbed Prices"
"35568",1995-03-01,"1995 March","2nd 40%",155000,"Scss","Absorbed Prices"
"35568",1995-03-01,"1995 March","3rd 60%",185000,"Scss","Absorbed Prices"
"35568",1995-03-01,"1995 March","4th 80%",220000,"Scss","Absorbed Prices"
"35568",1995-03-01,"1995 March","Median",170000,"Scss","Absorbed Prices"
"35568",1995-03-01,"1995 March","Average",181641,"Scss","Absorbed Prices"
"35568",1995-03-01,"1995 March","Units",30,"Scss","Absorbed Prices"
"35568",1995-04-01,"1995 April","1st 20%",140000,"Scss","Absorbed Prices"
"35568",1995-04-01,"1995 April","2nd 40%",150000,"Scss","Absorbed Prices"
"35568",1995-04-01,"1995 April","3rd 60%",180000,"Scss","Absorbed Prices"
"35568",1995-04-01,"1995 April","4th 80%",195000,"Scss","Absorbed Prices"
"35568",1995-04-01,"1995 April","Median",160000,"Scss","Absorbed Prices"
"35568",1995-04-01,"1995 April","Average",168989,"Scss","Absorbed Prices"
"35568",1995-04-01,"1995 April","Units",19,"Scss","Absorbed Prices"
"35568",1995-05-01,"1995 May","1st 20%",138000,"Scss","Absorbed Prices"
"35568",1995-05-01,"1995 May","2nd 40%",148000,"Scss","Absorbed Prices"
"35568",1995-05-01,"1995 May","3rd 60%",165000,"Scss","Absorbed Prices"
"35568",1995-05-01,"1995 May","4th 80%",190000,"Scss","Absorbed Prices"
"35568",1995-05-01,"1995 May","Median",152500,"Scss","Absorbed Prices"
"35568",1995-05-01,"1995 May","Average",162106,"Scss","Absorbed Prices"
"35568",1995-05-01,"1995 May","Units",18,"Scss","Absorbed Prices"
"35568",1995-06-01,"1995 June","1st 20%",140000,"Scss","Absorbed Prices"
"35568",1995-06-01,"1995 June","2nd 40%",150000,"Scss","Absorbed Prices"
"35568",1995-06-01,"1995 June","3rd 60%",175000,"Scss","Absorbed Prices"
"35568",1995-06-01,"1995 June","4th 80%",190000,"Scss","Absorbed Prices"
"35568",1995-06-01,"1995 June","Median",160000,"Scss","Absorbed Prices"
"35568",1995-06-01,"1995 June","Average",167750,"Scss","Absorbed Prices"
"35568",1995-06-01,"1995 June","Units",43,"Scss","Absorbed Prices"
"35568",1995-07-01,"1995 July","1st 20%",150000,"Scss","Absorbed Prices"
"35568",1995-07-01,"1995 July","2nd 40%",170000,"Scss","Absorbed Prices"
"35568",1995-07-01,"1995 July","3rd 60%",180000,"Scss","Absorbed Prices"
"35568",1995-07-01,"1995 July","4th 80%",205000,"Scss","Absorbed Prices"
"35568",1995-07-01,"1995 July","Median",175000,"Scss","Absorbed Prices"
"35568",1995-07-01,"1995 July","Average",184413,"Scss","Absorbed Prices"
"35568",1995-07-01,"1995 July","Units",44,"Scss","Absorbed Prices"
"35568",1995-08-01,"1995 August","1st 20%",136000,"Scss","Absorbed Prices"
"35568",1995-08-01,"1995 August","2nd 40%",150000,"Scss","Absorbed Prices"
"35568",1995-08-01,"1995 August","3rd 60%",168000,"Scss","Absorbed Prices"
"35568",1995-08-01,"1995 August","4th 80%",184000,"Scss","Absorbed Prices"
"35568",1995-08-01,"1995 August","Median",157500,"Scss","Absorbed Prices"
"35568",1995-08-01,"1995 August","Average",162107,"Scss","Absorbed Prices"
"35568",1995-08-01,"1995 August","Units",50,"Scss","Absorbed Prices"
"35568",1995-09-01,"1995 September","1st 20%",128000,"Scss","Absorbed Prices"
"35568",1995-09-01,"1995 September","2nd 40%",135000,"Scss","Absorbed Prices"
"35568",1995-09-01,"1995 September","3rd 60%",164000,"Scss","Absorbed Prices"
"35568",1995-09-01,"1995 September","4th 80%",190000,"Scss","Absorbed Prices"
"35568",1995-09-01,"1995 September","Median",145000,"Scss","Absorbed Prices"
"35568",1995-09-01,"1995 September","Average",155471,"Scss","Absorbed Prices"
"35568",1995-09-01,"1995 September","Units",47,"Scss","Absorbed Prices"
"35568",1995-10-01,"1995 October","1st 20%",130000,"Scss","Absorbed Prices"
"35568",1995-10-01,"1995 October","2nd 40%",140000,"Scss","Absorbed Prices"
"35568",1995-10-01,"1995 October","3rd 60%",160000,"Scss","Absorbed Prices"
"35568",1995-10-01,"1995 October","4th 80%",170000,"Scss","Absorbed Prices"
"35568",1995-10-01,"1995 October","Median",150000,"Scss","Absorbed Prices"
"35568",1995-10-01,"1995 October","Average",151146,"Scss","Absorbed Prices"
"35568",1995-10-01,"1995 October","Units",68,"Scss","Absorbed Prices"
"35568",1995-11-01,"1995 November","1st 20%",130000,"Scss","Absorbed Prices"
"35568",1995-11-01,"1995 November","2nd 40%",135000,"Scss","Absorbed Prices"
"35568",1995-11-01,"1995 November","3rd 60%",155000,"Scss","Absorbed Prices"
"35568",1995-11-01,"1995 November","4th 80%",185000,"Scss","Absorbed Prices"
"35568",1995-11-01,"1995 November","Median",140000,"Scss","Absorbed Prices"
"35568",1995-11-01,"1995 November","Average",154534,"Scss","Absorbed Prices"
"35568",1995-11-01,"1995 November","Units",30,"Scss","Absorbed Prices"
"35568",1995-12-01,"1995 December","1st 20%",125000,"Scss","Absorbed Prices"
"35568",1995-12-01,"1995 December","2nd 40%",135000,"Scss","Absorbed Prices"
"35568",1995-12-01,"1995 December","3rd 60%",145000,"Scss","Absorbed Prices"
"35568",1995-12-01,"1995 December","4th 80%",175000,"Scss","Absorbed Prices"
"35568",1995-12-01,"1995 December","Median",140000,"Scss","Absorbed Prices"
"35568",1995-12-01,"1995 December","Average",151319,"Scss","Absorbed Prices"
"35568",1995-12-01,"1995 December","Units",131,"Scss","Absorbed Prices"
"35568",1996-01-01,"1996 January","1st 20%",120000,"Scss","Absorbed Prices"
"35568",1996-01-01,"1996 January","2nd 40%",135000,"Scss","Absorbed Prices"
"35568",1996-01-01,"1996 January","3rd 60%",145000,"Scss","Absorbed Prices"
"35568",1996-01-01,"1996 January","4th 80%",160000,"Scss","Absorbed Prices"
"35568",1996-01-01,"1996 January","Median",135000,"Scss","Absorbed Prices"
"35568",1996-01-01,"1996 January","Average",142924,"Scss","Absorbed Prices"
"35568",1996-01-01,"1996 January","Units",114,"Scss","Absorbed Prices"
"35568",1996-02-01,"1996 February","1st 20%",130000,"Scss","Absorbed Prices"
"35568",1996-02-01,"1996 February","2nd 40%",138000,"Scss","Absorbed Prices"
"35568",1996-02-01,"1996 February","3rd 60%",150000,"Scss","Absorbed Prices"
"35568",1996-02-01,"1996 February","4th 80%",172000,"Scss","Absorbed Prices"
"35568",1996-02-01,"1996 February","Median",145000,"Scss","Absorbed Prices"
"35568",1996-02-01,"1996 February","Average",154564,"Scss","Absorbed Prices"
"35568",1996-02-01,"1996 February","Units",49,"Scss","Absorbed Prices"
"35568",1996-03-01,"1996 March","1st 20%",130000,"Scss","Absorbed Prices"
"35568",1996-03-01,"1996 March","2nd 40%",140000,"Scss","Absorbed Prices"
"35568",1996-03-01,"1996 March","3rd 60%",153000,"Scss","Absorbed Prices"
"35568",1996-03-01,"1996 March","4th 80%",165000,"Scss","Absorbed Prices"
"35568",1996-03-01,"1996 March","Median",145000,"Scss","Absorbed Prices"
"35568",1996-03-01,"1996 March","Average",142146,"Scss","Absorbed Prices"
"35568",1996-03-01,"1996 March","Units",47,"Scss","Absorbed Prices"
"35568",1996-04-01,"1996 April","1st 20%",122000,"Scss","Absorbed Prices"
"35568",1996-04-01,"1996 April","2nd 40%",135000,"Scss","Absorbed Prices"
"35568",1996-04-01,"1996 April","3rd 60%",150000,"Scss","Absorbed Prices"
"35568",1996-04-01,"1996 April","4th 80%",163000,"Scss","Absorbed Prices"
"35568",1996-04-01,"1996 April","Median",142500,"Scss","Absorbed Prices"
"35568",1996-04-01,"1996 April","Average",139587,"Scss","Absorbed Prices"
"35568",1996-04-01,"1996 April","Units",43,"Scss","Absorbed Prices"
"35568",1996-05-01,"1996 May","1st 20%",135000,"Scss","Absorbed Prices"
"35568",1996-05-01,"1996 May","2nd 40%",144000,"Scss","Absorbed Prices"
"35568",1996-05-01,"1996 May","3rd 60%",160000,"Scss","Absorbed Prices"
"35568",1996-05-01,"1996 May","4th 80%",175000,"Scss","Absorbed Prices"
"35568",1996-05-01,"1996 May","Median",150000,"Scss","Absorbed Prices"
"35568",1996-05-01,"1996 May","Average",149899,"Scss","Absorbed Prices"
"35568",1996-05-01,"1996 May","Units",59,"Scss","Absorbed Prices"
"35568",1996-06-01,"1996 June","1st 20%",125000,"Scss","Absorbed Prices"
"35568",1996-06-01,"1996 June","2nd 40%",135000,"Scss","Absorbed Prices"
"35568",1996-06-01,"1996 June","3rd 60%",145000,"Scss","Absorbed Prices"
"35568",1996-06-01,"1996 June","4th 80%",160000,"Scss","Absorbed Prices"
"35568",1996-06-01,"1996 June","Median",140000,"Scss","Absorbed Prices"
"35568",1996-06-01,"1996 June","Average",145017,"Scss","Absorbed Prices"
"35568",1996-06-01,"1996 June","Units",97,"Scss","Absorbed Prices"
"35568",1996-07-01,"1996 July","1st 20%",130000,"Scss","Absorbed Prices"
"35568",1996-07-01,"1996 July","2nd 40%",135000,"Scss","Absorbed Prices"
"35568",1996-07-01,"1996 July","3rd 60%",145000,"Scss","Absorbed Prices"
"35568",1996-07-01,"1996 July","4th 80%",160000,"Scss","Absorbed Prices"
"35568",1996-07-01,"1996 July","Median",140000,"Scss","Absorbed Prices"
"35568",1996-07-01,"1996 July","Average",145908,"Scss","Absorbed Prices"
"35568",1996-07-01,"1996 July","Units",132,"Scss","Absorbed Prices"
"35568",1996-08-01,"1996 August","1st 20%",130000,"Scss","Absorbed Prices"
"35568",1996-08-01,"1996 August","2nd 40%",140000,"Scss","Absorbed Prices"
"35568",1996-08-01,"1996 August","3rd 60%",155000,"Scss","Absorbed Prices"
"35568",1996-08-01,"1996 August","4th 80%",175000,"Scss","Absorbed Prices"
"35568",1996-08-01,"1996 August","Median",145000,"Scss","Absorbed Prices"
"35568",1996-08-01,"1996 August","Average",154137,"Scss","Absorbed Prices"
"35568",1996-08-01,"1996 August","Units",117,"Scss","Absorbed Prices"
"35568",1996-09-01,"1996 September","1st 20%",130000,"Scss","Absorbed Prices"
"35568",1996-09-01,"1996 September","2nd 40%",135000,"Scss","Absorbed Prices"
"35568",1996-09-01,"1996 September","3rd 60%",140000,"Scss","Absorbed Prices"
"35568",1996-09-01,"1996 September","4th 80%",160000,"Scss","Absorbed Prices"
"35568",1996-09-01,"1996 September","Median",140000,"Scss","Absorbed Prices"
"35568",1996-09-01,"1996 September","Average",142559,"Scss","Absorbed Prices"
"35568",1996-09-01,"1996 September","Units",96,"Scss","Absorbed Prices"
"35568",1996-10-01,"1996 October","1st 20%",130000,"Scss","Absorbed Prices"
"35568",1996-10-01,"1996 October","2nd 40%",140000,"Scss","Absorbed Prices"
"35568",1996-10-01,"1996 October","3rd 60%",150000,"Scss","Absorbed Prices"
"35568",1996-10-01,"1996 October","4th 80%",165000,"Scss","Absorbed Prices"
"35568",1996-10-01,"1996 October","Median",145000,"Scss","Absorbed Prices"
"35568",1996-10-01,"1996 October","Average",155430,"Scss","Absorbed Prices"
"35568",1996-10-01,"1996 October","Units",81,"Scss","Absorbed Prices"
"35568",1996-11-01,"1996 November","1st 20%",135000,"Scss","Absorbed Prices"
"35568",1996-11-01,"1996 November","2nd 40%",144000,"Scss","Absorbed Prices"
"35568",1996-11-01,"1996 November","3rd 60%",150000,"Scss","Absorbed Prices"
"35568",1996-11-01,"1996 November","4th 80%",180000,"Scss","Absorbed Prices"
"35568",1996-11-01,"1996 November","Median",145000,"Scss","Absorbed Prices"
"35568",1996-11-01,"1996 November","Average",158020,"Scss","Absorbed Prices"
"35568",1996-11-01,"1996 November","Units",112,"Scss","Absorbed Prices"
"35568",1996-12-01,"1996 December","1st 20%",135000,"Scss","Absorbed Prices"
"35568",1996-12-01,"1996 December","2nd 40%",145000,"Scss","Absorbed Prices"
"35568",1996-12-01,"1996 December","3rd 60%",155000,"Scss","Absorbed Prices"
"35568",1996-12-01,"1996 December","4th 80%",171000,"Scss","Absorbed Prices"
"35568",1996-12-01,"1996 December","Median",150000,"Scss","Absorbed Prices"
"35568",1996-12-01,"1996 December","Average",155708,"Scss","Absorbed Prices"
"35568",1996-12-01,"1996 December","Units",95,"Scss","Absorbed Prices"
"35568",1997-01-01,"1997 January","1st 20%",130000,"Scss","Absorbed Prices"
"35568",1997-01-01,"1997 January","2nd 40%",140000,"Scss","Absorbed Prices"
"35568",1997-01-01,"1997 January","3rd 60%",150000,"Scss","Absorbed Prices"
"35568",1997-01-01,"1997 January","4th 80%",160000,"Scss","Absorbed Prices"
"35568",1997-01-01,"1997 January","Median",145000,"Scss","Absorbed Prices"
"35568",1997-01-01,"1997 January","Average",151625,"Scss","Absorbed Prices"
"35568",1997-01-01,"1997 January","Units",101,"Scss","Absorbed Prices"
"35568",1997-02-01,"1997 February","1st 20%",120000,"Scss","Absorbed Prices"
"35568",1997-02-01,"1997 February","2nd 40%",130000,"Scss","Absorbed Prices"
"35568",1997-02-01,"1997 February","3rd 60%",145000,"Scss","Absorbed Prices"
"35568",1997-02-01,"1997 February","4th 80%",165000,"Scss","Absorbed Prices"
"35568",1997-02-01,"1997 February","Median",140000,"Scss","Absorbed Prices"
"35568",1997-02-01,"1997 February","Average",145880,"Scss","Absorbed Prices"
"35568",1997-02-01,"1997 February","Units",91,"Scss","Absorbed Prices"
"35568",1997-03-01,"1997 March","1st 20%",135000,"Scss","Absorbed Prices"
"35568",1997-03-01,"1997 March","2nd 40%",145000,"Scss","Absorbed Prices"
"35568",1997-03-01,"1997 March","3rd 60%",155000,"Scss","Absorbed Prices"
"35568",1997-03-01,"1997 March","4th 80%",170000,"Scss","Absorbed Prices"
"35568",1997-03-01,"1997 March","Median",150000,"Scss","Absorbed Prices"
"35568",1997-03-01,"1997 March","Average",152723,"Scss","Absorbed Prices"
"35568",1997-03-01,"1997 March","Units",98,"Scss","Absorbed Prices"
"35568",1997-04-01,"1997 April","1st 20%",130000,"Scss","Absorbed Prices"
"35568",1997-04-01,"1997 April","2nd 40%",140000,"Scss","Absorbed Prices"
"35568",1997-04-01,"1997 April","3rd 60%",150000,"Scss","Absorbed Prices"
"35568",1997-04-01,"1997 April","4th 80%",155000,"Scss","Absorbed Prices"
"35568",1997-04-01,"1997 April","Median",145000,"Scss","Absorbed Prices"
"35568",1997-04-01,"1997 April","Average",146489,"Scss","Absorbed Prices"
"35568",1997-04-01,"1997 April","Units",73,"Scss","Absorbed Prices"
"35568",1997-05-01,"1997 May","1st 20%",135000,"Scss","Absorbed Prices"
"35568",1997-05-01,"1997 May","2nd 40%",145000,"Scss","Absorbed Prices"
"35568",1997-05-01,"1997 May","3rd 60%",150000,"Scss","Absorbed Prices"
"35568",1997-05-01,"1997 May","4th 80%",169000,"Scss","Absorbed Prices"
"35568",1997-05-01,"1997 May","Median",145000,"Scss","Absorbed Prices"
"35568",1997-05-01,"1997 May","Average",152206,"Scss","Absorbed Prices"
"35568",1997-05-01,"1997 May","Units",77,"Scss","Absorbed Prices"
"35568",1997-06-01,"1997 June","1st 20%",130000,"Scss","Absorbed Prices"
"35568",1997-06-01,"1997 June","2nd 40%",140000,"Scss","Absorbed Prices"
"35568",1997-06-01,"1997 June","3rd 60%",150000,"Scss","Absorbed Prices"
"35568",1997-06-01,"1997 June","4th 80%",175000,"Scss","Absorbed Prices"
"35568",1997-06-01,"1997 June","Median",145000,"Scss","Absorbed Prices"
"35568",1997-06-01,"1997 June","Average",146974,"Scss","Absorbed Prices"
"35568",1997-06-01,"1997 June","Units",72,"Scss","Absorbed Prices"
"35568",1997-07-01,"1997 July","1st 20%",135000,"Scss","Absorbed Prices"
"35568",1997-07-01,"1997 July","2nd 40%",145000,"Scss","Absorbed Prices"
"35568",1997-07-01,"1997 July","3rd 60%",153000,"Scss","Absorbed Prices"
"35568",1997-07-01,"1997 July","4th 80%",169000,"Scss","Absorbed Prices"
"35568",1997-07-01,"1997 July","Median",150000,"Scss","Absorbed Prices"
"35568",1997-07-01,"1997 July","Average",153400,"Scss","Absorbed Prices"
"35568",1997-07-01,"1997 July","Units",124,"Scss","Absorbed Prices"
"35568",1997-08-01,"1997 August","1st 20%",135000,"Scss","Absorbed Prices"
"35568",1997-08-01,"1997 August","2nd 40%",145000,"Scss","Absorbed Prices"
"35568",1997-08-01,"1997 August","3rd 60%",155000,"Scss","Absorbed Prices"
"35568",1997-08-01,"1997 August","4th 80%",175000,"Scss","Absorbed Prices"
"35568",1997-08-01,"1997 August","Median",150000,"Scss","Absorbed Prices"
"35568",1997-08-01,"1997 August","Average",156080,"Scss","Absorbed Prices"
"35568",1997-08-01,"1997 August","Units",142,"Scss","Absorbed Prices"
"35568",1997-09-01,"1997 September","1st 20%",135000,"Scss","Absorbed Prices"
"35568",1997-09-01,"1997 September","2nd 40%",148000,"Scss","Absorbed Prices"
"35568",1997-09-01,"1997 September","3rd 60%",160000,"Scss","Absorbed Prices"
"35568",1997-09-01,"1997 September","4th 80%",190000,"Scss","Absorbed Prices"
"35568",1997-09-01,"1997 September","Median",155000,"Scss","Absorbed Prices"
"35568",1997-09-01,"1997 September","Average",163272,"Scss","Absorbed Prices"
"35568",1997-09-01,"1997 September","Units",205,"Scss","Absorbed Prices"
"35568",1997-10-01,"1997 October","1st 20%",130000,"Scss","Absorbed Prices"
"35568",1997-10-01,"1997 October","2nd 40%",140000,"Scss","Absorbed Prices"
"35568",1997-10-01,"1997 October","3rd 60%",155000,"Scss","Absorbed Prices"
"35568",1997-10-01,"1997 October","4th 80%",180000,"Scss","Absorbed Prices"
"35568",1997-10-01,"1997 October","Median",150000,"Scss","Absorbed Prices"
"35568",1997-10-01,"1997 October","Average",157982,"Scss","Absorbed Prices"
"35568",1997-10-01,"1997 October","Units",184,"Scss","Absorbed Prices"
"35568",1997-11-01,"1997 November","1st 20%",125000,"Scss","Absorbed Prices"
"35568",1997-11-01,"1997 November","2nd 40%",145000,"Scss","Absorbed Prices"
"35568",1997-11-01,"1997 November","3rd 60%",155000,"Scss","Absorbed Prices"
"35568",1997-11-01,"1997 November","4th 80%",178000,"Scss","Absorbed Prices"
"35568",1997-11-01,"1997 November","Median",150000,"Scss","Absorbed Prices"
"35568",1997-11-01,"1997 November","Average",153763,"Scss","Absorbed Prices"
"35568",1997-11-01,"1997 November","Units",119,"Scss","Absorbed Prices"
"35568",1997-12-01,"1997 December","1st 20%",130000,"Scss","Absorbed Prices"
"35568",1997-12-01,"1997 December","2nd 40%",145000,"Scss","Absorbed Prices"
"35568",1997-12-01,"1997 December","3rd 60%",155000,"Scss","Absorbed Prices"
"35568",1997-12-01,"1997 December","4th 80%",180000,"Scss","Absorbed Prices"
"35568",1997-12-01,"1997 December","Median",150000,"Scss","Absorbed Prices"
"35568",1997-12-01,"1997 December","Average",153807,"Scss","Absorbed Prices"
"35568",1997-12-01,"1997 December","Units",130,"Scss","Absorbed Prices"
"35568",1998-01-01,"1998 January","1st 20%",130000,"Scss","Absorbed Prices"
"35568",1998-01-01,"1998 January","2nd 40%",145000,"Scss","Absorbed Prices"
"35568",1998-01-01,"1998 January","3rd 60%",160000,"Scss","Absorbed Prices"
"35568",1998-01-01,"1998 January","4th 80%",182000,"Scss","Absorbed Prices"
"35568",1998-01-01,"1998 January","Median",155000,"Scss","Absorbed Prices"
"35568",1998-01-01,"1998 January","Average",159378,"Scss","Absorbed Prices"
"35568",1998-01-01,"1998 January","Units",123,"Scss","Absorbed Prices"
"35568",1998-02-01,"1998 February","1st 20%",135000,"Scss","Absorbed Prices"
"35568",1998-02-01,"1998 February","2nd 40%",145000,"Scss","Absorbed Prices"
"35568",1998-02-01,"1998 February","3rd 60%",155000,"Scss","Absorbed Prices"
"35568",1998-02-01,"1998 February","4th 80%",170000,"Scss","Absorbed Prices"
"35568",1998-02-01,"1998 February","Median",150000,"Scss","Absorbed Prices"
"35568",1998-02-01,"1998 February","Average",155464,"Scss","Absorbed Prices"
"35568",1998-02-01,"1998 February","Units",66,"Scss","Absorbed Prices"
"35568",1998-03-01,"1998 March","1st 20%",135000,"Scss","Absorbed Prices"
"35568",1998-03-01,"1998 March","2nd 40%",145000,"Scss","Absorbed Prices"
"35568",1998-03-01,"1998 March","3rd 60%",158000,"Scss","Absorbed Prices"
"35568",1998-03-01,"1998 March","4th 80%",180000,"Scss","Absorbed Prices"
"35568",1998-03-01,"1998 March","Median",150000,"Scss","Absorbed Prices"
"35568",1998-03-01,"1998 March","Average",159835,"Scss","Absorbed Prices"
"35568",1998-03-01,"1998 March","Units",50,"Scss","Absorbed Prices"
"35568",1998-04-01,"1998 April","1st 20%",130000,"Scss","Absorbed Prices"
"35568",1998-04-01,"1998 April","2nd 40%",145000,"Scss","Absorbed Prices"
"35568",1998-04-01,"1998 April","3rd 60%",155000,"Scss","Absorbed Prices"
"35568",1998-04-01,"1998 April","4th 80%",170000,"Scss","Absorbed Prices"
"35568",1998-04-01,"1998 April","Median",150000,"Scss","Absorbed Prices"
"35568",1998-04-01,"1998 April","Average",151924,"Scss","Absorbed Prices"
"35568",1998-04-01,"1998 April","Units",104,"Scss","Absorbed Prices"
"35568",1998-05-01,"1998 May","1st 20%",130000,"Scss","Absorbed Prices"
"35568",1998-05-01,"1998 May","2nd 40%",145000,"Scss","Absorbed Prices"
"35568",1998-05-01,"1998 May","3rd 60%",160000,"Scss","Absorbed Prices"
"35568",1998-05-01,"1998 May","4th 80%",179000,"Scss","Absorbed Prices"
"35568",1998-05-01,"1998 May","Median",150000,"Scss","Absorbed Prices"
"35568",1998-05-01,"1998 May","Average",163438,"Scss","Absorbed Prices"
"35568",1998-05-01,"1998 May","Units",112,"Scss","Absorbed Prices"
"35568",1998-06-01,"1998 June","1st 20%",130000,"Scss","Absorbed Prices"
"35568",1998-06-01,"1998 June","2nd 40%",145000,"Scss","Absorbed Prices"
"35568",1998-06-01,"1998 June","3rd 60%",150000,"Scss","Absorbed Prices"
"35568",1998-06-01,"1998 June","4th 80%",180000,"Scss","Absorbed Prices"
"35568",1998-06-01,"1998 June","Median",145000,"Scss","Absorbed Prices"
"35568",1998-06-01,"1998 June","Average",157588,"Scss","Absorbed Prices"
"35568",1998-06-01,"1998 June","Units",109,"Scss","Absorbed Prices"
"35568",1998-07-01,"1998 July","1st 20%",125000,"Scss","Absorbed Prices"
"35568",1998-07-01,"1998 July","2nd 40%",135000,"Scss","Absorbed Prices"
"35568",1998-07-01,"1998 July","3rd 60%",155000,"Scss","Absorbed Prices"
"35568",1998-07-01,"1998 July","4th 80%",180000,"Scss","Absorbed Prices"
"35568",1998-07-01,"1998 July","Median",145000,"Scss","Absorbed Prices"
"35568",1998-07-01,"1998 July","Average",160398,"Scss","Absorbed Prices"
"35568",1998-07-01,"1998 July","Units",121,"Scss","Absorbed Prices"
"35568",1998-08-01,"1998 August","1st 20%",130000,"Scss","Absorbed Prices"
"35568",1998-08-01,"1998 August","2nd 40%",145000,"Scss","Absorbed Prices"
"35568",1998-08-01,"1998 August","3rd 60%",150000,"Scss","Absorbed Prices"
"35568",1998-08-01,"1998 August","4th 80%",172000,"Scss","Absorbed Prices"
"35568",1998-08-01,"1998 August","Median",150000,"Scss","Absorbed Prices"
"35568",1998-08-01,"1998 August","Average",159476,"Scss","Absorbed Prices"
"35568",1998-08-01,"1998 August","Units",143,"Scss","Absorbed Prices"
"35568",1998-09-01,"1998 September","1st 20%",130000,"Scss","Absorbed Prices"
"35568",1998-09-01,"1998 September","2nd 40%",140000,"Scss","Absorbed Prices"
"35568",1998-09-01,"1998 September","3rd 60%",160000,"Scss","Absorbed Prices"
"35568",1998-09-01,"1998 September","4th 80%",186000,"Scss","Absorbed Prices"
"35568",1998-09-01,"1998 September","Median",150000,"Scss","Absorbed Prices"
"35568",1998-09-01,"1998 September","Average",158472,"Scss","Absorbed Prices"
"35568",1998-09-01,"1998 September","Units",203,"Scss","Absorbed Prices"
"35568",1998-10-01,"1998 October","1st 20%",135000,"Scss","Absorbed Prices"
"35568",1998-10-01,"1998 October","2nd 40%",145000,"Scss","Absorbed Prices"
"35568",1998-10-01,"1998 October","3rd 60%",170000,"Scss","Absorbed Prices"
"35568",1998-10-01,"1998 October","4th 80%",205000,"Scss","Absorbed Prices"
"35568",1998-10-01,"1998 October","Median",155000,"Scss","Absorbed Prices"
"35568",1998-10-01,"1998 October","Average",169076,"Scss","Absorbed Prices"
"35568",1998-10-01,"1998 October","Units",193,"Scss","Absorbed Prices"
"35568",1998-11-01,"1998 November","1st 20%",140000,"Scss","Absorbed Prices"
"35568",1998-11-01,"1998 November","2nd 40%",150000,"Scss","Absorbed Prices"
"35568",1998-11-01,"1998 November","3rd 60%",170000,"Scss","Absorbed Prices"
"35568",1998-11-01,"1998 November","4th 80%",195000,"Scss","Absorbed Prices"
"35568",1998-11-01,"1998 November","Median",160000,"Scss","Absorbed Prices"
"35568",1998-11-01,"1998 November","Average",170023,"Scss","Absorbed Prices"
"35568",1998-11-01,"1998 November","Units",169,"Scss","Absorbed Prices"
"35568",1998-12-01,"1998 December","1st 20%",130000,"Scss","Absorbed Prices"
"35568",1998-12-01,"1998 December","2nd 40%",145000,"Scss","Absorbed Prices"
"35568",1998-12-01,"1998 December","3rd 60%",160000,"Scss","Absorbed Prices"
"35568",1998-12-01,"1998 December","4th 80%",190000,"Scss","Absorbed Prices"
"35568",1998-12-01,"1998 December","Median",150000,"Scss","Absorbed Prices"
"35568",1998-12-01,"1998 December","Average",162554,"Scss","Absorbed Prices"
"35568",1998-12-01,"1998 December","Units",192,"Scss","Absorbed Prices"
"35568",1999-01-01,"1999 January","1st 20%",135000,"Scss","Absorbed Prices"
"35568",1999-01-01,"1999 January","2nd 40%",145000,"Scss","Absorbed Prices"
"35568",1999-01-01,"1999 January","3rd 60%",170000,"Scss","Absorbed Prices"
"35568",1999-01-01,"1999 January","4th 80%",206000,"Scss","Absorbed Prices"
"35568",1999-01-01,"1999 January","Median",155000,"Scss","Absorbed Prices"
"35568",1999-01-01,"1999 January","Average",175538,"Scss","Absorbed Prices"
"35568",1999-01-01,"1999 January","Units",124,"Scss","Absorbed Prices"
"35568",1999-02-01,"1999 February","1st 20%",130000,"Scss","Absorbed Prices"
"35568",1999-02-01,"1999 February","2nd 40%",145000,"Scss","Absorbed Prices"
"35568",1999-02-01,"1999 February","3rd 60%",155000,"Scss","Absorbed Prices"
"35568",1999-02-01,"1999 February","4th 80%",190000,"Scss","Absorbed Prices"
"35568",1999-02-01,"1999 February","Median",150000,"Scss","Absorbed Prices"
"35568",1999-02-01,"1999 February","Average",161805,"Scss","Absorbed Prices"
"35568",1999-02-01,"1999 February","Units",154,"Scss","Absorbed Prices"
"35568",1999-03-01,"1999 March","1st 20%",135000,"Scss","Absorbed Prices"
"35568",1999-03-01,"1999 March","2nd 40%",145000,"Scss","Absorbed Prices"
"35568",1999-03-01,"1999 March","3rd 60%",160000,"Scss","Absorbed Prices"
"35568",1999-03-01,"1999 March","4th 80%",190000,"Scss","Absorbed Prices"
"35568",1999-03-01,"1999 March","Median",150000,"Scss","Absorbed Prices"
"35568",1999-03-01,"1999 March","Average",163178,"Scss","Absorbed Prices"
"35568",1999-03-01,"1999 March","Units",123,"Scss","Absorbed Prices"
"35568",1999-04-01,"1999 April","1st 20%",140000,"Scss","Absorbed Prices"
"35568",1999-04-01,"1999 April","2nd 40%",155000,"Scss","Absorbed Prices"
"35568",1999-04-01,"1999 April","3rd 60%",170000,"Scss","Absorbed Prices"
"35568",1999-04-01,"1999 April","4th 80%",205000,"Scss","Absorbed Prices"
"35568",1999-04-01,"1999 April","Median",165000,"Scss","Absorbed Prices"
"35568",1999-04-01,"1999 April","Average",167685,"Scss","Absorbed Prices"
"35568",1999-04-01,"1999 April","Units",120,"Scss","Absorbed Prices"
"35568",1999-05-01,"1999 May","1st 20%",130000,"Scss","Absorbed Prices"
"35568",1999-05-01,"1999 May","2nd 40%",145000,"Scss","Absorbed Prices"
"35568",1999-05-01,"1999 May","3rd 60%",163000,"Scss","Absorbed Prices"
"35568",1999-05-01,"1999 May","4th 80%",195000,"Scss","Absorbed Prices"
"35568",1999-05-01,"1999 May","Median",150000,"Scss","Absorbed Prices"
"35568",1999-05-01,"1999 May","Average",163067,"Scss","Absorbed Prices"
"35568",1999-05-01,"1999 May","Units",215,"Scss","Absorbed Prices"
"35568",1999-06-01,"1999 June","1st 20%",130000,"Scss","Absorbed Prices"
"35568",1999-06-01,"1999 June","2nd 40%",145000,"Scss","Absorbed Prices"
"35568",1999-06-01,"1999 June","3rd 60%",160000,"Scss","Absorbed Prices"
"35568",1999-06-01,"1999 June","4th 80%",195000,"Scss","Absorbed Prices"
"35568",1999-06-01,"1999 June","Median",150000,"Scss","Absorbed Prices"
"35568",1999-06-01,"1999 June","Average",168954,"Scss","Absorbed Prices"
"35568",1999-06-01,"1999 June","Units",168,"Scss","Absorbed Prices"
"35568",1999-07-01,"1999 July","1st 20%",140000,"Scss","Absorbed Prices"
"35568",1999-07-01,"1999 July","2nd 40%",155000,"Scss","Absorbed Prices"
"35568",1999-07-01,"1999 July","3rd 60%",170000,"Scss","Absorbed Prices"
"35568",1999-07-01,"1999 July","4th 80%",190000,"Scss","Absorbed Prices"
"35568",1999-07-01,"1999 July","Median",160000,"Scss","Absorbed Prices"
"35568",1999-07-01,"1999 July","Average",171858,"Scss","Absorbed Prices"
"35568",1999-07-01,"1999 July","Units",262,"Scss","Absorbed Prices"
"35568",1999-08-01,"1999 August","1st 20%",140000,"Scss","Absorbed Prices"
"35568",1999-08-01,"1999 August","2nd 40%",155000,"Scss","Absorbed Prices"
"35568",1999-08-01,"1999 August","3rd 60%",170000,"Scss","Absorbed Prices"
"35568",1999-08-01,"1999 August","4th 80%",199000,"Scss","Absorbed Prices"
"35568",1999-08-01,"1999 August","Median",165000,"Scss","Absorbed Prices"
"35568",1999-08-01,"1999 August","Average",180416,"Scss","Absorbed Prices"
"35568",1999-08-01,"1999 August","Units",206,"Scss","Absorbed Prices"
"35568",1999-09-01,"1999 September","1st 20%",145000,"Scss","Absorbed Prices"
"35568",1999-09-01,"1999 September","2nd 40%",165000,"Scss","Absorbed Prices"
"35568",1999-09-01,"1999 September","3rd 60%",185000,"Scss","Absorbed Prices"
"35568",1999-09-01,"1999 September","4th 80%",210000,"Scss","Absorbed Prices"
"35568",1999-09-01,"1999 September","Median",175000,"Scss","Absorbed Prices"
"35568",1999-09-01,"1999 September","Average",181427,"Scss","Absorbed Prices"
"35568",1999-09-01,"1999 September","Units",221,"Scss","Absorbed Prices"
"35568",1999-10-01,"1999 October","1st 20%",140000,"Scss","Absorbed Prices"
"35568",1999-10-01,"1999 October","2nd 40%",155000,"Scss","Absorbed Prices"
"35568",1999-10-01,"1999 October","3rd 60%",170000,"Scss","Absorbed Prices"
"35568",1999-10-01,"1999 October","4th 80%",190000,"Scss","Absorbed Prices"
"35568",1999-10-01,"1999 October","Median",165000,"Scss","Absorbed Prices"
"35568",1999-10-01,"1999 October","Average",173371,"Scss","Absorbed Prices"
"35568",1999-10-01,"1999 October","Units",155,"Scss","Absorbed Prices"
"35568",1999-11-01,"1999 November","1st 20%",140000,"Scss","Absorbed Prices"
"35568",1999-11-01,"1999 November","2nd 40%",150000,"Scss","Absorbed Prices"
"35568",1999-11-01,"1999 November","3rd 60%",165000,"Scss","Absorbed Prices"
"35568",1999-11-01,"1999 November","4th 80%",185000,"Scss","Absorbed Prices"
"35568",1999-11-01,"1999 November","Median",155000,"Scss","Absorbed Prices"
"35568",1999-11-01,"1999 November","Average",167918,"Scss","Absorbed Prices"
"35568",1999-11-01,"1999 November","Units",221,"Scss","Absorbed Prices"
"35568",1999-12-01,"1999 December","1st 20%",145000,"Scss","Absorbed Prices"
"35568",1999-12-01,"1999 December","2nd 40%",155000,"Scss","Absorbed Prices"
"35568",1999-12-01,"1999 December","3rd 60%",165000,"Scss","Absorbed Prices"
"35568",1999-12-01,"1999 December","4th 80%",2e+05,"Scss","Absorbed Prices"
"35568",1999-12-01,"1999 December","Median",160000,"Scss","Absorbed Prices"
"35568",1999-12-01,"1999 December","Average",178393,"Scss","Absorbed Prices"
"35568",1999-12-01,"1999 December","Units",169,"Scss","Absorbed Prices"
"35568",2000-01-01,"2000 January","1st 20%",145000,"Scss","Absorbed Prices"
"35568",2000-01-01,"2000 January","2nd 40%",154000,"Scss","Absorbed Prices"
"35568",2000-01-01,"2000 January","3rd 60%",165000,"Scss","Absorbed Prices"
"35568",2000-01-01,"2000 January","4th 80%",185000,"Scss","Absorbed Prices"
"35568",2000-01-01,"2000 January","Median",160000,"Scss","Absorbed Prices"
"35568",2000-01-01,"2000 January","Average",170599,"Scss","Absorbed Prices"
"35568",2000-01-01,"2000 January","Units",95,"Scss","Absorbed Prices"
"35568",2000-02-01,"2000 February","1st 20%",140000,"Scss","Absorbed Prices"
"35568",2000-02-01,"2000 February","2nd 40%",150000,"Scss","Absorbed Prices"
"35568",2000-02-01,"2000 February","3rd 60%",165000,"Scss","Absorbed Prices"
"35568",2000-02-01,"2000 February","4th 80%",190000,"Scss","Absorbed Prices"
"35568",2000-02-01,"2000 February","Median",160000,"Scss","Absorbed Prices"
"35568",2000-02-01,"2000 February","Average",166912,"Scss","Absorbed Prices"
"35568",2000-02-01,"2000 February","Units",81,"Scss","Absorbed Prices"
"35568",2000-03-01,"2000 March","1st 20%",135000,"Scss","Absorbed Prices"
"35568",2000-03-01,"2000 March","2nd 40%",153000,"Scss","Absorbed Prices"
"35568",2000-03-01,"2000 March","3rd 60%",165000,"Scss","Absorbed Prices"
"35568",2000-03-01,"2000 March","4th 80%",190000,"Scss","Absorbed Prices"
"35568",2000-03-01,"2000 March","Median",157500,"Scss","Absorbed Prices"
"35568",2000-03-01,"2000 March","Average",170173,"Scss","Absorbed Prices"
"35568",2000-03-01,"2000 March","Units",158,"Scss","Absorbed Prices"
"35568",2000-04-01,"2000 April","1st 20%",140000,"Scss","Absorbed Prices"
"35568",2000-04-01,"2000 April","2nd 40%",155000,"Scss","Absorbed Prices"
"35568",2000-04-01,"2000 April","3rd 60%",170000,"Scss","Absorbed Prices"
"35568",2000-04-01,"2000 April","4th 80%",190000,"Scss","Absorbed Prices"
"35568",2000-04-01,"2000 April","Median",160000,"Scss","Absorbed Prices"
"35568",2000-04-01,"2000 April","Average",170268,"Scss","Absorbed Prices"
"35568",2000-04-01,"2000 April","Units",145,"Scss","Absorbed Prices"
"35568",2000-05-01,"2000 May","1st 20%",145000,"Scss","Absorbed Prices"
"35568",2000-05-01,"2000 May","2nd 40%",155000,"Scss","Absorbed Prices"
"35568",2000-05-01,"2000 May","3rd 60%",165000,"Scss","Absorbed Prices"
"35568",2000-05-01,"2000 May","4th 80%",185000,"Scss","Absorbed Prices"
"35568",2000-05-01,"2000 May","Median",155000,"Scss","Absorbed Prices"
"35568",2000-05-01,"2000 May","Average",171121,"Scss","Absorbed Prices"
"35568",2000-05-01,"2000 May","Units",129,"Scss","Absorbed Prices"
"35568",2000-06-01,"2000 June","1st 20%",150000,"Scss","Absorbed Prices"
"35568",2000-06-01,"2000 June","2nd 40%",160000,"Scss","Absorbed Prices"
"35568",2000-06-01,"2000 June","3rd 60%",175000,"Scss","Absorbed Prices"
"35568",2000-06-01,"2000 June","4th 80%",191000,"Scss","Absorbed Prices"
"35568",2000-06-01,"2000 June","Median",170000,"Scss","Absorbed Prices"
"35568",2000-06-01,"2000 June","Average",174942,"Scss","Absorbed Prices"
"35568",2000-06-01,"2000 June","Units",149,"Scss","Absorbed Prices"
"35568",2000-07-01,"2000 July","1st 20%",155000,"Scss","Absorbed Prices"
"35568",2000-07-01,"2000 July","2nd 40%",160000,"Scss","Absorbed Prices"
"35568",2000-07-01,"2000 July","3rd 60%",180000,"Scss","Absorbed Prices"
"35568",2000-07-01,"2000 July","4th 80%",190000,"Scss","Absorbed Prices"
"35568",2000-07-01,"2000 July","Median",170000,"Scss","Absorbed Prices"
"35568",2000-07-01,"2000 July","Average",177764,"Scss","Absorbed Prices"
"35568",2000-07-01,"2000 July","Units",233,"Scss","Absorbed Prices"
"35568",2000-08-01,"2000 August","1st 20%",155000,"Scss","Absorbed Prices"
"35568",2000-08-01,"2000 August","2nd 40%",170000,"Scss","Absorbed Prices"
"35568",2000-08-01,"2000 August","3rd 60%",180000,"Scss","Absorbed Prices"
"35568",2000-08-01,"2000 August","4th 80%",190000,"Scss","Absorbed Prices"
"35568",2000-08-01,"2000 August","Median",175000,"Scss","Absorbed Prices"
"35568",2000-08-01,"2000 August","Average",179181,"Scss","Absorbed Prices"
"35568",2000-08-01,"2000 August","Units",217,"Scss","Absorbed Prices"
"35568",2000-09-01,"2000 September","1st 20%",155000,"Scss","Absorbed Prices"
"35568",2000-09-01,"2000 September","2nd 40%",165000,"Scss","Absorbed Prices"
"35568",2000-09-01,"2000 September","3rd 60%",175000,"Scss","Absorbed Prices"
"35568",2000-09-01,"2000 September","4th 80%",190000,"Scss","Absorbed Prices"
"35568",2000-09-01,"2000 September","Median",170000,"Scss","Absorbed Prices"
"35568",2000-09-01,"2000 September","Average",175865,"Scss","Absorbed Prices"
"35568",2000-09-01,"2000 September","Units",204,"Scss","Absorbed Prices"
"35568",2000-10-01,"2000 October","1st 20%",155000,"Scss","Absorbed Prices"
"35568",2000-10-01,"2000 October","2nd 40%",165000,"Scss","Absorbed Prices"
"35568",2000-10-01,"2000 October","3rd 60%",180000,"Scss","Absorbed Prices"
"35568",2000-10-01,"2000 October","4th 80%",195000,"Scss","Absorbed Prices"
"35568",2000-10-01,"2000 October","Median",170000,"Scss","Absorbed Prices"
"35568",2000-10-01,"2000 October","Average",179728,"Scss","Absorbed Prices"
"35568",2000-10-01,"2000 October","Units",158,"Scss","Absorbed Prices"
"35568",2000-11-01,"2000 November","1st 20%",160000,"Scss","Absorbed Prices"
"35568",2000-11-01,"2000 November","2nd 40%",170000,"Scss","Absorbed Prices"
"35568",2000-11-01,"2000 November","3rd 60%",175000,"Scss","Absorbed Prices"
"35568",2000-11-01,"2000 November","4th 80%",193000,"Scss","Absorbed Prices"
"35568",2000-11-01,"2000 November","Median",170000,"Scss","Absorbed Prices"
"35568",2000-11-01,"2000 November","Average",183220,"Scss","Absorbed Prices"
"35568",2000-11-01,"2000 November","Units",188,"Scss","Absorbed Prices"
"35568",2000-12-01,"2000 December","1st 20%",155000,"Scss","Absorbed Prices"
"35568",2000-12-01,"2000 December","2nd 40%",170000,"Scss","Absorbed Prices"
"35568",2000-12-01,"2000 December","3rd 60%",180000,"Scss","Absorbed Prices"
"35568",2000-12-01,"2000 December","4th 80%",205000,"Scss","Absorbed Prices"
"35568",2000-12-01,"2000 December","Median",170000,"Scss","Absorbed Prices"
"35568",2000-12-01,"2000 December","Average",182745,"Scss","Absorbed Prices"
"35568",2000-12-01,"2000 December","Units",182,"Scss","Absorbed Prices"
"35568",2001-01-01,"2001 January","1st 20%",158000,"Scss","Absorbed Prices"
"35568",2001-01-01,"2001 January","2nd 40%",170000,"Scss","Absorbed Prices"
"35568",2001-01-01,"2001 January","3rd 60%",190000,"Scss","Absorbed Prices"
"35568",2001-01-01,"2001 January","4th 80%",239000,"Scss","Absorbed Prices"
"35568",2001-01-01,"2001 January","Median",180000,"Scss","Absorbed Prices"
"35568",2001-01-01,"2001 January","Average",197702,"Scss","Absorbed Prices"
"35568",2001-01-01,"2001 January","Units",140,"Scss","Absorbed Prices"
"35568",2001-02-01,"2001 February","1st 20%",155000,"Scss","Absorbed Prices"
"35568",2001-02-01,"2001 February","2nd 40%",170000,"Scss","Absorbed Prices"
"35568",2001-02-01,"2001 February","3rd 60%",183000,"Scss","Absorbed Prices"
"35568",2001-02-01,"2001 February","4th 80%",204000,"Scss","Absorbed Prices"
"35568",2001-02-01,"2001 February","Median",175000,"Scss","Absorbed Prices"
"35568",2001-02-01,"2001 February","Average",179232,"Scss","Absorbed Prices"
"35568",2001-02-01,"2001 February","Units",94,"Scss","Absorbed Prices"
"35568",2001-03-01,"2001 March","1st 20%",155000,"Scss","Absorbed Prices"
"35568",2001-03-01,"2001 March","2nd 40%",165000,"Scss","Absorbed Prices"
"35568",2001-03-01,"2001 March","3rd 60%",180000,"Scss","Absorbed Prices"
"35568",2001-03-01,"2001 March","4th 80%",215000,"Scss","Absorbed Prices"
"35568",2001-03-01,"2001 March","Median",170000,"Scss","Absorbed Prices"
"35568",2001-03-01,"2001 March","Average",180268,"Scss","Absorbed Prices"
"35568",2001-03-01,"2001 March","Units",96,"Scss","Absorbed Prices"
"35568",2001-04-01,"2001 April","1st 20%",160000,"Scss","Absorbed Prices"
"35568",2001-04-01,"2001 April","2nd 40%",175000,"Scss","Absorbed Prices"
"35568",2001-04-01,"2001 April","3rd 60%",190000,"Scss","Absorbed Prices"
"35568",2001-04-01,"2001 April","4th 80%",208000,"Scss","Absorbed Prices"
"35568",2001-04-01,"2001 April","Median",180000,"Scss","Absorbed Prices"
"35568",2001-04-01,"2001 April","Average",182564,"Scss","Absorbed Prices"
"35568",2001-04-01,"2001 April","Units",118,"Scss","Absorbed Prices"
"35568",2001-05-01,"2001 May","1st 20%",160000,"Scss","Absorbed Prices"
"35568",2001-05-01,"2001 May","2nd 40%",170000,"Scss","Absorbed Prices"
"35568",2001-05-01,"2001 May","3rd 60%",180000,"Scss","Absorbed Prices"
"35568",2001-05-01,"2001 May","4th 80%",2e+05,"Scss","Absorbed Prices"
"35568",2001-05-01,"2001 May","Median",175000,"Scss","Absorbed Prices"
"35568",2001-05-01,"2001 May","Average",184602,"Scss","Absorbed Prices"
"35568",2001-05-01,"2001 May","Units",117,"Scss","Absorbed Prices"
"35568",2001-06-01,"2001 June","1st 20%",155000,"Scss","Absorbed Prices"
"35568",2001-06-01,"2001 June","2nd 40%",165000,"Scss","Absorbed Prices"
"35568",2001-06-01,"2001 June","3rd 60%",180000,"Scss","Absorbed Prices"
"35568",2001-06-01,"2001 June","4th 80%",190000,"Scss","Absorbed Prices"
"35568",2001-06-01,"2001 June","Median",170000,"Scss","Absorbed Prices"
"35568",2001-06-01,"2001 June","Average",176483,"Scss","Absorbed Prices"
"35568",2001-06-01,"2001 June","Units",111,"Scss","Absorbed Prices"
"35568",2001-07-01,"2001 July","1st 20%",155000,"Scss","Absorbed Prices"
"35568",2001-07-01,"2001 July","2nd 40%",170000,"Scss","Absorbed Prices"
"35568",2001-07-01,"2001 July","3rd 60%",180000,"Scss","Absorbed Prices"
"35568",2001-07-01,"2001 July","4th 80%",2e+05,"Scss","Absorbed Prices"
"35568",2001-07-01,"2001 July","Median",175000,"Scss","Absorbed Prices"
"35568",2001-07-01,"2001 July","Average",178440,"Scss","Absorbed Prices"
"35568",2001-07-01,"2001 July","Units",232,"Scss","Absorbed Prices"
"35568",2001-08-01,"2001 August","1st 20%",155000,"Scss","Absorbed Prices"
"35568",2001-08-01,"2001 August","2nd 40%",170000,"Scss","Absorbed Prices"
"35568",2001-08-01,"2001 August","3rd 60%",180000,"Scss","Absorbed Prices"
"35568",2001-08-01,"2001 August","4th 80%",195000,"Scss","Absorbed Prices"
"35568",2001-08-01,"2001 August","Median",175000,"Scss","Absorbed Prices"
"35568",2001-08-01,"2001 August","Average",175094,"Scss","Absorbed Prices"
"35568",2001-08-01,"2001 August","Units",200,"Scss","Absorbed Prices"
"35568",2001-09-01,"2001 September","1st 20%",150000,"Scss","Absorbed Prices"
"35568",2001-09-01,"2001 September","2nd 40%",160000,"Scss","Absorbed Prices"
"35568",2001-09-01,"2001 September","3rd 60%",180000,"Scss","Absorbed Prices"
"35568",2001-09-01,"2001 September","4th 80%",195000,"Scss","Absorbed Prices"
"35568",2001-09-01,"2001 September","Median",170000,"Scss","Absorbed Prices"
"35568",2001-09-01,"2001 September","Average",176417,"Scss","Absorbed Prices"
"35568",2001-09-01,"2001 September","Units",267,"Scss","Absorbed Prices"
"35568",2001-10-01,"2001 October","1st 20%",150000,"Scss","Absorbed Prices"
"35568",2001-10-01,"2001 October","2nd 40%",163000,"Scss","Absorbed Prices"
"35568",2001-10-01,"2001 October","3rd 60%",175000,"Scss","Absorbed Prices"
"35568",2001-10-01,"2001 October","4th 80%",185000,"Scss","Absorbed Prices"
"35568",2001-10-01,"2001 October","Median",170000,"Scss","Absorbed Prices"
"35568",2001-10-01,"2001 October","Average",170847,"Scss","Absorbed Prices"
"35568",2001-10-01,"2001 October","Units",178,"Scss","Absorbed Prices"
"35568",2001-11-01,"2001 November","1st 20%",155000,"Scss","Absorbed Prices"
"35568",2001-11-01,"2001 November","2nd 40%",165000,"Scss","Absorbed Prices"
"35568",2001-11-01,"2001 November","3rd 60%",170000,"Scss","Absorbed Prices"
"35568",2001-11-01,"2001 November","4th 80%",190000,"Scss","Absorbed Prices"
"35568",2001-11-01,"2001 November","Median",170000,"Scss","Absorbed Prices"
"35568",2001-11-01,"2001 November","Average",172874,"Scss","Absorbed Prices"
"35568",2001-11-01,"2001 November","Units",167,"Scss","Absorbed Prices"
"35568",2001-12-01,"2001 December","1st 20%",150000,"Scss","Absorbed Prices"
"35568",2001-12-01,"2001 December","2nd 40%",165000,"Scss","Absorbed Prices"
"35568",2001-12-01,"2001 December","3rd 60%",175000,"Scss","Absorbed Prices"
"35568",2001-12-01,"2001 December","4th 80%",194000,"Scss","Absorbed Prices"
"35568",2001-12-01,"2001 December","Median",170000,"Scss","Absorbed Prices"
"35568",2001-12-01,"2001 December","Average",176100,"Scss","Absorbed Prices"
"35568",2001-12-01,"2001 December","Units",150,"Scss","Absorbed Prices"
"35568",2002-01-01,"2002 January","1st 20%",155000,"Scss","Absorbed Prices"
"35568",2002-01-01,"2002 January","2nd 40%",170000,"Scss","Absorbed Prices"
"35568",2002-01-01,"2002 January","3rd 60%",180000,"Scss","Absorbed Prices"
"35568",2002-01-01,"2002 January","4th 80%",199000,"Scss","Absorbed Prices"
"35568",2002-01-01,"2002 January","Median",170000,"Scss","Absorbed Prices"
"35568",2002-01-01,"2002 January","Average",176074,"Scss","Absorbed Prices"
"35568",2002-01-01,"2002 January","Units",128,"Scss","Absorbed Prices"
"35568",2002-02-01,"2002 February","1st 20%",160000,"Scss","Absorbed Prices"
"35568",2002-02-01,"2002 February","2nd 40%",170000,"Scss","Absorbed Prices"
"35568",2002-02-01,"2002 February","3rd 60%",180000,"Scss","Absorbed Prices"
"35568",2002-02-01,"2002 February","4th 80%",195000,"Scss","Absorbed Prices"
"35568",2002-02-01,"2002 February","Median",175000,"Scss","Absorbed Prices"
"35568",2002-02-01,"2002 February","Average",175682,"Scss","Absorbed Prices"
"35568",2002-02-01,"2002 February","Units",108,"Scss","Absorbed Prices"
"35568",2002-03-01,"2002 March","1st 20%",145000,"Scss","Absorbed Prices"
"35568",2002-03-01,"2002 March","2nd 40%",165000,"Scss","Absorbed Prices"
"35568",2002-03-01,"2002 March","3rd 60%",175000,"Scss","Absorbed Prices"
"35568",2002-03-01,"2002 March","4th 80%",191000,"Scss","Absorbed Prices"
"35568",2002-03-01,"2002 March","Median",170000,"Scss","Absorbed Prices"
"35568",2002-03-01,"2002 March","Average",174396,"Scss","Absorbed Prices"
"35568",2002-03-01,"2002 March","Units",124,"Scss","Absorbed Prices"
"35568",2002-04-01,"2002 April","1st 20%",145000,"Scss","Absorbed Prices"
"35568",2002-04-01,"2002 April","2nd 40%",160000,"Scss","Absorbed Prices"
"35568",2002-04-01,"2002 April","3rd 60%",170000,"Scss","Absorbed Prices"
"35568",2002-04-01,"2002 April","4th 80%",185000,"Scss","Absorbed Prices"
"35568",2002-04-01,"2002 April","Median",165000,"Scss","Absorbed Prices"
"35568",2002-04-01,"2002 April","Average",168014,"Scss","Absorbed Prices"
"35568",2002-04-01,"2002 April","Units",122,"Scss","Absorbed Prices"
"35568",2002-05-01,"2002 May","1st 20%",155000,"Scss","Absorbed Prices"
"35568",2002-05-01,"2002 May","2nd 40%",170000,"Scss","Absorbed Prices"
"35568",2002-05-01,"2002 May","3rd 60%",180000,"Scss","Absorbed Prices"
"35568",2002-05-01,"2002 May","4th 80%",2e+05,"Scss","Absorbed Prices"
"35568",2002-05-01,"2002 May","Median",175000,"Scss","Absorbed Prices"
"35568",2002-05-01,"2002 May","Average",178474,"Scss","Absorbed Prices"
"35568",2002-05-01,"2002 May","Units",133,"Scss","Absorbed Prices"
"35568",2002-06-01,"2002 June","1st 20%",155000,"Scss","Absorbed Prices"
"35568",2002-06-01,"2002 June","2nd 40%",170000,"Scss","Absorbed Prices"
"35568",2002-06-01,"2002 June","3rd 60%",180000,"Scss","Absorbed Prices"
"35568",2002-06-01,"2002 June","4th 80%",2e+05,"Scss","Absorbed Prices"
"35568",2002-06-01,"2002 June","Median",175000,"Scss","Absorbed Prices"
"35568",2002-06-01,"2002 June","Average",173877,"Scss","Absorbed Prices"
"35568",2002-06-01,"2002 June","Units",155,"Scss","Absorbed Prices"
"35568",2002-07-01,"2002 July","1st 20%",145000,"Scss","Absorbed Prices"
"35568",2002-07-01,"2002 July","2nd 40%",165000,"Scss","Absorbed Prices"
"35568",2002-07-01,"2002 July","3rd 60%",175000,"Scss","Absorbed Prices"
"35568",2002-07-01,"2002 July","4th 80%",2e+05,"Scss","Absorbed Prices"
"35568",2002-07-01,"2002 July","Median",170000,"Scss","Absorbed Prices"
"35568",2002-07-01,"2002 July","Average",177415,"Scss","Absorbed Prices"
"35568",2002-07-01,"2002 July","Units",271,"Scss","Absorbed Prices"
"35568",2002-08-01,"2002 August","1st 20%",145000,"Scss","Absorbed Prices"
"35568",2002-08-01,"2002 August","2nd 40%",160000,"Scss","Absorbed Prices"
"35568",2002-08-01,"2002 August","3rd 60%",180000,"Scss","Absorbed Prices"
"35568",2002-08-01,"2002 August","4th 80%",2e+05,"Scss","Absorbed Prices"
"35568",2002-08-01,"2002 August","Median",170000,"Scss","Absorbed Prices"
"35568",2002-08-01,"2002 August","Average",182484,"Scss","Absorbed Prices"
"35568",2002-08-01,"2002 August","Units",273,"Scss","Absorbed Prices"
"35568",2002-09-01,"2002 September","1st 20%",145000,"Scss","Absorbed Prices"
"35568",2002-09-01,"2002 September","2nd 40%",160000,"Scss","Absorbed Prices"
"35568",2002-09-01,"2002 September","3rd 60%",175000,"Scss","Absorbed Prices"
"35568",2002-09-01,"2002 September","4th 80%",2e+05,"Scss","Absorbed Prices"
"35568",2002-09-01,"2002 September","Median",170000,"Scss","Absorbed Prices"
"35568",2002-09-01,"2002 September","Average",181658,"Scss","Absorbed Prices"
"35568",2002-09-01,"2002 September","Units",240,"Scss","Absorbed Prices"
"35568",2002-10-01,"2002 October","1st 20%",150000,"Scss","Absorbed Prices"
"35568",2002-10-01,"2002 October","2nd 40%",165000,"Scss","Absorbed Prices"
"35568",2002-10-01,"2002 October","3rd 60%",180000,"Scss","Absorbed Prices"
"35568",2002-10-01,"2002 October","4th 80%",205000,"Scss","Absorbed Prices"
"35568",2002-10-01,"2002 October","Median",175000,"Scss","Absorbed Prices"
"35568",2002-10-01,"2002 October","Average",180004,"Scss","Absorbed Prices"
"35568",2002-10-01,"2002 October","Units",220,"Scss","Absorbed Prices"
"35568",2002-11-01,"2002 November","1st 20%",145000,"Scss","Absorbed Prices"
"35568",2002-11-01,"2002 November","2nd 40%",160000,"Scss","Absorbed Prices"
"35568",2002-11-01,"2002 November","3rd 60%",180000,"Scss","Absorbed Prices"
"35568",2002-11-01,"2002 November","4th 80%",205000,"Scss","Absorbed Prices"
"35568",2002-11-01,"2002 November","Median",170000,"Scss","Absorbed Prices"
"35568",2002-11-01,"2002 November","Average",180426,"Scss","Absorbed Prices"
"35568",2002-11-01,"2002 November","Units",191,"Scss","Absorbed Prices"
"35568",2002-12-01,"2002 December","1st 20%",155000,"Scss","Absorbed Prices"
"35568",2002-12-01,"2002 December","2nd 40%",173000,"Scss","Absorbed Prices"
"35568",2002-12-01,"2002 December","3rd 60%",185000,"Scss","Absorbed Prices"
"35568",2002-12-01,"2002 December","4th 80%",2e+05,"Scss","Absorbed Prices"
"35568",2002-12-01,"2002 December","Median",180000,"Scss","Absorbed Prices"
"35568",2002-12-01,"2002 December","Average",183138,"Scss","Absorbed Prices"
"35568",2002-12-01,"2002 December","Units",187,"Scss","Absorbed Prices"
"35568",2003-01-01,"2003 January","1st 20%",155000,"Scss","Absorbed Prices"
"35568",2003-01-01,"2003 January","2nd 40%",165000,"Scss","Absorbed Prices"
"35568",2003-01-01,"2003 January","3rd 60%",185000,"Scss","Absorbed Prices"
"35568",2003-01-01,"2003 January","4th 80%",213000,"Scss","Absorbed Prices"
"35568",2003-01-01,"2003 January","Median",175000,"Scss","Absorbed Prices"
"35568",2003-01-01,"2003 January","Average",192229,"Scss","Absorbed Prices"
"35568",2003-01-01,"2003 January","Units",145,"Scss","Absorbed Prices"
"35568",2003-02-01,"2003 February","1st 20%",150000,"Scss","Absorbed Prices"
"35568",2003-02-01,"2003 February","2nd 40%",170000,"Scss","Absorbed Prices"
"35568",2003-02-01,"2003 February","3rd 60%",187000,"Scss","Absorbed Prices"
"35568",2003-02-01,"2003 February","4th 80%",221000,"Scss","Absorbed Prices"
"35568",2003-02-01,"2003 February","Median",175000,"Scss","Absorbed Prices"
"35568",2003-02-01,"2003 February","Average",201994,"Scss","Absorbed Prices"
"35568",2003-02-01,"2003 February","Units",153,"Scss","Absorbed Prices"
"35568",2003-03-01,"2003 March","1st 20%",160000,"Scss","Absorbed Prices"
"35568",2003-03-01,"2003 March","2nd 40%",170000,"Scss","Absorbed Prices"
"35568",2003-03-01,"2003 March","3rd 60%",190000,"Scss","Absorbed Prices"
"35568",2003-03-01,"2003 March","4th 80%",215000,"Scss","Absorbed Prices"
"35568",2003-03-01,"2003 March","Median",180000,"Scss","Absorbed Prices"
"35568",2003-03-01,"2003 March","Average",187135,"Scss","Absorbed Prices"
"35568",2003-03-01,"2003 March","Units",147,"Scss","Absorbed Prices"
"35568",2003-04-01,"2003 April","1st 20%",164000,"Scss","Absorbed Prices"
"35568",2003-04-01,"2003 April","2nd 40%",180000,"Scss","Absorbed Prices"
"35568",2003-04-01,"2003 April","3rd 60%",195000,"Scss","Absorbed Prices"
"35568",2003-04-01,"2003 April","4th 80%",230000,"Scss","Absorbed Prices"
"35568",2003-04-01,"2003 April","Median",190000,"Scss","Absorbed Prices"
"35568",2003-04-01,"2003 April","Average",197400,"Scss","Absorbed Prices"
"35568",2003-04-01,"2003 April","Units",166,"Scss","Absorbed Prices"
"35568",2003-05-01,"2003 May","1st 20%",160000,"Scss","Absorbed Prices"
"35568",2003-05-01,"2003 May","2nd 40%",180000,"Scss","Absorbed Prices"
"35568",2003-05-01,"2003 May","3rd 60%",2e+05,"Scss","Absorbed Prices"
"35568",2003-05-01,"2003 May","4th 80%",230000,"Scss","Absorbed Prices"
"35568",2003-05-01,"2003 May","Median",185000,"Scss","Absorbed Prices"
"35568",2003-05-01,"2003 May","Average",196319,"Scss","Absorbed Prices"
"35568",2003-05-01,"2003 May","Units",165,"Scss","Absorbed Prices"
"35568",2003-06-01,"2003 June","1st 20%",164000,"Scss","Absorbed Prices"
"35568",2003-06-01,"2003 June","2nd 40%",185000,"Scss","Absorbed Prices"
"35568",2003-06-01,"2003 June","3rd 60%",225000,"Scss","Absorbed Prices"
"35568",2003-06-01,"2003 June","4th 80%",250000,"Scss","Absorbed Prices"
"35568",2003-06-01,"2003 June","Median",2e+05,"Scss","Absorbed Prices"
"35568",2003-06-01,"2003 June","Average",211315,"Scss","Absorbed Prices"
"35568",2003-06-01,"2003 June","Units",125,"Scss","Absorbed Prices"
"35568",2003-07-01,"2003 July","1st 20%",170000,"Scss","Absorbed Prices"
"35568",2003-07-01,"2003 July","2nd 40%",195000,"Scss","Absorbed Prices"
"35568",2003-07-01,"2003 July","3rd 60%",225000,"Scss","Absorbed Prices"
"35568",2003-07-01,"2003 July","4th 80%",264000,"Scss","Absorbed Prices"
"35568",2003-07-01,"2003 July","Median",210000,"Scss","Absorbed Prices"
"35568",2003-07-01,"2003 July","Average",212112,"Scss","Absorbed Prices"
"35568",2003-07-01,"2003 July","Units",237,"Scss","Absorbed Prices"
"35568",2003-08-01,"2003 August","1st 20%",164000,"Scss","Absorbed Prices"
"35568",2003-08-01,"2003 August","2nd 40%",190000,"Scss","Absorbed Prices"
"35568",2003-08-01,"2003 August","3rd 60%",215000,"Scss","Absorbed Prices"
"35568",2003-08-01,"2003 August","4th 80%",245000,"Scss","Absorbed Prices"
"35568",2003-08-01,"2003 August","Median",2e+05,"Scss","Absorbed Prices"
"35568",2003-08-01,"2003 August","Average",210276,"Scss","Absorbed Prices"
"35568",2003-08-01,"2003 August","Units",199,"Scss","Absorbed Prices"
"35568",2003-09-01,"2003 September","1st 20%",165000,"Scss","Absorbed Prices"
"35568",2003-09-01,"2003 September","2nd 40%",185000,"Scss","Absorbed Prices"
"35568",2003-09-01,"2003 September","3rd 60%",210000,"Scss","Absorbed Prices"
"35568",2003-09-01,"2003 September","4th 80%",245000,"Scss","Absorbed Prices"
"35568",2003-09-01,"2003 September","Median",195000,"Scss","Absorbed Prices"
"35568",2003-09-01,"2003 September","Average",208500,"Scss","Absorbed Prices"
"35568",2003-09-01,"2003 September","Units",207,"Scss","Absorbed Prices"
"35568",2003-10-01,"2003 October","1st 20%",165000,"Scss","Absorbed Prices"
"35568",2003-10-01,"2003 October","2nd 40%",180000,"Scss","Absorbed Prices"
"35568",2003-10-01,"2003 October","3rd 60%",2e+05,"Scss","Absorbed Prices"
"35568",2003-10-01,"2003 October","4th 80%",240000,"Scss","Absorbed Prices"
"35568",2003-10-01,"2003 October","Median",190000,"Scss","Absorbed Prices"
"35568",2003-10-01,"2003 October","Average",204970,"Scss","Absorbed Prices"
"35568",2003-10-01,"2003 October","Units",215,"Scss","Absorbed Prices"
"35568",2003-11-01,"2003 November","1st 20%",165000,"Scss","Absorbed Prices"
"35568",2003-11-01,"2003 November","2nd 40%",195000,"Scss","Absorbed Prices"
"35568",2003-11-01,"2003 November","3rd 60%",225000,"Scss","Absorbed Prices"
"35568",2003-11-01,"2003 November","4th 80%",255000,"Scss","Absorbed Prices"
"35568",2003-11-01,"2003 November","Median",205000,"Scss","Absorbed Prices"
"35568",2003-11-01,"2003 November","Average",210741,"Scss","Absorbed Prices"
"35568",2003-11-01,"2003 November","Units",173,"Scss","Absorbed Prices"
"35568",2003-12-01,"2003 December","1st 20%",165000,"Scss","Absorbed Prices"
"35568",2003-12-01,"2003 December","2nd 40%",190000,"Scss","Absorbed Prices"
"35568",2003-12-01,"2003 December","3rd 60%",215000,"Scss","Absorbed Prices"
"35568",2003-12-01,"2003 December","4th 80%",250000,"Scss","Absorbed Prices"
"35568",2003-12-01,"2003 December","Median",2e+05,"Scss","Absorbed Prices"
"35568",2003-12-01,"2003 December","Average",210500,"Scss","Absorbed Prices"
"35568",2003-12-01,"2003 December","Units",159,"Scss","Absorbed Prices"
"35568",2004-01-01,"2004 January","1st 20%",165000,"Scss","Absorbed Prices"
"35568",2004-01-01,"2004 January","2nd 40%",185000,"Scss","Absorbed Prices"
"35568",2004-01-01,"2004 January","3rd 60%",215000,"Scss","Absorbed Prices"
"35568",2004-01-01,"2004 January","4th 80%",250000,"Scss","Absorbed Prices"
"35568",2004-01-01,"2004 January","Median",202500,"Scss","Absorbed Prices"
"35568",2004-01-01,"2004 January","Average",209627,"Scss","Absorbed Prices"
"35568",2004-01-01,"2004 January","Units",129,"Scss","Absorbed Prices"
"35568",2004-02-01,"2004 February","1st 20%",175000,"Scss","Absorbed Prices"
"35568",2004-02-01,"2004 February","2nd 40%",185000,"Scss","Absorbed Prices"
"35568",2004-02-01,"2004 February","3rd 60%",210000,"Scss","Absorbed Prices"
"35568",2004-02-01,"2004 February","4th 80%",247000,"Scss","Absorbed Prices"
"35568",2004-02-01,"2004 February","Median",190000,"Scss","Absorbed Prices"
"35568",2004-02-01,"2004 February","Average",212745,"Scss","Absorbed Prices"
"35568",2004-02-01,"2004 February","Units",90,"Scss","Absorbed Prices"
"35568",2004-03-01,"2004 March","1st 20%",175000,"Scss","Absorbed Prices"
"35568",2004-03-01,"2004 March","2nd 40%",195000,"Scss","Absorbed Prices"
"35568",2004-03-01,"2004 March","3rd 60%",210000,"Scss","Absorbed Prices"
"35568",2004-03-01,"2004 March","4th 80%",235000,"Scss","Absorbed Prices"
"35568",2004-03-01,"2004 March","Median",2e+05,"Scss","Absorbed Prices"
"35568",2004-03-01,"2004 March","Average",211728,"Scss","Absorbed Prices"
"35568",2004-03-01,"2004 March","Units",105,"Scss","Absorbed Prices"
"35568",2004-04-01,"2004 April","1st 20%",180000,"Scss","Absorbed Prices"
"35568",2004-04-01,"2004 April","2nd 40%",2e+05,"Scss","Absorbed Prices"
"35568",2004-04-01,"2004 April","3rd 60%",215000,"Scss","Absorbed Prices"
"35568",2004-04-01,"2004 April","4th 80%",245000,"Scss","Absorbed Prices"
"35568",2004-04-01,"2004 April","Median",205000,"Scss","Absorbed Prices"
"35568",2004-04-01,"2004 April","Average",217094,"Scss","Absorbed Prices"
"35568",2004-04-01,"2004 April","Units",141,"Scss","Absorbed Prices"
"35568",2004-05-01,"2004 May","1st 20%",175000,"Scss","Absorbed Prices"
"35568",2004-05-01,"2004 May","2nd 40%",190000,"Scss","Absorbed Prices"
"35568",2004-05-01,"2004 May","3rd 60%",210000,"Scss","Absorbed Prices"
"35568",2004-05-01,"2004 May","4th 80%",235000,"Scss","Absorbed Prices"
"35568",2004-05-01,"2004 May","Median",2e+05,"Scss","Absorbed Prices"
"35568",2004-05-01,"2004 May","Average",205876,"Scss","Absorbed Prices"
"35568",2004-05-01,"2004 May","Units",110,"Scss","Absorbed Prices"
"35568",2004-06-01,"2004 June","1st 20%",180000,"Scss","Absorbed Prices"
"35568",2004-06-01,"2004 June","2nd 40%",2e+05,"Scss","Absorbed Prices"
"35568",2004-06-01,"2004 June","3rd 60%",225000,"Scss","Absorbed Prices"
"35568",2004-06-01,"2004 June","4th 80%",245000,"Scss","Absorbed Prices"
"35568",2004-06-01,"2004 June","Median",210000,"Scss","Absorbed Prices"
"35568",2004-06-01,"2004 June","Average",214009,"Scss","Absorbed Prices"
"35568",2004-06-01,"2004 June","Units",141,"Scss","Absorbed Prices"
"35568",2004-07-01,"2004 July","1st 20%",185000,"Scss","Absorbed Prices"
"35568",2004-07-01,"2004 July","2nd 40%",205000,"Scss","Absorbed Prices"
"35568",2004-07-01,"2004 July","3rd 60%",220000,"Scss","Absorbed Prices"
"35568",2004-07-01,"2004 July","4th 80%",244000,"Scss","Absorbed Prices"
"35568",2004-07-01,"2004 July","Median",210000,"Scss","Absorbed Prices"
"35568",2004-07-01,"2004 July","Average",214724,"Scss","Absorbed Prices"
"35568",2004-07-01,"2004 July","Units",244,"Scss","Absorbed Prices"
"35568",2004-08-01,"2004 August","1st 20%",190000,"Scss","Absorbed Prices"
"35568",2004-08-01,"2004 August","2nd 40%",205000,"Scss","Absorbed Prices"
"35568",2004-08-01,"2004 August","3rd 60%",215000,"Scss","Absorbed Prices"
"35568",2004-08-01,"2004 August","4th 80%",245000,"Scss","Absorbed Prices"
"35568",2004-08-01,"2004 August","Median",215000,"Scss","Absorbed Prices"
"35568",2004-08-01,"2004 August","Average",216938,"Scss","Absorbed Prices"
"35568",2004-08-01,"2004 August","Units",161,"Scss","Absorbed Prices"
"35568",2004-09-01,"2004 September","1st 20%",190000,"Scss","Absorbed Prices"
"35568",2004-09-01,"2004 September","2nd 40%",210000,"Scss","Absorbed Prices"
"35568",2004-09-01,"2004 September","3rd 60%",225000,"Scss","Absorbed Prices"
"35568",2004-09-01,"2004 September","4th 80%",245000,"Scss","Absorbed Prices"
"35568",2004-09-01,"2004 September","Median",215000,"Scss","Absorbed Prices"
"35568",2004-09-01,"2004 September","Average",221620,"Scss","Absorbed Prices"
"35568",2004-09-01,"2004 September","Units",207,"Scss","Absorbed Prices"
"35568",2004-10-01,"2004 October","1st 20%",190000,"Scss","Absorbed Prices"
"35568",2004-10-01,"2004 October","2nd 40%",211000,"Scss","Absorbed Prices"
"35568",2004-10-01,"2004 October","3rd 60%",230000,"Scss","Absorbed Prices"
"35568",2004-10-01,"2004 October","4th 80%",245000,"Scss","Absorbed Prices"
"35568",2004-10-01,"2004 October","Median",217500,"Scss","Absorbed Prices"
"35568",2004-10-01,"2004 October","Average",221735,"Scss","Absorbed Prices"
"35568",2004-10-01,"2004 October","Units",189,"Scss","Absorbed Prices"
"35568",2004-11-01,"2004 November","1st 20%",195000,"Scss","Absorbed Prices"
"35568",2004-11-01,"2004 November","2nd 40%",210000,"Scss","Absorbed Prices"
"35568",2004-11-01,"2004 November","3rd 60%",230000,"Scss","Absorbed Prices"
"35568",2004-11-01,"2004 November","4th 80%",245000,"Scss","Absorbed Prices"
"35568",2004-11-01,"2004 November","Median",215000,"Scss","Absorbed Prices"
"35568",2004-11-01,"2004 November","Average",222084,"Scss","Absorbed Prices"
"35568",2004-11-01,"2004 November","Units",197,"Scss","Absorbed Prices"
"35568",2004-12-01,"2004 December","1st 20%",195000,"Scss","Absorbed Prices"
"35568",2004-12-01,"2004 December","2nd 40%",210000,"Scss","Absorbed Prices"
"35568",2004-12-01,"2004 December","3rd 60%",225000,"Scss","Absorbed Prices"
"35568",2004-12-01,"2004 December","4th 80%",254000,"Scss","Absorbed Prices"
"35568",2004-12-01,"2004 December","Median",215000,"Scss","Absorbed Prices"
"35568",2004-12-01,"2004 December","Average",242635,"Scss","Absorbed Prices"
"35568",2004-12-01,"2004 December","Units",87,"Scss","Absorbed Prices"
"35568",2005-01-01,"2005 January","1st 20%",2e+05,"Scss","Absorbed Prices"
"35568",2005-01-01,"2005 January","2nd 40%",215000,"Scss","Absorbed Prices"
"35568",2005-01-01,"2005 January","3rd 60%",235000,"Scss","Absorbed Prices"
"35568",2005-01-01,"2005 January","4th 80%",245000,"Scss","Absorbed Prices"
"35568",2005-01-01,"2005 January","Median",227500,"Scss","Absorbed Prices"
"35568",2005-01-01,"2005 January","Average",225517,"Scss","Absorbed Prices"
"35568",2005-01-01,"2005 January","Units",160,"Scss","Absorbed Prices"
"35568",2005-02-01,"2005 February","1st 20%",201000,"Scss","Absorbed Prices"
"35568",2005-02-01,"2005 February","2nd 40%",215000,"Scss","Absorbed Prices"
"35568",2005-02-01,"2005 February","3rd 60%",235000,"Scss","Absorbed Prices"
"35568",2005-02-01,"2005 February","4th 80%",245000,"Scss","Absorbed Prices"
"35568",2005-02-01,"2005 February","Median",225000,"Scss","Absorbed Prices"
"35568",2005-02-01,"2005 February","Average",226102,"Scss","Absorbed Prices"
"35568",2005-02-01,"2005 February","Units",110,"Scss","Absorbed Prices"
"35568",2005-03-01,"2005 March","1st 20%",202000,"Scss","Absorbed Prices"
"35568",2005-03-01,"2005 March","2nd 40%",215000,"Scss","Absorbed Prices"
"35568",2005-03-01,"2005 March","3rd 60%",235000,"Scss","Absorbed Prices"
"35568",2005-03-01,"2005 March","4th 80%",265000,"Scss","Absorbed Prices"
"35568",2005-03-01,"2005 March","Median",225000,"Scss","Absorbed Prices"
"35568",2005-03-01,"2005 March","Average",238090,"Scss","Absorbed Prices"
"35568",2005-03-01,"2005 March","Units",144,"Scss","Absorbed Prices"
"35568",2005-04-01,"2005 April","1st 20%",2e+05,"Scss","Absorbed Prices"
"35568",2005-04-01,"2005 April","2nd 40%",220000,"Scss","Absorbed Prices"
"35568",2005-04-01,"2005 April","3rd 60%",245000,"Scss","Absorbed Prices"
"35568",2005-04-01,"2005 April","4th 80%",295000,"Scss","Absorbed Prices"
"35568",2005-04-01,"2005 April","Median",235000,"Scss","Absorbed Prices"
"35568",2005-04-01,"2005 April","Average",258726,"Scss","Absorbed Prices"
"35568",2005-04-01,"2005 April","Units",145,"Scss","Absorbed Prices"
"35568",2005-05-01,"2005 May","1st 20%",2e+05,"Scss","Absorbed Prices"
"35568",2005-05-01,"2005 May","2nd 40%",230000,"Scss","Absorbed Prices"
"35568",2005-05-01,"2005 May","3rd 60%",252000,"Scss","Absorbed Prices"
"35568",2005-05-01,"2005 May","4th 80%",286000,"Scss","Absorbed Prices"
"35568",2005-05-01,"2005 May","Median",240000,"Scss","Absorbed Prices"
"35568",2005-05-01,"2005 May","Average",246278,"Scss","Absorbed Prices"
"35568",2005-05-01,"2005 May","Units",117,"Scss","Absorbed Prices"
"35568",2005-06-01,"2005 June","1st 20%",2e+05,"Scss","Absorbed Prices"
"35568",2005-06-01,"2005 June","2nd 40%",220000,"Scss","Absorbed Prices"
"35568",2005-06-01,"2005 June","3rd 60%",240000,"Scss","Absorbed Prices"
"35568",2005-06-01,"2005 June","4th 80%",265000,"Scss","Absorbed Prices"
"35568",2005-06-01,"2005 June","Median",235000,"Scss","Absorbed Prices"
"35568",2005-06-01,"2005 June","Average",240902,"Scss","Absorbed Prices"
"35568",2005-06-01,"2005 June","Units",164,"Scss","Absorbed Prices"
"35568",2005-07-01,"2005 July","1st 20%",220000,"Scss","Absorbed Prices"
"35568",2005-07-01,"2005 July","2nd 40%",245000,"Scss","Absorbed Prices"
"35568",2005-07-01,"2005 July","3rd 60%",260000,"Scss","Absorbed Prices"
"35568",2005-07-01,"2005 July","4th 80%",3e+05,"Scss","Absorbed Prices"
"35568",2005-07-01,"2005 July","Median",255000,"Scss","Absorbed Prices"
"35568",2005-07-01,"2005 July","Average",262451,"Scss","Absorbed Prices"
"35568",2005-07-01,"2005 July","Units",114,"Scss","Absorbed Prices"
"35568",2005-08-01,"2005 August","1st 20%",220000,"Scss","Absorbed Prices"
"35568",2005-08-01,"2005 August","2nd 40%",235000,"Scss","Absorbed Prices"
"35568",2005-08-01,"2005 August","3rd 60%",260000,"Scss","Absorbed Prices"
"35568",2005-08-01,"2005 August","4th 80%",305000,"Scss","Absorbed Prices"
"35568",2005-08-01,"2005 August","Median",255000,"Scss","Absorbed Prices"
"35568",2005-08-01,"2005 August","Average",260836,"Scss","Absorbed Prices"
"35568",2005-08-01,"2005 August","Units",103,"Scss","Absorbed Prices"
"35568",2005-09-01,"2005 September","1st 20%",205000,"Scss","Absorbed Prices"
"35568",2005-09-01,"2005 September","2nd 40%",230000,"Scss","Absorbed Prices"
"35568",2005-09-01,"2005 September","3rd 60%",253000,"Scss","Absorbed Prices"
"35568",2005-09-01,"2005 September","4th 80%",295000,"Scss","Absorbed Prices"
"35568",2005-09-01,"2005 September","Median",240000,"Scss","Absorbed Prices"
"35568",2005-09-01,"2005 September","Average",246041,"Scss","Absorbed Prices"
"35568",2005-09-01,"2005 September","Units",160,"Scss","Absorbed Prices"
"35568",2005-10-01,"2005 October","1st 20%",210000,"Scss","Absorbed Prices"
"35568",2005-10-01,"2005 October","2nd 40%",235000,"Scss","Absorbed Prices"
"35568",2005-10-01,"2005 October","3rd 60%",272000,"Scss","Absorbed Prices"
"35568",2005-10-01,"2005 October","4th 80%",311000,"Scss","Absorbed Prices"
"35568",2005-10-01,"2005 October","Median",255000,"Scss","Absorbed Prices"
"35568",2005-10-01,"2005 October","Average",276082,"Scss","Absorbed Prices"
"35568",2005-10-01,"2005 October","Units",157,"Scss","Absorbed Prices"
"35568",2005-11-01,"2005 November","1st 20%",210000,"Scss","Absorbed Prices"
"35568",2005-11-01,"2005 November","2nd 40%",235000,"Scss","Absorbed Prices"
"35568",2005-11-01,"2005 November","3rd 60%",260000,"Scss","Absorbed Prices"
"35568",2005-11-01,"2005 November","4th 80%",295000,"Scss","Absorbed Prices"
"35568",2005-11-01,"2005 November","Median",245000,"Scss","Absorbed Prices"
"35568",2005-11-01,"2005 November","Average",261628,"Scss","Absorbed Prices"
"35568",2005-11-01,"2005 November","Units",106,"Scss","Absorbed Prices"
"35568",2005-12-01,"2005 December","1st 20%",225000,"Scss","Absorbed Prices"
"35568",2005-12-01,"2005 December","2nd 40%",235000,"Scss","Absorbed Prices"
"35568",2005-12-01,"2005 December","3rd 60%",255000,"Scss","Absorbed Prices"
"35568",2005-12-01,"2005 December","4th 80%",295000,"Scss","Absorbed Prices"
"35568",2005-12-01,"2005 December","Median",242500,"Scss","Absorbed Prices"
"35568",2005-12-01,"2005 December","Average",252597,"Scss","Absorbed Prices"
"35568",2005-12-01,"2005 December","Units",75,"Scss","Absorbed Prices"
"35568",2006-01-01,"2006 January","1st 20%",195000,"Scss","Absorbed Prices"
"35568",2006-01-01,"2006 January","2nd 40%",231000,"Scss","Absorbed Prices"
"35568",2006-01-01,"2006 January","3rd 60%",255000,"Scss","Absorbed Prices"
"35568",2006-01-01,"2006 January","4th 80%",297000,"Scss","Absorbed Prices"
"35568",2006-01-01,"2006 January","Median",245000,"Scss","Absorbed Prices"
"35568",2006-01-01,"2006 January","Average",260555,"Scss","Absorbed Prices"
"35568",2006-01-01,"2006 January","Units",65,"Scss","Absorbed Prices"
"35568",2006-02-01,"2006 February","1st 20%",215000,"Scss","Absorbed Prices"
"35568",2006-02-01,"2006 February","2nd 40%",239000,"Scss","Absorbed Prices"
"35568",2006-02-01,"2006 February","3rd 60%",271000,"Scss","Absorbed Prices"
"35568",2006-02-01,"2006 February","4th 80%",316000,"Scss","Absorbed Prices"
"35568",2006-02-01,"2006 February","Median",255000,"Scss","Absorbed Prices"
"35568",2006-02-01,"2006 February","Average",281119,"Scss","Absorbed Prices"
"35568",2006-02-01,"2006 February","Units",47,"Scss","Absorbed Prices"
"35568",2006-03-01,"2006 March","1st 20%",225000,"Scss","Absorbed Prices"
"35568",2006-03-01,"2006 March","2nd 40%",255000,"Scss","Absorbed Prices"
"35568",2006-03-01,"2006 March","3rd 60%",290000,"Scss","Absorbed Prices"
"35568",2006-03-01,"2006 March","4th 80%",330000,"Scss","Absorbed Prices"
"35568",2006-03-01,"2006 March","Median",265000,"Scss","Absorbed Prices"
"35568",2006-03-01,"2006 March","Average",300315,"Scss","Absorbed Prices"
"35568",2006-03-01,"2006 March","Units",74,"Scss","Absorbed Prices"
"35568",2006-04-01,"2006 April","1st 20%",225000,"Scss","Absorbed Prices"
"35568",2006-04-01,"2006 April","2nd 40%",250000,"Scss","Absorbed Prices"
"35568",2006-04-01,"2006 April","3rd 60%",275000,"Scss","Absorbed Prices"
"35568",2006-04-01,"2006 April","4th 80%",3e+05,"Scss","Absorbed Prices"
"35568",2006-04-01,"2006 April","Median",265000,"Scss","Absorbed Prices"
"35568",2006-04-01,"2006 April","Average",276985,"Scss","Absorbed Prices"
"35568",2006-04-01,"2006 April","Units",69,"Scss","Absorbed Prices"
"35568",2006-05-01,"2006 May","1st 20%",235000,"Scss","Absorbed Prices"
"35568",2006-05-01,"2006 May","2nd 40%",245000,"Scss","Absorbed Prices"
"35568",2006-05-01,"2006 May","3rd 60%",260000,"Scss","Absorbed Prices"
"35568",2006-05-01,"2006 May","4th 80%",320000,"Scss","Absorbed Prices"
"35568",2006-05-01,"2006 May","Median",255000,"Scss","Absorbed Prices"
"35568",2006-05-01,"2006 May","Average",284847,"Scss","Absorbed Prices"
"35568",2006-05-01,"2006 May","Units",100,"Scss","Absorbed Prices"
"35568",2006-06-01,"2006 June","1st 20%",235000,"Scss","Absorbed Prices"
"35568",2006-06-01,"2006 June","2nd 40%",265000,"Scss","Absorbed Prices"
"35568",2006-06-01,"2006 June","3rd 60%",295000,"Scss","Absorbed Prices"
"35568",2006-06-01,"2006 June","4th 80%",364000,"Scss","Absorbed Prices"
"35568",2006-06-01,"2006 June","Median",282500,"Scss","Absorbed Prices"
"35568",2006-06-01,"2006 June","Average",317303,"Scss","Absorbed Prices"
"35568",2006-06-01,"2006 June","Units",63,"Scss","Absorbed Prices"
"35568",2006-07-01,"2006 July","1st 20%",195000,"Scss","Absorbed Prices"
"35568",2006-07-01,"2006 July","2nd 40%",250000,"Scss","Absorbed Prices"
"35568",2006-07-01,"2006 July","3rd 60%",285000,"Scss","Absorbed Prices"
"35568",2006-07-01,"2006 July","4th 80%",335000,"Scss","Absorbed Prices"
"35568",2006-07-01,"2006 July","Median",262500,"Scss","Absorbed Prices"
"35568",2006-07-01,"2006 July","Average",302475,"Scss","Absorbed Prices"
"35568",2006-07-01,"2006 July","Units",87,"Scss","Absorbed Prices"
"35568",2006-08-01,"2006 August","1st 20%",250000,"Scss","Absorbed Prices"
"35568",2006-08-01,"2006 August","2nd 40%",270000,"Scss","Absorbed Prices"
"35568",2006-08-01,"2006 August","3rd 60%",295000,"Scss","Absorbed Prices"
"35568",2006-08-01,"2006 August","4th 80%",372000,"Scss","Absorbed Prices"
"35568",2006-08-01,"2006 August","Median",280000,"Scss","Absorbed Prices"
"35568",2006-08-01,"2006 August","Average",321820,"Scss","Absorbed Prices"
"35568",2006-08-01,"2006 August","Units",97,"Scss","Absorbed Prices"
"35568",2006-09-01,"2006 September","1st 20%",235000,"Scss","Absorbed Prices"
"35568",2006-09-01,"2006 September","2nd 40%",265000,"Scss","Absorbed Prices"
"35568",2006-09-01,"2006 September","3rd 60%",296000,"Scss","Absorbed Prices"
"35568",2006-09-01,"2006 September","4th 80%",425000,"Scss","Absorbed Prices"
"35568",2006-09-01,"2006 September","Median",280000,"Scss","Absorbed Prices"
"35568",2006-09-01,"2006 September","Average",330652,"Scss","Absorbed Prices"
"35568",2006-09-01,"2006 September","Units",104,"Scss","Absorbed Prices"
"35568",2006-10-01,"2006 October","1st 20%",237000,"Scss","Absorbed Prices"
"35568",2006-10-01,"2006 October","2nd 40%",255000,"Scss","Absorbed Prices"
"35568",2006-10-01,"2006 October","3rd 60%",291000,"Scss","Absorbed Prices"
"35568",2006-10-01,"2006 October","4th 80%",4e+05,"Scss","Absorbed Prices"
"35568",2006-10-01,"2006 October","Median",277500,"Scss","Absorbed Prices"
"35568",2006-10-01,"2006 October","Average",316713,"Scss","Absorbed Prices"
"35568",2006-10-01,"2006 October","Units",79,"Scss","Absorbed Prices"
"35568",2006-11-01,"2006 November","1st 20%",241000,"Scss","Absorbed Prices"
"35568",2006-11-01,"2006 November","2nd 40%",284000,"Scss","Absorbed Prices"
"35568",2006-11-01,"2006 November","3rd 60%",345000,"Scss","Absorbed Prices"
"35568",2006-11-01,"2006 November","4th 80%",555000,"Scss","Absorbed Prices"
"35568",2006-11-01,"2006 November","Median",297500,"Scss","Absorbed Prices"
"35568",2006-11-01,"2006 November","Average",386928,"Scss","Absorbed Prices"
"35568",2006-11-01,"2006 November","Units",50,"Scss","Absorbed Prices"
"35568",2006-12-01,"2006 December","1st 20%",253000,"Scss","Absorbed Prices"
"35568",2006-12-01,"2006 December","2nd 40%",275000,"Scss","Absorbed Prices"
"35568",2006-12-01,"2006 December","3rd 60%",290000,"Scss","Absorbed Prices"
"35568",2006-12-01,"2006 December","4th 80%",351000,"Scss","Absorbed Prices"
"35568",2006-12-01,"2006 December","Median",285000,"Scss","Absorbed Prices"
"35568",2006-12-01,"2006 December","Average",298417,"Scss","Absorbed Prices"
"35568",2006-12-01,"2006 December","Units",93,"Scss","Absorbed Prices"
"35568",2007-01-01,"2007 January","1st 20%",231000,"Scss","Absorbed Prices"
"35568",2007-01-01,"2007 January","2nd 40%",255000,"Scss","Absorbed Prices"
"35568",2007-01-01,"2007 January","3rd 60%",285000,"Scss","Absorbed Prices"
"35568",2007-01-01,"2007 January","4th 80%",325000,"Scss","Absorbed Prices"
"35568",2007-01-01,"2007 January","Median",270000,"Scss","Absorbed Prices"
"35568",2007-01-01,"2007 January","Average",295535,"Scss","Absorbed Prices"
"35568",2007-01-01,"2007 January","Units",98,"Scss","Absorbed Prices"
"35568",2007-02-01,"2007 February","1st 20%",256000,"Scss","Absorbed Prices"
"35568",2007-02-01,"2007 February","2nd 40%",284000,"Scss","Absorbed Prices"
"35568",2007-02-01,"2007 February","3rd 60%",326000,"Scss","Absorbed Prices"
"35568",2007-02-01,"2007 February","4th 80%",469000,"Scss","Absorbed Prices"
"35568",2007-02-01,"2007 February","Median",290000,"Scss","Absorbed Prices"
"35568",2007-02-01,"2007 February","Average",360366,"Scss","Absorbed Prices"
"35568",2007-02-01,"2007 February","Units",43,"Scss","Absorbed Prices"
"35568",2007-03-01,"2007 March","1st 20%",235000,"Scss","Absorbed Prices"
"35568",2007-03-01,"2007 March","2nd 40%",245000,"Scss","Absorbed Prices"
"35568",2007-03-01,"2007 March","3rd 60%",270000,"Scss","Absorbed Prices"
"35568",2007-03-01,"2007 March","4th 80%",295000,"Scss","Absorbed Prices"
"35568",2007-03-01,"2007 March","Median",255000,"Scss","Absorbed Prices"
"35568",2007-03-01,"2007 March","Average",271384,"Scss","Absorbed Prices"
"35568",2007-03-01,"2007 March","Units",79,"Scss","Absorbed Prices"
"35568",2007-04-01,"2007 April","1st 20%",235000,"Scss","Absorbed Prices"
"35568",2007-04-01,"2007 April","2nd 40%",265000,"Scss","Absorbed Prices"
"35568",2007-04-01,"2007 April","3rd 60%",287000,"Scss","Absorbed Prices"
"35568",2007-04-01,"2007 April","4th 80%",331000,"Scss","Absorbed Prices"
"35568",2007-04-01,"2007 April","Median",270000,"Scss","Absorbed Prices"
"35568",2007-04-01,"2007 April","Average",297187,"Scss","Absorbed Prices"
"35568",2007-04-01,"2007 April","Units",63,"Scss","Absorbed Prices"
"35568",2007-05-01,"2007 May","1st 20%",240000,"Scss","Absorbed Prices"
"35568",2007-05-01,"2007 May","2nd 40%",255000,"Scss","Absorbed Prices"
"35568",2007-05-01,"2007 May","3rd 60%",280000,"Scss","Absorbed Prices"
"35568",2007-05-01,"2007 May","4th 80%",343000,"Scss","Absorbed Prices"
"35568",2007-05-01,"2007 May","Median",262500,"Scss","Absorbed Prices"
"35568",2007-05-01,"2007 May","Average",289570,"Scss","Absorbed Prices"
"35568",2007-05-01,"2007 May","Units",71,"Scss","Absorbed Prices"
"35568",2007-06-01,"2007 June","1st 20%",245000,"Scss","Absorbed Prices"
"35568",2007-06-01,"2007 June","2nd 40%",280000,"Scss","Absorbed Prices"
"35568",2007-06-01,"2007 June","3rd 60%",293000,"Scss","Absorbed Prices"
"35568",2007-06-01,"2007 June","4th 80%",325000,"Scss","Absorbed Prices"
"35568",2007-06-01,"2007 June","Median",290000,"Scss","Absorbed Prices"
"35568",2007-06-01,"2007 June","Average",307917,"Scss","Absorbed Prices"
"35568",2007-06-01,"2007 June","Units",62,"Scss","Absorbed Prices"
"35568",2007-07-01,"2007 July","1st 20%",273000,"Scss","Absorbed Prices"
"35568",2007-07-01,"2007 July","2nd 40%",329000,"Scss","Absorbed Prices"
"35568",2007-07-01,"2007 July","3rd 60%",505000,"Scss","Absorbed Prices"
"35568",2007-07-01,"2007 July","4th 80%",705000,"Scss","Absorbed Prices"
"35568",2007-07-01,"2007 July","Median",425000,"Scss","Absorbed Prices"
"35568",2007-07-01,"2007 July","Average",547175,"Scss","Absorbed Prices"
"35568",2007-07-01,"2007 July","Units",46,"Scss","Absorbed Prices"
"35568",2007-08-01,"2007 August","1st 20%",245000,"Scss","Absorbed Prices"
"35568",2007-08-01,"2007 August","2nd 40%",278000,"Scss","Absorbed Prices"
"35568",2007-08-01,"2007 August","3rd 60%",3e+05,"Scss","Absorbed Prices"
"35568",2007-08-01,"2007 August","4th 80%",375000,"Scss","Absorbed Prices"
"35568",2007-08-01,"2007 August","Median",285000,"Scss","Absorbed Prices"
"35568",2007-08-01,"2007 August","Average",326529,"Scss","Absorbed Prices"
"35568",2007-08-01,"2007 August","Units",131,"Scss","Absorbed Prices"
"35568",2007-09-01,"2007 September","1st 20%",235000,"Scss","Absorbed Prices"
"35568",2007-09-01,"2007 September","2nd 40%",279000,"Scss","Absorbed Prices"
"35568",2007-09-01,"2007 September","3rd 60%",315000,"Scss","Absorbed Prices"
"35568",2007-09-01,"2007 September","4th 80%",370000,"Scss","Absorbed Prices"
"35568",2007-09-01,"2007 September","Median",290000,"Scss","Absorbed Prices"
"35568",2007-09-01,"2007 September","Average",307612,"Scss","Absorbed Prices"
"35568",2007-09-01,"2007 September","Units",80,"Scss","Absorbed Prices"
"35568",2007-10-01,"2007 October","1st 20%",267000,"Scss","Absorbed Prices"
"35568",2007-10-01,"2007 October","2nd 40%",292000,"Scss","Absorbed Prices"
"35568",2007-10-01,"2007 October","3rd 60%",328000,"Scss","Absorbed Prices"
"35568",2007-10-01,"2007 October","4th 80%",509000,"Scss","Absorbed Prices"
"35568",2007-10-01,"2007 October","Median",305000,"Scss","Absorbed Prices"
"35568",2007-10-01,"2007 October","Average",380291,"Scss","Absorbed Prices"
"35568",2007-10-01,"2007 October","Units",50,"Scss","Absorbed Prices"
"35568",2007-11-01,"2007 November","1st 20%",245000,"Scss","Absorbed Prices"
"35568",2007-11-01,"2007 November","2nd 40%",270000,"Scss","Absorbed Prices"
"35568",2007-11-01,"2007 November","3rd 60%",290000,"Scss","Absorbed Prices"
"35568",2007-11-01,"2007 November","4th 80%",335000,"Scss","Absorbed Prices"
"35568",2007-11-01,"2007 November","Median",275000,"Scss","Absorbed Prices"
"35568",2007-11-01,"2007 November","Average",319117,"Scss","Absorbed Prices"
"35568",2007-11-01,"2007 November","Units",77,"Scss","Absorbed Prices"
"35568",2007-12-01,"2007 December","1st 20%",260000,"Scss","Absorbed Prices"
"35568",2007-12-01,"2007 December","2nd 40%",295000,"Scss","Absorbed Prices"
"35568",2007-12-01,"2007 December","3rd 60%",330000,"Scss","Absorbed Prices"
"35568",2007-12-01,"2007 December","4th 80%",360000,"Scss","Absorbed Prices"
"35568",2007-12-01,"2007 December","Median",310000,"Scss","Absorbed Prices"
"35568",2007-12-01,"2007 December","Average",345340,"Scss","Absorbed Prices"
"35568",2007-12-01,"2007 December","Units",69,"Scss","Absorbed Prices"
"35568",2008-01-01,"2008 January","1st 20%",240000,"Scss","Absorbed Prices"
"35568",2008-01-01,"2008 January","2nd 40%",270000,"Scss","Absorbed Prices"
"35568",2008-01-01,"2008 January","3rd 60%",3e+05,"Scss","Absorbed Prices"
"35568",2008-01-01,"2008 January","4th 80%",352000,"Scss","Absorbed Prices"
"35568",2008-01-01,"2008 January","Median",285000,"Scss","Absorbed Prices"
"35568",2008-01-01,"2008 January","Average",333667,"Scss","Absorbed Prices"
"35568",2008-01-01,"2008 January","Units",113,"Scss","Absorbed Prices"
"35568",2008-02-01,"2008 February","1st 20%",235000,"Scss","Absorbed Prices"
"35568",2008-02-01,"2008 February","2nd 40%",275000,"Scss","Absorbed Prices"
"35568",2008-02-01,"2008 February","3rd 60%",318000,"Scss","Absorbed Prices"
"35568",2008-02-01,"2008 February","4th 80%",378000,"Scss","Absorbed Prices"
"35568",2008-02-01,"2008 February","Median",290000,"Scss","Absorbed Prices"
"35568",2008-02-01,"2008 February","Average",314354,"Scss","Absorbed Prices"
"35568",2008-02-01,"2008 February","Units",39,"Scss","Absorbed Prices"
"35568",2008-03-01,"2008 March","1st 20%",264000,"Scss","Absorbed Prices"
"35568",2008-03-01,"2008 March","2nd 40%",280000,"Scss","Absorbed Prices"
"35568",2008-03-01,"2008 March","3rd 60%",297000,"Scss","Absorbed Prices"
"35568",2008-03-01,"2008 March","4th 80%",378000,"Scss","Absorbed Prices"
"35568",2008-03-01,"2008 March","Median",287500,"Scss","Absorbed Prices"
"35568",2008-03-01,"2008 March","Average",318542,"Scss","Absorbed Prices"
"35568",2008-03-01,"2008 March","Units",38,"Scss","Absorbed Prices"
"35568",2008-04-01,"2008 April","1st 20%",246000,"Scss","Absorbed Prices"
"35568",2008-04-01,"2008 April","2nd 40%",285000,"Scss","Absorbed Prices"
"35568",2008-04-01,"2008 April","3rd 60%",323000,"Scss","Absorbed Prices"
"35568",2008-04-01,"2008 April","4th 80%",422000,"Scss","Absorbed Prices"
"35568",2008-04-01,"2008 April","Median",307500,"Scss","Absorbed Prices"
"35568",2008-04-01,"2008 April","Average",405280,"Scss","Absorbed Prices"
"35568",2008-04-01,"2008 April","Units",50,"Scss","Absorbed Prices"
"35568",2008-05-01,"2008 May","1st 20%",255000,"Scss","Absorbed Prices"
"35568",2008-05-01,"2008 May","2nd 40%",287000,"Scss","Absorbed Prices"
"35568",2008-05-01,"2008 May","3rd 60%",305000,"Scss","Absorbed Prices"
"35568",2008-05-01,"2008 May","4th 80%",380000,"Scss","Absorbed Prices"
"35568",2008-05-01,"2008 May","Median",295000,"Scss","Absorbed Prices"
"35568",2008-05-01,"2008 May","Average",328596,"Scss","Absorbed Prices"
"35568",2008-05-01,"2008 May","Units",50,"Scss","Absorbed Prices"
"35568",2008-06-01,"2008 June","1st 20%",265000,"Scss","Absorbed Prices"
"35568",2008-06-01,"2008 June","2nd 40%",295000,"Scss","Absorbed Prices"
"35568",2008-06-01,"2008 June","3rd 60%",334000,"Scss","Absorbed Prices"
"35568",2008-06-01,"2008 June","4th 80%",397000,"Scss","Absorbed Prices"
"35568",2008-06-01,"2008 June","Median",307500,"Scss","Absorbed Prices"
"35568",2008-06-01,"2008 June","Average",360096,"Scss","Absorbed Prices"
"35568",2008-06-01,"2008 June","Units",92,"Scss","Absorbed Prices"
"35568",2008-07-01,"2008 July","1st 20%",260000,"Scss","Absorbed Prices"
"35568",2008-07-01,"2008 July","2nd 40%",290000,"Scss","Absorbed Prices"
"35568",2008-07-01,"2008 July","3rd 60%",330000,"Scss","Absorbed Prices"
"35568",2008-07-01,"2008 July","4th 80%",430000,"Scss","Absorbed Prices"
"35568",2008-07-01,"2008 July","Median",305000,"Scss","Absorbed Prices"
"35568",2008-07-01,"2008 July","Average",353188,"Scss","Absorbed Prices"
"35568",2008-07-01,"2008 July","Units",82,"Scss","Absorbed Prices"
"35568",2008-08-01,"2008 August","1st 20%",255000,"Scss","Absorbed Prices"
"35568",2008-08-01,"2008 August","2nd 40%",295000,"Scss","Absorbed Prices"
"35568",2008-08-01,"2008 August","3rd 60%",337000,"Scss","Absorbed Prices"
"35568",2008-08-01,"2008 August","4th 80%",371000,"Scss","Absorbed Prices"
"35568",2008-08-01,"2008 August","Median",310000,"Scss","Absorbed Prices"
"35568",2008-08-01,"2008 August","Average",328256,"Scss","Absorbed Prices"
"35568",2008-08-01,"2008 August","Units",113,"Scss","Absorbed Prices"
"35568",2008-09-01,"2008 September","1st 20%",270000,"Scss","Absorbed Prices"
"35568",2008-09-01,"2008 September","2nd 40%",3e+05,"Scss","Absorbed Prices"
"35568",2008-09-01,"2008 September","3rd 60%",350000,"Scss","Absorbed Prices"
"35568",2008-09-01,"2008 September","4th 80%",410000,"Scss","Absorbed Prices"
"35568",2008-09-01,"2008 September","Median",325000,"Scss","Absorbed Prices"
"35568",2008-09-01,"2008 September","Average",401878,"Scss","Absorbed Prices"
"35568",2008-09-01,"2008 September","Units",105,"Scss","Absorbed Prices"
"35568",2008-10-01,"2008 October","1st 20%",265000,"Scss","Absorbed Prices"
"35568",2008-10-01,"2008 October","2nd 40%",3e+05,"Scss","Absorbed Prices"
"35568",2008-10-01,"2008 October","3rd 60%",330000,"Scss","Absorbed Prices"
"35568",2008-10-01,"2008 October","4th 80%",455000,"Scss","Absorbed Prices"
"35568",2008-10-01,"2008 October","Median",310000,"Scss","Absorbed Prices"
"35568",2008-10-01,"2008 October","Average",365243,"Scss","Absorbed Prices"
"35568",2008-10-01,"2008 October","Units",94,"Scss","Absorbed Prices"
"35568",2008-11-01,"2008 November","1st 20%",290000,"Scss","Absorbed Prices"
"35568",2008-11-01,"2008 November","2nd 40%",310000,"Scss","Absorbed Prices"
"35568",2008-11-01,"2008 November","3rd 60%",380000,"Scss","Absorbed Prices"
"35568",2008-11-01,"2008 November","4th 80%",535000,"Scss","Absorbed Prices"
"35568",2008-11-01,"2008 November","Median",340000,"Scss","Absorbed Prices"
"35568",2008-11-01,"2008 November","Average",396364,"Scss","Absorbed Prices"
"35568",2008-11-01,"2008 November","Units",54,"Scss","Absorbed Prices"
"35568",2008-12-01,"2008 December","1st 20%",283000,"Scss","Absorbed Prices"
"35568",2008-12-01,"2008 December","2nd 40%",310000,"Scss","Absorbed Prices"
"35568",2008-12-01,"2008 December","3rd 60%",389000,"Scss","Absorbed Prices"
"35568",2008-12-01,"2008 December","4th 80%",480000,"Scss","Absorbed Prices"
"35568",2008-12-01,"2008 December","Median",350000,"Scss","Absorbed Prices"
"35568",2008-12-01,"2008 December","Average",381309,"Scss","Absorbed Prices"
"35568",2008-12-01,"2008 December","Units",59,"Scss","Absorbed Prices"
"35568",2009-01-01,"2009 January","1st 20%",260000,"Scss","Absorbed Prices"
"35568",2009-01-01,"2009 January","2nd 40%",295000,"Scss","Absorbed Prices"
"35568",2009-01-01,"2009 January","3rd 60%",340000,"Scss","Absorbed Prices"
"35568",2009-01-01,"2009 January","4th 80%",460000,"Scss","Absorbed Prices"
"35568",2009-01-01,"2009 January","Median",305000,"Scss","Absorbed Prices"
"35568",2009-01-01,"2009 January","Average",349942,"Scss","Absorbed Prices"
"35568",2009-01-01,"2009 January","Units",44,"Scss","Absorbed Prices"
"35568",2009-02-01,"2009 February","1st 20%",268000,"Scss","Absorbed Prices"
"35568",2009-02-01,"2009 February","2nd 40%",305000,"Scss","Absorbed Prices"
"35568",2009-02-01,"2009 February","3rd 60%",320000,"Scss","Absorbed Prices"
"35568",2009-02-01,"2009 February","4th 80%",452000,"Scss","Absorbed Prices"
"35568",2009-02-01,"2009 February","Median",310000,"Scss","Absorbed Prices"
"35568",2009-02-01,"2009 February","Average",352228,"Scss","Absorbed Prices"
"35568",2009-02-01,"2009 February","Units",42,"Scss","Absorbed Prices"
"35568",2009-03-01,"2009 March","1st 20%",282000,"Scss","Absorbed Prices"
"35568",2009-03-01,"2009 March","2nd 40%",3e+05,"Scss","Absorbed Prices"
"35568",2009-03-01,"2009 March","3rd 60%",361000,"Scss","Absorbed Prices"
"35568",2009-03-01,"2009 March","4th 80%",428000,"Scss","Absorbed Prices"
"35568",2009-03-01,"2009 March","Median",342500,"Scss","Absorbed Prices"
"35568",2009-03-01,"2009 March","Average",381592,"Scss","Absorbed Prices"
"35568",2009-03-01,"2009 March","Units",36,"Scss","Absorbed Prices"
"35568",2009-04-01,"2009 April","1st 20%",271000,"Scss","Absorbed Prices"
"35568",2009-04-01,"2009 April","2nd 40%",306000,"Scss","Absorbed Prices"
"35568",2009-04-01,"2009 April","3rd 60%",347000,"Scss","Absorbed Prices"
"35568",2009-04-01,"2009 April","4th 80%",533000,"Scss","Absorbed Prices"
"35568",2009-04-01,"2009 April","Median",325000,"Scss","Absorbed Prices"
"35568",2009-04-01,"2009 April","Average",435359,"Scss","Absorbed Prices"
"35568",2009-04-01,"2009 April","Units",34,"Scss","Absorbed Prices"
"35568",2009-05-01,"2009 May","1st 20%",297000,"Scss","Absorbed Prices"
"35568",2009-05-01,"2009 May","2nd 40%",342000,"Scss","Absorbed Prices"
"35568",2009-05-01,"2009 May","3rd 60%",484000,"Scss","Absorbed Prices"
"35568",2009-05-01,"2009 May","4th 80%",667000,"Scss","Absorbed Prices"
"35568",2009-05-01,"2009 May","Median",390000,"Scss","Absorbed Prices"
"35568",2009-05-01,"2009 May","Average",550830,"Scss","Absorbed Prices"
"35568",2009-05-01,"2009 May","Units",30,"Scss","Absorbed Prices"
"35568",2009-06-01,"2009 June","1st 20%",285000,"Scss","Absorbed Prices"
"35568",2009-06-01,"2009 June","2nd 40%",310000,"Scss","Absorbed Prices"
"35568",2009-06-01,"2009 June","3rd 60%",420000,"Scss","Absorbed Prices"
"35568",2009-06-01,"2009 June","4th 80%",605000,"Scss","Absorbed Prices"
"35568",2009-06-01,"2009 June","Median",340000,"Scss","Absorbed Prices"
"35568",2009-06-01,"2009 June","Average",415899,"Scss","Absorbed Prices"
"35568",2009-06-01,"2009 June","Units",29,"Scss","Absorbed Prices"
"35568",2009-07-01,"2009 July","1st 20%",301000,"Scss","Absorbed Prices"
"35568",2009-07-01,"2009 July","2nd 40%",350000,"Scss","Absorbed Prices"
"35568",2009-07-01,"2009 July","3rd 60%",431000,"Scss","Absorbed Prices"
"35568",2009-07-01,"2009 July","4th 80%",710000,"Scss","Absorbed Prices"
"35568",2009-07-01,"2009 July","Median",390000,"Scss","Absorbed Prices"
"35568",2009-07-01,"2009 July","Average",525375,"Scss","Absorbed Prices"
"35568",2009-07-01,"2009 July","Units",45,"Scss","Absorbed Prices"
"35568",2009-08-01,"2009 August","1st 20%",297000,"Scss","Absorbed Prices"
"35568",2009-08-01,"2009 August","2nd 40%",344000,"Scss","Absorbed Prices"
"35568",2009-08-01,"2009 August","3rd 60%",388000,"Scss","Absorbed Prices"
"35568",2009-08-01,"2009 August","4th 80%",431000,"Scss","Absorbed Prices"
"35568",2009-08-01,"2009 August","Median",355000,"Scss","Absorbed Prices"
"35568",2009-08-01,"2009 August","Average",398404,"Scss","Absorbed Prices"
"35568",2009-08-01,"2009 August","Units",35,"Scss","Absorbed Prices"
"35568",2009-09-01,"2009 September","1st 20%",3e+05,"Scss","Absorbed Prices"
"35568",2009-09-01,"2009 September","2nd 40%",366000,"Scss","Absorbed Prices"
"35568",2009-09-01,"2009 September","3rd 60%",426000,"Scss","Absorbed Prices"
"35568",2009-09-01,"2009 September","4th 80%",644000,"Scss","Absorbed Prices"
"35568",2009-09-01,"2009 September","Median",390000,"Scss","Absorbed Prices"
"35568",2009-09-01,"2009 September","Average",493898,"Scss","Absorbed Prices"
"35568",2009-09-01,"2009 September","Units",27,"Scss","Absorbed Prices"
"35568",2009-10-01,"2009 October","1st 20%",285000,"Scss","Absorbed Prices"
"35568",2009-10-01,"2009 October","2nd 40%",355000,"Scss","Absorbed Prices"
"35568",2009-10-01,"2009 October","3rd 60%",410000,"Scss","Absorbed Prices"
"35568",2009-10-01,"2009 October","4th 80%",594000,"Scss","Absorbed Prices"
"35568",2009-10-01,"2009 October","Median",380000,"Scss","Absorbed Prices"
"35568",2009-10-01,"2009 October","Average",420358,"Scss","Absorbed Prices"
"35568",2009-10-01,"2009 October","Units",41,"Scss","Absorbed Prices"
"35568",2009-11-01,"2009 November","1st 20%",282000,"Scss","Absorbed Prices"
"35568",2009-11-01,"2009 November","2nd 40%",322000,"Scss","Absorbed Prices"
"35568",2009-11-01,"2009 November","3rd 60%",480000,"Scss","Absorbed Prices"
"35568",2009-11-01,"2009 November","4th 80%",601000,"Scss","Absorbed Prices"
"35568",2009-11-01,"2009 November","Median",435000,"Scss","Absorbed Prices"
"35568",2009-11-01,"2009 November","Average",464178,"Scss","Absorbed Prices"
"35568",2009-11-01,"2009 November","Units",25,"Scss","Absorbed Prices"
"35568",2009-12-01,"2009 December","1st 20%",309000,"Scss","Absorbed Prices"
"35568",2009-12-01,"2009 December","2nd 40%",393000,"Scss","Absorbed Prices"
"35568",2009-12-01,"2009 December","3rd 60%",5e+05,"Scss","Absorbed Prices"
"35568",2009-12-01,"2009 December","4th 80%",575000,"Scss","Absorbed Prices"
"35568",2009-12-01,"2009 December","Median",415000,"Scss","Absorbed Prices"
"35568",2009-12-01,"2009 December","Average",438852,"Scss","Absorbed Prices"
"35568",2009-12-01,"2009 December","Units",33,"Scss","Absorbed Prices"
"35568",2010-01-01,"2010 January","1st 20%",3e+05,"Scss","Absorbed Prices"
"35568",2010-01-01,"2010 January","2nd 40%",311000,"Scss","Absorbed Prices"
"35568",2010-01-01,"2010 January","3rd 60%",371000,"Scss","Absorbed Prices"
"35568",2010-01-01,"2010 January","4th 80%",560000,"Scss","Absorbed Prices"
"35568",2010-01-01,"2010 January","Median",347500,"Scss","Absorbed Prices"
"35568",2010-01-01,"2010 January","Average",418210,"Scss","Absorbed Prices"
"35568",2010-01-01,"2010 January","Units",20,"Scss","Absorbed Prices"
"35568",2010-02-01,"2010 February","1st 20%",261000,"Scss","Absorbed Prices"
"35568",2010-02-01,"2010 February","2nd 40%",291000,"Scss","Absorbed Prices"
"35568",2010-02-01,"2010 February","3rd 60%",325000,"Scss","Absorbed Prices"
"35568",2010-02-01,"2010 February","4th 80%",424000,"Scss","Absorbed Prices"
"35568",2010-02-01,"2010 February","Median",307500,"Scss","Absorbed Prices"
"35568",2010-02-01,"2010 February","Average",346280,"Scss","Absorbed Prices"
"35568",2010-02-01,"2010 February","Units",32,"Scss","Absorbed Prices"
"35568",2010-03-01,"2010 March","1st 20%",274000,"Scss","Absorbed Prices"
"35568",2010-03-01,"2010 March","2nd 40%",3e+05,"Scss","Absorbed Prices"
"35568",2010-03-01,"2010 March","3rd 60%",386000,"Scss","Absorbed Prices"
"35568",2010-03-01,"2010 March","4th 80%",424000,"Scss","Absorbed Prices"
"35568",2010-03-01,"2010 March","Median",305000,"Scss","Absorbed Prices"
"35568",2010-03-01,"2010 March","Average",488556,"Scss","Absorbed Prices"
"35568",2010-03-01,"2010 March","Units",36,"Scss","Absorbed Prices"
"35568",2010-04-01,"2010 April","1st 20%",330000,"Scss","Absorbed Prices"
"35568",2010-04-01,"2010 April","2nd 40%",375000,"Scss","Absorbed Prices"
"35568",2010-04-01,"2010 April","3rd 60%",445000,"Scss","Absorbed Prices"
"35568",2010-04-01,"2010 April","4th 80%",610000,"Scss","Absorbed Prices"
"35568",2010-04-01,"2010 April","Median",430000,"Scss","Absorbed Prices"
"35568",2010-04-01,"2010 April","Average",481943,"Scss","Absorbed Prices"
"35568",2010-04-01,"2010 April","Units",26,"Scss","Absorbed Prices"
"35568",2010-05-01,"2010 May","1st 20%",293000,"Scss","Absorbed Prices"
"35568",2010-05-01,"2010 May","2nd 40%",348000,"Scss","Absorbed Prices"
"35568",2010-05-01,"2010 May","3rd 60%",393000,"Scss","Absorbed Prices"
"35568",2010-05-01,"2010 May","4th 80%",441000,"Scss","Absorbed Prices"
"35568",2010-05-01,"2010 May","Median",370000,"Scss","Absorbed Prices"
"35568",2010-05-01,"2010 May","Average",390646,"Scss","Absorbed Prices"
"35568",2010-05-01,"2010 May","Units",37,"Scss","Absorbed Prices"
"35568",2010-06-01,"2010 June","1st 20%",285000,"Scss","Absorbed Prices"
"35568",2010-06-01,"2010 June","2nd 40%",324000,"Scss","Absorbed Prices"
"35568",2010-06-01,"2010 June","3rd 60%",384000,"Scss","Absorbed Prices"
"35568",2010-06-01,"2010 June","4th 80%",482000,"Scss","Absorbed Prices"
"35568",2010-06-01,"2010 June","Median",362500,"Scss","Absorbed Prices"
"35568",2010-06-01,"2010 June","Average",391487,"Scss","Absorbed Prices"
"35568",2010-06-01,"2010 June","Units",28,"Scss","Absorbed Prices"
"35568",2010-07-01,"2010 July","1st 20%",290000,"Scss","Absorbed Prices"
"35568",2010-07-01,"2010 July","2nd 40%",364000,"Scss","Absorbed Prices"
"35568",2010-07-01,"2010 July","3rd 60%",417000,"Scss","Absorbed Prices"
"35568",2010-07-01,"2010 July","4th 80%",513000,"Scss","Absorbed Prices"
"35568",2010-07-01,"2010 July","Median",395000,"Scss","Absorbed Prices"
"35568",2010-07-01,"2010 July","Average",433211,"Scss","Absorbed Prices"
"35568",2010-07-01,"2010 July","Units",51,"Scss","Absorbed Prices"
"35568",2010-08-01,"2010 August","1st 20%",295000,"Scss","Absorbed Prices"
"35568",2010-08-01,"2010 August","2nd 40%",315000,"Scss","Absorbed Prices"
"35568",2010-08-01,"2010 August","3rd 60%",364000,"Scss","Absorbed Prices"
"35568",2010-08-01,"2010 August","4th 80%",442000,"Scss","Absorbed Prices"
"35568",2010-08-01,"2010 August","Median",350000,"Scss","Absorbed Prices"
"35568",2010-08-01,"2010 August","Average",376822,"Scss","Absorbed Prices"
"35568",2010-08-01,"2010 August","Units",57,"Scss","Absorbed Prices"
"35568",2010-09-01,"2010 September","1st 20%",305000,"Scss","Absorbed Prices"
"35568",2010-09-01,"2010 September","2nd 40%",340000,"Scss","Absorbed Prices"
"35568",2010-09-01,"2010 September","3rd 60%",390000,"Scss","Absorbed Prices"
"35568",2010-09-01,"2010 September","4th 80%",447000,"Scss","Absorbed Prices"
"35568",2010-09-01,"2010 September","Median",367500,"Scss","Absorbed Prices"
"35568",2010-09-01,"2010 September","Average",389341,"Scss","Absorbed Prices"
"35568",2010-09-01,"2010 September","Units",52,"Scss","Absorbed Prices"
"35568",2010-10-01,"2010 October","1st 20%",3e+05,"Scss","Absorbed Prices"
"35568",2010-10-01,"2010 October","2nd 40%",362000,"Scss","Absorbed Prices"
"35568",2010-10-01,"2010 October","3rd 60%",430000,"Scss","Absorbed Prices"
"35568",2010-10-01,"2010 October","4th 80%",492000,"Scss","Absorbed Prices"
"35568",2010-10-01,"2010 October","Median",382500,"Scss","Absorbed Prices"
"35568",2010-10-01,"2010 October","Average",436987,"Scss","Absorbed Prices"
"35568",2010-10-01,"2010 October","Units",36,"Scss","Absorbed Prices"
"35568",2010-11-01,"2010 November","1st 20%",305000,"Scss","Absorbed Prices"
"35568",2010-11-01,"2010 November","2nd 40%",344000,"Scss","Absorbed Prices"
"35568",2010-11-01,"2010 November","3rd 60%",393000,"Scss","Absorbed Prices"
"35568",2010-11-01,"2010 November","4th 80%",462000,"Scss","Absorbed Prices"
"35568",2010-11-01,"2010 November","Median",375000,"Scss","Absorbed Prices"
"35568",2010-11-01,"2010 November","Average",386876,"Scss","Absorbed Prices"
"35568",2010-11-01,"2010 November","Units",30,"Scss","Absorbed Prices"
"35568",2010-12-01,"2010 December","1st 20%",307000,"Scss","Absorbed Prices"
"35568",2010-12-01,"2010 December","2nd 40%",350000,"Scss","Absorbed Prices"
"35568",2010-12-01,"2010 December","3rd 60%",380000,"Scss","Absorbed Prices"
"35568",2010-12-01,"2010 December","4th 80%",426000,"Scss","Absorbed Prices"
"35568",2010-12-01,"2010 December","Median",375000,"Scss","Absorbed Prices"
"35568",2010-12-01,"2010 December","Average",371535,"Scss","Absorbed Prices"
"35568",2010-12-01,"2010 December","Units",30,"Scss","Absorbed Prices"
"35568",2011-01-01,"2011 January","1st 20%",301000,"Scss","Absorbed Prices"
"35568",2011-01-01,"2011 January","2nd 40%",318000,"Scss","Absorbed Prices"
"35568",2011-01-01,"2011 January","3rd 60%",346000,"Scss","Absorbed Prices"
"35568",2011-01-01,"2011 January","4th 80%",385000,"Scss","Absorbed Prices"
"35568",2011-01-01,"2011 January","Median",340000,"Scss","Absorbed Prices"
"35568",2011-01-01,"2011 January","Average",351122,"Scss","Absorbed Prices"
"35568",2011-01-01,"2011 January","Units",25,"Scss","Absorbed Prices"
"35568",2011-02-01,"2011 February","1st 20%",3e+05,"Scss","Absorbed Prices"
"35568",2011-02-01,"2011 February","2nd 40%",330000,"Scss","Absorbed Prices"
"35568",2011-02-01,"2011 February","3rd 60%",359000,"Scss","Absorbed Prices"
"35568",2011-02-01,"2011 February","4th 80%",410000,"Scss","Absorbed Prices"
"35568",2011-02-01,"2011 February","Median",332500,"Scss","Absorbed Prices"
"35568",2011-02-01,"2011 February","Average",398036,"Scss","Absorbed Prices"
"35568",2011-02-01,"2011 February","Units",42,"Scss","Absorbed Prices"
"35568",2011-03-01,"2011 March","1st 20%",291000,"Scss","Absorbed Prices"
"35568",2011-03-01,"2011 March","2nd 40%",321000,"Scss","Absorbed Prices"
"35568",2011-03-01,"2011 March","3rd 60%",357000,"Scss","Absorbed Prices"
"35568",2011-03-01,"2011 March","4th 80%",496000,"Scss","Absorbed Prices"
"35568",2011-03-01,"2011 March","Median",330000,"Scss","Absorbed Prices"
"35568",2011-03-01,"2011 March","Average",412871,"Scss","Absorbed Prices"
"35568",2011-03-01,"2011 March","Units",27,"Scss","Absorbed Prices"
"35568",2011-04-01,"2011 April","1st 20%",318000,"Scss","Absorbed Prices"
"35568",2011-04-01,"2011 April","2nd 40%",378000,"Scss","Absorbed Prices"
"35568",2011-04-01,"2011 April","3rd 60%",417000,"Scss","Absorbed Prices"
"35568",2011-04-01,"2011 April","4th 80%",446000,"Scss","Absorbed Prices"
"35568",2011-04-01,"2011 April","Median",390000,"Scss","Absorbed Prices"
"35568",2011-04-01,"2011 April","Average",406749,"Scss","Absorbed Prices"
"35568",2011-04-01,"2011 April","Units",38,"Scss","Absorbed Prices"
"35568",2011-05-01,"2011 May","1st 20%",225000,"Scss","Absorbed Prices"
"35568",2011-05-01,"2011 May","2nd 40%",330000,"Scss","Absorbed Prices"
"35568",2011-05-01,"2011 May","3rd 60%",360000,"Scss","Absorbed Prices"
"35568",2011-05-01,"2011 May","4th 80%",440000,"Scss","Absorbed Prices"
"35568",2011-05-01,"2011 May","Median",347500,"Scss","Absorbed Prices"
"35568",2011-05-01,"2011 May","Average",397959,"Scss","Absorbed Prices"
"35568",2011-05-01,"2011 May","Units",34,"Scss","Absorbed Prices"
"35568",2011-06-01,"2011 June","1st 20%",322000,"Scss","Absorbed Prices"
"35568",2011-06-01,"2011 June","2nd 40%",392000,"Scss","Absorbed Prices"
"35568",2011-06-01,"2011 June","3rd 60%",468000,"Scss","Absorbed Prices"
"35568",2011-06-01,"2011 June","4th 80%",588000,"Scss","Absorbed Prices"
"35568",2011-06-01,"2011 June","Median",440000,"Scss","Absorbed Prices"
"35568",2011-06-01,"2011 June","Average",495963,"Scss","Absorbed Prices"
"35568",2011-06-01,"2011 June","Units",35,"Scss","Absorbed Prices"
"35568",2011-07-01,"2011 July","1st 20%",315000,"Scss","Absorbed Prices"
"35568",2011-07-01,"2011 July","2nd 40%",335000,"Scss","Absorbed Prices"
"35568",2011-07-01,"2011 July","3rd 60%",375000,"Scss","Absorbed Prices"
"35568",2011-07-01,"2011 July","4th 80%",525000,"Scss","Absorbed Prices"
"35568",2011-07-01,"2011 July","Median",372500,"Scss","Absorbed Prices"
"35568",2011-07-01,"2011 July","Average",445574,"Scss","Absorbed Prices"
"35568",2011-07-01,"2011 July","Units",34,"Scss","Absorbed Prices"
"35568",2011-08-01,"2011 August","1st 20%",330000,"Scss","Absorbed Prices"
"35568",2011-08-01,"2011 August","2nd 40%",357000,"Scss","Absorbed Prices"
"35568",2011-08-01,"2011 August","3rd 60%",385000,"Scss","Absorbed Prices"
"35568",2011-08-01,"2011 August","4th 80%",433000,"Scss","Absorbed Prices"
"35568",2011-08-01,"2011 August","Median",370000,"Scss","Absorbed Prices"
"35568",2011-08-01,"2011 August","Average",394466,"Scss","Absorbed Prices"
"35568",2011-08-01,"2011 August","Units",40,"Scss","Absorbed Prices"
"35568",2011-09-01,"2011 September","1st 20%",321000,"Scss","Absorbed Prices"
"35568",2011-09-01,"2011 September","2nd 40%",360000,"Scss","Absorbed Prices"
"35568",2011-09-01,"2011 September","3rd 60%",398000,"Scss","Absorbed Prices"
"35568",2011-09-01,"2011 September","4th 80%",503000,"Scss","Absorbed Prices"
"35568",2011-09-01,"2011 September","Median",377500,"Scss","Absorbed Prices"
"35568",2011-09-01,"2011 September","Average",519725,"Scss","Absorbed Prices"
"35568",2011-09-01,"2011 September","Units",40,"Scss","Absorbed Prices"
"35568",2011-10-01,"2011 October","1st 20%",290000,"Scss","Absorbed Prices"
"35568",2011-10-01,"2011 October","2nd 40%",340000,"Scss","Absorbed Prices"
"35568",2011-10-01,"2011 October","3rd 60%",370000,"Scss","Absorbed Prices"
"35568",2011-10-01,"2011 October","4th 80%",485000,"Scss","Absorbed Prices"
"35568",2011-10-01,"2011 October","Median",365000,"Scss","Absorbed Prices"
"35568",2011-10-01,"2011 October","Average",382942,"Scss","Absorbed Prices"
"35568",2011-10-01,"2011 October","Units",39,"Scss","Absorbed Prices"
"35568",2011-11-01,"2011 November","1st 20%",3e+05,"Scss","Absorbed Prices"
"35568",2011-11-01,"2011 November","2nd 40%",345000,"Scss","Absorbed Prices"
"35568",2011-11-01,"2011 November","3rd 60%",385000,"Scss","Absorbed Prices"
"35568",2011-11-01,"2011 November","4th 80%",450000,"Scss","Absorbed Prices"
"35568",2011-11-01,"2011 November","Median",365000,"Scss","Absorbed Prices"
"35568",2011-11-01,"2011 November","Average",380567,"Scss","Absorbed Prices"
"35568",2011-11-01,"2011 November","Units",44,"Scss","Absorbed Prices"
"35568",2011-12-01,"2011 December","1st 20%",285000,"Scss","Absorbed Prices"
"35568",2011-12-01,"2011 December","2nd 40%",350000,"Scss","Absorbed Prices"
"35568",2011-12-01,"2011 December","3rd 60%",392000,"Scss","Absorbed Prices"
"35568",2011-12-01,"2011 December","4th 80%",497000,"Scss","Absorbed Prices"
"35568",2011-12-01,"2011 December","Median",365000,"Scss","Absorbed Prices"
"35568",2011-12-01,"2011 December","Average",408361,"Scss","Absorbed Prices"
"35568",2011-12-01,"2011 December","Units",37,"Scss","Absorbed Prices"
"35568",2012-01-01,"2012 January","1st 20%",325000,"Scss","Absorbed Prices"
"35568",2012-01-01,"2012 January","2nd 40%",382000,"Scss","Absorbed Prices"
"35568",2012-01-01,"2012 January","3rd 60%",412000,"Scss","Absorbed Prices"
"35568",2012-01-01,"2012 January","4th 80%",597000,"Scss","Absorbed Prices"
"35568",2012-01-01,"2012 January","Median",390000,"Scss","Absorbed Prices"
"35568",2012-01-01,"2012 January","Average",453229,"Scss","Absorbed Prices"
"35568",2012-01-01,"2012 January","Units",34,"Scss","Absorbed Prices"
"35568",2012-02-01,"2012 February","1st 20%",340000,"Scss","Absorbed Prices"
"35568",2012-02-01,"2012 February","2nd 40%",374000,"Scss","Absorbed Prices"
"35568",2012-02-01,"2012 February","3rd 60%",430000,"Scss","Absorbed Prices"
"35568",2012-02-01,"2012 February","4th 80%",484000,"Scss","Absorbed Prices"
"35568",2012-02-01,"2012 February","Median",407500,"Scss","Absorbed Prices"
"35568",2012-02-01,"2012 February","Average",410842,"Scss","Absorbed Prices"
"35568",2012-02-01,"2012 February","Units",20,"Scss","Absorbed Prices"
"35568",2012-03-01,"2012 March","1st 20%",325000,"Scss","Absorbed Prices"
"35568",2012-03-01,"2012 March","2nd 40%",362000,"Scss","Absorbed Prices"
"35568",2012-03-01,"2012 March","3rd 60%",403000,"Scss","Absorbed Prices"
"35568",2012-03-01,"2012 March","4th 80%",516000,"Scss","Absorbed Prices"
"35568",2012-03-01,"2012 March","Median",370000,"Scss","Absorbed Prices"
"35568",2012-03-01,"2012 March","Average",413957,"Scss","Absorbed Prices"
"35568",2012-03-01,"2012 March","Units",25,"Scss","Absorbed Prices"
"35568",2012-04-01,"2012 April","1st 20%",314000,"Scss","Absorbed Prices"
"35568",2012-04-01,"2012 April","2nd 40%",330000,"Scss","Absorbed Prices"
"35568",2012-04-01,"2012 April","3rd 60%",370000,"Scss","Absorbed Prices"
"35568",2012-04-01,"2012 April","4th 80%",482000,"Scss","Absorbed Prices"
"35568",2012-04-01,"2012 April","Median",335000,"Scss","Absorbed Prices"
"35568",2012-04-01,"2012 April","Average",382245,"Scss","Absorbed Prices"
"35568",2012-04-01,"2012 April","Units",21,"Scss","Absorbed Prices"
"35568",2012-05-01,"2012 May","1st 20%",325000,"Scss","Absorbed Prices"
"35568",2012-05-01,"2012 May","2nd 40%",375000,"Scss","Absorbed Prices"
"35568",2012-05-01,"2012 May","3rd 60%",425000,"Scss","Absorbed Prices"
"35568",2012-05-01,"2012 May","4th 80%",830000,"Scss","Absorbed Prices"
"35568",2012-05-01,"2012 May","Median",380000,"Scss","Absorbed Prices"
"35568",2012-05-01,"2012 May","Average",497170,"Scss","Absorbed Prices"
"35568",2012-05-01,"2012 May","Units",14,"Scss","Absorbed Prices"
"35568",2012-06-01,"2012 June","1st 20%",319000,"Scss","Absorbed Prices"
"35568",2012-06-01,"2012 June","2nd 40%",350000,"Scss","Absorbed Prices"
"35568",2012-06-01,"2012 June","3rd 60%",382000,"Scss","Absorbed Prices"
"35568",2012-06-01,"2012 June","4th 80%",472000,"Scss","Absorbed Prices"
"35568",2012-06-01,"2012 June","Median",367500,"Scss","Absorbed Prices"
"35568",2012-06-01,"2012 June","Average",439437,"Scss","Absorbed Prices"
"35568",2012-06-01,"2012 June","Units",28,"Scss","Absorbed Prices"
"35568",2012-07-01,"2012 July","1st 20%",313000,"Scss","Absorbed Prices"
"35568",2012-07-01,"2012 July","2nd 40%",337000,"Scss","Absorbed Prices"
"35568",2012-07-01,"2012 July","3rd 60%",363000,"Scss","Absorbed Prices"
"35568",2012-07-01,"2012 July","4th 80%",420000,"Scss","Absorbed Prices"
"35568",2012-07-01,"2012 July","Median",355000,"Scss","Absorbed Prices"
"35568",2012-07-01,"2012 July","Average",370259,"Scss","Absorbed Prices"
"35568",2012-07-01,"2012 July","Units",30,"Scss","Absorbed Prices"
"35568",2012-08-01,"2012 August","1st 20%",308000,"Scss","Absorbed Prices"
"35568",2012-08-01,"2012 August","2nd 40%",341000,"Scss","Absorbed Prices"
"35568",2012-08-01,"2012 August","3rd 60%",384000,"Scss","Absorbed Prices"
"35568",2012-08-01,"2012 August","4th 80%",609000,"Scss","Absorbed Prices"
"35568",2012-08-01,"2012 August","Median",365000,"Scss","Absorbed Prices"
"35568",2012-08-01,"2012 August","Average",418488,"Scss","Absorbed Prices"
"35568",2012-08-01,"2012 August","Units",32,"Scss","Absorbed Prices"
"35568",2012-09-01,"2012 September","1st 20%",325000,"Scss","Absorbed Prices"
"35568",2012-09-01,"2012 September","2nd 40%",343000,"Scss","Absorbed Prices"
"35568",2012-09-01,"2012 September","3rd 60%",361000,"Scss","Absorbed Prices"
"35568",2012-09-01,"2012 September","4th 80%",462000,"Scss","Absorbed Prices"
"35568",2012-09-01,"2012 September","Median",350000,"Scss","Absorbed Prices"
"35568",2012-09-01,"2012 September","Average",390651,"Scss","Absorbed Prices"
"35568",2012-09-01,"2012 September","Units",36,"Scss","Absorbed Prices"
"35568",2012-10-01,"2012 October","1st 20%",308000,"Scss","Absorbed Prices"
"35568",2012-10-01,"2012 October","2nd 40%",329000,"Scss","Absorbed Prices"
"35568",2012-10-01,"2012 October","3rd 60%",360000,"Scss","Absorbed Prices"
"35568",2012-10-01,"2012 October","4th 80%",516000,"Scss","Absorbed Prices"
"35568",2012-10-01,"2012 October","Median",350000,"Scss","Absorbed Prices"
"35568",2012-10-01,"2012 October","Average",399112,"Scss","Absorbed Prices"
"35568",2012-10-01,"2012 October","Units",22,"Scss","Absorbed Prices"
"35568",2012-11-01,"2012 November","1st 20%",309000,"Scss","Absorbed Prices"
"35568",2012-11-01,"2012 November","2nd 40%",390000,"Scss","Absorbed Prices"
"35568",2012-11-01,"2012 November","3rd 60%",418000,"Scss","Absorbed Prices"
"35568",2012-11-01,"2012 November","4th 80%",502000,"Scss","Absorbed Prices"
"35568",2012-11-01,"2012 November","Median",4e+05,"Scss","Absorbed Prices"
"35568",2012-11-01,"2012 November","Average",461457,"Scss","Absorbed Prices"
"35568",2012-11-01,"2012 November","Units",33,"Scss","Absorbed Prices"
"35568",2012-12-01,"2012 December","1st 20%",3e+05,"Scss","Absorbed Prices"
"35568",2012-12-01,"2012 December","2nd 40%",365000,"Scss","Absorbed Prices"
"35568",2012-12-01,"2012 December","3rd 60%",390000,"Scss","Absorbed Prices"
"35568",2012-12-01,"2012 December","4th 80%",450000,"Scss","Absorbed Prices"
"35568",2012-12-01,"2012 December","Median",380000,"Scss","Absorbed Prices"
"35568",2012-12-01,"2012 December","Average",448469,"Scss","Absorbed Prices"
"35568",2012-12-01,"2012 December","Units",79,"Scss","Absorbed Prices"
"35568",2013-01-01,"2013 January","1st 20%",312000,"Scss","Absorbed Prices"
"35568",2013-01-01,"2013 January","2nd 40%",350000,"Scss","Absorbed Prices"
"35568",2013-01-01,"2013 January","3rd 60%",386000,"Scss","Absorbed Prices"
"35568",2013-01-01,"2013 January","4th 80%",459000,"Scss","Absorbed Prices"
"35568",2013-01-01,"2013 January","Median",365000,"Scss","Absorbed Prices"
"35568",2013-01-01,"2013 January","Average",417262,"Scss","Absorbed Prices"
"35568",2013-01-01,"2013 January","Units",110,"Scss","Absorbed Prices"
"35568",2013-02-01,"2013 February","1st 20%",302000,"Scss","Absorbed Prices"
"35568",2013-02-01,"2013 February","2nd 40%",330000,"Scss","Absorbed Prices"
"35568",2013-02-01,"2013 February","3rd 60%",411000,"Scss","Absorbed Prices"
"35568",2013-02-01,"2013 February","4th 80%",463000,"Scss","Absorbed Prices"
"35568",2013-02-01,"2013 February","Median",377500,"Scss","Absorbed Prices"
"35568",2013-02-01,"2013 February","Average",446245,"Scss","Absorbed Prices"
"35568",2013-02-01,"2013 February","Units",26,"Scss","Absorbed Prices"
"35568",2013-03-01,"2013 March","1st 20%",323000,"Scss","Absorbed Prices"
"35568",2013-03-01,"2013 March","2nd 40%",365000,"Scss","Absorbed Prices"
"35568",2013-03-01,"2013 March","3rd 60%",380000,"Scss","Absorbed Prices"
"35568",2013-03-01,"2013 March","4th 80%",4e+05,"Scss","Absorbed Prices"
"35568",2013-03-01,"2013 March","Median",377500,"Scss","Absorbed Prices"
"35568",2013-03-01,"2013 March","Average",386438,"Scss","Absorbed Prices"
"35568",2013-03-01,"2013 March","Units",54,"Scss","Absorbed Prices"
"35568",2013-04-01,"2013 April","1st 20%",299000,"Scss","Absorbed Prices"
"35568",2013-04-01,"2013 April","2nd 40%",369000,"Scss","Absorbed Prices"
"35568",2013-04-01,"2013 April","3rd 60%",407000,"Scss","Absorbed Prices"
"35568",2013-04-01,"2013 April","4th 80%",714000,"Scss","Absorbed Prices"
"35568",2013-04-01,"2013 April","Median",390000,"Scss","Absorbed Prices"
"35568",2013-04-01,"2013 April","Average",486330,"Scss","Absorbed Prices"
"35568",2013-04-01,"2013 April","Units",26,"Scss","Absorbed Prices"
"35568",2013-05-01,"2013 May","1st 20%",342000,"Scss","Absorbed Prices"
"35568",2013-05-01,"2013 May","2nd 40%",388000,"Scss","Absorbed Prices"
"35568",2013-05-01,"2013 May","3rd 60%",603000,"Scss","Absorbed Prices"
"35568",2013-05-01,"2013 May","4th 80%",852000,"Scss","Absorbed Prices"
"35568",2013-05-01,"2013 May","Median",447500,"Scss","Absorbed Prices"
"35568",2013-05-01,"2013 May","Average",577149,"Scss","Absorbed Prices"
"35568",2013-05-01,"2013 May","Units",13,"Scss","Absorbed Prices"
"35568",2013-06-01,"2013 June","1st 20%",336000,"Scss","Absorbed Prices"
"35568",2013-06-01,"2013 June","2nd 40%",371000,"Scss","Absorbed Prices"
"35568",2013-06-01,"2013 June","3rd 60%",428000,"Scss","Absorbed Prices"
"35568",2013-06-01,"2013 June","4th 80%",743000,"Scss","Absorbed Prices"
"35568",2013-06-01,"2013 June","Median",387500,"Scss","Absorbed Prices"
"35568",2013-06-01,"2013 June","Average",491120,"Scss","Absorbed Prices"
"35568",2013-06-01,"2013 June","Units",49,"Scss","Absorbed Prices"
"35568",2013-07-01,"2013 July","1st 20%",345000,"Scss","Absorbed Prices"
"35568",2013-07-01,"2013 July","2nd 40%",412000,"Scss","Absorbed Prices"
"35568",2013-07-01,"2013 July","3rd 60%",476000,"Scss","Absorbed Prices"
"35568",2013-07-01,"2013 July","4th 80%",675000,"Scss","Absorbed Prices"
"35568",2013-07-01,"2013 July","Median",445000,"Scss","Absorbed Prices"
"35568",2013-07-01,"2013 July","Average",564144,"Scss","Absorbed Prices"
"35568",2013-07-01,"2013 July","Units",55,"Scss","Absorbed Prices"
"35568",2013-08-01,"2013 August","1st 20%",365000,"Scss","Absorbed Prices"
"35568",2013-08-01,"2013 August","2nd 40%",4e+05,"Scss","Absorbed Prices"
"35568",2013-08-01,"2013 August","3rd 60%",456000,"Scss","Absorbed Prices"
"35568",2013-08-01,"2013 August","4th 80%",540000,"Scss","Absorbed Prices"
"35568",2013-08-01,"2013 August","Median",420000,"Scss","Absorbed Prices"
"35568",2013-08-01,"2013 August","Average",488730,"Scss","Absorbed Prices"
"35568",2013-08-01,"2013 August","Units",61,"Scss","Absorbed Prices"
"35568",2013-09-01,"2013 September","1st 20%",325000,"Scss","Absorbed Prices"
"35568",2013-09-01,"2013 September","2nd 40%",380000,"Scss","Absorbed Prices"
"35568",2013-09-01,"2013 September","3rd 60%",414000,"Scss","Absorbed Prices"
"35568",2013-09-01,"2013 September","4th 80%",485000,"Scss","Absorbed Prices"
"35568",2013-09-01,"2013 September","Median",4e+05,"Scss","Absorbed Prices"
"35568",2013-09-01,"2013 September","Average",459687,"Scss","Absorbed Prices"
"35568",2013-09-01,"2013 September","Units",57,"Scss","Absorbed Prices"
"35568",2013-10-01,"2013 October","1st 20%",345000,"Scss","Absorbed Prices"
"35568",2013-10-01,"2013 October","2nd 40%",386000,"Scss","Absorbed Prices"
"35568",2013-10-01,"2013 October","3rd 60%",423000,"Scss","Absorbed Prices"
"35568",2013-10-01,"2013 October","4th 80%",485000,"Scss","Absorbed Prices"
"35568",2013-10-01,"2013 October","Median",405000,"Scss","Absorbed Prices"
"35568",2013-10-01,"2013 October","Average",447979,"Scss","Absorbed Prices"
"35568",2013-10-01,"2013 October","Units",32,"Scss","Absorbed Prices"
"35568",2013-11-01,"2013 November","1st 20%",330000,"Scss","Absorbed Prices"
"35568",2013-11-01,"2013 November","2nd 40%",392000,"Scss","Absorbed Prices"
"35568",2013-11-01,"2013 November","3rd 60%",425000,"Scss","Absorbed Prices"
"35568",2013-11-01,"2013 November","4th 80%",480000,"Scss","Absorbed Prices"
"35568",2013-11-01,"2013 November","Median",415000,"Scss","Absorbed Prices"
"35568",2013-11-01,"2013 November","Average",441939,"Scss","Absorbed Prices"
"35568",2013-11-01,"2013 November","Units",50,"Scss","Absorbed Prices"
"35568",2013-12-01,"2013 December","1st 20%",340000,"Scss","Absorbed Prices"
"35568",2013-12-01,"2013 December","2nd 40%",375000,"Scss","Absorbed Prices"
"35568",2013-12-01,"2013 December","3rd 60%",4e+05,"Scss","Absorbed Prices"
"35568",2013-12-01,"2013 December","4th 80%",420000,"Scss","Absorbed Prices"
"35568",2013-12-01,"2013 December","Median",387500,"Scss","Absorbed Prices"
"35568",2013-12-01,"2013 December","Average",399336,"Scss","Absorbed Prices"
"35568",2013-12-01,"2013 December","Units",64,"Scss","Absorbed Prices"
"35568",2014-01-01,"2014 January","1st 20%",308000,"Scss","Absorbed Prices"
"35568",2014-01-01,"2014 January","2nd 40%",360000,"Scss","Absorbed Prices"
"35568",2014-01-01,"2014 January","3rd 60%",390000,"Scss","Absorbed Prices"
"35568",2014-01-01,"2014 January","4th 80%",455000,"Scss","Absorbed Prices"
"35568",2014-01-01,"2014 January","Median",382500,"Scss","Absorbed Prices"
"35568",2014-01-01,"2014 January","Average",431493,"Scss","Absorbed Prices"
"35568",2014-01-01,"2014 January","Units",30,"Scss","Absorbed Prices"
"35568",2014-02-01,"2014 February","1st 20%",348000,"Scss","Absorbed Prices"
"35568",2014-02-01,"2014 February","2nd 40%",401000,"Scss","Absorbed Prices"
"35568",2014-02-01,"2014 February","3rd 60%",450000,"Scss","Absorbed Prices"
"35568",2014-02-01,"2014 February","4th 80%",487000,"Scss","Absorbed Prices"
"35568",2014-02-01,"2014 February","Median",430000,"Scss","Absorbed Prices"
"35568",2014-02-01,"2014 February","Average",448068,"Scss","Absorbed Prices"
"35568",2014-02-01,"2014 February","Units",67,"Scss","Absorbed Prices"
"35568",2014-03-01,"2014 March","1st 20%",350000,"Scss","Absorbed Prices"
"35568",2014-03-01,"2014 March","2nd 40%",370000,"Scss","Absorbed Prices"
"35568",2014-03-01,"2014 March","3rd 60%",396000,"Scss","Absorbed Prices"
"35568",2014-03-01,"2014 March","4th 80%",517000,"Scss","Absorbed Prices"
"35568",2014-03-01,"2014 March","Median",380000,"Scss","Absorbed Prices"
"35568",2014-03-01,"2014 March","Average",451955,"Scss","Absorbed Prices"
"35568",2014-03-01,"2014 March","Units",45,"Scss","Absorbed Prices"
"35568",2014-04-01,"2014 April","1st 20%",345000,"Scss","Absorbed Prices"
"35568",2014-04-01,"2014 April","2nd 40%",386000,"Scss","Absorbed Prices"
"35568",2014-04-01,"2014 April","3rd 60%",420000,"Scss","Absorbed Prices"
"35568",2014-04-01,"2014 April","4th 80%",457000,"Scss","Absorbed Prices"
"35568",2014-04-01,"2014 April","Median",405000,"Scss","Absorbed Prices"
"35568",2014-04-01,"2014 April","Average",430776,"Scss","Absorbed Prices"
"35568",2014-04-01,"2014 April","Units",67,"Scss","Absorbed Prices"
"35568",2014-05-01,"2014 May","1st 20%",345000,"Scss","Absorbed Prices"
"35568",2014-05-01,"2014 May","2nd 40%",365000,"Scss","Absorbed Prices"
"35568",2014-05-01,"2014 May","3rd 60%",415000,"Scss","Absorbed Prices"
"35568",2014-05-01,"2014 May","4th 80%",450000,"Scss","Absorbed Prices"
"35568",2014-05-01,"2014 May","Median",395000,"Scss","Absorbed Prices"
"35568",2014-05-01,"2014 May","Average",412324,"Scss","Absorbed Prices"
"35568",2014-05-01,"2014 May","Units",52,"Scss","Absorbed Prices"
"35568",2014-06-01,"2014 June","1st 20%",340000,"Scss","Absorbed Prices"
"35568",2014-06-01,"2014 June","2nd 40%",395000,"Scss","Absorbed Prices"
"35568",2014-06-01,"2014 June","3rd 60%",420000,"Scss","Absorbed Prices"
"35568",2014-06-01,"2014 June","4th 80%",460000,"Scss","Absorbed Prices"
"35568",2014-06-01,"2014 June","Median",410000,"Scss","Absorbed Prices"
"35568",2014-06-01,"2014 June","Average",424640,"Scss","Absorbed Prices"
"35568",2014-06-01,"2014 June","Units",49,"Scss","Absorbed Prices"
"35568",2014-07-01,"2014 July","1st 20%",393000,"Scss","Absorbed Prices"
"35568",2014-07-01,"2014 July","2nd 40%",422000,"Scss","Absorbed Prices"
"35568",2014-07-01,"2014 July","3rd 60%",526000,"Scss","Absorbed Prices"
"35568",2014-07-01,"2014 July","4th 80%",698000,"Scss","Absorbed Prices"
"35568",2014-07-01,"2014 July","Median",450000,"Scss","Absorbed Prices"
"35568",2014-07-01,"2014 July","Average",526784,"Scss","Absorbed Prices"
"35568",2014-07-01,"2014 July","Units",47,"Scss","Absorbed Prices"
"35568",2014-08-01,"2014 August","1st 20%",407000,"Scss","Absorbed Prices"
"35568",2014-08-01,"2014 August","2nd 40%",441000,"Scss","Absorbed Prices"
"35568",2014-08-01,"2014 August","3rd 60%",488000,"Scss","Absorbed Prices"
"35568",2014-08-01,"2014 August","4th 80%",580000,"Scss","Absorbed Prices"
"35568",2014-08-01,"2014 August","Median",467500,"Scss","Absorbed Prices"
"35568",2014-08-01,"2014 August","Average",500035,"Scss","Absorbed Prices"
"35568",2014-08-01,"2014 August","Units",30,"Scss","Absorbed Prices"
"35568",2014-09-01,"2014 September","1st 20%",343000,"Scss","Absorbed Prices"
"35568",2014-09-01,"2014 September","2nd 40%",388000,"Scss","Absorbed Prices"
"35568",2014-09-01,"2014 September","3rd 60%",420000,"Scss","Absorbed Prices"
"35568",2014-09-01,"2014 September","4th 80%",461000,"Scss","Absorbed Prices"
"35568",2014-09-01,"2014 September","Median",410000,"Scss","Absorbed Prices"
"35568",2014-09-01,"2014 September","Average",424740,"Scss","Absorbed Prices"
"35568",2014-09-01,"2014 September","Units",53,"Scss","Absorbed Prices"
"35568",2014-10-01,"2014 October","1st 20%",330000,"Scss","Absorbed Prices"
"35568",2014-10-01,"2014 October","2nd 40%",390000,"Scss","Absorbed Prices"
"35568",2014-10-01,"2014 October","3rd 60%",410000,"Scss","Absorbed Prices"
"35568",2014-10-01,"2014 October","4th 80%",460000,"Scss","Absorbed Prices"
"35568",2014-10-01,"2014 October","Median",4e+05,"Scss","Absorbed Prices"
"35568",2014-10-01,"2014 October","Average",427838,"Scss","Absorbed Prices"
"35568",2014-10-01,"2014 October","Units",59,"Scss","Absorbed Prices"
"35568",2014-11-01,"2014 November","1st 20%",320000,"Scss","Absorbed Prices"
"35568",2014-11-01,"2014 November","2nd 40%",407000,"Scss","Absorbed Prices"
"35568",2014-11-01,"2014 November","3rd 60%",450000,"Scss","Absorbed Prices"
"35568",2014-11-01,"2014 November","4th 80%",611000,"Scss","Absorbed Prices"
"35568",2014-11-01,"2014 November","Median",435000,"Scss","Absorbed Prices"
"35568",2014-11-01,"2014 November","Average",488181,"Scss","Absorbed Prices"
"35568",2014-11-01,"2014 November","Units",25,"Scss","Absorbed Prices"
"35568",2014-12-01,"2014 December","1st 20%",381000,"Scss","Absorbed Prices"
"35568",2014-12-01,"2014 December","2nd 40%",443000,"Scss","Absorbed Prices"
"35568",2014-12-01,"2014 December","3rd 60%",495000,"Scss","Absorbed Prices"
"35568",2014-12-01,"2014 December","4th 80%",634000,"Scss","Absorbed Prices"
"35568",2014-12-01,"2014 December","Median",475000,"Scss","Absorbed Prices"
"35568",2014-12-01,"2014 December","Average",531523,"Scss","Absorbed Prices"
"35568",2014-12-01,"2014 December","Units",31,"Scss","Absorbed Prices"
"35568",2015-01-01,"2015 January","1st 20%",345000,"Scss","Absorbed Prices"
"35568",2015-01-01,"2015 January","2nd 40%",380000,"Scss","Absorbed Prices"
"35568",2015-01-01,"2015 January","3rd 60%",430000,"Scss","Absorbed Prices"
"35568",2015-01-01,"2015 January","4th 80%",545000,"Scss","Absorbed Prices"
"35568",2015-01-01,"2015 January","Median",410000,"Scss","Absorbed Prices"
"35568",2015-01-01,"2015 January","Average",460397,"Scss","Absorbed Prices"
"35568",2015-01-01,"2015 January","Units",29,"Scss","Absorbed Prices"
"35568",2015-02-01,"2015 February","1st 20%",349000,"Scss","Absorbed Prices"
"35568",2015-02-01,"2015 February","2nd 40%",395000,"Scss","Absorbed Prices"
"35568",2015-02-01,"2015 February","3rd 60%",547000,"Scss","Absorbed Prices"
"35568",2015-02-01,"2015 February","4th 80%",631000,"Scss","Absorbed Prices"
"35568",2015-02-01,"2015 February","Median",460000,"Scss","Absorbed Prices"
"35568",2015-02-01,"2015 February","Average",482548,"Scss","Absorbed Prices"
"35568",2015-02-01,"2015 February","Units",43,"Scss","Absorbed Prices"
"35568",2015-03-01,"2015 March","1st 20%",354000,"Scss","Absorbed Prices"
"35568",2015-03-01,"2015 March","2nd 40%",373000,"Scss","Absorbed Prices"
"35568",2015-03-01,"2015 March","3rd 60%",446000,"Scss","Absorbed Prices"
"35568",2015-03-01,"2015 March","4th 80%",495000,"Scss","Absorbed Prices"
"35568",2015-03-01,"2015 March","Median",427500,"Scss","Absorbed Prices"
"35568",2015-03-01,"2015 March","Average",445988,"Scss","Absorbed Prices"
"35568",2015-03-01,"2015 March","Units",28,"Scss","Absorbed Prices"
"35568",2015-04-01,"2015 April","1st 20%",402000,"Scss","Absorbed Prices"
"35568",2015-04-01,"2015 April","2nd 40%",463000,"Scss","Absorbed Prices"
"35568",2015-04-01,"2015 April","3rd 60%",586000,"Scss","Absorbed Prices"
"35568",2015-04-01,"2015 April","4th 80%",661000,"Scss","Absorbed Prices"
"35568",2015-04-01,"2015 April","Median",552500,"Scss","Absorbed Prices"
"35568",2015-04-01,"2015 April","Average",545126,"Scss","Absorbed Prices"
"35568",2015-04-01,"2015 April","Units",36,"Scss","Absorbed Prices"
"35568",2015-05-01,"2015 May","1st 20%",392000,"Scss","Absorbed Prices"
"35568",2015-05-01,"2015 May","2nd 40%",560000,"Scss","Absorbed Prices"
"35568",2015-05-01,"2015 May","3rd 60%",630000,"Scss","Absorbed Prices"
"35568",2015-05-01,"2015 May","4th 80%",685000,"Scss","Absorbed Prices"
"35568",2015-05-01,"2015 May","Median",610000,"Scss","Absorbed Prices"
"35568",2015-05-01,"2015 May","Average",562457,"Scss","Absorbed Prices"
"35568",2015-05-01,"2015 May","Units",32,"Scss","Absorbed Prices"
"35568",2015-06-01,"2015 June","1st 20%",398000,"Scss","Absorbed Prices"
"35568",2015-06-01,"2015 June","2nd 40%",460000,"Scss","Absorbed Prices"
"35568",2015-06-01,"2015 June","3rd 60%",628000,"Scss","Absorbed Prices"
"35568",2015-06-01,"2015 June","4th 80%",719000,"Scss","Absorbed Prices"
"35568",2015-06-01,"2015 June","Median",605000,"Scss","Absorbed Prices"
"35568",2015-06-01,"2015 June","Average",564144,"Scss","Absorbed Prices"
"35568",2015-06-01,"2015 June","Units",27,"Scss","Absorbed Prices"
"35568",2015-07-01,"2015 July","1st 20%",391000,"Scss","Absorbed Prices"
"35568",2015-07-01,"2015 July","2nd 40%",467000,"Scss","Absorbed Prices"
"35568",2015-07-01,"2015 July","3rd 60%",506000,"Scss","Absorbed Prices"
"35568",2015-07-01,"2015 July","4th 80%",538000,"Scss","Absorbed Prices"
"35568",2015-07-01,"2015 July","Median",495000,"Scss","Absorbed Prices"
"35568",2015-07-01,"2015 July","Average",503314,"Scss","Absorbed Prices"
"35568",2015-07-01,"2015 July","Units",45,"Scss","Absorbed Prices"
"35568",2015-08-01,"2015 August","1st 20%",324000,"Scss","Absorbed Prices"
"35568",2015-08-01,"2015 August","2nd 40%",354000,"Scss","Absorbed Prices"
"35568",2015-08-01,"2015 August","3rd 60%",399000,"Scss","Absorbed Prices"
"35568",2015-08-01,"2015 August","4th 80%",636000,"Scss","Absorbed Prices"
"35568",2015-08-01,"2015 August","Median",382500,"Scss","Absorbed Prices"
"35568",2015-08-01,"2015 August","Average",448800,"Scss","Absorbed Prices"
"35568",2015-08-01,"2015 August","Units",18,"Scss","Absorbed Prices"
"35568",2015-09-01,"2015 September","1st 20%",359000,"Scss","Absorbed Prices"
"35568",2015-09-01,"2015 September","2nd 40%",4e+05,"Scss","Absorbed Prices"
"35568",2015-09-01,"2015 September","3rd 60%",427000,"Scss","Absorbed Prices"
"35568",2015-09-01,"2015 September","4th 80%",5e+05,"Scss","Absorbed Prices"
"35568",2015-09-01,"2015 September","Median",415000,"Scss","Absorbed Prices"
"35568",2015-09-01,"2015 September","Average",457364,"Scss","Absorbed Prices"
"35568",2015-09-01,"2015 September","Units",41,"Scss","Absorbed Prices"
"35568",2015-10-01,"2015 October","1st 20%",377000,"Scss","Absorbed Prices"
"35568",2015-10-01,"2015 October","2nd 40%",410000,"Scss","Absorbed Prices"
"35568",2015-10-01,"2015 October","3rd 60%",433000,"Scss","Absorbed Prices"
"35568",2015-10-01,"2015 October","4th 80%",541000,"Scss","Absorbed Prices"
"35568",2015-10-01,"2015 October","Median",420000,"Scss","Absorbed Prices"
"35568",2015-10-01,"2015 October","Average",466905,"Scss","Absorbed Prices"
"35568",2015-10-01,"2015 October","Units",56,"Scss","Absorbed Prices"
"35568",2015-11-01,"2015 November","1st 20%",447000,"Scss","Absorbed Prices"
"35568",2015-11-01,"2015 November","2nd 40%",581000,"Scss","Absorbed Prices"
"35568",2015-11-01,"2015 November","3rd 60%",611000,"Scss","Absorbed Prices"
"35568",2015-11-01,"2015 November","4th 80%",639000,"Scss","Absorbed Prices"
"35568",2015-11-01,"2015 November","Median",6e+05,"Scss","Absorbed Prices"
"35568",2015-11-01,"2015 November","Average",568456,"Scss","Absorbed Prices"
"35568",2015-11-01,"2015 November","Units",26,"Scss","Absorbed Prices"
"35568",2015-12-01,"2015 December","1st 20%",396000,"Scss","Absorbed Prices"
"35568",2015-12-01,"2015 December","2nd 40%",430000,"Scss","Absorbed Prices"
"35568",2015-12-01,"2015 December","3rd 60%",473000,"Scss","Absorbed Prices"
"35568",2015-12-01,"2015 December","4th 80%",585000,"Scss","Absorbed Prices"
"35568",2015-12-01,"2015 December","Median",440000,"Scss","Absorbed Prices"
"35568",2015-12-01,"2015 December","Average",489209,"Scss","Absorbed Prices"
"35568",2015-12-01,"2015 December","Units",67,"Scss","Absorbed Prices"
"35568",2016-01-01,"2016 January","1st 20%",450000,"Scss","Absorbed Prices"
"35568",2016-01-01,"2016 January","2nd 40%",480000,"Scss","Absorbed Prices"
"35568",2016-01-01,"2016 January","3rd 60%",5e+05,"Scss","Absorbed Prices"
"35568",2016-01-01,"2016 January","4th 80%",610000,"Scss","Absorbed Prices"
"35568",2016-01-01,"2016 January","Median",5e+05,"Scss","Absorbed Prices"
"35568",2016-01-01,"2016 January","Average",512801,"Scss","Absorbed Prices"
"35568",2016-01-01,"2016 January","Units",49,"Scss","Absorbed Prices"
"35568",2016-02-01,"2016 February","1st 20%",385000,"Scss","Absorbed Prices"
"35568",2016-02-01,"2016 February","2nd 40%",425000,"Scss","Absorbed Prices"
"35568",2016-02-01,"2016 February","3rd 60%",485000,"Scss","Absorbed Prices"
"35568",2016-02-01,"2016 February","4th 80%",610000,"Scss","Absorbed Prices"
"35568",2016-02-01,"2016 February","Median",465000,"Scss","Absorbed Prices"
"35568",2016-02-01,"2016 February","Average",516976,"Scss","Absorbed Prices"
"35568",2016-02-01,"2016 February","Units",24,"Scss","Absorbed Prices"
"35568",2016-03-01,"2016 March","1st 20%",403000,"Scss","Absorbed Prices"
"35568",2016-03-01,"2016 March","2nd 40%",450000,"Scss","Absorbed Prices"
"35568",2016-03-01,"2016 March","3rd 60%",489000,"Scss","Absorbed Prices"
"35568",2016-03-01,"2016 March","4th 80%",532000,"Scss","Absorbed Prices"
"35568",2016-03-01,"2016 March","Median",465000,"Scss","Absorbed Prices"
"35568",2016-03-01,"2016 March","Average",502128,"Scss","Absorbed Prices"
"35568",2016-03-01,"2016 March","Units",42,"Scss","Absorbed Prices"
"35568",2016-04-01,"2016 April","1st 20%",416000,"Scss","Absorbed Prices"
"35568",2016-04-01,"2016 April","2nd 40%",478000,"Scss","Absorbed Prices"
"35568",2016-04-01,"2016 April","3rd 60%",536000,"Scss","Absorbed Prices"
"35568",2016-04-01,"2016 April","4th 80%",806000,"Scss","Absorbed Prices"
"35568",2016-04-01,"2016 April","Median",485000,"Scss","Absorbed Prices"
"35568",2016-04-01,"2016 April","Average",560915,"Scss","Absorbed Prices"
"35568",2016-04-01,"2016 April","Units",23,"Scss","Absorbed Prices"
"35568",2016-05-01,"2016 May","1st 20%",389000,"Scss","Absorbed Prices"
"35568",2016-05-01,"2016 May","2nd 40%",463000,"Scss","Absorbed Prices"
"35568",2016-05-01,"2016 May","3rd 60%",540000,"Scss","Absorbed Prices"
"35568",2016-05-01,"2016 May","4th 80%",673000,"Scss","Absorbed Prices"
"35568",2016-05-01,"2016 May","Median",5e+05,"Scss","Absorbed Prices"
"35568",2016-05-01,"2016 May","Average",530297,"Scss","Absorbed Prices"
"35568",2016-05-01,"2016 May","Units",81,"Scss","Absorbed Prices"
"35568",2016-06-01,"2016 June","1st 20%",444000,"Scss","Absorbed Prices"
"35568",2016-06-01,"2016 June","2nd 40%",515000,"Scss","Absorbed Prices"
"35568",2016-06-01,"2016 June","3rd 60%",561000,"Scss","Absorbed Prices"
"35568",2016-06-01,"2016 June","4th 80%",762000,"Scss","Absorbed Prices"
"35568",2016-06-01,"2016 June","Median",545000,"Scss","Absorbed Prices"
"35568",2016-06-01,"2016 June","Average",583929,"Scss","Absorbed Prices"
"35568",2016-06-01,"2016 June","Units",62,"Scss","Absorbed Prices"
"35568",2016-07-01,"2016 July","1st 20%",440000,"Scss","Absorbed Prices"
"35568",2016-07-01,"2016 July","2nd 40%",499000,"Scss","Absorbed Prices"
"35568",2016-07-01,"2016 July","3rd 60%",635000,"Scss","Absorbed Prices"
"35568",2016-07-01,"2016 July","4th 80%",770000,"Scss","Absorbed Prices"
"35568",2016-07-01,"2016 July","Median",580000,"Scss","Absorbed Prices"
"35568",2016-07-01,"2016 July","Average",598514,"Scss","Absorbed Prices"
"35568",2016-07-01,"2016 July","Units",35,"Scss","Absorbed Prices"
"35568",2016-08-01,"2016 August","1st 20%",422000,"Scss","Absorbed Prices"
"35568",2016-08-01,"2016 August","2nd 40%",483000,"Scss","Absorbed Prices"
"35568",2016-08-01,"2016 August","3rd 60%",573000,"Scss","Absorbed Prices"
"35568",2016-08-01,"2016 August","4th 80%",7e+05,"Scss","Absorbed Prices"
"35568",2016-08-01,"2016 August","Median",532500,"Scss","Absorbed Prices"
"35568",2016-08-01,"2016 August","Average",552241,"Scss","Absorbed Prices"
"35568",2016-08-01,"2016 August","Units",40,"Scss","Absorbed Prices"
"35568",2016-09-01,"2016 September","1st 20%",322000,"Scss","Absorbed Prices"
"35568",2016-09-01,"2016 September","2nd 40%",523000,"Scss","Absorbed Prices"
"35568",2016-09-01,"2016 September","3rd 60%",656000,"Scss","Absorbed Prices"
"35568",2016-09-01,"2016 September","4th 80%",7e+05,"Scss","Absorbed Prices"
"35568",2016-09-01,"2016 September","Median",575000,"Scss","Absorbed Prices"
"35568",2016-09-01,"2016 September","Average",555273,"Scss","Absorbed Prices"
"35568",2016-09-01,"2016 September","Units",51,"Scss","Absorbed Prices"
"35568",2016-10-01,"2016 October","1st 20%",408000,"Scss","Absorbed Prices"
"35568",2016-10-01,"2016 October","2nd 40%",458000,"Scss","Absorbed Prices"
"35568",2016-10-01,"2016 October","3rd 60%",567000,"Scss","Absorbed Prices"
"35568",2016-10-01,"2016 October","4th 80%",694000,"Scss","Absorbed Prices"
"35568",2016-10-01,"2016 October","Median",515000,"Scss","Absorbed Prices"
"35568",2016-10-01,"2016 October","Average",544686,"Scss","Absorbed Prices"
"35568",2016-10-01,"2016 October","Units",52,"Scss","Absorbed Prices"
"35568",2016-11-01,"2016 November","1st 20%",437000,"Scss","Absorbed Prices"
"35568",2016-11-01,"2016 November","2nd 40%",519000,"Scss","Absorbed Prices"
"35568",2016-11-01,"2016 November","3rd 60%",572000,"Scss","Absorbed Prices"
"35568",2016-11-01,"2016 November","4th 80%",676000,"Scss","Absorbed Prices"
"35568",2016-11-01,"2016 November","Median",540000,"Scss","Absorbed Prices"
"35568",2016-11-01,"2016 November","Average",560717,"Scss","Absorbed Prices"
"35568",2016-11-01,"2016 November","Units",41,"Scss","Absorbed Prices"
"35568",2016-12-01,"2016 December","1st 20%",434000,"Scss","Absorbed Prices"
"35568",2016-12-01,"2016 December","2nd 40%",523000,"Scss","Absorbed Prices"
"35568",2016-12-01,"2016 December","3rd 60%",592000,"Scss","Absorbed Prices"
"35568",2016-12-01,"2016 December","4th 80%",686000,"Scss","Absorbed Prices"
"35568",2016-12-01,"2016 December","Median",555000,"Scss","Absorbed Prices"
"35568",2016-12-01,"2016 December","Average",566816,"Scss","Absorbed Prices"
"35568",2016-12-01,"2016 December","Units",48,"Scss","Absorbed Prices"
"35568",2017-01-01,"2017 January","1st 20%",521000,"Scss","Absorbed Prices"
"35568",2017-01-01,"2017 January","2nd 40%",578000,"Scss","Absorbed Prices"
"35568",2017-01-01,"2017 January","3rd 60%",644000,"Scss","Absorbed Prices"
"35568",2017-01-01,"2017 January","4th 80%",724000,"Scss","Absorbed Prices"
"35568",2017-01-01,"2017 January","Median",605000,"Scss","Absorbed Prices"
"35568",2017-01-01,"2017 January","Average",621417,"Scss","Absorbed Prices"
"35568",2017-01-01,"2017 January","Units",52,"Scss","Absorbed Prices"
"35568",2017-02-01,"2017 February","1st 20%",472000,"Scss","Absorbed Prices"
"35568",2017-02-01,"2017 February","2nd 40%",586000,"Scss","Absorbed Prices"
"35568",2017-02-01,"2017 February","3rd 60%",660000,"Scss","Absorbed Prices"
"35568",2017-02-01,"2017 February","4th 80%",714000,"Scss","Absorbed Prices"
"35568",2017-02-01,"2017 February","Median",647500,"Scss","Absorbed Prices"
"35568",2017-02-01,"2017 February","Average",626155,"Scss","Absorbed Prices"
"35568",2017-02-01,"2017 February","Units",40,"Scss","Absorbed Prices"
"35568",2017-03-01,"2017 March","1st 20%",437000,"Scss","Absorbed Prices"
"35568",2017-03-01,"2017 March","2nd 40%",524000,"Scss","Absorbed Prices"
"35568",2017-03-01,"2017 March","3rd 60%",625000,"Scss","Absorbed Prices"
"35568",2017-03-01,"2017 March","4th 80%",683000,"Scss","Absorbed Prices"
"35568",2017-03-01,"2017 March","Median",580000,"Scss","Absorbed Prices"
"35568",2017-03-01,"2017 March","Average",569386,"Scss","Absorbed Prices"
"35568",2017-03-01,"2017 March","Units",46,"Scss","Absorbed Prices"
"35568",2017-04-01,"2017 April","1st 20%",445000,"Scss","Absorbed Prices"
"35568",2017-04-01,"2017 April","2nd 40%",524000,"Scss","Absorbed Prices"
"35568",2017-04-01,"2017 April","3rd 60%",582000,"Scss","Absorbed Prices"
"35568",2017-04-01,"2017 April","4th 80%",680000,"Scss","Absorbed Prices"
"35568",2017-04-01,"2017 April","Median",540000,"Scss","Absorbed Prices"
"35568",2017-04-01,"2017 April","Average",562496,"Scss","Absorbed Prices"
"35568",2017-04-01,"2017 April","Units",51,"Scss","Absorbed Prices"
"35568",2017-05-01,"2017 May","1st 20%",395000,"Scss","Absorbed Prices"
"35568",2017-05-01,"2017 May","2nd 40%",495000,"Scss","Absorbed Prices"
"35568",2017-05-01,"2017 May","3rd 60%",525000,"Scss","Absorbed Prices"
"35568",2017-05-01,"2017 May","4th 80%",695000,"Scss","Absorbed Prices"
"35568",2017-05-01,"2017 May","Median",517500,"Scss","Absorbed Prices"
"35568",2017-05-01,"2017 May","Average",546739,"Scss","Absorbed Prices"
"35568",2017-05-01,"2017 May","Units",44,"Scss","Absorbed Prices"
"35568",2017-06-01,"2017 June","1st 20%",508000,"Scss","Absorbed Prices"
"35568",2017-06-01,"2017 June","2nd 40%",603000,"Scss","Absorbed Prices"
"35568",2017-06-01,"2017 June","3rd 60%",650000,"Scss","Absorbed Prices"
"35568",2017-06-01,"2017 June","4th 80%",793000,"Scss","Absorbed Prices"
"35568",2017-06-01,"2017 June","Median",630000,"Scss","Absorbed Prices"
"35568",2017-06-01,"2017 June","Average",627637,"Scss","Absorbed Prices"
"35568",2017-06-01,"2017 June","Units",61,"Scss","Absorbed Prices"
"35568",2017-07-01,"2017 July","1st 20%",490000,"Scss","Absorbed Prices"
"35568",2017-07-01,"2017 July","2nd 40%",537000,"Scss","Absorbed Prices"
"35568",2017-07-01,"2017 July","3rd 60%",640000,"Scss","Absorbed Prices"
"35568",2017-07-01,"2017 July","4th 80%",673000,"Scss","Absorbed Prices"
"35568",2017-07-01,"2017 July","Median",587500,"Scss","Absorbed Prices"
"35568",2017-07-01,"2017 July","Average",595422,"Scss","Absorbed Prices"
"35568",2017-07-01,"2017 July","Units",60,"Scss","Absorbed Prices"
"35568",2017-08-01,"2017 August","1st 20%",505000,"Scss","Absorbed Prices"
"35568",2017-08-01,"2017 August","2nd 40%",605000,"Scss","Absorbed Prices"
"35568",2017-08-01,"2017 August","3rd 60%",675000,"Scss","Absorbed Prices"
"35568",2017-08-01,"2017 August","4th 80%",765000,"Scss","Absorbed Prices"
"35568",2017-08-01,"2017 August","Median",650000,"Scss","Absorbed Prices"
"35568",2017-08-01,"2017 August","Average",633835,"Scss","Absorbed Prices"
"35568",2017-08-01,"2017 August","Units",39,"Scss","Absorbed Prices"
"35568",2017-09-01,"2017 September","1st 20%",624000,"Scss","Absorbed Prices"
"35568",2017-09-01,"2017 September","2nd 40%",650000,"Scss","Absorbed Prices"
"35568",2017-09-01,"2017 September","3rd 60%",735000,"Scss","Absorbed Prices"
"35568",2017-09-01,"2017 September","4th 80%",839000,"Scss","Absorbed Prices"
"35568",2017-09-01,"2017 September","Median",685000,"Scss","Absorbed Prices"
"35568",2017-09-01,"2017 September","Average",710202,"Scss","Absorbed Prices"
"35568",2017-09-01,"2017 September","Units",40,"Scss","Absorbed Prices"
"35568",2017-10-01,"2017 October","1st 20%",612000,"Scss","Absorbed Prices"
"35568",2017-10-01,"2017 October","2nd 40%",650000,"Scss","Absorbed Prices"
"35568",2017-10-01,"2017 October","3rd 60%",761000,"Scss","Absorbed Prices"
"35568",2017-10-01,"2017 October","4th 80%",808000,"Scss","Absorbed Prices"
"35568",2017-10-01,"2017 October","Median",7e+05,"Scss","Absorbed Prices"
"35568",2017-10-01,"2017 October","Average",686960,"Scss","Absorbed Prices"
"35568",2017-10-01,"2017 October","Units",21,"Scss","Absorbed Prices"
"35568",2017-11-01,"2017 November","1st 20%",556000,"Scss","Absorbed Prices"
"35568",2017-11-01,"2017 November","2nd 40%",656000,"Scss","Absorbed Prices"
"35568",2017-11-01,"2017 November","3rd 60%",818000,"Scss","Absorbed Prices"
"35568",2017-11-01,"2017 November","4th 80%",898000,"Scss","Absorbed Prices"
"35568",2017-11-01,"2017 November","Median",810000,"Scss","Absorbed Prices"
"35568",2017-11-01,"2017 November","Average",666214,"Scss","Absorbed Prices"
"35568",2017-11-01,"2017 November","Units",27,"Scss","Absorbed Prices"
"35568",2017-12-01,"2017 December","1st 20%",646000,"Scss","Absorbed Prices"
"35568",2017-12-01,"2017 December","2nd 40%",830000,"Scss","Absorbed Prices"
"35568",2017-12-01,"2017 December","3rd 60%",855000,"Scss","Absorbed Prices"
"35568",2017-12-01,"2017 December","4th 80%",930000,"Scss","Absorbed Prices"
"35568",2017-12-01,"2017 December","Median",855000,"Scss","Absorbed Prices"
"35568",2017-12-01,"2017 December","Average",798948,"Scss","Absorbed Prices"
"35568",2017-12-01,"2017 December","Units",46,"Scss","Absorbed Prices"
"35568",2018-01-01,"2018 January","1st 20%",616000,"Scss","Absorbed Prices"
"35568",2018-01-01,"2018 January","2nd 40%",643000,"Scss","Absorbed Prices"
"35568",2018-01-01,"2018 January","3rd 60%",664000,"Scss","Absorbed Prices"
"35568",2018-01-01,"2018 January","4th 80%",865000,"Scss","Absorbed Prices"
"35568",2018-01-01,"2018 January","Median",655000,"Scss","Absorbed Prices"
"35568",2018-01-01,"2018 January","Average",705898,"Scss","Absorbed Prices"
"35568",2018-01-01,"2018 January","Units",16,"Scss","Absorbed Prices"
"35568",2018-02-01,"2018 February","1st 20%",445000,"Scss","Absorbed Prices"
"35568",2018-02-01,"2018 February","2nd 40%",527000,"Scss","Absorbed Prices"
"35568",2018-02-01,"2018 February","3rd 60%",621000,"Scss","Absorbed Prices"
"35568",2018-02-01,"2018 February","4th 80%",721000,"Scss","Absorbed Prices"
"35568",2018-02-01,"2018 February","Median",570000,"Scss","Absorbed Prices"
"35568",2018-02-01,"2018 February","Average",595344,"Scss","Absorbed Prices"
"35568",2018-02-01,"2018 February","Units",56,"Scss","Absorbed Prices"
"35568",2018-03-01,"2018 March","1st 20%",407000,"Scss","Absorbed Prices"
"35568",2018-03-01,"2018 March","2nd 40%",505000,"Scss","Absorbed Prices"
"35568",2018-03-01,"2018 March","3rd 60%",610000,"Scss","Absorbed Prices"
"35568",2018-03-01,"2018 March","4th 80%",759000,"Scss","Absorbed Prices"
"35568",2018-03-01,"2018 March","Median",532500,"Scss","Absorbed Prices"
"35568",2018-03-01,"2018 March","Average",584810,"Scss","Absorbed Prices"
"35568",2018-03-01,"2018 March","Units",66,"Scss","Absorbed Prices"
"35568",2018-04-01,"2018 April","1st 20%",580000,"Scss","Absorbed Prices"
"35568",2018-04-01,"2018 April","2nd 40%",680000,"Scss","Absorbed Prices"
"35568",2018-04-01,"2018 April","3rd 60%",785000,"Scss","Absorbed Prices"
"35568",2018-04-01,"2018 April","4th 80%",870000,"Scss","Absorbed Prices"
"35568",2018-04-01,"2018 April","Median",715000,"Scss","Absorbed Prices"
"35568",2018-04-01,"2018 April","Average",724351,"Scss","Absorbed Prices"
"35568",2018-04-01,"2018 April","Units",39,"Scss","Absorbed Prices"
"35568",2018-05-01,"2018 May","1st 20%",610000,"Scss","Absorbed Prices"
"35568",2018-05-01,"2018 May","2nd 40%",765000,"Scss","Absorbed Prices"
"35568",2018-05-01,"2018 May","3rd 60%",810000,"Scss","Absorbed Prices"
"35568",2018-05-01,"2018 May","4th 80%",860000,"Scss","Absorbed Prices"
"35568",2018-05-01,"2018 May","Median",792500,"Scss","Absorbed Prices"
"35568",2018-05-01,"2018 May","Average",760197,"Scss","Absorbed Prices"
"35568",2018-05-01,"2018 May","Units",34,"Scss","Absorbed Prices"
"35568",2018-06-01,"2018 June","1st 20%",562000,"Scss","Absorbed Prices"
"35568",2018-06-01,"2018 June","2nd 40%",709000,"Scss","Absorbed Prices"
"35568",2018-06-01,"2018 June","3rd 60%",792000,"Scss","Absorbed Prices"
"35568",2018-06-01,"2018 June","4th 80%",901000,"Scss","Absorbed Prices"
"35568",2018-06-01,"2018 June","Median",730000,"Scss","Absorbed Prices"
"35568",2018-06-01,"2018 June","Average",727658,"Scss","Absorbed Prices"
"35568",2018-06-01,"2018 June","Units",43,"Scss","Absorbed Prices"
"35568",2018-07-01,"2018 July","1st 20%",540000,"Scss","Absorbed Prices"
"35568",2018-07-01,"2018 July","2nd 40%",670000,"Scss","Absorbed Prices"
"35568",2018-07-01,"2018 July","3rd 60%",785000,"Scss","Absorbed Prices"
"35568",2018-07-01,"2018 July","4th 80%",860000,"Scss","Absorbed Prices"
"35568",2018-07-01,"2018 July","Median",732500,"Scss","Absorbed Prices"
"35568",2018-07-01,"2018 July","Average",731579,"Scss","Absorbed Prices"
"35568",2018-07-01,"2018 July","Units",32,"Scss","Absorbed Prices"
"35568",2018-08-01,"2018 August","1st 20%",570000,"Scss","Absorbed Prices"
"35568",2018-08-01,"2018 August","2nd 40%",659000,"Scss","Absorbed Prices"
"35568",2018-08-01,"2018 August","3rd 60%",712000,"Scss","Absorbed Prices"
"35568",2018-08-01,"2018 August","4th 80%",978000,"Scss","Absorbed Prices"
"35568",2018-08-01,"2018 August","Median",687500,"Scss","Absorbed Prices"
"35568",2018-08-01,"2018 August","Average",752807,"Scss","Absorbed Prices"
"35568",2018-08-01,"2018 August","Units",46,"Scss","Absorbed Prices"
"35568",2018-09-01,"2018 September","1st 20%",558000,"Scss","Absorbed Prices"
"35568",2018-09-01,"2018 September","2nd 40%",774000,"Scss","Absorbed Prices"
"35568",2018-09-01,"2018 September","3rd 60%",873000,"Scss","Absorbed Prices"
"35568",2018-09-01,"2018 September","4th 80%",1057000,"Scss","Absorbed Prices"
"35568",2018-09-01,"2018 September","Median",832500,"Scss","Absorbed Prices"
"35568",2018-09-01,"2018 September","Average",812466,"Scss","Absorbed Prices"
"35568",2018-09-01,"2018 September","Units",82,"Scss","Absorbed Prices"
"35568",2018-10-01,"2018 October","1st 20%",520000,"Scss","Absorbed Prices"
"35568",2018-10-01,"2018 October","2nd 40%",544000,"Scss","Absorbed Prices"
"35568",2018-10-01,"2018 October","3rd 60%",805000,"Scss","Absorbed Prices"
"35568",2018-10-01,"2018 October","4th 80%",988000,"Scss","Absorbed Prices"
"35568",2018-10-01,"2018 October","Median",670000,"Scss","Absorbed Prices"
"35568",2018-10-01,"2018 October","Average",721827,"Scss","Absorbed Prices"
"35568",2018-10-01,"2018 October","Units",45,"Scss","Absorbed Prices"
"35568",2018-11-01,"2018 November","1st 20%",670000,"Scss","Absorbed Prices"
"35568",2018-11-01,"2018 November","2nd 40%",680000,"Scss","Absorbed Prices"
"35568",2018-11-01,"2018 November","3rd 60%",831000,"Scss","Absorbed Prices"
"35568",2018-11-01,"2018 November","4th 80%",1029000,"Scss","Absorbed Prices"
"35568",2018-11-01,"2018 November","Median",720000,"Scss","Absorbed Prices"
"35568",2018-11-01,"2018 November","Average",812618,"Scss","Absorbed Prices"
"35568",2018-11-01,"2018 November","Units",55,"Scss","Absorbed Prices"
"35568",2018-12-01,"2018 December","1st 20%",454000,"Scss","Absorbed Prices"
"35568",2018-12-01,"2018 December","2nd 40%",520000,"Scss","Absorbed Prices"
"35568",2018-12-01,"2018 December","3rd 60%",782000,"Scss","Absorbed Prices"
"35568",2018-12-01,"2018 December","4th 80%",998000,"Scss","Absorbed Prices"
"35568",2018-12-01,"2018 December","Median",592500,"Scss","Absorbed Prices"
"35568",2018-12-01,"2018 December","Average",729209,"Scss","Absorbed Prices"
"35568",2018-12-01,"2018 December","Units",30,"Scss","Absorbed Prices"
"35568",2019-01-01,"2019 January","1st 20%",516000,"Scss","Absorbed Prices"
"35568",2019-01-01,"2019 January","2nd 40%",727000,"Scss","Absorbed Prices"
"35568",2019-01-01,"2019 January","3rd 60%",831000,"Scss","Absorbed Prices"
"35568",2019-01-01,"2019 January","4th 80%",968000,"Scss","Absorbed Prices"
"35568",2019-01-01,"2019 January","Median",765000,"Scss","Absorbed Prices"
"35568",2019-01-01,"2019 January","Average",794188,"Scss","Absorbed Prices"
"35568",2019-01-01,"2019 January","Units",20,"Scss","Absorbed Prices"
"35568",2019-02-01,"2019 February","1st 20%",640000,"Scss","Absorbed Prices"
"35568",2019-02-01,"2019 February","2nd 40%",8e+05,"Scss","Absorbed Prices"
"35568",2019-02-01,"2019 February","3rd 60%",875000,"Scss","Absorbed Prices"
"35568",2019-02-01,"2019 February","4th 80%",970000,"Scss","Absorbed Prices"
"35568",2019-02-01,"2019 February","Median",835000,"Scss","Absorbed Prices"
"35568",2019-02-01,"2019 February","Average",811599,"Scss","Absorbed Prices"
"35568",2019-02-01,"2019 February","Units",29,"Scss","Absorbed Prices"
"35568",2019-03-01,"2019 March","1st 20%",732000,"Scss","Absorbed Prices"
"35568",2019-03-01,"2019 March","2nd 40%",777000,"Scss","Absorbed Prices"
"35568",2019-03-01,"2019 March","3rd 60%",815000,"Scss","Absorbed Prices"
"35568",2019-03-01,"2019 March","4th 80%",947000,"Scss","Absorbed Prices"
"35568",2019-03-01,"2019 March","Median",810000,"Scss","Absorbed Prices"
"35568",2019-03-01,"2019 March","Average",874075,"Scss","Absorbed Prices"
"35568",2019-03-01,"2019 March","Units",58,"Scss","Absorbed Prices"
"35568",2019-04-01,"2019 April","1st 20%",690000,"Scss","Absorbed Prices"
"35568",2019-04-01,"2019 April","2nd 40%",740000,"Scss","Absorbed Prices"
"35568",2019-04-01,"2019 April","3rd 60%",810000,"Scss","Absorbed Prices"
"35568",2019-04-01,"2019 April","4th 80%",865000,"Scss","Absorbed Prices"
"35568",2019-04-01,"2019 April","Median",785000,"Scss","Absorbed Prices"
"35568",2019-04-01,"2019 April","Average",781954,"Scss","Absorbed Prices"
"35568",2019-04-01,"2019 April","Units",111,"Scss","Absorbed Prices"
"35568",2019-05-01,"2019 May","1st 20%",633000,"Scss","Absorbed Prices"
"35568",2019-05-01,"2019 May","2nd 40%",786000,"Scss","Absorbed Prices"
"35568",2019-05-01,"2019 May","3rd 60%",825000,"Scss","Absorbed Prices"
"35568",2019-05-01,"2019 May","4th 80%",1020000,"Scss","Absorbed Prices"
"35568",2019-05-01,"2019 May","Median",805000,"Scss","Absorbed Prices"
"35568",2019-05-01,"2019 May","Average",798894,"Scss","Absorbed Prices"
"35568",2019-05-01,"2019 May","Units",49,"Scss","Absorbed Prices"
"35568",2019-06-01,"2019 June","1st 20%",711000,"Scss","Absorbed Prices"
"35568",2019-06-01,"2019 June","2nd 40%",810000,"Scss","Absorbed Prices"
"35568",2019-06-01,"2019 June","3rd 60%",963000,"Scss","Absorbed Prices"
"35568",2019-06-01,"2019 June","4th 80%",1082000,"Scss","Absorbed Prices"
"35568",2019-06-01,"2019 June","Median",815000,"Scss","Absorbed Prices"
"35568",2019-06-01,"2019 June","Average",900697,"Scss","Absorbed Prices"
"35568",2019-06-01,"2019 June","Units",51,"Scss","Absorbed Prices"
"35568",2019-07-01,"2019 July","1st 20%",682000,"Scss","Absorbed Prices"
"35568",2019-07-01,"2019 July","2nd 40%",798000,"Scss","Absorbed Prices"
"35568",2019-07-01,"2019 July","3rd 60%",868000,"Scss","Absorbed Prices"
"35568",2019-07-01,"2019 July","4th 80%",1049000,"Scss","Absorbed Prices"
"35568",2019-07-01,"2019 July","Median",817500,"Scss","Absorbed Prices"
"35568",2019-07-01,"2019 July","Average",929123,"Scss","Absorbed Prices"
"35568",2019-07-01,"2019 July","Units",64,"Scss","Absorbed Prices"
"35568",2019-08-01,"2019 August","1st 20%",790000,"Scss","Absorbed Prices"
"35568",2019-08-01,"2019 August","2nd 40%",833000,"Scss","Absorbed Prices"
"35568",2019-08-01,"2019 August","3rd 60%",9e+05,"Scss","Absorbed Prices"
"35568",2019-08-01,"2019 August","4th 80%",1122000,"Scss","Absorbed Prices"
"35568",2019-08-01,"2019 August","Median",880000,"Scss","Absorbed Prices"
"35568",2019-08-01,"2019 August","Average",912507,"Scss","Absorbed Prices"
"35568",2019-08-01,"2019 August","Units",32,"Scss","Absorbed Prices"
"35568",2019-09-01,"2019 September","1st 20%",685000,"Scss","Absorbed Prices"
"35568",2019-09-01,"2019 September","2nd 40%",779000,"Scss","Absorbed Prices"
"35568",2019-09-01,"2019 September","3rd 60%",920000,"Scss","Absorbed Prices"
"35568",2019-09-01,"2019 September","4th 80%",1061000,"Scss","Absorbed Prices"
"35568",2019-09-01,"2019 September","Median",857500,"Scss","Absorbed Prices"
"35568",2019-09-01,"2019 September","Average",889073,"Scss","Absorbed Prices"
"35568",2019-09-01,"2019 September","Units",26,"Scss","Absorbed Prices"
"35568",2019-10-01,"2019 October","1st 20%",726000,"Scss","Absorbed Prices"
"35568",2019-10-01,"2019 October","2nd 40%",835000,"Scss","Absorbed Prices"
"35568",2019-10-01,"2019 October","3rd 60%",891000,"Scss","Absorbed Prices"
"35568",2019-10-01,"2019 October","4th 80%",984000,"Scss","Absorbed Prices"
"35568",2019-10-01,"2019 October","Median",857500,"Scss","Absorbed Prices"
"35568",2019-10-01,"2019 October","Average",845178,"Scss","Absorbed Prices"
"35568",2019-10-01,"2019 October","Units",18,"Scss","Absorbed Prices"
"35568",2019-11-01,"2019 November","1st 20%",NA,"Scss","Absorbed Prices"
"35568",2019-11-01,"2019 November","2nd 40%",NA,"Scss","Absorbed Prices"
"35568",2019-11-01,"2019 November","3rd 60%",NA,"Scss","Absorbed Prices"
"35568",2019-11-01,"2019 November","4th 80%",NA,"Scss","Absorbed Prices"
"35568",2019-11-01,"2019 November","Median",NA,"Scss","Absorbed Prices"
"35568",2019-11-01,"2019 November","Average",NA,"Scss","Absorbed Prices"
"35568",2019-11-01,"2019 November","Units",4,"Scss","Absorbed Prices"
"35568",2019-12-01,"2019 December","1st 20%",670000,"Scss","Absorbed Prices"
"35568",2019-12-01,"2019 December","2nd 40%",850000,"Scss","Absorbed Prices"
"35568",2019-12-01,"2019 December","3rd 60%",1050000,"Scss","Absorbed Prices"
"35568",2019-12-01,"2019 December","4th 80%",1125000,"Scss","Absorbed Prices"
"35568",2019-12-01,"2019 December","Median",967500,"Scss","Absorbed Prices"
"35568",2019-12-01,"2019 December","Average",911512,"Scss","Absorbed Prices"
"35568",2019-12-01,"2019 December","Units",24,"Scss","Absorbed Prices"
"35568",2020-01-01,"2020 January","1st 20%",666000,"Scss","Absorbed Prices"
"35568",2020-01-01,"2020 January","2nd 40%",741000,"Scss","Absorbed Prices"
"35568",2020-01-01,"2020 January","3rd 60%",882000,"Scss","Absorbed Prices"
"35568",2020-01-01,"2020 January","4th 80%",1075000,"Scss","Absorbed Prices"
"35568",2020-01-01,"2020 January","Median",817500,"Scss","Absorbed Prices"
"35568",2020-01-01,"2020 January","Average",841430,"Scss","Absorbed Prices"
"35568",2020-01-01,"2020 January","Units",22,"Scss","Absorbed Prices"
"35568",2020-02-01,"2020 February","1st 20%",570000,"Scss","Absorbed Prices"
"35568",2020-02-01,"2020 February","2nd 40%",6e+05,"Scss","Absorbed Prices"
"35568",2020-02-01,"2020 February","3rd 60%",675000,"Scss","Absorbed Prices"
"35568",2020-02-01,"2020 February","4th 80%",1e+06,"Scss","Absorbed Prices"
"35568",2020-02-01,"2020 February","Median",615000,"Scss","Absorbed Prices"
"35568",2020-02-01,"2020 February","Average",738417,"Scss","Absorbed Prices"
"35568",2020-02-01,"2020 February","Units",19,"Scss","Absorbed Prices"
"35568",2020-03-01,"2020 March","1st 20%",615000,"Scss","Absorbed Prices"
"35568",2020-03-01,"2020 March","2nd 40%",703000,"Scss","Absorbed Prices"
"35568",2020-03-01,"2020 March","3rd 60%",775000,"Scss","Absorbed Prices"
"35568",2020-03-01,"2020 March","4th 80%",9e+05,"Scss","Absorbed Prices"
"35568",2020-03-01,"2020 March","Median",757500,"Scss","Absorbed Prices"
"35568",2020-03-01,"2020 March","Average",752677,"Scss","Absorbed Prices"
"35568",2020-03-01,"2020 March","Units",22,"Scss","Absorbed Prices"
"35568",2020-04-01,"2020 April","1st 20%",655000,"Scss","Absorbed Prices"
"35568",2020-04-01,"2020 April","2nd 40%",710000,"Scss","Absorbed Prices"
"35568",2020-04-01,"2020 April","3rd 60%",845000,"Scss","Absorbed Prices"
"35568",2020-04-01,"2020 April","4th 80%",995000,"Scss","Absorbed Prices"
"35568",2020-04-01,"2020 April","Median",762500,"Scss","Absorbed Prices"
"35568",2020-04-01,"2020 April","Average",794841,"Scss","Absorbed Prices"
"35568",2020-04-01,"2020 April","Units",14,"Scss","Absorbed Prices"
"35568",2020-05-01,"2020 May","1st 20%",594000,"Scss","Absorbed Prices"
"35568",2020-05-01,"2020 May","2nd 40%",649000,"Scss","Absorbed Prices"
"35568",2020-05-01,"2020 May","3rd 60%",760000,"Scss","Absorbed Prices"
"35568",2020-05-01,"2020 May","4th 80%",806000,"Scss","Absorbed Prices"
"35568",2020-05-01,"2020 May","Median",710000,"Scss","Absorbed Prices"
"35568",2020-05-01,"2020 May","Average",686533,"Scss","Absorbed Prices"
"35568",2020-05-01,"2020 May","Units",25,"Scss","Absorbed Prices"
"35568",2020-06-01,"2020 June","1st 20%",650000,"Scss","Absorbed Prices"
"35568",2020-06-01,"2020 June","2nd 40%",711000,"Scss","Absorbed Prices"
"35568",2020-06-01,"2020 June","3rd 60%",779000,"Scss","Absorbed Prices"
"35568",2020-06-01,"2020 June","4th 80%",1134000,"Scss","Absorbed Prices"
"35568",2020-06-01,"2020 June","Median",730000,"Scss","Absorbed Prices"
"35568",2020-06-01,"2020 June","Average",825510,"Scss","Absorbed Prices"
"35568",2020-06-01,"2020 June","Units",27,"Scss","Absorbed Prices"
"35568",2020-07-01,"2020 July","1st 20%",7e+05,"Scss","Absorbed Prices"
"35568",2020-07-01,"2020 July","2nd 40%",795000,"Scss","Absorbed Prices"
"35568",2020-07-01,"2020 July","3rd 60%",1040000,"Scss","Absorbed Prices"
"35568",2020-07-01,"2020 July","4th 80%",1345000,"Scss","Absorbed Prices"
"35568",2020-07-01,"2020 July","Median",925000,"Scss","Absorbed Prices"
"35568",2020-07-01,"2020 July","Average",967140,"Scss","Absorbed Prices"
"35568",2020-07-01,"2020 July","Units",14,"Scss","Absorbed Prices"
"35568",2020-08-01,"2020 August","1st 20%",546000,"Scss","Absorbed Prices"
"35568",2020-08-01,"2020 August","2nd 40%",646000,"Scss","Absorbed Prices"
"35568",2020-08-01,"2020 August","3rd 60%",777000,"Scss","Absorbed Prices"
"35568",2020-08-01,"2020 August","4th 80%",1076000,"Scss","Absorbed Prices"
"35568",2020-08-01,"2020 August","Median",720000,"Scss","Absorbed Prices"
"35568",2020-08-01,"2020 August","Average",791232,"Scss","Absorbed Prices"
"35568",2020-08-01,"2020 August","Units",33,"Scss","Absorbed Prices"
"35568",2020-09-01,"2020 September","1st 20%",512000,"Scss","Absorbed Prices"
"35568",2020-09-01,"2020 September","2nd 40%",575000,"Scss","Absorbed Prices"
"35568",2020-09-01,"2020 September","3rd 60%",662000,"Scss","Absorbed Prices"
"35568",2020-09-01,"2020 September","4th 80%",883000,"Scss","Absorbed Prices"
"35568",2020-09-01,"2020 September","Median",620000,"Scss","Absorbed Prices"
"35568",2020-09-01,"2020 September","Average",684223,"Scss","Absorbed Prices"
"35568",2020-09-01,"2020 September","Units",50,"Scss","Absorbed Prices"
"35568",2020-10-01,"2020 October","1st 20%",624000,"Scss","Absorbed Prices"
"35568",2020-10-01,"2020 October","2nd 40%",686000,"Scss","Absorbed Prices"
"35568",2020-10-01,"2020 October","3rd 60%",748000,"Scss","Absorbed Prices"
"35568",2020-10-01,"2020 October","4th 80%",794000,"Scss","Absorbed Prices"
"35568",2020-10-01,"2020 October","Median",705000,"Scss","Absorbed Prices"
"35568",2020-10-01,"2020 October","Average",794413,"Scss","Absorbed Prices"
"35568",2020-10-01,"2020 October","Units",35,"Scss","Absorbed Prices"
"35568",2020-11-01,"2020 November","1st 20%",571000,"Scss","Absorbed Prices"
"35568",2020-11-01,"2020 November","2nd 40%",614000,"Scss","Absorbed Prices"
"35568",2020-11-01,"2020 November","3rd 60%",697000,"Scss","Absorbed Prices"
"35568",2020-11-01,"2020 November","4th 80%",8e+05,"Scss","Absorbed Prices"
"35568",2020-11-01,"2020 November","Median",645000,"Scss","Absorbed Prices"
"35568",2020-11-01,"2020 November","Average",683199,"Scss","Absorbed Prices"
"35568",2020-11-01,"2020 November","Units",63,"Scss","Absorbed Prices"
"35568",2020-12-01,"2020 December","1st 20%",6e+05,"Scss","Absorbed Prices"
"35568",2020-12-01,"2020 December","2nd 40%",644000,"Scss","Absorbed Prices"
"35568",2020-12-01,"2020 December","3rd 60%",705000,"Scss","Absorbed Prices"
"35568",2020-12-01,"2020 December","4th 80%",748000,"Scss","Absorbed Prices"
"35568",2020-12-01,"2020 December","Median",675000,"Scss","Absorbed Prices"
"35568",2020-12-01,"2020 December","Average",696225,"Scss","Absorbed Prices"
"35568",2020-12-01,"2020 December","Units",51,"Scss","Absorbed Prices"
"35568",2021-01-01,"2021 January","1st 20%",567000,"Scss","Absorbed Prices"
"35568",2021-01-01,"2021 January","2nd 40%",617000,"Scss","Absorbed Prices"
"35568",2021-01-01,"2021 January","3rd 60%",776000,"Scss","Absorbed Prices"
"35568",2021-01-01,"2021 January","4th 80%",855000,"Scss","Absorbed Prices"
"35568",2021-01-01,"2021 January","Median",695000,"Scss","Absorbed Prices"
"35568",2021-01-01,"2021 January","Average",738120,"Scss","Absorbed Prices"
"35568",2021-01-01,"2021 January","Units",21,"Scss","Absorbed Prices"
"35568",2021-02-01,"2021 February","1st 20%",590000,"Scss","Absorbed Prices"
"35568",2021-02-01,"2021 February","2nd 40%",660000,"Scss","Absorbed Prices"
"35568",2021-02-01,"2021 February","3rd 60%",730000,"Scss","Absorbed Prices"
"35568",2021-02-01,"2021 February","4th 80%",780000,"Scss","Absorbed Prices"
"35568",2021-02-01,"2021 February","Median",680000,"Scss","Absorbed Prices"
"35568",2021-02-01,"2021 February","Average",704677,"Scss","Absorbed Prices"
"35568",2021-02-01,"2021 February","Units",34,"Scss","Absorbed Prices"
"35568",2021-03-01,"2021 March","1st 20%",580000,"Scss","Absorbed Prices"
"35568",2021-03-01,"2021 March","2nd 40%",620000,"Scss","Absorbed Prices"
"35568",2021-03-01,"2021 March","3rd 60%",705000,"Scss","Absorbed Prices"
"35568",2021-03-01,"2021 March","4th 80%",810000,"Scss","Absorbed Prices"
"35568",2021-03-01,"2021 March","Median",7e+05,"Scss","Absorbed Prices"
"35568",2021-03-01,"2021 March","Average",721765,"Scss","Absorbed Prices"
"35568",2021-03-01,"2021 March","Units",31,"Scss","Absorbed Prices"
"35568",2021-04-01,"2021 April","1st 20%",610000,"Scss","Absorbed Prices"
"35568",2021-04-01,"2021 April","2nd 40%",695000,"Scss","Absorbed Prices"
"35568",2021-04-01,"2021 April","3rd 60%",775000,"Scss","Absorbed Prices"
"35568",2021-04-01,"2021 April","4th 80%",865000,"Scss","Absorbed Prices"
"35568",2021-04-01,"2021 April","Median",712500,"Scss","Absorbed Prices"
"35568",2021-04-01,"2021 April","Average",736533,"Scss","Absorbed Prices"
"35568",2021-04-01,"2021 April","Units",36,"Scss","Absorbed Prices"
"35568",2021-05-01,"2021 May","1st 20%",662000,"Scss","Absorbed Prices"
"35568",2021-05-01,"2021 May","2nd 40%",727000,"Scss","Absorbed Prices"
"35568",2021-05-01,"2021 May","3rd 60%",784000,"Scss","Absorbed Prices"
"35568",2021-05-01,"2021 May","4th 80%",1037000,"Scss","Absorbed Prices"
"35568",2021-05-01,"2021 May","Median",760000,"Scss","Absorbed Prices"
"35568",2021-05-01,"2021 May","Average",851684,"Scss","Absorbed Prices"
"35568",2021-05-01,"2021 May","Units",46,"Scss","Absorbed Prices"
"35568",2021-06-01,"2021 June","1st 20%",640000,"Scss","Absorbed Prices"
"35568",2021-06-01,"2021 June","2nd 40%",697000,"Scss","Absorbed Prices"
"35568",2021-06-01,"2021 June","3rd 60%",749000,"Scss","Absorbed Prices"
"35568",2021-06-01,"2021 June","4th 80%",804000,"Scss","Absorbed Prices"
"35568",2021-06-01,"2021 June","Median",730000,"Scss","Absorbed Prices"
"35568",2021-06-01,"2021 June","Average",749650,"Scss","Absorbed Prices"
"35568",2021-06-01,"2021 June","Units",42,"Scss","Absorbed Prices"
"35568",2021-07-01,"2021 July","1st 20%",630000,"Scss","Absorbed Prices"
"35568",2021-07-01,"2021 July","2nd 40%",695000,"Scss","Absorbed Prices"
"35568",2021-07-01,"2021 July","3rd 60%",730000,"Scss","Absorbed Prices"
"35568",2021-07-01,"2021 July","4th 80%",765000,"Scss","Absorbed Prices"
"35568",2021-07-01,"2021 July","Median",705000,"Scss","Absorbed Prices"
"35568",2021-07-01,"2021 July","Average",902077,"Scss","Absorbed Prices"
"35568",2021-07-01,"2021 July","Units",39,"Scss","Absorbed Prices"
"35568",2021-08-01,"2021 August","1st 20%",610000,"Scss","Absorbed Prices"
"35568",2021-08-01,"2021 August","2nd 40%",695000,"Scss","Absorbed Prices"
"35568",2021-08-01,"2021 August","3rd 60%",750000,"Scss","Absorbed Prices"
"35568",2021-08-01,"2021 August","4th 80%",815000,"Scss","Absorbed Prices"
"35568",2021-08-01,"2021 August","Median",725000,"Scss","Absorbed Prices"
"35568",2021-08-01,"2021 August","Average",786291,"Scss","Absorbed Prices"
"35568",2021-08-01,"2021 August","Units",64,"Scss","Absorbed Prices"
"35568",2021-09-01,"2021 September","1st 20%",653000,"Scss","Absorbed Prices"
"35568",2021-09-01,"2021 September","2nd 40%",701000,"Scss","Absorbed Prices"
"35568",2021-09-01,"2021 September","3rd 60%",840000,"Scss","Absorbed Prices"
"35568",2021-09-01,"2021 September","4th 80%",934000,"Scss","Absorbed Prices"
"35568",2021-09-01,"2021 September","Median",742500,"Scss","Absorbed Prices"
"35568",2021-09-01,"2021 September","Average",796837,"Scss","Absorbed Prices"
"35568",2021-09-01,"2021 September","Units",30,"Scss","Absorbed Prices"
"35568",2021-10-01,"2021 October","1st 20%",665000,"Scss","Absorbed Prices"
"35568",2021-10-01,"2021 October","2nd 40%",705000,"Scss","Absorbed Prices"
"35568",2021-10-01,"2021 October","3rd 60%",750000,"Scss","Absorbed Prices"
"35568",2021-10-01,"2021 October","4th 80%",830000,"Scss","Absorbed Prices"
"35568",2021-10-01,"2021 October","Median",720000,"Scss","Absorbed Prices"
"35568",2021-10-01,"2021 October","Average",796241,"Scss","Absorbed Prices"
"35568",2021-10-01,"2021 October","Units",29,"Scss","Absorbed Prices"
"35568",2021-11-01,"2021 November","1st 20%",643000,"Scss","Absorbed Prices"
"35568",2021-11-01,"2021 November","2nd 40%",726000,"Scss","Absorbed Prices"
"35568",2021-11-01,"2021 November","3rd 60%",8e+05,"Scss","Absorbed Prices"
"35568",2021-11-01,"2021 November","4th 80%",1042000,"Scss","Absorbed Prices"
"35568",2021-11-01,"2021 November","Median",770000,"Scss","Absorbed Prices"
"35568",2021-11-01,"2021 November","Average",837440,"Scss","Absorbed Prices"
"35568",2021-11-01,"2021 November","Units",42,"Scss","Absorbed Prices"
"35568",2021-12-01,"2021 December","1st 20%",764000,"Scss","Absorbed Prices"
"35568",2021-12-01,"2021 December","2nd 40%",869000,"Scss","Absorbed Prices"
"35568",2021-12-01,"2021 December","3rd 60%",974000,"Scss","Absorbed Prices"
"35568",2021-12-01,"2021 December","4th 80%",1052000,"Scss","Absorbed Prices"
"35568",2021-12-01,"2021 December","Median",895000,"Scss","Absorbed Prices"
"35568",2021-12-01,"2021 December","Average",947221,"Scss","Absorbed Prices"
"35568",2021-12-01,"2021 December","Units",23,"Scss","Absorbed Prices"
"35568",2022-01-01,"2022 January","1st 20%",606000,"Scss","Absorbed Prices"
"35568",2022-01-01,"2022 January","2nd 40%",710000,"Scss","Absorbed Prices"
"35568",2022-01-01,"2022 January","3rd 60%",792000,"Scss","Absorbed Prices"
"35568",2022-01-01,"2022 January","4th 80%",989000,"Scss","Absorbed Prices"
"35568",2022-01-01,"2022 January","Median",745000,"Scss","Absorbed Prices"
"35568",2022-01-01,"2022 January","Average",789719,"Scss","Absorbed Prices"
"35568",2022-01-01,"2022 January","Units",12,"Scss","Absorbed Prices"
"35568",2022-02-01,"2022 February","1st 20%",NA,"Scss","Absorbed Prices"
"35568",2022-02-01,"2022 February","2nd 40%",NA,"Scss","Absorbed Prices"
"35568",2022-02-01,"2022 February","3rd 60%",NA,"Scss","Absorbed Prices"
"35568",2022-02-01,"2022 February","4th 80%",NA,"Scss","Absorbed Prices"
"35568",2022-02-01,"2022 February","Median",NA,"Scss","Absorbed Prices"
"35568",2022-02-01,"2022 February","Average",1130096,"Scss","Absorbed Prices"
"35568",2022-02-01,"2022 February","Units",9,"Scss","Absorbed Prices"
"35568",2022-03-01,"2022 March","1st 20%",703000,"Scss","Absorbed Prices"
"35568",2022-03-01,"2022 March","2nd 40%",833000,"Scss","Absorbed Prices"
"35568",2022-03-01,"2022 March","3rd 60%",875000,"Scss","Absorbed Prices"
"35568",2022-03-01,"2022 March","4th 80%",1077000,"Scss","Absorbed Prices"
"35568",2022-03-01,"2022 March","Median",860000,"Scss","Absorbed Prices"
"35568",2022-03-01,"2022 March","Average",876459,"Scss","Absorbed Prices"
"35568",2022-03-01,"2022 March","Units",12,"Scss","Absorbed Prices"
"35568",2022-04-01,"2022 April","1st 20%",637000,"Scss","Absorbed Prices"
"35568",2022-04-01,"2022 April","2nd 40%",692000,"Scss","Absorbed Prices"
"35568",2022-04-01,"2022 April","3rd 60%",1027000,"Scss","Absorbed Prices"
"35568",2022-04-01,"2022 April","4th 80%",1323000,"Scss","Absorbed Prices"
"35568",2022-04-01,"2022 April","Median",805000,"Scss","Absorbed Prices"
"35568",2022-04-01,"2022 April","Average",974739,"Scss","Absorbed Prices"
"35568",2022-04-01,"2022 April","Units",22,"Scss","Absorbed Prices"
"35568",2022-05-01,"2022 May","1st 20%",805000,"Scss","Absorbed Prices"
"35568",2022-05-01,"2022 May","2nd 40%",9e+05,"Scss","Absorbed Prices"
"35568",2022-05-01,"2022 May","3rd 60%",1205000,"Scss","Absorbed Prices"
"35568",2022-05-01,"2022 May","4th 80%",1435000,"Scss","Absorbed Prices"
"35568",2022-05-01,"2022 May","Median",1047500,"Scss","Absorbed Prices"
"35568",2022-05-01,"2022 May","Average",1116306,"Scss","Absorbed Prices"
"35568",2022-05-01,"2022 May","Units",14,"Scss","Absorbed Prices"
"35568",2022-06-01,"2022 June","1st 20%",725000,"Scss","Absorbed Prices"
"35568",2022-06-01,"2022 June","2nd 40%",815000,"Scss","Absorbed Prices"
"35568",2022-06-01,"2022 June","3rd 60%",947000,"Scss","Absorbed Prices"
"35568",2022-06-01,"2022 June","4th 80%",1128000,"Scss","Absorbed Prices"
"35568",2022-06-01,"2022 June","Median",865000,"Scss","Absorbed Prices"
"35568",2022-06-01,"2022 June","Average",907965,"Scss","Absorbed Prices"
"35568",2022-06-01,"2022 June","Units",31,"Scss","Absorbed Prices"
"35568",2022-07-01,"2022 July","1st 20%",7e+05,"Scss","Absorbed Prices"
"35568",2022-07-01,"2022 July","2nd 40%",875000,"Scss","Absorbed Prices"
"35568",2022-07-01,"2022 July","3rd 60%",945000,"Scss","Absorbed Prices"
"35568",2022-07-01,"2022 July","4th 80%",1e+06,"Scss","Absorbed Prices"
"35568",2022-07-01,"2022 July","Median",905000,"Scss","Absorbed Prices"
"35568",2022-07-01,"2022 July","Average",918249,"Scss","Absorbed Prices"
"35568",2022-07-01,"2022 July","Units",29,"Scss","Absorbed Prices"
"35568",2022-08-01,"2022 August","1st 20%",8e+05,"Scss","Absorbed Prices"
"35568",2022-08-01,"2022 August","2nd 40%",885000,"Scss","Absorbed Prices"
"35568",2022-08-01,"2022 August","3rd 60%",960000,"Scss","Absorbed Prices"
"35568",2022-08-01,"2022 August","4th 80%",1205000,"Scss","Absorbed Prices"
"35568",2022-08-01,"2022 August","Median",897500,"Scss","Absorbed Prices"
"35568",2022-08-01,"2022 August","Average",963936,"Scss","Absorbed Prices"
"35568",2022-08-01,"2022 August","Units",16,"Scss","Absorbed Prices"
"35568",2022-09-01,"2022 September","1st 20%",660000,"Scss","Absorbed Prices"
"35568",2022-09-01,"2022 September","2nd 40%",795000,"Scss","Absorbed Prices"
"35568",2022-09-01,"2022 September","3rd 60%",927000,"Scss","Absorbed Prices"
"35568",2022-09-01,"2022 September","4th 80%",1034000,"Scss","Absorbed Prices"
"35568",2022-09-01,"2022 September","Median",905000,"Scss","Absorbed Prices"
"35568",2022-09-01,"2022 September","Average",897538,"Scss","Absorbed Prices"
"35568",2022-09-01,"2022 September","Units",82,"Scss","Absorbed Prices"
"35568",2022-10-01,"2022 October","1st 20%",711000,"Scss","Absorbed Prices"
"35568",2022-10-01,"2022 October","2nd 40%",774000,"Scss","Absorbed Prices"
"35568",2022-10-01,"2022 October","3rd 60%",887000,"Scss","Absorbed Prices"
"35568",2022-10-01,"2022 October","4th 80%",959000,"Scss","Absorbed Prices"
"35568",2022-10-01,"2022 October","Median",845000,"Scss","Absorbed Prices"
"35568",2022-10-01,"2022 October","Average",853084,"Scss","Absorbed Prices"
"35568",2022-10-01,"2022 October","Units",45,"Scss","Absorbed Prices"
"35568",2022-11-01,"2022 November","1st 20%",735000,"Scss","Absorbed Prices"
"35568",2022-11-01,"2022 November","2nd 40%",822000,"Scss","Absorbed Prices"
"35568",2022-11-01,"2022 November","3rd 60%",903000,"Scss","Absorbed Prices"
"35568",2022-11-01,"2022 November","4th 80%",1003000,"Scss","Absorbed Prices"
"35568",2022-11-01,"2022 November","Median",855000,"Scss","Absorbed Prices"
"35568",2022-11-01,"2022 November","Average",895541,"Scss","Absorbed Prices"
"35568",2022-11-01,"2022 November","Units",44,"Scss","Absorbed Prices"
"35568",2022-12-01,"2022 December","1st 20%",766000,"Scss","Absorbed Prices"
"35568",2022-12-01,"2022 December","2nd 40%",824000,"Scss","Absorbed Prices"
"35568",2022-12-01,"2022 December","3rd 60%",920000,"Scss","Absorbed Prices"
"35568",2022-12-01,"2022 December","4th 80%",1217000,"Scss","Absorbed Prices"
"35568",2022-12-01,"2022 December","Median",880000,"Scss","Absorbed Prices"
"35568",2022-12-01,"2022 December","Average",926675,"Scss","Absorbed Prices"
"35568",2022-12-01,"2022 December","Units",118,"Scss","Absorbed Prices"
"35568",2023-01-01,"2023 January","1st 20%",701000,"Scss","Absorbed Prices"
"35568",2023-01-01,"2023 January","2nd 40%",803000,"Scss","Absorbed Prices"
"35568",2023-01-01,"2023 January","3rd 60%",883000,"Scss","Absorbed Prices"
"35568",2023-01-01,"2023 January","4th 80%",979000,"Scss","Absorbed Prices"
"35568",2023-01-01,"2023 January","Median",845000,"Scss","Absorbed Prices"
"35568",2023-01-01,"2023 January","Average",892699,"Scss","Absorbed Prices"
"35568",2023-01-01,"2023 January","Units",65,"Scss","Absorbed Prices"
"35568",2023-02-01,"2023 February","1st 20%",694000,"Scss","Absorbed Prices"
"35568",2023-02-01,"2023 February","2nd 40%",797000,"Scss","Absorbed Prices"
"35568",2023-02-01,"2023 February","3rd 60%",930000,"Scss","Absorbed Prices"
"35568",2023-02-01,"2023 February","4th 80%",1243000,"Scss","Absorbed Prices"
"35568",2023-02-01,"2023 February","Median",9e+05,"Scss","Absorbed Prices"
"35568",2023-02-01,"2023 February","Average",973673,"Scss","Absorbed Prices"
"35568",2023-02-01,"2023 February","Units",75,"Scss","Absorbed Prices"
"35568",2023-03-01,"2023 March","1st 20%",738000,"Scss","Absorbed Prices"
"35568",2023-03-01,"2023 March","2nd 40%",858000,"Scss","Absorbed Prices"
"35568",2023-03-01,"2023 March","3rd 60%",930000,"Scss","Absorbed Prices"
"35568",2023-03-01,"2023 March","4th 80%",1139000,"Scss","Absorbed Prices"
"35568",2023-03-01,"2023 March","Median",905000,"Scss","Absorbed Prices"
"35568",2023-03-01,"2023 March","Average",955517,"Scss","Absorbed Prices"
"35568",2023-03-01,"2023 March","Units",63,"Scss","Absorbed Prices"
"35568",2023-04-01,"2023 April","1st 20%",736000,"Scss","Absorbed Prices"
"35568",2023-04-01,"2023 April","2nd 40%",906000,"Scss","Absorbed Prices"
"35568",2023-04-01,"2023 April","3rd 60%",1050000,"Scss","Absorbed Prices"
"35568",2023-04-01,"2023 April","4th 80%",1252000,"Scss","Absorbed Prices"
"35568",2023-04-01,"2023 April","Median",1020000,"Scss","Absorbed Prices"
"35568",2023-04-01,"2023 April","Average",987024,"Scss","Absorbed Prices"
"35568",2023-04-01,"2023 April","Units",102,"Scss","Absorbed Prices"
"35568",2023-05-01,"2023 May","1st 20%",742000,"Scss","Absorbed Prices"
"35568",2023-05-01,"2023 May","2nd 40%",809000,"Scss","Absorbed Prices"
"35568",2023-05-01,"2023 May","3rd 60%",876000,"Scss","Absorbed Prices"
"35568",2023-05-01,"2023 May","4th 80%",974000,"Scss","Absorbed Prices"
"35568",2023-05-01,"2023 May","Median",845000,"Scss","Absorbed Prices"
"35568",2023-05-01,"2023 May","Average",902410,"Scss","Absorbed Prices"
"35568",2023-05-01,"2023 May","Units",95,"Scss","Absorbed Prices"
"35568",2023-06-01,"2023 June","1st 20%",725000,"Scss","Absorbed Prices"
"35568",2023-06-01,"2023 June","2nd 40%",886000,"Scss","Absorbed Prices"
"35568",2023-06-01,"2023 June","3rd 60%",973000,"Scss","Absorbed Prices"
"35568",2023-06-01,"2023 June","4th 80%",1239000,"Scss","Absorbed Prices"
"35568",2023-06-01,"2023 June","Median",910000,"Scss","Absorbed Prices"
"35568",2023-06-01,"2023 June","Average",961382,"Scss","Absorbed Prices"
"35568",2023-06-01,"2023 June","Units",116,"Scss","Absorbed Prices"
"35568",2023-07-01,"2023 July","1st 20%",687000,"Scss","Absorbed Prices"
"35568",2023-07-01,"2023 July","2nd 40%",735000,"Scss","Absorbed Prices"
"35568",2023-07-01,"2023 July","3rd 60%",788000,"Scss","Absorbed Prices"
"35568",2023-07-01,"2023 July","4th 80%",1123000,"Scss","Absorbed Prices"
"35568",2023-07-01,"2023 July","Median",775000,"Scss","Absorbed Prices"
"35568",2023-07-01,"2023 July","Average",860358,"Scss","Absorbed Prices"
"35568",2023-07-01,"2023 July","Units",111,"Scss","Absorbed Prices"
"35568",2023-08-01,"2023 August","1st 20%",720000,"Scss","Absorbed Prices"
"35568",2023-08-01,"2023 August","2nd 40%",836000,"Scss","Absorbed Prices"
"35568",2023-08-01,"2023 August","3rd 60%",994000,"Scss","Absorbed Prices"
"35568",2023-08-01,"2023 August","4th 80%",1257000,"Scss","Absorbed Prices"
"35568",2023-08-01,"2023 August","Median",867500,"Scss","Absorbed Prices"
"35568",2023-08-01,"2023 August","Average",972367,"Scss","Absorbed Prices"
"35568",2023-08-01,"2023 August","Units",118,"Scss","Absorbed Prices"
"35568",2023-09-01,"2023 September","1st 20%",720000,"Scss","Absorbed Prices"
"35568",2023-09-01,"2023 September","2nd 40%",779000,"Scss","Absorbed Prices"
"35568",2023-09-01,"2023 September","3rd 60%",863000,"Scss","Absorbed Prices"
"35568",2023-09-01,"2023 September","4th 80%",1134000,"Scss","Absorbed Prices"
"35568",2023-09-01,"2023 September","Median",825000,"Scss","Absorbed Prices"
"35568",2023-09-01,"2023 September","Average",893309,"Scss","Absorbed Prices"
"35568",2023-09-01,"2023 September","Units",92,"Scss","Absorbed Prices"
"35568",2023-10-01,"2023 October","1st 20%",691000,"Scss","Absorbed Prices"
"35568",2023-10-01,"2023 October","2nd 40%",775000,"Scss","Absorbed Prices"
"35568",2023-10-01,"2023 October","3rd 60%",903000,"Scss","Absorbed Prices"
"35568",2023-10-01,"2023 October","4th 80%",1380000,"Scss","Absorbed Prices"
"35568",2023-10-01,"2023 October","Median",840000,"Scss","Absorbed Prices"
"35568",2023-10-01,"2023 October","Average",976527,"Scss","Absorbed Prices"
"35568",2023-10-01,"2023 October","Units",127,"Scss","Absorbed Prices"
"35568",2023-11-01,"2023 November","1st 20%",769000,"Scss","Absorbed Prices"
"35568",2023-11-01,"2023 November","2nd 40%",1110000,"Scss","Absorbed Prices"
"35568",2023-11-01,"2023 November","3rd 60%",1291000,"Scss","Absorbed Prices"
"35568",2023-11-01,"2023 November","4th 80%",1396000,"Scss","Absorbed Prices"
"35568",2023-11-01,"2023 November","Median",1220000,"Scss","Absorbed Prices"
"35568",2023-11-01,"2023 November","Average",1120464,"Scss","Absorbed Prices"
"35568",2023-11-01,"2023 November","Units",107,"Scss","Absorbed Prices"
"35568",2023-12-01,"2023 December","1st 20%",820000,"Scss","Absorbed Prices"
"35568",2023-12-01,"2023 December","2nd 40%",1048000,"Scss","Absorbed Prices"
"35568",2023-12-01,"2023 December","3rd 60%",1125000,"Scss","Absorbed Prices"
"35568",2023-12-01,"2023 December","4th 80%",1320000,"Scss","Absorbed Prices"
"35568",2023-12-01,"2023 December","Median",1080000,"Scss","Absorbed Prices"
"35568",2023-12-01,"2023 December","Average",1079400,"Scss","Absorbed Prices"
"35568",2023-12-01,"2023 December","Units",131,"Scss","Absorbed Prices"
"35568",2024-01-01,"2024 January","1st 20%",809000,"Scss","Absorbed Prices"
"35568",2024-01-01,"2024 January","2nd 40%",1134000,"Scss","Absorbed Prices"
"35568",2024-01-01,"2024 January","3rd 60%",1297000,"Scss","Absorbed Prices"
"35568",2024-01-01,"2024 January","4th 80%",1362000,"Scss","Absorbed Prices"
"35568",2024-01-01,"2024 January","Median",1272500,"Scss","Absorbed Prices"
"35568",2024-01-01,"2024 January","Average",1106944,"Scss","Absorbed Prices"
"35568",2024-01-01,"2024 January","Units",78,"Scss","Absorbed Prices"
"35568",2024-02-01,"2024 February","1st 20%",840000,"Scss","Absorbed Prices"
"35568",2024-02-01,"2024 February","2nd 40%",1050000,"Scss","Absorbed Prices"
"35568",2024-02-01,"2024 February","3rd 60%",1320000,"Scss","Absorbed Prices"
"35568",2024-02-01,"2024 February","4th 80%",1430000,"Scss","Absorbed Prices"
"35568",2024-02-01,"2024 February","Median",1275000,"Scss","Absorbed Prices"
"35568",2024-02-01,"2024 February","Average",1160737,"Scss","Absorbed Prices"
"35568",2024-02-01,"2024 February","Units",105,"Scss","Absorbed Prices"
"35568",2024-03-01,"2024 March","1st 20%",805000,"Scss","Absorbed Prices"
"35568",2024-03-01,"2024 March","2nd 40%",845000,"Scss","Absorbed Prices"
"35568",2024-03-01,"2024 March","3rd 60%",1010000,"Scss","Absorbed Prices"
"35568",2024-03-01,"2024 March","4th 80%",1275000,"Scss","Absorbed Prices"
"35568",2024-03-01,"2024 March","Median",930000,"Scss","Absorbed Prices"
"35568",2024-03-01,"2024 March","Average",1003824,"Scss","Absorbed Prices"
"35568",2024-03-01,"2024 March","Units",94,"Scss","Absorbed Prices"
"35568",2024-04-01,"2024 April","1st 20%",880000,"Scss","Absorbed Prices"
"35568",2024-04-01,"2024 April","2nd 40%",1173000,"Scss","Absorbed Prices"
"35568",2024-04-01,"2024 April","3rd 60%",1302000,"Scss","Absorbed Prices"
"35568",2024-04-01,"2024 April","4th 80%",1413000,"Scss","Absorbed Prices"
"35568",2024-04-01,"2024 April","Median",1277500,"Scss","Absorbed Prices"
"35568",2024-04-01,"2024 April","Average",1163188,"Scss","Absorbed Prices"
"35568",2024-04-01,"2024 April","Units",92,"Scss","Absorbed Prices"
"35568",2024-05-01,"2024 May","1st 20%",842000,"Scss","Absorbed Prices"
"35568",2024-05-01,"2024 May","2nd 40%",1121000,"Scss","Absorbed Prices"
"35568",2024-05-01,"2024 May","3rd 60%",1330000,"Scss","Absorbed Prices"
"35568",2024-05-01,"2024 May","4th 80%",1422000,"Scss","Absorbed Prices"
"35568",2024-05-01,"2024 May","Median",1285000,"Scss","Absorbed Prices"
"35568",2024-05-01,"2024 May","Average",1180051,"Scss","Absorbed Prices"
"35568",2024-05-01,"2024 May","Units",101,"Scss","Absorbed Prices"
"35568",2024-06-01,"2024 June","1st 20%",825000,"Scss","Absorbed Prices"
"35568",2024-06-01,"2024 June","2nd 40%",896000,"Scss","Absorbed Prices"
"35568",2024-06-01,"2024 June","3rd 60%",1043000,"Scss","Absorbed Prices"
"35568",2024-06-01,"2024 June","4th 80%",1175000,"Scss","Absorbed Prices"
"35568",2024-06-01,"2024 June","Median",952500,"Scss","Absorbed Prices"
"35568",2024-06-01,"2024 June","Average",1021084,"Scss","Absorbed Prices"
"35568",2024-06-01,"2024 June","Units",106,"Scss","Absorbed Prices"
"35568",2024-07-01,"2024 July","1st 20%",885000,"Scss","Absorbed Prices"
"35568",2024-07-01,"2024 July","2nd 40%",985000,"Scss","Absorbed Prices"
"35568",2024-07-01,"2024 July","3rd 60%",1150000,"Scss","Absorbed Prices"
"35568",2024-07-01,"2024 July","4th 80%",1430000,"Scss","Absorbed Prices"
"35568",2024-07-01,"2024 July","Median",1075000,"Scss","Absorbed Prices"
"35568",2024-07-01,"2024 July","Average",1082426,"Scss","Absorbed Prices"
"35568",2024-07-01,"2024 July","Units",85,"Scss","Absorbed Prices"
"35568",2024-08-01,"2024 August","1st 20%",854000,"Scss","Absorbed Prices"
"35568",2024-08-01,"2024 August","2nd 40%",956000,"Scss","Absorbed Prices"
"35568",2024-08-01,"2024 August","3rd 60%",1257000,"Scss","Absorbed Prices"
"35568",2024-08-01,"2024 August","4th 80%",1383000,"Scss","Absorbed Prices"
"35568",2024-08-01,"2024 August","Median",1082500,"Scss","Absorbed Prices"
"35568",2024-08-01,"2024 August","Average",1127392,"Scss","Absorbed Prices"
"35568",2024-08-01,"2024 August","Units",74,"Scss","Absorbed Prices"
"35568",2024-09-01,"2024 September","1st 20%",830000,"Scss","Absorbed Prices"
"35568",2024-09-01,"2024 September","2nd 40%",899000,"Scss","Absorbed Prices"
"35568",2024-09-01,"2024 September","3rd 60%",1008000,"Scss","Absorbed Prices"
"35568",2024-09-01,"2024 September","4th 80%",1198000,"Scss","Absorbed Prices"
"35568",2024-09-01,"2024 September","Median",925000,"Scss","Absorbed Prices"
"35568",2024-09-01,"2024 September","Average",1026103,"Scss","Absorbed Prices"
"35568",2024-09-01,"2024 September","Units",69,"Scss","Absorbed Prices"
"35568",2024-10-01,"2024 October","1st 20%",830000,"Scss","Absorbed Prices"
"35568",2024-10-01,"2024 October","2nd 40%",909000,"Scss","Absorbed Prices"
"35568",2024-10-01,"2024 October","3rd 60%",1036000,"Scss","Absorbed Prices"
"35568",2024-10-01,"2024 October","4th 80%",1234000,"Scss","Absorbed Prices"
"35568",2024-10-01,"2024 October","Median",947500,"Scss","Absorbed Prices"
"35568",2024-10-01,"2024 October","Average",1029634,"Scss","Absorbed Prices"
"35568",2024-10-01,"2024 October","Units",86,"Scss","Absorbed Prices"
"35568",2024-11-01,"2024 November","1st 20%",795000,"Scss","Absorbed Prices"
"35568",2024-11-01,"2024 November","2nd 40%",887000,"Scss","Absorbed Prices"
"35568",2024-11-01,"2024 November","3rd 60%",975000,"Scss","Absorbed Prices"
"35568",2024-11-01,"2024 November","4th 80%",1129000,"Scss","Absorbed Prices"
"35568",2024-11-01,"2024 November","Median",920000,"Scss","Absorbed Prices"
"35568",2024-11-01,"2024 November","Average",967339,"Scss","Absorbed Prices"
"35568",2024-11-01,"2024 November","Units",77,"Scss","Absorbed Prices"
"35568",2024-12-01,"2024 December","1st 20%",822000,"Scss","Absorbed Prices"
"35568",2024-12-01,"2024 December","2nd 40%",925000,"Scss","Absorbed Prices"
"35568",2024-12-01,"2024 December","3rd 60%",996000,"Scss","Absorbed Prices"
"35568",2024-12-01,"2024 December","4th 80%",1088000,"Scss","Absorbed Prices"
"35568",2024-12-01,"2024 December","Median",965000,"Scss","Absorbed Prices"
"35568",2024-12-01,"2024 December","Average",961712,"Scss","Absorbed Prices"
"35568",2024-12-01,"2024 December","Units",62,"Scss","Absorbed Prices"
"35568",2025-01-01,"2025 January","1st 20%",771000,"Scss","Absorbed Prices"
"35568",2025-01-01,"2025 January","2nd 40%",916000,"Scss","Absorbed Prices"
"35568",2025-01-01,"2025 January","3rd 60%",969000,"Scss","Absorbed Prices"
"35568",2025-01-01,"2025 January","4th 80%",1110000,"Scss","Absorbed Prices"
"35568",2025-01-01,"2025 January","Median",925000,"Scss","Absorbed Prices"
"35568",2025-01-01,"2025 January","Average",953042,"Scss","Absorbed Prices"
"35568",2025-01-01,"2025 January","Units",40,"Scss","Absorbed Prices"
"35568",2025-02-01,"2025 February","1st 20%",850000,"Scss","Absorbed Prices"
"35568",2025-02-01,"2025 February","2nd 40%",875000,"Scss","Absorbed Prices"
"35568",2025-02-01,"2025 February","3rd 60%",925000,"Scss","Absorbed Prices"
"35568",2025-02-01,"2025 February","4th 80%",995000,"Scss","Absorbed Prices"
"35568",2025-02-01,"2025 February","Median",915000,"Scss","Absorbed Prices"
"35568",2025-02-01,"2025 February","Average",921634,"Scss","Absorbed Prices"
"35568",2025-02-01,"2025 February","Units",24,"Scss","Absorbed Prices"
"35568",2025-03-01,"2025 March","1st 20%",867000,"Scss","Absorbed Prices"
"35568",2025-03-01,"2025 March","2nd 40%",1e+06,"Scss","Absorbed Prices"
"35568",2025-03-01,"2025 March","3rd 60%",1091000,"Scss","Absorbed Prices"
"35568",2025-03-01,"2025 March","4th 80%",1286000,"Scss","Absorbed Prices"
"35568",2025-03-01,"2025 March","Median",1047500,"Scss","Absorbed Prices"
"35568",2025-03-01,"2025 March","Average",1059820,"Scss","Absorbed Prices"
"35568",2025-03-01,"2025 March","Units",34,"Scss","Absorbed Prices"
"35568",2025-04-01,"2025 April","1st 20%",936000,"Scss","Absorbed Prices"
"35568",2025-04-01,"2025 April","2nd 40%",1071000,"Scss","Absorbed Prices"
"35568",2025-04-01,"2025 April","3rd 60%",1092000,"Scss","Absorbed Prices"
"35568",2025-04-01,"2025 April","4th 80%",1192000,"Scss","Absorbed Prices"
"35568",2025-04-01,"2025 April","Median",1080000,"Scss","Absorbed Prices"
"35568",2025-04-01,"2025 April","Average",1085305,"Scss","Absorbed Prices"
"35568",2025-04-01,"2025 April","Units",28,"Scss","Absorbed Prices"
"35568",2025-05-01,"2025 May","1st 20%",8e+05,"Scss","Absorbed Prices"
"35568",2025-05-01,"2025 May","2nd 40%",875000,"Scss","Absorbed Prices"
"35568",2025-05-01,"2025 May","3rd 60%",950000,"Scss","Absorbed Prices"
"35568",2025-05-01,"2025 May","4th 80%",1073000,"Scss","Absorbed Prices"
"35568",2025-05-01,"2025 May","Median",907500,"Scss","Absorbed Prices"
"35568",2025-05-01,"2025 May","Average",923878,"Scss","Absorbed Prices"
"35568",2025-05-01,"2025 May","Units",81,"Scss","Absorbed Prices"
"35568",2025-06-01,"2025 June","1st 20%",9e+05,"Scss","Absorbed Prices"
"35568",2025-06-01,"2025 June","2nd 40%",1070000,"Scss","Absorbed Prices"
"35568",2025-06-01,"2025 June","3rd 60%",1120000,"Scss","Absorbed Prices"
"35568",2025-06-01,"2025 June","4th 80%",1197000,"Scss","Absorbed Prices"
"35568",2025-06-01,"2025 June","Median",1077500,"Scss","Absorbed Prices"
"35568",2025-06-01,"2025 June","Average",1105639,"Scss","Absorbed Prices"
"35568",2025-06-01,"2025 June","Units",38,"Scss","Absorbed Prices"
"35568",2025-07-01,"2025 July","1st 20%",882000,"Scss","Absorbed Prices"
"35568",2025-07-01,"2025 July","2nd 40%",979000,"Scss","Absorbed Prices"
"35568",2025-07-01,"2025 July","3rd 60%",1071000,"Scss","Absorbed Prices"
"35568",2025-07-01,"2025 July","4th 80%",1113000,"Scss","Absorbed Prices"
"35568",2025-07-01,"2025 July","Median",1010000,"Scss","Absorbed Prices"
"35568",2025-07-01,"2025 July","Average",1116852,"Scss","Absorbed Prices"
"35568",2025-07-01,"2025 July","Units",16,"Scss","Absorbed Prices"
"35568",2025-08-01,"2025 August","1st 20%",885000,"Scss","Absorbed Prices"
"35568",2025-08-01,"2025 August","2nd 40%",956000,"Scss","Absorbed Prices"
"35568",2025-08-01,"2025 August","3rd 60%",1037000,"Scss","Absorbed Prices"
"35568",2025-08-01,"2025 August","4th 80%",1100000,"Scss","Absorbed Prices"
"35568",2025-08-01,"2025 August","Median",1015000,"Scss","Absorbed Prices"
"35568",2025-08-01,"2025 August","Average",1001975,"Scss","Absorbed Prices"
"35568",2025-08-01,"2025 August","Units",25,"Scss","Absorbed Prices"
"35568",2025-09-01,"2025 September","1st 20%",887000,"Scss","Absorbed Prices"
"35568",2025-09-01,"2025 September","2nd 40%",985000,"Scss","Absorbed Prices"
"35568",2025-09-01,"2025 September","3rd 60%",1063000,"Scss","Absorbed Prices"
"35568",2025-09-01,"2025 September","4th 80%",1394000,"Scss","Absorbed Prices"
"35568",2025-09-01,"2025 September","Median",990000,"Scss","Absorbed Prices"
"35568",2025-09-01,"2025 September","Average",1100223,"Scss","Absorbed Prices"
"35568",2025-09-01,"2025 September","Units",41,"Scss","Absorbed Prices"
"35568",2025-10-01,"2025 October","1st 20%",NA,"Scss","Absorbed Prices"
"35568",2025-10-01,"2025 October","2nd 40%",NA,"Scss","Absorbed Prices"
"35568",2025-10-01,"2025 October","3rd 60%",NA,"Scss","Absorbed Prices"
"35568",2025-10-01,"2025 October","4th 80%",NA,"Scss","Absorbed Prices"
"35568",2025-10-01,"2025 October","Median",NA,"Scss","Absorbed Prices"
"35568",2025-10-01,"2025 October","Average",NA,"Scss","Absorbed Prices"
"35568",2025-10-01,"2025 October","Units",0,"Scss","Absorbed Prices"
"35568",2025-11-01,"2025 November","1st 20%",973000,"Scss","Absorbed Prices"
"35568",2025-11-01,"2025 November","2nd 40%",1066000,"Scss","Absorbed Prices"
"35568",2025-11-01,"2025 November","3rd 60%",1165000,"Scss","Absorbed Prices"
"35568",2025-11-01,"2025 November","4th 80%",1373000,"Scss","Absorbed Prices"
"35568",2025-11-01,"2025 November","Median",1102500,"Scss","Absorbed Prices"
"35568",2025-11-01,"2025 November","Average",1177456,"Scss","Absorbed Prices"
"35568",2025-11-01,"2025 November","Units",52,"Scss","Absorbed Prices"
"35568",2025-12-01,"2025 December","1st 20%",804000,"Scss","Absorbed Prices"
"35568",2025-12-01,"2025 December","2nd 40%",869000,"Scss","Absorbed Prices"
"35568",2025-12-01,"2025 December","3rd 60%",1097000,"Scss","Absorbed Prices"
"35568",2025-12-01,"2025 December","4th 80%",1269000,"Scss","Absorbed Prices"
"35568",2025-12-01,"2025 December","Median",895000,"Scss","Absorbed Prices"
"35568",2025-12-01,"2025 December","Average",997827,"Scss","Absorbed Prices"
"35568",2025-12-01,"2025 December","Units",46,"Scss","Absorbed Prices"
"35568",2026-01-01,"2026 January","1st 20%",949000,"Scss","Absorbed Prices"
"35568",2026-01-01,"2026 January","2nd 40%",1043000,"Scss","Absorbed Prices"
"35568",2026-01-01,"2026 January","3rd 60%",1114000,"Scss","Absorbed Prices"
"35568",2026-01-01,"2026 January","4th 80%",1170000,"Scss","Absorbed Prices"
"35568",2026-01-01,"2026 January","Median",1080000,"Scss","Absorbed Prices"
"35568",2026-01-01,"2026 January","Average",1086959,"Scss","Absorbed Prices"
"35568",2026-01-01,"2026 January","Units",19,"Scss","Absorbed Prices"
"35568",2026-02-01,"2026 February","1st 20%",868000,"Scss","Absorbed Prices"
"35568",2026-02-01,"2026 February","2nd 40%",906000,"Scss","Absorbed Prices"
"35568",2026-02-01,"2026 February","3rd 60%",963000,"Scss","Absorbed Prices"
"35568",2026-02-01,"2026 February","4th 80%",1060000,"Scss","Absorbed Prices"
"35568",2026-02-01,"2026 February","Median",932500,"Scss","Absorbed Prices"
"35568",2026-02-01,"2026 February","Average",999976,"Scss","Absorbed Prices"
"35568",2026-02-01,"2026 February","Units",13,"Scss","Absorbed Prices"
