"GeoUID","Date","DateString","Dwelling Type","Value","Survey","Series"
"24433",2007-01-01,"2007 January","1st 20%",120000,"Scss","Absorbed Prices"
"24433",2007-01-01,"2007 January","2nd 40%",178000,"Scss","Absorbed Prices"
"24433",2007-01-01,"2007 January","3rd 60%",2e+05,"Scss","Absorbed Prices"
"24433",2007-01-01,"2007 January","4th 80%",235000,"Scss","Absorbed Prices"
"24433",2007-01-01,"2007 January","Median",2e+05,"Scss","Absorbed Prices"
"24433",2007-01-01,"2007 January","Average",191136,"Scss","Absorbed Prices"
"24433",2007-01-01,"2007 January","Units",26,"Scss","Absorbed Prices"
"24433",2007-02-01,"2007 February","1st 20%",120000,"Scss","Absorbed Prices"
"24433",2007-02-01,"2007 February","2nd 40%",175000,"Scss","Absorbed Prices"
"24433",2007-02-01,"2007 February","3rd 60%",2e+05,"Scss","Absorbed Prices"
"24433",2007-02-01,"2007 February","4th 80%",270000,"Scss","Absorbed Prices"
"24433",2007-02-01,"2007 February","Median",187500,"Scss","Absorbed Prices"
"24433",2007-02-01,"2007 February","Average",230818,"Scss","Absorbed Prices"
"24433",2007-02-01,"2007 February","Units",26,"Scss","Absorbed Prices"
"24433",2007-03-01,"2007 March","1st 20%",140000,"Scss","Absorbed Prices"
"24433",2007-03-01,"2007 March","2nd 40%",150000,"Scss","Absorbed Prices"
"24433",2007-03-01,"2007 March","3rd 60%",175000,"Scss","Absorbed Prices"
"24433",2007-03-01,"2007 March","4th 80%",220000,"Scss","Absorbed Prices"
"24433",2007-03-01,"2007 March","Median",175000,"Scss","Absorbed Prices"
"24433",2007-03-01,"2007 March","Average",161795,"Scss","Absorbed Prices"
"24433",2007-03-01,"2007 March","Units",39,"Scss","Absorbed Prices"
"24433",2007-04-01,"2007 April","1st 20%",130000,"Scss","Absorbed Prices"
"24433",2007-04-01,"2007 April","2nd 40%",150000,"Scss","Absorbed Prices"
"24433",2007-04-01,"2007 April","3rd 60%",175000,"Scss","Absorbed Prices"
"24433",2007-04-01,"2007 April","4th 80%",240000,"Scss","Absorbed Prices"
"24433",2007-04-01,"2007 April","Median",155000,"Scss","Absorbed Prices"
"24433",2007-04-01,"2007 April","Average",182853,"Scss","Absorbed Prices"
"24433",2007-04-01,"2007 April","Units",40,"Scss","Absorbed Prices"
"24433",2007-05-01,"2007 May","1st 20%",135000,"Scss","Absorbed Prices"
"24433",2007-05-01,"2007 May","2nd 40%",166000,"Scss","Absorbed Prices"
"24433",2007-05-01,"2007 May","3rd 60%",2e+05,"Scss","Absorbed Prices"
"24433",2007-05-01,"2007 May","4th 80%",225000,"Scss","Absorbed Prices"
"24433",2007-05-01,"2007 May","Median",175000,"Scss","Absorbed Prices"
"24433",2007-05-01,"2007 May","Average",215957,"Scss","Absorbed Prices"
"24433",2007-05-01,"2007 May","Units",49,"Scss","Absorbed Prices"
"24433",2007-06-01,"2007 June","1st 20%",120000,"Scss","Absorbed Prices"
"24433",2007-06-01,"2007 June","2nd 40%",135000,"Scss","Absorbed Prices"
"24433",2007-06-01,"2007 June","3rd 60%",170000,"Scss","Absorbed Prices"
"24433",2007-06-01,"2007 June","4th 80%",215000,"Scss","Absorbed Prices"
"24433",2007-06-01,"2007 June","Median",140000,"Scss","Absorbed Prices"
"24433",2007-06-01,"2007 June","Average",167333,"Scss","Absorbed Prices"
"24433",2007-06-01,"2007 June","Units",69,"Scss","Absorbed Prices"
"24433",2007-07-01,"2007 July","1st 20%",126000,"Scss","Absorbed Prices"
"24433",2007-07-01,"2007 July","2nd 40%",145000,"Scss","Absorbed Prices"
"24433",2007-07-01,"2007 July","3rd 60%",175000,"Scss","Absorbed Prices"
"24433",2007-07-01,"2007 July","4th 80%",224000,"Scss","Absorbed Prices"
"24433",2007-07-01,"2007 July","Median",165000,"Scss","Absorbed Prices"
"24433",2007-07-01,"2007 July","Average",178378,"Scss","Absorbed Prices"
"24433",2007-07-01,"2007 July","Units",49,"Scss","Absorbed Prices"
"24433",2007-08-01,"2007 August","1st 20%",140000,"Scss","Absorbed Prices"
"24433",2007-08-01,"2007 August","2nd 40%",156000,"Scss","Absorbed Prices"
"24433",2007-08-01,"2007 August","3rd 60%",179000,"Scss","Absorbed Prices"
"24433",2007-08-01,"2007 August","4th 80%",222000,"Scss","Absorbed Prices"
"24433",2007-08-01,"2007 August","Median",175000,"Scss","Absorbed Prices"
"24433",2007-08-01,"2007 August","Average",190256,"Scss","Absorbed Prices"
"24433",2007-08-01,"2007 August","Units",88,"Scss","Absorbed Prices"
"24433",2007-09-01,"2007 September","1st 20%",125000,"Scss","Absorbed Prices"
"24433",2007-09-01,"2007 September","2nd 40%",145000,"Scss","Absorbed Prices"
"24433",2007-09-01,"2007 September","3rd 60%",180000,"Scss","Absorbed Prices"
"24433",2007-09-01,"2007 September","4th 80%",220000,"Scss","Absorbed Prices"
"24433",2007-09-01,"2007 September","Median",165000,"Scss","Absorbed Prices"
"24433",2007-09-01,"2007 September","Average",173551,"Scss","Absorbed Prices"
"24433",2007-09-01,"2007 September","Units",75,"Scss","Absorbed Prices"
"24433",2007-10-01,"2007 October","1st 20%",140000,"Scss","Absorbed Prices"
"24433",2007-10-01,"2007 October","2nd 40%",168000,"Scss","Absorbed Prices"
"24433",2007-10-01,"2007 October","3rd 60%",2e+05,"Scss","Absorbed Prices"
"24433",2007-10-01,"2007 October","4th 80%",250000,"Scss","Absorbed Prices"
"24433",2007-10-01,"2007 October","Median",180000,"Scss","Absorbed Prices"
"24433",2007-10-01,"2007 October","Average",198226,"Scss","Absorbed Prices"
"24433",2007-10-01,"2007 October","Units",57,"Scss","Absorbed Prices"
"24433",2007-11-01,"2007 November","1st 20%",125000,"Scss","Absorbed Prices"
"24433",2007-11-01,"2007 November","2nd 40%",146000,"Scss","Absorbed Prices"
"24433",2007-11-01,"2007 November","3rd 60%",180000,"Scss","Absorbed Prices"
"24433",2007-11-01,"2007 November","4th 80%",238000,"Scss","Absorbed Prices"
"24433",2007-11-01,"2007 November","Median",160000,"Scss","Absorbed Prices"
"24433",2007-11-01,"2007 November","Average",181667,"Scss","Absorbed Prices"
"24433",2007-11-01,"2007 November","Units",36,"Scss","Absorbed Prices"
"24433",2007-12-01,"2007 December","1st 20%",140000,"Scss","Absorbed Prices"
"24433",2007-12-01,"2007 December","2nd 40%",175000,"Scss","Absorbed Prices"
"24433",2007-12-01,"2007 December","3rd 60%",2e+05,"Scss","Absorbed Prices"
"24433",2007-12-01,"2007 December","4th 80%",285000,"Scss","Absorbed Prices"
"24433",2007-12-01,"2007 December","Median",190000,"Scss","Absorbed Prices"
"24433",2007-12-01,"2007 December","Average",230449,"Scss","Absorbed Prices"
"24433",2007-12-01,"2007 December","Units",124,"Scss","Absorbed Prices"
"24433",2008-01-01,"2008 January","1st 20%",155000,"Scss","Absorbed Prices"
"24433",2008-01-01,"2008 January","2nd 40%",181000,"Scss","Absorbed Prices"
"24433",2008-01-01,"2008 January","3rd 60%",2e+05,"Scss","Absorbed Prices"
"24433",2008-01-01,"2008 January","4th 80%",205000,"Scss","Absorbed Prices"
"24433",2008-01-01,"2008 January","Median",2e+05,"Scss","Absorbed Prices"
"24433",2008-01-01,"2008 January","Average",185538,"Scss","Absorbed Prices"
"24433",2008-01-01,"2008 January","Units",13,"Scss","Absorbed Prices"
"24433",2008-02-01,"2008 February","1st 20%",140000,"Scss","Absorbed Prices"
"24433",2008-02-01,"2008 February","2nd 40%",160000,"Scss","Absorbed Prices"
"24433",2008-02-01,"2008 February","3rd 60%",197000,"Scss","Absorbed Prices"
"24433",2008-02-01,"2008 February","4th 80%",240000,"Scss","Absorbed Prices"
"24433",2008-02-01,"2008 February","Median",175000,"Scss","Absorbed Prices"
"24433",2008-02-01,"2008 February","Average",190549,"Scss","Absorbed Prices"
"24433",2008-02-01,"2008 February","Units",75,"Scss","Absorbed Prices"
"24433",2008-03-01,"2008 March","1st 20%",135000,"Scss","Absorbed Prices"
"24433",2008-03-01,"2008 March","2nd 40%",160000,"Scss","Absorbed Prices"
"24433",2008-03-01,"2008 March","3rd 60%",175000,"Scss","Absorbed Prices"
"24433",2008-03-01,"2008 March","4th 80%",244000,"Scss","Absorbed Prices"
"24433",2008-03-01,"2008 March","Median",160000,"Scss","Absorbed Prices"
"24433",2008-03-01,"2008 March","Average",174674,"Scss","Absorbed Prices"
"24433",2008-03-01,"2008 March","Units",43,"Scss","Absorbed Prices"
"24433",2008-04-01,"2008 April","1st 20%",158000,"Scss","Absorbed Prices"
"24433",2008-04-01,"2008 April","2nd 40%",181000,"Scss","Absorbed Prices"
"24433",2008-04-01,"2008 April","3rd 60%",225000,"Scss","Absorbed Prices"
"24433",2008-04-01,"2008 April","4th 80%",281000,"Scss","Absorbed Prices"
"24433",2008-04-01,"2008 April","Median",2e+05,"Scss","Absorbed Prices"
"24433",2008-04-01,"2008 April","Average",237364,"Scss","Absorbed Prices"
"24433",2008-04-01,"2008 April","Units",41,"Scss","Absorbed Prices"
"24433",2008-05-01,"2008 May","1st 20%",136000,"Scss","Absorbed Prices"
"24433",2008-05-01,"2008 May","2nd 40%",171000,"Scss","Absorbed Prices"
"24433",2008-05-01,"2008 May","3rd 60%",2e+05,"Scss","Absorbed Prices"
"24433",2008-05-01,"2008 May","4th 80%",285000,"Scss","Absorbed Prices"
"24433",2008-05-01,"2008 May","Median",187500,"Scss","Absorbed Prices"
"24433",2008-05-01,"2008 May","Average",205417,"Scss","Absorbed Prices"
"24433",2008-05-01,"2008 May","Units",15,"Scss","Absorbed Prices"
"24433",2008-06-01,"2008 June","1st 20%",150000,"Scss","Absorbed Prices"
"24433",2008-06-01,"2008 June","2nd 40%",175000,"Scss","Absorbed Prices"
"24433",2008-06-01,"2008 June","3rd 60%",196000,"Scss","Absorbed Prices"
"24433",2008-06-01,"2008 June","4th 80%",243000,"Scss","Absorbed Prices"
"24433",2008-06-01,"2008 June","Median",185000,"Scss","Absorbed Prices"
"24433",2008-06-01,"2008 June","Average",196281,"Scss","Absorbed Prices"
"24433",2008-06-01,"2008 June","Units",78,"Scss","Absorbed Prices"
"24433",2008-07-01,"2008 July","1st 20%",134000,"Scss","Absorbed Prices"
"24433",2008-07-01,"2008 July","2nd 40%",166000,"Scss","Absorbed Prices"
"24433",2008-07-01,"2008 July","3rd 60%",195000,"Scss","Absorbed Prices"
"24433",2008-07-01,"2008 July","4th 80%",225000,"Scss","Absorbed Prices"
"24433",2008-07-01,"2008 July","Median",180000,"Scss","Absorbed Prices"
"24433",2008-07-01,"2008 July","Average",188408,"Scss","Absorbed Prices"
"24433",2008-07-01,"2008 July","Units",81,"Scss","Absorbed Prices"
"24433",2008-08-01,"2008 August","1st 20%",130000,"Scss","Absorbed Prices"
"24433",2008-08-01,"2008 August","2nd 40%",159000,"Scss","Absorbed Prices"
"24433",2008-08-01,"2008 August","3rd 60%",180000,"Scss","Absorbed Prices"
"24433",2008-08-01,"2008 August","4th 80%",246000,"Scss","Absorbed Prices"
"24433",2008-08-01,"2008 August","Median",170000,"Scss","Absorbed Prices"
"24433",2008-08-01,"2008 August","Average",194889,"Scss","Absorbed Prices"
"24433",2008-08-01,"2008 August","Units",63,"Scss","Absorbed Prices"
"24433",2008-09-01,"2008 September","1st 20%",101000,"Scss","Absorbed Prices"
"24433",2008-09-01,"2008 September","2nd 40%",146000,"Scss","Absorbed Prices"
"24433",2008-09-01,"2008 September","3rd 60%",185000,"Scss","Absorbed Prices"
"24433",2008-09-01,"2008 September","4th 80%",222000,"Scss","Absorbed Prices"
"24433",2008-09-01,"2008 September","Median",160000,"Scss","Absorbed Prices"
"24433",2008-09-01,"2008 September","Average",174359,"Scss","Absorbed Prices"
"24433",2008-09-01,"2008 September","Units",94,"Scss","Absorbed Prices"
"24433",2008-10-01,"2008 October","1st 20%",126000,"Scss","Absorbed Prices"
"24433",2008-10-01,"2008 October","2nd 40%",165000,"Scss","Absorbed Prices"
"24433",2008-10-01,"2008 October","3rd 60%",220000,"Scss","Absorbed Prices"
"24433",2008-10-01,"2008 October","4th 80%",250000,"Scss","Absorbed Prices"
"24433",2008-10-01,"2008 October","Median",190000,"Scss","Absorbed Prices"
"24433",2008-10-01,"2008 October","Average",205887,"Scss","Absorbed Prices"
"24433",2008-10-01,"2008 October","Units",69,"Scss","Absorbed Prices"
"24433",2008-11-01,"2008 November","1st 20%",140000,"Scss","Absorbed Prices"
"24433",2008-11-01,"2008 November","2nd 40%",161000,"Scss","Absorbed Prices"
"24433",2008-11-01,"2008 November","3rd 60%",190000,"Scss","Absorbed Prices"
"24433",2008-11-01,"2008 November","4th 80%",250000,"Scss","Absorbed Prices"
"24433",2008-11-01,"2008 November","Median",175000,"Scss","Absorbed Prices"
"24433",2008-11-01,"2008 November","Average",193982,"Scss","Absorbed Prices"
"24433",2008-11-01,"2008 November","Units",59,"Scss","Absorbed Prices"
"24433",2008-12-01,"2008 December","1st 20%",145000,"Scss","Absorbed Prices"
"24433",2008-12-01,"2008 December","2nd 40%",170000,"Scss","Absorbed Prices"
"24433",2008-12-01,"2008 December","3rd 60%",225000,"Scss","Absorbed Prices"
"24433",2008-12-01,"2008 December","4th 80%",290000,"Scss","Absorbed Prices"
"24433",2008-12-01,"2008 December","Median",190000,"Scss","Absorbed Prices"
"24433",2008-12-01,"2008 December","Average",225075,"Scss","Absorbed Prices"
"24433",2008-12-01,"2008 December","Units",59,"Scss","Absorbed Prices"
"24433",2009-01-01,"2009 January","1st 20%",180000,"Scss","Absorbed Prices"
"24433",2009-01-01,"2009 January","2nd 40%",190000,"Scss","Absorbed Prices"
"24433",2009-01-01,"2009 January","3rd 60%",220000,"Scss","Absorbed Prices"
"24433",2009-01-01,"2009 January","4th 80%",275000,"Scss","Absorbed Prices"
"24433",2009-01-01,"2009 January","Median",195000,"Scss","Absorbed Prices"
"24433",2009-01-01,"2009 January","Average",233375,"Scss","Absorbed Prices"
"24433",2009-01-01,"2009 January","Units",37,"Scss","Absorbed Prices"
"24433",2009-02-01,"2009 February","1st 20%",150000,"Scss","Absorbed Prices"
"24433",2009-02-01,"2009 February","2nd 40%",170000,"Scss","Absorbed Prices"
"24433",2009-02-01,"2009 February","3rd 60%",2e+05,"Scss","Absorbed Prices"
"24433",2009-02-01,"2009 February","4th 80%",240000,"Scss","Absorbed Prices"
"24433",2009-02-01,"2009 February","Median",185000,"Scss","Absorbed Prices"
"24433",2009-02-01,"2009 February","Average",204718,"Scss","Absorbed Prices"
"24433",2009-02-01,"2009 February","Units",39,"Scss","Absorbed Prices"
"24433",2009-03-01,"2009 March","1st 20%",145000,"Scss","Absorbed Prices"
"24433",2009-03-01,"2009 March","2nd 40%",159000,"Scss","Absorbed Prices"
"24433",2009-03-01,"2009 March","3rd 60%",176000,"Scss","Absorbed Prices"
"24433",2009-03-01,"2009 March","4th 80%",215000,"Scss","Absorbed Prices"
"24433",2009-03-01,"2009 March","Median",165000,"Scss","Absorbed Prices"
"24433",2009-03-01,"2009 March","Average",182427,"Scss","Absorbed Prices"
"24433",2009-03-01,"2009 March","Units",42,"Scss","Absorbed Prices"
"24433",2009-04-01,"2009 April","1st 20%",146000,"Scss","Absorbed Prices"
"24433",2009-04-01,"2009 April","2nd 40%",183000,"Scss","Absorbed Prices"
"24433",2009-04-01,"2009 April","3rd 60%",240000,"Scss","Absorbed Prices"
"24433",2009-04-01,"2009 April","4th 80%",278000,"Scss","Absorbed Prices"
"24433",2009-04-01,"2009 April","Median",210000,"Scss","Absorbed Prices"
"24433",2009-04-01,"2009 April","Average",234525,"Scss","Absorbed Prices"
"24433",2009-04-01,"2009 April","Units",44,"Scss","Absorbed Prices"
"24433",2009-05-01,"2009 May","1st 20%",140000,"Scss","Absorbed Prices"
"24433",2009-05-01,"2009 May","2nd 40%",150000,"Scss","Absorbed Prices"
"24433",2009-05-01,"2009 May","3rd 60%",180000,"Scss","Absorbed Prices"
"24433",2009-05-01,"2009 May","4th 80%",275000,"Scss","Absorbed Prices"
"24433",2009-05-01,"2009 May","Median",167500,"Scss","Absorbed Prices"
"24433",2009-05-01,"2009 May","Average",204441,"Scss","Absorbed Prices"
"24433",2009-05-01,"2009 May","Units",36,"Scss","Absorbed Prices"
"24433",2009-06-01,"2009 June","1st 20%",120000,"Scss","Absorbed Prices"
"24433",2009-06-01,"2009 June","2nd 40%",165000,"Scss","Absorbed Prices"
"24433",2009-06-01,"2009 June","3rd 60%",195000,"Scss","Absorbed Prices"
"24433",2009-06-01,"2009 June","4th 80%",245000,"Scss","Absorbed Prices"
"24433",2009-06-01,"2009 June","Median",185000,"Scss","Absorbed Prices"
"24433",2009-06-01,"2009 June","Average",191571,"Scss","Absorbed Prices"
"24433",2009-06-01,"2009 June","Units",124,"Scss","Absorbed Prices"
"24433",2009-07-01,"2009 July","1st 20%",1e+05,"Scss","Absorbed Prices"
"24433",2009-07-01,"2009 July","2nd 40%",130000,"Scss","Absorbed Prices"
"24433",2009-07-01,"2009 July","3rd 60%",162000,"Scss","Absorbed Prices"
"24433",2009-07-01,"2009 July","4th 80%",201000,"Scss","Absorbed Prices"
"24433",2009-07-01,"2009 July","Median",145000,"Scss","Absorbed Prices"
"24433",2009-07-01,"2009 July","Average",164548,"Scss","Absorbed Prices"
"24433",2009-07-01,"2009 July","Units",67,"Scss","Absorbed Prices"
"24433",2009-08-01,"2009 August","1st 20%",140000,"Scss","Absorbed Prices"
"24433",2009-08-01,"2009 August","2nd 40%",155000,"Scss","Absorbed Prices"
"24433",2009-08-01,"2009 August","3rd 60%",170000,"Scss","Absorbed Prices"
"24433",2009-08-01,"2009 August","4th 80%",210000,"Scss","Absorbed Prices"
"24433",2009-08-01,"2009 August","Median",160000,"Scss","Absorbed Prices"
"24433",2009-08-01,"2009 August","Average",186162,"Scss","Absorbed Prices"
"24433",2009-08-01,"2009 August","Units",76,"Scss","Absorbed Prices"
"24433",2009-09-01,"2009 September","1st 20%",140000,"Scss","Absorbed Prices"
"24433",2009-09-01,"2009 September","2nd 40%",155000,"Scss","Absorbed Prices"
"24433",2009-09-01,"2009 September","3rd 60%",2e+05,"Scss","Absorbed Prices"
"24433",2009-09-01,"2009 September","4th 80%",230000,"Scss","Absorbed Prices"
"24433",2009-09-01,"2009 September","Median",175000,"Scss","Absorbed Prices"
"24433",2009-09-01,"2009 September","Average",205795,"Scss","Absorbed Prices"
"24433",2009-09-01,"2009 September","Units",42,"Scss","Absorbed Prices"
"24433",2009-10-01,"2009 October","1st 20%",1e+05,"Scss","Absorbed Prices"
"24433",2009-10-01,"2009 October","2nd 40%",175000,"Scss","Absorbed Prices"
"24433",2009-10-01,"2009 October","3rd 60%",210000,"Scss","Absorbed Prices"
"24433",2009-10-01,"2009 October","4th 80%",260000,"Scss","Absorbed Prices"
"24433",2009-10-01,"2009 October","Median",190000,"Scss","Absorbed Prices"
"24433",2009-10-01,"2009 October","Average",179020,"Scss","Absorbed Prices"
"24433",2009-10-01,"2009 October","Units",50,"Scss","Absorbed Prices"
"24433",2009-11-01,"2009 November","1st 20%",1e+05,"Scss","Absorbed Prices"
"24433",2009-11-01,"2009 November","2nd 40%",115000,"Scss","Absorbed Prices"
"24433",2009-11-01,"2009 November","3rd 60%",154000,"Scss","Absorbed Prices"
"24433",2009-11-01,"2009 November","4th 80%",202000,"Scss","Absorbed Prices"
"24433",2009-11-01,"2009 November","Median",137500,"Scss","Absorbed Prices"
"24433",2009-11-01,"2009 November","Average",153271,"Scss","Absorbed Prices"
"24433",2009-11-01,"2009 November","Units",48,"Scss","Absorbed Prices"
"24433",2009-12-01,"2009 December","1st 20%",155000,"Scss","Absorbed Prices"
"24433",2009-12-01,"2009 December","2nd 40%",175000,"Scss","Absorbed Prices"
"24433",2009-12-01,"2009 December","3rd 60%",180000,"Scss","Absorbed Prices"
"24433",2009-12-01,"2009 December","4th 80%",275000,"Scss","Absorbed Prices"
"24433",2009-12-01,"2009 December","Median",180000,"Scss","Absorbed Prices"
"24433",2009-12-01,"2009 December","Average",235947,"Scss","Absorbed Prices"
"24433",2009-12-01,"2009 December","Units",21,"Scss","Absorbed Prices"
"24433",2010-01-01,"2010 January","1st 20%",NA,"Scss","Absorbed Prices"
"24433",2010-01-01,"2010 January","2nd 40%",NA,"Scss","Absorbed Prices"
"24433",2010-01-01,"2010 January","3rd 60%",NA,"Scss","Absorbed Prices"
"24433",2010-01-01,"2010 January","4th 80%",NA,"Scss","Absorbed Prices"
"24433",2010-01-01,"2010 January","Median",NA,"Scss","Absorbed Prices"
"24433",2010-01-01,"2010 January","Average",188900,"Scss","Absorbed Prices"
"24433",2010-01-01,"2010 January","Units",20,"Scss","Absorbed Prices"
"24433",2010-02-01,"2010 February","1st 20%",177000,"Scss","Absorbed Prices"
"24433",2010-02-01,"2010 February","2nd 40%",2e+05,"Scss","Absorbed Prices"
"24433",2010-02-01,"2010 February","3rd 60%",245000,"Scss","Absorbed Prices"
"24433",2010-02-01,"2010 February","4th 80%",272000,"Scss","Absorbed Prices"
"24433",2010-02-01,"2010 February","Median",222500,"Scss","Absorbed Prices"
"24433",2010-02-01,"2010 February","Average",186720,"Scss","Absorbed Prices"
"24433",2010-02-01,"2010 February","Units",25,"Scss","Absorbed Prices"
"24433",2010-03-01,"2010 March","1st 20%",170000,"Scss","Absorbed Prices"
"24433",2010-03-01,"2010 March","2nd 40%",195000,"Scss","Absorbed Prices"
"24433",2010-03-01,"2010 March","3rd 60%",225000,"Scss","Absorbed Prices"
"24433",2010-03-01,"2010 March","4th 80%",315000,"Scss","Absorbed Prices"
"24433",2010-03-01,"2010 March","Median",220000,"Scss","Absorbed Prices"
"24433",2010-03-01,"2010 March","Average",234409,"Scss","Absorbed Prices"
"24433",2010-03-01,"2010 March","Units",21,"Scss","Absorbed Prices"
"24433",2010-04-01,"2010 April","1st 20%",153000,"Scss","Absorbed Prices"
"24433",2010-04-01,"2010 April","2nd 40%",167000,"Scss","Absorbed Prices"
"24433",2010-04-01,"2010 April","3rd 60%",2e+05,"Scss","Absorbed Prices"
"24433",2010-04-01,"2010 April","4th 80%",238000,"Scss","Absorbed Prices"
"24433",2010-04-01,"2010 April","Median",185000,"Scss","Absorbed Prices"
"24433",2010-04-01,"2010 April","Average",208209,"Scss","Absorbed Prices"
"24433",2010-04-01,"2010 April","Units",37,"Scss","Absorbed Prices"
"24433",2010-05-01,"2010 May","1st 20%",182000,"Scss","Absorbed Prices"
"24433",2010-05-01,"2010 May","2nd 40%",204000,"Scss","Absorbed Prices"
"24433",2010-05-01,"2010 May","3rd 60%",228000,"Scss","Absorbed Prices"
"24433",2010-05-01,"2010 May","4th 80%",286000,"Scss","Absorbed Prices"
"24433",2010-05-01,"2010 May","Median",225000,"Scss","Absorbed Prices"
"24433",2010-05-01,"2010 May","Average",212666,"Scss","Absorbed Prices"
"24433",2010-05-01,"2010 May","Units",33,"Scss","Absorbed Prices"
"24433",2010-06-01,"2010 June","1st 20%",163000,"Scss","Absorbed Prices"
"24433",2010-06-01,"2010 June","2nd 40%",182000,"Scss","Absorbed Prices"
"24433",2010-06-01,"2010 June","3rd 60%",217000,"Scss","Absorbed Prices"
"24433",2010-06-01,"2010 June","4th 80%",244000,"Scss","Absorbed Prices"
"24433",2010-06-01,"2010 June","Median",190000,"Scss","Absorbed Prices"
"24433",2010-06-01,"2010 June","Average",202339,"Scss","Absorbed Prices"
"24433",2010-06-01,"2010 June","Units",41,"Scss","Absorbed Prices"
"24433",2010-07-01,"2010 July","1st 20%",110000,"Scss","Absorbed Prices"
"24433",2010-07-01,"2010 July","2nd 40%",155000,"Scss","Absorbed Prices"
"24433",2010-07-01,"2010 July","3rd 60%",195000,"Scss","Absorbed Prices"
"24433",2010-07-01,"2010 July","4th 80%",230000,"Scss","Absorbed Prices"
"24433",2010-07-01,"2010 July","Median",175000,"Scss","Absorbed Prices"
"24433",2010-07-01,"2010 July","Average",184037,"Scss","Absorbed Prices"
"24433",2010-07-01,"2010 July","Units",134,"Scss","Absorbed Prices"
"24433",2010-08-01,"2010 August","1st 20%",166000,"Scss","Absorbed Prices"
"24433",2010-08-01,"2010 August","2nd 40%",184000,"Scss","Absorbed Prices"
"24433",2010-08-01,"2010 August","3rd 60%",2e+05,"Scss","Absorbed Prices"
"24433",2010-08-01,"2010 August","4th 80%",235000,"Scss","Absorbed Prices"
"24433",2010-08-01,"2010 August","Median",2e+05,"Scss","Absorbed Prices"
"24433",2010-08-01,"2010 August","Average",197373,"Scss","Absorbed Prices"
"24433",2010-08-01,"2010 August","Units",37,"Scss","Absorbed Prices"
"24433",2010-09-01,"2010 September","1st 20%",194000,"Scss","Absorbed Prices"
"24433",2010-09-01,"2010 September","2nd 40%",214000,"Scss","Absorbed Prices"
"24433",2010-09-01,"2010 September","3rd 60%",254000,"Scss","Absorbed Prices"
"24433",2010-09-01,"2010 September","4th 80%",287000,"Scss","Absorbed Prices"
"24433",2010-09-01,"2010 September","Median",240000,"Scss","Absorbed Prices"
"24433",2010-09-01,"2010 September","Average",210981,"Scss","Absorbed Prices"
"24433",2010-09-01,"2010 September","Units",30,"Scss","Absorbed Prices"
"24433",2010-10-01,"2010 October","1st 20%",153000,"Scss","Absorbed Prices"
"24433",2010-10-01,"2010 October","2nd 40%",170000,"Scss","Absorbed Prices"
"24433",2010-10-01,"2010 October","3rd 60%",2e+05,"Scss","Absorbed Prices"
"24433",2010-10-01,"2010 October","4th 80%",275000,"Scss","Absorbed Prices"
"24433",2010-10-01,"2010 October","Median",185000,"Scss","Absorbed Prices"
"24433",2010-10-01,"2010 October","Average",217243,"Scss","Absorbed Prices"
"24433",2010-10-01,"2010 October","Units",67,"Scss","Absorbed Prices"
"24433",2010-11-01,"2010 November","1st 20%",193000,"Scss","Absorbed Prices"
"24433",2010-11-01,"2010 November","2nd 40%",220000,"Scss","Absorbed Prices"
"24433",2010-11-01,"2010 November","3rd 60%",240000,"Scss","Absorbed Prices"
"24433",2010-11-01,"2010 November","4th 80%",302000,"Scss","Absorbed Prices"
"24433",2010-11-01,"2010 November","Median",235000,"Scss","Absorbed Prices"
"24433",2010-11-01,"2010 November","Average",236543,"Scss","Absorbed Prices"
"24433",2010-11-01,"2010 November","Units",32,"Scss","Absorbed Prices"
"24433",2010-12-01,"2010 December","1st 20%",150000,"Scss","Absorbed Prices"
"24433",2010-12-01,"2010 December","2nd 40%",170000,"Scss","Absorbed Prices"
"24433",2010-12-01,"2010 December","3rd 60%",218000,"Scss","Absorbed Prices"
"24433",2010-12-01,"2010 December","4th 80%",270000,"Scss","Absorbed Prices"
"24433",2010-12-01,"2010 December","Median",170000,"Scss","Absorbed Prices"
"24433",2010-12-01,"2010 December","Average",220675,"Scss","Absorbed Prices"
"24433",2010-12-01,"2010 December","Units",35,"Scss","Absorbed Prices"
"24433",2011-01-01,"2011 January","1st 20%",140000,"Scss","Absorbed Prices"
"24433",2011-01-01,"2011 January","2nd 40%",161000,"Scss","Absorbed Prices"
"24433",2011-01-01,"2011 January","3rd 60%",190000,"Scss","Absorbed Prices"
"24433",2011-01-01,"2011 January","4th 80%",220000,"Scss","Absorbed Prices"
"24433",2011-01-01,"2011 January","Median",170000,"Scss","Absorbed Prices"
"24433",2011-01-01,"2011 January","Average",190848,"Scss","Absorbed Prices"
"24433",2011-01-01,"2011 January","Units",42,"Scss","Absorbed Prices"
"24433",2011-02-01,"2011 February","1st 20%",NA,"Scss","Absorbed Prices"
"24433",2011-02-01,"2011 February","2nd 40%",NA,"Scss","Absorbed Prices"
"24433",2011-02-01,"2011 February","3rd 60%",NA,"Scss","Absorbed Prices"
"24433",2011-02-01,"2011 February","4th 80%",NA,"Scss","Absorbed Prices"
"24433",2011-02-01,"2011 February","Median",NA,"Scss","Absorbed Prices"
"24433",2011-02-01,"2011 February","Average",221827,"Scss","Absorbed Prices"
"24433",2011-02-01,"2011 February","Units",15,"Scss","Absorbed Prices"
"24433",2011-03-01,"2011 March","1st 20%",172000,"Scss","Absorbed Prices"
"24433",2011-03-01,"2011 March","2nd 40%",207000,"Scss","Absorbed Prices"
"24433",2011-03-01,"2011 March","3rd 60%",215000,"Scss","Absorbed Prices"
"24433",2011-03-01,"2011 March","4th 80%",257000,"Scss","Absorbed Prices"
"24433",2011-03-01,"2011 March","Median",215000,"Scss","Absorbed Prices"
"24433",2011-03-01,"2011 March","Average",209663,"Scss","Absorbed Prices"
"24433",2011-03-01,"2011 March","Units",24,"Scss","Absorbed Prices"
"24433",2011-04-01,"2011 April","1st 20%",150000,"Scss","Absorbed Prices"
"24433",2011-04-01,"2011 April","2nd 40%",160000,"Scss","Absorbed Prices"
"24433",2011-04-01,"2011 April","3rd 60%",178000,"Scss","Absorbed Prices"
"24433",2011-04-01,"2011 April","4th 80%",2e+05,"Scss","Absorbed Prices"
"24433",2011-04-01,"2011 April","Median",170000,"Scss","Absorbed Prices"
"24433",2011-04-01,"2011 April","Average",183554,"Scss","Absorbed Prices"
"24433",2011-04-01,"2011 April","Units",50,"Scss","Absorbed Prices"
"24433",2011-05-01,"2011 May","1st 20%",150000,"Scss","Absorbed Prices"
"24433",2011-05-01,"2011 May","2nd 40%",160000,"Scss","Absorbed Prices"
"24433",2011-05-01,"2011 May","3rd 60%",182000,"Scss","Absorbed Prices"
"24433",2011-05-01,"2011 May","4th 80%",266000,"Scss","Absorbed Prices"
"24433",2011-05-01,"2011 May","Median",170000,"Scss","Absorbed Prices"
"24433",2011-05-01,"2011 May","Average",197368,"Scss","Absorbed Prices"
"24433",2011-05-01,"2011 May","Units",43,"Scss","Absorbed Prices"
"24433",2011-06-01,"2011 June","1st 20%",185000,"Scss","Absorbed Prices"
"24433",2011-06-01,"2011 June","2nd 40%",225000,"Scss","Absorbed Prices"
"24433",2011-06-01,"2011 June","3rd 60%",250000,"Scss","Absorbed Prices"
"24433",2011-06-01,"2011 June","4th 80%",4e+05,"Scss","Absorbed Prices"
"24433",2011-06-01,"2011 June","Median",240000,"Scss","Absorbed Prices"
"24433",2011-06-01,"2011 June","Average",232082,"Scss","Absorbed Prices"
"24433",2011-06-01,"2011 June","Units",40,"Scss","Absorbed Prices"
"24433",2011-07-01,"2011 July","1st 20%",195000,"Scss","Absorbed Prices"
"24433",2011-07-01,"2011 July","2nd 40%",215000,"Scss","Absorbed Prices"
"24433",2011-07-01,"2011 July","3rd 60%",245000,"Scss","Absorbed Prices"
"24433",2011-07-01,"2011 July","4th 80%",270000,"Scss","Absorbed Prices"
"24433",2011-07-01,"2011 July","Median",237500,"Scss","Absorbed Prices"
"24433",2011-07-01,"2011 July","Average",236287,"Scss","Absorbed Prices"
"24433",2011-07-01,"2011 July","Units",64,"Scss","Absorbed Prices"
"24433",2011-08-01,"2011 August","1st 20%",191000,"Scss","Absorbed Prices"
"24433",2011-08-01,"2011 August","2nd 40%",236000,"Scss","Absorbed Prices"
"24433",2011-08-01,"2011 August","3rd 60%",291000,"Scss","Absorbed Prices"
"24433",2011-08-01,"2011 August","4th 80%",366000,"Scss","Absorbed Prices"
"24433",2011-08-01,"2011 August","Median",260000,"Scss","Absorbed Prices"
"24433",2011-08-01,"2011 August","Average",272152,"Scss","Absorbed Prices"
"24433",2011-08-01,"2011 August","Units",59,"Scss","Absorbed Prices"
"24433",2011-09-01,"2011 September","1st 20%",189000,"Scss","Absorbed Prices"
"24433",2011-09-01,"2011 September","2nd 40%",225000,"Scss","Absorbed Prices"
"24433",2011-09-01,"2011 September","3rd 60%",240000,"Scss","Absorbed Prices"
"24433",2011-09-01,"2011 September","4th 80%",312000,"Scss","Absorbed Prices"
"24433",2011-09-01,"2011 September","Median",227500,"Scss","Absorbed Prices"
"24433",2011-09-01,"2011 September","Average",245658,"Scss","Absorbed Prices"
"24433",2011-09-01,"2011 September","Units",30,"Scss","Absorbed Prices"
"24433",2011-10-01,"2011 October","1st 20%",2e+05,"Scss","Absorbed Prices"
"24433",2011-10-01,"2011 October","2nd 40%",237000,"Scss","Absorbed Prices"
"24433",2011-10-01,"2011 October","3rd 60%",260000,"Scss","Absorbed Prices"
"24433",2011-10-01,"2011 October","4th 80%",318000,"Scss","Absorbed Prices"
"24433",2011-10-01,"2011 October","Median",245000,"Scss","Absorbed Prices"
"24433",2011-10-01,"2011 October","Average",257695,"Scss","Absorbed Prices"
"24433",2011-10-01,"2011 October","Units",56,"Scss","Absorbed Prices"
"24433",2011-11-01,"2011 November","1st 20%",160000,"Scss","Absorbed Prices"
"24433",2011-11-01,"2011 November","2nd 40%",188000,"Scss","Absorbed Prices"
"24433",2011-11-01,"2011 November","3rd 60%",210000,"Scss","Absorbed Prices"
"24433",2011-11-01,"2011 November","4th 80%",268000,"Scss","Absorbed Prices"
"24433",2011-11-01,"2011 November","Median",2e+05,"Scss","Absorbed Prices"
"24433",2011-11-01,"2011 November","Average",219514,"Scss","Absorbed Prices"
"24433",2011-11-01,"2011 November","Units",73,"Scss","Absorbed Prices"
"24433",2011-12-01,"2011 December","1st 20%",160000,"Scss","Absorbed Prices"
"24433",2011-12-01,"2011 December","2nd 40%",180000,"Scss","Absorbed Prices"
"24433",2011-12-01,"2011 December","3rd 60%",216000,"Scss","Absorbed Prices"
"24433",2011-12-01,"2011 December","4th 80%",255000,"Scss","Absorbed Prices"
"24433",2011-12-01,"2011 December","Median",2e+05,"Scss","Absorbed Prices"
"24433",2011-12-01,"2011 December","Average",212925,"Scss","Absorbed Prices"
"24433",2011-12-01,"2011 December","Units",61,"Scss","Absorbed Prices"
"24433",2012-01-01,"2012 January","1st 20%",205000,"Scss","Absorbed Prices"
"24433",2012-01-01,"2012 January","2nd 40%",220000,"Scss","Absorbed Prices"
"24433",2012-01-01,"2012 January","3rd 60%",240000,"Scss","Absorbed Prices"
"24433",2012-01-01,"2012 January","4th 80%",270000,"Scss","Absorbed Prices"
"24433",2012-01-01,"2012 January","Median",227500,"Scss","Absorbed Prices"
"24433",2012-01-01,"2012 January","Average",233752,"Scss","Absorbed Prices"
"24433",2012-01-01,"2012 January","Units",27,"Scss","Absorbed Prices"
"24433",2012-02-01,"2012 February","1st 20%",207000,"Scss","Absorbed Prices"
"24433",2012-02-01,"2012 February","2nd 40%",249000,"Scss","Absorbed Prices"
"24433",2012-02-01,"2012 February","3rd 60%",290000,"Scss","Absorbed Prices"
"24433",2012-02-01,"2012 February","4th 80%",360000,"Scss","Absorbed Prices"
"24433",2012-02-01,"2012 February","Median",265000,"Scss","Absorbed Prices"
"24433",2012-02-01,"2012 February","Average",284952,"Scss","Absorbed Prices"
"24433",2012-02-01,"2012 February","Units",66,"Scss","Absorbed Prices"
"24433",2012-03-01,"2012 March","1st 20%",177000,"Scss","Absorbed Prices"
"24433",2012-03-01,"2012 March","2nd 40%",229000,"Scss","Absorbed Prices"
"24433",2012-03-01,"2012 March","3rd 60%",261000,"Scss","Absorbed Prices"
"24433",2012-03-01,"2012 March","4th 80%",331000,"Scss","Absorbed Prices"
"24433",2012-03-01,"2012 March","Median",245000,"Scss","Absorbed Prices"
"24433",2012-03-01,"2012 March","Average",254268,"Scss","Absorbed Prices"
"24433",2012-03-01,"2012 March","Units",32,"Scss","Absorbed Prices"
"24433",2012-04-01,"2012 April","1st 20%",211000,"Scss","Absorbed Prices"
"24433",2012-04-01,"2012 April","2nd 40%",232000,"Scss","Absorbed Prices"
"24433",2012-04-01,"2012 April","3rd 60%",283000,"Scss","Absorbed Prices"
"24433",2012-04-01,"2012 April","4th 80%",330000,"Scss","Absorbed Prices"
"24433",2012-04-01,"2012 April","Median",250000,"Scss","Absorbed Prices"
"24433",2012-04-01,"2012 April","Average",236054,"Scss","Absorbed Prices"
"24433",2012-04-01,"2012 April","Units",58,"Scss","Absorbed Prices"
"24433",2012-05-01,"2012 May","1st 20%",160000,"Scss","Absorbed Prices"
"24433",2012-05-01,"2012 May","2nd 40%",174000,"Scss","Absorbed Prices"
"24433",2012-05-01,"2012 May","3rd 60%",205000,"Scss","Absorbed Prices"
"24433",2012-05-01,"2012 May","4th 80%",250000,"Scss","Absorbed Prices"
"24433",2012-05-01,"2012 May","Median",2e+05,"Scss","Absorbed Prices"
"24433",2012-05-01,"2012 May","Average",214015,"Scss","Absorbed Prices"
"24433",2012-05-01,"2012 May","Units",60,"Scss","Absorbed Prices"
"24433",2012-06-01,"2012 June","1st 20%",183000,"Scss","Absorbed Prices"
"24433",2012-06-01,"2012 June","2nd 40%",215000,"Scss","Absorbed Prices"
"24433",2012-06-01,"2012 June","3rd 60%",245000,"Scss","Absorbed Prices"
"24433",2012-06-01,"2012 June","4th 80%",290000,"Scss","Absorbed Prices"
"24433",2012-06-01,"2012 June","Median",230000,"Scss","Absorbed Prices"
"24433",2012-06-01,"2012 June","Average",238225,"Scss","Absorbed Prices"
"24433",2012-06-01,"2012 June","Units",97,"Scss","Absorbed Prices"
"24433",2012-07-01,"2012 July","1st 20%",175000,"Scss","Absorbed Prices"
"24433",2012-07-01,"2012 July","2nd 40%",2e+05,"Scss","Absorbed Prices"
"24433",2012-07-01,"2012 July","3rd 60%",240000,"Scss","Absorbed Prices"
"24433",2012-07-01,"2012 July","4th 80%",296000,"Scss","Absorbed Prices"
"24433",2012-07-01,"2012 July","Median",230000,"Scss","Absorbed Prices"
"24433",2012-07-01,"2012 July","Average",239486,"Scss","Absorbed Prices"
"24433",2012-07-01,"2012 July","Units",113,"Scss","Absorbed Prices"
"24433",2012-08-01,"2012 August","1st 20%",180000,"Scss","Absorbed Prices"
"24433",2012-08-01,"2012 August","2nd 40%",225000,"Scss","Absorbed Prices"
"24433",2012-08-01,"2012 August","3rd 60%",277000,"Scss","Absorbed Prices"
"24433",2012-08-01,"2012 August","4th 80%",315000,"Scss","Absorbed Prices"
"24433",2012-08-01,"2012 August","Median",245000,"Scss","Absorbed Prices"
"24433",2012-08-01,"2012 August","Average",266342,"Scss","Absorbed Prices"
"24433",2012-08-01,"2012 August","Units",61,"Scss","Absorbed Prices"
"24433",2012-09-01,"2012 September","1st 20%",195000,"Scss","Absorbed Prices"
"24433",2012-09-01,"2012 September","2nd 40%",250000,"Scss","Absorbed Prices"
"24433",2012-09-01,"2012 September","3rd 60%",275000,"Scss","Absorbed Prices"
"24433",2012-09-01,"2012 September","4th 80%",320000,"Scss","Absorbed Prices"
"24433",2012-09-01,"2012 September","Median",260000,"Scss","Absorbed Prices"
"24433",2012-09-01,"2012 September","Average",266051,"Scss","Absorbed Prices"
"24433",2012-09-01,"2012 September","Units",79,"Scss","Absorbed Prices"
"24433",2012-10-01,"2012 October","1st 20%",198000,"Scss","Absorbed Prices"
"24433",2012-10-01,"2012 October","2nd 40%",258000,"Scss","Absorbed Prices"
"24433",2012-10-01,"2012 October","3rd 60%",297000,"Scss","Absorbed Prices"
"24433",2012-10-01,"2012 October","4th 80%",327000,"Scss","Absorbed Prices"
"24433",2012-10-01,"2012 October","Median",272500,"Scss","Absorbed Prices"
"24433",2012-10-01,"2012 October","Average",267536,"Scss","Absorbed Prices"
"24433",2012-10-01,"2012 October","Units",58,"Scss","Absorbed Prices"
"24433",2012-11-01,"2012 November","1st 20%",170000,"Scss","Absorbed Prices"
"24433",2012-11-01,"2012 November","2nd 40%",226000,"Scss","Absorbed Prices"
"24433",2012-11-01,"2012 November","3rd 60%",283000,"Scss","Absorbed Prices"
"24433",2012-11-01,"2012 November","4th 80%",343000,"Scss","Absorbed Prices"
"24433",2012-11-01,"2012 November","Median",260000,"Scss","Absorbed Prices"
"24433",2012-11-01,"2012 November","Average",267800,"Scss","Absorbed Prices"
"24433",2012-11-01,"2012 November","Units",55,"Scss","Absorbed Prices"
"24433",2012-12-01,"2012 December","1st 20%",177000,"Scss","Absorbed Prices"
"24433",2012-12-01,"2012 December","2nd 40%",235000,"Scss","Absorbed Prices"
"24433",2012-12-01,"2012 December","3rd 60%",275000,"Scss","Absorbed Prices"
"24433",2012-12-01,"2012 December","4th 80%",350000,"Scss","Absorbed Prices"
"24433",2012-12-01,"2012 December","Median",250000,"Scss","Absorbed Prices"
"24433",2012-12-01,"2012 December","Average",276477,"Scss","Absorbed Prices"
"24433",2012-12-01,"2012 December","Units",61,"Scss","Absorbed Prices"
"24433",2013-01-01,"2013 January","1st 20%",2e+05,"Scss","Absorbed Prices"
"24433",2013-01-01,"2013 January","2nd 40%",237000,"Scss","Absorbed Prices"
"24433",2013-01-01,"2013 January","3rd 60%",279000,"Scss","Absorbed Prices"
"24433",2013-01-01,"2013 January","4th 80%",332000,"Scss","Absorbed Prices"
"24433",2013-01-01,"2013 January","Median",250000,"Scss","Absorbed Prices"
"24433",2013-01-01,"2013 January","Average",277863,"Scss","Absorbed Prices"
"24433",2013-01-01,"2013 January","Units",56,"Scss","Absorbed Prices"
"24433",2013-02-01,"2013 February","1st 20%",221000,"Scss","Absorbed Prices"
"24433",2013-02-01,"2013 February","2nd 40%",250000,"Scss","Absorbed Prices"
"24433",2013-02-01,"2013 February","3rd 60%",3e+05,"Scss","Absorbed Prices"
"24433",2013-02-01,"2013 February","4th 80%",375000,"Scss","Absorbed Prices"
"24433",2013-02-01,"2013 February","Median",260000,"Scss","Absorbed Prices"
"24433",2013-02-01,"2013 February","Average",260035,"Scss","Absorbed Prices"
"24433",2013-02-01,"2013 February","Units",31,"Scss","Absorbed Prices"
"24433",2013-03-01,"2013 March","1st 20%",175000,"Scss","Absorbed Prices"
"24433",2013-03-01,"2013 March","2nd 40%",205000,"Scss","Absorbed Prices"
"24433",2013-03-01,"2013 March","3rd 60%",252000,"Scss","Absorbed Prices"
"24433",2013-03-01,"2013 March","4th 80%",285000,"Scss","Absorbed Prices"
"24433",2013-03-01,"2013 March","Median",230000,"Scss","Absorbed Prices"
"24433",2013-03-01,"2013 March","Average",248302,"Scss","Absorbed Prices"
"24433",2013-03-01,"2013 March","Units",41,"Scss","Absorbed Prices"
"24433",2013-04-01,"2013 April","1st 20%",187000,"Scss","Absorbed Prices"
"24433",2013-04-01,"2013 April","2nd 40%",226000,"Scss","Absorbed Prices"
"24433",2013-04-01,"2013 April","3rd 60%",269000,"Scss","Absorbed Prices"
"24433",2013-04-01,"2013 April","4th 80%",314000,"Scss","Absorbed Prices"
"24433",2013-04-01,"2013 April","Median",255000,"Scss","Absorbed Prices"
"24433",2013-04-01,"2013 April","Average",264650,"Scss","Absorbed Prices"
"24433",2013-04-01,"2013 April","Units",47,"Scss","Absorbed Prices"
"24433",2013-05-01,"2013 May","1st 20%",170000,"Scss","Absorbed Prices"
"24433",2013-05-01,"2013 May","2nd 40%",205000,"Scss","Absorbed Prices"
"24433",2013-05-01,"2013 May","3rd 60%",265000,"Scss","Absorbed Prices"
"24433",2013-05-01,"2013 May","4th 80%",320000,"Scss","Absorbed Prices"
"24433",2013-05-01,"2013 May","Median",230000,"Scss","Absorbed Prices"
"24433",2013-05-01,"2013 May","Average",255872,"Scss","Absorbed Prices"
"24433",2013-05-01,"2013 May","Units",49,"Scss","Absorbed Prices"
"24433",2013-06-01,"2013 June","1st 20%",175000,"Scss","Absorbed Prices"
"24433",2013-06-01,"2013 June","2nd 40%",201000,"Scss","Absorbed Prices"
"24433",2013-06-01,"2013 June","3rd 60%",249000,"Scss","Absorbed Prices"
"24433",2013-06-01,"2013 June","4th 80%",310000,"Scss","Absorbed Prices"
"24433",2013-06-01,"2013 June","Median",215000,"Scss","Absorbed Prices"
"24433",2013-06-01,"2013 June","Average",242718,"Scss","Absorbed Prices"
"24433",2013-06-01,"2013 June","Units",87,"Scss","Absorbed Prices"
"24433",2013-07-01,"2013 July","1st 20%",185000,"Scss","Absorbed Prices"
"24433",2013-07-01,"2013 July","2nd 40%",225000,"Scss","Absorbed Prices"
"24433",2013-07-01,"2013 July","3rd 60%",285000,"Scss","Absorbed Prices"
"24433",2013-07-01,"2013 July","4th 80%",325000,"Scss","Absorbed Prices"
"24433",2013-07-01,"2013 July","Median",250000,"Scss","Absorbed Prices"
"24433",2013-07-01,"2013 July","Average",263068,"Scss","Absorbed Prices"
"24433",2013-07-01,"2013 July","Units",89,"Scss","Absorbed Prices"
"24433",2013-08-01,"2013 August","1st 20%",185000,"Scss","Absorbed Prices"
"24433",2013-08-01,"2013 August","2nd 40%",225000,"Scss","Absorbed Prices"
"24433",2013-08-01,"2013 August","3rd 60%",280000,"Scss","Absorbed Prices"
"24433",2013-08-01,"2013 August","4th 80%",325000,"Scss","Absorbed Prices"
"24433",2013-08-01,"2013 August","Median",250000,"Scss","Absorbed Prices"
"24433",2013-08-01,"2013 August","Average",259758,"Scss","Absorbed Prices"
"24433",2013-08-01,"2013 August","Units",73,"Scss","Absorbed Prices"
"24433",2013-09-01,"2013 September","1st 20%",264000,"Scss","Absorbed Prices"
"24433",2013-09-01,"2013 September","2nd 40%",3e+05,"Scss","Absorbed Prices"
"24433",2013-09-01,"2013 September","3rd 60%",330000,"Scss","Absorbed Prices"
"24433",2013-09-01,"2013 September","4th 80%",408000,"Scss","Absorbed Prices"
"24433",2013-09-01,"2013 September","Median",315000,"Scss","Absorbed Prices"
"24433",2013-09-01,"2013 September","Average",310224,"Scss","Absorbed Prices"
"24433",2013-09-01,"2013 September","Units",59,"Scss","Absorbed Prices"
"24433",2013-10-01,"2013 October","1st 20%",256000,"Scss","Absorbed Prices"
"24433",2013-10-01,"2013 October","2nd 40%",296000,"Scss","Absorbed Prices"
"24433",2013-10-01,"2013 October","3rd 60%",325000,"Scss","Absorbed Prices"
"24433",2013-10-01,"2013 October","4th 80%",392000,"Scss","Absorbed Prices"
"24433",2013-10-01,"2013 October","Median",310000,"Scss","Absorbed Prices"
"24433",2013-10-01,"2013 October","Average",291342,"Scss","Absorbed Prices"
"24433",2013-10-01,"2013 October","Units",51,"Scss","Absorbed Prices"
"24433",2013-11-01,"2013 November","1st 20%",191000,"Scss","Absorbed Prices"
"24433",2013-11-01,"2013 November","2nd 40%",297000,"Scss","Absorbed Prices"
"24433",2013-11-01,"2013 November","3rd 60%",340000,"Scss","Absorbed Prices"
"24433",2013-11-01,"2013 November","4th 80%",394000,"Scss","Absorbed Prices"
"24433",2013-11-01,"2013 November","Median",320000,"Scss","Absorbed Prices"
"24433",2013-11-01,"2013 November","Average",271736,"Scss","Absorbed Prices"
"24433",2013-11-01,"2013 November","Units",36,"Scss","Absorbed Prices"
"24433",2013-12-01,"2013 December","1st 20%",190000,"Scss","Absorbed Prices"
"24433",2013-12-01,"2013 December","2nd 40%",230000,"Scss","Absorbed Prices"
"24433",2013-12-01,"2013 December","3rd 60%",292000,"Scss","Absorbed Prices"
"24433",2013-12-01,"2013 December","4th 80%",348000,"Scss","Absorbed Prices"
"24433",2013-12-01,"2013 December","Median",265000,"Scss","Absorbed Prices"
"24433",2013-12-01,"2013 December","Average",276928,"Scss","Absorbed Prices"
"24433",2013-12-01,"2013 December","Units",66,"Scss","Absorbed Prices"
"24433",2014-01-01,"2014 January","1st 20%",185000,"Scss","Absorbed Prices"
"24433",2014-01-01,"2014 January","2nd 40%",2e+05,"Scss","Absorbed Prices"
"24433",2014-01-01,"2014 January","3rd 60%",256000,"Scss","Absorbed Prices"
"24433",2014-01-01,"2014 January","4th 80%",313000,"Scss","Absorbed Prices"
"24433",2014-01-01,"2014 January","Median",217500,"Scss","Absorbed Prices"
"24433",2014-01-01,"2014 January","Average",249426,"Scss","Absorbed Prices"
"24433",2014-01-01,"2014 January","Units",30,"Scss","Absorbed Prices"
"24433",2014-02-01,"2014 February","1st 20%",140000,"Scss","Absorbed Prices"
"24433",2014-02-01,"2014 February","2nd 40%",230000,"Scss","Absorbed Prices"
"24433",2014-02-01,"2014 February","3rd 60%",260000,"Scss","Absorbed Prices"
"24433",2014-02-01,"2014 February","4th 80%",355000,"Scss","Absorbed Prices"
"24433",2014-02-01,"2014 February","Median",235000,"Scss","Absorbed Prices"
"24433",2014-02-01,"2014 February","Average",235850,"Scss","Absorbed Prices"
"24433",2014-02-01,"2014 February","Units",22,"Scss","Absorbed Prices"
"24433",2014-03-01,"2014 March","1st 20%",177000,"Scss","Absorbed Prices"
"24433",2014-03-01,"2014 March","2nd 40%",224000,"Scss","Absorbed Prices"
"24433",2014-03-01,"2014 March","3rd 60%",334000,"Scss","Absorbed Prices"
"24433",2014-03-01,"2014 March","4th 80%",366000,"Scss","Absorbed Prices"
"24433",2014-03-01,"2014 March","Median",262500,"Scss","Absorbed Prices"
"24433",2014-03-01,"2014 March","Average",236953,"Scss","Absorbed Prices"
"24433",2014-03-01,"2014 March","Units",24,"Scss","Absorbed Prices"
"24433",2014-04-01,"2014 April","1st 20%",175000,"Scss","Absorbed Prices"
"24433",2014-04-01,"2014 April","2nd 40%",186000,"Scss","Absorbed Prices"
"24433",2014-04-01,"2014 April","3rd 60%",225000,"Scss","Absorbed Prices"
"24433",2014-04-01,"2014 April","4th 80%",304000,"Scss","Absorbed Prices"
"24433",2014-04-01,"2014 April","Median",210000,"Scss","Absorbed Prices"
"24433",2014-04-01,"2014 April","Average",244112,"Scss","Absorbed Prices"
"24433",2014-04-01,"2014 April","Units",32,"Scss","Absorbed Prices"
"24433",2014-05-01,"2014 May","1st 20%",215000,"Scss","Absorbed Prices"
"24433",2014-05-01,"2014 May","2nd 40%",268000,"Scss","Absorbed Prices"
"24433",2014-05-01,"2014 May","3rd 60%",358000,"Scss","Absorbed Prices"
"24433",2014-05-01,"2014 May","4th 80%",405000,"Scss","Absorbed Prices"
"24433",2014-05-01,"2014 May","Median",325000,"Scss","Absorbed Prices"
"24433",2014-05-01,"2014 May","Average",259628,"Scss","Absorbed Prices"
"24433",2014-05-01,"2014 May","Units",26,"Scss","Absorbed Prices"
"24433",2014-06-01,"2014 June","1st 20%",154000,"Scss","Absorbed Prices"
"24433",2014-06-01,"2014 June","2nd 40%",219000,"Scss","Absorbed Prices"
"24433",2014-06-01,"2014 June","3rd 60%",251000,"Scss","Absorbed Prices"
"24433",2014-06-01,"2014 June","4th 80%",313000,"Scss","Absorbed Prices"
"24433",2014-06-01,"2014 June","Median",232500,"Scss","Absorbed Prices"
"24433",2014-06-01,"2014 June","Average",248131,"Scss","Absorbed Prices"
"24433",2014-06-01,"2014 June","Units",86,"Scss","Absorbed Prices"
"24433",2014-07-01,"2014 July","1st 20%",185000,"Scss","Absorbed Prices"
"24433",2014-07-01,"2014 July","2nd 40%",220000,"Scss","Absorbed Prices"
"24433",2014-07-01,"2014 July","3rd 60%",292000,"Scss","Absorbed Prices"
"24433",2014-07-01,"2014 July","4th 80%",342000,"Scss","Absorbed Prices"
"24433",2014-07-01,"2014 July","Median",255000,"Scss","Absorbed Prices"
"24433",2014-07-01,"2014 July","Average",262001,"Scss","Absorbed Prices"
"24433",2014-07-01,"2014 July","Units",73,"Scss","Absorbed Prices"
"24433",2014-08-01,"2014 August","1st 20%",225000,"Scss","Absorbed Prices"
"24433",2014-08-01,"2014 August","2nd 40%",252000,"Scss","Absorbed Prices"
"24433",2014-08-01,"2014 August","3rd 60%",288000,"Scss","Absorbed Prices"
"24433",2014-08-01,"2014 August","4th 80%",350000,"Scss","Absorbed Prices"
"24433",2014-08-01,"2014 August","Median",265000,"Scss","Absorbed Prices"
"24433",2014-08-01,"2014 August","Average",277734,"Scss","Absorbed Prices"
"24433",2014-08-01,"2014 August","Units",72,"Scss","Absorbed Prices"
"24433",2014-09-01,"2014 September","1st 20%",2e+05,"Scss","Absorbed Prices"
"24433",2014-09-01,"2014 September","2nd 40%",220000,"Scss","Absorbed Prices"
"24433",2014-09-01,"2014 September","3rd 60%",245000,"Scss","Absorbed Prices"
"24433",2014-09-01,"2014 September","4th 80%",325000,"Scss","Absorbed Prices"
"24433",2014-09-01,"2014 September","Median",230000,"Scss","Absorbed Prices"
"24433",2014-09-01,"2014 September","Average",289188,"Scss","Absorbed Prices"
"24433",2014-09-01,"2014 September","Units",39,"Scss","Absorbed Prices"
"24433",2014-10-01,"2014 October","1st 20%",250000,"Scss","Absorbed Prices"
"24433",2014-10-01,"2014 October","2nd 40%",294000,"Scss","Absorbed Prices"
"24433",2014-10-01,"2014 October","3rd 60%",325000,"Scss","Absorbed Prices"
"24433",2014-10-01,"2014 October","4th 80%",398000,"Scss","Absorbed Prices"
"24433",2014-10-01,"2014 October","Median",3e+05,"Scss","Absorbed Prices"
"24433",2014-10-01,"2014 October","Average",289035,"Scss","Absorbed Prices"
"24433",2014-10-01,"2014 October","Units",46,"Scss","Absorbed Prices"
"24433",2014-11-01,"2014 November","1st 20%",185000,"Scss","Absorbed Prices"
"24433",2014-11-01,"2014 November","2nd 40%",247000,"Scss","Absorbed Prices"
"24433",2014-11-01,"2014 November","3rd 60%",295000,"Scss","Absorbed Prices"
"24433",2014-11-01,"2014 November","4th 80%",375000,"Scss","Absorbed Prices"
"24433",2014-11-01,"2014 November","Median",280000,"Scss","Absorbed Prices"
"24433",2014-11-01,"2014 November","Average",289736,"Scss","Absorbed Prices"
"24433",2014-11-01,"2014 November","Units",51,"Scss","Absorbed Prices"
"24433",2014-12-01,"2014 December","1st 20%",236000,"Scss","Absorbed Prices"
"24433",2014-12-01,"2014 December","2nd 40%",260000,"Scss","Absorbed Prices"
"24433",2014-12-01,"2014 December","3rd 60%",299000,"Scss","Absorbed Prices"
"24433",2014-12-01,"2014 December","4th 80%",360000,"Scss","Absorbed Prices"
"24433",2014-12-01,"2014 December","Median",275000,"Scss","Absorbed Prices"
"24433",2014-12-01,"2014 December","Average",284058,"Scss","Absorbed Prices"
"24433",2014-12-01,"2014 December","Units",55,"Scss","Absorbed Prices"
"24433",2015-01-01,"2015 January","1st 20%",220000,"Scss","Absorbed Prices"
"24433",2015-01-01,"2015 January","2nd 40%",310000,"Scss","Absorbed Prices"
"24433",2015-01-01,"2015 January","3rd 60%",350000,"Scss","Absorbed Prices"
"24433",2015-01-01,"2015 January","4th 80%",425000,"Scss","Absorbed Prices"
"24433",2015-01-01,"2015 January","Median",337500,"Scss","Absorbed Prices"
"24433",2015-01-01,"2015 January","Average",289875,"Scss","Absorbed Prices"
"24433",2015-01-01,"2015 January","Units",20,"Scss","Absorbed Prices"
"24433",2015-02-01,"2015 February","1st 20%",NA,"Scss","Absorbed Prices"
"24433",2015-02-01,"2015 February","2nd 40%",NA,"Scss","Absorbed Prices"
"24433",2015-02-01,"2015 February","3rd 60%",NA,"Scss","Absorbed Prices"
"24433",2015-02-01,"2015 February","4th 80%",NA,"Scss","Absorbed Prices"
"24433",2015-02-01,"2015 February","Median",NA,"Scss","Absorbed Prices"
"24433",2015-02-01,"2015 February","Average",243572,"Scss","Absorbed Prices"
"24433",2015-02-01,"2015 February","Units",14,"Scss","Absorbed Prices"
"24433",2015-03-01,"2015 March","1st 20%",251000,"Scss","Absorbed Prices"
"24433",2015-03-01,"2015 March","2nd 40%",320000,"Scss","Absorbed Prices"
"24433",2015-03-01,"2015 March","3rd 60%",350000,"Scss","Absorbed Prices"
"24433",2015-03-01,"2015 March","4th 80%",5e+05,"Scss","Absorbed Prices"
"24433",2015-03-01,"2015 March","Median",345000,"Scss","Absorbed Prices"
"24433",2015-03-01,"2015 March","Average",322155,"Scss","Absorbed Prices"
"24433",2015-03-01,"2015 March","Units",31,"Scss","Absorbed Prices"
"24433",2015-04-01,"2015 April","1st 20%",228000,"Scss","Absorbed Prices"
"24433",2015-04-01,"2015 April","2nd 40%",281000,"Scss","Absorbed Prices"
"24433",2015-04-01,"2015 April","3rd 60%",3e+05,"Scss","Absorbed Prices"
"24433",2015-04-01,"2015 April","4th 80%",388000,"Scss","Absorbed Prices"
"24433",2015-04-01,"2015 April","Median",290000,"Scss","Absorbed Prices"
"24433",2015-04-01,"2015 April","Average",285581,"Scss","Absorbed Prices"
"24433",2015-04-01,"2015 April","Units",21,"Scss","Absorbed Prices"
"24433",2015-05-01,"2015 May","1st 20%",260000,"Scss","Absorbed Prices"
"24433",2015-05-01,"2015 May","2nd 40%",3e+05,"Scss","Absorbed Prices"
"24433",2015-05-01,"2015 May","3rd 60%",360000,"Scss","Absorbed Prices"
"24433",2015-05-01,"2015 May","4th 80%",415000,"Scss","Absorbed Prices"
"24433",2015-05-01,"2015 May","Median",352500,"Scss","Absorbed Prices"
"24433",2015-05-01,"2015 May","Average",286129,"Scss","Absorbed Prices"
"24433",2015-05-01,"2015 May","Units",26,"Scss","Absorbed Prices"
"24433",2015-06-01,"2015 June","1st 20%",185000,"Scss","Absorbed Prices"
"24433",2015-06-01,"2015 June","2nd 40%",190000,"Scss","Absorbed Prices"
"24433",2015-06-01,"2015 June","3rd 60%",216000,"Scss","Absorbed Prices"
"24433",2015-06-01,"2015 June","4th 80%",233000,"Scss","Absorbed Prices"
"24433",2015-06-01,"2015 June","Median",207500,"Scss","Absorbed Prices"
"24433",2015-06-01,"2015 June","Average",237861,"Scss","Absorbed Prices"
"24433",2015-06-01,"2015 June","Units",43,"Scss","Absorbed Prices"
"24433",2015-07-01,"2015 July","1st 20%",186000,"Scss","Absorbed Prices"
"24433",2015-07-01,"2015 July","2nd 40%",2e+05,"Scss","Absorbed Prices"
"24433",2015-07-01,"2015 July","3rd 60%",215000,"Scss","Absorbed Prices"
"24433",2015-07-01,"2015 July","4th 80%",225000,"Scss","Absorbed Prices"
"24433",2015-07-01,"2015 July","Median",207500,"Scss","Absorbed Prices"
"24433",2015-07-01,"2015 July","Average",235977,"Scss","Absorbed Prices"
"24433",2015-07-01,"2015 July","Units",34,"Scss","Absorbed Prices"
"24433",2015-08-01,"2015 August","1st 20%",NA,"Scss","Absorbed Prices"
"24433",2015-08-01,"2015 August","2nd 40%",NA,"Scss","Absorbed Prices"
"24433",2015-08-01,"2015 August","3rd 60%",NA,"Scss","Absorbed Prices"
"24433",2015-08-01,"2015 August","4th 80%",NA,"Scss","Absorbed Prices"
"24433",2015-08-01,"2015 August","Median",NA,"Scss","Absorbed Prices"
"24433",2015-08-01,"2015 August","Average",227199,"Scss","Absorbed Prices"
"24433",2015-08-01,"2015 August","Units",12,"Scss","Absorbed Prices"
"24433",2015-09-01,"2015 September","1st 20%",178000,"Scss","Absorbed Prices"
"24433",2015-09-01,"2015 September","2nd 40%",196000,"Scss","Absorbed Prices"
"24433",2015-09-01,"2015 September","3rd 60%",218000,"Scss","Absorbed Prices"
"24433",2015-09-01,"2015 September","4th 80%",234000,"Scss","Absorbed Prices"
"24433",2015-09-01,"2015 September","Median",205000,"Scss","Absorbed Prices"
"24433",2015-09-01,"2015 September","Average",207557,"Scss","Absorbed Prices"
"24433",2015-09-01,"2015 September","Units",15,"Scss","Absorbed Prices"
"24433",2015-10-01,"2015 October","1st 20%",2e+05,"Scss","Absorbed Prices"
"24433",2015-10-01,"2015 October","2nd 40%",210000,"Scss","Absorbed Prices"
"24433",2015-10-01,"2015 October","3rd 60%",220000,"Scss","Absorbed Prices"
"24433",2015-10-01,"2015 October","4th 80%",239000,"Scss","Absorbed Prices"
"24433",2015-10-01,"2015 October","Median",210000,"Scss","Absorbed Prices"
"24433",2015-10-01,"2015 October","Average",219455,"Scss","Absorbed Prices"
"24433",2015-10-01,"2015 October","Units",19,"Scss","Absorbed Prices"
"24433",2015-11-01,"2015 November","1st 20%",186000,"Scss","Absorbed Prices"
"24433",2015-11-01,"2015 November","2nd 40%",2e+05,"Scss","Absorbed Prices"
"24433",2015-11-01,"2015 November","3rd 60%",210000,"Scss","Absorbed Prices"
"24433",2015-11-01,"2015 November","4th 80%",252000,"Scss","Absorbed Prices"
"24433",2015-11-01,"2015 November","Median",205000,"Scss","Absorbed Prices"
"24433",2015-11-01,"2015 November","Average",222421,"Scss","Absorbed Prices"
"24433",2015-11-01,"2015 November","Units",18,"Scss","Absorbed Prices"
"24433",2015-12-01,"2015 December","1st 20%",186000,"Scss","Absorbed Prices"
"24433",2015-12-01,"2015 December","2nd 40%",207000,"Scss","Absorbed Prices"
"24433",2015-12-01,"2015 December","3rd 60%",218000,"Scss","Absorbed Prices"
"24433",2015-12-01,"2015 December","4th 80%",238000,"Scss","Absorbed Prices"
"24433",2015-12-01,"2015 December","Median",210000,"Scss","Absorbed Prices"
"24433",2015-12-01,"2015 December","Average",257940,"Scss","Absorbed Prices"
"24433",2015-12-01,"2015 December","Units",24,"Scss","Absorbed Prices"
"24433",2016-01-01,"2016 January","1st 20%",NA,"Scss","Absorbed Prices"
"24433",2016-01-01,"2016 January","2nd 40%",NA,"Scss","Absorbed Prices"
"24433",2016-01-01,"2016 January","3rd 60%",NA,"Scss","Absorbed Prices"
"24433",2016-01-01,"2016 January","4th 80%",NA,"Scss","Absorbed Prices"
"24433",2016-01-01,"2016 January","Median",NA,"Scss","Absorbed Prices"
"24433",2016-01-01,"2016 January","Average",NA,"Scss","Absorbed Prices"
"24433",2016-01-01,"2016 January","Units",4,"Scss","Absorbed Prices"
"24433",2016-02-01,"2016 February","1st 20%",NA,"Scss","Absorbed Prices"
"24433",2016-02-01,"2016 February","2nd 40%",NA,"Scss","Absorbed Prices"
"24433",2016-02-01,"2016 February","3rd 60%",NA,"Scss","Absorbed Prices"
"24433",2016-02-01,"2016 February","4th 80%",NA,"Scss","Absorbed Prices"
"24433",2016-02-01,"2016 February","Median",NA,"Scss","Absorbed Prices"
"24433",2016-02-01,"2016 February","Average",288750,"Scss","Absorbed Prices"
"24433",2016-02-01,"2016 February","Units",8,"Scss","Absorbed Prices"
"24433",2016-03-01,"2016 March","1st 20%",NA,"Scss","Absorbed Prices"
"24433",2016-03-01,"2016 March","2nd 40%",NA,"Scss","Absorbed Prices"
"24433",2016-03-01,"2016 March","3rd 60%",NA,"Scss","Absorbed Prices"
"24433",2016-03-01,"2016 March","4th 80%",NA,"Scss","Absorbed Prices"
"24433",2016-03-01,"2016 March","Median",NA,"Scss","Absorbed Prices"
"24433",2016-03-01,"2016 March","Average",194454,"Scss","Absorbed Prices"
"24433",2016-03-01,"2016 March","Units",10,"Scss","Absorbed Prices"
"24433",2016-04-01,"2016 April","1st 20%",NA,"Scss","Absorbed Prices"
"24433",2016-04-01,"2016 April","2nd 40%",NA,"Scss","Absorbed Prices"
"24433",2016-04-01,"2016 April","3rd 60%",NA,"Scss","Absorbed Prices"
"24433",2016-04-01,"2016 April","4th 80%",NA,"Scss","Absorbed Prices"
"24433",2016-04-01,"2016 April","Median",NA,"Scss","Absorbed Prices"
"24433",2016-04-01,"2016 April","Average",222699,"Scss","Absorbed Prices"
"24433",2016-04-01,"2016 April","Units",17,"Scss","Absorbed Prices"
"24433",2016-05-01,"2016 May","1st 20%",182000,"Scss","Absorbed Prices"
"24433",2016-05-01,"2016 May","2nd 40%",2e+05,"Scss","Absorbed Prices"
"24433",2016-05-01,"2016 May","3rd 60%",211000,"Scss","Absorbed Prices"
"24433",2016-05-01,"2016 May","4th 80%",246000,"Scss","Absorbed Prices"
"24433",2016-05-01,"2016 May","Median",205000,"Scss","Absorbed Prices"
"24433",2016-05-01,"2016 May","Average",226047,"Scss","Absorbed Prices"
"24433",2016-05-01,"2016 May","Units",41,"Scss","Absorbed Prices"
"24433",2016-06-01,"2016 June","1st 20%",170000,"Scss","Absorbed Prices"
"24433",2016-06-01,"2016 June","2nd 40%",185000,"Scss","Absorbed Prices"
"24433",2016-06-01,"2016 June","3rd 60%",2e+05,"Scss","Absorbed Prices"
"24433",2016-06-01,"2016 June","4th 80%",204000,"Scss","Absorbed Prices"
"24433",2016-06-01,"2016 June","Median",195000,"Scss","Absorbed Prices"
"24433",2016-06-01,"2016 June","Average",226382,"Scss","Absorbed Prices"
"24433",2016-06-01,"2016 June","Units",33,"Scss","Absorbed Prices"
"24433",2016-07-01,"2016 July","1st 20%",180000,"Scss","Absorbed Prices"
"24433",2016-07-01,"2016 July","2nd 40%",190000,"Scss","Absorbed Prices"
"24433",2016-07-01,"2016 July","3rd 60%",205000,"Scss","Absorbed Prices"
"24433",2016-07-01,"2016 July","4th 80%",225000,"Scss","Absorbed Prices"
"24433",2016-07-01,"2016 July","Median",197500,"Scss","Absorbed Prices"
"24433",2016-07-01,"2016 July","Average",204917,"Scss","Absorbed Prices"
"24433",2016-07-01,"2016 July","Units",50,"Scss","Absorbed Prices"
"24433",2016-08-01,"2016 August","1st 20%",175000,"Scss","Absorbed Prices"
"24433",2016-08-01,"2016 August","2nd 40%",180000,"Scss","Absorbed Prices"
"24433",2016-08-01,"2016 August","3rd 60%",2e+05,"Scss","Absorbed Prices"
"24433",2016-08-01,"2016 August","4th 80%",215000,"Scss","Absorbed Prices"
"24433",2016-08-01,"2016 August","Median",185000,"Scss","Absorbed Prices"
"24433",2016-08-01,"2016 August","Average",201349,"Scss","Absorbed Prices"
"24433",2016-08-01,"2016 August","Units",23,"Scss","Absorbed Prices"
"24433",2016-09-01,"2016 September","1st 20%",190000,"Scss","Absorbed Prices"
"24433",2016-09-01,"2016 September","2nd 40%",214000,"Scss","Absorbed Prices"
"24433",2016-09-01,"2016 September","3rd 60%",240000,"Scss","Absorbed Prices"
"24433",2016-09-01,"2016 September","4th 80%",310000,"Scss","Absorbed Prices"
"24433",2016-09-01,"2016 September","Median",230000,"Scss","Absorbed Prices"
"24433",2016-09-01,"2016 September","Average",273099,"Scss","Absorbed Prices"
"24433",2016-09-01,"2016 September","Units",30,"Scss","Absorbed Prices"
"24433",2016-10-01,"2016 October","1st 20%",NA,"Scss","Absorbed Prices"
"24433",2016-10-01,"2016 October","2nd 40%",NA,"Scss","Absorbed Prices"
"24433",2016-10-01,"2016 October","3rd 60%",NA,"Scss","Absorbed Prices"
"24433",2016-10-01,"2016 October","4th 80%",NA,"Scss","Absorbed Prices"
"24433",2016-10-01,"2016 October","Median",NA,"Scss","Absorbed Prices"
"24433",2016-10-01,"2016 October","Average",211971,"Scss","Absorbed Prices"
"24433",2016-10-01,"2016 October","Units",9,"Scss","Absorbed Prices"
"24433",2016-11-01,"2016 November","1st 20%",NA,"Scss","Absorbed Prices"
"24433",2016-11-01,"2016 November","2nd 40%",NA,"Scss","Absorbed Prices"
"24433",2016-11-01,"2016 November","3rd 60%",NA,"Scss","Absorbed Prices"
"24433",2016-11-01,"2016 November","4th 80%",NA,"Scss","Absorbed Prices"
"24433",2016-11-01,"2016 November","Median",NA,"Scss","Absorbed Prices"
"24433",2016-11-01,"2016 November","Average",250955,"Scss","Absorbed Prices"
"24433",2016-11-01,"2016 November","Units",16,"Scss","Absorbed Prices"
"24433",2016-12-01,"2016 December","1st 20%",210000,"Scss","Absorbed Prices"
"24433",2016-12-01,"2016 December","2nd 40%",234000,"Scss","Absorbed Prices"
"24433",2016-12-01,"2016 December","3rd 60%",3e+05,"Scss","Absorbed Prices"
"24433",2016-12-01,"2016 December","4th 80%",358000,"Scss","Absorbed Prices"
"24433",2016-12-01,"2016 December","Median",290000,"Scss","Absorbed Prices"
"24433",2016-12-01,"2016 December","Average",263724,"Scss","Absorbed Prices"
"24433",2016-12-01,"2016 December","Units",19,"Scss","Absorbed Prices"
"24433",2017-01-01,"2017 January","1st 20%",NA,"Scss","Absorbed Prices"
"24433",2017-01-01,"2017 January","2nd 40%",NA,"Scss","Absorbed Prices"
"24433",2017-01-01,"2017 January","3rd 60%",NA,"Scss","Absorbed Prices"
"24433",2017-01-01,"2017 January","4th 80%",NA,"Scss","Absorbed Prices"
"24433",2017-01-01,"2017 January","Median",NA,"Scss","Absorbed Prices"
"24433",2017-01-01,"2017 January","Average",252828,"Scss","Absorbed Prices"
"24433",2017-01-01,"2017 January","Units",26,"Scss","Absorbed Prices"
"24433",2017-02-01,"2017 February","1st 20%",NA,"Scss","Absorbed Prices"
"24433",2017-02-01,"2017 February","2nd 40%",NA,"Scss","Absorbed Prices"
"24433",2017-02-01,"2017 February","3rd 60%",NA,"Scss","Absorbed Prices"
"24433",2017-02-01,"2017 February","4th 80%",NA,"Scss","Absorbed Prices"
"24433",2017-02-01,"2017 February","Median",NA,"Scss","Absorbed Prices"
"24433",2017-02-01,"2017 February","Average",188618,"Scss","Absorbed Prices"
"24433",2017-02-01,"2017 February","Units",10,"Scss","Absorbed Prices"
"24433",2017-03-01,"2017 March","1st 20%",NA,"Scss","Absorbed Prices"
"24433",2017-03-01,"2017 March","2nd 40%",NA,"Scss","Absorbed Prices"
"24433",2017-03-01,"2017 March","3rd 60%",NA,"Scss","Absorbed Prices"
"24433",2017-03-01,"2017 March","4th 80%",NA,"Scss","Absorbed Prices"
"24433",2017-03-01,"2017 March","Median",NA,"Scss","Absorbed Prices"
"24433",2017-03-01,"2017 March","Average",354364,"Scss","Absorbed Prices"
"24433",2017-03-01,"2017 March","Units",14,"Scss","Absorbed Prices"
"24433",2017-04-01,"2017 April","1st 20%",186000,"Scss","Absorbed Prices"
"24433",2017-04-01,"2017 April","2nd 40%",192000,"Scss","Absorbed Prices"
"24433",2017-04-01,"2017 April","3rd 60%",2e+05,"Scss","Absorbed Prices"
"24433",2017-04-01,"2017 April","4th 80%",214000,"Scss","Absorbed Prices"
"24433",2017-04-01,"2017 April","Median",2e+05,"Scss","Absorbed Prices"
"24433",2017-04-01,"2017 April","Average",199226,"Scss","Absorbed Prices"
"24433",2017-04-01,"2017 April","Units",21,"Scss","Absorbed Prices"
"24433",2017-05-01,"2017 May","1st 20%",180000,"Scss","Absorbed Prices"
"24433",2017-05-01,"2017 May","2nd 40%",195000,"Scss","Absorbed Prices"
"24433",2017-05-01,"2017 May","3rd 60%",195000,"Scss","Absorbed Prices"
"24433",2017-05-01,"2017 May","4th 80%",205000,"Scss","Absorbed Prices"
"24433",2017-05-01,"2017 May","Median",195000,"Scss","Absorbed Prices"
"24433",2017-05-01,"2017 May","Average",193791,"Scss","Absorbed Prices"
"24433",2017-05-01,"2017 May","Units",18,"Scss","Absorbed Prices"
"24433",2017-06-01,"2017 June","1st 20%",185000,"Scss","Absorbed Prices"
"24433",2017-06-01,"2017 June","2nd 40%",190000,"Scss","Absorbed Prices"
"24433",2017-06-01,"2017 June","3rd 60%",195000,"Scss","Absorbed Prices"
"24433",2017-06-01,"2017 June","4th 80%",215000,"Scss","Absorbed Prices"
"24433",2017-06-01,"2017 June","Median",190000,"Scss","Absorbed Prices"
"24433",2017-06-01,"2017 June","Average",231768,"Scss","Absorbed Prices"
"24433",2017-06-01,"2017 June","Units",34,"Scss","Absorbed Prices"
"24433",2017-07-01,"2017 July","1st 20%",190000,"Scss","Absorbed Prices"
"24433",2017-07-01,"2017 July","2nd 40%",205000,"Scss","Absorbed Prices"
"24433",2017-07-01,"2017 July","3rd 60%",220000,"Scss","Absorbed Prices"
"24433",2017-07-01,"2017 July","4th 80%",230000,"Scss","Absorbed Prices"
"24433",2017-07-01,"2017 July","Median",210000,"Scss","Absorbed Prices"
"24433",2017-07-01,"2017 July","Average",214892,"Scss","Absorbed Prices"
"24433",2017-07-01,"2017 July","Units",54,"Scss","Absorbed Prices"
"24433",2017-08-01,"2017 August","1st 20%",190000,"Scss","Absorbed Prices"
"24433",2017-08-01,"2017 August","2nd 40%",196000,"Scss","Absorbed Prices"
"24433",2017-08-01,"2017 August","3rd 60%",210000,"Scss","Absorbed Prices"
"24433",2017-08-01,"2017 August","4th 80%",225000,"Scss","Absorbed Prices"
"24433",2017-08-01,"2017 August","Median",2e+05,"Scss","Absorbed Prices"
"24433",2017-08-01,"2017 August","Average",246441,"Scss","Absorbed Prices"
"24433",2017-08-01,"2017 August","Units",32,"Scss","Absorbed Prices"
"24433",2017-09-01,"2017 September","1st 20%",185000,"Scss","Absorbed Prices"
"24433",2017-09-01,"2017 September","2nd 40%",196000,"Scss","Absorbed Prices"
"24433",2017-09-01,"2017 September","3rd 60%",214000,"Scss","Absorbed Prices"
"24433",2017-09-01,"2017 September","4th 80%",234000,"Scss","Absorbed Prices"
"24433",2017-09-01,"2017 September","Median",210000,"Scss","Absorbed Prices"
"24433",2017-09-01,"2017 September","Average",232094,"Scss","Absorbed Prices"
"24433",2017-09-01,"2017 September","Units",34,"Scss","Absorbed Prices"
"24433",2017-10-01,"2017 October","1st 20%",NA,"Scss","Absorbed Prices"
"24433",2017-10-01,"2017 October","2nd 40%",NA,"Scss","Absorbed Prices"
"24433",2017-10-01,"2017 October","3rd 60%",NA,"Scss","Absorbed Prices"
"24433",2017-10-01,"2017 October","4th 80%",NA,"Scss","Absorbed Prices"
"24433",2017-10-01,"2017 October","Median",NA,"Scss","Absorbed Prices"
"24433",2017-10-01,"2017 October","Average",230410,"Scss","Absorbed Prices"
"24433",2017-10-01,"2017 October","Units",11,"Scss","Absorbed Prices"
"24433",2017-11-01,"2017 November","1st 20%",193000,"Scss","Absorbed Prices"
"24433",2017-11-01,"2017 November","2nd 40%",210000,"Scss","Absorbed Prices"
"24433",2017-11-01,"2017 November","3rd 60%",224000,"Scss","Absorbed Prices"
"24433",2017-11-01,"2017 November","4th 80%",239000,"Scss","Absorbed Prices"
"24433",2017-11-01,"2017 November","Median",212500,"Scss","Absorbed Prices"
"24433",2017-11-01,"2017 November","Average",220140,"Scss","Absorbed Prices"
"24433",2017-11-01,"2017 November","Units",11,"Scss","Absorbed Prices"
"24433",2017-12-01,"2017 December","1st 20%",160000,"Scss","Absorbed Prices"
"24433",2017-12-01,"2017 December","2nd 40%",169000,"Scss","Absorbed Prices"
"24433",2017-12-01,"2017 December","3rd 60%",232000,"Scss","Absorbed Prices"
"24433",2017-12-01,"2017 December","4th 80%",274000,"Scss","Absorbed Prices"
"24433",2017-12-01,"2017 December","Median",190000,"Scss","Absorbed Prices"
"24433",2017-12-01,"2017 December","Average",242663,"Scss","Absorbed Prices"
"24433",2017-12-01,"2017 December","Units",23,"Scss","Absorbed Prices"
"24433",2018-01-01,"2018 January","1st 20%",NA,"Scss","Absorbed Prices"
"24433",2018-01-01,"2018 January","2nd 40%",NA,"Scss","Absorbed Prices"
"24433",2018-01-01,"2018 January","3rd 60%",NA,"Scss","Absorbed Prices"
"24433",2018-01-01,"2018 January","4th 80%",NA,"Scss","Absorbed Prices"
"24433",2018-01-01,"2018 January","Median",NA,"Scss","Absorbed Prices"
"24433",2018-01-01,"2018 January","Average",193905,"Scss","Absorbed Prices"
"24433",2018-01-01,"2018 January","Units",10,"Scss","Absorbed Prices"
"24433",2018-02-01,"2018 February","1st 20%",NA,"Scss","Absorbed Prices"
"24433",2018-02-01,"2018 February","2nd 40%",NA,"Scss","Absorbed Prices"
"24433",2018-02-01,"2018 February","3rd 60%",NA,"Scss","Absorbed Prices"
"24433",2018-02-01,"2018 February","4th 80%",NA,"Scss","Absorbed Prices"
"24433",2018-02-01,"2018 February","Median",NA,"Scss","Absorbed Prices"
"24433",2018-02-01,"2018 February","Average",229175,"Scss","Absorbed Prices"
"24433",2018-02-01,"2018 February","Units",12,"Scss","Absorbed Prices"
"24433",2018-03-01,"2018 March","1st 20%",189000,"Scss","Absorbed Prices"
"24433",2018-03-01,"2018 March","2nd 40%",223000,"Scss","Absorbed Prices"
"24433",2018-03-01,"2018 March","3rd 60%",249000,"Scss","Absorbed Prices"
"24433",2018-03-01,"2018 March","4th 80%",295000,"Scss","Absorbed Prices"
"24433",2018-03-01,"2018 March","Median",240000,"Scss","Absorbed Prices"
"24433",2018-03-01,"2018 March","Average",242900,"Scss","Absorbed Prices"
"24433",2018-03-01,"2018 March","Units",23,"Scss","Absorbed Prices"
"24433",2018-04-01,"2018 April","1st 20%",175000,"Scss","Absorbed Prices"
"24433",2018-04-01,"2018 April","2nd 40%",180000,"Scss","Absorbed Prices"
"24433",2018-04-01,"2018 April","3rd 60%",188000,"Scss","Absorbed Prices"
"24433",2018-04-01,"2018 April","4th 80%",190000,"Scss","Absorbed Prices"
"24433",2018-04-01,"2018 April","Median",185000,"Scss","Absorbed Prices"
"24433",2018-04-01,"2018 April","Average",237964,"Scss","Absorbed Prices"
"24433",2018-04-01,"2018 April","Units",21,"Scss","Absorbed Prices"
"24433",2018-05-01,"2018 May","1st 20%",180000,"Scss","Absorbed Prices"
"24433",2018-05-01,"2018 May","2nd 40%",2e+05,"Scss","Absorbed Prices"
"24433",2018-05-01,"2018 May","3rd 60%",205000,"Scss","Absorbed Prices"
"24433",2018-05-01,"2018 May","4th 80%",219000,"Scss","Absorbed Prices"
"24433",2018-05-01,"2018 May","Median",205000,"Scss","Absorbed Prices"
"24433",2018-05-01,"2018 May","Average",203943,"Scss","Absorbed Prices"
"24433",2018-05-01,"2018 May","Units",32,"Scss","Absorbed Prices"
"24433",2018-06-01,"2018 June","1st 20%",191000,"Scss","Absorbed Prices"
"24433",2018-06-01,"2018 June","2nd 40%",215000,"Scss","Absorbed Prices"
"24433",2018-06-01,"2018 June","3rd 60%",225000,"Scss","Absorbed Prices"
"24433",2018-06-01,"2018 June","4th 80%",285000,"Scss","Absorbed Prices"
"24433",2018-06-01,"2018 June","Median",220000,"Scss","Absorbed Prices"
"24433",2018-06-01,"2018 June","Average",240564,"Scss","Absorbed Prices"
"24433",2018-06-01,"2018 June","Units",65,"Scss","Absorbed Prices"
"24433",2018-07-01,"2018 July","1st 20%",187000,"Scss","Absorbed Prices"
"24433",2018-07-01,"2018 July","2nd 40%",210000,"Scss","Absorbed Prices"
"24433",2018-07-01,"2018 July","3rd 60%",220000,"Scss","Absorbed Prices"
"24433",2018-07-01,"2018 July","4th 80%",257000,"Scss","Absorbed Prices"
"24433",2018-07-01,"2018 July","Median",210000,"Scss","Absorbed Prices"
"24433",2018-07-01,"2018 July","Average",251249,"Scss","Absorbed Prices"
"24433",2018-07-01,"2018 July","Units",20,"Scss","Absorbed Prices"
"24433",2018-08-01,"2018 August","1st 20%",NA,"Scss","Absorbed Prices"
"24433",2018-08-01,"2018 August","2nd 40%",NA,"Scss","Absorbed Prices"
"24433",2018-08-01,"2018 August","3rd 60%",NA,"Scss","Absorbed Prices"
"24433",2018-08-01,"2018 August","4th 80%",NA,"Scss","Absorbed Prices"
"24433",2018-08-01,"2018 August","Median",NA,"Scss","Absorbed Prices"
"24433",2018-08-01,"2018 August","Average",205415,"Scss","Absorbed Prices"
"24433",2018-08-01,"2018 August","Units",8,"Scss","Absorbed Prices"
"24433",2018-09-01,"2018 September","1st 20%",2e+05,"Scss","Absorbed Prices"
"24433",2018-09-01,"2018 September","2nd 40%",205000,"Scss","Absorbed Prices"
"24433",2018-09-01,"2018 September","3rd 60%",230000,"Scss","Absorbed Prices"
"24433",2018-09-01,"2018 September","4th 80%",254000,"Scss","Absorbed Prices"
"24433",2018-09-01,"2018 September","Median",210000,"Scss","Absorbed Prices"
"24433",2018-09-01,"2018 September","Average",267000,"Scss","Absorbed Prices"
"24433",2018-09-01,"2018 September","Units",27,"Scss","Absorbed Prices"
"24433",2018-10-01,"2018 October","1st 20%",183000,"Scss","Absorbed Prices"
"24433",2018-10-01,"2018 October","2nd 40%",194000,"Scss","Absorbed Prices"
"24433",2018-10-01,"2018 October","3rd 60%",218000,"Scss","Absorbed Prices"
"24433",2018-10-01,"2018 October","4th 80%",249000,"Scss","Absorbed Prices"
"24433",2018-10-01,"2018 October","Median",210000,"Scss","Absorbed Prices"
"24433",2018-10-01,"2018 October","Average",215970,"Scss","Absorbed Prices"
"24433",2018-10-01,"2018 October","Units",12,"Scss","Absorbed Prices"
"24433",2018-11-01,"2018 November","1st 20%",NA,"Scss","Absorbed Prices"
"24433",2018-11-01,"2018 November","2nd 40%",NA,"Scss","Absorbed Prices"
"24433",2018-11-01,"2018 November","3rd 60%",NA,"Scss","Absorbed Prices"
"24433",2018-11-01,"2018 November","4th 80%",NA,"Scss","Absorbed Prices"
"24433",2018-11-01,"2018 November","Median",NA,"Scss","Absorbed Prices"
"24433",2018-11-01,"2018 November","Average",199581,"Scss","Absorbed Prices"
"24433",2018-11-01,"2018 November","Units",12,"Scss","Absorbed Prices"
"24433",2018-12-01,"2018 December","1st 20%",190000,"Scss","Absorbed Prices"
"24433",2018-12-01,"2018 December","2nd 40%",195000,"Scss","Absorbed Prices"
"24433",2018-12-01,"2018 December","3rd 60%",215000,"Scss","Absorbed Prices"
"24433",2018-12-01,"2018 December","4th 80%",229000,"Scss","Absorbed Prices"
"24433",2018-12-01,"2018 December","Median",205000,"Scss","Absorbed Prices"
"24433",2018-12-01,"2018 December","Average",207733,"Scss","Absorbed Prices"
"24433",2018-12-01,"2018 December","Units",28,"Scss","Absorbed Prices"
"24433",2019-01-01,"2019 January","1st 20%",NA,"Scss","Absorbed Prices"
"24433",2019-01-01,"2019 January","2nd 40%",NA,"Scss","Absorbed Prices"
"24433",2019-01-01,"2019 January","3rd 60%",NA,"Scss","Absorbed Prices"
"24433",2019-01-01,"2019 January","4th 80%",NA,"Scss","Absorbed Prices"
"24433",2019-01-01,"2019 January","Median",NA,"Scss","Absorbed Prices"
"24433",2019-01-01,"2019 January","Average",NA,"Scss","Absorbed Prices"
"24433",2019-01-01,"2019 January","Units",0,"Scss","Absorbed Prices"
"24433",2019-02-01,"2019 February","1st 20%",213000,"Scss","Absorbed Prices"
"24433",2019-02-01,"2019 February","2nd 40%",225000,"Scss","Absorbed Prices"
"24433",2019-02-01,"2019 February","3rd 60%",230000,"Scss","Absorbed Prices"
"24433",2019-02-01,"2019 February","4th 80%",277000,"Scss","Absorbed Prices"
"24433",2019-02-01,"2019 February","Median",225000,"Scss","Absorbed Prices"
"24433",2019-02-01,"2019 February","Average",257351,"Scss","Absorbed Prices"
"24433",2019-02-01,"2019 February","Units",32,"Scss","Absorbed Prices"
"24433",2019-03-01,"2019 March","1st 20%",NA,"Scss","Absorbed Prices"
"24433",2019-03-01,"2019 March","2nd 40%",NA,"Scss","Absorbed Prices"
"24433",2019-03-01,"2019 March","3rd 60%",NA,"Scss","Absorbed Prices"
"24433",2019-03-01,"2019 March","4th 80%",NA,"Scss","Absorbed Prices"
"24433",2019-03-01,"2019 March","Median",NA,"Scss","Absorbed Prices"
"24433",2019-03-01,"2019 March","Average",266693,"Scss","Absorbed Prices"
"24433",2019-03-01,"2019 March","Units",16,"Scss","Absorbed Prices"
"24433",2019-04-01,"2019 April","1st 20%",NA,"Scss","Absorbed Prices"
"24433",2019-04-01,"2019 April","2nd 40%",NA,"Scss","Absorbed Prices"
"24433",2019-04-01,"2019 April","3rd 60%",NA,"Scss","Absorbed Prices"
"24433",2019-04-01,"2019 April","4th 80%",NA,"Scss","Absorbed Prices"
"24433",2019-04-01,"2019 April","Median",NA,"Scss","Absorbed Prices"
"24433",2019-04-01,"2019 April","Average",300073,"Scss","Absorbed Prices"
"24433",2019-04-01,"2019 April","Units",12,"Scss","Absorbed Prices"
"24433",2019-05-01,"2019 May","1st 20%",NA,"Scss","Absorbed Prices"
"24433",2019-05-01,"2019 May","2nd 40%",NA,"Scss","Absorbed Prices"
"24433",2019-05-01,"2019 May","3rd 60%",NA,"Scss","Absorbed Prices"
"24433",2019-05-01,"2019 May","4th 80%",NA,"Scss","Absorbed Prices"
"24433",2019-05-01,"2019 May","Median",NA,"Scss","Absorbed Prices"
"24433",2019-05-01,"2019 May","Average",295577,"Scss","Absorbed Prices"
"24433",2019-05-01,"2019 May","Units",15,"Scss","Absorbed Prices"
"24433",2019-06-01,"2019 June","1st 20%",206000,"Scss","Absorbed Prices"
"24433",2019-06-01,"2019 June","2nd 40%",215000,"Scss","Absorbed Prices"
"24433",2019-06-01,"2019 June","3rd 60%",243000,"Scss","Absorbed Prices"
"24433",2019-06-01,"2019 June","4th 80%",304000,"Scss","Absorbed Prices"
"24433",2019-06-01,"2019 June","Median",235000,"Scss","Absorbed Prices"
"24433",2019-06-01,"2019 June","Average",263384,"Scss","Absorbed Prices"
"24433",2019-06-01,"2019 June","Units",55,"Scss","Absorbed Prices"
"24433",2019-07-01,"2019 July","1st 20%",188000,"Scss","Absorbed Prices"
"24433",2019-07-01,"2019 July","2nd 40%",215000,"Scss","Absorbed Prices"
"24433",2019-07-01,"2019 July","3rd 60%",235000,"Scss","Absorbed Prices"
"24433",2019-07-01,"2019 July","4th 80%",257000,"Scss","Absorbed Prices"
"24433",2019-07-01,"2019 July","Median",225000,"Scss","Absorbed Prices"
"24433",2019-07-01,"2019 July","Average",252945,"Scss","Absorbed Prices"
"24433",2019-07-01,"2019 July","Units",43,"Scss","Absorbed Prices"
"24433",2019-08-01,"2019 August","1st 20%",193000,"Scss","Absorbed Prices"
"24433",2019-08-01,"2019 August","2nd 40%",212000,"Scss","Absorbed Prices"
"24433",2019-08-01,"2019 August","3rd 60%",230000,"Scss","Absorbed Prices"
"24433",2019-08-01,"2019 August","4th 80%",261000,"Scss","Absorbed Prices"
"24433",2019-08-01,"2019 August","Median",230000,"Scss","Absorbed Prices"
"24433",2019-08-01,"2019 August","Average",251379,"Scss","Absorbed Prices"
"24433",2019-08-01,"2019 August","Units",33,"Scss","Absorbed Prices"
"24433",2019-09-01,"2019 September","1st 20%",202000,"Scss","Absorbed Prices"
"24433",2019-09-01,"2019 September","2nd 40%",217000,"Scss","Absorbed Prices"
"24433",2019-09-01,"2019 September","3rd 60%",223000,"Scss","Absorbed Prices"
"24433",2019-09-01,"2019 September","4th 80%",245000,"Scss","Absorbed Prices"
"24433",2019-09-01,"2019 September","Median",220000,"Scss","Absorbed Prices"
"24433",2019-09-01,"2019 September","Average",247644,"Scss","Absorbed Prices"
"24433",2019-09-01,"2019 September","Units",20,"Scss","Absorbed Prices"
"24433",2019-10-01,"2019 October","1st 20%",230000,"Scss","Absorbed Prices"
"24433",2019-10-01,"2019 October","2nd 40%",240000,"Scss","Absorbed Prices"
"24433",2019-10-01,"2019 October","3rd 60%",257000,"Scss","Absorbed Prices"
"24433",2019-10-01,"2019 October","4th 80%",301000,"Scss","Absorbed Prices"
"24433",2019-10-01,"2019 October","Median",250000,"Scss","Absorbed Prices"
"24433",2019-10-01,"2019 October","Average",267386,"Scss","Absorbed Prices"
"24433",2019-10-01,"2019 October","Units",25,"Scss","Absorbed Prices"
"24433",2019-11-01,"2019 November","1st 20%",2e+05,"Scss","Absorbed Prices"
"24433",2019-11-01,"2019 November","2nd 40%",240000,"Scss","Absorbed Prices"
"24433",2019-11-01,"2019 November","3rd 60%",260000,"Scss","Absorbed Prices"
"24433",2019-11-01,"2019 November","4th 80%",270000,"Scss","Absorbed Prices"
"24433",2019-11-01,"2019 November","Median",250000,"Scss","Absorbed Prices"
"24433",2019-11-01,"2019 November","Average",266963,"Scss","Absorbed Prices"
"24433",2019-11-01,"2019 November","Units",26,"Scss","Absorbed Prices"
"24433",2019-12-01,"2019 December","1st 20%",NA,"Scss","Absorbed Prices"
"24433",2019-12-01,"2019 December","2nd 40%",NA,"Scss","Absorbed Prices"
"24433",2019-12-01,"2019 December","3rd 60%",NA,"Scss","Absorbed Prices"
"24433",2019-12-01,"2019 December","4th 80%",NA,"Scss","Absorbed Prices"
"24433",2019-12-01,"2019 December","Median",NA,"Scss","Absorbed Prices"
"24433",2019-12-01,"2019 December","Average",217742,"Scss","Absorbed Prices"
"24433",2019-12-01,"2019 December","Units",8,"Scss","Absorbed Prices"
"24433",2020-01-01,"2020 January","1st 20%",204000,"Scss","Absorbed Prices"
"24433",2020-01-01,"2020 January","2nd 40%",225000,"Scss","Absorbed Prices"
"24433",2020-01-01,"2020 January","3rd 60%",248000,"Scss","Absorbed Prices"
"24433",2020-01-01,"2020 January","4th 80%",297000,"Scss","Absorbed Prices"
"24433",2020-01-01,"2020 January","Median",240000,"Scss","Absorbed Prices"
"24433",2020-01-01,"2020 January","Average",246462,"Scss","Absorbed Prices"
"24433",2020-01-01,"2020 January","Units",19,"Scss","Absorbed Prices"
"24433",2020-02-01,"2020 February","1st 20%",221000,"Scss","Absorbed Prices"
"24433",2020-02-01,"2020 February","2nd 40%",238000,"Scss","Absorbed Prices"
"24433",2020-02-01,"2020 February","3rd 60%",256000,"Scss","Absorbed Prices"
"24433",2020-02-01,"2020 February","4th 80%",266000,"Scss","Absorbed Prices"
"24433",2020-02-01,"2020 February","Median",245000,"Scss","Absorbed Prices"
"24433",2020-02-01,"2020 February","Average",245792,"Scss","Absorbed Prices"
"24433",2020-02-01,"2020 February","Units",12,"Scss","Absorbed Prices"
"24433",2020-03-01,"2020 March","1st 20%",194000,"Scss","Absorbed Prices"
"24433",2020-03-01,"2020 March","2nd 40%",210000,"Scss","Absorbed Prices"
"24433",2020-03-01,"2020 March","3rd 60%",227000,"Scss","Absorbed Prices"
"24433",2020-03-01,"2020 March","4th 80%",245000,"Scss","Absorbed Prices"
"24433",2020-03-01,"2020 March","Median",220000,"Scss","Absorbed Prices"
"24433",2020-03-01,"2020 March","Average",223531,"Scss","Absorbed Prices"
"24433",2020-03-01,"2020 March","Units",23,"Scss","Absorbed Prices"
"24433",2020-04-01,"2020 April","1st 20%",NA,"Scss","Absorbed Prices"
"24433",2020-04-01,"2020 April","2nd 40%",NA,"Scss","Absorbed Prices"
"24433",2020-04-01,"2020 April","3rd 60%",NA,"Scss","Absorbed Prices"
"24433",2020-04-01,"2020 April","4th 80%",NA,"Scss","Absorbed Prices"
"24433",2020-04-01,"2020 April","Median",NA,"Scss","Absorbed Prices"
"24433",2020-04-01,"2020 April","Average",NA,"Scss","Absorbed Prices"
"24433",2020-04-01,"2020 April","Units",5,"Scss","Absorbed Prices"
"24433",2020-05-01,"2020 May","1st 20%",217000,"Scss","Absorbed Prices"
"24433",2020-05-01,"2020 May","2nd 40%",240000,"Scss","Absorbed Prices"
"24433",2020-05-01,"2020 May","3rd 60%",265000,"Scss","Absorbed Prices"
"24433",2020-05-01,"2020 May","4th 80%",345000,"Scss","Absorbed Prices"
"24433",2020-05-01,"2020 May","Median",255000,"Scss","Absorbed Prices"
"24433",2020-05-01,"2020 May","Average",298885,"Scss","Absorbed Prices"
"24433",2020-05-01,"2020 May","Units",86,"Scss","Absorbed Prices"
"24433",2020-06-01,"2020 June","1st 20%",212000,"Scss","Absorbed Prices"
"24433",2020-06-01,"2020 June","2nd 40%",230000,"Scss","Absorbed Prices"
"24433",2020-06-01,"2020 June","3rd 60%",249000,"Scss","Absorbed Prices"
"24433",2020-06-01,"2020 June","4th 80%",283000,"Scss","Absorbed Prices"
"24433",2020-06-01,"2020 June","Median",235000,"Scss","Absorbed Prices"
"24433",2020-06-01,"2020 June","Average",255299,"Scss","Absorbed Prices"
"24433",2020-06-01,"2020 June","Units",27,"Scss","Absorbed Prices"
"24433",2020-07-01,"2020 July","1st 20%",225000,"Scss","Absorbed Prices"
"24433",2020-07-01,"2020 July","2nd 40%",242000,"Scss","Absorbed Prices"
"24433",2020-07-01,"2020 July","3rd 60%",260000,"Scss","Absorbed Prices"
"24433",2020-07-01,"2020 July","4th 80%",280000,"Scss","Absorbed Prices"
"24433",2020-07-01,"2020 July","Median",252500,"Scss","Absorbed Prices"
"24433",2020-07-01,"2020 July","Average",266612,"Scss","Absorbed Prices"
"24433",2020-07-01,"2020 July","Units",46,"Scss","Absorbed Prices"
"24433",2020-08-01,"2020 August","1st 20%",225000,"Scss","Absorbed Prices"
"24433",2020-08-01,"2020 August","2nd 40%",254000,"Scss","Absorbed Prices"
"24433",2020-08-01,"2020 August","3rd 60%",294000,"Scss","Absorbed Prices"
"24433",2020-08-01,"2020 August","4th 80%",358000,"Scss","Absorbed Prices"
"24433",2020-08-01,"2020 August","Median",270000,"Scss","Absorbed Prices"
"24433",2020-08-01,"2020 August","Average",299352,"Scss","Absorbed Prices"
"24433",2020-08-01,"2020 August","Units",37,"Scss","Absorbed Prices"
"24433",2020-09-01,"2020 September","1st 20%",215000,"Scss","Absorbed Prices"
"24433",2020-09-01,"2020 September","2nd 40%",233000,"Scss","Absorbed Prices"
"24433",2020-09-01,"2020 September","3rd 60%",255000,"Scss","Absorbed Prices"
"24433",2020-09-01,"2020 September","4th 80%",279000,"Scss","Absorbed Prices"
"24433",2020-09-01,"2020 September","Median",245000,"Scss","Absorbed Prices"
"24433",2020-09-01,"2020 September","Average",283258,"Scss","Absorbed Prices"
"24433",2020-09-01,"2020 September","Units",31,"Scss","Absorbed Prices"
"24433",2020-10-01,"2020 October","1st 20%",212000,"Scss","Absorbed Prices"
"24433",2020-10-01,"2020 October","2nd 40%",232000,"Scss","Absorbed Prices"
"24433",2020-10-01,"2020 October","3rd 60%",248000,"Scss","Absorbed Prices"
"24433",2020-10-01,"2020 October","4th 80%",279000,"Scss","Absorbed Prices"
"24433",2020-10-01,"2020 October","Median",240000,"Scss","Absorbed Prices"
"24433",2020-10-01,"2020 October","Average",273977,"Scss","Absorbed Prices"
"24433",2020-10-01,"2020 October","Units",36,"Scss","Absorbed Prices"
"24433",2020-11-01,"2020 November","1st 20%",218000,"Scss","Absorbed Prices"
"24433",2020-11-01,"2020 November","2nd 40%",250000,"Scss","Absorbed Prices"
"24433",2020-11-01,"2020 November","3rd 60%",272000,"Scss","Absorbed Prices"
"24433",2020-11-01,"2020 November","4th 80%",325000,"Scss","Absorbed Prices"
"24433",2020-11-01,"2020 November","Median",255000,"Scss","Absorbed Prices"
"24433",2020-11-01,"2020 November","Average",282468,"Scss","Absorbed Prices"
"24433",2020-11-01,"2020 November","Units",34,"Scss","Absorbed Prices"
"24433",2020-12-01,"2020 December","1st 20%",225000,"Scss","Absorbed Prices"
"24433",2020-12-01,"2020 December","2nd 40%",231000,"Scss","Absorbed Prices"
"24433",2020-12-01,"2020 December","3rd 60%",265000,"Scss","Absorbed Prices"
"24433",2020-12-01,"2020 December","4th 80%",295000,"Scss","Absorbed Prices"
"24433",2020-12-01,"2020 December","Median",252500,"Scss","Absorbed Prices"
"24433",2020-12-01,"2020 December","Average",281054,"Scss","Absorbed Prices"
"24433",2020-12-01,"2020 December","Units",36,"Scss","Absorbed Prices"
"24433",2021-01-01,"2021 January","1st 20%",NA,"Scss","Absorbed Prices"
"24433",2021-01-01,"2021 January","2nd 40%",NA,"Scss","Absorbed Prices"
"24433",2021-01-01,"2021 January","3rd 60%",NA,"Scss","Absorbed Prices"
"24433",2021-01-01,"2021 January","4th 80%",NA,"Scss","Absorbed Prices"
"24433",2021-01-01,"2021 January","Median",NA,"Scss","Absorbed Prices"
"24433",2021-01-01,"2021 January","Average",311947,"Scss","Absorbed Prices"
"24433",2021-01-01,"2021 January","Units",13,"Scss","Absorbed Prices"
"24433",2021-02-01,"2021 February","1st 20%",229000,"Scss","Absorbed Prices"
"24433",2021-02-01,"2021 February","2nd 40%",265000,"Scss","Absorbed Prices"
"24433",2021-02-01,"2021 February","3rd 60%",292000,"Scss","Absorbed Prices"
"24433",2021-02-01,"2021 February","4th 80%",296000,"Scss","Absorbed Prices"
"24433",2021-02-01,"2021 February","Median",285000,"Scss","Absorbed Prices"
"24433",2021-02-01,"2021 February","Average",274848,"Scss","Absorbed Prices"
"24433",2021-02-01,"2021 February","Units",16,"Scss","Absorbed Prices"
"24433",2021-03-01,"2021 March","1st 20%",NA,"Scss","Absorbed Prices"
"24433",2021-03-01,"2021 March","2nd 40%",NA,"Scss","Absorbed Prices"
"24433",2021-03-01,"2021 March","3rd 60%",NA,"Scss","Absorbed Prices"
"24433",2021-03-01,"2021 March","4th 80%",NA,"Scss","Absorbed Prices"
"24433",2021-03-01,"2021 March","Median",NA,"Scss","Absorbed Prices"
"24433",2021-03-01,"2021 March","Average",598054,"Scss","Absorbed Prices"
"24433",2021-03-01,"2021 March","Units",10,"Scss","Absorbed Prices"
"24433",2021-04-01,"2021 April","1st 20%",241000,"Scss","Absorbed Prices"
"24433",2021-04-01,"2021 April","2nd 40%",259000,"Scss","Absorbed Prices"
"24433",2021-04-01,"2021 April","3rd 60%",265000,"Scss","Absorbed Prices"
"24433",2021-04-01,"2021 April","4th 80%",309000,"Scss","Absorbed Prices"
"24433",2021-04-01,"2021 April","Median",265000,"Scss","Absorbed Prices"
"24433",2021-04-01,"2021 April","Average",306657,"Scss","Absorbed Prices"
"24433",2021-04-01,"2021 April","Units",16,"Scss","Absorbed Prices"
"24433",2021-05-01,"2021 May","1st 20%",275000,"Scss","Absorbed Prices"
"24433",2021-05-01,"2021 May","2nd 40%",305000,"Scss","Absorbed Prices"
"24433",2021-05-01,"2021 May","3rd 60%",315000,"Scss","Absorbed Prices"
"24433",2021-05-01,"2021 May","4th 80%",365000,"Scss","Absorbed Prices"
"24433",2021-05-01,"2021 May","Median",310000,"Scss","Absorbed Prices"
"24433",2021-05-01,"2021 May","Average",316758,"Scss","Absorbed Prices"
"24433",2021-05-01,"2021 May","Units",26,"Scss","Absorbed Prices"
"24433",2021-06-01,"2021 June","1st 20%",280000,"Scss","Absorbed Prices"
"24433",2021-06-01,"2021 June","2nd 40%",3e+05,"Scss","Absorbed Prices"
"24433",2021-06-01,"2021 June","3rd 60%",320000,"Scss","Absorbed Prices"
"24433",2021-06-01,"2021 June","4th 80%",340000,"Scss","Absorbed Prices"
"24433",2021-06-01,"2021 June","Median",315000,"Scss","Absorbed Prices"
"24433",2021-06-01,"2021 June","Average",333095,"Scss","Absorbed Prices"
"24433",2021-06-01,"2021 June","Units",43,"Scss","Absorbed Prices"
"24433",2021-07-01,"2021 July","1st 20%",267000,"Scss","Absorbed Prices"
"24433",2021-07-01,"2021 July","2nd 40%",3e+05,"Scss","Absorbed Prices"
"24433",2021-07-01,"2021 July","3rd 60%",313000,"Scss","Absorbed Prices"
"24433",2021-07-01,"2021 July","4th 80%",365000,"Scss","Absorbed Prices"
"24433",2021-07-01,"2021 July","Median",3e+05,"Scss","Absorbed Prices"
"24433",2021-07-01,"2021 July","Average",329509,"Scss","Absorbed Prices"
"24433",2021-07-01,"2021 July","Units",61,"Scss","Absorbed Prices"
"24433",2021-08-01,"2021 August","1st 20%",283000,"Scss","Absorbed Prices"
"24433",2021-08-01,"2021 August","2nd 40%",305000,"Scss","Absorbed Prices"
"24433",2021-08-01,"2021 August","3rd 60%",339000,"Scss","Absorbed Prices"
"24433",2021-08-01,"2021 August","4th 80%",507000,"Scss","Absorbed Prices"
"24433",2021-08-01,"2021 August","Median",320000,"Scss","Absorbed Prices"
"24433",2021-08-01,"2021 August","Average",386733,"Scss","Absorbed Prices"
"24433",2021-08-01,"2021 August","Units",27,"Scss","Absorbed Prices"
"24433",2021-09-01,"2021 September","1st 20%",264000,"Scss","Absorbed Prices"
"24433",2021-09-01,"2021 September","2nd 40%",335000,"Scss","Absorbed Prices"
"24433",2021-09-01,"2021 September","3rd 60%",352000,"Scss","Absorbed Prices"
"24433",2021-09-01,"2021 September","4th 80%",385000,"Scss","Absorbed Prices"
"24433",2021-09-01,"2021 September","Median",340000,"Scss","Absorbed Prices"
"24433",2021-09-01,"2021 September","Average",363338,"Scss","Absorbed Prices"
"24433",2021-09-01,"2021 September","Units",17,"Scss","Absorbed Prices"
"24433",2021-10-01,"2021 October","1st 20%",255000,"Scss","Absorbed Prices"
"24433",2021-10-01,"2021 October","2nd 40%",345000,"Scss","Absorbed Prices"
"24433",2021-10-01,"2021 October","3rd 60%",380000,"Scss","Absorbed Prices"
"24433",2021-10-01,"2021 October","4th 80%",450000,"Scss","Absorbed Prices"
"24433",2021-10-01,"2021 October","Median",362500,"Scss","Absorbed Prices"
"24433",2021-10-01,"2021 October","Average",357751,"Scss","Absorbed Prices"
"24433",2021-10-01,"2021 October","Units",16,"Scss","Absorbed Prices"
"24433",2021-11-01,"2021 November","1st 20%",260000,"Scss","Absorbed Prices"
"24433",2021-11-01,"2021 November","2nd 40%",290000,"Scss","Absorbed Prices"
"24433",2021-11-01,"2021 November","3rd 60%",310000,"Scss","Absorbed Prices"
"24433",2021-11-01,"2021 November","4th 80%",375000,"Scss","Absorbed Prices"
"24433",2021-11-01,"2021 November","Median",290000,"Scss","Absorbed Prices"
"24433",2021-11-01,"2021 November","Average",356279,"Scss","Absorbed Prices"
"24433",2021-11-01,"2021 November","Units",25,"Scss","Absorbed Prices"
"24433",2021-12-01,"2021 December","1st 20%",295000,"Scss","Absorbed Prices"
"24433",2021-12-01,"2021 December","2nd 40%",302000,"Scss","Absorbed Prices"
"24433",2021-12-01,"2021 December","3rd 60%",343000,"Scss","Absorbed Prices"
"24433",2021-12-01,"2021 December","4th 80%",380000,"Scss","Absorbed Prices"
"24433",2021-12-01,"2021 December","Median",320000,"Scss","Absorbed Prices"
"24433",2021-12-01,"2021 December","Average",332592,"Scss","Absorbed Prices"
"24433",2021-12-01,"2021 December","Units",18,"Scss","Absorbed Prices"
"24433",2022-01-01,"2022 January","1st 20%",299000,"Scss","Absorbed Prices"
"24433",2022-01-01,"2022 January","2nd 40%",332000,"Scss","Absorbed Prices"
"24433",2022-01-01,"2022 January","3rd 60%",345000,"Scss","Absorbed Prices"
"24433",2022-01-01,"2022 January","4th 80%",395000,"Scss","Absorbed Prices"
"24433",2022-01-01,"2022 January","Median",337500,"Scss","Absorbed Prices"
"24433",2022-01-01,"2022 January","Average",344552,"Scss","Absorbed Prices"
"24433",2022-01-01,"2022 January","Units",22,"Scss","Absorbed Prices"
"24433",2022-02-01,"2022 February","1st 20%",305000,"Scss","Absorbed Prices"
"24433",2022-02-01,"2022 February","2nd 40%",325000,"Scss","Absorbed Prices"
"24433",2022-02-01,"2022 February","3rd 60%",350000,"Scss","Absorbed Prices"
"24433",2022-02-01,"2022 February","4th 80%",375000,"Scss","Absorbed Prices"
"24433",2022-02-01,"2022 February","Median",337500,"Scss","Absorbed Prices"
"24433",2022-02-01,"2022 February","Average",343632,"Scss","Absorbed Prices"
"24433",2022-02-01,"2022 February","Units",17,"Scss","Absorbed Prices"
"24433",2022-03-01,"2022 March","1st 20%",293000,"Scss","Absorbed Prices"
"24433",2022-03-01,"2022 March","2nd 40%",347000,"Scss","Absorbed Prices"
"24433",2022-03-01,"2022 March","3rd 60%",383000,"Scss","Absorbed Prices"
"24433",2022-03-01,"2022 March","4th 80%",405000,"Scss","Absorbed Prices"
"24433",2022-03-01,"2022 March","Median",360000,"Scss","Absorbed Prices"
"24433",2022-03-01,"2022 March","Average",412719,"Scss","Absorbed Prices"
"24433",2022-03-01,"2022 March","Units",25,"Scss","Absorbed Prices"
"24433",2022-04-01,"2022 April","1st 20%",315000,"Scss","Absorbed Prices"
"24433",2022-04-01,"2022 April","2nd 40%",330000,"Scss","Absorbed Prices"
"24433",2022-04-01,"2022 April","3rd 60%",355000,"Scss","Absorbed Prices"
"24433",2022-04-01,"2022 April","4th 80%",375000,"Scss","Absorbed Prices"
"24433",2022-04-01,"2022 April","Median",345000,"Scss","Absorbed Prices"
"24433",2022-04-01,"2022 April","Average",343366,"Scss","Absorbed Prices"
"24433",2022-04-01,"2022 April","Units",32,"Scss","Absorbed Prices"
"24433",2022-05-01,"2022 May","1st 20%",317000,"Scss","Absorbed Prices"
"24433",2022-05-01,"2022 May","2nd 40%",334000,"Scss","Absorbed Prices"
"24433",2022-05-01,"2022 May","3rd 60%",355000,"Scss","Absorbed Prices"
"24433",2022-05-01,"2022 May","4th 80%",415000,"Scss","Absorbed Prices"
"24433",2022-05-01,"2022 May","Median",345000,"Scss","Absorbed Prices"
"24433",2022-05-01,"2022 May","Average",412831,"Scss","Absorbed Prices"
"24433",2022-05-01,"2022 May","Units",22,"Scss","Absorbed Prices"
"24433",2022-06-01,"2022 June","1st 20%",330000,"Scss","Absorbed Prices"
"24433",2022-06-01,"2022 June","2nd 40%",370000,"Scss","Absorbed Prices"
"24433",2022-06-01,"2022 June","3rd 60%",385000,"Scss","Absorbed Prices"
"24433",2022-06-01,"2022 June","4th 80%",396000,"Scss","Absorbed Prices"
"24433",2022-06-01,"2022 June","Median",377500,"Scss","Absorbed Prices"
"24433",2022-06-01,"2022 June","Average",420853,"Scss","Absorbed Prices"
"24433",2022-06-01,"2022 June","Units",35,"Scss","Absorbed Prices"
"24433",2022-07-01,"2022 July","1st 20%",304000,"Scss","Absorbed Prices"
"24433",2022-07-01,"2022 July","2nd 40%",335000,"Scss","Absorbed Prices"
"24433",2022-07-01,"2022 July","3rd 60%",355000,"Scss","Absorbed Prices"
"24433",2022-07-01,"2022 July","4th 80%",432000,"Scss","Absorbed Prices"
"24433",2022-07-01,"2022 July","Median",340000,"Scss","Absorbed Prices"
"24433",2022-07-01,"2022 July","Average",391251,"Scss","Absorbed Prices"
"24433",2022-07-01,"2022 July","Units",50,"Scss","Absorbed Prices"
"24433",2022-08-01,"2022 August","1st 20%",329000,"Scss","Absorbed Prices"
"24433",2022-08-01,"2022 August","2nd 40%",353000,"Scss","Absorbed Prices"
"24433",2022-08-01,"2022 August","3rd 60%",380000,"Scss","Absorbed Prices"
"24433",2022-08-01,"2022 August","4th 80%",410000,"Scss","Absorbed Prices"
"24433",2022-08-01,"2022 August","Median",365000,"Scss","Absorbed Prices"
"24433",2022-08-01,"2022 August","Average",372346,"Scss","Absorbed Prices"
"24433",2022-08-01,"2022 August","Units",26,"Scss","Absorbed Prices"
"24433",2022-09-01,"2022 September","1st 20%",306000,"Scss","Absorbed Prices"
"24433",2022-09-01,"2022 September","2nd 40%",335000,"Scss","Absorbed Prices"
"24433",2022-09-01,"2022 September","3rd 60%",376000,"Scss","Absorbed Prices"
"24433",2022-09-01,"2022 September","4th 80%",415000,"Scss","Absorbed Prices"
"24433",2022-09-01,"2022 September","Median",345000,"Scss","Absorbed Prices"
"24433",2022-09-01,"2022 September","Average",357164,"Scss","Absorbed Prices"
"24433",2022-09-01,"2022 September","Units",39,"Scss","Absorbed Prices"
"24433",2022-10-01,"2022 October","1st 20%",NA,"Scss","Absorbed Prices"
"24433",2022-10-01,"2022 October","2nd 40%",NA,"Scss","Absorbed Prices"
"24433",2022-10-01,"2022 October","3rd 60%",NA,"Scss","Absorbed Prices"
"24433",2022-10-01,"2022 October","4th 80%",NA,"Scss","Absorbed Prices"
"24433",2022-10-01,"2022 October","Median",NA,"Scss","Absorbed Prices"
"24433",2022-10-01,"2022 October","Average",388751,"Scss","Absorbed Prices"
"24433",2022-10-01,"2022 October","Units",11,"Scss","Absorbed Prices"
"24433",2022-11-01,"2022 November","1st 20%",350000,"Scss","Absorbed Prices"
"24433",2022-11-01,"2022 November","2nd 40%",370000,"Scss","Absorbed Prices"
"24433",2022-11-01,"2022 November","3rd 60%",399000,"Scss","Absorbed Prices"
"24433",2022-11-01,"2022 November","4th 80%",477000,"Scss","Absorbed Prices"
"24433",2022-11-01,"2022 November","Median",375000,"Scss","Absorbed Prices"
"24433",2022-11-01,"2022 November","Average",406735,"Scss","Absorbed Prices"
"24433",2022-11-01,"2022 November","Units",15,"Scss","Absorbed Prices"
"24433",2022-12-01,"2022 December","1st 20%",NA,"Scss","Absorbed Prices"
"24433",2022-12-01,"2022 December","2nd 40%",NA,"Scss","Absorbed Prices"
"24433",2022-12-01,"2022 December","3rd 60%",NA,"Scss","Absorbed Prices"
"24433",2022-12-01,"2022 December","4th 80%",NA,"Scss","Absorbed Prices"
"24433",2022-12-01,"2022 December","Median",NA,"Scss","Absorbed Prices"
"24433",2022-12-01,"2022 December","Average",351577,"Scss","Absorbed Prices"
"24433",2022-12-01,"2022 December","Units",12,"Scss","Absorbed Prices"
"24433",2023-01-01,"2023 January","1st 20%",NA,"Scss","Absorbed Prices"
"24433",2023-01-01,"2023 January","2nd 40%",NA,"Scss","Absorbed Prices"
"24433",2023-01-01,"2023 January","3rd 60%",NA,"Scss","Absorbed Prices"
"24433",2023-01-01,"2023 January","4th 80%",NA,"Scss","Absorbed Prices"
"24433",2023-01-01,"2023 January","Median",NA,"Scss","Absorbed Prices"
"24433",2023-01-01,"2023 January","Average",NA,"Scss","Absorbed Prices"
"24433",2023-01-01,"2023 January","Units",7,"Scss","Absorbed Prices"
"24433",2023-02-01,"2023 February","1st 20%",NA,"Scss","Absorbed Prices"
"24433",2023-02-01,"2023 February","2nd 40%",NA,"Scss","Absorbed Prices"
"24433",2023-02-01,"2023 February","3rd 60%",NA,"Scss","Absorbed Prices"
"24433",2023-02-01,"2023 February","4th 80%",NA,"Scss","Absorbed Prices"
"24433",2023-02-01,"2023 February","Median",NA,"Scss","Absorbed Prices"
"24433",2023-02-01,"2023 February","Average",392609,"Scss","Absorbed Prices"
"24433",2023-02-01,"2023 February","Units",13,"Scss","Absorbed Prices"
"24433",2023-03-01,"2023 March","1st 20%",356000,"Scss","Absorbed Prices"
"24433",2023-03-01,"2023 March","2nd 40%",370000,"Scss","Absorbed Prices"
"24433",2023-03-01,"2023 March","3rd 60%",395000,"Scss","Absorbed Prices"
"24433",2023-03-01,"2023 March","4th 80%",405000,"Scss","Absorbed Prices"
"24433",2023-03-01,"2023 March","Median",390000,"Scss","Absorbed Prices"
"24433",2023-03-01,"2023 March","Average",428648,"Scss","Absorbed Prices"
"24433",2023-03-01,"2023 March","Units",29,"Scss","Absorbed Prices"
"24433",2023-04-01,"2023 April","1st 20%",NA,"Scss","Absorbed Prices"
"24433",2023-04-01,"2023 April","2nd 40%",NA,"Scss","Absorbed Prices"
"24433",2023-04-01,"2023 April","3rd 60%",NA,"Scss","Absorbed Prices"
"24433",2023-04-01,"2023 April","4th 80%",NA,"Scss","Absorbed Prices"
"24433",2023-04-01,"2023 April","Median",NA,"Scss","Absorbed Prices"
"24433",2023-04-01,"2023 April","Average",404986,"Scss","Absorbed Prices"
"24433",2023-04-01,"2023 April","Units",9,"Scss","Absorbed Prices"
"24433",2023-05-01,"2023 May","1st 20%",369000,"Scss","Absorbed Prices"
"24433",2023-05-01,"2023 May","2nd 40%",389000,"Scss","Absorbed Prices"
"24433",2023-05-01,"2023 May","3rd 60%",440000,"Scss","Absorbed Prices"
"24433",2023-05-01,"2023 May","4th 80%",467000,"Scss","Absorbed Prices"
"24433",2023-05-01,"2023 May","Median",410000,"Scss","Absorbed Prices"
"24433",2023-05-01,"2023 May","Average",459470,"Scss","Absorbed Prices"
"24433",2023-05-01,"2023 May","Units",19,"Scss","Absorbed Prices"
"24433",2023-06-01,"2023 June","1st 20%",373000,"Scss","Absorbed Prices"
"24433",2023-06-01,"2023 June","2nd 40%",396000,"Scss","Absorbed Prices"
"24433",2023-06-01,"2023 June","3rd 60%",450000,"Scss","Absorbed Prices"
"24433",2023-06-01,"2023 June","4th 80%",460000,"Scss","Absorbed Prices"
"24433",2023-06-01,"2023 June","Median",435000,"Scss","Absorbed Prices"
"24433",2023-06-01,"2023 June","Average",467871,"Scss","Absorbed Prices"
"24433",2023-06-01,"2023 June","Units",26,"Scss","Absorbed Prices"
"24433",2023-07-01,"2023 July","1st 20%",370000,"Scss","Absorbed Prices"
"24433",2023-07-01,"2023 July","2nd 40%",390000,"Scss","Absorbed Prices"
"24433",2023-07-01,"2023 July","3rd 60%",410000,"Scss","Absorbed Prices"
"24433",2023-07-01,"2023 July","4th 80%",5e+05,"Scss","Absorbed Prices"
"24433",2023-07-01,"2023 July","Median",395000,"Scss","Absorbed Prices"
"24433",2023-07-01,"2023 July","Average",420171,"Scss","Absorbed Prices"
"24433",2023-07-01,"2023 July","Units",25,"Scss","Absorbed Prices"
"24433",2023-08-01,"2023 August","1st 20%",350000,"Scss","Absorbed Prices"
"24433",2023-08-01,"2023 August","2nd 40%",377000,"Scss","Absorbed Prices"
"24433",2023-08-01,"2023 August","3rd 60%",454000,"Scss","Absorbed Prices"
"24433",2023-08-01,"2023 August","4th 80%",533000,"Scss","Absorbed Prices"
"24433",2023-08-01,"2023 August","Median",415000,"Scss","Absorbed Prices"
"24433",2023-08-01,"2023 August","Average",431817,"Scss","Absorbed Prices"
"24433",2023-08-01,"2023 August","Units",18,"Scss","Absorbed Prices"
"24433",2023-09-01,"2023 September","1st 20%",NA,"Scss","Absorbed Prices"
"24433",2023-09-01,"2023 September","2nd 40%",NA,"Scss","Absorbed Prices"
"24433",2023-09-01,"2023 September","3rd 60%",NA,"Scss","Absorbed Prices"
"24433",2023-09-01,"2023 September","4th 80%",NA,"Scss","Absorbed Prices"
"24433",2023-09-01,"2023 September","Median",NA,"Scss","Absorbed Prices"
"24433",2023-09-01,"2023 September","Average",390887,"Scss","Absorbed Prices"
"24433",2023-09-01,"2023 September","Units",7,"Scss","Absorbed Prices"
"24433",2023-10-01,"2023 October","1st 20%",NA,"Scss","Absorbed Prices"
"24433",2023-10-01,"2023 October","2nd 40%",NA,"Scss","Absorbed Prices"
"24433",2023-10-01,"2023 October","3rd 60%",NA,"Scss","Absorbed Prices"
"24433",2023-10-01,"2023 October","4th 80%",NA,"Scss","Absorbed Prices"
"24433",2023-10-01,"2023 October","Median",NA,"Scss","Absorbed Prices"
"24433",2023-10-01,"2023 October","Average",NA,"Scss","Absorbed Prices"
"24433",2023-10-01,"2023 October","Units",4,"Scss","Absorbed Prices"
"24433",2023-11-01,"2023 November","1st 20%",326000,"Scss","Absorbed Prices"
"24433",2023-11-01,"2023 November","2nd 40%",375000,"Scss","Absorbed Prices"
"24433",2023-11-01,"2023 November","3rd 60%",403000,"Scss","Absorbed Prices"
"24433",2023-11-01,"2023 November","4th 80%",490000,"Scss","Absorbed Prices"
"24433",2023-11-01,"2023 November","Median",380000,"Scss","Absorbed Prices"
"24433",2023-11-01,"2023 November","Average",429559,"Scss","Absorbed Prices"
"24433",2023-11-01,"2023 November","Units",22,"Scss","Absorbed Prices"
"24433",2023-12-01,"2023 December","1st 20%",NA,"Scss","Absorbed Prices"
"24433",2023-12-01,"2023 December","2nd 40%",NA,"Scss","Absorbed Prices"
"24433",2023-12-01,"2023 December","3rd 60%",NA,"Scss","Absorbed Prices"
"24433",2023-12-01,"2023 December","4th 80%",NA,"Scss","Absorbed Prices"
"24433",2023-12-01,"2023 December","Median",NA,"Scss","Absorbed Prices"
"24433",2023-12-01,"2023 December","Average",493373,"Scss","Absorbed Prices"
"24433",2023-12-01,"2023 December","Units",12,"Scss","Absorbed Prices"
"24433",2024-01-01,"2024 January","1st 20%",NA,"Scss","Absorbed Prices"
"24433",2024-01-01,"2024 January","2nd 40%",NA,"Scss","Absorbed Prices"
"24433",2024-01-01,"2024 January","3rd 60%",NA,"Scss","Absorbed Prices"
"24433",2024-01-01,"2024 January","4th 80%",NA,"Scss","Absorbed Prices"
"24433",2024-01-01,"2024 January","Median",NA,"Scss","Absorbed Prices"
"24433",2024-01-01,"2024 January","Average",357914,"Scss","Absorbed Prices"
"24433",2024-01-01,"2024 January","Units",15,"Scss","Absorbed Prices"
"24433",2024-02-01,"2024 February","1st 20%",NA,"Scss","Absorbed Prices"
"24433",2024-02-01,"2024 February","2nd 40%",NA,"Scss","Absorbed Prices"
"24433",2024-02-01,"2024 February","3rd 60%",NA,"Scss","Absorbed Prices"
"24433",2024-02-01,"2024 February","4th 80%",NA,"Scss","Absorbed Prices"
"24433",2024-02-01,"2024 February","Median",NA,"Scss","Absorbed Prices"
"24433",2024-02-01,"2024 February","Average",NA,"Scss","Absorbed Prices"
"24433",2024-02-01,"2024 February","Units",5,"Scss","Absorbed Prices"
"24433",2024-03-01,"2024 March","1st 20%",NA,"Scss","Absorbed Prices"
"24433",2024-03-01,"2024 March","2nd 40%",NA,"Scss","Absorbed Prices"
"24433",2024-03-01,"2024 March","3rd 60%",NA,"Scss","Absorbed Prices"
"24433",2024-03-01,"2024 March","4th 80%",NA,"Scss","Absorbed Prices"
"24433",2024-03-01,"2024 March","Median",NA,"Scss","Absorbed Prices"
"24433",2024-03-01,"2024 March","Average",442229,"Scss","Absorbed Prices"
"24433",2024-03-01,"2024 March","Units",12,"Scss","Absorbed Prices"
"24433",2024-04-01,"2024 April","1st 20%",NA,"Scss","Absorbed Prices"
"24433",2024-04-01,"2024 April","2nd 40%",NA,"Scss","Absorbed Prices"
"24433",2024-04-01,"2024 April","3rd 60%",NA,"Scss","Absorbed Prices"
"24433",2024-04-01,"2024 April","4th 80%",NA,"Scss","Absorbed Prices"
"24433",2024-04-01,"2024 April","Median",NA,"Scss","Absorbed Prices"
"24433",2024-04-01,"2024 April","Average",NA,"Scss","Absorbed Prices"
"24433",2024-04-01,"2024 April","Units",4,"Scss","Absorbed Prices"
"24433",2024-05-01,"2024 May","1st 20%",NA,"Scss","Absorbed Prices"
"24433",2024-05-01,"2024 May","2nd 40%",NA,"Scss","Absorbed Prices"
"24433",2024-05-01,"2024 May","3rd 60%",NA,"Scss","Absorbed Prices"
"24433",2024-05-01,"2024 May","4th 80%",NA,"Scss","Absorbed Prices"
"24433",2024-05-01,"2024 May","Median",NA,"Scss","Absorbed Prices"
"24433",2024-05-01,"2024 May","Average",461310,"Scss","Absorbed Prices"
"24433",2024-05-01,"2024 May","Units",11,"Scss","Absorbed Prices"
"24433",2024-06-01,"2024 June","1st 20%",367000,"Scss","Absorbed Prices"
"24433",2024-06-01,"2024 June","2nd 40%",4e+05,"Scss","Absorbed Prices"
"24433",2024-06-01,"2024 June","3rd 60%",438000,"Scss","Absorbed Prices"
"24433",2024-06-01,"2024 June","4th 80%",527000,"Scss","Absorbed Prices"
"24433",2024-06-01,"2024 June","Median",422500,"Scss","Absorbed Prices"
"24433",2024-06-01,"2024 June","Average",444168,"Scss","Absorbed Prices"
"24433",2024-06-01,"2024 June","Units",33,"Scss","Absorbed Prices"
"24433",2024-07-01,"2024 July","1st 20%",360000,"Scss","Absorbed Prices"
"24433",2024-07-01,"2024 July","2nd 40%",397000,"Scss","Absorbed Prices"
"24433",2024-07-01,"2024 July","3rd 60%",460000,"Scss","Absorbed Prices"
"24433",2024-07-01,"2024 July","4th 80%",520000,"Scss","Absorbed Prices"
"24433",2024-07-01,"2024 July","Median",412500,"Scss","Absorbed Prices"
"24433",2024-07-01,"2024 July","Average",499023,"Scss","Absorbed Prices"
"24433",2024-07-01,"2024 July","Units",21,"Scss","Absorbed Prices"
"24433",2024-08-01,"2024 August","1st 20%",NA,"Scss","Absorbed Prices"
"24433",2024-08-01,"2024 August","2nd 40%",NA,"Scss","Absorbed Prices"
"24433",2024-08-01,"2024 August","3rd 60%",NA,"Scss","Absorbed Prices"
"24433",2024-08-01,"2024 August","4th 80%",NA,"Scss","Absorbed Prices"
"24433",2024-08-01,"2024 August","Median",NA,"Scss","Absorbed Prices"
"24433",2024-08-01,"2024 August","Average",431546,"Scss","Absorbed Prices"
"24433",2024-08-01,"2024 August","Units",11,"Scss","Absorbed Prices"
"24433",2024-09-01,"2024 September","1st 20%",NA,"Scss","Absorbed Prices"
"24433",2024-09-01,"2024 September","2nd 40%",NA,"Scss","Absorbed Prices"
"24433",2024-09-01,"2024 September","3rd 60%",NA,"Scss","Absorbed Prices"
"24433",2024-09-01,"2024 September","4th 80%",NA,"Scss","Absorbed Prices"
"24433",2024-09-01,"2024 September","Median",NA,"Scss","Absorbed Prices"
"24433",2024-09-01,"2024 September","Average",430244,"Scss","Absorbed Prices"
"24433",2024-09-01,"2024 September","Units",17,"Scss","Absorbed Prices"
"24433",2024-10-01,"2024 October","1st 20%",NA,"Scss","Absorbed Prices"
"24433",2024-10-01,"2024 October","2nd 40%",NA,"Scss","Absorbed Prices"
"24433",2024-10-01,"2024 October","3rd 60%",NA,"Scss","Absorbed Prices"
"24433",2024-10-01,"2024 October","4th 80%",NA,"Scss","Absorbed Prices"
"24433",2024-10-01,"2024 October","Median",NA,"Scss","Absorbed Prices"
"24433",2024-10-01,"2024 October","Average",606997,"Scss","Absorbed Prices"
"24433",2024-10-01,"2024 October","Units",7,"Scss","Absorbed Prices"
"24433",2024-11-01,"2024 November","1st 20%",NA,"Scss","Absorbed Prices"
"24433",2024-11-01,"2024 November","2nd 40%",NA,"Scss","Absorbed Prices"
"24433",2024-11-01,"2024 November","3rd 60%",NA,"Scss","Absorbed Prices"
"24433",2024-11-01,"2024 November","4th 80%",NA,"Scss","Absorbed Prices"
"24433",2024-11-01,"2024 November","Median",NA,"Scss","Absorbed Prices"
"24433",2024-11-01,"2024 November","Average",514786,"Scss","Absorbed Prices"
"24433",2024-11-01,"2024 November","Units",12,"Scss","Absorbed Prices"
"24433",2024-12-01,"2024 December","1st 20%",380000,"Scss","Absorbed Prices"
"24433",2024-12-01,"2024 December","2nd 40%",430000,"Scss","Absorbed Prices"
"24433",2024-12-01,"2024 December","3rd 60%",495000,"Scss","Absorbed Prices"
"24433",2024-12-01,"2024 December","4th 80%",585000,"Scss","Absorbed Prices"
"24433",2024-12-01,"2024 December","Median",437500,"Scss","Absorbed Prices"
"24433",2024-12-01,"2024 December","Average",500753,"Scss","Absorbed Prices"
"24433",2024-12-01,"2024 December","Units",28,"Scss","Absorbed Prices"
"24433",2025-01-01,"2025 January","1st 20%",NA,"Scss","Absorbed Prices"
"24433",2025-01-01,"2025 January","2nd 40%",NA,"Scss","Absorbed Prices"
"24433",2025-01-01,"2025 January","3rd 60%",NA,"Scss","Absorbed Prices"
"24433",2025-01-01,"2025 January","4th 80%",NA,"Scss","Absorbed Prices"
"24433",2025-01-01,"2025 January","Median",NA,"Scss","Absorbed Prices"
"24433",2025-01-01,"2025 January","Average",553655,"Scss","Absorbed Prices"
"24433",2025-01-01,"2025 January","Units",13,"Scss","Absorbed Prices"
"24433",2025-02-01,"2025 February","1st 20%",NA,"Scss","Absorbed Prices"
"24433",2025-02-01,"2025 February","2nd 40%",NA,"Scss","Absorbed Prices"
"24433",2025-02-01,"2025 February","3rd 60%",NA,"Scss","Absorbed Prices"
"24433",2025-02-01,"2025 February","4th 80%",NA,"Scss","Absorbed Prices"
"24433",2025-02-01,"2025 February","Median",NA,"Scss","Absorbed Prices"
"24433",2025-02-01,"2025 February","Average",488549,"Scss","Absorbed Prices"
"24433",2025-02-01,"2025 February","Units",10,"Scss","Absorbed Prices"
"24433",2025-03-01,"2025 March","1st 20%",430000,"Scss","Absorbed Prices"
"24433",2025-03-01,"2025 March","2nd 40%",455000,"Scss","Absorbed Prices"
"24433",2025-03-01,"2025 March","3rd 60%",544000,"Scss","Absorbed Prices"
"24433",2025-03-01,"2025 March","4th 80%",590000,"Scss","Absorbed Prices"
"24433",2025-03-01,"2025 March","Median",505000,"Scss","Absorbed Prices"
"24433",2025-03-01,"2025 March","Average",569754,"Scss","Absorbed Prices"
"24433",2025-03-01,"2025 March","Units",30,"Scss","Absorbed Prices"
"24433",2025-04-01,"2025 April","1st 20%",366000,"Scss","Absorbed Prices"
"24433",2025-04-01,"2025 April","2nd 40%",402000,"Scss","Absorbed Prices"
"24433",2025-04-01,"2025 April","3rd 60%",434000,"Scss","Absorbed Prices"
"24433",2025-04-01,"2025 April","4th 80%",507000,"Scss","Absorbed Prices"
"24433",2025-04-01,"2025 April","Median",410000,"Scss","Absorbed Prices"
"24433",2025-04-01,"2025 April","Average",428339,"Scss","Absorbed Prices"
"24433",2025-04-01,"2025 April","Units",17,"Scss","Absorbed Prices"
"24433",2025-05-01,"2025 May","1st 20%",380000,"Scss","Absorbed Prices"
"24433",2025-05-01,"2025 May","2nd 40%",464000,"Scss","Absorbed Prices"
"24433",2025-05-01,"2025 May","3rd 60%",508000,"Scss","Absorbed Prices"
"24433",2025-05-01,"2025 May","4th 80%",640000,"Scss","Absorbed Prices"
"24433",2025-05-01,"2025 May","Median",470000,"Scss","Absorbed Prices"
"24433",2025-05-01,"2025 May","Average",505536,"Scss","Absorbed Prices"
"24433",2025-05-01,"2025 May","Units",15,"Scss","Absorbed Prices"
"24433",2025-06-01,"2025 June","1st 20%",402000,"Scss","Absorbed Prices"
"24433",2025-06-01,"2025 June","2nd 40%",430000,"Scss","Absorbed Prices"
"24433",2025-06-01,"2025 June","3rd 60%",448000,"Scss","Absorbed Prices"
"24433",2025-06-01,"2025 June","4th 80%",527000,"Scss","Absorbed Prices"
"24433",2025-06-01,"2025 June","Median",437500,"Scss","Absorbed Prices"
"24433",2025-06-01,"2025 June","Average",466738,"Scss","Absorbed Prices"
"24433",2025-06-01,"2025 June","Units",44,"Scss","Absorbed Prices"
"24433",2025-07-01,"2025 July","1st 20%",409000,"Scss","Absorbed Prices"
"24433",2025-07-01,"2025 July","2nd 40%",455000,"Scss","Absorbed Prices"
"24433",2025-07-01,"2025 July","3rd 60%",515000,"Scss","Absorbed Prices"
"24433",2025-07-01,"2025 July","4th 80%",580000,"Scss","Absorbed Prices"
"24433",2025-07-01,"2025 July","Median",477500,"Scss","Absorbed Prices"
"24433",2025-07-01,"2025 July","Average",495337,"Scss","Absorbed Prices"
"24433",2025-07-01,"2025 July","Units",28,"Scss","Absorbed Prices"
"24433",2025-08-01,"2025 August","1st 20%",NA,"Scss","Absorbed Prices"
"24433",2025-08-01,"2025 August","2nd 40%",NA,"Scss","Absorbed Prices"
"24433",2025-08-01,"2025 August","3rd 60%",NA,"Scss","Absorbed Prices"
"24433",2025-08-01,"2025 August","4th 80%",NA,"Scss","Absorbed Prices"
"24433",2025-08-01,"2025 August","Median",NA,"Scss","Absorbed Prices"
"24433",2025-08-01,"2025 August","Average",456908,"Scss","Absorbed Prices"
"24433",2025-08-01,"2025 August","Units",12,"Scss","Absorbed Prices"
"24433",2025-09-01,"2025 September","1st 20%",430000,"Scss","Absorbed Prices"
"24433",2025-09-01,"2025 September","2nd 40%",507000,"Scss","Absorbed Prices"
"24433",2025-09-01,"2025 September","3rd 60%",640000,"Scss","Absorbed Prices"
"24433",2025-09-01,"2025 September","4th 80%",688000,"Scss","Absorbed Prices"
"24433",2025-09-01,"2025 September","Median",605000,"Scss","Absorbed Prices"
"24433",2025-09-01,"2025 September","Average",568190,"Scss","Absorbed Prices"
"24433",2025-09-01,"2025 September","Units",25,"Scss","Absorbed Prices"
"24433",2025-10-01,"2025 October","1st 20%",NA,"Scss","Absorbed Prices"
"24433",2025-10-01,"2025 October","2nd 40%",NA,"Scss","Absorbed Prices"
"24433",2025-10-01,"2025 October","3rd 60%",NA,"Scss","Absorbed Prices"
"24433",2025-10-01,"2025 October","4th 80%",NA,"Scss","Absorbed Prices"
"24433",2025-10-01,"2025 October","Median",NA,"Scss","Absorbed Prices"
"24433",2025-10-01,"2025 October","Average",453422,"Scss","Absorbed Prices"
"24433",2025-10-01,"2025 October","Units",12,"Scss","Absorbed Prices"
"24433",2025-11-01,"2025 November","1st 20%",487000,"Scss","Absorbed Prices"
"24433",2025-11-01,"2025 November","2nd 40%",534000,"Scss","Absorbed Prices"
"24433",2025-11-01,"2025 November","3rd 60%",597000,"Scss","Absorbed Prices"
"24433",2025-11-01,"2025 November","4th 80%",683000,"Scss","Absorbed Prices"
"24433",2025-11-01,"2025 November","Median",565000,"Scss","Absorbed Prices"
"24433",2025-11-01,"2025 November","Average",955395,"Scss","Absorbed Prices"
"24433",2025-11-01,"2025 November","Units",28,"Scss","Absorbed Prices"
"24433",2025-12-01,"2025 December","1st 20%",NA,"Scss","Absorbed Prices"
"24433",2025-12-01,"2025 December","2nd 40%",NA,"Scss","Absorbed Prices"
"24433",2025-12-01,"2025 December","3rd 60%",NA,"Scss","Absorbed Prices"
"24433",2025-12-01,"2025 December","4th 80%",NA,"Scss","Absorbed Prices"
"24433",2025-12-01,"2025 December","Median",NA,"Scss","Absorbed Prices"
"24433",2025-12-01,"2025 December","Average",648046,"Scss","Absorbed Prices"
"24433",2025-12-01,"2025 December","Units",14,"Scss","Absorbed Prices"
"24433",2026-01-01,"2026 January","1st 20%",456000,"Scss","Absorbed Prices"
"24433",2026-01-01,"2026 January","2nd 40%",489000,"Scss","Absorbed Prices"
"24433",2026-01-01,"2026 January","3rd 60%",543000,"Scss","Absorbed Prices"
"24433",2026-01-01,"2026 January","4th 80%",617000,"Scss","Absorbed Prices"
"24433",2026-01-01,"2026 January","Median",505000,"Scss","Absorbed Prices"
"24433",2026-01-01,"2026 January","Average",528176,"Scss","Absorbed Prices"
"24433",2026-01-01,"2026 January","Units",15,"Scss","Absorbed Prices"
"24433",2026-02-01,"2026 February","1st 20%",NA,"Scss","Absorbed Prices"
"24433",2026-02-01,"2026 February","2nd 40%",NA,"Scss","Absorbed Prices"
"24433",2026-02-01,"2026 February","3rd 60%",NA,"Scss","Absorbed Prices"
"24433",2026-02-01,"2026 February","4th 80%",NA,"Scss","Absorbed Prices"
"24433",2026-02-01,"2026 February","Median",NA,"Scss","Absorbed Prices"
"24433",2026-02-01,"2026 February","Average",468498,"Scss","Absorbed Prices"
"24433",2026-02-01,"2026 February","Units",13,"Scss","Absorbed Prices"
