"GeoUID","Date","DateString","Dwelling Type","Value","Survey","Series"
"24421",1990-01-01,"Jan 1990","Single",75,"Scss","Starts"
"24421",1990-01-01,"Jan 1990","Semi-Detached",20,"Scss","Starts"
"24421",1990-01-01,"Jan 1990","Row",0,"Scss","Starts"
"24421",1990-01-01,"Jan 1990","Apartment",94,"Scss","Starts"
"24421",1990-01-01,"Jan 1990","All",189,"Scss","Starts"
"24421",1990-02-01,"Feb 1990","Single",96,"Scss","Starts"
"24421",1990-02-01,"Feb 1990","Semi-Detached",2,"Scss","Starts"
"24421",1990-02-01,"Feb 1990","Row",12,"Scss","Starts"
"24421",1990-02-01,"Feb 1990","Apartment",245,"Scss","Starts"
"24421",1990-02-01,"Feb 1990","All",355,"Scss","Starts"
"24421",1990-03-01,"Mar 1990","Single",244,"Scss","Starts"
"24421",1990-03-01,"Mar 1990","Semi-Detached",22,"Scss","Starts"
"24421",1990-03-01,"Mar 1990","Row",12,"Scss","Starts"
"24421",1990-03-01,"Mar 1990","Apartment",169,"Scss","Starts"
"24421",1990-03-01,"Mar 1990","All",447,"Scss","Starts"
"24421",1990-04-01,"Apr 1990","Single",524,"Scss","Starts"
"24421",1990-04-01,"Apr 1990","Semi-Detached",42,"Scss","Starts"
"24421",1990-04-01,"Apr 1990","Row",13,"Scss","Starts"
"24421",1990-04-01,"Apr 1990","Apartment",181,"Scss","Starts"
"24421",1990-04-01,"Apr 1990","All",760,"Scss","Starts"
"24421",1990-05-01,"May 1990","Single",508,"Scss","Starts"
"24421",1990-05-01,"May 1990","Semi-Detached",50,"Scss","Starts"
"24421",1990-05-01,"May 1990","Row",10,"Scss","Starts"
"24421",1990-05-01,"May 1990","Apartment",283,"Scss","Starts"
"24421",1990-05-01,"May 1990","All",851,"Scss","Starts"
"24421",1990-06-01,"Jun 1990","Single",444,"Scss","Starts"
"24421",1990-06-01,"Jun 1990","Semi-Detached",76,"Scss","Starts"
"24421",1990-06-01,"Jun 1990","Row",32,"Scss","Starts"
"24421",1990-06-01,"Jun 1990","Apartment",335,"Scss","Starts"
"24421",1990-06-01,"Jun 1990","All",887,"Scss","Starts"
"24421",1990-07-01,"Jul 1990","Single",201,"Scss","Starts"
"24421",1990-07-01,"Jul 1990","Semi-Detached",16,"Scss","Starts"
"24421",1990-07-01,"Jul 1990","Row",0,"Scss","Starts"
"24421",1990-07-01,"Jul 1990","Apartment",85,"Scss","Starts"
"24421",1990-07-01,"Jul 1990","All",302,"Scss","Starts"
"24421",1990-08-01,"Aug 1990","Single",134,"Scss","Starts"
"24421",1990-08-01,"Aug 1990","Semi-Detached",20,"Scss","Starts"
"24421",1990-08-01,"Aug 1990","Row",0,"Scss","Starts"
"24421",1990-08-01,"Aug 1990","Apartment",61,"Scss","Starts"
"24421",1990-08-01,"Aug 1990","All",215,"Scss","Starts"
"24421",1990-09-01,"Sep 1990","Single",243,"Scss","Starts"
"24421",1990-09-01,"Sep 1990","Semi-Detached",18,"Scss","Starts"
"24421",1990-09-01,"Sep 1990","Row",12,"Scss","Starts"
"24421",1990-09-01,"Sep 1990","Apartment",110,"Scss","Starts"
"24421",1990-09-01,"Sep 1990","All",383,"Scss","Starts"
"24421",1990-10-01,"Oct 1990","Single",202,"Scss","Starts"
"24421",1990-10-01,"Oct 1990","Semi-Detached",22,"Scss","Starts"
"24421",1990-10-01,"Oct 1990","Row",8,"Scss","Starts"
"24421",1990-10-01,"Oct 1990","Apartment",113,"Scss","Starts"
"24421",1990-10-01,"Oct 1990","All",345,"Scss","Starts"
"24421",1990-11-01,"Nov 1990","Single",179,"Scss","Starts"
"24421",1990-11-01,"Nov 1990","Semi-Detached",26,"Scss","Starts"
"24421",1990-11-01,"Nov 1990","Row",12,"Scss","Starts"
"24421",1990-11-01,"Nov 1990","Apartment",264,"Scss","Starts"
"24421",1990-11-01,"Nov 1990","All",481,"Scss","Starts"
"24421",1990-12-01,"Dec 1990","Single",175,"Scss","Starts"
"24421",1990-12-01,"Dec 1990","Semi-Detached",32,"Scss","Starts"
"24421",1990-12-01,"Dec 1990","Row",7,"Scss","Starts"
"24421",1990-12-01,"Dec 1990","Apartment",543,"Scss","Starts"
"24421",1990-12-01,"Dec 1990","All",757,"Scss","Starts"
"24421",1991-01-01,"Jan 1991","Single",61,"Scss","Starts"
"24421",1991-01-01,"Jan 1991","Semi-Detached",10,"Scss","Starts"
"24421",1991-01-01,"Jan 1991","Row",3,"Scss","Starts"
"24421",1991-01-01,"Jan 1991","Apartment",205,"Scss","Starts"
"24421",1991-01-01,"Jan 1991","All",279,"Scss","Starts"
"24421",1991-02-01,"Feb 1991","Single",54,"Scss","Starts"
"24421",1991-02-01,"Feb 1991","Semi-Detached",14,"Scss","Starts"
"24421",1991-02-01,"Feb 1991","Row",19,"Scss","Starts"
"24421",1991-02-01,"Feb 1991","Apartment",26,"Scss","Starts"
"24421",1991-02-01,"Feb 1991","All",113,"Scss","Starts"
"24421",1991-03-01,"Mar 1991","Single",155,"Scss","Starts"
"24421",1991-03-01,"Mar 1991","Semi-Detached",24,"Scss","Starts"
"24421",1991-03-01,"Mar 1991","Row",9,"Scss","Starts"
"24421",1991-03-01,"Mar 1991","Apartment",141,"Scss","Starts"
"24421",1991-03-01,"Mar 1991","All",329,"Scss","Starts"
"24421",1991-04-01,"Apr 1991","Single",316,"Scss","Starts"
"24421",1991-04-01,"Apr 1991","Semi-Detached",70,"Scss","Starts"
"24421",1991-04-01,"Apr 1991","Row",21,"Scss","Starts"
"24421",1991-04-01,"Apr 1991","Apartment",232,"Scss","Starts"
"24421",1991-04-01,"Apr 1991","All",639,"Scss","Starts"
"24421",1991-05-01,"May 1991","Single",537,"Scss","Starts"
"24421",1991-05-01,"May 1991","Semi-Detached",72,"Scss","Starts"
"24421",1991-05-01,"May 1991","Row",37,"Scss","Starts"
"24421",1991-05-01,"May 1991","Apartment",265,"Scss","Starts"
"24421",1991-05-01,"May 1991","All",911,"Scss","Starts"
"24421",1991-06-01,"Jun 1991","Single",414,"Scss","Starts"
"24421",1991-06-01,"Jun 1991","Semi-Detached",54,"Scss","Starts"
"24421",1991-06-01,"Jun 1991","Row",10,"Scss","Starts"
"24421",1991-06-01,"Jun 1991","Apartment",211,"Scss","Starts"
"24421",1991-06-01,"Jun 1991","All",689,"Scss","Starts"
"24421",1991-07-01,"Jul 1991","Single",179,"Scss","Starts"
"24421",1991-07-01,"Jul 1991","Semi-Detached",28,"Scss","Starts"
"24421",1991-07-01,"Jul 1991","Row",8,"Scss","Starts"
"24421",1991-07-01,"Jul 1991","Apartment",39,"Scss","Starts"
"24421",1991-07-01,"Jul 1991","All",254,"Scss","Starts"
"24421",1991-08-01,"Aug 1991","Single",258,"Scss","Starts"
"24421",1991-08-01,"Aug 1991","Semi-Detached",24,"Scss","Starts"
"24421",1991-08-01,"Aug 1991","Row",15,"Scss","Starts"
"24421",1991-08-01,"Aug 1991","Apartment",78,"Scss","Starts"
"24421",1991-08-01,"Aug 1991","All",375,"Scss","Starts"
"24421",1991-09-01,"Sep 1991","Single",211,"Scss","Starts"
"24421",1991-09-01,"Sep 1991","Semi-Detached",42,"Scss","Starts"
"24421",1991-09-01,"Sep 1991","Row",35,"Scss","Starts"
"24421",1991-09-01,"Sep 1991","Apartment",187,"Scss","Starts"
"24421",1991-09-01,"Sep 1991","All",475,"Scss","Starts"
"24421",1991-10-01,"Oct 1991","Single",433,"Scss","Starts"
"24421",1991-10-01,"Oct 1991","Semi-Detached",96,"Scss","Starts"
"24421",1991-10-01,"Oct 1991","Row",62,"Scss","Starts"
"24421",1991-10-01,"Oct 1991","Apartment",374,"Scss","Starts"
"24421",1991-10-01,"Oct 1991","All",965,"Scss","Starts"
"24421",1991-11-01,"Nov 1991","Single",246,"Scss","Starts"
"24421",1991-11-01,"Nov 1991","Semi-Detached",76,"Scss","Starts"
"24421",1991-11-01,"Nov 1991","Row",23,"Scss","Starts"
"24421",1991-11-01,"Nov 1991","Apartment",464,"Scss","Starts"
"24421",1991-11-01,"Nov 1991","All",809,"Scss","Starts"
"24421",1991-12-01,"Dec 1991","Single",244,"Scss","Starts"
"24421",1991-12-01,"Dec 1991","Semi-Detached",100,"Scss","Starts"
"24421",1991-12-01,"Dec 1991","Row",94,"Scss","Starts"
"24421",1991-12-01,"Dec 1991","Apartment",247,"Scss","Starts"
"24421",1991-12-01,"Dec 1991","All",685,"Scss","Starts"
"24421",1992-01-01,"Jan 1992","Single",68,"Scss","Starts"
"24421",1992-01-01,"Jan 1992","Semi-Detached",20,"Scss","Starts"
"24421",1992-01-01,"Jan 1992","Row",0,"Scss","Starts"
"24421",1992-01-01,"Jan 1992","Apartment",338,"Scss","Starts"
"24421",1992-01-01,"Jan 1992","All",426,"Scss","Starts"
"24421",1992-02-01,"Feb 1992","Single",48,"Scss","Starts"
"24421",1992-02-01,"Feb 1992","Semi-Detached",12,"Scss","Starts"
"24421",1992-02-01,"Feb 1992","Row",6,"Scss","Starts"
"24421",1992-02-01,"Feb 1992","Apartment",24,"Scss","Starts"
"24421",1992-02-01,"Feb 1992","All",90,"Scss","Starts"
"24421",1992-03-01,"Mar 1992","Single",117,"Scss","Starts"
"24421",1992-03-01,"Mar 1992","Semi-Detached",28,"Scss","Starts"
"24421",1992-03-01,"Mar 1992","Row",27,"Scss","Starts"
"24421",1992-03-01,"Mar 1992","Apartment",566,"Scss","Starts"
"24421",1992-03-01,"Mar 1992","All",738,"Scss","Starts"
"24421",1992-04-01,"Apr 1992","Single",355,"Scss","Starts"
"24421",1992-04-01,"Apr 1992","Semi-Detached",74,"Scss","Starts"
"24421",1992-04-01,"Apr 1992","Row",32,"Scss","Starts"
"24421",1992-04-01,"Apr 1992","Apartment",184,"Scss","Starts"
"24421",1992-04-01,"Apr 1992","All",645,"Scss","Starts"
"24421",1992-05-01,"May 1992","Single",449,"Scss","Starts"
"24421",1992-05-01,"May 1992","Semi-Detached",88,"Scss","Starts"
"24421",1992-05-01,"May 1992","Row",29,"Scss","Starts"
"24421",1992-05-01,"May 1992","Apartment",462,"Scss","Starts"
"24421",1992-05-01,"May 1992","All",1028,"Scss","Starts"
"24421",1992-06-01,"Jun 1992","Single",267,"Scss","Starts"
"24421",1992-06-01,"Jun 1992","Semi-Detached",70,"Scss","Starts"
"24421",1992-06-01,"Jun 1992","Row",70,"Scss","Starts"
"24421",1992-06-01,"Jun 1992","Apartment",212,"Scss","Starts"
"24421",1992-06-01,"Jun 1992","All",619,"Scss","Starts"
"24421",1992-07-01,"Jul 1992","Single",126,"Scss","Starts"
"24421",1992-07-01,"Jul 1992","Semi-Detached",26,"Scss","Starts"
"24421",1992-07-01,"Jul 1992","Row",8,"Scss","Starts"
"24421",1992-07-01,"Jul 1992","Apartment",153,"Scss","Starts"
"24421",1992-07-01,"Jul 1992","All",313,"Scss","Starts"
"24421",1992-08-01,"Aug 1992","Single",138,"Scss","Starts"
"24421",1992-08-01,"Aug 1992","Semi-Detached",26,"Scss","Starts"
"24421",1992-08-01,"Aug 1992","Row",0,"Scss","Starts"
"24421",1992-08-01,"Aug 1992","Apartment",80,"Scss","Starts"
"24421",1992-08-01,"Aug 1992","All",244,"Scss","Starts"
"24421",1992-09-01,"Sep 1992","Single",176,"Scss","Starts"
"24421",1992-09-01,"Sep 1992","Semi-Detached",84,"Scss","Starts"
"24421",1992-09-01,"Sep 1992","Row",24,"Scss","Starts"
"24421",1992-09-01,"Sep 1992","Apartment",345,"Scss","Starts"
"24421",1992-09-01,"Sep 1992","All",629,"Scss","Starts"
"24421",1992-10-01,"Oct 1992","Single",153,"Scss","Starts"
"24421",1992-10-01,"Oct 1992","Semi-Detached",54,"Scss","Starts"
"24421",1992-10-01,"Oct 1992","Row",21,"Scss","Starts"
"24421",1992-10-01,"Oct 1992","Apartment",202,"Scss","Starts"
"24421",1992-10-01,"Oct 1992","All",430,"Scss","Starts"
"24421",1992-11-01,"Nov 1992","Single",156,"Scss","Starts"
"24421",1992-11-01,"Nov 1992","Semi-Detached",62,"Scss","Starts"
"24421",1992-11-01,"Nov 1992","Row",28,"Scss","Starts"
"24421",1992-11-01,"Nov 1992","Apartment",267,"Scss","Starts"
"24421",1992-11-01,"Nov 1992","All",513,"Scss","Starts"
"24421",1992-12-01,"Dec 1992","Single",114,"Scss","Starts"
"24421",1992-12-01,"Dec 1992","Semi-Detached",48,"Scss","Starts"
"24421",1992-12-01,"Dec 1992","Row",27,"Scss","Starts"
"24421",1992-12-01,"Dec 1992","Apartment",436,"Scss","Starts"
"24421",1992-12-01,"Dec 1992","All",625,"Scss","Starts"
"24421",1993-01-01,"Jan 1993","Single",63,"Scss","Starts"
"24421",1993-01-01,"Jan 1993","Semi-Detached",48,"Scss","Starts"
"24421",1993-01-01,"Jan 1993","Row",12,"Scss","Starts"
"24421",1993-01-01,"Jan 1993","Apartment",86,"Scss","Starts"
"24421",1993-01-01,"Jan 1993","All",209,"Scss","Starts"
"24421",1993-02-01,"Feb 1993","Single",35,"Scss","Starts"
"24421",1993-02-01,"Feb 1993","Semi-Detached",36,"Scss","Starts"
"24421",1993-02-01,"Feb 1993","Row",6,"Scss","Starts"
"24421",1993-02-01,"Feb 1993","Apartment",19,"Scss","Starts"
"24421",1993-02-01,"Feb 1993","All",96,"Scss","Starts"
"24421",1993-03-01,"Mar 1993","Single",94,"Scss","Starts"
"24421",1993-03-01,"Mar 1993","Semi-Detached",46,"Scss","Starts"
"24421",1993-03-01,"Mar 1993","Row",8,"Scss","Starts"
"24421",1993-03-01,"Mar 1993","Apartment",173,"Scss","Starts"
"24421",1993-03-01,"Mar 1993","All",321,"Scss","Starts"
"24421",1993-04-01,"Apr 1993","Single",281,"Scss","Starts"
"24421",1993-04-01,"Apr 1993","Semi-Detached",92,"Scss","Starts"
"24421",1993-04-01,"Apr 1993","Row",68,"Scss","Starts"
"24421",1993-04-01,"Apr 1993","Apartment",258,"Scss","Starts"
"24421",1993-04-01,"Apr 1993","All",699,"Scss","Starts"
"24421",1993-05-01,"May 1993","Single",319,"Scss","Starts"
"24421",1993-05-01,"May 1993","Semi-Detached",78,"Scss","Starts"
"24421",1993-05-01,"May 1993","Row",81,"Scss","Starts"
"24421",1993-05-01,"May 1993","Apartment",221,"Scss","Starts"
"24421",1993-05-01,"May 1993","All",699,"Scss","Starts"
"24421",1993-06-01,"Jun 1993","Single",224,"Scss","Starts"
"24421",1993-06-01,"Jun 1993","Semi-Detached",68,"Scss","Starts"
"24421",1993-06-01,"Jun 1993","Row",26,"Scss","Starts"
"24421",1993-06-01,"Jun 1993","Apartment",354,"Scss","Starts"
"24421",1993-06-01,"Jun 1993","All",672,"Scss","Starts"
"24421",1993-07-01,"Jul 1993","Single",161,"Scss","Starts"
"24421",1993-07-01,"Jul 1993","Semi-Detached",48,"Scss","Starts"
"24421",1993-07-01,"Jul 1993","Row",17,"Scss","Starts"
"24421",1993-07-01,"Jul 1993","Apartment",342,"Scss","Starts"
"24421",1993-07-01,"Jul 1993","All",568,"Scss","Starts"
"24421",1993-08-01,"Aug 1993","Single",70,"Scss","Starts"
"24421",1993-08-01,"Aug 1993","Semi-Detached",8,"Scss","Starts"
"24421",1993-08-01,"Aug 1993","Row",27,"Scss","Starts"
"24421",1993-08-01,"Aug 1993","Apartment",32,"Scss","Starts"
"24421",1993-08-01,"Aug 1993","All",137,"Scss","Starts"
"24421",1993-09-01,"Sep 1993","Single",154,"Scss","Starts"
"24421",1993-09-01,"Sep 1993","Semi-Detached",28,"Scss","Starts"
"24421",1993-09-01,"Sep 1993","Row",12,"Scss","Starts"
"24421",1993-09-01,"Sep 1993","Apartment",108,"Scss","Starts"
"24421",1993-09-01,"Sep 1993","All",302,"Scss","Starts"
"24421",1993-10-01,"Oct 1993","Single",137,"Scss","Starts"
"24421",1993-10-01,"Oct 1993","Semi-Detached",36,"Scss","Starts"
"24421",1993-10-01,"Oct 1993","Row",24,"Scss","Starts"
"24421",1993-10-01,"Oct 1993","Apartment",257,"Scss","Starts"
"24421",1993-10-01,"Oct 1993","All",454,"Scss","Starts"
"24421",1993-11-01,"Nov 1993","Single",104,"Scss","Starts"
"24421",1993-11-01,"Nov 1993","Semi-Detached",28,"Scss","Starts"
"24421",1993-11-01,"Nov 1993","Row",14,"Scss","Starts"
"24421",1993-11-01,"Nov 1993","Apartment",95,"Scss","Starts"
"24421",1993-11-01,"Nov 1993","All",241,"Scss","Starts"
"24421",1993-12-01,"Dec 1993","Single",106,"Scss","Starts"
"24421",1993-12-01,"Dec 1993","Semi-Detached",42,"Scss","Starts"
"24421",1993-12-01,"Dec 1993","Row",31,"Scss","Starts"
"24421",1993-12-01,"Dec 1993","Apartment",122,"Scss","Starts"
"24421",1993-12-01,"Dec 1993","All",301,"Scss","Starts"
"24421",1994-01-01,"Jan 1994","Single",39,"Scss","Starts"
"24421",1994-01-01,"Jan 1994","Semi-Detached",18,"Scss","Starts"
"24421",1994-01-01,"Jan 1994","Row",0,"Scss","Starts"
"24421",1994-01-01,"Jan 1994","Apartment",170,"Scss","Starts"
"24421",1994-01-01,"Jan 1994","All",227,"Scss","Starts"
"24421",1994-02-01,"Feb 1994","Single",20,"Scss","Starts"
"24421",1994-02-01,"Feb 1994","Semi-Detached",22,"Scss","Starts"
"24421",1994-02-01,"Feb 1994","Row",21,"Scss","Starts"
"24421",1994-02-01,"Feb 1994","Apartment",67,"Scss","Starts"
"24421",1994-02-01,"Feb 1994","All",130,"Scss","Starts"
"24421",1994-03-01,"Mar 1994","Single",116,"Scss","Starts"
"24421",1994-03-01,"Mar 1994","Semi-Detached",74,"Scss","Starts"
"24421",1994-03-01,"Mar 1994","Row",32,"Scss","Starts"
"24421",1994-03-01,"Mar 1994","Apartment",89,"Scss","Starts"
"24421",1994-03-01,"Mar 1994","All",311,"Scss","Starts"
"24421",1994-04-01,"Apr 1994","Single",331,"Scss","Starts"
"24421",1994-04-01,"Apr 1994","Semi-Detached",94,"Scss","Starts"
"24421",1994-04-01,"Apr 1994","Row",31,"Scss","Starts"
"24421",1994-04-01,"Apr 1994","Apartment",197,"Scss","Starts"
"24421",1994-04-01,"Apr 1994","All",653,"Scss","Starts"
"24421",1994-05-01,"May 1994","Single",361,"Scss","Starts"
"24421",1994-05-01,"May 1994","Semi-Detached",102,"Scss","Starts"
"24421",1994-05-01,"May 1994","Row",76,"Scss","Starts"
"24421",1994-05-01,"May 1994","Apartment",463,"Scss","Starts"
"24421",1994-05-01,"May 1994","All",1002,"Scss","Starts"
"24421",1994-06-01,"Jun 1994","Single",319,"Scss","Starts"
"24421",1994-06-01,"Jun 1994","Semi-Detached",76,"Scss","Starts"
"24421",1994-06-01,"Jun 1994","Row",41,"Scss","Starts"
"24421",1994-06-01,"Jun 1994","Apartment",191,"Scss","Starts"
"24421",1994-06-01,"Jun 1994","All",627,"Scss","Starts"
"24421",1994-07-01,"Jul 1994","Single",164,"Scss","Starts"
"24421",1994-07-01,"Jul 1994","Semi-Detached",24,"Scss","Starts"
"24421",1994-07-01,"Jul 1994","Row",10,"Scss","Starts"
"24421",1994-07-01,"Jul 1994","Apartment",226,"Scss","Starts"
"24421",1994-07-01,"Jul 1994","All",424,"Scss","Starts"
"24421",1994-08-01,"Aug 1994","Single",73,"Scss","Starts"
"24421",1994-08-01,"Aug 1994","Semi-Detached",18,"Scss","Starts"
"24421",1994-08-01,"Aug 1994","Row",0,"Scss","Starts"
"24421",1994-08-01,"Aug 1994","Apartment",27,"Scss","Starts"
"24421",1994-08-01,"Aug 1994","All",118,"Scss","Starts"
"24421",1994-09-01,"Sep 1994","Single",122,"Scss","Starts"
"24421",1994-09-01,"Sep 1994","Semi-Detached",24,"Scss","Starts"
"24421",1994-09-01,"Sep 1994","Row",19,"Scss","Starts"
"24421",1994-09-01,"Sep 1994","Apartment",21,"Scss","Starts"
"24421",1994-09-01,"Sep 1994","All",186,"Scss","Starts"
"24421",1994-10-01,"Oct 1994","Single",105,"Scss","Starts"
"24421",1994-10-01,"Oct 1994","Semi-Detached",22,"Scss","Starts"
"24421",1994-10-01,"Oct 1994","Row",4,"Scss","Starts"
"24421",1994-10-01,"Oct 1994","Apartment",266,"Scss","Starts"
"24421",1994-10-01,"Oct 1994","All",397,"Scss","Starts"
"24421",1994-11-01,"Nov 1994","Single",113,"Scss","Starts"
"24421",1994-11-01,"Nov 1994","Semi-Detached",30,"Scss","Starts"
"24421",1994-11-01,"Nov 1994","Row",0,"Scss","Starts"
"24421",1994-11-01,"Nov 1994","Apartment",114,"Scss","Starts"
"24421",1994-11-01,"Nov 1994","All",257,"Scss","Starts"
"24421",1994-12-01,"Dec 1994","Single",79,"Scss","Starts"
"24421",1994-12-01,"Dec 1994","Semi-Detached",34,"Scss","Starts"
"24421",1994-12-01,"Dec 1994","Row",9,"Scss","Starts"
"24421",1994-12-01,"Dec 1994","Apartment",223,"Scss","Starts"
"24421",1994-12-01,"Dec 1994","All",345,"Scss","Starts"
"24421",1995-01-01,"Jan 1995","Single",47,"Scss","Starts"
"24421",1995-01-01,"Jan 1995","Semi-Detached",16,"Scss","Starts"
"24421",1995-01-01,"Jan 1995","Row",0,"Scss","Starts"
"24421",1995-01-01,"Jan 1995","Apartment",218,"Scss","Starts"
"24421",1995-01-01,"Jan 1995","All",281,"Scss","Starts"
"24421",1995-02-01,"Feb 1995","Single",24,"Scss","Starts"
"24421",1995-02-01,"Feb 1995","Semi-Detached",10,"Scss","Starts"
"24421",1995-02-01,"Feb 1995","Row",18,"Scss","Starts"
"24421",1995-02-01,"Feb 1995","Apartment",39,"Scss","Starts"
"24421",1995-02-01,"Feb 1995","All",91,"Scss","Starts"
"24421",1995-03-01,"Mar 1995","Single",60,"Scss","Starts"
"24421",1995-03-01,"Mar 1995","Semi-Detached",18,"Scss","Starts"
"24421",1995-03-01,"Mar 1995","Row",10,"Scss","Starts"
"24421",1995-03-01,"Mar 1995","Apartment",69,"Scss","Starts"
"24421",1995-03-01,"Mar 1995","All",157,"Scss","Starts"
"24421",1995-04-01,"Apr 1995","Single",168,"Scss","Starts"
"24421",1995-04-01,"Apr 1995","Semi-Detached",38,"Scss","Starts"
"24421",1995-04-01,"Apr 1995","Row",14,"Scss","Starts"
"24421",1995-04-01,"Apr 1995","Apartment",140,"Scss","Starts"
"24421",1995-04-01,"Apr 1995","All",360,"Scss","Starts"
"24421",1995-05-01,"May 1995","Single",201,"Scss","Starts"
"24421",1995-05-01,"May 1995","Semi-Detached",52,"Scss","Starts"
"24421",1995-05-01,"May 1995","Row",10,"Scss","Starts"
"24421",1995-05-01,"May 1995","Apartment",81,"Scss","Starts"
"24421",1995-05-01,"May 1995","All",344,"Scss","Starts"
"24421",1995-06-01,"Jun 1995","Single",164,"Scss","Starts"
"24421",1995-06-01,"Jun 1995","Semi-Detached",30,"Scss","Starts"
"24421",1995-06-01,"Jun 1995","Row",15,"Scss","Starts"
"24421",1995-06-01,"Jun 1995","Apartment",74,"Scss","Starts"
"24421",1995-06-01,"Jun 1995","All",283,"Scss","Starts"
"24421",1995-07-01,"Jul 1995","Single",81,"Scss","Starts"
"24421",1995-07-01,"Jul 1995","Semi-Detached",6,"Scss","Starts"
"24421",1995-07-01,"Jul 1995","Row",0,"Scss","Starts"
"24421",1995-07-01,"Jul 1995","Apartment",0,"Scss","Starts"
"24421",1995-07-01,"Jul 1995","All",87,"Scss","Starts"
"24421",1995-08-01,"Aug 1995","Single",44,"Scss","Starts"
"24421",1995-08-01,"Aug 1995","Semi-Detached",4,"Scss","Starts"
"24421",1995-08-01,"Aug 1995","Row",0,"Scss","Starts"
"24421",1995-08-01,"Aug 1995","Apartment",3,"Scss","Starts"
"24421",1995-08-01,"Aug 1995","All",51,"Scss","Starts"
"24421",1995-09-01,"Sep 1995","Single",95,"Scss","Starts"
"24421",1995-09-01,"Sep 1995","Semi-Detached",14,"Scss","Starts"
"24421",1995-09-01,"Sep 1995","Row",0,"Scss","Starts"
"24421",1995-09-01,"Sep 1995","Apartment",83,"Scss","Starts"
"24421",1995-09-01,"Sep 1995","All",192,"Scss","Starts"
"24421",1995-10-01,"Oct 1995","Single",62,"Scss","Starts"
"24421",1995-10-01,"Oct 1995","Semi-Detached",6,"Scss","Starts"
"24421",1995-10-01,"Oct 1995","Row",0,"Scss","Starts"
"24421",1995-10-01,"Oct 1995","Apartment",97,"Scss","Starts"
"24421",1995-10-01,"Oct 1995","All",165,"Scss","Starts"
"24421",1995-11-01,"Nov 1995","Single",72,"Scss","Starts"
"24421",1995-11-01,"Nov 1995","Semi-Detached",22,"Scss","Starts"
"24421",1995-11-01,"Nov 1995","Row",3,"Scss","Starts"
"24421",1995-11-01,"Nov 1995","Apartment",22,"Scss","Starts"
"24421",1995-11-01,"Nov 1995","All",119,"Scss","Starts"
"24421",1995-12-01,"Dec 1995","Single",59,"Scss","Starts"
"24421",1995-12-01,"Dec 1995","Semi-Detached",14,"Scss","Starts"
"24421",1995-12-01,"Dec 1995","Row",4,"Scss","Starts"
"24421",1995-12-01,"Dec 1995","Apartment",198,"Scss","Starts"
"24421",1995-12-01,"Dec 1995","All",275,"Scss","Starts"
"24421",1996-01-01,"Jan 1996","Single",13,"Scss","Starts"
"24421",1996-01-01,"Jan 1996","Semi-Detached",2,"Scss","Starts"
"24421",1996-01-01,"Jan 1996","Row",4,"Scss","Starts"
"24421",1996-01-01,"Jan 1996","Apartment",16,"Scss","Starts"
"24421",1996-01-01,"Jan 1996","All",35,"Scss","Starts"
"24421",1996-02-01,"Feb 1996","Single",18,"Scss","Starts"
"24421",1996-02-01,"Feb 1996","Semi-Detached",10,"Scss","Starts"
"24421",1996-02-01,"Feb 1996","Row",0,"Scss","Starts"
"24421",1996-02-01,"Feb 1996","Apartment",159,"Scss","Starts"
"24421",1996-02-01,"Feb 1996","All",187,"Scss","Starts"
"24421",1996-03-01,"Mar 1996","Single",56,"Scss","Starts"
"24421",1996-03-01,"Mar 1996","Semi-Detached",12,"Scss","Starts"
"24421",1996-03-01,"Mar 1996","Row",0,"Scss","Starts"
"24421",1996-03-01,"Mar 1996","Apartment",109,"Scss","Starts"
"24421",1996-03-01,"Mar 1996","All",177,"Scss","Starts"
"24421",1996-04-01,"Apr 1996","Single",157,"Scss","Starts"
"24421",1996-04-01,"Apr 1996","Semi-Detached",22,"Scss","Starts"
"24421",1996-04-01,"Apr 1996","Row",0,"Scss","Starts"
"24421",1996-04-01,"Apr 1996","Apartment",16,"Scss","Starts"
"24421",1996-04-01,"Apr 1996","All",195,"Scss","Starts"
"24421",1996-05-01,"May 1996","Single",248,"Scss","Starts"
"24421",1996-05-01,"May 1996","Semi-Detached",34,"Scss","Starts"
"24421",1996-05-01,"May 1996","Row",13,"Scss","Starts"
"24421",1996-05-01,"May 1996","Apartment",31,"Scss","Starts"
"24421",1996-05-01,"May 1996","All",326,"Scss","Starts"
"24421",1996-06-01,"Jun 1996","Single",153,"Scss","Starts"
"24421",1996-06-01,"Jun 1996","Semi-Detached",28,"Scss","Starts"
"24421",1996-06-01,"Jun 1996","Row",4,"Scss","Starts"
"24421",1996-06-01,"Jun 1996","Apartment",153,"Scss","Starts"
"24421",1996-06-01,"Jun 1996","All",338,"Scss","Starts"
"24421",1996-07-01,"Jul 1996","Single",88,"Scss","Starts"
"24421",1996-07-01,"Jul 1996","Semi-Detached",14,"Scss","Starts"
"24421",1996-07-01,"Jul 1996","Row",0,"Scss","Starts"
"24421",1996-07-01,"Jul 1996","Apartment",28,"Scss","Starts"
"24421",1996-07-01,"Jul 1996","All",130,"Scss","Starts"
"24421",1996-08-01,"Aug 1996","Single",30,"Scss","Starts"
"24421",1996-08-01,"Aug 1996","Semi-Detached",26,"Scss","Starts"
"24421",1996-08-01,"Aug 1996","Row",4,"Scss","Starts"
"24421",1996-08-01,"Aug 1996","Apartment",56,"Scss","Starts"
"24421",1996-08-01,"Aug 1996","All",116,"Scss","Starts"
"24421",1996-09-01,"Sep 1996","Single",74,"Scss","Starts"
"24421",1996-09-01,"Sep 1996","Semi-Detached",20,"Scss","Starts"
"24421",1996-09-01,"Sep 1996","Row",0,"Scss","Starts"
"24421",1996-09-01,"Sep 1996","Apartment",107,"Scss","Starts"
"24421",1996-09-01,"Sep 1996","All",201,"Scss","Starts"
"24421",1996-10-01,"Oct 1996","Single",57,"Scss","Starts"
"24421",1996-10-01,"Oct 1996","Semi-Detached",12,"Scss","Starts"
"24421",1996-10-01,"Oct 1996","Row",7,"Scss","Starts"
"24421",1996-10-01,"Oct 1996","Apartment",186,"Scss","Starts"
"24421",1996-10-01,"Oct 1996","All",262,"Scss","Starts"
"24421",1996-11-01,"Nov 1996","Single",64,"Scss","Starts"
"24421",1996-11-01,"Nov 1996","Semi-Detached",26,"Scss","Starts"
"24421",1996-11-01,"Nov 1996","Row",0,"Scss","Starts"
"24421",1996-11-01,"Nov 1996","Apartment",23,"Scss","Starts"
"24421",1996-11-01,"Nov 1996","All",113,"Scss","Starts"
"24421",1996-12-01,"Dec 1996","Single",48,"Scss","Starts"
"24421",1996-12-01,"Dec 1996","Semi-Detached",18,"Scss","Starts"
"24421",1996-12-01,"Dec 1996","Row",13,"Scss","Starts"
"24421",1996-12-01,"Dec 1996","Apartment",49,"Scss","Starts"
"24421",1996-12-01,"Dec 1996","All",128,"Scss","Starts"
"24421",1997-01-01,"Jan 1997","Single",32,"Scss","Starts"
"24421",1997-01-01,"Jan 1997","Semi-Detached",12,"Scss","Starts"
"24421",1997-01-01,"Jan 1997","Row",0,"Scss","Starts"
"24421",1997-01-01,"Jan 1997","Apartment",54,"Scss","Starts"
"24421",1997-01-01,"Jan 1997","All",98,"Scss","Starts"
"24421",1997-02-01,"Feb 1997","Single",23,"Scss","Starts"
"24421",1997-02-01,"Feb 1997","Semi-Detached",8,"Scss","Starts"
"24421",1997-02-01,"Feb 1997","Row",0,"Scss","Starts"
"24421",1997-02-01,"Feb 1997","Apartment",101,"Scss","Starts"
"24421",1997-02-01,"Feb 1997","All",132,"Scss","Starts"
"24421",1997-03-01,"Mar 1997","Single",57,"Scss","Starts"
"24421",1997-03-01,"Mar 1997","Semi-Detached",26,"Scss","Starts"
"24421",1997-03-01,"Mar 1997","Row",4,"Scss","Starts"
"24421",1997-03-01,"Mar 1997","Apartment",6,"Scss","Starts"
"24421",1997-03-01,"Mar 1997","All",93,"Scss","Starts"
"24421",1997-04-01,"Apr 1997","Single",196,"Scss","Starts"
"24421",1997-04-01,"Apr 1997","Semi-Detached",30,"Scss","Starts"
"24421",1997-04-01,"Apr 1997","Row",0,"Scss","Starts"
"24421",1997-04-01,"Apr 1997","Apartment",22,"Scss","Starts"
"24421",1997-04-01,"Apr 1997","All",248,"Scss","Starts"
"24421",1997-05-01,"May 1997","Single",246,"Scss","Starts"
"24421",1997-05-01,"May 1997","Semi-Detached",60,"Scss","Starts"
"24421",1997-05-01,"May 1997","Row",12,"Scss","Starts"
"24421",1997-05-01,"May 1997","Apartment",110,"Scss","Starts"
"24421",1997-05-01,"May 1997","All",428,"Scss","Starts"
"24421",1997-06-01,"Jun 1997","Single",187,"Scss","Starts"
"24421",1997-06-01,"Jun 1997","Semi-Detached",28,"Scss","Starts"
"24421",1997-06-01,"Jun 1997","Row",6,"Scss","Starts"
"24421",1997-06-01,"Jun 1997","Apartment",26,"Scss","Starts"
"24421",1997-06-01,"Jun 1997","All",247,"Scss","Starts"
"24421",1997-07-01,"Jul 1997","Single",112,"Scss","Starts"
"24421",1997-07-01,"Jul 1997","Semi-Detached",30,"Scss","Starts"
"24421",1997-07-01,"Jul 1997","Row",0,"Scss","Starts"
"24421",1997-07-01,"Jul 1997","Apartment",127,"Scss","Starts"
"24421",1997-07-01,"Jul 1997","All",269,"Scss","Starts"
"24421",1997-08-01,"Aug 1997","Single",83,"Scss","Starts"
"24421",1997-08-01,"Aug 1997","Semi-Detached",8,"Scss","Starts"
"24421",1997-08-01,"Aug 1997","Row",0,"Scss","Starts"
"24421",1997-08-01,"Aug 1997","Apartment",13,"Scss","Starts"
"24421",1997-08-01,"Aug 1997","All",104,"Scss","Starts"
"24421",1997-09-01,"Sep 1997","Single",69,"Scss","Starts"
"24421",1997-09-01,"Sep 1997","Semi-Detached",10,"Scss","Starts"
"24421",1997-09-01,"Sep 1997","Row",7,"Scss","Starts"
"24421",1997-09-01,"Sep 1997","Apartment",3,"Scss","Starts"
"24421",1997-09-01,"Sep 1997","All",89,"Scss","Starts"
"24421",1997-10-01,"Oct 1997","Single",61,"Scss","Starts"
"24421",1997-10-01,"Oct 1997","Semi-Detached",16,"Scss","Starts"
"24421",1997-10-01,"Oct 1997","Row",0,"Scss","Starts"
"24421",1997-10-01,"Oct 1997","Apartment",51,"Scss","Starts"
"24421",1997-10-01,"Oct 1997","All",128,"Scss","Starts"
"24421",1997-11-01,"Nov 1997","Single",116,"Scss","Starts"
"24421",1997-11-01,"Nov 1997","Semi-Detached",28,"Scss","Starts"
"24421",1997-11-01,"Nov 1997","Row",7,"Scss","Starts"
"24421",1997-11-01,"Nov 1997","Apartment",40,"Scss","Starts"
"24421",1997-11-01,"Nov 1997","All",191,"Scss","Starts"
"24421",1997-12-01,"Dec 1997","Single",65,"Scss","Starts"
"24421",1997-12-01,"Dec 1997","Semi-Detached",12,"Scss","Starts"
"24421",1997-12-01,"Dec 1997","Row",4,"Scss","Starts"
"24421",1997-12-01,"Dec 1997","Apartment",125,"Scss","Starts"
"24421",1997-12-01,"Dec 1997","All",206,"Scss","Starts"
"24421",1998-01-01,"Jan 1998","Single",27,"Scss","Starts"
"24421",1998-01-01,"Jan 1998","Semi-Detached",6,"Scss","Starts"
"24421",1998-01-01,"Jan 1998","Row",0,"Scss","Starts"
"24421",1998-01-01,"Jan 1998","Apartment",20,"Scss","Starts"
"24421",1998-01-01,"Jan 1998","All",53,"Scss","Starts"
"24421",1998-02-01,"Feb 1998","Single",22,"Scss","Starts"
"24421",1998-02-01,"Feb 1998","Semi-Detached",0,"Scss","Starts"
"24421",1998-02-01,"Feb 1998","Row",4,"Scss","Starts"
"24421",1998-02-01,"Feb 1998","Apartment",17,"Scss","Starts"
"24421",1998-02-01,"Feb 1998","All",43,"Scss","Starts"
"24421",1998-03-01,"Mar 1998","Single",68,"Scss","Starts"
"24421",1998-03-01,"Mar 1998","Semi-Detached",16,"Scss","Starts"
"24421",1998-03-01,"Mar 1998","Row",0,"Scss","Starts"
"24421",1998-03-01,"Mar 1998","Apartment",15,"Scss","Starts"
"24421",1998-03-01,"Mar 1998","All",99,"Scss","Starts"
"24421",1998-04-01,"Apr 1998","Single",158,"Scss","Starts"
"24421",1998-04-01,"Apr 1998","Semi-Detached",40,"Scss","Starts"
"24421",1998-04-01,"Apr 1998","Row",7,"Scss","Starts"
"24421",1998-04-01,"Apr 1998","Apartment",86,"Scss","Starts"
"24421",1998-04-01,"Apr 1998","All",291,"Scss","Starts"
"24421",1998-05-01,"May 1998","Single",247,"Scss","Starts"
"24421",1998-05-01,"May 1998","Semi-Detached",38,"Scss","Starts"
"24421",1998-05-01,"May 1998","Row",9,"Scss","Starts"
"24421",1998-05-01,"May 1998","Apartment",137,"Scss","Starts"
"24421",1998-05-01,"May 1998","All",431,"Scss","Starts"
"24421",1998-06-01,"Jun 1998","Single",164,"Scss","Starts"
"24421",1998-06-01,"Jun 1998","Semi-Detached",12,"Scss","Starts"
"24421",1998-06-01,"Jun 1998","Row",28,"Scss","Starts"
"24421",1998-06-01,"Jun 1998","Apartment",12,"Scss","Starts"
"24421",1998-06-01,"Jun 1998","All",216,"Scss","Starts"
"24421",1998-07-01,"Jul 1998","Single",100,"Scss","Starts"
"24421",1998-07-01,"Jul 1998","Semi-Detached",18,"Scss","Starts"
"24421",1998-07-01,"Jul 1998","Row",0,"Scss","Starts"
"24421",1998-07-01,"Jul 1998","Apartment",5,"Scss","Starts"
"24421",1998-07-01,"Jul 1998","All",123,"Scss","Starts"
"24421",1998-08-01,"Aug 1998","Single",58,"Scss","Starts"
"24421",1998-08-01,"Aug 1998","Semi-Detached",4,"Scss","Starts"
"24421",1998-08-01,"Aug 1998","Row",0,"Scss","Starts"
"24421",1998-08-01,"Aug 1998","Apartment",14,"Scss","Starts"
"24421",1998-08-01,"Aug 1998","All",76,"Scss","Starts"
"24421",1998-09-01,"Sep 1998","Single",62,"Scss","Starts"
"24421",1998-09-01,"Sep 1998","Semi-Detached",8,"Scss","Starts"
"24421",1998-09-01,"Sep 1998","Row",0,"Scss","Starts"
"24421",1998-09-01,"Sep 1998","Apartment",32,"Scss","Starts"
"24421",1998-09-01,"Sep 1998","All",102,"Scss","Starts"
"24421",1998-10-01,"Oct 1998","Single",68,"Scss","Starts"
"24421",1998-10-01,"Oct 1998","Semi-Detached",10,"Scss","Starts"
"24421",1998-10-01,"Oct 1998","Row",0,"Scss","Starts"
"24421",1998-10-01,"Oct 1998","Apartment",12,"Scss","Starts"
"24421",1998-10-01,"Oct 1998","All",90,"Scss","Starts"
"24421",1998-11-01,"Nov 1998","Single",81,"Scss","Starts"
"24421",1998-11-01,"Nov 1998","Semi-Detached",10,"Scss","Starts"
"24421",1998-11-01,"Nov 1998","Row",1,"Scss","Starts"
"24421",1998-11-01,"Nov 1998","Apartment",156,"Scss","Starts"
"24421",1998-11-01,"Nov 1998","All",248,"Scss","Starts"
"24421",1998-12-01,"Dec 1998","Single",53,"Scss","Starts"
"24421",1998-12-01,"Dec 1998","Semi-Detached",4,"Scss","Starts"
"24421",1998-12-01,"Dec 1998","Row",0,"Scss","Starts"
"24421",1998-12-01,"Dec 1998","Apartment",16,"Scss","Starts"
"24421",1998-12-01,"Dec 1998","All",73,"Scss","Starts"
"24421",1999-01-01,"Jan 1999","Single",25,"Scss","Starts"
"24421",1999-01-01,"Jan 1999","Semi-Detached",6,"Scss","Starts"
"24421",1999-01-01,"Jan 1999","Row",3,"Scss","Starts"
"24421",1999-01-01,"Jan 1999","Apartment",52,"Scss","Starts"
"24421",1999-01-01,"Jan 1999","All",86,"Scss","Starts"
"24421",1999-02-01,"Feb 1999","Single",18,"Scss","Starts"
"24421",1999-02-01,"Feb 1999","Semi-Detached",2,"Scss","Starts"
"24421",1999-02-01,"Feb 1999","Row",0,"Scss","Starts"
"24421",1999-02-01,"Feb 1999","Apartment",0,"Scss","Starts"
"24421",1999-02-01,"Feb 1999","All",20,"Scss","Starts"
"24421",1999-03-01,"Mar 1999","Single",75,"Scss","Starts"
"24421",1999-03-01,"Mar 1999","Semi-Detached",8,"Scss","Starts"
"24421",1999-03-01,"Mar 1999","Row",6,"Scss","Starts"
"24421",1999-03-01,"Mar 1999","Apartment",18,"Scss","Starts"
"24421",1999-03-01,"Mar 1999","All",107,"Scss","Starts"
"24421",1999-04-01,"Apr 1999","Single",162,"Scss","Starts"
"24421",1999-04-01,"Apr 1999","Semi-Detached",16,"Scss","Starts"
"24421",1999-04-01,"Apr 1999","Row",0,"Scss","Starts"
"24421",1999-04-01,"Apr 1999","Apartment",19,"Scss","Starts"
"24421",1999-04-01,"Apr 1999","All",197,"Scss","Starts"
"24421",1999-05-01,"May 1999","Single",254,"Scss","Starts"
"24421",1999-05-01,"May 1999","Semi-Detached",38,"Scss","Starts"
"24421",1999-05-01,"May 1999","Row",4,"Scss","Starts"
"24421",1999-05-01,"May 1999","Apartment",122,"Scss","Starts"
"24421",1999-05-01,"May 1999","All",418,"Scss","Starts"
"24421",1999-06-01,"Jun 1999","Single",152,"Scss","Starts"
"24421",1999-06-01,"Jun 1999","Semi-Detached",18,"Scss","Starts"
"24421",1999-06-01,"Jun 1999","Row",24,"Scss","Starts"
"24421",1999-06-01,"Jun 1999","Apartment",19,"Scss","Starts"
"24421",1999-06-01,"Jun 1999","All",213,"Scss","Starts"
"24421",1999-07-01,"Jul 1999","Single",98,"Scss","Starts"
"24421",1999-07-01,"Jul 1999","Semi-Detached",14,"Scss","Starts"
"24421",1999-07-01,"Jul 1999","Row",9,"Scss","Starts"
"24421",1999-07-01,"Jul 1999","Apartment",4,"Scss","Starts"
"24421",1999-07-01,"Jul 1999","All",125,"Scss","Starts"
"24421",1999-08-01,"Aug 1999","Single",46,"Scss","Starts"
"24421",1999-08-01,"Aug 1999","Semi-Detached",8,"Scss","Starts"
"24421",1999-08-01,"Aug 1999","Row",0,"Scss","Starts"
"24421",1999-08-01,"Aug 1999","Apartment",29,"Scss","Starts"
"24421",1999-08-01,"Aug 1999","All",83,"Scss","Starts"
"24421",1999-09-01,"Sep 1999","Single",104,"Scss","Starts"
"24421",1999-09-01,"Sep 1999","Semi-Detached",14,"Scss","Starts"
"24421",1999-09-01,"Sep 1999","Row",3,"Scss","Starts"
"24421",1999-09-01,"Sep 1999","Apartment",12,"Scss","Starts"
"24421",1999-09-01,"Sep 1999","All",133,"Scss","Starts"
"24421",1999-10-01,"Oct 1999","Single",88,"Scss","Starts"
"24421",1999-10-01,"Oct 1999","Semi-Detached",20,"Scss","Starts"
"24421",1999-10-01,"Oct 1999","Row",0,"Scss","Starts"
"24421",1999-10-01,"Oct 1999","Apartment",29,"Scss","Starts"
"24421",1999-10-01,"Oct 1999","All",137,"Scss","Starts"
"24421",1999-11-01,"Nov 1999","Single",89,"Scss","Starts"
"24421",1999-11-01,"Nov 1999","Semi-Detached",8,"Scss","Starts"
"24421",1999-11-01,"Nov 1999","Row",4,"Scss","Starts"
"24421",1999-11-01,"Nov 1999","Apartment",100,"Scss","Starts"
"24421",1999-11-01,"Nov 1999","All",201,"Scss","Starts"
"24421",1999-12-01,"Dec 1999","Single",54,"Scss","Starts"
"24421",1999-12-01,"Dec 1999","Semi-Detached",12,"Scss","Starts"
"24421",1999-12-01,"Dec 1999","Row",0,"Scss","Starts"
"24421",1999-12-01,"Dec 1999","Apartment",28,"Scss","Starts"
"24421",1999-12-01,"Dec 1999","All",94,"Scss","Starts"
"24421",2000-01-01,"Jan 2000","Single",47,"Scss","Starts"
"24421",2000-01-01,"Jan 2000","Semi-Detached",4,"Scss","Starts"
"24421",2000-01-01,"Jan 2000","Row",31,"Scss","Starts"
"24421",2000-01-01,"Jan 2000","Apartment",0,"Scss","Starts"
"24421",2000-01-01,"Jan 2000","All",82,"Scss","Starts"
"24421",2000-02-01,"Feb 2000","Single",27,"Scss","Starts"
"24421",2000-02-01,"Feb 2000","Semi-Detached",0,"Scss","Starts"
"24421",2000-02-01,"Feb 2000","Row",2,"Scss","Starts"
"24421",2000-02-01,"Feb 2000","Apartment",0,"Scss","Starts"
"24421",2000-02-01,"Feb 2000","All",29,"Scss","Starts"
"24421",2000-03-01,"Mar 2000","Single",91,"Scss","Starts"
"24421",2000-03-01,"Mar 2000","Semi-Detached",2,"Scss","Starts"
"24421",2000-03-01,"Mar 2000","Row",3,"Scss","Starts"
"24421",2000-03-01,"Mar 2000","Apartment",23,"Scss","Starts"
"24421",2000-03-01,"Mar 2000","All",119,"Scss","Starts"
"24421",2000-04-01,"Apr 2000","Single",222,"Scss","Starts"
"24421",2000-04-01,"Apr 2000","Semi-Detached",8,"Scss","Starts"
"24421",2000-04-01,"Apr 2000","Row",9,"Scss","Starts"
"24421",2000-04-01,"Apr 2000","Apartment",214,"Scss","Starts"
"24421",2000-04-01,"Apr 2000","All",453,"Scss","Starts"
"24421",2000-05-01,"May 2000","Single",199,"Scss","Starts"
"24421",2000-05-01,"May 2000","Semi-Detached",8,"Scss","Starts"
"24421",2000-05-01,"May 2000","Row",10,"Scss","Starts"
"24421",2000-05-01,"May 2000","Apartment",53,"Scss","Starts"
"24421",2000-05-01,"May 2000","All",270,"Scss","Starts"
"24421",2000-06-01,"Jun 2000","Single",185,"Scss","Starts"
"24421",2000-06-01,"Jun 2000","Semi-Detached",10,"Scss","Starts"
"24421",2000-06-01,"Jun 2000","Row",3,"Scss","Starts"
"24421",2000-06-01,"Jun 2000","Apartment",19,"Scss","Starts"
"24421",2000-06-01,"Jun 2000","All",217,"Scss","Starts"
"24421",2000-07-01,"Jul 2000","Single",86,"Scss","Starts"
"24421",2000-07-01,"Jul 2000","Semi-Detached",4,"Scss","Starts"
"24421",2000-07-01,"Jul 2000","Row",9,"Scss","Starts"
"24421",2000-07-01,"Jul 2000","Apartment",6,"Scss","Starts"
"24421",2000-07-01,"Jul 2000","All",105,"Scss","Starts"
"24421",2000-08-01,"Aug 2000","Single",67,"Scss","Starts"
"24421",2000-08-01,"Aug 2000","Semi-Detached",6,"Scss","Starts"
"24421",2000-08-01,"Aug 2000","Row",0,"Scss","Starts"
"24421",2000-08-01,"Aug 2000","Apartment",153,"Scss","Starts"
"24421",2000-08-01,"Aug 2000","All",226,"Scss","Starts"
"24421",2000-09-01,"Sep 2000","Single",93,"Scss","Starts"
"24421",2000-09-01,"Sep 2000","Semi-Detached",8,"Scss","Starts"
"24421",2000-09-01,"Sep 2000","Row",0,"Scss","Starts"
"24421",2000-09-01,"Sep 2000","Apartment",104,"Scss","Starts"
"24421",2000-09-01,"Sep 2000","All",205,"Scss","Starts"
"24421",2000-10-01,"Oct 2000","Single",92,"Scss","Starts"
"24421",2000-10-01,"Oct 2000","Semi-Detached",4,"Scss","Starts"
"24421",2000-10-01,"Oct 2000","Row",3,"Scss","Starts"
"24421",2000-10-01,"Oct 2000","Apartment",177,"Scss","Starts"
"24421",2000-10-01,"Oct 2000","All",276,"Scss","Starts"
"24421",2000-11-01,"Nov 2000","Single",86,"Scss","Starts"
"24421",2000-11-01,"Nov 2000","Semi-Detached",4,"Scss","Starts"
"24421",2000-11-01,"Nov 2000","Row",4,"Scss","Starts"
"24421",2000-11-01,"Nov 2000","Apartment",86,"Scss","Starts"
"24421",2000-11-01,"Nov 2000","All",180,"Scss","Starts"
"24421",2000-12-01,"Dec 2000","Single",67,"Scss","Starts"
"24421",2000-12-01,"Dec 2000","Semi-Detached",4,"Scss","Starts"
"24421",2000-12-01,"Dec 2000","Row",0,"Scss","Starts"
"24421",2000-12-01,"Dec 2000","Apartment",42,"Scss","Starts"
"24421",2000-12-01,"Dec 2000","All",113,"Scss","Starts"
"24421",2001-01-01,"Jan 2001","Single",49,"Scss","Starts"
"24421",2001-01-01,"Jan 2001","Semi-Detached",2,"Scss","Starts"
"24421",2001-01-01,"Jan 2001","Row",7,"Scss","Starts"
"24421",2001-01-01,"Jan 2001","Apartment",108,"Scss","Starts"
"24421",2001-01-01,"Jan 2001","All",166,"Scss","Starts"
"24421",2001-02-01,"Feb 2001","Single",42,"Scss","Starts"
"24421",2001-02-01,"Feb 2001","Semi-Detached",2,"Scss","Starts"
"24421",2001-02-01,"Feb 2001","Row",1,"Scss","Starts"
"24421",2001-02-01,"Feb 2001","Apartment",0,"Scss","Starts"
"24421",2001-02-01,"Feb 2001","All",45,"Scss","Starts"
"24421",2001-03-01,"Mar 2001","Single",116,"Scss","Starts"
"24421",2001-03-01,"Mar 2001","Semi-Detached",8,"Scss","Starts"
"24421",2001-03-01,"Mar 2001","Row",8,"Scss","Starts"
"24421",2001-03-01,"Mar 2001","Apartment",73,"Scss","Starts"
"24421",2001-03-01,"Mar 2001","All",205,"Scss","Starts"
"24421",2001-04-01,"Apr 2001","Single",235,"Scss","Starts"
"24421",2001-04-01,"Apr 2001","Semi-Detached",4,"Scss","Starts"
"24421",2001-04-01,"Apr 2001","Row",6,"Scss","Starts"
"24421",2001-04-01,"Apr 2001","Apartment",87,"Scss","Starts"
"24421",2001-04-01,"Apr 2001","All",332,"Scss","Starts"
"24421",2001-05-01,"May 2001","Single",229,"Scss","Starts"
"24421",2001-05-01,"May 2001","Semi-Detached",20,"Scss","Starts"
"24421",2001-05-01,"May 2001","Row",8,"Scss","Starts"
"24421",2001-05-01,"May 2001","Apartment",33,"Scss","Starts"
"24421",2001-05-01,"May 2001","All",290,"Scss","Starts"
"24421",2001-06-01,"Jun 2001","Single",200,"Scss","Starts"
"24421",2001-06-01,"Jun 2001","Semi-Detached",20,"Scss","Starts"
"24421",2001-06-01,"Jun 2001","Row",0,"Scss","Starts"
"24421",2001-06-01,"Jun 2001","Apartment",103,"Scss","Starts"
"24421",2001-06-01,"Jun 2001","All",323,"Scss","Starts"
"24421",2001-07-01,"Jul 2001","Single",136,"Scss","Starts"
"24421",2001-07-01,"Jul 2001","Semi-Detached",4,"Scss","Starts"
"24421",2001-07-01,"Jul 2001","Row",0,"Scss","Starts"
"24421",2001-07-01,"Jul 2001","Apartment",26,"Scss","Starts"
"24421",2001-07-01,"Jul 2001","All",166,"Scss","Starts"
"24421",2001-08-01,"Aug 2001","Single",81,"Scss","Starts"
"24421",2001-08-01,"Aug 2001","Semi-Detached",14,"Scss","Starts"
"24421",2001-08-01,"Aug 2001","Row",0,"Scss","Starts"
"24421",2001-08-01,"Aug 2001","Apartment",96,"Scss","Starts"
"24421",2001-08-01,"Aug 2001","All",191,"Scss","Starts"
"24421",2001-09-01,"Sep 2001","Single",132,"Scss","Starts"
"24421",2001-09-01,"Sep 2001","Semi-Detached",4,"Scss","Starts"
"24421",2001-09-01,"Sep 2001","Row",5,"Scss","Starts"
"24421",2001-09-01,"Sep 2001","Apartment",79,"Scss","Starts"
"24421",2001-09-01,"Sep 2001","All",220,"Scss","Starts"
"24421",2001-10-01,"Oct 2001","Single",107,"Scss","Starts"
"24421",2001-10-01,"Oct 2001","Semi-Detached",12,"Scss","Starts"
"24421",2001-10-01,"Oct 2001","Row",0,"Scss","Starts"
"24421",2001-10-01,"Oct 2001","Apartment",93,"Scss","Starts"
"24421",2001-10-01,"Oct 2001","All",212,"Scss","Starts"
"24421",2001-11-01,"Nov 2001","Single",144,"Scss","Starts"
"24421",2001-11-01,"Nov 2001","Semi-Detached",7,"Scss","Starts"
"24421",2001-11-01,"Nov 2001","Row",5,"Scss","Starts"
"24421",2001-11-01,"Nov 2001","Apartment",39,"Scss","Starts"
"24421",2001-11-01,"Nov 2001","All",195,"Scss","Starts"
"24421",2001-12-01,"Dec 2001","Single",110,"Scss","Starts"
"24421",2001-12-01,"Dec 2001","Semi-Detached",16,"Scss","Starts"
"24421",2001-12-01,"Dec 2001","Row",5,"Scss","Starts"
"24421",2001-12-01,"Dec 2001","Apartment",79,"Scss","Starts"
"24421",2001-12-01,"Dec 2001","All",210,"Scss","Starts"
"24421",2002-01-01,"Jan 2002","Single",105,"Scss","Starts"
"24421",2002-01-01,"Jan 2002","Semi-Detached",8,"Scss","Starts"
"24421",2002-01-01,"Jan 2002","Row",0,"Scss","Starts"
"24421",2002-01-01,"Jan 2002","Apartment",63,"Scss","Starts"
"24421",2002-01-01,"Jan 2002","All",176,"Scss","Starts"
"24421",2002-02-01,"Feb 2002","Single",67,"Scss","Starts"
"24421",2002-02-01,"Feb 2002","Semi-Detached",6,"Scss","Starts"
"24421",2002-02-01,"Feb 2002","Row",0,"Scss","Starts"
"24421",2002-02-01,"Feb 2002","Apartment",10,"Scss","Starts"
"24421",2002-02-01,"Feb 2002","All",83,"Scss","Starts"
"24421",2002-03-01,"Mar 2002","Single",191,"Scss","Starts"
"24421",2002-03-01,"Mar 2002","Semi-Detached",14,"Scss","Starts"
"24421",2002-03-01,"Mar 2002","Row",4,"Scss","Starts"
"24421",2002-03-01,"Mar 2002","Apartment",96,"Scss","Starts"
"24421",2002-03-01,"Mar 2002","All",305,"Scss","Starts"
"24421",2002-04-01,"Apr 2002","Single",371,"Scss","Starts"
"24421",2002-04-01,"Apr 2002","Semi-Detached",24,"Scss","Starts"
"24421",2002-04-01,"Apr 2002","Row",3,"Scss","Starts"
"24421",2002-04-01,"Apr 2002","Apartment",195,"Scss","Starts"
"24421",2002-04-01,"Apr 2002","All",593,"Scss","Starts"
"24421",2002-05-01,"May 2002","Single",342,"Scss","Starts"
"24421",2002-05-01,"May 2002","Semi-Detached",14,"Scss","Starts"
"24421",2002-05-01,"May 2002","Row",10,"Scss","Starts"
"24421",2002-05-01,"May 2002","Apartment",395,"Scss","Starts"
"24421",2002-05-01,"May 2002","All",761,"Scss","Starts"
"24421",2002-06-01,"Jun 2002","Single",266,"Scss","Starts"
"24421",2002-06-01,"Jun 2002","Semi-Detached",28,"Scss","Starts"
"24421",2002-06-01,"Jun 2002","Row",3,"Scss","Starts"
"24421",2002-06-01,"Jun 2002","Apartment",92,"Scss","Starts"
"24421",2002-06-01,"Jun 2002","All",389,"Scss","Starts"
"24421",2002-07-01,"Jul 2002","Single",177,"Scss","Starts"
"24421",2002-07-01,"Jul 2002","Semi-Detached",6,"Scss","Starts"
"24421",2002-07-01,"Jul 2002","Row",4,"Scss","Starts"
"24421",2002-07-01,"Jul 2002","Apartment",109,"Scss","Starts"
"24421",2002-07-01,"Jul 2002","All",296,"Scss","Starts"
"24421",2002-08-01,"Aug 2002","Single",167,"Scss","Starts"
"24421",2002-08-01,"Aug 2002","Semi-Detached",8,"Scss","Starts"
"24421",2002-08-01,"Aug 2002","Row",18,"Scss","Starts"
"24421",2002-08-01,"Aug 2002","Apartment",148,"Scss","Starts"
"24421",2002-08-01,"Aug 2002","All",341,"Scss","Starts"
"24421",2002-09-01,"Sep 2002","Single",137,"Scss","Starts"
"24421",2002-09-01,"Sep 2002","Semi-Detached",6,"Scss","Starts"
"24421",2002-09-01,"Sep 2002","Row",3,"Scss","Starts"
"24421",2002-09-01,"Sep 2002","Apartment",56,"Scss","Starts"
"24421",2002-09-01,"Sep 2002","All",202,"Scss","Starts"
"24421",2002-10-01,"Oct 2002","Single",153,"Scss","Starts"
"24421",2002-10-01,"Oct 2002","Semi-Detached",26,"Scss","Starts"
"24421",2002-10-01,"Oct 2002","Row",3,"Scss","Starts"
"24421",2002-10-01,"Oct 2002","Apartment",163,"Scss","Starts"
"24421",2002-10-01,"Oct 2002","All",345,"Scss","Starts"
"24421",2002-11-01,"Nov 2002","Single",200,"Scss","Starts"
"24421",2002-11-01,"Nov 2002","Semi-Detached",14,"Scss","Starts"
"24421",2002-11-01,"Nov 2002","Row",0,"Scss","Starts"
"24421",2002-11-01,"Nov 2002","Apartment",235,"Scss","Starts"
"24421",2002-11-01,"Nov 2002","All",449,"Scss","Starts"
"24421",2002-12-01,"Dec 2002","Single",151,"Scss","Starts"
"24421",2002-12-01,"Dec 2002","Semi-Detached",18,"Scss","Starts"
"24421",2002-12-01,"Dec 2002","Row",0,"Scss","Starts"
"24421",2002-12-01,"Dec 2002","Apartment",173,"Scss","Starts"
"24421",2002-12-01,"Dec 2002","All",342,"Scss","Starts"
"24421",2003-01-01,"Jan 2003","Single",65,"Scss","Starts"
"24421",2003-01-01,"Jan 2003","Semi-Detached",6,"Scss","Starts"
"24421",2003-01-01,"Jan 2003","Row",12,"Scss","Starts"
"24421",2003-01-01,"Jan 2003","Apartment",128,"Scss","Starts"
"24421",2003-01-01,"Jan 2003","All",211,"Scss","Starts"
"24421",2003-02-01,"Feb 2003","Single",120,"Scss","Starts"
"24421",2003-02-01,"Feb 2003","Semi-Detached",6,"Scss","Starts"
"24421",2003-02-01,"Feb 2003","Row",0,"Scss","Starts"
"24421",2003-02-01,"Feb 2003","Apartment",254,"Scss","Starts"
"24421",2003-02-01,"Feb 2003","All",380,"Scss","Starts"
"24421",2003-03-01,"Mar 2003","Single",248,"Scss","Starts"
"24421",2003-03-01,"Mar 2003","Semi-Detached",20,"Scss","Starts"
"24421",2003-03-01,"Mar 2003","Row",28,"Scss","Starts"
"24421",2003-03-01,"Mar 2003","Apartment",183,"Scss","Starts"
"24421",2003-03-01,"Mar 2003","All",479,"Scss","Starts"
"24421",2003-04-01,"Apr 2003","Single",401,"Scss","Starts"
"24421",2003-04-01,"Apr 2003","Semi-Detached",58,"Scss","Starts"
"24421",2003-04-01,"Apr 2003","Row",5,"Scss","Starts"
"24421",2003-04-01,"Apr 2003","Apartment",299,"Scss","Starts"
"24421",2003-04-01,"Apr 2003","All",763,"Scss","Starts"
"24421",2003-05-01,"May 2003","Single",258,"Scss","Starts"
"24421",2003-05-01,"May 2003","Semi-Detached",18,"Scss","Starts"
"24421",2003-05-01,"May 2003","Row",0,"Scss","Starts"
"24421",2003-05-01,"May 2003","Apartment",145,"Scss","Starts"
"24421",2003-05-01,"May 2003","All",421,"Scss","Starts"
"24421",2003-06-01,"Jun 2003","Single",278,"Scss","Starts"
"24421",2003-06-01,"Jun 2003","Semi-Detached",16,"Scss","Starts"
"24421",2003-06-01,"Jun 2003","Row",10,"Scss","Starts"
"24421",2003-06-01,"Jun 2003","Apartment",177,"Scss","Starts"
"24421",2003-06-01,"Jun 2003","All",481,"Scss","Starts"
"24421",2003-07-01,"Jul 2003","Single",242,"Scss","Starts"
"24421",2003-07-01,"Jul 2003","Semi-Detached",20,"Scss","Starts"
"24421",2003-07-01,"Jul 2003","Row",29,"Scss","Starts"
"24421",2003-07-01,"Jul 2003","Apartment",308,"Scss","Starts"
"24421",2003-07-01,"Jul 2003","All",599,"Scss","Starts"
"24421",2003-08-01,"Aug 2003","Single",216,"Scss","Starts"
"24421",2003-08-01,"Aug 2003","Semi-Detached",18,"Scss","Starts"
"24421",2003-08-01,"Aug 2003","Row",4,"Scss","Starts"
"24421",2003-08-01,"Aug 2003","Apartment",298,"Scss","Starts"
"24421",2003-08-01,"Aug 2003","All",536,"Scss","Starts"
"24421",2003-09-01,"Sep 2003","Single",184,"Scss","Starts"
"24421",2003-09-01,"Sep 2003","Semi-Detached",18,"Scss","Starts"
"24421",2003-09-01,"Sep 2003","Row",0,"Scss","Starts"
"24421",2003-09-01,"Sep 2003","Apartment",278,"Scss","Starts"
"24421",2003-09-01,"Sep 2003","All",480,"Scss","Starts"
"24421",2003-10-01,"Oct 2003","Single",240,"Scss","Starts"
"24421",2003-10-01,"Oct 2003","Semi-Detached",14,"Scss","Starts"
"24421",2003-10-01,"Oct 2003","Row",0,"Scss","Starts"
"24421",2003-10-01,"Oct 2003","Apartment",299,"Scss","Starts"
"24421",2003-10-01,"Oct 2003","All",553,"Scss","Starts"
"24421",2003-11-01,"Nov 2003","Single",231,"Scss","Starts"
"24421",2003-11-01,"Nov 2003","Semi-Detached",22,"Scss","Starts"
"24421",2003-11-01,"Nov 2003","Row",19,"Scss","Starts"
"24421",2003-11-01,"Nov 2003","Apartment",55,"Scss","Starts"
"24421",2003-11-01,"Nov 2003","All",327,"Scss","Starts"
"24421",2003-12-01,"Dec 2003","Single",191,"Scss","Starts"
"24421",2003-12-01,"Dec 2003","Semi-Detached",12,"Scss","Starts"
"24421",2003-12-01,"Dec 2003","Row",8,"Scss","Starts"
"24421",2003-12-01,"Dec 2003","Apartment",158,"Scss","Starts"
"24421",2003-12-01,"Dec 2003","All",369,"Scss","Starts"
"24421",2004-01-01,"Jan 2004","Single",107,"Scss","Starts"
"24421",2004-01-01,"Jan 2004","Semi-Detached",2,"Scss","Starts"
"24421",2004-01-01,"Jan 2004","Row",8,"Scss","Starts"
"24421",2004-01-01,"Jan 2004","Apartment",130,"Scss","Starts"
"24421",2004-01-01,"Jan 2004","All",247,"Scss","Starts"
"24421",2004-02-01,"Feb 2004","Single",116,"Scss","Starts"
"24421",2004-02-01,"Feb 2004","Semi-Detached",6,"Scss","Starts"
"24421",2004-02-01,"Feb 2004","Row",3,"Scss","Starts"
"24421",2004-02-01,"Feb 2004","Apartment",203,"Scss","Starts"
"24421",2004-02-01,"Feb 2004","All",328,"Scss","Starts"
"24421",2004-03-01,"Mar 2004","Single",246,"Scss","Starts"
"24421",2004-03-01,"Mar 2004","Semi-Detached",50,"Scss","Starts"
"24421",2004-03-01,"Mar 2004","Row",10,"Scss","Starts"
"24421",2004-03-01,"Mar 2004","Apartment",153,"Scss","Starts"
"24421",2004-03-01,"Mar 2004","All",459,"Scss","Starts"
"24421",2004-04-01,"Apr 2004","Single",393,"Scss","Starts"
"24421",2004-04-01,"Apr 2004","Semi-Detached",66,"Scss","Starts"
"24421",2004-04-01,"Apr 2004","Row",11,"Scss","Starts"
"24421",2004-04-01,"Apr 2004","Apartment",298,"Scss","Starts"
"24421",2004-04-01,"Apr 2004","All",768,"Scss","Starts"
"24421",2004-05-01,"May 2004","Single",293,"Scss","Starts"
"24421",2004-05-01,"May 2004","Semi-Detached",50,"Scss","Starts"
"24421",2004-05-01,"May 2004","Row",19,"Scss","Starts"
"24421",2004-05-01,"May 2004","Apartment",378,"Scss","Starts"
"24421",2004-05-01,"May 2004","All",740,"Scss","Starts"
"24421",2004-06-01,"Jun 2004","Single",270,"Scss","Starts"
"24421",2004-06-01,"Jun 2004","Semi-Detached",22,"Scss","Starts"
"24421",2004-06-01,"Jun 2004","Row",12,"Scss","Starts"
"24421",2004-06-01,"Jun 2004","Apartment",328,"Scss","Starts"
"24421",2004-06-01,"Jun 2004","All",632,"Scss","Starts"
"24421",2004-07-01,"Jul 2004","Single",189,"Scss","Starts"
"24421",2004-07-01,"Jul 2004","Semi-Detached",18,"Scss","Starts"
"24421",2004-07-01,"Jul 2004","Row",14,"Scss","Starts"
"24421",2004-07-01,"Jul 2004","Apartment",202,"Scss","Starts"
"24421",2004-07-01,"Jul 2004","All",423,"Scss","Starts"
"24421",2004-08-01,"Aug 2004","Single",130,"Scss","Starts"
"24421",2004-08-01,"Aug 2004","Semi-Detached",6,"Scss","Starts"
"24421",2004-08-01,"Aug 2004","Row",4,"Scss","Starts"
"24421",2004-08-01,"Aug 2004","Apartment",238,"Scss","Starts"
"24421",2004-08-01,"Aug 2004","All",378,"Scss","Starts"
"24421",2004-09-01,"Sep 2004","Single",224,"Scss","Starts"
"24421",2004-09-01,"Sep 2004","Semi-Detached",18,"Scss","Starts"
"24421",2004-09-01,"Sep 2004","Row",4,"Scss","Starts"
"24421",2004-09-01,"Sep 2004","Apartment",196,"Scss","Starts"
"24421",2004-09-01,"Sep 2004","All",442,"Scss","Starts"
"24421",2004-10-01,"Oct 2004","Single",297,"Scss","Starts"
"24421",2004-10-01,"Oct 2004","Semi-Detached",12,"Scss","Starts"
"24421",2004-10-01,"Oct 2004","Row",13,"Scss","Starts"
"24421",2004-10-01,"Oct 2004","Apartment",289,"Scss","Starts"
"24421",2004-10-01,"Oct 2004","All",611,"Scss","Starts"
"24421",2004-11-01,"Nov 2004","Single",267,"Scss","Starts"
"24421",2004-11-01,"Nov 2004","Semi-Detached",32,"Scss","Starts"
"24421",2004-11-01,"Nov 2004","Row",4,"Scss","Starts"
"24421",2004-11-01,"Nov 2004","Apartment",375,"Scss","Starts"
"24421",2004-11-01,"Nov 2004","All",678,"Scss","Starts"
"24421",2004-12-01,"Dec 2004","Single",172,"Scss","Starts"
"24421",2004-12-01,"Dec 2004","Semi-Detached",20,"Scss","Starts"
"24421",2004-12-01,"Dec 2004","Row",9,"Scss","Starts"
"24421",2004-12-01,"Dec 2004","Apartment",279,"Scss","Starts"
"24421",2004-12-01,"Dec 2004","All",480,"Scss","Starts"
"24421",2005-01-01,"Jan 2005","Single",173,"Scss","Starts"
"24421",2005-01-01,"Jan 2005","Semi-Detached",18,"Scss","Starts"
"24421",2005-01-01,"Jan 2005","Row",19,"Scss","Starts"
"24421",2005-01-01,"Jan 2005","Apartment",173,"Scss","Starts"
"24421",2005-01-01,"Jan 2005","All",383,"Scss","Starts"
"24421",2005-02-01,"Feb 2005","Single",126,"Scss","Starts"
"24421",2005-02-01,"Feb 2005","Semi-Detached",36,"Scss","Starts"
"24421",2005-02-01,"Feb 2005","Row",6,"Scss","Starts"
"24421",2005-02-01,"Feb 2005","Apartment",299,"Scss","Starts"
"24421",2005-02-01,"Feb 2005","All",467,"Scss","Starts"
"24421",2005-03-01,"Mar 2005","Single",178,"Scss","Starts"
"24421",2005-03-01,"Mar 2005","Semi-Detached",20,"Scss","Starts"
"24421",2005-03-01,"Mar 2005","Row",14,"Scss","Starts"
"24421",2005-03-01,"Mar 2005","Apartment",259,"Scss","Starts"
"24421",2005-03-01,"Mar 2005","All",471,"Scss","Starts"
"24421",2005-04-01,"Apr 2005","Single",315,"Scss","Starts"
"24421",2005-04-01,"Apr 2005","Semi-Detached",46,"Scss","Starts"
"24421",2005-04-01,"Apr 2005","Row",21,"Scss","Starts"
"24421",2005-04-01,"Apr 2005","Apartment",561,"Scss","Starts"
"24421",2005-04-01,"Apr 2005","All",943,"Scss","Starts"
"24421",2005-05-01,"May 2005","Single",345,"Scss","Starts"
"24421",2005-05-01,"May 2005","Semi-Detached",46,"Scss","Starts"
"24421",2005-05-01,"May 2005","Row",25,"Scss","Starts"
"24421",2005-05-01,"May 2005","Apartment",150,"Scss","Starts"
"24421",2005-05-01,"May 2005","All",566,"Scss","Starts"
"24421",2005-06-01,"Jun 2005","Single",254,"Scss","Starts"
"24421",2005-06-01,"Jun 2005","Semi-Detached",26,"Scss","Starts"
"24421",2005-06-01,"Jun 2005","Row",6,"Scss","Starts"
"24421",2005-06-01,"Jun 2005","Apartment",98,"Scss","Starts"
"24421",2005-06-01,"Jun 2005","All",384,"Scss","Starts"
"24421",2005-07-01,"Jul 2005","Single",252,"Scss","Starts"
"24421",2005-07-01,"Jul 2005","Semi-Detached",12,"Scss","Starts"
"24421",2005-07-01,"Jul 2005","Row",17,"Scss","Starts"
"24421",2005-07-01,"Jul 2005","Apartment",103,"Scss","Starts"
"24421",2005-07-01,"Jul 2005","All",384,"Scss","Starts"
"24421",2005-08-01,"Aug 2005","Single",127,"Scss","Starts"
"24421",2005-08-01,"Aug 2005","Semi-Detached",40,"Scss","Starts"
"24421",2005-08-01,"Aug 2005","Row",0,"Scss","Starts"
"24421",2005-08-01,"Aug 2005","Apartment",261,"Scss","Starts"
"24421",2005-08-01,"Aug 2005","All",428,"Scss","Starts"
"24421",2005-09-01,"Sep 2005","Single",200,"Scss","Starts"
"24421",2005-09-01,"Sep 2005","Semi-Detached",48,"Scss","Starts"
"24421",2005-09-01,"Sep 2005","Row",8,"Scss","Starts"
"24421",2005-09-01,"Sep 2005","Apartment",128,"Scss","Starts"
"24421",2005-09-01,"Sep 2005","All",384,"Scss","Starts"
"24421",2005-10-01,"Oct 2005","Single",197,"Scss","Starts"
"24421",2005-10-01,"Oct 2005","Semi-Detached",50,"Scss","Starts"
"24421",2005-10-01,"Oct 2005","Row",0,"Scss","Starts"
"24421",2005-10-01,"Oct 2005","Apartment",316,"Scss","Starts"
"24421",2005-10-01,"Oct 2005","All",563,"Scss","Starts"
"24421",2005-11-01,"Nov 2005","Single",171,"Scss","Starts"
"24421",2005-11-01,"Nov 2005","Semi-Detached",34,"Scss","Starts"
"24421",2005-11-01,"Nov 2005","Row",4,"Scss","Starts"
"24421",2005-11-01,"Nov 2005","Apartment",204,"Scss","Starts"
"24421",2005-11-01,"Nov 2005","All",413,"Scss","Starts"
"24421",2005-12-01,"Dec 2005","Single",190,"Scss","Starts"
"24421",2005-12-01,"Dec 2005","Semi-Detached",34,"Scss","Starts"
"24421",2005-12-01,"Dec 2005","Row",4,"Scss","Starts"
"24421",2005-12-01,"Dec 2005","Apartment",221,"Scss","Starts"
"24421",2005-12-01,"Dec 2005","All",449,"Scss","Starts"
"24421",2006-01-01,"Jan 2006","Single",111,"Scss","Starts"
"24421",2006-01-01,"Jan 2006","Semi-Detached",50,"Scss","Starts"
"24421",2006-01-01,"Jan 2006","Row",8,"Scss","Starts"
"24421",2006-01-01,"Jan 2006","Apartment",313,"Scss","Starts"
"24421",2006-01-01,"Jan 2006","All",482,"Scss","Starts"
"24421",2006-02-01,"Feb 2006","Single",117,"Scss","Starts"
"24421",2006-02-01,"Feb 2006","Semi-Detached",2,"Scss","Starts"
"24421",2006-02-01,"Feb 2006","Row",3,"Scss","Starts"
"24421",2006-02-01,"Feb 2006","Apartment",78,"Scss","Starts"
"24421",2006-02-01,"Feb 2006","All",200,"Scss","Starts"
"24421",2006-03-01,"Mar 2006","Single",191,"Scss","Starts"
"24421",2006-03-01,"Mar 2006","Semi-Detached",12,"Scss","Starts"
"24421",2006-03-01,"Mar 2006","Row",24,"Scss","Starts"
"24421",2006-03-01,"Mar 2006","Apartment",164,"Scss","Starts"
"24421",2006-03-01,"Mar 2006","All",391,"Scss","Starts"
"24421",2006-04-01,"Apr 2006","Single",366,"Scss","Starts"
"24421",2006-04-01,"Apr 2006","Semi-Detached",90,"Scss","Starts"
"24421",2006-04-01,"Apr 2006","Row",15,"Scss","Starts"
"24421",2006-04-01,"Apr 2006","Apartment",320,"Scss","Starts"
"24421",2006-04-01,"Apr 2006","All",791,"Scss","Starts"
"24421",2006-05-01,"May 2006","Single",214,"Scss","Starts"
"24421",2006-05-01,"May 2006","Semi-Detached",44,"Scss","Starts"
"24421",2006-05-01,"May 2006","Row",5,"Scss","Starts"
"24421",2006-05-01,"May 2006","Apartment",324,"Scss","Starts"
"24421",2006-05-01,"May 2006","All",587,"Scss","Starts"
"24421",2006-06-01,"Jun 2006","Single",224,"Scss","Starts"
"24421",2006-06-01,"Jun 2006","Semi-Detached",48,"Scss","Starts"
"24421",2006-06-01,"Jun 2006","Row",9,"Scss","Starts"
"24421",2006-06-01,"Jun 2006","Apartment",54,"Scss","Starts"
"24421",2006-06-01,"Jun 2006","All",335,"Scss","Starts"
"24421",2006-07-01,"Jul 2006","Single",192,"Scss","Starts"
"24421",2006-07-01,"Jul 2006","Semi-Detached",24,"Scss","Starts"
"24421",2006-07-01,"Jul 2006","Row",11,"Scss","Starts"
"24421",2006-07-01,"Jul 2006","Apartment",178,"Scss","Starts"
"24421",2006-07-01,"Jul 2006","All",405,"Scss","Starts"
"24421",2006-08-01,"Aug 2006","Single",150,"Scss","Starts"
"24421",2006-08-01,"Aug 2006","Semi-Detached",16,"Scss","Starts"
"24421",2006-08-01,"Aug 2006","Row",16,"Scss","Starts"
"24421",2006-08-01,"Aug 2006","Apartment",222,"Scss","Starts"
"24421",2006-08-01,"Aug 2006","All",404,"Scss","Starts"
"24421",2006-09-01,"Sep 2006","Single",169,"Scss","Starts"
"24421",2006-09-01,"Sep 2006","Semi-Detached",8,"Scss","Starts"
"24421",2006-09-01,"Sep 2006","Row",16,"Scss","Starts"
"24421",2006-09-01,"Sep 2006","Apartment",163,"Scss","Starts"
"24421",2006-09-01,"Sep 2006","All",356,"Scss","Starts"
"24421",2006-10-01,"Oct 2006","Single",148,"Scss","Starts"
"24421",2006-10-01,"Oct 2006","Semi-Detached",6,"Scss","Starts"
"24421",2006-10-01,"Oct 2006","Row",6,"Scss","Starts"
"24421",2006-10-01,"Oct 2006","Apartment",147,"Scss","Starts"
"24421",2006-10-01,"Oct 2006","All",307,"Scss","Starts"
"24421",2006-11-01,"Nov 2006","Single",183,"Scss","Starts"
"24421",2006-11-01,"Nov 2006","Semi-Detached",6,"Scss","Starts"
"24421",2006-11-01,"Nov 2006","Row",17,"Scss","Starts"
"24421",2006-11-01,"Nov 2006","Apartment",438,"Scss","Starts"
"24421",2006-11-01,"Nov 2006","All",644,"Scss","Starts"
"24421",2006-12-01,"Dec 2006","Single",161,"Scss","Starts"
"24421",2006-12-01,"Dec 2006","Semi-Detached",14,"Scss","Starts"
"24421",2006-12-01,"Dec 2006","Row",5,"Scss","Starts"
"24421",2006-12-01,"Dec 2006","Apartment",94,"Scss","Starts"
"24421",2006-12-01,"Dec 2006","All",274,"Scss","Starts"
"24421",2007-01-01,"Jan 2007","Single",113,"Scss","Starts"
"24421",2007-01-01,"Jan 2007","Semi-Detached",12,"Scss","Starts"
"24421",2007-01-01,"Jan 2007","Row",16,"Scss","Starts"
"24421",2007-01-01,"Jan 2007","Apartment",47,"Scss","Starts"
"24421",2007-01-01,"Jan 2007","All",188,"Scss","Starts"
"24421",2007-02-01,"Feb 2007","Single",92,"Scss","Starts"
"24421",2007-02-01,"Feb 2007","Semi-Detached",14,"Scss","Starts"
"24421",2007-02-01,"Feb 2007","Row",0,"Scss","Starts"
"24421",2007-02-01,"Feb 2007","Apartment",94,"Scss","Starts"
"24421",2007-02-01,"Feb 2007","All",200,"Scss","Starts"
"24421",2007-03-01,"Mar 2007","Single",140,"Scss","Starts"
"24421",2007-03-01,"Mar 2007","Semi-Detached",14,"Scss","Starts"
"24421",2007-03-01,"Mar 2007","Row",12,"Scss","Starts"
"24421",2007-03-01,"Mar 2007","Apartment",160,"Scss","Starts"
"24421",2007-03-01,"Mar 2007","All",326,"Scss","Starts"
"24421",2007-04-01,"Apr 2007","Single",321,"Scss","Starts"
"24421",2007-04-01,"Apr 2007","Semi-Detached",36,"Scss","Starts"
"24421",2007-04-01,"Apr 2007","Row",15,"Scss","Starts"
"24421",2007-04-01,"Apr 2007","Apartment",381,"Scss","Starts"
"24421",2007-04-01,"Apr 2007","All",753,"Scss","Starts"
"24421",2007-05-01,"May 2007","Single",266,"Scss","Starts"
"24421",2007-05-01,"May 2007","Semi-Detached",28,"Scss","Starts"
"24421",2007-05-01,"May 2007","Row",27,"Scss","Starts"
"24421",2007-05-01,"May 2007","Apartment",239,"Scss","Starts"
"24421",2007-05-01,"May 2007","All",560,"Scss","Starts"
"24421",2007-06-01,"Jun 2007","Single",239,"Scss","Starts"
"24421",2007-06-01,"Jun 2007","Semi-Detached",50,"Scss","Starts"
"24421",2007-06-01,"Jun 2007","Row",23,"Scss","Starts"
"24421",2007-06-01,"Jun 2007","Apartment",371,"Scss","Starts"
"24421",2007-06-01,"Jun 2007","All",683,"Scss","Starts"
"24421",2007-07-01,"Jul 2007","Single",241,"Scss","Starts"
"24421",2007-07-01,"Jul 2007","Semi-Detached",14,"Scss","Starts"
"24421",2007-07-01,"Jul 2007","Row",4,"Scss","Starts"
"24421",2007-07-01,"Jul 2007","Apartment",150,"Scss","Starts"
"24421",2007-07-01,"Jul 2007","All",409,"Scss","Starts"
"24421",2007-08-01,"Aug 2007","Single",154,"Scss","Starts"
"24421",2007-08-01,"Aug 2007","Semi-Detached",4,"Scss","Starts"
"24421",2007-08-01,"Aug 2007","Row",24,"Scss","Starts"
"24421",2007-08-01,"Aug 2007","Apartment",157,"Scss","Starts"
"24421",2007-08-01,"Aug 2007","All",339,"Scss","Starts"
"24421",2007-09-01,"Sep 2007","Single",167,"Scss","Starts"
"24421",2007-09-01,"Sep 2007","Semi-Detached",20,"Scss","Starts"
"24421",2007-09-01,"Sep 2007","Row",28,"Scss","Starts"
"24421",2007-09-01,"Sep 2007","Apartment",327,"Scss","Starts"
"24421",2007-09-01,"Sep 2007","All",542,"Scss","Starts"
"24421",2007-10-01,"Oct 2007","Single",123,"Scss","Starts"
"24421",2007-10-01,"Oct 2007","Semi-Detached",42,"Scss","Starts"
"24421",2007-10-01,"Oct 2007","Row",4,"Scss","Starts"
"24421",2007-10-01,"Oct 2007","Apartment",486,"Scss","Starts"
"24421",2007-10-01,"Oct 2007","All",655,"Scss","Starts"
"24421",2007-11-01,"Nov 2007","Single",163,"Scss","Starts"
"24421",2007-11-01,"Nov 2007","Semi-Detached",12,"Scss","Starts"
"24421",2007-11-01,"Nov 2007","Row",20,"Scss","Starts"
"24421",2007-11-01,"Nov 2007","Apartment",149,"Scss","Starts"
"24421",2007-11-01,"Nov 2007","All",344,"Scss","Starts"
"24421",2007-12-01,"Dec 2007","Single",125,"Scss","Starts"
"24421",2007-12-01,"Dec 2007","Semi-Detached",54,"Scss","Starts"
"24421",2007-12-01,"Dec 2007","Row",21,"Scss","Starts"
"24421",2007-12-01,"Dec 2007","Apartment",85,"Scss","Starts"
"24421",2007-12-01,"Dec 2007","All",285,"Scss","Starts"
"24421",2008-01-01,"Jan 2008","Single",86,"Scss","Starts"
"24421",2008-01-01,"Jan 2008","Semi-Detached",30,"Scss","Starts"
"24421",2008-01-01,"Jan 2008","Row",13,"Scss","Starts"
"24421",2008-01-01,"Jan 2008","Apartment",282,"Scss","Starts"
"24421",2008-01-01,"Jan 2008","All",411,"Scss","Starts"
"24421",2008-02-01,"Feb 2008","Single",70,"Scss","Starts"
"24421",2008-02-01,"Feb 2008","Semi-Detached",12,"Scss","Starts"
"24421",2008-02-01,"Feb 2008","Row",0,"Scss","Starts"
"24421",2008-02-01,"Feb 2008","Apartment",54,"Scss","Starts"
"24421",2008-02-01,"Feb 2008","All",136,"Scss","Starts"
"24421",2008-03-01,"Mar 2008","Single",113,"Scss","Starts"
"24421",2008-03-01,"Mar 2008","Semi-Detached",20,"Scss","Starts"
"24421",2008-03-01,"Mar 2008","Row",10,"Scss","Starts"
"24421",2008-03-01,"Mar 2008","Apartment",179,"Scss","Starts"
"24421",2008-03-01,"Mar 2008","All",322,"Scss","Starts"
"24421",2008-04-01,"Apr 2008","Single",268,"Scss","Starts"
"24421",2008-04-01,"Apr 2008","Semi-Detached",48,"Scss","Starts"
"24421",2008-04-01,"Apr 2008","Row",18,"Scss","Starts"
"24421",2008-04-01,"Apr 2008","Apartment",500,"Scss","Starts"
"24421",2008-04-01,"Apr 2008","All",834,"Scss","Starts"
"24421",2008-05-01,"May 2008","Single",250,"Scss","Starts"
"24421",2008-05-01,"May 2008","Semi-Detached",46,"Scss","Starts"
"24421",2008-05-01,"May 2008","Row",40,"Scss","Starts"
"24421",2008-05-01,"May 2008","Apartment",357,"Scss","Starts"
"24421",2008-05-01,"May 2008","All",693,"Scss","Starts"
"24421",2008-06-01,"Jun 2008","Single",241,"Scss","Starts"
"24421",2008-06-01,"Jun 2008","Semi-Detached",92,"Scss","Starts"
"24421",2008-06-01,"Jun 2008","Row",20,"Scss","Starts"
"24421",2008-06-01,"Jun 2008","Apartment",274,"Scss","Starts"
"24421",2008-06-01,"Jun 2008","All",627,"Scss","Starts"
"24421",2008-07-01,"Jul 2008","Single",198,"Scss","Starts"
"24421",2008-07-01,"Jul 2008","Semi-Detached",38,"Scss","Starts"
"24421",2008-07-01,"Jul 2008","Row",18,"Scss","Starts"
"24421",2008-07-01,"Jul 2008","Apartment",99,"Scss","Starts"
"24421",2008-07-01,"Jul 2008","All",353,"Scss","Starts"
"24421",2008-08-01,"Aug 2008","Single",168,"Scss","Starts"
"24421",2008-08-01,"Aug 2008","Semi-Detached",24,"Scss","Starts"
"24421",2008-08-01,"Aug 2008","Row",26,"Scss","Starts"
"24421",2008-08-01,"Aug 2008","Apartment",107,"Scss","Starts"
"24421",2008-08-01,"Aug 2008","All",325,"Scss","Starts"
"24421",2008-09-01,"Sep 2008","Single",167,"Scss","Starts"
"24421",2008-09-01,"Sep 2008","Semi-Detached",44,"Scss","Starts"
"24421",2008-09-01,"Sep 2008","Row",19,"Scss","Starts"
"24421",2008-09-01,"Sep 2008","Apartment",98,"Scss","Starts"
"24421",2008-09-01,"Sep 2008","All",328,"Scss","Starts"
"24421",2008-10-01,"Oct 2008","Single",180,"Scss","Starts"
"24421",2008-10-01,"Oct 2008","Semi-Detached",50,"Scss","Starts"
"24421",2008-10-01,"Oct 2008","Row",16,"Scss","Starts"
"24421",2008-10-01,"Oct 2008","Apartment",477,"Scss","Starts"
"24421",2008-10-01,"Oct 2008","All",723,"Scss","Starts"
"24421",2008-11-01,"Nov 2008","Single",192,"Scss","Starts"
"24421",2008-11-01,"Nov 2008","Semi-Detached",44,"Scss","Starts"
"24421",2008-11-01,"Nov 2008","Row",0,"Scss","Starts"
"24421",2008-11-01,"Nov 2008","Apartment",121,"Scss","Starts"
"24421",2008-11-01,"Nov 2008","All",357,"Scss","Starts"
"24421",2008-12-01,"Dec 2008","Single",98,"Scss","Starts"
"24421",2008-12-01,"Dec 2008","Semi-Detached",48,"Scss","Starts"
"24421",2008-12-01,"Dec 2008","Row",3,"Scss","Starts"
"24421",2008-12-01,"Dec 2008","Apartment",199,"Scss","Starts"
"24421",2008-12-01,"Dec 2008","All",348,"Scss","Starts"
"24421",2009-01-01,"Jan 2009","Single",50,"Scss","Starts"
"24421",2009-01-01,"Jan 2009","Semi-Detached",8,"Scss","Starts"
"24421",2009-01-01,"Jan 2009","Row",0,"Scss","Starts"
"24421",2009-01-01,"Jan 2009","Apartment",42,"Scss","Starts"
"24421",2009-01-01,"Jan 2009","All",100,"Scss","Starts"
"24421",2009-02-01,"Feb 2009","Single",63,"Scss","Starts"
"24421",2009-02-01,"Feb 2009","Semi-Detached",60,"Scss","Starts"
"24421",2009-02-01,"Feb 2009","Row",4,"Scss","Starts"
"24421",2009-02-01,"Feb 2009","Apartment",64,"Scss","Starts"
"24421",2009-02-01,"Feb 2009","All",191,"Scss","Starts"
"24421",2009-03-01,"Mar 2009","Single",118,"Scss","Starts"
"24421",2009-03-01,"Mar 2009","Semi-Detached",24,"Scss","Starts"
"24421",2009-03-01,"Mar 2009","Row",8,"Scss","Starts"
"24421",2009-03-01,"Mar 2009","Apartment",50,"Scss","Starts"
"24421",2009-03-01,"Mar 2009","All",200,"Scss","Starts"
"24421",2009-04-01,"Apr 2009","Single",204,"Scss","Starts"
"24421",2009-04-01,"Apr 2009","Semi-Detached",68,"Scss","Starts"
"24421",2009-04-01,"Apr 2009","Row",10,"Scss","Starts"
"24421",2009-04-01,"Apr 2009","Apartment",185,"Scss","Starts"
"24421",2009-04-01,"Apr 2009","All",467,"Scss","Starts"
"24421",2009-05-01,"May 2009","Single",232,"Scss","Starts"
"24421",2009-05-01,"May 2009","Semi-Detached",80,"Scss","Starts"
"24421",2009-05-01,"May 2009","Row",37,"Scss","Starts"
"24421",2009-05-01,"May 2009","Apartment",346,"Scss","Starts"
"24421",2009-05-01,"May 2009","All",695,"Scss","Starts"
"24421",2009-06-01,"Jun 2009","Single",178,"Scss","Starts"
"24421",2009-06-01,"Jun 2009","Semi-Detached",70,"Scss","Starts"
"24421",2009-06-01,"Jun 2009","Row",36,"Scss","Starts"
"24421",2009-06-01,"Jun 2009","Apartment",216,"Scss","Starts"
"24421",2009-06-01,"Jun 2009","All",500,"Scss","Starts"
"24421",2009-07-01,"Jul 2009","Single",180,"Scss","Starts"
"24421",2009-07-01,"Jul 2009","Semi-Detached",34,"Scss","Starts"
"24421",2009-07-01,"Jul 2009","Row",20,"Scss","Starts"
"24421",2009-07-01,"Jul 2009","Apartment",358,"Scss","Starts"
"24421",2009-07-01,"Jul 2009","All",592,"Scss","Starts"
"24421",2009-08-01,"Aug 2009","Single",134,"Scss","Starts"
"24421",2009-08-01,"Aug 2009","Semi-Detached",22,"Scss","Starts"
"24421",2009-08-01,"Aug 2009","Row",5,"Scss","Starts"
"24421",2009-08-01,"Aug 2009","Apartment",518,"Scss","Starts"
"24421",2009-08-01,"Aug 2009","All",679,"Scss","Starts"
"24421",2009-09-01,"Sep 2009","Single",171,"Scss","Starts"
"24421",2009-09-01,"Sep 2009","Semi-Detached",64,"Scss","Starts"
"24421",2009-09-01,"Sep 2009","Row",17,"Scss","Starts"
"24421",2009-09-01,"Sep 2009","Apartment",237,"Scss","Starts"
"24421",2009-09-01,"Sep 2009","All",489,"Scss","Starts"
"24421",2009-10-01,"Oct 2009","Single",145,"Scss","Starts"
"24421",2009-10-01,"Oct 2009","Semi-Detached",52,"Scss","Starts"
"24421",2009-10-01,"Oct 2009","Row",8,"Scss","Starts"
"24421",2009-10-01,"Oct 2009","Apartment",288,"Scss","Starts"
"24421",2009-10-01,"Oct 2009","All",493,"Scss","Starts"
"24421",2009-11-01,"Nov 2009","Single",135,"Scss","Starts"
"24421",2009-11-01,"Nov 2009","Semi-Detached",50,"Scss","Starts"
"24421",2009-11-01,"Nov 2009","Row",21,"Scss","Starts"
"24421",2009-11-01,"Nov 2009","Apartment",348,"Scss","Starts"
"24421",2009-11-01,"Nov 2009","All",554,"Scss","Starts"
"24421",2009-12-01,"Dec 2009","Single",136,"Scss","Starts"
"24421",2009-12-01,"Dec 2009","Semi-Detached",80,"Scss","Starts"
"24421",2009-12-01,"Dec 2009","Row",16,"Scss","Starts"
"24421",2009-12-01,"Dec 2009","Apartment",321,"Scss","Starts"
"24421",2009-12-01,"Dec 2009","All",553,"Scss","Starts"
"24421",2010-01-01,"Jan 2010","Single",127,"Scss","Starts"
"24421",2010-01-01,"Jan 2010","Semi-Detached",78,"Scss","Starts"
"24421",2010-01-01,"Jan 2010","Row",20,"Scss","Starts"
"24421",2010-01-01,"Jan 2010","Apartment",108,"Scss","Starts"
"24421",2010-01-01,"Jan 2010","All",333,"Scss","Starts"
"24421",2010-02-01,"Feb 2010","Single",61,"Scss","Starts"
"24421",2010-02-01,"Feb 2010","Semi-Detached",50,"Scss","Starts"
"24421",2010-02-01,"Feb 2010","Row",8,"Scss","Starts"
"24421",2010-02-01,"Feb 2010","Apartment",215,"Scss","Starts"
"24421",2010-02-01,"Feb 2010","All",334,"Scss","Starts"
"24421",2010-03-01,"Mar 2010","Single",138,"Scss","Starts"
"24421",2010-03-01,"Mar 2010","Semi-Detached",52,"Scss","Starts"
"24421",2010-03-01,"Mar 2010","Row",7,"Scss","Starts"
"24421",2010-03-01,"Mar 2010","Apartment",261,"Scss","Starts"
"24421",2010-03-01,"Mar 2010","All",458,"Scss","Starts"
"24421",2010-04-01,"Apr 2010","Single",271,"Scss","Starts"
"24421",2010-04-01,"Apr 2010","Semi-Detached",76,"Scss","Starts"
"24421",2010-04-01,"Apr 2010","Row",66,"Scss","Starts"
"24421",2010-04-01,"Apr 2010","Apartment",353,"Scss","Starts"
"24421",2010-04-01,"Apr 2010","All",766,"Scss","Starts"
"24421",2010-05-01,"May 2010","Single",262,"Scss","Starts"
"24421",2010-05-01,"May 2010","Semi-Detached",132,"Scss","Starts"
"24421",2010-05-01,"May 2010","Row",25,"Scss","Starts"
"24421",2010-05-01,"May 2010","Apartment",220,"Scss","Starts"
"24421",2010-05-01,"May 2010","All",639,"Scss","Starts"
"24421",2010-06-01,"Jun 2010","Single",175,"Scss","Starts"
"24421",2010-06-01,"Jun 2010","Semi-Detached",94,"Scss","Starts"
"24421",2010-06-01,"Jun 2010","Row",27,"Scss","Starts"
"24421",2010-06-01,"Jun 2010","Apartment",349,"Scss","Starts"
"24421",2010-06-01,"Jun 2010","All",645,"Scss","Starts"
"24421",2010-07-01,"Jul 2010","Single",163,"Scss","Starts"
"24421",2010-07-01,"Jul 2010","Semi-Detached",36,"Scss","Starts"
"24421",2010-07-01,"Jul 2010","Row",23,"Scss","Starts"
"24421",2010-07-01,"Jul 2010","Apartment",450,"Scss","Starts"
"24421",2010-07-01,"Jul 2010","All",672,"Scss","Starts"
"24421",2010-08-01,"Aug 2010","Single",125,"Scss","Starts"
"24421",2010-08-01,"Aug 2010","Semi-Detached",46,"Scss","Starts"
"24421",2010-08-01,"Aug 2010","Row",35,"Scss","Starts"
"24421",2010-08-01,"Aug 2010","Apartment",226,"Scss","Starts"
"24421",2010-08-01,"Aug 2010","All",432,"Scss","Starts"
"24421",2010-09-01,"Sep 2010","Single",134,"Scss","Starts"
"24421",2010-09-01,"Sep 2010","Semi-Detached",70,"Scss","Starts"
"24421",2010-09-01,"Sep 2010","Row",11,"Scss","Starts"
"24421",2010-09-01,"Sep 2010","Apartment",369,"Scss","Starts"
"24421",2010-09-01,"Sep 2010","All",584,"Scss","Starts"
"24421",2010-10-01,"Oct 2010","Single",93,"Scss","Starts"
"24421",2010-10-01,"Oct 2010","Semi-Detached",46,"Scss","Starts"
"24421",2010-10-01,"Oct 2010","Row",21,"Scss","Starts"
"24421",2010-10-01,"Oct 2010","Apartment",352,"Scss","Starts"
"24421",2010-10-01,"Oct 2010","All",512,"Scss","Starts"
"24421",2010-11-01,"Nov 2010","Single",103,"Scss","Starts"
"24421",2010-11-01,"Nov 2010","Semi-Detached",54,"Scss","Starts"
"24421",2010-11-01,"Nov 2010","Row",17,"Scss","Starts"
"24421",2010-11-01,"Nov 2010","Apartment",560,"Scss","Starts"
"24421",2010-11-01,"Nov 2010","All",734,"Scss","Starts"
"24421",2010-12-01,"Dec 2010","Single",116,"Scss","Starts"
"24421",2010-12-01,"Dec 2010","Semi-Detached",84,"Scss","Starts"
"24421",2010-12-01,"Dec 2010","Row",7,"Scss","Starts"
"24421",2010-12-01,"Dec 2010","Apartment",336,"Scss","Starts"
"24421",2010-12-01,"Dec 2010","All",543,"Scss","Starts"
"24421",2011-01-01,"Jan 2011","Single",69,"Scss","Starts"
"24421",2011-01-01,"Jan 2011","Semi-Detached",28,"Scss","Starts"
"24421",2011-01-01,"Jan 2011","Row",32,"Scss","Starts"
"24421",2011-01-01,"Jan 2011","Apartment",440,"Scss","Starts"
"24421",2011-01-01,"Jan 2011","All",569,"Scss","Starts"
"24421",2011-02-01,"Feb 2011","Single",54,"Scss","Starts"
"24421",2011-02-01,"Feb 2011","Semi-Detached",22,"Scss","Starts"
"24421",2011-02-01,"Feb 2011","Row",43,"Scss","Starts"
"24421",2011-02-01,"Feb 2011","Apartment",136,"Scss","Starts"
"24421",2011-02-01,"Feb 2011","All",255,"Scss","Starts"
"24421",2011-03-01,"Mar 2011","Single",92,"Scss","Starts"
"24421",2011-03-01,"Mar 2011","Semi-Detached",70,"Scss","Starts"
"24421",2011-03-01,"Mar 2011","Row",14,"Scss","Starts"
"24421",2011-03-01,"Mar 2011","Apartment",110,"Scss","Starts"
"24421",2011-03-01,"Mar 2011","All",286,"Scss","Starts"
"24421",2011-04-01,"Apr 2011","Single",180,"Scss","Starts"
"24421",2011-04-01,"Apr 2011","Semi-Detached",128,"Scss","Starts"
"24421",2011-04-01,"Apr 2011","Row",27,"Scss","Starts"
"24421",2011-04-01,"Apr 2011","Apartment",80,"Scss","Starts"
"24421",2011-04-01,"Apr 2011","All",415,"Scss","Starts"
"24421",2011-05-01,"May 2011","Single",178,"Scss","Starts"
"24421",2011-05-01,"May 2011","Semi-Detached",60,"Scss","Starts"
"24421",2011-05-01,"May 2011","Row",48,"Scss","Starts"
"24421",2011-05-01,"May 2011","Apartment",524,"Scss","Starts"
"24421",2011-05-01,"May 2011","All",810,"Scss","Starts"
"24421",2011-06-01,"Jun 2011","Single",157,"Scss","Starts"
"24421",2011-06-01,"Jun 2011","Semi-Detached",86,"Scss","Starts"
"24421",2011-06-01,"Jun 2011","Row",3,"Scss","Starts"
"24421",2011-06-01,"Jun 2011","Apartment",306,"Scss","Starts"
"24421",2011-06-01,"Jun 2011","All",552,"Scss","Starts"
"24421",2011-07-01,"Jul 2011","Single",133,"Scss","Starts"
"24421",2011-07-01,"Jul 2011","Semi-Detached",74,"Scss","Starts"
"24421",2011-07-01,"Jul 2011","Row",30,"Scss","Starts"
"24421",2011-07-01,"Jul 2011","Apartment",228,"Scss","Starts"
"24421",2011-07-01,"Jul 2011","All",465,"Scss","Starts"
"24421",2011-08-01,"Aug 2011","Single",76,"Scss","Starts"
"24421",2011-08-01,"Aug 2011","Semi-Detached",38,"Scss","Starts"
"24421",2011-08-01,"Aug 2011","Row",28,"Scss","Starts"
"24421",2011-08-01,"Aug 2011","Apartment",58,"Scss","Starts"
"24421",2011-08-01,"Aug 2011","All",200,"Scss","Starts"
"24421",2011-09-01,"Sep 2011","Single",125,"Scss","Starts"
"24421",2011-09-01,"Sep 2011","Semi-Detached",78,"Scss","Starts"
"24421",2011-09-01,"Sep 2011","Row",12,"Scss","Starts"
"24421",2011-09-01,"Sep 2011","Apartment",299,"Scss","Starts"
"24421",2011-09-01,"Sep 2011","All",514,"Scss","Starts"
"24421",2011-10-01,"Oct 2011","Single",93,"Scss","Starts"
"24421",2011-10-01,"Oct 2011","Semi-Detached",42,"Scss","Starts"
"24421",2011-10-01,"Oct 2011","Row",0,"Scss","Starts"
"24421",2011-10-01,"Oct 2011","Apartment",250,"Scss","Starts"
"24421",2011-10-01,"Oct 2011","All",385,"Scss","Starts"
"24421",2011-11-01,"Nov 2011","Single",92,"Scss","Starts"
"24421",2011-11-01,"Nov 2011","Semi-Detached",116,"Scss","Starts"
"24421",2011-11-01,"Nov 2011","Row",10,"Scss","Starts"
"24421",2011-11-01,"Nov 2011","Apartment",173,"Scss","Starts"
"24421",2011-11-01,"Nov 2011","All",391,"Scss","Starts"
"24421",2011-12-01,"Dec 2011","Single",100,"Scss","Starts"
"24421",2011-12-01,"Dec 2011","Semi-Detached",82,"Scss","Starts"
"24421",2011-12-01,"Dec 2011","Row",11,"Scss","Starts"
"24421",2011-12-01,"Dec 2011","Apartment",410,"Scss","Starts"
"24421",2011-12-01,"Dec 2011","All",603,"Scss","Starts"
"24421",2012-01-01,"Jan 2012","Single",51,"Scss","Starts"
"24421",2012-01-01,"Jan 2012","Semi-Detached",10,"Scss","Starts"
"24421",2012-01-01,"Jan 2012","Row",13,"Scss","Starts"
"24421",2012-01-01,"Jan 2012","Apartment",53,"Scss","Starts"
"24421",2012-01-01,"Jan 2012","All",127,"Scss","Starts"
"24421",2012-02-01,"Feb 2012","Single",44,"Scss","Starts"
"24421",2012-02-01,"Feb 2012","Semi-Detached",18,"Scss","Starts"
"24421",2012-02-01,"Feb 2012","Row",35,"Scss","Starts"
"24421",2012-02-01,"Feb 2012","Apartment",135,"Scss","Starts"
"24421",2012-02-01,"Feb 2012","All",232,"Scss","Starts"
"24421",2012-03-01,"Mar 2012","Single",118,"Scss","Starts"
"24421",2012-03-01,"Mar 2012","Semi-Detached",40,"Scss","Starts"
"24421",2012-03-01,"Mar 2012","Row",36,"Scss","Starts"
"24421",2012-03-01,"Mar 2012","Apartment",250,"Scss","Starts"
"24421",2012-03-01,"Mar 2012","All",444,"Scss","Starts"
"24421",2012-04-01,"Apr 2012","Single",152,"Scss","Starts"
"24421",2012-04-01,"Apr 2012","Semi-Detached",54,"Scss","Starts"
"24421",2012-04-01,"Apr 2012","Row",44,"Scss","Starts"
"24421",2012-04-01,"Apr 2012","Apartment",638,"Scss","Starts"
"24421",2012-04-01,"Apr 2012","All",888,"Scss","Starts"
"24421",2012-05-01,"May 2012","Single",161,"Scss","Starts"
"24421",2012-05-01,"May 2012","Semi-Detached",40,"Scss","Starts"
"24421",2012-05-01,"May 2012","Row",50,"Scss","Starts"
"24421",2012-05-01,"May 2012","Apartment",219,"Scss","Starts"
"24421",2012-05-01,"May 2012","All",470,"Scss","Starts"
"24421",2012-06-01,"Jun 2012","Single",152,"Scss","Starts"
"24421",2012-06-01,"Jun 2012","Semi-Detached",50,"Scss","Starts"
"24421",2012-06-01,"Jun 2012","Row",47,"Scss","Starts"
"24421",2012-06-01,"Jun 2012","Apartment",603,"Scss","Starts"
"24421",2012-06-01,"Jun 2012","All",852,"Scss","Starts"
"24421",2012-07-01,"Jul 2012","Single",95,"Scss","Starts"
"24421",2012-07-01,"Jul 2012","Semi-Detached",42,"Scss","Starts"
"24421",2012-07-01,"Jul 2012","Row",8,"Scss","Starts"
"24421",2012-07-01,"Jul 2012","Apartment",629,"Scss","Starts"
"24421",2012-07-01,"Jul 2012","All",774,"Scss","Starts"
"24421",2012-08-01,"Aug 2012","Single",75,"Scss","Starts"
"24421",2012-08-01,"Aug 2012","Semi-Detached",46,"Scss","Starts"
"24421",2012-08-01,"Aug 2012","Row",19,"Scss","Starts"
"24421",2012-08-01,"Aug 2012","Apartment",247,"Scss","Starts"
"24421",2012-08-01,"Aug 2012","All",387,"Scss","Starts"
"24421",2012-09-01,"Sep 2012","Single",90,"Scss","Starts"
"24421",2012-09-01,"Sep 2012","Semi-Detached",44,"Scss","Starts"
"24421",2012-09-01,"Sep 2012","Row",17,"Scss","Starts"
"24421",2012-09-01,"Sep 2012","Apartment",583,"Scss","Starts"
"24421",2012-09-01,"Sep 2012","All",734,"Scss","Starts"
"24421",2012-10-01,"Oct 2012","Single",92,"Scss","Starts"
"24421",2012-10-01,"Oct 2012","Semi-Detached",30,"Scss","Starts"
"24421",2012-10-01,"Oct 2012","Row",24,"Scss","Starts"
"24421",2012-10-01,"Oct 2012","Apartment",118,"Scss","Starts"
"24421",2012-10-01,"Oct 2012","All",264,"Scss","Starts"
"24421",2012-11-01,"Nov 2012","Single",132,"Scss","Starts"
"24421",2012-11-01,"Nov 2012","Semi-Detached",90,"Scss","Starts"
"24421",2012-11-01,"Nov 2012","Row",6,"Scss","Starts"
"24421",2012-11-01,"Nov 2012","Apartment",442,"Scss","Starts"
"24421",2012-11-01,"Nov 2012","All",670,"Scss","Starts"
"24421",2012-12-01,"Dec 2012","Single",96,"Scss","Starts"
"24421",2012-12-01,"Dec 2012","Semi-Detached",58,"Scss","Starts"
"24421",2012-12-01,"Dec 2012","Row",7,"Scss","Starts"
"24421",2012-12-01,"Dec 2012","Apartment",413,"Scss","Starts"
"24421",2012-12-01,"Dec 2012","All",574,"Scss","Starts"
"24421",2013-01-01,"Jan 2013","Single",19,"Scss","Starts"
"24421",2013-01-01,"Jan 2013","Semi-Detached",20,"Scss","Starts"
"24421",2013-01-01,"Jan 2013","Row",11,"Scss","Starts"
"24421",2013-01-01,"Jan 2013","Apartment",373,"Scss","Starts"
"24421",2013-01-01,"Jan 2013","All",423,"Scss","Starts"
"24421",2013-02-01,"Feb 2013","Single",49,"Scss","Starts"
"24421",2013-02-01,"Feb 2013","Semi-Detached",36,"Scss","Starts"
"24421",2013-02-01,"Feb 2013","Row",0,"Scss","Starts"
"24421",2013-02-01,"Feb 2013","Apartment",171,"Scss","Starts"
"24421",2013-02-01,"Feb 2013","All",256,"Scss","Starts"
"24421",2013-03-01,"Mar 2013","Single",68,"Scss","Starts"
"24421",2013-03-01,"Mar 2013","Semi-Detached",46,"Scss","Starts"
"24421",2013-03-01,"Mar 2013","Row",20,"Scss","Starts"
"24421",2013-03-01,"Mar 2013","Apartment",243,"Scss","Starts"
"24421",2013-03-01,"Mar 2013","All",377,"Scss","Starts"
"24421",2013-04-01,"Apr 2013","Single",118,"Scss","Starts"
"24421",2013-04-01,"Apr 2013","Semi-Detached",58,"Scss","Starts"
"24421",2013-04-01,"Apr 2013","Row",20,"Scss","Starts"
"24421",2013-04-01,"Apr 2013","Apartment",282,"Scss","Starts"
"24421",2013-04-01,"Apr 2013","All",478,"Scss","Starts"
"24421",2013-05-01,"May 2013","Single",126,"Scss","Starts"
"24421",2013-05-01,"May 2013","Semi-Detached",46,"Scss","Starts"
"24421",2013-05-01,"May 2013","Row",12,"Scss","Starts"
"24421",2013-05-01,"May 2013","Apartment",299,"Scss","Starts"
"24421",2013-05-01,"May 2013","All",483,"Scss","Starts"
"24421",2013-06-01,"Jun 2013","Single",113,"Scss","Starts"
"24421",2013-06-01,"Jun 2013","Semi-Detached",38,"Scss","Starts"
"24421",2013-06-01,"Jun 2013","Row",5,"Scss","Starts"
"24421",2013-06-01,"Jun 2013","Apartment",114,"Scss","Starts"
"24421",2013-06-01,"Jun 2013","All",270,"Scss","Starts"
"24421",2013-07-01,"Jul 2013","Single",92,"Scss","Starts"
"24421",2013-07-01,"Jul 2013","Semi-Detached",30,"Scss","Starts"
"24421",2013-07-01,"Jul 2013","Row",8,"Scss","Starts"
"24421",2013-07-01,"Jul 2013","Apartment",299,"Scss","Starts"
"24421",2013-07-01,"Jul 2013","All",429,"Scss","Starts"
"24421",2013-08-01,"Aug 2013","Single",61,"Scss","Starts"
"24421",2013-08-01,"Aug 2013","Semi-Detached",20,"Scss","Starts"
"24421",2013-08-01,"Aug 2013","Row",6,"Scss","Starts"
"24421",2013-08-01,"Aug 2013","Apartment",106,"Scss","Starts"
"24421",2013-08-01,"Aug 2013","All",193,"Scss","Starts"
"24421",2013-09-01,"Sep 2013","Single",108,"Scss","Starts"
"24421",2013-09-01,"Sep 2013","Semi-Detached",72,"Scss","Starts"
"24421",2013-09-01,"Sep 2013","Row",13,"Scss","Starts"
"24421",2013-09-01,"Sep 2013","Apartment",301,"Scss","Starts"
"24421",2013-09-01,"Sep 2013","All",494,"Scss","Starts"
"24421",2013-10-01,"Oct 2013","Single",61,"Scss","Starts"
"24421",2013-10-01,"Oct 2013","Semi-Detached",44,"Scss","Starts"
"24421",2013-10-01,"Oct 2013","Row",3,"Scss","Starts"
"24421",2013-10-01,"Oct 2013","Apartment",388,"Scss","Starts"
"24421",2013-10-01,"Oct 2013","All",496,"Scss","Starts"
"24421",2013-11-01,"Nov 2013","Single",79,"Scss","Starts"
"24421",2013-11-01,"Nov 2013","Semi-Detached",50,"Scss","Starts"
"24421",2013-11-01,"Nov 2013","Row",9,"Scss","Starts"
"24421",2013-11-01,"Nov 2013","Apartment",294,"Scss","Starts"
"24421",2013-11-01,"Nov 2013","All",432,"Scss","Starts"
"24421",2013-12-01,"Dec 2013","Single",67,"Scss","Starts"
"24421",2013-12-01,"Dec 2013","Semi-Detached",66,"Scss","Starts"
"24421",2013-12-01,"Dec 2013","Row",17,"Scss","Starts"
"24421",2013-12-01,"Dec 2013","Apartment",199,"Scss","Starts"
"24421",2013-12-01,"Dec 2013","All",349,"Scss","Starts"
"24421",2014-01-01,"Jan 2014","Single",22,"Scss","Starts"
"24421",2014-01-01,"Jan 2014","Semi-Detached",22,"Scss","Starts"
"24421",2014-01-01,"Jan 2014","Row",0,"Scss","Starts"
"24421",2014-01-01,"Jan 2014","Apartment",147,"Scss","Starts"
"24421",2014-01-01,"Jan 2014","All",191,"Scss","Starts"
"24421",2014-02-01,"Feb 2014","Single",36,"Scss","Starts"
"24421",2014-02-01,"Feb 2014","Semi-Detached",34,"Scss","Starts"
"24421",2014-02-01,"Feb 2014","Row",0,"Scss","Starts"
"24421",2014-02-01,"Feb 2014","Apartment",47,"Scss","Starts"
"24421",2014-02-01,"Feb 2014","All",117,"Scss","Starts"
"24421",2014-03-01,"Mar 2014","Single",64,"Scss","Starts"
"24421",2014-03-01,"Mar 2014","Semi-Detached",66,"Scss","Starts"
"24421",2014-03-01,"Mar 2014","Row",8,"Scss","Starts"
"24421",2014-03-01,"Mar 2014","Apartment",80,"Scss","Starts"
"24421",2014-03-01,"Mar 2014","All",218,"Scss","Starts"
"24421",2014-04-01,"Apr 2014","Single",110,"Scss","Starts"
"24421",2014-04-01,"Apr 2014","Semi-Detached",100,"Scss","Starts"
"24421",2014-04-01,"Apr 2014","Row",6,"Scss","Starts"
"24421",2014-04-01,"Apr 2014","Apartment",236,"Scss","Starts"
"24421",2014-04-01,"Apr 2014","All",452,"Scss","Starts"
"24421",2014-05-01,"May 2014","Single",131,"Scss","Starts"
"24421",2014-05-01,"May 2014","Semi-Detached",62,"Scss","Starts"
"24421",2014-05-01,"May 2014","Row",6,"Scss","Starts"
"24421",2014-05-01,"May 2014","Apartment",501,"Scss","Starts"
"24421",2014-05-01,"May 2014","All",700,"Scss","Starts"
"24421",2014-06-01,"Jun 2014","Single",119,"Scss","Starts"
"24421",2014-06-01,"Jun 2014","Semi-Detached",38,"Scss","Starts"
"24421",2014-06-01,"Jun 2014","Row",14,"Scss","Starts"
"24421",2014-06-01,"Jun 2014","Apartment",89,"Scss","Starts"
"24421",2014-06-01,"Jun 2014","All",260,"Scss","Starts"
"24421",2014-07-01,"Jul 2014","Single",80,"Scss","Starts"
"24421",2014-07-01,"Jul 2014","Semi-Detached",32,"Scss","Starts"
"24421",2014-07-01,"Jul 2014","Row",25,"Scss","Starts"
"24421",2014-07-01,"Jul 2014","Apartment",54,"Scss","Starts"
"24421",2014-07-01,"Jul 2014","All",191,"Scss","Starts"
"24421",2014-08-01,"Aug 2014","Single",57,"Scss","Starts"
"24421",2014-08-01,"Aug 2014","Semi-Detached",18,"Scss","Starts"
"24421",2014-08-01,"Aug 2014","Row",9,"Scss","Starts"
"24421",2014-08-01,"Aug 2014","Apartment",352,"Scss","Starts"
"24421",2014-08-01,"Aug 2014","All",436,"Scss","Starts"
"24421",2014-09-01,"Sep 2014","Single",69,"Scss","Starts"
"24421",2014-09-01,"Sep 2014","Semi-Detached",70,"Scss","Starts"
"24421",2014-09-01,"Sep 2014","Row",10,"Scss","Starts"
"24421",2014-09-01,"Sep 2014","Apartment",761,"Scss","Starts"
"24421",2014-09-01,"Sep 2014","All",910,"Scss","Starts"
"24421",2014-10-01,"Oct 2014","Single",85,"Scss","Starts"
"24421",2014-10-01,"Oct 2014","Semi-Detached",52,"Scss","Starts"
"24421",2014-10-01,"Oct 2014","Row",7,"Scss","Starts"
"24421",2014-10-01,"Oct 2014","Apartment",124,"Scss","Starts"
"24421",2014-10-01,"Oct 2014","All",268,"Scss","Starts"
"24421",2014-11-01,"Nov 2014","Single",72,"Scss","Starts"
"24421",2014-11-01,"Nov 2014","Semi-Detached",66,"Scss","Starts"
"24421",2014-11-01,"Nov 2014","Row",10,"Scss","Starts"
"24421",2014-11-01,"Nov 2014","Apartment",216,"Scss","Starts"
"24421",2014-11-01,"Nov 2014","All",364,"Scss","Starts"
"24421",2014-12-01,"Dec 2014","Single",42,"Scss","Starts"
"24421",2014-12-01,"Dec 2014","Semi-Detached",58,"Scss","Starts"
"24421",2014-12-01,"Dec 2014","Row",6,"Scss","Starts"
"24421",2014-12-01,"Dec 2014","Apartment",236,"Scss","Starts"
"24421",2014-12-01,"Dec 2014","All",342,"Scss","Starts"
"24421",2015-01-01,"Jan 2015","Single",26,"Scss","Starts"
"24421",2015-01-01,"Jan 2015","Semi-Detached",8,"Scss","Starts"
"24421",2015-01-01,"Jan 2015","Row",0,"Scss","Starts"
"24421",2015-01-01,"Jan 2015","Apartment",51,"Scss","Starts"
"24421",2015-01-01,"Jan 2015","All",85,"Scss","Starts"
"24421",2015-02-01,"Feb 2015","Single",40,"Scss","Starts"
"24421",2015-02-01,"Feb 2015","Semi-Detached",24,"Scss","Starts"
"24421",2015-02-01,"Feb 2015","Row",0,"Scss","Starts"
"24421",2015-02-01,"Feb 2015","Apartment",319,"Scss","Starts"
"24421",2015-02-01,"Feb 2015","All",383,"Scss","Starts"
"24421",2015-03-01,"Mar 2015","Single",55,"Scss","Starts"
"24421",2015-03-01,"Mar 2015","Semi-Detached",36,"Scss","Starts"
"24421",2015-03-01,"Mar 2015","Row",3,"Scss","Starts"
"24421",2015-03-01,"Mar 2015","Apartment",296,"Scss","Starts"
"24421",2015-03-01,"Mar 2015","All",390,"Scss","Starts"
"24421",2015-04-01,"Apr 2015","Single",115,"Scss","Starts"
"24421",2015-04-01,"Apr 2015","Semi-Detached",56,"Scss","Starts"
"24421",2015-04-01,"Apr 2015","Row",7,"Scss","Starts"
"24421",2015-04-01,"Apr 2015","Apartment",251,"Scss","Starts"
"24421",2015-04-01,"Apr 2015","All",429,"Scss","Starts"
"24421",2015-05-01,"May 2015","Single",105,"Scss","Starts"
"24421",2015-05-01,"May 2015","Semi-Detached",34,"Scss","Starts"
"24421",2015-05-01,"May 2015","Row",18,"Scss","Starts"
"24421",2015-05-01,"May 2015","Apartment",585,"Scss","Starts"
"24421",2015-05-01,"May 2015","All",742,"Scss","Starts"
"24421",2015-06-01,"Jun 2015","Single",79,"Scss","Starts"
"24421",2015-06-01,"Jun 2015","Semi-Detached",48,"Scss","Starts"
"24421",2015-06-01,"Jun 2015","Row",0,"Scss","Starts"
"24421",2015-06-01,"Jun 2015","Apartment",280,"Scss","Starts"
"24421",2015-06-01,"Jun 2015","All",407,"Scss","Starts"
"24421",2015-07-01,"Jul 2015","Single",67,"Scss","Starts"
"24421",2015-07-01,"Jul 2015","Semi-Detached",32,"Scss","Starts"
"24421",2015-07-01,"Jul 2015","Row",5,"Scss","Starts"
"24421",2015-07-01,"Jul 2015","Apartment",291,"Scss","Starts"
"24421",2015-07-01,"Jul 2015","All",395,"Scss","Starts"
"24421",2015-08-01,"Aug 2015","Single",74,"Scss","Starts"
"24421",2015-08-01,"Aug 2015","Semi-Detached",26,"Scss","Starts"
"24421",2015-08-01,"Aug 2015","Row",4,"Scss","Starts"
"24421",2015-08-01,"Aug 2015","Apartment",567,"Scss","Starts"
"24421",2015-08-01,"Aug 2015","All",671,"Scss","Starts"
"24421",2015-09-01,"Sep 2015","Single",76,"Scss","Starts"
"24421",2015-09-01,"Sep 2015","Semi-Detached",32,"Scss","Starts"
"24421",2015-09-01,"Sep 2015","Row",11,"Scss","Starts"
"24421",2015-09-01,"Sep 2015","Apartment",427,"Scss","Starts"
"24421",2015-09-01,"Sep 2015","All",546,"Scss","Starts"
"24421",2015-10-01,"Oct 2015","Single",54,"Scss","Starts"
"24421",2015-10-01,"Oct 2015","Semi-Detached",18,"Scss","Starts"
"24421",2015-10-01,"Oct 2015","Row",4,"Scss","Starts"
"24421",2015-10-01,"Oct 2015","Apartment",198,"Scss","Starts"
"24421",2015-10-01,"Oct 2015","All",274,"Scss","Starts"
"24421",2015-11-01,"Nov 2015","Single",60,"Scss","Starts"
"24421",2015-11-01,"Nov 2015","Semi-Detached",30,"Scss","Starts"
"24421",2015-11-01,"Nov 2015","Row",19,"Scss","Starts"
"24421",2015-11-01,"Nov 2015","Apartment",289,"Scss","Starts"
"24421",2015-11-01,"Nov 2015","All",398,"Scss","Starts"
"24421",2015-12-01,"Dec 2015","Single",75,"Scss","Starts"
"24421",2015-12-01,"Dec 2015","Semi-Detached",24,"Scss","Starts"
"24421",2015-12-01,"Dec 2015","Row",22,"Scss","Starts"
"24421",2015-12-01,"Dec 2015","Apartment",601,"Scss","Starts"
"24421",2015-12-01,"Dec 2015","All",722,"Scss","Starts"
"24421",2016-01-01,"Jan 2016","Single",33,"Scss","Starts"
"24421",2016-01-01,"Jan 2016","Semi-Detached",10,"Scss","Starts"
"24421",2016-01-01,"Jan 2016","Row",8,"Scss","Starts"
"24421",2016-01-01,"Jan 2016","Apartment",26,"Scss","Starts"
"24421",2016-01-01,"Jan 2016","All",77,"Scss","Starts"
"24421",2016-02-01,"Feb 2016","Single",27,"Scss","Starts"
"24421",2016-02-01,"Feb 2016","Semi-Detached",30,"Scss","Starts"
"24421",2016-02-01,"Feb 2016","Row",5,"Scss","Starts"
"24421",2016-02-01,"Feb 2016","Apartment",199,"Scss","Starts"
"24421",2016-02-01,"Feb 2016","All",261,"Scss","Starts"
"24421",2016-03-01,"Mar 2016","Single",49,"Scss","Starts"
"24421",2016-03-01,"Mar 2016","Semi-Detached",48,"Scss","Starts"
"24421",2016-03-01,"Mar 2016","Row",0,"Scss","Starts"
"24421",2016-03-01,"Mar 2016","Apartment",120,"Scss","Starts"
"24421",2016-03-01,"Mar 2016","All",217,"Scss","Starts"
"24421",2016-04-01,"Apr 2016","Single",83,"Scss","Starts"
"24421",2016-04-01,"Apr 2016","Semi-Detached",66,"Scss","Starts"
"24421",2016-04-01,"Apr 2016","Row",24,"Scss","Starts"
"24421",2016-04-01,"Apr 2016","Apartment",243,"Scss","Starts"
"24421",2016-04-01,"Apr 2016","All",416,"Scss","Starts"
"24421",2016-05-01,"May 2016","Single",121,"Scss","Starts"
"24421",2016-05-01,"May 2016","Semi-Detached",66,"Scss","Starts"
"24421",2016-05-01,"May 2016","Row",21,"Scss","Starts"
"24421",2016-05-01,"May 2016","Apartment",413,"Scss","Starts"
"24421",2016-05-01,"May 2016","All",621,"Scss","Starts"
"24421",2016-06-01,"Jun 2016","Single",84,"Scss","Starts"
"24421",2016-06-01,"Jun 2016","Semi-Detached",40,"Scss","Starts"
"24421",2016-06-01,"Jun 2016","Row",14,"Scss","Starts"
"24421",2016-06-01,"Jun 2016","Apartment",413,"Scss","Starts"
"24421",2016-06-01,"Jun 2016","All",551,"Scss","Starts"
"24421",2016-07-01,"Jul 2016","Single",64,"Scss","Starts"
"24421",2016-07-01,"Jul 2016","Semi-Detached",32,"Scss","Starts"
"24421",2016-07-01,"Jul 2016","Row",27,"Scss","Starts"
"24421",2016-07-01,"Jul 2016","Apartment",369,"Scss","Starts"
"24421",2016-07-01,"Jul 2016","All",492,"Scss","Starts"
"24421",2016-08-01,"Aug 2016","Single",68,"Scss","Starts"
"24421",2016-08-01,"Aug 2016","Semi-Detached",10,"Scss","Starts"
"24421",2016-08-01,"Aug 2016","Row",0,"Scss","Starts"
"24421",2016-08-01,"Aug 2016","Apartment",70,"Scss","Starts"
"24421",2016-08-01,"Aug 2016","All",148,"Scss","Starts"
"24421",2016-09-01,"Sep 2016","Single",93,"Scss","Starts"
"24421",2016-09-01,"Sep 2016","Semi-Detached",38,"Scss","Starts"
"24421",2016-09-01,"Sep 2016","Row",72,"Scss","Starts"
"24421",2016-09-01,"Sep 2016","Apartment",531,"Scss","Starts"
"24421",2016-09-01,"Sep 2016","All",734,"Scss","Starts"
"24421",2016-10-01,"Oct 2016","Single",110,"Scss","Starts"
"24421",2016-10-01,"Oct 2016","Semi-Detached",20,"Scss","Starts"
"24421",2016-10-01,"Oct 2016","Row",7,"Scss","Starts"
"24421",2016-10-01,"Oct 2016","Apartment",297,"Scss","Starts"
"24421",2016-10-01,"Oct 2016","All",434,"Scss","Starts"
"24421",2016-11-01,"Nov 2016","Single",90,"Scss","Starts"
"24421",2016-11-01,"Nov 2016","Semi-Detached",40,"Scss","Starts"
"24421",2016-11-01,"Nov 2016","Row",11,"Scss","Starts"
"24421",2016-11-01,"Nov 2016","Apartment",358,"Scss","Starts"
"24421",2016-11-01,"Nov 2016","All",499,"Scss","Starts"
"24421",2016-12-01,"Dec 2016","Single",51,"Scss","Starts"
"24421",2016-12-01,"Dec 2016","Semi-Detached",22,"Scss","Starts"
"24421",2016-12-01,"Dec 2016","Row",55,"Scss","Starts"
"24421",2016-12-01,"Dec 2016","Apartment",188,"Scss","Starts"
"24421",2016-12-01,"Dec 2016","All",316,"Scss","Starts"
"24421",2017-01-01,"Jan 2017","Single",28,"Scss","Starts"
"24421",2017-01-01,"Jan 2017","Semi-Detached",30,"Scss","Starts"
"24421",2017-01-01,"Jan 2017","Row",16,"Scss","Starts"
"24421",2017-01-01,"Jan 2017","Apartment",124,"Scss","Starts"
"24421",2017-01-01,"Jan 2017","All",198,"Scss","Starts"
"24421",2017-02-01,"Feb 2017","Single",29,"Scss","Starts"
"24421",2017-02-01,"Feb 2017","Semi-Detached",26,"Scss","Starts"
"24421",2017-02-01,"Feb 2017","Row",0,"Scss","Starts"
"24421",2017-02-01,"Feb 2017","Apartment",55,"Scss","Starts"
"24421",2017-02-01,"Feb 2017","All",110,"Scss","Starts"
"24421",2017-03-01,"Mar 2017","Single",53,"Scss","Starts"
"24421",2017-03-01,"Mar 2017","Semi-Detached",44,"Scss","Starts"
"24421",2017-03-01,"Mar 2017","Row",9,"Scss","Starts"
"24421",2017-03-01,"Mar 2017","Apartment",146,"Scss","Starts"
"24421",2017-03-01,"Mar 2017","All",252,"Scss","Starts"
"24421",2017-04-01,"Apr 2017","Single",93,"Scss","Starts"
"24421",2017-04-01,"Apr 2017","Semi-Detached",54,"Scss","Starts"
"24421",2017-04-01,"Apr 2017","Row",22,"Scss","Starts"
"24421",2017-04-01,"Apr 2017","Apartment",444,"Scss","Starts"
"24421",2017-04-01,"Apr 2017","All",613,"Scss","Starts"
"24421",2017-05-01,"May 2017","Single",78,"Scss","Starts"
"24421",2017-05-01,"May 2017","Semi-Detached",68,"Scss","Starts"
"24421",2017-05-01,"May 2017","Row",10,"Scss","Starts"
"24421",2017-05-01,"May 2017","Apartment",214,"Scss","Starts"
"24421",2017-05-01,"May 2017","All",370,"Scss","Starts"
"24421",2017-06-01,"Jun 2017","Single",107,"Scss","Starts"
"24421",2017-06-01,"Jun 2017","Semi-Detached",54,"Scss","Starts"
"24421",2017-06-01,"Jun 2017","Row",33,"Scss","Starts"
"24421",2017-06-01,"Jun 2017","Apartment",1031,"Scss","Starts"
"24421",2017-06-01,"Jun 2017","All",1225,"Scss","Starts"
"24421",2017-07-01,"Jul 2017","Single",118,"Scss","Starts"
"24421",2017-07-01,"Jul 2017","Semi-Detached",62,"Scss","Starts"
"24421",2017-07-01,"Jul 2017","Row",6,"Scss","Starts"
"24421",2017-07-01,"Jul 2017","Apartment",296,"Scss","Starts"
"24421",2017-07-01,"Jul 2017","All",482,"Scss","Starts"
"24421",2017-08-01,"Aug 2017","Single",66,"Scss","Starts"
"24421",2017-08-01,"Aug 2017","Semi-Detached",20,"Scss","Starts"
"24421",2017-08-01,"Aug 2017","Row",0,"Scss","Starts"
"24421",2017-08-01,"Aug 2017","Apartment",559,"Scss","Starts"
"24421",2017-08-01,"Aug 2017","All",645,"Scss","Starts"
"24421",2017-09-01,"Sep 2017","Single",64,"Scss","Starts"
"24421",2017-09-01,"Sep 2017","Semi-Detached",36,"Scss","Starts"
"24421",2017-09-01,"Sep 2017","Row",13,"Scss","Starts"
"24421",2017-09-01,"Sep 2017","Apartment",820,"Scss","Starts"
"24421",2017-09-01,"Sep 2017","All",933,"Scss","Starts"
"24421",2017-10-01,"Oct 2017","Single",56,"Scss","Starts"
"24421",2017-10-01,"Oct 2017","Semi-Detached",18,"Scss","Starts"
"24421",2017-10-01,"Oct 2017","Row",22,"Scss","Starts"
"24421",2017-10-01,"Oct 2017","Apartment",233,"Scss","Starts"
"24421",2017-10-01,"Oct 2017","All",329,"Scss","Starts"
"24421",2017-11-01,"Nov 2017","Single",66,"Scss","Starts"
"24421",2017-11-01,"Nov 2017","Semi-Detached",56,"Scss","Starts"
"24421",2017-11-01,"Nov 2017","Row",7,"Scss","Starts"
"24421",2017-11-01,"Nov 2017","Apartment",912,"Scss","Starts"
"24421",2017-11-01,"Nov 2017","All",1041,"Scss","Starts"
"24421",2017-12-01,"Dec 2017","Single",52,"Scss","Starts"
"24421",2017-12-01,"Dec 2017","Semi-Detached",40,"Scss","Starts"
"24421",2017-12-01,"Dec 2017","Row",21,"Scss","Starts"
"24421",2017-12-01,"Dec 2017","Apartment",329,"Scss","Starts"
"24421",2017-12-01,"Dec 2017","All",442,"Scss","Starts"
"24421",2018-01-01,"Jan 2018","Single",22,"Scss","Starts"
"24421",2018-01-01,"Jan 2018","Semi-Detached",18,"Scss","Starts"
"24421",2018-01-01,"Jan 2018","Row",3,"Scss","Starts"
"24421",2018-01-01,"Jan 2018","Apartment",200,"Scss","Starts"
"24421",2018-01-01,"Jan 2018","All",243,"Scss","Starts"
"24421",2018-02-01,"Feb 2018","Single",10,"Scss","Starts"
"24421",2018-02-01,"Feb 2018","Semi-Detached",16,"Scss","Starts"
"24421",2018-02-01,"Feb 2018","Row",4,"Scss","Starts"
"24421",2018-02-01,"Feb 2018","Apartment",22,"Scss","Starts"
"24421",2018-02-01,"Feb 2018","All",52,"Scss","Starts"
"24421",2018-03-01,"Mar 2018","Single",71,"Scss","Starts"
"24421",2018-03-01,"Mar 2018","Semi-Detached",44,"Scss","Starts"
"24421",2018-03-01,"Mar 2018","Row",27,"Scss","Starts"
"24421",2018-03-01,"Mar 2018","Apartment",411,"Scss","Starts"
"24421",2018-03-01,"Mar 2018","All",553,"Scss","Starts"
"24421",2018-04-01,"Apr 2018","Single",83,"Scss","Starts"
"24421",2018-04-01,"Apr 2018","Semi-Detached",106,"Scss","Starts"
"24421",2018-04-01,"Apr 2018","Row",11,"Scss","Starts"
"24421",2018-04-01,"Apr 2018","Apartment",105,"Scss","Starts"
"24421",2018-04-01,"Apr 2018","All",305,"Scss","Starts"
"24421",2018-05-01,"May 2018","Single",78,"Scss","Starts"
"24421",2018-05-01,"May 2018","Semi-Detached",86,"Scss","Starts"
"24421",2018-05-01,"May 2018","Row",16,"Scss","Starts"
"24421",2018-05-01,"May 2018","Apartment",345,"Scss","Starts"
"24421",2018-05-01,"May 2018","All",525,"Scss","Starts"
"24421",2018-06-01,"Jun 2018","Single",95,"Scss","Starts"
"24421",2018-06-01,"Jun 2018","Semi-Detached",24,"Scss","Starts"
"24421",2018-06-01,"Jun 2018","Row",11,"Scss","Starts"
"24421",2018-06-01,"Jun 2018","Apartment",777,"Scss","Starts"
"24421",2018-06-01,"Jun 2018","All",907,"Scss","Starts"
"24421",2018-07-01,"Jul 2018","Single",70,"Scss","Starts"
"24421",2018-07-01,"Jul 2018","Semi-Detached",34,"Scss","Starts"
"24421",2018-07-01,"Jul 2018","Row",23,"Scss","Starts"
"24421",2018-07-01,"Jul 2018","Apartment",209,"Scss","Starts"
"24421",2018-07-01,"Jul 2018","All",336,"Scss","Starts"
"24421",2018-08-01,"Aug 2018","Single",52,"Scss","Starts"
"24421",2018-08-01,"Aug 2018","Semi-Detached",24,"Scss","Starts"
"24421",2018-08-01,"Aug 2018","Row",3,"Scss","Starts"
"24421",2018-08-01,"Aug 2018","Apartment",138,"Scss","Starts"
"24421",2018-08-01,"Aug 2018","All",217,"Scss","Starts"
"24421",2018-09-01,"Sep 2018","Single",68,"Scss","Starts"
"24421",2018-09-01,"Sep 2018","Semi-Detached",50,"Scss","Starts"
"24421",2018-09-01,"Sep 2018","Row",13,"Scss","Starts"
"24421",2018-09-01,"Sep 2018","Apartment",457,"Scss","Starts"
"24421",2018-09-01,"Sep 2018","All",588,"Scss","Starts"
"24421",2018-10-01,"Oct 2018","Single",75,"Scss","Starts"
"24421",2018-10-01,"Oct 2018","Semi-Detached",12,"Scss","Starts"
"24421",2018-10-01,"Oct 2018","Row",6,"Scss","Starts"
"24421",2018-10-01,"Oct 2018","Apartment",285,"Scss","Starts"
"24421",2018-10-01,"Oct 2018","All",378,"Scss","Starts"
"24421",2018-11-01,"Nov 2018","Single",94,"Scss","Starts"
"24421",2018-11-01,"Nov 2018","Semi-Detached",48,"Scss","Starts"
"24421",2018-11-01,"Nov 2018","Row",24,"Scss","Starts"
"24421",2018-11-01,"Nov 2018","Apartment",404,"Scss","Starts"
"24421",2018-11-01,"Nov 2018","All",570,"Scss","Starts"
"24421",2018-12-01,"Dec 2018","Single",29,"Scss","Starts"
"24421",2018-12-01,"Dec 2018","Semi-Detached",34,"Scss","Starts"
"24421",2018-12-01,"Dec 2018","Row",20,"Scss","Starts"
"24421",2018-12-01,"Dec 2018","Apartment",598,"Scss","Starts"
"24421",2018-12-01,"Dec 2018","All",681,"Scss","Starts"
"24421",2019-01-01,"Jan 2019","Single",13,"Scss","Starts"
"24421",2019-01-01,"Jan 2019","Semi-Detached",12,"Scss","Starts"
"24421",2019-01-01,"Jan 2019","Row",3,"Scss","Starts"
"24421",2019-01-01,"Jan 2019","Apartment",79,"Scss","Starts"
"24421",2019-01-01,"Jan 2019","All",107,"Scss","Starts"
"24421",2019-02-01,"Feb 2019","Single",24,"Scss","Starts"
"24421",2019-02-01,"Feb 2019","Semi-Detached",24,"Scss","Starts"
"24421",2019-02-01,"Feb 2019","Row",4,"Scss","Starts"
"24421",2019-02-01,"Feb 2019","Apartment",55,"Scss","Starts"
"24421",2019-02-01,"Feb 2019","All",107,"Scss","Starts"
"24421",2019-03-01,"Mar 2019","Single",43,"Scss","Starts"
"24421",2019-03-01,"Mar 2019","Semi-Detached",38,"Scss","Starts"
"24421",2019-03-01,"Mar 2019","Row",10,"Scss","Starts"
"24421",2019-03-01,"Mar 2019","Apartment",133,"Scss","Starts"
"24421",2019-03-01,"Mar 2019","All",224,"Scss","Starts"
"24421",2019-04-01,"Apr 2019","Single",64,"Scss","Starts"
"24421",2019-04-01,"Apr 2019","Semi-Detached",74,"Scss","Starts"
"24421",2019-04-01,"Apr 2019","Row",9,"Scss","Starts"
"24421",2019-04-01,"Apr 2019","Apartment",205,"Scss","Starts"
"24421",2019-04-01,"Apr 2019","All",352,"Scss","Starts"
"24421",2019-05-01,"May 2019","Single",94,"Scss","Starts"
"24421",2019-05-01,"May 2019","Semi-Detached",50,"Scss","Starts"
"24421",2019-05-01,"May 2019","Row",24,"Scss","Starts"
"24421",2019-05-01,"May 2019","Apartment",595,"Scss","Starts"
"24421",2019-05-01,"May 2019","All",763,"Scss","Starts"
"24421",2019-06-01,"Jun 2019","Single",103,"Scss","Starts"
"24421",2019-06-01,"Jun 2019","Semi-Detached",40,"Scss","Starts"
"24421",2019-06-01,"Jun 2019","Row",6,"Scss","Starts"
"24421",2019-06-01,"Jun 2019","Apartment",855,"Scss","Starts"
"24421",2019-06-01,"Jun 2019","All",1004,"Scss","Starts"
"24421",2019-07-01,"Jul 2019","Single",70,"Scss","Starts"
"24421",2019-07-01,"Jul 2019","Semi-Detached",40,"Scss","Starts"
"24421",2019-07-01,"Jul 2019","Row",5,"Scss","Starts"
"24421",2019-07-01,"Jul 2019","Apartment",634,"Scss","Starts"
"24421",2019-07-01,"Jul 2019","All",749,"Scss","Starts"
"24421",2019-08-01,"Aug 2019","Single",44,"Scss","Starts"
"24421",2019-08-01,"Aug 2019","Semi-Detached",32,"Scss","Starts"
"24421",2019-08-01,"Aug 2019","Row",0,"Scss","Starts"
"24421",2019-08-01,"Aug 2019","Apartment",431,"Scss","Starts"
"24421",2019-08-01,"Aug 2019","All",507,"Scss","Starts"
"24421",2019-09-01,"Sep 2019","Single",77,"Scss","Starts"
"24421",2019-09-01,"Sep 2019","Semi-Detached",36,"Scss","Starts"
"24421",2019-09-01,"Sep 2019","Row",8,"Scss","Starts"
"24421",2019-09-01,"Sep 2019","Apartment",865,"Scss","Starts"
"24421",2019-09-01,"Sep 2019","All",986,"Scss","Starts"
"24421",2019-10-01,"Oct 2019","Single",60,"Scss","Starts"
"24421",2019-10-01,"Oct 2019","Semi-Detached",62,"Scss","Starts"
"24421",2019-10-01,"Oct 2019","Row",11,"Scss","Starts"
"24421",2019-10-01,"Oct 2019","Apartment",369,"Scss","Starts"
"24421",2019-10-01,"Oct 2019","All",502,"Scss","Starts"
"24421",2019-11-01,"Nov 2019","Single",61,"Scss","Starts"
"24421",2019-11-01,"Nov 2019","Semi-Detached",64,"Scss","Starts"
"24421",2019-11-01,"Nov 2019","Row",21,"Scss","Starts"
"24421",2019-11-01,"Nov 2019","Apartment",510,"Scss","Starts"
"24421",2019-11-01,"Nov 2019","All",656,"Scss","Starts"
"24421",2019-12-01,"Dec 2019","Single",60,"Scss","Starts"
"24421",2019-12-01,"Dec 2019","Semi-Detached",46,"Scss","Starts"
"24421",2019-12-01,"Dec 2019","Row",31,"Scss","Starts"
"24421",2019-12-01,"Dec 2019","Apartment",109,"Scss","Starts"
"24421",2019-12-01,"Dec 2019","All",246,"Scss","Starts"
"24421",2020-01-01,"Jan 2020","Single",30,"Scss","Starts"
"24421",2020-01-01,"Jan 2020","Semi-Detached",26,"Scss","Starts"
"24421",2020-01-01,"Jan 2020","Row",7,"Scss","Starts"
"24421",2020-01-01,"Jan 2020","Apartment",275,"Scss","Starts"
"24421",2020-01-01,"Jan 2020","All",338,"Scss","Starts"
"24421",2020-02-01,"Feb 2020","Single",42,"Scss","Starts"
"24421",2020-02-01,"Feb 2020","Semi-Detached",42,"Scss","Starts"
"24421",2020-02-01,"Feb 2020","Row",12,"Scss","Starts"
"24421",2020-02-01,"Feb 2020","Apartment",78,"Scss","Starts"
"24421",2020-02-01,"Feb 2020","All",174,"Scss","Starts"
"24421",2020-03-01,"Mar 2020","Single",52,"Scss","Starts"
"24421",2020-03-01,"Mar 2020","Semi-Detached",80,"Scss","Starts"
"24421",2020-03-01,"Mar 2020","Row",21,"Scss","Starts"
"24421",2020-03-01,"Mar 2020","Apartment",293,"Scss","Starts"
"24421",2020-03-01,"Mar 2020","All",446,"Scss","Starts"
"24421",2020-04-01,"Apr 2020","Single",0,"Scss","Starts"
"24421",2020-04-01,"Apr 2020","Semi-Detached",0,"Scss","Starts"
"24421",2020-04-01,"Apr 2020","Row",0,"Scss","Starts"
"24421",2020-04-01,"Apr 2020","Apartment",0,"Scss","Starts"
"24421",2020-04-01,"Apr 2020","All",0,"Scss","Starts"
"24421",2020-05-01,"May 2020","Single",172,"Scss","Starts"
"24421",2020-05-01,"May 2020","Semi-Detached",136,"Scss","Starts"
"24421",2020-05-01,"May 2020","Row",33,"Scss","Starts"
"24421",2020-05-01,"May 2020","Apartment",673,"Scss","Starts"
"24421",2020-05-01,"May 2020","All",1014,"Scss","Starts"
"24421",2020-06-01,"Jun 2020","Single",102,"Scss","Starts"
"24421",2020-06-01,"Jun 2020","Semi-Detached",32,"Scss","Starts"
"24421",2020-06-01,"Jun 2020","Row",3,"Scss","Starts"
"24421",2020-06-01,"Jun 2020","Apartment",843,"Scss","Starts"
"24421",2020-06-01,"Jun 2020","All",980,"Scss","Starts"
"24421",2020-07-01,"Jul 2020","Single",96,"Scss","Starts"
"24421",2020-07-01,"Jul 2020","Semi-Detached",36,"Scss","Starts"
"24421",2020-07-01,"Jul 2020","Row",0,"Scss","Starts"
"24421",2020-07-01,"Jul 2020","Apartment",440,"Scss","Starts"
"24421",2020-07-01,"Jul 2020","All",572,"Scss","Starts"
"24421",2020-08-01,"Aug 2020","Single",60,"Scss","Starts"
"24421",2020-08-01,"Aug 2020","Semi-Detached",16,"Scss","Starts"
"24421",2020-08-01,"Aug 2020","Row",8,"Scss","Starts"
"24421",2020-08-01,"Aug 2020","Apartment",697,"Scss","Starts"
"24421",2020-08-01,"Aug 2020","All",781,"Scss","Starts"
"24421",2020-09-01,"Sep 2020","Single",89,"Scss","Starts"
"24421",2020-09-01,"Sep 2020","Semi-Detached",44,"Scss","Starts"
"24421",2020-09-01,"Sep 2020","Row",25,"Scss","Starts"
"24421",2020-09-01,"Sep 2020","Apartment",592,"Scss","Starts"
"24421",2020-09-01,"Sep 2020","All",750,"Scss","Starts"
"24421",2020-10-01,"Oct 2020","Single",110,"Scss","Starts"
"24421",2020-10-01,"Oct 2020","Semi-Detached",44,"Scss","Starts"
"24421",2020-10-01,"Oct 2020","Row",7,"Scss","Starts"
"24421",2020-10-01,"Oct 2020","Apartment",618,"Scss","Starts"
"24421",2020-10-01,"Oct 2020","All",779,"Scss","Starts"
"24421",2020-11-01,"Nov 2020","Single",67,"Scss","Starts"
"24421",2020-11-01,"Nov 2020","Semi-Detached",60,"Scss","Starts"
"24421",2020-11-01,"Nov 2020","Row",4,"Scss","Starts"
"24421",2020-11-01,"Nov 2020","Apartment",307,"Scss","Starts"
"24421",2020-11-01,"Nov 2020","All",438,"Scss","Starts"
"24421",2020-12-01,"Dec 2020","Single",44,"Scss","Starts"
"24421",2020-12-01,"Dec 2020","Semi-Detached",50,"Scss","Starts"
"24421",2020-12-01,"Dec 2020","Row",20,"Scss","Starts"
"24421",2020-12-01,"Dec 2020","Apartment",327,"Scss","Starts"
"24421",2020-12-01,"Dec 2020","All",441,"Scss","Starts"
"24421",2021-01-01,"Jan 2021","Single",80,"Scss","Starts"
"24421",2021-01-01,"Jan 2021","Semi-Detached",38,"Scss","Starts"
"24421",2021-01-01,"Jan 2021","Row",34,"Scss","Starts"
"24421",2021-01-01,"Jan 2021","Apartment",844,"Scss","Starts"
"24421",2021-01-01,"Jan 2021","All",996,"Scss","Starts"
"24421",2021-02-01,"Feb 2021","Single",94,"Scss","Starts"
"24421",2021-02-01,"Feb 2021","Semi-Detached",40,"Scss","Starts"
"24421",2021-02-01,"Feb 2021","Row",11,"Scss","Starts"
"24421",2021-02-01,"Feb 2021","Apartment",91,"Scss","Starts"
"24421",2021-02-01,"Feb 2021","All",236,"Scss","Starts"
"24421",2021-03-01,"Mar 2021","Single",115,"Scss","Starts"
"24421",2021-03-01,"Mar 2021","Semi-Detached",84,"Scss","Starts"
"24421",2021-03-01,"Mar 2021","Row",18,"Scss","Starts"
"24421",2021-03-01,"Mar 2021","Apartment",350,"Scss","Starts"
"24421",2021-03-01,"Mar 2021","All",567,"Scss","Starts"
"24421",2021-04-01,"Apr 2021","Single",158,"Scss","Starts"
"24421",2021-04-01,"Apr 2021","Semi-Detached",110,"Scss","Starts"
"24421",2021-04-01,"Apr 2021","Row",31,"Scss","Starts"
"24421",2021-04-01,"Apr 2021","Apartment",346,"Scss","Starts"
"24421",2021-04-01,"Apr 2021","All",645,"Scss","Starts"
"24421",2021-05-01,"May 2021","Single",138,"Scss","Starts"
"24421",2021-05-01,"May 2021","Semi-Detached",72,"Scss","Starts"
"24421",2021-05-01,"May 2021","Row",35,"Scss","Starts"
"24421",2021-05-01,"May 2021","Apartment",757,"Scss","Starts"
"24421",2021-05-01,"May 2021","All",1002,"Scss","Starts"
"24421",2021-06-01,"Jun 2021","Single",121,"Scss","Starts"
"24421",2021-06-01,"Jun 2021","Semi-Detached",56,"Scss","Starts"
"24421",2021-06-01,"Jun 2021","Row",13,"Scss","Starts"
"24421",2021-06-01,"Jun 2021","Apartment",1264,"Scss","Starts"
"24421",2021-06-01,"Jun 2021","All",1454,"Scss","Starts"
"24421",2021-07-01,"Jul 2021","Single",103,"Scss","Starts"
"24421",2021-07-01,"Jul 2021","Semi-Detached",32,"Scss","Starts"
"24421",2021-07-01,"Jul 2021","Row",20,"Scss","Starts"
"24421",2021-07-01,"Jul 2021","Apartment",1251,"Scss","Starts"
"24421",2021-07-01,"Jul 2021","All",1406,"Scss","Starts"
"24421",2021-08-01,"Aug 2021","Single",35,"Scss","Starts"
"24421",2021-08-01,"Aug 2021","Semi-Detached",28,"Scss","Starts"
"24421",2021-08-01,"Aug 2021","Row",0,"Scss","Starts"
"24421",2021-08-01,"Aug 2021","Apartment",107,"Scss","Starts"
"24421",2021-08-01,"Aug 2021","All",170,"Scss","Starts"
"24421",2021-09-01,"Sep 2021","Single",72,"Scss","Starts"
"24421",2021-09-01,"Sep 2021","Semi-Detached",32,"Scss","Starts"
"24421",2021-09-01,"Sep 2021","Row",3,"Scss","Starts"
"24421",2021-09-01,"Sep 2021","Apartment",660,"Scss","Starts"
"24421",2021-09-01,"Sep 2021","All",767,"Scss","Starts"
"24421",2021-10-01,"Oct 2021","Single",76,"Scss","Starts"
"24421",2021-10-01,"Oct 2021","Semi-Detached",88,"Scss","Starts"
"24421",2021-10-01,"Oct 2021","Row",12,"Scss","Starts"
"24421",2021-10-01,"Oct 2021","Apartment",486,"Scss","Starts"
"24421",2021-10-01,"Oct 2021","All",662,"Scss","Starts"
"24421",2021-11-01,"Nov 2021","Single",81,"Scss","Starts"
"24421",2021-11-01,"Nov 2021","Semi-Detached",96,"Scss","Starts"
"24421",2021-11-01,"Nov 2021","Row",14,"Scss","Starts"
"24421",2021-11-01,"Nov 2021","Apartment",638,"Scss","Starts"
"24421",2021-11-01,"Nov 2021","All",829,"Scss","Starts"
"24421",2021-12-01,"Dec 2021","Single",50,"Scss","Starts"
"24421",2021-12-01,"Dec 2021","Semi-Detached",46,"Scss","Starts"
"24421",2021-12-01,"Dec 2021","Row",10,"Scss","Starts"
"24421",2021-12-01,"Dec 2021","Apartment",549,"Scss","Starts"
"24421",2021-12-01,"Dec 2021","All",655,"Scss","Starts"
"24421",2022-01-01,"Jan 2022","Single",57,"Scss","Starts"
"24421",2022-01-01,"Jan 2022","Semi-Detached",36,"Scss","Starts"
"24421",2022-01-01,"Jan 2022","Row",4,"Scss","Starts"
"24421",2022-01-01,"Jan 2022","Apartment",505,"Scss","Starts"
"24421",2022-01-01,"Jan 2022","All",602,"Scss","Starts"
"24421",2022-02-01,"Feb 2022","Single",53,"Scss","Starts"
"24421",2022-02-01,"Feb 2022","Semi-Detached",64,"Scss","Starts"
"24421",2022-02-01,"Feb 2022","Row",6,"Scss","Starts"
"24421",2022-02-01,"Feb 2022","Apartment",271,"Scss","Starts"
"24421",2022-02-01,"Feb 2022","All",394,"Scss","Starts"
"24421",2022-03-01,"Mar 2022","Single",107,"Scss","Starts"
"24421",2022-03-01,"Mar 2022","Semi-Detached",72,"Scss","Starts"
"24421",2022-03-01,"Mar 2022","Row",24,"Scss","Starts"
"24421",2022-03-01,"Mar 2022","Apartment",670,"Scss","Starts"
"24421",2022-03-01,"Mar 2022","All",873,"Scss","Starts"
"24421",2022-04-01,"Apr 2022","Single",87,"Scss","Starts"
"24421",2022-04-01,"Apr 2022","Semi-Detached",152,"Scss","Starts"
"24421",2022-04-01,"Apr 2022","Row",10,"Scss","Starts"
"24421",2022-04-01,"Apr 2022","Apartment",738,"Scss","Starts"
"24421",2022-04-01,"Apr 2022","All",987,"Scss","Starts"
"24421",2022-05-01,"May 2022","Single",74,"Scss","Starts"
"24421",2022-05-01,"May 2022","Semi-Detached",80,"Scss","Starts"
"24421",2022-05-01,"May 2022","Row",7,"Scss","Starts"
"24421",2022-05-01,"May 2022","Apartment",523,"Scss","Starts"
"24421",2022-05-01,"May 2022","All",684,"Scss","Starts"
"24421",2022-06-01,"Jun 2022","Single",97,"Scss","Starts"
"24421",2022-06-01,"Jun 2022","Semi-Detached",62,"Scss","Starts"
"24421",2022-06-01,"Jun 2022","Row",12,"Scss","Starts"
"24421",2022-06-01,"Jun 2022","Apartment",516,"Scss","Starts"
"24421",2022-06-01,"Jun 2022","All",687,"Scss","Starts"
"24421",2022-07-01,"Jul 2022","Single",102,"Scss","Starts"
"24421",2022-07-01,"Jul 2022","Semi-Detached",60,"Scss","Starts"
"24421",2022-07-01,"Jul 2022","Row",3,"Scss","Starts"
"24421",2022-07-01,"Jul 2022","Apartment",458,"Scss","Starts"
"24421",2022-07-01,"Jul 2022","All",623,"Scss","Starts"
"24421",2022-08-01,"Aug 2022","Single",58,"Scss","Starts"
"24421",2022-08-01,"Aug 2022","Semi-Detached",26,"Scss","Starts"
"24421",2022-08-01,"Aug 2022","Row",13,"Scss","Starts"
"24421",2022-08-01,"Aug 2022","Apartment",698,"Scss","Starts"
"24421",2022-08-01,"Aug 2022","All",795,"Scss","Starts"
"24421",2022-09-01,"Sep 2022","Single",55,"Scss","Starts"
"24421",2022-09-01,"Sep 2022","Semi-Detached",66,"Scss","Starts"
"24421",2022-09-01,"Sep 2022","Row",19,"Scss","Starts"
"24421",2022-09-01,"Sep 2022","Apartment",329,"Scss","Starts"
"24421",2022-09-01,"Sep 2022","All",469,"Scss","Starts"
"24421",2022-10-01,"Oct 2022","Single",88,"Scss","Starts"
"24421",2022-10-01,"Oct 2022","Semi-Detached",66,"Scss","Starts"
"24421",2022-10-01,"Oct 2022","Row",0,"Scss","Starts"
"24421",2022-10-01,"Oct 2022","Apartment",660,"Scss","Starts"
"24421",2022-10-01,"Oct 2022","All",814,"Scss","Starts"
"24421",2022-11-01,"Nov 2022","Single",89,"Scss","Starts"
"24421",2022-11-01,"Nov 2022","Semi-Detached",68,"Scss","Starts"
"24421",2022-11-01,"Nov 2022","Row",4,"Scss","Starts"
"24421",2022-11-01,"Nov 2022","Apartment",853,"Scss","Starts"
"24421",2022-11-01,"Nov 2022","All",1014,"Scss","Starts"
"24421",2022-12-01,"Dec 2022","Single",45,"Scss","Starts"
"24421",2022-12-01,"Dec 2022","Semi-Detached",38,"Scss","Starts"
"24421",2022-12-01,"Dec 2022","Row",3,"Scss","Starts"
"24421",2022-12-01,"Dec 2022","Apartment",262,"Scss","Starts"
"24421",2022-12-01,"Dec 2022","All",348,"Scss","Starts"
"24421",2023-01-01,"Jan 2023","Single",28,"Scss","Starts"
"24421",2023-01-01,"Jan 2023","Semi-Detached",20,"Scss","Starts"
"24421",2023-01-01,"Jan 2023","Row",0,"Scss","Starts"
"24421",2023-01-01,"Jan 2023","Apartment",91,"Scss","Starts"
"24421",2023-01-01,"Jan 2023","All",139,"Scss","Starts"
"24421",2023-02-01,"Feb 2023","Single",27,"Scss","Starts"
"24421",2023-02-01,"Feb 2023","Semi-Detached",28,"Scss","Starts"
"24421",2023-02-01,"Feb 2023","Row",0,"Scss","Starts"
"24421",2023-02-01,"Feb 2023","Apartment",469,"Scss","Starts"
"24421",2023-02-01,"Feb 2023","All",524,"Scss","Starts"
"24421",2023-03-01,"Mar 2023","Single",44,"Scss","Starts"
"24421",2023-03-01,"Mar 2023","Semi-Detached",28,"Scss","Starts"
"24421",2023-03-01,"Mar 2023","Row",7,"Scss","Starts"
"24421",2023-03-01,"Mar 2023","Apartment",204,"Scss","Starts"
"24421",2023-03-01,"Mar 2023","All",283,"Scss","Starts"
"24421",2023-04-01,"Apr 2023","Single",62,"Scss","Starts"
"24421",2023-04-01,"Apr 2023","Semi-Detached",46,"Scss","Starts"
"24421",2023-04-01,"Apr 2023","Row",21,"Scss","Starts"
"24421",2023-04-01,"Apr 2023","Apartment",252,"Scss","Starts"
"24421",2023-04-01,"Apr 2023","All",381,"Scss","Starts"
"24421",2023-05-01,"May 2023","Single",51,"Scss","Starts"
"24421",2023-05-01,"May 2023","Semi-Detached",26,"Scss","Starts"
"24421",2023-05-01,"May 2023","Row",3,"Scss","Starts"
"24421",2023-05-01,"May 2023","Apartment",214,"Scss","Starts"
"24421",2023-05-01,"May 2023","All",294,"Scss","Starts"
"24421",2023-06-01,"Jun 2023","Single",37,"Scss","Starts"
"24421",2023-06-01,"Jun 2023","Semi-Detached",30,"Scss","Starts"
"24421",2023-06-01,"Jun 2023","Row",6,"Scss","Starts"
"24421",2023-06-01,"Jun 2023","Apartment",504,"Scss","Starts"
"24421",2023-06-01,"Jun 2023","All",577,"Scss","Starts"
"24421",2023-07-01,"Jul 2023","Single",59,"Scss","Starts"
"24421",2023-07-01,"Jul 2023","Semi-Detached",30,"Scss","Starts"
"24421",2023-07-01,"Jul 2023","Row",15,"Scss","Starts"
"24421",2023-07-01,"Jul 2023","Apartment",289,"Scss","Starts"
"24421",2023-07-01,"Jul 2023","All",393,"Scss","Starts"
"24421",2023-08-01,"Aug 2023","Single",71,"Scss","Starts"
"24421",2023-08-01,"Aug 2023","Semi-Detached",20,"Scss","Starts"
"24421",2023-08-01,"Aug 2023","Row",0,"Scss","Starts"
"24421",2023-08-01,"Aug 2023","Apartment",650,"Scss","Starts"
"24421",2023-08-01,"Aug 2023","All",741,"Scss","Starts"
"24421",2023-09-01,"Sep 2023","Single",68,"Scss","Starts"
"24421",2023-09-01,"Sep 2023","Semi-Detached",30,"Scss","Starts"
"24421",2023-09-01,"Sep 2023","Row",6,"Scss","Starts"
"24421",2023-09-01,"Sep 2023","Apartment",532,"Scss","Starts"
"24421",2023-09-01,"Sep 2023","All",636,"Scss","Starts"
"24421",2023-10-01,"Oct 2023","Single",29,"Scss","Starts"
"24421",2023-10-01,"Oct 2023","Semi-Detached",14,"Scss","Starts"
"24421",2023-10-01,"Oct 2023","Row",3,"Scss","Starts"
"24421",2023-10-01,"Oct 2023","Apartment",625,"Scss","Starts"
"24421",2023-10-01,"Oct 2023","All",671,"Scss","Starts"
"24421",2023-11-01,"Nov 2023","Single",45,"Scss","Starts"
"24421",2023-11-01,"Nov 2023","Semi-Detached",40,"Scss","Starts"
"24421",2023-11-01,"Nov 2023","Row",12,"Scss","Starts"
"24421",2023-11-01,"Nov 2023","Apartment",172,"Scss","Starts"
"24421",2023-11-01,"Nov 2023","All",269,"Scss","Starts"
"24421",2023-12-01,"Dec 2023","Single",21,"Scss","Starts"
"24421",2023-12-01,"Dec 2023","Semi-Detached",16,"Scss","Starts"
"24421",2023-12-01,"Dec 2023","Row",6,"Scss","Starts"
"24421",2023-12-01,"Dec 2023","Apartment",58,"Scss","Starts"
"24421",2023-12-01,"Dec 2023","All",101,"Scss","Starts"
"24421",2024-01-01,"Jan 2024","Single",25,"Scss","Starts"
"24421",2024-01-01,"Jan 2024","Semi-Detached",12,"Scss","Starts"
"24421",2024-01-01,"Jan 2024","Row",3,"Scss","Starts"
"24421",2024-01-01,"Jan 2024","Apartment",523,"Scss","Starts"
"24421",2024-01-01,"Jan 2024","All",563,"Scss","Starts"
"24421",2024-02-01,"Feb 2024","Single",29,"Scss","Starts"
"24421",2024-02-01,"Feb 2024","Semi-Detached",36,"Scss","Starts"
"24421",2024-02-01,"Feb 2024","Row",4,"Scss","Starts"
"24421",2024-02-01,"Feb 2024","Apartment",240,"Scss","Starts"
"24421",2024-02-01,"Feb 2024","All",309,"Scss","Starts"
"24421",2024-03-01,"Mar 2024","Single",29,"Scss","Starts"
"24421",2024-03-01,"Mar 2024","Semi-Detached",26,"Scss","Starts"
"24421",2024-03-01,"Mar 2024","Row",3,"Scss","Starts"
"24421",2024-03-01,"Mar 2024","Apartment",491,"Scss","Starts"
"24421",2024-03-01,"Mar 2024","All",549,"Scss","Starts"
"24421",2024-04-01,"Apr 2024","Single",66,"Scss","Starts"
"24421",2024-04-01,"Apr 2024","Semi-Detached",50,"Scss","Starts"
"24421",2024-04-01,"Apr 2024","Row",0,"Scss","Starts"
"24421",2024-04-01,"Apr 2024","Apartment",581,"Scss","Starts"
"24421",2024-04-01,"Apr 2024","All",697,"Scss","Starts"
"24421",2024-05-01,"May 2024","Single",54,"Scss","Starts"
"24421",2024-05-01,"May 2024","Semi-Detached",32,"Scss","Starts"
"24421",2024-05-01,"May 2024","Row",13,"Scss","Starts"
"24421",2024-05-01,"May 2024","Apartment",542,"Scss","Starts"
"24421",2024-05-01,"May 2024","All",641,"Scss","Starts"
"24421",2024-06-01,"Jun 2024","Single",68,"Scss","Starts"
"24421",2024-06-01,"Jun 2024","Semi-Detached",30,"Scss","Starts"
"24421",2024-06-01,"Jun 2024","Row",8,"Scss","Starts"
"24421",2024-06-01,"Jun 2024","Apartment",723,"Scss","Starts"
"24421",2024-06-01,"Jun 2024","All",829,"Scss","Starts"
"24421",2024-07-01,"Jul 2024","Single",59,"Scss","Starts"
"24421",2024-07-01,"Jul 2024","Semi-Detached",24,"Scss","Starts"
"24421",2024-07-01,"Jul 2024","Row",9,"Scss","Starts"
"24421",2024-07-01,"Jul 2024","Apartment",540,"Scss","Starts"
"24421",2024-07-01,"Jul 2024","All",632,"Scss","Starts"
"24421",2024-08-01,"Aug 2024","Single",73,"Scss","Starts"
"24421",2024-08-01,"Aug 2024","Semi-Detached",38,"Scss","Starts"
"24421",2024-08-01,"Aug 2024","Row",0,"Scss","Starts"
"24421",2024-08-01,"Aug 2024","Apartment",319,"Scss","Starts"
"24421",2024-08-01,"Aug 2024","All",430,"Scss","Starts"
"24421",2024-09-01,"Sep 2024","Single",49,"Scss","Starts"
"24421",2024-09-01,"Sep 2024","Semi-Detached",28,"Scss","Starts"
"24421",2024-09-01,"Sep 2024","Row",0,"Scss","Starts"
"24421",2024-09-01,"Sep 2024","Apartment",519,"Scss","Starts"
"24421",2024-09-01,"Sep 2024","All",596,"Scss","Starts"
"24421",2024-10-01,"Oct 2024","Single",59,"Scss","Starts"
"24421",2024-10-01,"Oct 2024","Semi-Detached",32,"Scss","Starts"
"24421",2024-10-01,"Oct 2024","Row",0,"Scss","Starts"
"24421",2024-10-01,"Oct 2024","Apartment",334,"Scss","Starts"
"24421",2024-10-01,"Oct 2024","All",425,"Scss","Starts"
"24421",2024-11-01,"Nov 2024","Single",66,"Scss","Starts"
"24421",2024-11-01,"Nov 2024","Semi-Detached",40,"Scss","Starts"
"24421",2024-11-01,"Nov 2024","Row",24,"Scss","Starts"
"24421",2024-11-01,"Nov 2024","Apartment",947,"Scss","Starts"
"24421",2024-11-01,"Nov 2024","All",1077,"Scss","Starts"
"24421",2024-12-01,"Dec 2024","Single",12,"Scss","Starts"
"24421",2024-12-01,"Dec 2024","Semi-Detached",24,"Scss","Starts"
"24421",2024-12-01,"Dec 2024","Row",0,"Scss","Starts"
"24421",2024-12-01,"Dec 2024","Apartment",121,"Scss","Starts"
"24421",2024-12-01,"Dec 2024","All",157,"Scss","Starts"
"24421",2025-01-01,"Jan 2025","Single",38,"Scss","Starts"
"24421",2025-01-01,"Jan 2025","Semi-Detached",52,"Scss","Starts"
"24421",2025-01-01,"Jan 2025","Row",13,"Scss","Starts"
"24421",2025-01-01,"Jan 2025","Apartment",423,"Scss","Starts"
"24421",2025-01-01,"Jan 2025","All",526,"Scss","Starts"
"24421",2025-02-01,"Feb 2025","Single",31,"Scss","Starts"
"24421",2025-02-01,"Feb 2025","Semi-Detached",28,"Scss","Starts"
"24421",2025-02-01,"Feb 2025","Row",3,"Scss","Starts"
"24421",2025-02-01,"Feb 2025","Apartment",462,"Scss","Starts"
"24421",2025-02-01,"Feb 2025","All",524,"Scss","Starts"
"24421",2025-03-01,"Mar 2025","Single",57,"Scss","Starts"
"24421",2025-03-01,"Mar 2025","Semi-Detached",34,"Scss","Starts"
"24421",2025-03-01,"Mar 2025","Row",15,"Scss","Starts"
"24421",2025-03-01,"Mar 2025","Apartment",321,"Scss","Starts"
"24421",2025-03-01,"Mar 2025","All",427,"Scss","Starts"
"24421",2025-04-01,"Apr 2025","Single",67,"Scss","Starts"
"24421",2025-04-01,"Apr 2025","Semi-Detached",86,"Scss","Starts"
"24421",2025-04-01,"Apr 2025","Row",22,"Scss","Starts"
"24421",2025-04-01,"Apr 2025","Apartment",513,"Scss","Starts"
"24421",2025-04-01,"Apr 2025","All",688,"Scss","Starts"
"24421",2025-05-01,"May 2025","Single",93,"Scss","Starts"
"24421",2025-05-01,"May 2025","Semi-Detached",74,"Scss","Starts"
"24421",2025-05-01,"May 2025","Row",3,"Scss","Starts"
"24421",2025-05-01,"May 2025","Apartment",1875,"Scss","Starts"
"24421",2025-05-01,"May 2025","All",2045,"Scss","Starts"
"24421",2025-06-01,"Jun 2025","Single",54,"Scss","Starts"
"24421",2025-06-01,"Jun 2025","Semi-Detached",76,"Scss","Starts"
"24421",2025-06-01,"Jun 2025","Row",16,"Scss","Starts"
"24421",2025-06-01,"Jun 2025","Apartment",442,"Scss","Starts"
"24421",2025-06-01,"Jun 2025","All",588,"Scss","Starts"
"24421",2025-07-01,"Jul 2025","Single",62,"Scss","Starts"
"24421",2025-07-01,"Jul 2025","Semi-Detached",40,"Scss","Starts"
"24421",2025-07-01,"Jul 2025","Row",18,"Scss","Starts"
"24421",2025-07-01,"Jul 2025","Apartment",581,"Scss","Starts"
"24421",2025-07-01,"Jul 2025","All",701,"Scss","Starts"
"24421",2025-08-01,"Aug 2025","Single",55,"Scss","Starts"
"24421",2025-08-01,"Aug 2025","Semi-Detached",20,"Scss","Starts"
"24421",2025-08-01,"Aug 2025","Row",18,"Scss","Starts"
"24421",2025-08-01,"Aug 2025","Apartment",322,"Scss","Starts"
"24421",2025-08-01,"Aug 2025","All",415,"Scss","Starts"
"24421",2025-09-01,"Sep 2025","Single",72,"Scss","Starts"
"24421",2025-09-01,"Sep 2025","Semi-Detached",56,"Scss","Starts"
"24421",2025-09-01,"Sep 2025","Row",21,"Scss","Starts"
"24421",2025-09-01,"Sep 2025","Apartment",557,"Scss","Starts"
"24421",2025-09-01,"Sep 2025","All",706,"Scss","Starts"
"24421",2025-10-01,"Oct 2025","Single",62,"Scss","Starts"
"24421",2025-10-01,"Oct 2025","Semi-Detached",46,"Scss","Starts"
"24421",2025-10-01,"Oct 2025","Row",25,"Scss","Starts"
"24421",2025-10-01,"Oct 2025","Apartment",913,"Scss","Starts"
"24421",2025-10-01,"Oct 2025","All",1046,"Scss","Starts"
"24421",2025-11-01,"Nov 2025","Single",95,"Scss","Starts"
"24421",2025-11-01,"Nov 2025","Semi-Detached",48,"Scss","Starts"
"24421",2025-11-01,"Nov 2025","Row",18,"Scss","Starts"
"24421",2025-11-01,"Nov 2025","Apartment",609,"Scss","Starts"
"24421",2025-11-01,"Nov 2025","All",770,"Scss","Starts"
"24421",2025-12-01,"Dec 2025","Single",18,"Scss","Starts"
"24421",2025-12-01,"Dec 2025","Semi-Detached",24,"Scss","Starts"
"24421",2025-12-01,"Dec 2025","Row",17,"Scss","Starts"
"24421",2025-12-01,"Dec 2025","Apartment",88,"Scss","Starts"
"24421",2025-12-01,"Dec 2025","All",147,"Scss","Starts"
"24421",2026-01-01,"Jan 2026","Single",54,"Scss","Starts"
"24421",2026-01-01,"Jan 2026","Semi-Detached",40,"Scss","Starts"
"24421",2026-01-01,"Jan 2026","Row",7,"Scss","Starts"
"24421",2026-01-01,"Jan 2026","Apartment",181,"Scss","Starts"
"24421",2026-01-01,"Jan 2026","All",282,"Scss","Starts"
"24421",2026-02-01,"Feb 2026","Single",43,"Scss","Starts"
"24421",2026-02-01,"Feb 2026","Semi-Detached",60,"Scss","Starts"
"24421",2026-02-01,"Feb 2026","Row",9,"Scss","Starts"
"24421",2026-02-01,"Feb 2026","Apartment",597,"Scss","Starts"
"24421",2026-02-01,"Feb 2026","All",709,"Scss","Starts"
