"GeoUID","Date","DateString","Dwelling Type","Value","Survey","Series"
"35505",1990-01-01,"Jan 1990","Single",84,"Scss","Starts"
"35505",1990-01-01,"Jan 1990","Semi-Detached",4,"Scss","Starts"
"35505",1990-01-01,"Jan 1990","Row",34,"Scss","Starts"
"35505",1990-01-01,"Jan 1990","Apartment",291,"Scss","Starts"
"35505",1990-01-01,"Jan 1990","All",413,"Scss","Starts"
"35505",1990-02-01,"Feb 1990","Single",155,"Scss","Starts"
"35505",1990-02-01,"Feb 1990","Semi-Detached",2,"Scss","Starts"
"35505",1990-02-01,"Feb 1990","Row",27,"Scss","Starts"
"35505",1990-02-01,"Feb 1990","Apartment",22,"Scss","Starts"
"35505",1990-02-01,"Feb 1990","All",206,"Scss","Starts"
"35505",1990-03-01,"Mar 1990","Single",155,"Scss","Starts"
"35505",1990-03-01,"Mar 1990","Semi-Detached",6,"Scss","Starts"
"35505",1990-03-01,"Mar 1990","Row",8,"Scss","Starts"
"35505",1990-03-01,"Mar 1990","Apartment",82,"Scss","Starts"
"35505",1990-03-01,"Mar 1990","All",251,"Scss","Starts"
"35505",1990-04-01,"Apr 1990","Single",303,"Scss","Starts"
"35505",1990-04-01,"Apr 1990","Semi-Detached",4,"Scss","Starts"
"35505",1990-04-01,"Apr 1990","Row",159,"Scss","Starts"
"35505",1990-04-01,"Apr 1990","Apartment",140,"Scss","Starts"
"35505",1990-04-01,"Apr 1990","All",606,"Scss","Starts"
"35505",1990-05-01,"May 1990","Single",401,"Scss","Starts"
"35505",1990-05-01,"May 1990","Semi-Detached",15,"Scss","Starts"
"35505",1990-05-01,"May 1990","Row",136,"Scss","Starts"
"35505",1990-05-01,"May 1990","Apartment",433,"Scss","Starts"
"35505",1990-05-01,"May 1990","All",985,"Scss","Starts"
"35505",1990-06-01,"Jun 1990","Single",379,"Scss","Starts"
"35505",1990-06-01,"Jun 1990","Semi-Detached",22,"Scss","Starts"
"35505",1990-06-01,"Jun 1990","Row",140,"Scss","Starts"
"35505",1990-06-01,"Jun 1990","Apartment",0,"Scss","Starts"
"35505",1990-06-01,"Jun 1990","All",541,"Scss","Starts"
"35505",1990-07-01,"Jul 1990","Single",233,"Scss","Starts"
"35505",1990-07-01,"Jul 1990","Semi-Detached",15,"Scss","Starts"
"35505",1990-07-01,"Jul 1990","Row",197,"Scss","Starts"
"35505",1990-07-01,"Jul 1990","Apartment",41,"Scss","Starts"
"35505",1990-07-01,"Jul 1990","All",486,"Scss","Starts"
"35505",1990-08-01,"Aug 1990","Single",204,"Scss","Starts"
"35505",1990-08-01,"Aug 1990","Semi-Detached",10,"Scss","Starts"
"35505",1990-08-01,"Aug 1990","Row",122,"Scss","Starts"
"35505",1990-08-01,"Aug 1990","Apartment",30,"Scss","Starts"
"35505",1990-08-01,"Aug 1990","All",366,"Scss","Starts"
"35505",1990-09-01,"Sep 1990","Single",124,"Scss","Starts"
"35505",1990-09-01,"Sep 1990","Semi-Detached",5,"Scss","Starts"
"35505",1990-09-01,"Sep 1990","Row",143,"Scss","Starts"
"35505",1990-09-01,"Sep 1990","Apartment",59,"Scss","Starts"
"35505",1990-09-01,"Sep 1990","All",331,"Scss","Starts"
"35505",1990-10-01,"Oct 1990","Single",178,"Scss","Starts"
"35505",1990-10-01,"Oct 1990","Semi-Detached",8,"Scss","Starts"
"35505",1990-10-01,"Oct 1990","Row",110,"Scss","Starts"
"35505",1990-10-01,"Oct 1990","Apartment",0,"Scss","Starts"
"35505",1990-10-01,"Oct 1990","All",296,"Scss","Starts"
"35505",1990-11-01,"Nov 1990","Single",139,"Scss","Starts"
"35505",1990-11-01,"Nov 1990","Semi-Detached",9,"Scss","Starts"
"35505",1990-11-01,"Nov 1990","Row",16,"Scss","Starts"
"35505",1990-11-01,"Nov 1990","Apartment",0,"Scss","Starts"
"35505",1990-11-01,"Nov 1990","All",164,"Scss","Starts"
"35505",1990-12-01,"Dec 1990","Single",59,"Scss","Starts"
"35505",1990-12-01,"Dec 1990","Semi-Detached",5,"Scss","Starts"
"35505",1990-12-01,"Dec 1990","Row",26,"Scss","Starts"
"35505",1990-12-01,"Dec 1990","Apartment",125,"Scss","Starts"
"35505",1990-12-01,"Dec 1990","All",215,"Scss","Starts"
"35505",1991-01-01,"Jan 1991","Single",35,"Scss","Starts"
"35505",1991-01-01,"Jan 1991","Semi-Detached",3,"Scss","Starts"
"35505",1991-01-01,"Jan 1991","Row",6,"Scss","Starts"
"35505",1991-01-01,"Jan 1991","Apartment",156,"Scss","Starts"
"35505",1991-01-01,"Jan 1991","All",200,"Scss","Starts"
"35505",1991-02-01,"Feb 1991","Single",28,"Scss","Starts"
"35505",1991-02-01,"Feb 1991","Semi-Detached",2,"Scss","Starts"
"35505",1991-02-01,"Feb 1991","Row",16,"Scss","Starts"
"35505",1991-02-01,"Feb 1991","Apartment",0,"Scss","Starts"
"35505",1991-02-01,"Feb 1991","All",46,"Scss","Starts"
"35505",1991-03-01,"Mar 1991","Single",37,"Scss","Starts"
"35505",1991-03-01,"Mar 1991","Semi-Detached",1,"Scss","Starts"
"35505",1991-03-01,"Mar 1991","Row",4,"Scss","Starts"
"35505",1991-03-01,"Mar 1991","Apartment",0,"Scss","Starts"
"35505",1991-03-01,"Mar 1991","All",42,"Scss","Starts"
"35505",1991-04-01,"Apr 1991","Single",120,"Scss","Starts"
"35505",1991-04-01,"Apr 1991","Semi-Detached",2,"Scss","Starts"
"35505",1991-04-01,"Apr 1991","Row",36,"Scss","Starts"
"35505",1991-04-01,"Apr 1991","Apartment",159,"Scss","Starts"
"35505",1991-04-01,"Apr 1991","All",317,"Scss","Starts"
"35505",1991-05-01,"May 1991","Single",250,"Scss","Starts"
"35505",1991-05-01,"May 1991","Semi-Detached",14,"Scss","Starts"
"35505",1991-05-01,"May 1991","Row",141,"Scss","Starts"
"35505",1991-05-01,"May 1991","Apartment",0,"Scss","Starts"
"35505",1991-05-01,"May 1991","All",405,"Scss","Starts"
"35505",1991-06-01,"Jun 1991","Single",271,"Scss","Starts"
"35505",1991-06-01,"Jun 1991","Semi-Detached",12,"Scss","Starts"
"35505",1991-06-01,"Jun 1991","Row",158,"Scss","Starts"
"35505",1991-06-01,"Jun 1991","Apartment",235,"Scss","Starts"
"35505",1991-06-01,"Jun 1991","All",676,"Scss","Starts"
"35505",1991-07-01,"Jul 1991","Single",163,"Scss","Starts"
"35505",1991-07-01,"Jul 1991","Semi-Detached",8,"Scss","Starts"
"35505",1991-07-01,"Jul 1991","Row",103,"Scss","Starts"
"35505",1991-07-01,"Jul 1991","Apartment",197,"Scss","Starts"
"35505",1991-07-01,"Jul 1991","All",471,"Scss","Starts"
"35505",1991-08-01,"Aug 1991","Single",255,"Scss","Starts"
"35505",1991-08-01,"Aug 1991","Semi-Detached",2,"Scss","Starts"
"35505",1991-08-01,"Aug 1991","Row",134,"Scss","Starts"
"35505",1991-08-01,"Aug 1991","Apartment",347,"Scss","Starts"
"35505",1991-08-01,"Aug 1991","All",738,"Scss","Starts"
"35505",1991-09-01,"Sep 1991","Single",204,"Scss","Starts"
"35505",1991-09-01,"Sep 1991","Semi-Detached",4,"Scss","Starts"
"35505",1991-09-01,"Sep 1991","Row",139,"Scss","Starts"
"35505",1991-09-01,"Sep 1991","Apartment",123,"Scss","Starts"
"35505",1991-09-01,"Sep 1991","All",470,"Scss","Starts"
"35505",1991-10-01,"Oct 1991","Single",183,"Scss","Starts"
"35505",1991-10-01,"Oct 1991","Semi-Detached",10,"Scss","Starts"
"35505",1991-10-01,"Oct 1991","Row",115,"Scss","Starts"
"35505",1991-10-01,"Oct 1991","Apartment",39,"Scss","Starts"
"35505",1991-10-01,"Oct 1991","All",347,"Scss","Starts"
"35505",1991-11-01,"Nov 1991","Single",179,"Scss","Starts"
"35505",1991-11-01,"Nov 1991","Semi-Detached",3,"Scss","Starts"
"35505",1991-11-01,"Nov 1991","Row",58,"Scss","Starts"
"35505",1991-11-01,"Nov 1991","Apartment",157,"Scss","Starts"
"35505",1991-11-01,"Nov 1991","All",397,"Scss","Starts"
"35505",1991-12-01,"Dec 1991","Single",86,"Scss","Starts"
"35505",1991-12-01,"Dec 1991","Semi-Detached",10,"Scss","Starts"
"35505",1991-12-01,"Dec 1991","Row",81,"Scss","Starts"
"35505",1991-12-01,"Dec 1991","Apartment",189,"Scss","Starts"
"35505",1991-12-01,"Dec 1991","All",366,"Scss","Starts"
"35505",1992-01-01,"Jan 1992","Single",72,"Scss","Starts"
"35505",1992-01-01,"Jan 1992","Semi-Detached",2,"Scss","Starts"
"35505",1992-01-01,"Jan 1992","Row",54,"Scss","Starts"
"35505",1992-01-01,"Jan 1992","Apartment",72,"Scss","Starts"
"35505",1992-01-01,"Jan 1992","All",200,"Scss","Starts"
"35505",1992-02-01,"Feb 1992","Single",58,"Scss","Starts"
"35505",1992-02-01,"Feb 1992","Semi-Detached",5,"Scss","Starts"
"35505",1992-02-01,"Feb 1992","Row",64,"Scss","Starts"
"35505",1992-02-01,"Feb 1992","Apartment",373,"Scss","Starts"
"35505",1992-02-01,"Feb 1992","All",500,"Scss","Starts"
"35505",1992-03-01,"Mar 1992","Single",66,"Scss","Starts"
"35505",1992-03-01,"Mar 1992","Semi-Detached",7,"Scss","Starts"
"35505",1992-03-01,"Mar 1992","Row",112,"Scss","Starts"
"35505",1992-03-01,"Mar 1992","Apartment",38,"Scss","Starts"
"35505",1992-03-01,"Mar 1992","All",223,"Scss","Starts"
"35505",1992-04-01,"Apr 1992","Single",220,"Scss","Starts"
"35505",1992-04-01,"Apr 1992","Semi-Detached",2,"Scss","Starts"
"35505",1992-04-01,"Apr 1992","Row",91,"Scss","Starts"
"35505",1992-04-01,"Apr 1992","Apartment",363,"Scss","Starts"
"35505",1992-04-01,"Apr 1992","All",676,"Scss","Starts"
"35505",1992-05-01,"May 1992","Single",246,"Scss","Starts"
"35505",1992-05-01,"May 1992","Semi-Detached",8,"Scss","Starts"
"35505",1992-05-01,"May 1992","Row",142,"Scss","Starts"
"35505",1992-05-01,"May 1992","Apartment",91,"Scss","Starts"
"35505",1992-05-01,"May 1992","All",487,"Scss","Starts"
"35505",1992-06-01,"Jun 1992","Single",327,"Scss","Starts"
"35505",1992-06-01,"Jun 1992","Semi-Detached",4,"Scss","Starts"
"35505",1992-06-01,"Jun 1992","Row",168,"Scss","Starts"
"35505",1992-06-01,"Jun 1992","Apartment",106,"Scss","Starts"
"35505",1992-06-01,"Jun 1992","All",605,"Scss","Starts"
"35505",1992-07-01,"Jul 1992","Single",357,"Scss","Starts"
"35505",1992-07-01,"Jul 1992","Semi-Detached",20,"Scss","Starts"
"35505",1992-07-01,"Jul 1992","Row",229,"Scss","Starts"
"35505",1992-07-01,"Jul 1992","Apartment",130,"Scss","Starts"
"35505",1992-07-01,"Jul 1992","All",736,"Scss","Starts"
"35505",1992-08-01,"Aug 1992","Single",221,"Scss","Starts"
"35505",1992-08-01,"Aug 1992","Semi-Detached",12,"Scss","Starts"
"35505",1992-08-01,"Aug 1992","Row",121,"Scss","Starts"
"35505",1992-08-01,"Aug 1992","Apartment",190,"Scss","Starts"
"35505",1992-08-01,"Aug 1992","All",544,"Scss","Starts"
"35505",1992-09-01,"Sep 1992","Single",185,"Scss","Starts"
"35505",1992-09-01,"Sep 1992","Semi-Detached",4,"Scss","Starts"
"35505",1992-09-01,"Sep 1992","Row",133,"Scss","Starts"
"35505",1992-09-01,"Sep 1992","Apartment",19,"Scss","Starts"
"35505",1992-09-01,"Sep 1992","All",341,"Scss","Starts"
"35505",1992-10-01,"Oct 1992","Single",241,"Scss","Starts"
"35505",1992-10-01,"Oct 1992","Semi-Detached",10,"Scss","Starts"
"35505",1992-10-01,"Oct 1992","Row",196,"Scss","Starts"
"35505",1992-10-01,"Oct 1992","Apartment",0,"Scss","Starts"
"35505",1992-10-01,"Oct 1992","All",447,"Scss","Starts"
"35505",1992-11-01,"Nov 1992","Single",258,"Scss","Starts"
"35505",1992-11-01,"Nov 1992","Semi-Detached",6,"Scss","Starts"
"35505",1992-11-01,"Nov 1992","Row",140,"Scss","Starts"
"35505",1992-11-01,"Nov 1992","Apartment",264,"Scss","Starts"
"35505",1992-11-01,"Nov 1992","All",668,"Scss","Starts"
"35505",1992-12-01,"Dec 1992","Single",212,"Scss","Starts"
"35505",1992-12-01,"Dec 1992","Semi-Detached",4,"Scss","Starts"
"35505",1992-12-01,"Dec 1992","Row",118,"Scss","Starts"
"35505",1992-12-01,"Dec 1992","Apartment",69,"Scss","Starts"
"35505",1992-12-01,"Dec 1992","All",403,"Scss","Starts"
"35505",1993-01-01,"Jan 1993","Single",99,"Scss","Starts"
"35505",1993-01-01,"Jan 1993","Semi-Detached",2,"Scss","Starts"
"35505",1993-01-01,"Jan 1993","Row",69,"Scss","Starts"
"35505",1993-01-01,"Jan 1993","Apartment",0,"Scss","Starts"
"35505",1993-01-01,"Jan 1993","All",170,"Scss","Starts"
"35505",1993-02-01,"Feb 1993","Single",44,"Scss","Starts"
"35505",1993-02-01,"Feb 1993","Semi-Detached",2,"Scss","Starts"
"35505",1993-02-01,"Feb 1993","Row",84,"Scss","Starts"
"35505",1993-02-01,"Feb 1993","Apartment",0,"Scss","Starts"
"35505",1993-02-01,"Feb 1993","All",130,"Scss","Starts"
"35505",1993-03-01,"Mar 1993","Single",65,"Scss","Starts"
"35505",1993-03-01,"Mar 1993","Semi-Detached",2,"Scss","Starts"
"35505",1993-03-01,"Mar 1993","Row",99,"Scss","Starts"
"35505",1993-03-01,"Mar 1993","Apartment",83,"Scss","Starts"
"35505",1993-03-01,"Mar 1993","All",249,"Scss","Starts"
"35505",1993-04-01,"Apr 1993","Single",131,"Scss","Starts"
"35505",1993-04-01,"Apr 1993","Semi-Detached",4,"Scss","Starts"
"35505",1993-04-01,"Apr 1993","Row",153,"Scss","Starts"
"35505",1993-04-01,"Apr 1993","Apartment",55,"Scss","Starts"
"35505",1993-04-01,"Apr 1993","All",343,"Scss","Starts"
"35505",1993-05-01,"May 1993","Single",226,"Scss","Starts"
"35505",1993-05-01,"May 1993","Semi-Detached",6,"Scss","Starts"
"35505",1993-05-01,"May 1993","Row",136,"Scss","Starts"
"35505",1993-05-01,"May 1993","Apartment",55,"Scss","Starts"
"35505",1993-05-01,"May 1993","All",423,"Scss","Starts"
"35505",1993-06-01,"Jun 1993","Single",191,"Scss","Starts"
"35505",1993-06-01,"Jun 1993","Semi-Detached",8,"Scss","Starts"
"35505",1993-06-01,"Jun 1993","Row",184,"Scss","Starts"
"35505",1993-06-01,"Jun 1993","Apartment",19,"Scss","Starts"
"35505",1993-06-01,"Jun 1993","All",402,"Scss","Starts"
"35505",1993-07-01,"Jul 1993","Single",245,"Scss","Starts"
"35505",1993-07-01,"Jul 1993","Semi-Detached",12,"Scss","Starts"
"35505",1993-07-01,"Jul 1993","Row",242,"Scss","Starts"
"35505",1993-07-01,"Jul 1993","Apartment",62,"Scss","Starts"
"35505",1993-07-01,"Jul 1993","All",561,"Scss","Starts"
"35505",1993-08-01,"Aug 1993","Single",180,"Scss","Starts"
"35505",1993-08-01,"Aug 1993","Semi-Detached",26,"Scss","Starts"
"35505",1993-08-01,"Aug 1993","Row",216,"Scss","Starts"
"35505",1993-08-01,"Aug 1993","Apartment",6,"Scss","Starts"
"35505",1993-08-01,"Aug 1993","All",428,"Scss","Starts"
"35505",1993-09-01,"Sep 1993","Single",234,"Scss","Starts"
"35505",1993-09-01,"Sep 1993","Semi-Detached",4,"Scss","Starts"
"35505",1993-09-01,"Sep 1993","Row",106,"Scss","Starts"
"35505",1993-09-01,"Sep 1993","Apartment",122,"Scss","Starts"
"35505",1993-09-01,"Sep 1993","All",466,"Scss","Starts"
"35505",1993-10-01,"Oct 1993","Single",170,"Scss","Starts"
"35505",1993-10-01,"Oct 1993","Semi-Detached",6,"Scss","Starts"
"35505",1993-10-01,"Oct 1993","Row",185,"Scss","Starts"
"35505",1993-10-01,"Oct 1993","Apartment",57,"Scss","Starts"
"35505",1993-10-01,"Oct 1993","All",418,"Scss","Starts"
"35505",1993-11-01,"Nov 1993","Single",142,"Scss","Starts"
"35505",1993-11-01,"Nov 1993","Semi-Detached",10,"Scss","Starts"
"35505",1993-11-01,"Nov 1993","Row",177,"Scss","Starts"
"35505",1993-11-01,"Nov 1993","Apartment",30,"Scss","Starts"
"35505",1993-11-01,"Nov 1993","All",359,"Scss","Starts"
"35505",1993-12-01,"Dec 1993","Single",131,"Scss","Starts"
"35505",1993-12-01,"Dec 1993","Semi-Detached",10,"Scss","Starts"
"35505",1993-12-01,"Dec 1993","Row",125,"Scss","Starts"
"35505",1993-12-01,"Dec 1993","Apartment",206,"Scss","Starts"
"35505",1993-12-01,"Dec 1993","All",472,"Scss","Starts"
"35505",1994-01-01,"Jan 1994","Single",76,"Scss","Starts"
"35505",1994-01-01,"Jan 1994","Semi-Detached",10,"Scss","Starts"
"35505",1994-01-01,"Jan 1994","Row",48,"Scss","Starts"
"35505",1994-01-01,"Jan 1994","Apartment",8,"Scss","Starts"
"35505",1994-01-01,"Jan 1994","All",142,"Scss","Starts"
"35505",1994-02-01,"Feb 1994","Single",51,"Scss","Starts"
"35505",1994-02-01,"Feb 1994","Semi-Detached",8,"Scss","Starts"
"35505",1994-02-01,"Feb 1994","Row",98,"Scss","Starts"
"35505",1994-02-01,"Feb 1994","Apartment",0,"Scss","Starts"
"35505",1994-02-01,"Feb 1994","All",157,"Scss","Starts"
"35505",1994-03-01,"Mar 1994","Single",64,"Scss","Starts"
"35505",1994-03-01,"Mar 1994","Semi-Detached",4,"Scss","Starts"
"35505",1994-03-01,"Mar 1994","Row",94,"Scss","Starts"
"35505",1994-03-01,"Mar 1994","Apartment",0,"Scss","Starts"
"35505",1994-03-01,"Mar 1994","All",162,"Scss","Starts"
"35505",1994-04-01,"Apr 1994","Single",188,"Scss","Starts"
"35505",1994-04-01,"Apr 1994","Semi-Detached",6,"Scss","Starts"
"35505",1994-04-01,"Apr 1994","Row",193,"Scss","Starts"
"35505",1994-04-01,"Apr 1994","Apartment",0,"Scss","Starts"
"35505",1994-04-01,"Apr 1994","All",387,"Scss","Starts"
"35505",1994-05-01,"May 1994","Single",215,"Scss","Starts"
"35505",1994-05-01,"May 1994","Semi-Detached",18,"Scss","Starts"
"35505",1994-05-01,"May 1994","Row",233,"Scss","Starts"
"35505",1994-05-01,"May 1994","Apartment",24,"Scss","Starts"
"35505",1994-05-01,"May 1994","All",490,"Scss","Starts"
"35505",1994-06-01,"Jun 1994","Single",262,"Scss","Starts"
"35505",1994-06-01,"Jun 1994","Semi-Detached",18,"Scss","Starts"
"35505",1994-06-01,"Jun 1994","Row",254,"Scss","Starts"
"35505",1994-06-01,"Jun 1994","Apartment",26,"Scss","Starts"
"35505",1994-06-01,"Jun 1994","All",560,"Scss","Starts"
"35505",1994-07-01,"Jul 1994","Single",251,"Scss","Starts"
"35505",1994-07-01,"Jul 1994","Semi-Detached",12,"Scss","Starts"
"35505",1994-07-01,"Jul 1994","Row",271,"Scss","Starts"
"35505",1994-07-01,"Jul 1994","Apartment",40,"Scss","Starts"
"35505",1994-07-01,"Jul 1994","All",574,"Scss","Starts"
"35505",1994-08-01,"Aug 1994","Single",167,"Scss","Starts"
"35505",1994-08-01,"Aug 1994","Semi-Detached",22,"Scss","Starts"
"35505",1994-08-01,"Aug 1994","Row",134,"Scss","Starts"
"35505",1994-08-01,"Aug 1994","Apartment",0,"Scss","Starts"
"35505",1994-08-01,"Aug 1994","All",323,"Scss","Starts"
"35505",1994-09-01,"Sep 1994","Single",148,"Scss","Starts"
"35505",1994-09-01,"Sep 1994","Semi-Detached",16,"Scss","Starts"
"35505",1994-09-01,"Sep 1994","Row",160,"Scss","Starts"
"35505",1994-09-01,"Sep 1994","Apartment",12,"Scss","Starts"
"35505",1994-09-01,"Sep 1994","All",336,"Scss","Starts"
"35505",1994-10-01,"Oct 1994","Single",116,"Scss","Starts"
"35505",1994-10-01,"Oct 1994","Semi-Detached",18,"Scss","Starts"
"35505",1994-10-01,"Oct 1994","Row",132,"Scss","Starts"
"35505",1994-10-01,"Oct 1994","Apartment",70,"Scss","Starts"
"35505",1994-10-01,"Oct 1994","All",336,"Scss","Starts"
"35505",1994-11-01,"Nov 1994","Single",124,"Scss","Starts"
"35505",1994-11-01,"Nov 1994","Semi-Detached",12,"Scss","Starts"
"35505",1994-11-01,"Nov 1994","Row",131,"Scss","Starts"
"35505",1994-11-01,"Nov 1994","Apartment",56,"Scss","Starts"
"35505",1994-11-01,"Nov 1994","All",323,"Scss","Starts"
"35505",1994-12-01,"Dec 1994","Single",70,"Scss","Starts"
"35505",1994-12-01,"Dec 1994","Semi-Detached",5,"Scss","Starts"
"35505",1994-12-01,"Dec 1994","Row",60,"Scss","Starts"
"35505",1994-12-01,"Dec 1994","Apartment",4,"Scss","Starts"
"35505",1994-12-01,"Dec 1994","All",139,"Scss","Starts"
"35505",1995-01-01,"Jan 1995","Single",28,"Scss","Starts"
"35505",1995-01-01,"Jan 1995","Semi-Detached",0,"Scss","Starts"
"35505",1995-01-01,"Jan 1995","Row",17,"Scss","Starts"
"35505",1995-01-01,"Jan 1995","Apartment",11,"Scss","Starts"
"35505",1995-01-01,"Jan 1995","All",56,"Scss","Starts"
"35505",1995-02-01,"Feb 1995","Single",19,"Scss","Starts"
"35505",1995-02-01,"Feb 1995","Semi-Detached",4,"Scss","Starts"
"35505",1995-02-01,"Feb 1995","Row",16,"Scss","Starts"
"35505",1995-02-01,"Feb 1995","Apartment",0,"Scss","Starts"
"35505",1995-02-01,"Feb 1995","All",39,"Scss","Starts"
"35505",1995-03-01,"Mar 1995","Single",20,"Scss","Starts"
"35505",1995-03-01,"Mar 1995","Semi-Detached",0,"Scss","Starts"
"35505",1995-03-01,"Mar 1995","Row",63,"Scss","Starts"
"35505",1995-03-01,"Mar 1995","Apartment",0,"Scss","Starts"
"35505",1995-03-01,"Mar 1995","All",83,"Scss","Starts"
"35505",1995-04-01,"Apr 1995","Single",55,"Scss","Starts"
"35505",1995-04-01,"Apr 1995","Semi-Detached",2,"Scss","Starts"
"35505",1995-04-01,"Apr 1995","Row",71,"Scss","Starts"
"35505",1995-04-01,"Apr 1995","Apartment",145,"Scss","Starts"
"35505",1995-04-01,"Apr 1995","All",273,"Scss","Starts"
"35505",1995-05-01,"May 1995","Single",78,"Scss","Starts"
"35505",1995-05-01,"May 1995","Semi-Detached",2,"Scss","Starts"
"35505",1995-05-01,"May 1995","Row",41,"Scss","Starts"
"35505",1995-05-01,"May 1995","Apartment",6,"Scss","Starts"
"35505",1995-05-01,"May 1995","All",127,"Scss","Starts"
"35505",1995-06-01,"Jun 1995","Single",110,"Scss","Starts"
"35505",1995-06-01,"Jun 1995","Semi-Detached",8,"Scss","Starts"
"35505",1995-06-01,"Jun 1995","Row",152,"Scss","Starts"
"35505",1995-06-01,"Jun 1995","Apartment",29,"Scss","Starts"
"35505",1995-06-01,"Jun 1995","All",299,"Scss","Starts"
"35505",1995-07-01,"Jul 1995","Single",79,"Scss","Starts"
"35505",1995-07-01,"Jul 1995","Semi-Detached",4,"Scss","Starts"
"35505",1995-07-01,"Jul 1995","Row",50,"Scss","Starts"
"35505",1995-07-01,"Jul 1995","Apartment",50,"Scss","Starts"
"35505",1995-07-01,"Jul 1995","All",183,"Scss","Starts"
"35505",1995-08-01,"Aug 1995","Single",87,"Scss","Starts"
"35505",1995-08-01,"Aug 1995","Semi-Detached",13,"Scss","Starts"
"35505",1995-08-01,"Aug 1995","Row",62,"Scss","Starts"
"35505",1995-08-01,"Aug 1995","Apartment",14,"Scss","Starts"
"35505",1995-08-01,"Aug 1995","All",176,"Scss","Starts"
"35505",1995-09-01,"Sep 1995","Single",97,"Scss","Starts"
"35505",1995-09-01,"Sep 1995","Semi-Detached",6,"Scss","Starts"
"35505",1995-09-01,"Sep 1995","Row",97,"Scss","Starts"
"35505",1995-09-01,"Sep 1995","Apartment",226,"Scss","Starts"
"35505",1995-09-01,"Sep 1995","All",426,"Scss","Starts"
"35505",1995-10-01,"Oct 1995","Single",83,"Scss","Starts"
"35505",1995-10-01,"Oct 1995","Semi-Detached",0,"Scss","Starts"
"35505",1995-10-01,"Oct 1995","Row",92,"Scss","Starts"
"35505",1995-10-01,"Oct 1995","Apartment",0,"Scss","Starts"
"35505",1995-10-01,"Oct 1995","All",175,"Scss","Starts"
"35505",1995-11-01,"Nov 1995","Single",81,"Scss","Starts"
"35505",1995-11-01,"Nov 1995","Semi-Detached",0,"Scss","Starts"
"35505",1995-11-01,"Nov 1995","Row",101,"Scss","Starts"
"35505",1995-11-01,"Nov 1995","Apartment",10,"Scss","Starts"
"35505",1995-11-01,"Nov 1995","All",192,"Scss","Starts"
"35505",1995-12-01,"Dec 1995","Single",70,"Scss","Starts"
"35505",1995-12-01,"Dec 1995","Semi-Detached",2,"Scss","Starts"
"35505",1995-12-01,"Dec 1995","Row",89,"Scss","Starts"
"35505",1995-12-01,"Dec 1995","Apartment",0,"Scss","Starts"
"35505",1995-12-01,"Dec 1995","All",161,"Scss","Starts"
"35505",1996-01-01,"Jan 1996","Single",29,"Scss","Starts"
"35505",1996-01-01,"Jan 1996","Semi-Detached",8,"Scss","Starts"
"35505",1996-01-01,"Jan 1996","Row",39,"Scss","Starts"
"35505",1996-01-01,"Jan 1996","Apartment",0,"Scss","Starts"
"35505",1996-01-01,"Jan 1996","All",76,"Scss","Starts"
"35505",1996-02-01,"Feb 1996","Single",43,"Scss","Starts"
"35505",1996-02-01,"Feb 1996","Semi-Detached",2,"Scss","Starts"
"35505",1996-02-01,"Feb 1996","Row",27,"Scss","Starts"
"35505",1996-02-01,"Feb 1996","Apartment",10,"Scss","Starts"
"35505",1996-02-01,"Feb 1996","All",82,"Scss","Starts"
"35505",1996-03-01,"Mar 1996","Single",38,"Scss","Starts"
"35505",1996-03-01,"Mar 1996","Semi-Detached",2,"Scss","Starts"
"35505",1996-03-01,"Mar 1996","Row",84,"Scss","Starts"
"35505",1996-03-01,"Mar 1996","Apartment",0,"Scss","Starts"
"35505",1996-03-01,"Mar 1996","All",124,"Scss","Starts"
"35505",1996-04-01,"Apr 1996","Single",108,"Scss","Starts"
"35505",1996-04-01,"Apr 1996","Semi-Detached",4,"Scss","Starts"
"35505",1996-04-01,"Apr 1996","Row",104,"Scss","Starts"
"35505",1996-04-01,"Apr 1996","Apartment",36,"Scss","Starts"
"35505",1996-04-01,"Apr 1996","All",252,"Scss","Starts"
"35505",1996-05-01,"May 1996","Single",143,"Scss","Starts"
"35505",1996-05-01,"May 1996","Semi-Detached",6,"Scss","Starts"
"35505",1996-05-01,"May 1996","Row",84,"Scss","Starts"
"35505",1996-05-01,"May 1996","Apartment",12,"Scss","Starts"
"35505",1996-05-01,"May 1996","All",245,"Scss","Starts"
"35505",1996-06-01,"Jun 1996","Single",175,"Scss","Starts"
"35505",1996-06-01,"Jun 1996","Semi-Detached",16,"Scss","Starts"
"35505",1996-06-01,"Jun 1996","Row",108,"Scss","Starts"
"35505",1996-06-01,"Jun 1996","Apartment",0,"Scss","Starts"
"35505",1996-06-01,"Jun 1996","All",299,"Scss","Starts"
"35505",1996-07-01,"Jul 1996","Single",189,"Scss","Starts"
"35505",1996-07-01,"Jul 1996","Semi-Detached",12,"Scss","Starts"
"35505",1996-07-01,"Jul 1996","Row",166,"Scss","Starts"
"35505",1996-07-01,"Jul 1996","Apartment",0,"Scss","Starts"
"35505",1996-07-01,"Jul 1996","All",367,"Scss","Starts"
"35505",1996-08-01,"Aug 1996","Single",156,"Scss","Starts"
"35505",1996-08-01,"Aug 1996","Semi-Detached",11,"Scss","Starts"
"35505",1996-08-01,"Aug 1996","Row",204,"Scss","Starts"
"35505",1996-08-01,"Aug 1996","Apartment",38,"Scss","Starts"
"35505",1996-08-01,"Aug 1996","All",409,"Scss","Starts"
"35505",1996-09-01,"Sep 1996","Single",144,"Scss","Starts"
"35505",1996-09-01,"Sep 1996","Semi-Detached",8,"Scss","Starts"
"35505",1996-09-01,"Sep 1996","Row",112,"Scss","Starts"
"35505",1996-09-01,"Sep 1996","Apartment",56,"Scss","Starts"
"35505",1996-09-01,"Sep 1996","All",320,"Scss","Starts"
"35505",1996-10-01,"Oct 1996","Single",96,"Scss","Starts"
"35505",1996-10-01,"Oct 1996","Semi-Detached",24,"Scss","Starts"
"35505",1996-10-01,"Oct 1996","Row",86,"Scss","Starts"
"35505",1996-10-01,"Oct 1996","Apartment",0,"Scss","Starts"
"35505",1996-10-01,"Oct 1996","All",206,"Scss","Starts"
"35505",1996-11-01,"Nov 1996","Single",162,"Scss","Starts"
"35505",1996-11-01,"Nov 1996","Semi-Detached",32,"Scss","Starts"
"35505",1996-11-01,"Nov 1996","Row",113,"Scss","Starts"
"35505",1996-11-01,"Nov 1996","Apartment",14,"Scss","Starts"
"35505",1996-11-01,"Nov 1996","All",321,"Scss","Starts"
"35505",1996-12-01,"Dec 1996","Single",156,"Scss","Starts"
"35505",1996-12-01,"Dec 1996","Semi-Detached",26,"Scss","Starts"
"35505",1996-12-01,"Dec 1996","Row",151,"Scss","Starts"
"35505",1996-12-01,"Dec 1996","Apartment",32,"Scss","Starts"
"35505",1996-12-01,"Dec 1996","All",365,"Scss","Starts"
"35505",1997-01-01,"Jan 1997","Single",80,"Scss","Starts"
"35505",1997-01-01,"Jan 1997","Semi-Detached",8,"Scss","Starts"
"35505",1997-01-01,"Jan 1997","Row",90,"Scss","Starts"
"35505",1997-01-01,"Jan 1997","Apartment",31,"Scss","Starts"
"35505",1997-01-01,"Jan 1997","All",209,"Scss","Starts"
"35505",1997-02-01,"Feb 1997","Single",66,"Scss","Starts"
"35505",1997-02-01,"Feb 1997","Semi-Detached",0,"Scss","Starts"
"35505",1997-02-01,"Feb 1997","Row",46,"Scss","Starts"
"35505",1997-02-01,"Feb 1997","Apartment",0,"Scss","Starts"
"35505",1997-02-01,"Feb 1997","All",112,"Scss","Starts"
"35505",1997-03-01,"Mar 1997","Single",79,"Scss","Starts"
"35505",1997-03-01,"Mar 1997","Semi-Detached",0,"Scss","Starts"
"35505",1997-03-01,"Mar 1997","Row",37,"Scss","Starts"
"35505",1997-03-01,"Mar 1997","Apartment",0,"Scss","Starts"
"35505",1997-03-01,"Mar 1997","All",116,"Scss","Starts"
"35505",1997-04-01,"Apr 1997","Single",160,"Scss","Starts"
"35505",1997-04-01,"Apr 1997","Semi-Detached",4,"Scss","Starts"
"35505",1997-04-01,"Apr 1997","Row",116,"Scss","Starts"
"35505",1997-04-01,"Apr 1997","Apartment",18,"Scss","Starts"
"35505",1997-04-01,"Apr 1997","All",298,"Scss","Starts"
"35505",1997-05-01,"May 1997","Single",234,"Scss","Starts"
"35505",1997-05-01,"May 1997","Semi-Detached",14,"Scss","Starts"
"35505",1997-05-01,"May 1997","Row",168,"Scss","Starts"
"35505",1997-05-01,"May 1997","Apartment",16,"Scss","Starts"
"35505",1997-05-01,"May 1997","All",432,"Scss","Starts"
"35505",1997-06-01,"Jun 1997","Single",250,"Scss","Starts"
"35505",1997-06-01,"Jun 1997","Semi-Detached",8,"Scss","Starts"
"35505",1997-06-01,"Jun 1997","Row",89,"Scss","Starts"
"35505",1997-06-01,"Jun 1997","Apartment",6,"Scss","Starts"
"35505",1997-06-01,"Jun 1997","All",353,"Scss","Starts"
"35505",1997-07-01,"Jul 1997","Single",193,"Scss","Starts"
"35505",1997-07-01,"Jul 1997","Semi-Detached",14,"Scss","Starts"
"35505",1997-07-01,"Jul 1997","Row",124,"Scss","Starts"
"35505",1997-07-01,"Jul 1997","Apartment",40,"Scss","Starts"
"35505",1997-07-01,"Jul 1997","All",371,"Scss","Starts"
"35505",1997-08-01,"Aug 1997","Single",244,"Scss","Starts"
"35505",1997-08-01,"Aug 1997","Semi-Detached",28,"Scss","Starts"
"35505",1997-08-01,"Aug 1997","Row",108,"Scss","Starts"
"35505",1997-08-01,"Aug 1997","Apartment",6,"Scss","Starts"
"35505",1997-08-01,"Aug 1997","All",386,"Scss","Starts"
"35505",1997-09-01,"Sep 1997","Single",197,"Scss","Starts"
"35505",1997-09-01,"Sep 1997","Semi-Detached",18,"Scss","Starts"
"35505",1997-09-01,"Sep 1997","Row",132,"Scss","Starts"
"35505",1997-09-01,"Sep 1997","Apartment",10,"Scss","Starts"
"35505",1997-09-01,"Sep 1997","All",357,"Scss","Starts"
"35505",1997-10-01,"Oct 1997","Single",207,"Scss","Starts"
"35505",1997-10-01,"Oct 1997","Semi-Detached",14,"Scss","Starts"
"35505",1997-10-01,"Oct 1997","Row",69,"Scss","Starts"
"35505",1997-10-01,"Oct 1997","Apartment",0,"Scss","Starts"
"35505",1997-10-01,"Oct 1997","All",290,"Scss","Starts"
"35505",1997-11-01,"Nov 1997","Single",210,"Scss","Starts"
"35505",1997-11-01,"Nov 1997","Semi-Detached",6,"Scss","Starts"
"35505",1997-11-01,"Nov 1997","Row",110,"Scss","Starts"
"35505",1997-11-01,"Nov 1997","Apartment",0,"Scss","Starts"
"35505",1997-11-01,"Nov 1997","All",326,"Scss","Starts"
"35505",1997-12-01,"Dec 1997","Single",133,"Scss","Starts"
"35505",1997-12-01,"Dec 1997","Semi-Detached",6,"Scss","Starts"
"35505",1997-12-01,"Dec 1997","Row",96,"Scss","Starts"
"35505",1997-12-01,"Dec 1997","Apartment",0,"Scss","Starts"
"35505",1997-12-01,"Dec 1997","All",235,"Scss","Starts"
"35505",1998-01-01,"Jan 1998","Single",52,"Scss","Starts"
"35505",1998-01-01,"Jan 1998","Semi-Detached",6,"Scss","Starts"
"35505",1998-01-01,"Jan 1998","Row",37,"Scss","Starts"
"35505",1998-01-01,"Jan 1998","Apartment",0,"Scss","Starts"
"35505",1998-01-01,"Jan 1998","All",95,"Scss","Starts"
"35505",1998-02-01,"Feb 1998","Single",54,"Scss","Starts"
"35505",1998-02-01,"Feb 1998","Semi-Detached",0,"Scss","Starts"
"35505",1998-02-01,"Feb 1998","Row",33,"Scss","Starts"
"35505",1998-02-01,"Feb 1998","Apartment",0,"Scss","Starts"
"35505",1998-02-01,"Feb 1998","All",87,"Scss","Starts"
"35505",1998-03-01,"Mar 1998","Single",86,"Scss","Starts"
"35505",1998-03-01,"Mar 1998","Semi-Detached",4,"Scss","Starts"
"35505",1998-03-01,"Mar 1998","Row",37,"Scss","Starts"
"35505",1998-03-01,"Mar 1998","Apartment",0,"Scss","Starts"
"35505",1998-03-01,"Mar 1998","All",127,"Scss","Starts"
"35505",1998-04-01,"Apr 1998","Single",141,"Scss","Starts"
"35505",1998-04-01,"Apr 1998","Semi-Detached",14,"Scss","Starts"
"35505",1998-04-01,"Apr 1998","Row",89,"Scss","Starts"
"35505",1998-04-01,"Apr 1998","Apartment",0,"Scss","Starts"
"35505",1998-04-01,"Apr 1998","All",244,"Scss","Starts"
"35505",1998-05-01,"May 1998","Single",287,"Scss","Starts"
"35505",1998-05-01,"May 1998","Semi-Detached",20,"Scss","Starts"
"35505",1998-05-01,"May 1998","Row",149,"Scss","Starts"
"35505",1998-05-01,"May 1998","Apartment",8,"Scss","Starts"
"35505",1998-05-01,"May 1998","All",464,"Scss","Starts"
"35505",1998-06-01,"Jun 1998","Single",282,"Scss","Starts"
"35505",1998-06-01,"Jun 1998","Semi-Detached",14,"Scss","Starts"
"35505",1998-06-01,"Jun 1998","Row",111,"Scss","Starts"
"35505",1998-06-01,"Jun 1998","Apartment",8,"Scss","Starts"
"35505",1998-06-01,"Jun 1998","All",415,"Scss","Starts"
"35505",1998-07-01,"Jul 1998","Single",261,"Scss","Starts"
"35505",1998-07-01,"Jul 1998","Semi-Detached",20,"Scss","Starts"
"35505",1998-07-01,"Jul 1998","Row",90,"Scss","Starts"
"35505",1998-07-01,"Jul 1998","Apartment",4,"Scss","Starts"
"35505",1998-07-01,"Jul 1998","All",375,"Scss","Starts"
"35505",1998-08-01,"Aug 1998","Single",244,"Scss","Starts"
"35505",1998-08-01,"Aug 1998","Semi-Detached",10,"Scss","Starts"
"35505",1998-08-01,"Aug 1998","Row",207,"Scss","Starts"
"35505",1998-08-01,"Aug 1998","Apartment",13,"Scss","Starts"
"35505",1998-08-01,"Aug 1998","All",474,"Scss","Starts"
"35505",1998-09-01,"Sep 1998","Single",191,"Scss","Starts"
"35505",1998-09-01,"Sep 1998","Semi-Detached",8,"Scss","Starts"
"35505",1998-09-01,"Sep 1998","Row",109,"Scss","Starts"
"35505",1998-09-01,"Sep 1998","Apartment",0,"Scss","Starts"
"35505",1998-09-01,"Sep 1998","All",308,"Scss","Starts"
"35505",1998-10-01,"Oct 1998","Single",253,"Scss","Starts"
"35505",1998-10-01,"Oct 1998","Semi-Detached",6,"Scss","Starts"
"35505",1998-10-01,"Oct 1998","Row",109,"Scss","Starts"
"35505",1998-10-01,"Oct 1998","Apartment",0,"Scss","Starts"
"35505",1998-10-01,"Oct 1998","All",368,"Scss","Starts"
"35505",1998-11-01,"Nov 1998","Single",220,"Scss","Starts"
"35505",1998-11-01,"Nov 1998","Semi-Detached",8,"Scss","Starts"
"35505",1998-11-01,"Nov 1998","Row",103,"Scss","Starts"
"35505",1998-11-01,"Nov 1998","Apartment",85,"Scss","Starts"
"35505",1998-11-01,"Nov 1998","All",416,"Scss","Starts"
"35505",1998-12-01,"Dec 1998","Single",177,"Scss","Starts"
"35505",1998-12-01,"Dec 1998","Semi-Detached",4,"Scss","Starts"
"35505",1998-12-01,"Dec 1998","Row",61,"Scss","Starts"
"35505",1998-12-01,"Dec 1998","Apartment",0,"Scss","Starts"
"35505",1998-12-01,"Dec 1998","All",242,"Scss","Starts"
"35505",1999-01-01,"Jan 1999","Single",91,"Scss","Starts"
"35505",1999-01-01,"Jan 1999","Semi-Detached",6,"Scss","Starts"
"35505",1999-01-01,"Jan 1999","Row",35,"Scss","Starts"
"35505",1999-01-01,"Jan 1999","Apartment",66,"Scss","Starts"
"35505",1999-01-01,"Jan 1999","All",198,"Scss","Starts"
"35505",1999-02-01,"Feb 1999","Single",89,"Scss","Starts"
"35505",1999-02-01,"Feb 1999","Semi-Detached",18,"Scss","Starts"
"35505",1999-02-01,"Feb 1999","Row",44,"Scss","Starts"
"35505",1999-02-01,"Feb 1999","Apartment",10,"Scss","Starts"
"35505",1999-02-01,"Feb 1999","All",161,"Scss","Starts"
"35505",1999-03-01,"Mar 1999","Single",123,"Scss","Starts"
"35505",1999-03-01,"Mar 1999","Semi-Detached",22,"Scss","Starts"
"35505",1999-03-01,"Mar 1999","Row",86,"Scss","Starts"
"35505",1999-03-01,"Mar 1999","Apartment",12,"Scss","Starts"
"35505",1999-03-01,"Mar 1999","All",243,"Scss","Starts"
"35505",1999-04-01,"Apr 1999","Single",210,"Scss","Starts"
"35505",1999-04-01,"Apr 1999","Semi-Detached",24,"Scss","Starts"
"35505",1999-04-01,"Apr 1999","Row",91,"Scss","Starts"
"35505",1999-04-01,"Apr 1999","Apartment",33,"Scss","Starts"
"35505",1999-04-01,"Apr 1999","All",358,"Scss","Starts"
"35505",1999-05-01,"May 1999","Single",254,"Scss","Starts"
"35505",1999-05-01,"May 1999","Semi-Detached",16,"Scss","Starts"
"35505",1999-05-01,"May 1999","Row",113,"Scss","Starts"
"35505",1999-05-01,"May 1999","Apartment",12,"Scss","Starts"
"35505",1999-05-01,"May 1999","All",395,"Scss","Starts"
"35505",1999-06-01,"Jun 1999","Single",344,"Scss","Starts"
"35505",1999-06-01,"Jun 1999","Semi-Detached",10,"Scss","Starts"
"35505",1999-06-01,"Jun 1999","Row",94,"Scss","Starts"
"35505",1999-06-01,"Jun 1999","Apartment",0,"Scss","Starts"
"35505",1999-06-01,"Jun 1999","All",448,"Scss","Starts"
"35505",1999-07-01,"Jul 1999","Single",342,"Scss","Starts"
"35505",1999-07-01,"Jul 1999","Semi-Detached",20,"Scss","Starts"
"35505",1999-07-01,"Jul 1999","Row",170,"Scss","Starts"
"35505",1999-07-01,"Jul 1999","Apartment",16,"Scss","Starts"
"35505",1999-07-01,"Jul 1999","All",548,"Scss","Starts"
"35505",1999-08-01,"Aug 1999","Single",313,"Scss","Starts"
"35505",1999-08-01,"Aug 1999","Semi-Detached",26,"Scss","Starts"
"35505",1999-08-01,"Aug 1999","Row",133,"Scss","Starts"
"35505",1999-08-01,"Aug 1999","Apartment",9,"Scss","Starts"
"35505",1999-08-01,"Aug 1999","All",481,"Scss","Starts"
"35505",1999-09-01,"Sep 1999","Single",334,"Scss","Starts"
"35505",1999-09-01,"Sep 1999","Semi-Detached",29,"Scss","Starts"
"35505",1999-09-01,"Sep 1999","Row",117,"Scss","Starts"
"35505",1999-09-01,"Sep 1999","Apartment",0,"Scss","Starts"
"35505",1999-09-01,"Sep 1999","All",480,"Scss","Starts"
"35505",1999-10-01,"Oct 1999","Single",226,"Scss","Starts"
"35505",1999-10-01,"Oct 1999","Semi-Detached",30,"Scss","Starts"
"35505",1999-10-01,"Oct 1999","Row",81,"Scss","Starts"
"35505",1999-10-01,"Oct 1999","Apartment",0,"Scss","Starts"
"35505",1999-10-01,"Oct 1999","All",337,"Scss","Starts"
"35505",1999-11-01,"Nov 1999","Single",194,"Scss","Starts"
"35505",1999-11-01,"Nov 1999","Semi-Detached",22,"Scss","Starts"
"35505",1999-11-01,"Nov 1999","Row",40,"Scss","Starts"
"35505",1999-11-01,"Nov 1999","Apartment",12,"Scss","Starts"
"35505",1999-11-01,"Nov 1999","All",268,"Scss","Starts"
"35505",1999-12-01,"Dec 1999","Single",317,"Scss","Starts"
"35505",1999-12-01,"Dec 1999","Semi-Detached",30,"Scss","Starts"
"35505",1999-12-01,"Dec 1999","Row",183,"Scss","Starts"
"35505",1999-12-01,"Dec 1999","Apartment",0,"Scss","Starts"
"35505",1999-12-01,"Dec 1999","All",530,"Scss","Starts"
"35505",2000-01-01,"Jan 2000","Single",132,"Scss","Starts"
"35505",2000-01-01,"Jan 2000","Semi-Detached",18,"Scss","Starts"
"35505",2000-01-01,"Jan 2000","Row",50,"Scss","Starts"
"35505",2000-01-01,"Jan 2000","Apartment",0,"Scss","Starts"
"35505",2000-01-01,"Jan 2000","All",200,"Scss","Starts"
"35505",2000-02-01,"Feb 2000","Single",111,"Scss","Starts"
"35505",2000-02-01,"Feb 2000","Semi-Detached",6,"Scss","Starts"
"35505",2000-02-01,"Feb 2000","Row",57,"Scss","Starts"
"35505",2000-02-01,"Feb 2000","Apartment",0,"Scss","Starts"
"35505",2000-02-01,"Feb 2000","All",174,"Scss","Starts"
"35505",2000-03-01,"Mar 2000","Single",169,"Scss","Starts"
"35505",2000-03-01,"Mar 2000","Semi-Detached",10,"Scss","Starts"
"35505",2000-03-01,"Mar 2000","Row",76,"Scss","Starts"
"35505",2000-03-01,"Mar 2000","Apartment",320,"Scss","Starts"
"35505",2000-03-01,"Mar 2000","All",575,"Scss","Starts"
"35505",2000-04-01,"Apr 2000","Single",302,"Scss","Starts"
"35505",2000-04-01,"Apr 2000","Semi-Detached",46,"Scss","Starts"
"35505",2000-04-01,"Apr 2000","Row",91,"Scss","Starts"
"35505",2000-04-01,"Apr 2000","Apartment",3,"Scss","Starts"
"35505",2000-04-01,"Apr 2000","All",442,"Scss","Starts"
"35505",2000-05-01,"May 2000","Single",394,"Scss","Starts"
"35505",2000-05-01,"May 2000","Semi-Detached",26,"Scss","Starts"
"35505",2000-05-01,"May 2000","Row",133,"Scss","Starts"
"35505",2000-05-01,"May 2000","Apartment",8,"Scss","Starts"
"35505",2000-05-01,"May 2000","All",561,"Scss","Starts"
"35505",2000-06-01,"Jun 2000","Single",355,"Scss","Starts"
"35505",2000-06-01,"Jun 2000","Semi-Detached",30,"Scss","Starts"
"35505",2000-06-01,"Jun 2000","Row",161,"Scss","Starts"
"35505",2000-06-01,"Jun 2000","Apartment",5,"Scss","Starts"
"35505",2000-06-01,"Jun 2000","All",551,"Scss","Starts"
"35505",2000-07-01,"Jul 2000","Single",383,"Scss","Starts"
"35505",2000-07-01,"Jul 2000","Semi-Detached",48,"Scss","Starts"
"35505",2000-07-01,"Jul 2000","Row",147,"Scss","Starts"
"35505",2000-07-01,"Jul 2000","Apartment",14,"Scss","Starts"
"35505",2000-07-01,"Jul 2000","All",592,"Scss","Starts"
"35505",2000-08-01,"Aug 2000","Single",308,"Scss","Starts"
"35505",2000-08-01,"Aug 2000","Semi-Detached",62,"Scss","Starts"
"35505",2000-08-01,"Aug 2000","Row",132,"Scss","Starts"
"35505",2000-08-01,"Aug 2000","Apartment",0,"Scss","Starts"
"35505",2000-08-01,"Aug 2000","All",502,"Scss","Starts"
"35505",2000-09-01,"Sep 2000","Single",345,"Scss","Starts"
"35505",2000-09-01,"Sep 2000","Semi-Detached",24,"Scss","Starts"
"35505",2000-09-01,"Sep 2000","Row",149,"Scss","Starts"
"35505",2000-09-01,"Sep 2000","Apartment",18,"Scss","Starts"
"35505",2000-09-01,"Sep 2000","All",536,"Scss","Starts"
"35505",2000-10-01,"Oct 2000","Single",292,"Scss","Starts"
"35505",2000-10-01,"Oct 2000","Semi-Detached",44,"Scss","Starts"
"35505",2000-10-01,"Oct 2000","Row",143,"Scss","Starts"
"35505",2000-10-01,"Oct 2000","Apartment",187,"Scss","Starts"
"35505",2000-10-01,"Oct 2000","All",666,"Scss","Starts"
"35505",2000-11-01,"Nov 2000","Single",340,"Scss","Starts"
"35505",2000-11-01,"Nov 2000","Semi-Detached",36,"Scss","Starts"
"35505",2000-11-01,"Nov 2000","Row",137,"Scss","Starts"
"35505",2000-11-01,"Nov 2000","Apartment",17,"Scss","Starts"
"35505",2000-11-01,"Nov 2000","All",530,"Scss","Starts"
"35505",2000-12-01,"Dec 2000","Single",363,"Scss","Starts"
"35505",2000-12-01,"Dec 2000","Semi-Detached",50,"Scss","Starts"
"35505",2000-12-01,"Dec 2000","Row",44,"Scss","Starts"
"35505",2000-12-01,"Dec 2000","Apartment",0,"Scss","Starts"
"35505",2000-12-01,"Dec 2000","All",457,"Scss","Starts"
"35505",2001-01-01,"Jan 2001","Single",222,"Scss","Starts"
"35505",2001-01-01,"Jan 2001","Semi-Detached",22,"Scss","Starts"
"35505",2001-01-01,"Jan 2001","Row",95,"Scss","Starts"
"35505",2001-01-01,"Jan 2001","Apartment",0,"Scss","Starts"
"35505",2001-01-01,"Jan 2001","All",339,"Scss","Starts"
"35505",2001-02-01,"Feb 2001","Single",167,"Scss","Starts"
"35505",2001-02-01,"Feb 2001","Semi-Detached",26,"Scss","Starts"
"35505",2001-02-01,"Feb 2001","Row",70,"Scss","Starts"
"35505",2001-02-01,"Feb 2001","Apartment",224,"Scss","Starts"
"35505",2001-02-01,"Feb 2001","All",487,"Scss","Starts"
"35505",2001-03-01,"Mar 2001","Single",336,"Scss","Starts"
"35505",2001-03-01,"Mar 2001","Semi-Detached",58,"Scss","Starts"
"35505",2001-03-01,"Mar 2001","Row",239,"Scss","Starts"
"35505",2001-03-01,"Mar 2001","Apartment",26,"Scss","Starts"
"35505",2001-03-01,"Mar 2001","All",659,"Scss","Starts"
"35505",2001-04-01,"Apr 2001","Single",475,"Scss","Starts"
"35505",2001-04-01,"Apr 2001","Semi-Detached",22,"Scss","Starts"
"35505",2001-04-01,"Apr 2001","Row",136,"Scss","Starts"
"35505",2001-04-01,"Apr 2001","Apartment",71,"Scss","Starts"
"35505",2001-04-01,"Apr 2001","All",704,"Scss","Starts"
"35505",2001-05-01,"May 2001","Single",328,"Scss","Starts"
"35505",2001-05-01,"May 2001","Semi-Detached",36,"Scss","Starts"
"35505",2001-05-01,"May 2001","Row",140,"Scss","Starts"
"35505",2001-05-01,"May 2001","Apartment",20,"Scss","Starts"
"35505",2001-05-01,"May 2001","All",524,"Scss","Starts"
"35505",2001-06-01,"Jun 2001","Single",370,"Scss","Starts"
"35505",2001-06-01,"Jun 2001","Semi-Detached",24,"Scss","Starts"
"35505",2001-06-01,"Jun 2001","Row",161,"Scss","Starts"
"35505",2001-06-01,"Jun 2001","Apartment",60,"Scss","Starts"
"35505",2001-06-01,"Jun 2001","All",615,"Scss","Starts"
"35505",2001-07-01,"Jul 2001","Single",386,"Scss","Starts"
"35505",2001-07-01,"Jul 2001","Semi-Detached",34,"Scss","Starts"
"35505",2001-07-01,"Jul 2001","Row",109,"Scss","Starts"
"35505",2001-07-01,"Jul 2001","Apartment",36,"Scss","Starts"
"35505",2001-07-01,"Jul 2001","All",565,"Scss","Starts"
"35505",2001-08-01,"Aug 2001","Single",326,"Scss","Starts"
"35505",2001-08-01,"Aug 2001","Semi-Detached",28,"Scss","Starts"
"35505",2001-08-01,"Aug 2001","Row",212,"Scss","Starts"
"35505",2001-08-01,"Aug 2001","Apartment",62,"Scss","Starts"
"35505",2001-08-01,"Aug 2001","All",628,"Scss","Starts"
"35505",2001-09-01,"Sep 2001","Single",266,"Scss","Starts"
"35505",2001-09-01,"Sep 2001","Semi-Detached",40,"Scss","Starts"
"35505",2001-09-01,"Sep 2001","Row",130,"Scss","Starts"
"35505",2001-09-01,"Sep 2001","Apartment",140,"Scss","Starts"
"35505",2001-09-01,"Sep 2001","All",576,"Scss","Starts"
"35505",2001-10-01,"Oct 2001","Single",197,"Scss","Starts"
"35505",2001-10-01,"Oct 2001","Semi-Detached",16,"Scss","Starts"
"35505",2001-10-01,"Oct 2001","Row",264,"Scss","Starts"
"35505",2001-10-01,"Oct 2001","Apartment",7,"Scss","Starts"
"35505",2001-10-01,"Oct 2001","All",484,"Scss","Starts"
"35505",2001-11-01,"Nov 2001","Single",207,"Scss","Starts"
"35505",2001-11-01,"Nov 2001","Semi-Detached",8,"Scss","Starts"
"35505",2001-11-01,"Nov 2001","Row",108,"Scss","Starts"
"35505",2001-11-01,"Nov 2001","Apartment",29,"Scss","Starts"
"35505",2001-11-01,"Nov 2001","All",352,"Scss","Starts"
"35505",2001-12-01,"Dec 2001","Single",222,"Scss","Starts"
"35505",2001-12-01,"Dec 2001","Semi-Detached",22,"Scss","Starts"
"35505",2001-12-01,"Dec 2001","Row",74,"Scss","Starts"
"35505",2001-12-01,"Dec 2001","Apartment",0,"Scss","Starts"
"35505",2001-12-01,"Dec 2001","All",318,"Scss","Starts"
"35505",2002-01-01,"Jan 2002","Single",193,"Scss","Starts"
"35505",2002-01-01,"Jan 2002","Semi-Detached",12,"Scss","Starts"
"35505",2002-01-01,"Jan 2002","Row",158,"Scss","Starts"
"35505",2002-01-01,"Jan 2002","Apartment",120,"Scss","Starts"
"35505",2002-01-01,"Jan 2002","All",483,"Scss","Starts"
"35505",2002-02-01,"Feb 2002","Single",141,"Scss","Starts"
"35505",2002-02-01,"Feb 2002","Semi-Detached",20,"Scss","Starts"
"35505",2002-02-01,"Feb 2002","Row",132,"Scss","Starts"
"35505",2002-02-01,"Feb 2002","Apartment",24,"Scss","Starts"
"35505",2002-02-01,"Feb 2002","All",317,"Scss","Starts"
"35505",2002-03-01,"Mar 2002","Single",219,"Scss","Starts"
"35505",2002-03-01,"Mar 2002","Semi-Detached",12,"Scss","Starts"
"35505",2002-03-01,"Mar 2002","Row",108,"Scss","Starts"
"35505",2002-03-01,"Mar 2002","Apartment",389,"Scss","Starts"
"35505",2002-03-01,"Mar 2002","All",728,"Scss","Starts"
"35505",2002-04-01,"Apr 2002","Single",319,"Scss","Starts"
"35505",2002-04-01,"Apr 2002","Semi-Detached",38,"Scss","Starts"
"35505",2002-04-01,"Apr 2002","Row",194,"Scss","Starts"
"35505",2002-04-01,"Apr 2002","Apartment",143,"Scss","Starts"
"35505",2002-04-01,"Apr 2002","All",694,"Scss","Starts"
"35505",2002-05-01,"May 2002","Single",410,"Scss","Starts"
"35505",2002-05-01,"May 2002","Semi-Detached",40,"Scss","Starts"
"35505",2002-05-01,"May 2002","Row",236,"Scss","Starts"
"35505",2002-05-01,"May 2002","Apartment",459,"Scss","Starts"
"35505",2002-05-01,"May 2002","All",1145,"Scss","Starts"
"35505",2002-06-01,"Jun 2002","Single",345,"Scss","Starts"
"35505",2002-06-01,"Jun 2002","Semi-Detached",36,"Scss","Starts"
"35505",2002-06-01,"Jun 2002","Row",132,"Scss","Starts"
"35505",2002-06-01,"Jun 2002","Apartment",26,"Scss","Starts"
"35505",2002-06-01,"Jun 2002","All",539,"Scss","Starts"
"35505",2002-07-01,"Jul 2002","Single",503,"Scss","Starts"
"35505",2002-07-01,"Jul 2002","Semi-Detached",26,"Scss","Starts"
"35505",2002-07-01,"Jul 2002","Row",148,"Scss","Starts"
"35505",2002-07-01,"Jul 2002","Apartment",6,"Scss","Starts"
"35505",2002-07-01,"Jul 2002","All",683,"Scss","Starts"
"35505",2002-08-01,"Aug 2002","Single",512,"Scss","Starts"
"35505",2002-08-01,"Aug 2002","Semi-Detached",42,"Scss","Starts"
"35505",2002-08-01,"Aug 2002","Row",210,"Scss","Starts"
"35505",2002-08-01,"Aug 2002","Apartment",68,"Scss","Starts"
"35505",2002-08-01,"Aug 2002","All",832,"Scss","Starts"
"35505",2002-09-01,"Sep 2002","Single",334,"Scss","Starts"
"35505",2002-09-01,"Sep 2002","Semi-Detached",8,"Scss","Starts"
"35505",2002-09-01,"Sep 2002","Row",209,"Scss","Starts"
"35505",2002-09-01,"Sep 2002","Apartment",9,"Scss","Starts"
"35505",2002-09-01,"Sep 2002","All",560,"Scss","Starts"
"35505",2002-10-01,"Oct 2002","Single",347,"Scss","Starts"
"35505",2002-10-01,"Oct 2002","Semi-Detached",18,"Scss","Starts"
"35505",2002-10-01,"Oct 2002","Row",232,"Scss","Starts"
"35505",2002-10-01,"Oct 2002","Apartment",160,"Scss","Starts"
"35505",2002-10-01,"Oct 2002","All",757,"Scss","Starts"
"35505",2002-11-01,"Nov 2002","Single",280,"Scss","Starts"
"35505",2002-11-01,"Nov 2002","Semi-Detached",42,"Scss","Starts"
"35505",2002-11-01,"Nov 2002","Row",163,"Scss","Starts"
"35505",2002-11-01,"Nov 2002","Apartment",37,"Scss","Starts"
"35505",2002-11-01,"Nov 2002","All",522,"Scss","Starts"
"35505",2002-12-01,"Dec 2002","Single",204,"Scss","Starts"
"35505",2002-12-01,"Dec 2002","Semi-Detached",22,"Scss","Starts"
"35505",2002-12-01,"Dec 2002","Row",50,"Scss","Starts"
"35505",2002-12-01,"Dec 2002","Apartment",260,"Scss","Starts"
"35505",2002-12-01,"Dec 2002","All",536,"Scss","Starts"
"35505",2003-01-01,"Jan 2003","Single",119,"Scss","Starts"
"35505",2003-01-01,"Jan 2003","Semi-Detached",22,"Scss","Starts"
"35505",2003-01-01,"Jan 2003","Row",183,"Scss","Starts"
"35505",2003-01-01,"Jan 2003","Apartment",0,"Scss","Starts"
"35505",2003-01-01,"Jan 2003","All",324,"Scss","Starts"
"35505",2003-02-01,"Feb 2003","Single",105,"Scss","Starts"
"35505",2003-02-01,"Feb 2003","Semi-Detached",30,"Scss","Starts"
"35505",2003-02-01,"Feb 2003","Row",129,"Scss","Starts"
"35505",2003-02-01,"Feb 2003","Apartment",15,"Scss","Starts"
"35505",2003-02-01,"Feb 2003","All",279,"Scss","Starts"
"35505",2003-03-01,"Mar 2003","Single",160,"Scss","Starts"
"35505",2003-03-01,"Mar 2003","Semi-Detached",28,"Scss","Starts"
"35505",2003-03-01,"Mar 2003","Row",111,"Scss","Starts"
"35505",2003-03-01,"Mar 2003","Apartment",147,"Scss","Starts"
"35505",2003-03-01,"Mar 2003","All",446,"Scss","Starts"
"35505",2003-04-01,"Apr 2003","Single",373,"Scss","Starts"
"35505",2003-04-01,"Apr 2003","Semi-Detached",24,"Scss","Starts"
"35505",2003-04-01,"Apr 2003","Row",130,"Scss","Starts"
"35505",2003-04-01,"Apr 2003","Apartment",165,"Scss","Starts"
"35505",2003-04-01,"Apr 2003","All",692,"Scss","Starts"
"35505",2003-05-01,"May 2003","Single",263,"Scss","Starts"
"35505",2003-05-01,"May 2003","Semi-Detached",34,"Scss","Starts"
"35505",2003-05-01,"May 2003","Row",203,"Scss","Starts"
"35505",2003-05-01,"May 2003","Apartment",0,"Scss","Starts"
"35505",2003-05-01,"May 2003","All",500,"Scss","Starts"
"35505",2003-06-01,"Jun 2003","Single",351,"Scss","Starts"
"35505",2003-06-01,"Jun 2003","Semi-Detached",40,"Scss","Starts"
"35505",2003-06-01,"Jun 2003","Row",253,"Scss","Starts"
"35505",2003-06-01,"Jun 2003","Apartment",70,"Scss","Starts"
"35505",2003-06-01,"Jun 2003","All",714,"Scss","Starts"
"35505",2003-07-01,"Jul 2003","Single",329,"Scss","Starts"
"35505",2003-07-01,"Jul 2003","Semi-Detached",24,"Scss","Starts"
"35505",2003-07-01,"Jul 2003","Row",235,"Scss","Starts"
"35505",2003-07-01,"Jul 2003","Apartment",3,"Scss","Starts"
"35505",2003-07-01,"Jul 2003","All",591,"Scss","Starts"
"35505",2003-08-01,"Aug 2003","Single",317,"Scss","Starts"
"35505",2003-08-01,"Aug 2003","Semi-Detached",19,"Scss","Starts"
"35505",2003-08-01,"Aug 2003","Row",273,"Scss","Starts"
"35505",2003-08-01,"Aug 2003","Apartment",158,"Scss","Starts"
"35505",2003-08-01,"Aug 2003","All",767,"Scss","Starts"
"35505",2003-09-01,"Sep 2003","Single",218,"Scss","Starts"
"35505",2003-09-01,"Sep 2003","Semi-Detached",16,"Scss","Starts"
"35505",2003-09-01,"Sep 2003","Row",182,"Scss","Starts"
"35505",2003-09-01,"Sep 2003","Apartment",0,"Scss","Starts"
"35505",2003-09-01,"Sep 2003","All",416,"Scss","Starts"
"35505",2003-10-01,"Oct 2003","Single",275,"Scss","Starts"
"35505",2003-10-01,"Oct 2003","Semi-Detached",34,"Scss","Starts"
"35505",2003-10-01,"Oct 2003","Row",91,"Scss","Starts"
"35505",2003-10-01,"Oct 2003","Apartment",114,"Scss","Starts"
"35505",2003-10-01,"Oct 2003","All",514,"Scss","Starts"
"35505",2003-11-01,"Nov 2003","Single",367,"Scss","Starts"
"35505",2003-11-01,"Nov 2003","Semi-Detached",68,"Scss","Starts"
"35505",2003-11-01,"Nov 2003","Row",217,"Scss","Starts"
"35505",2003-11-01,"Nov 2003","Apartment",15,"Scss","Starts"
"35505",2003-11-01,"Nov 2003","All",667,"Scss","Starts"
"35505",2003-12-01,"Dec 2003","Single",255,"Scss","Starts"
"35505",2003-12-01,"Dec 2003","Semi-Detached",20,"Scss","Starts"
"35505",2003-12-01,"Dec 2003","Row",234,"Scss","Starts"
"35505",2003-12-01,"Dec 2003","Apartment",41,"Scss","Starts"
"35505",2003-12-01,"Dec 2003","All",550,"Scss","Starts"
"35505",2004-01-01,"Jan 2004","Single",140,"Scss","Starts"
"35505",2004-01-01,"Jan 2004","Semi-Detached",8,"Scss","Starts"
"35505",2004-01-01,"Jan 2004","Row",107,"Scss","Starts"
"35505",2004-01-01,"Jan 2004","Apartment",186,"Scss","Starts"
"35505",2004-01-01,"Jan 2004","All",441,"Scss","Starts"
"35505",2004-02-01,"Feb 2004","Single",101,"Scss","Starts"
"35505",2004-02-01,"Feb 2004","Semi-Detached",20,"Scss","Starts"
"35505",2004-02-01,"Feb 2004","Row",217,"Scss","Starts"
"35505",2004-02-01,"Feb 2004","Apartment",81,"Scss","Starts"
"35505",2004-02-01,"Feb 2004","All",419,"Scss","Starts"
"35505",2004-03-01,"Mar 2004","Single",149,"Scss","Starts"
"35505",2004-03-01,"Mar 2004","Semi-Detached",18,"Scss","Starts"
"35505",2004-03-01,"Mar 2004","Row",220,"Scss","Starts"
"35505",2004-03-01,"Mar 2004","Apartment",27,"Scss","Starts"
"35505",2004-03-01,"Mar 2004","All",414,"Scss","Starts"
"35505",2004-04-01,"Apr 2004","Single",264,"Scss","Starts"
"35505",2004-04-01,"Apr 2004","Semi-Detached",30,"Scss","Starts"
"35505",2004-04-01,"Apr 2004","Row",179,"Scss","Starts"
"35505",2004-04-01,"Apr 2004","Apartment",165,"Scss","Starts"
"35505",2004-04-01,"Apr 2004","All",638,"Scss","Starts"
"35505",2004-05-01,"May 2004","Single",387,"Scss","Starts"
"35505",2004-05-01,"May 2004","Semi-Detached",44,"Scss","Starts"
"35505",2004-05-01,"May 2004","Row",133,"Scss","Starts"
"35505",2004-05-01,"May 2004","Apartment",76,"Scss","Starts"
"35505",2004-05-01,"May 2004","All",640,"Scss","Starts"
"35505",2004-06-01,"Jun 2004","Single",369,"Scss","Starts"
"35505",2004-06-01,"Jun 2004","Semi-Detached",42,"Scss","Starts"
"35505",2004-06-01,"Jun 2004","Row",196,"Scss","Starts"
"35505",2004-06-01,"Jun 2004","Apartment",4,"Scss","Starts"
"35505",2004-06-01,"Jun 2004","All",611,"Scss","Starts"
"35505",2004-07-01,"Jul 2004","Single",433,"Scss","Starts"
"35505",2004-07-01,"Jul 2004","Semi-Detached",60,"Scss","Starts"
"35505",2004-07-01,"Jul 2004","Row",243,"Scss","Starts"
"35505",2004-07-01,"Jul 2004","Apartment",54,"Scss","Starts"
"35505",2004-07-01,"Jul 2004","All",790,"Scss","Starts"
"35505",2004-08-01,"Aug 2004","Single",317,"Scss","Starts"
"35505",2004-08-01,"Aug 2004","Semi-Detached",14,"Scss","Starts"
"35505",2004-08-01,"Aug 2004","Row",165,"Scss","Starts"
"35505",2004-08-01,"Aug 2004","Apartment",235,"Scss","Starts"
"35505",2004-08-01,"Aug 2004","All",731,"Scss","Starts"
"35505",2004-09-01,"Sep 2004","Single",363,"Scss","Starts"
"35505",2004-09-01,"Sep 2004","Semi-Detached",24,"Scss","Starts"
"35505",2004-09-01,"Sep 2004","Row",318,"Scss","Starts"
"35505",2004-09-01,"Sep 2004","Apartment",79,"Scss","Starts"
"35505",2004-09-01,"Sep 2004","All",784,"Scss","Starts"
"35505",2004-10-01,"Oct 2004","Single",256,"Scss","Starts"
"35505",2004-10-01,"Oct 2004","Semi-Detached",30,"Scss","Starts"
"35505",2004-10-01,"Oct 2004","Row",247,"Scss","Starts"
"35505",2004-10-01,"Oct 2004","Apartment",137,"Scss","Starts"
"35505",2004-10-01,"Oct 2004","All",670,"Scss","Starts"
"35505",2004-11-01,"Nov 2004","Single",297,"Scss","Starts"
"35505",2004-11-01,"Nov 2004","Semi-Detached",40,"Scss","Starts"
"35505",2004-11-01,"Nov 2004","Row",220,"Scss","Starts"
"35505",2004-11-01,"Nov 2004","Apartment",97,"Scss","Starts"
"35505",2004-11-01,"Nov 2004","All",654,"Scss","Starts"
"35505",2004-12-01,"Dec 2004","Single",226,"Scss","Starts"
"35505",2004-12-01,"Dec 2004","Semi-Detached",20,"Scss","Starts"
"35505",2004-12-01,"Dec 2004","Row",205,"Scss","Starts"
"35505",2004-12-01,"Dec 2004","Apartment",59,"Scss","Starts"
"35505",2004-12-01,"Dec 2004","All",510,"Scss","Starts"
"35505",2005-01-01,"Jan 2005","Single",85,"Scss","Starts"
"35505",2005-01-01,"Jan 2005","Semi-Detached",24,"Scss","Starts"
"35505",2005-01-01,"Jan 2005","Row",87,"Scss","Starts"
"35505",2005-01-01,"Jan 2005","Apartment",199,"Scss","Starts"
"35505",2005-01-01,"Jan 2005","All",395,"Scss","Starts"
"35505",2005-02-01,"Feb 2005","Single",69,"Scss","Starts"
"35505",2005-02-01,"Feb 2005","Semi-Detached",4,"Scss","Starts"
"35505",2005-02-01,"Feb 2005","Row",159,"Scss","Starts"
"35505",2005-02-01,"Feb 2005","Apartment",0,"Scss","Starts"
"35505",2005-02-01,"Feb 2005","All",232,"Scss","Starts"
"35505",2005-03-01,"Mar 2005","Single",119,"Scss","Starts"
"35505",2005-03-01,"Mar 2005","Semi-Detached",12,"Scss","Starts"
"35505",2005-03-01,"Mar 2005","Row",66,"Scss","Starts"
"35505",2005-03-01,"Mar 2005","Apartment",12,"Scss","Starts"
"35505",2005-03-01,"Mar 2005","All",209,"Scss","Starts"
"35505",2005-04-01,"Apr 2005","Single",175,"Scss","Starts"
"35505",2005-04-01,"Apr 2005","Semi-Detached",10,"Scss","Starts"
"35505",2005-04-01,"Apr 2005","Row",56,"Scss","Starts"
"35505",2005-04-01,"Apr 2005","Apartment",172,"Scss","Starts"
"35505",2005-04-01,"Apr 2005","All",413,"Scss","Starts"
"35505",2005-05-01,"May 2005","Single",246,"Scss","Starts"
"35505",2005-05-01,"May 2005","Semi-Detached",34,"Scss","Starts"
"35505",2005-05-01,"May 2005","Row",101,"Scss","Starts"
"35505",2005-05-01,"May 2005","Apartment",0,"Scss","Starts"
"35505",2005-05-01,"May 2005","All",381,"Scss","Starts"
"35505",2005-06-01,"Jun 2005","Single",344,"Scss","Starts"
"35505",2005-06-01,"Jun 2005","Semi-Detached",18,"Scss","Starts"
"35505",2005-06-01,"Jun 2005","Row",180,"Scss","Starts"
"35505",2005-06-01,"Jun 2005","Apartment",113,"Scss","Starts"
"35505",2005-06-01,"Jun 2005","All",655,"Scss","Starts"
"35505",2005-07-01,"Jul 2005","Single",278,"Scss","Starts"
"35505",2005-07-01,"Jul 2005","Semi-Detached",30,"Scss","Starts"
"35505",2005-07-01,"Jul 2005","Row",171,"Scss","Starts"
"35505",2005-07-01,"Jul 2005","Apartment",0,"Scss","Starts"
"35505",2005-07-01,"Jul 2005","All",479,"Scss","Starts"
"35505",2005-08-01,"Aug 2005","Single",234,"Scss","Starts"
"35505",2005-08-01,"Aug 2005","Semi-Detached",24,"Scss","Starts"
"35505",2005-08-01,"Aug 2005","Row",139,"Scss","Starts"
"35505",2005-08-01,"Aug 2005","Apartment",46,"Scss","Starts"
"35505",2005-08-01,"Aug 2005","All",443,"Scss","Starts"
"35505",2005-09-01,"Sep 2005","Single",258,"Scss","Starts"
"35505",2005-09-01,"Sep 2005","Semi-Detached",14,"Scss","Starts"
"35505",2005-09-01,"Sep 2005","Row",199,"Scss","Starts"
"35505",2005-09-01,"Sep 2005","Apartment",29,"Scss","Starts"
"35505",2005-09-01,"Sep 2005","All",500,"Scss","Starts"
"35505",2005-10-01,"Oct 2005","Single",216,"Scss","Starts"
"35505",2005-10-01,"Oct 2005","Semi-Detached",32,"Scss","Starts"
"35505",2005-10-01,"Oct 2005","Row",216,"Scss","Starts"
"35505",2005-10-01,"Oct 2005","Apartment",69,"Scss","Starts"
"35505",2005-10-01,"Oct 2005","All",533,"Scss","Starts"
"35505",2005-11-01,"Nov 2005","Single",215,"Scss","Starts"
"35505",2005-11-01,"Nov 2005","Semi-Detached",36,"Scss","Starts"
"35505",2005-11-01,"Nov 2005","Row",128,"Scss","Starts"
"35505",2005-11-01,"Nov 2005","Apartment",102,"Scss","Starts"
"35505",2005-11-01,"Nov 2005","All",481,"Scss","Starts"
"35505",2005-12-01,"Dec 2005","Single",182,"Scss","Starts"
"35505",2005-12-01,"Dec 2005","Semi-Detached",64,"Scss","Starts"
"35505",2005-12-01,"Dec 2005","Row",82,"Scss","Starts"
"35505",2005-12-01,"Dec 2005","Apartment",12,"Scss","Starts"
"35505",2005-12-01,"Dec 2005","All",340,"Scss","Starts"
"35505",2006-01-01,"Jan 2006","Single",99,"Scss","Starts"
"35505",2006-01-01,"Jan 2006","Semi-Detached",28,"Scss","Starts"
"35505",2006-01-01,"Jan 2006","Row",261,"Scss","Starts"
"35505",2006-01-01,"Jan 2006","Apartment",2,"Scss","Starts"
"35505",2006-01-01,"Jan 2006","All",390,"Scss","Starts"
"35505",2006-02-01,"Feb 2006","Single",110,"Scss","Starts"
"35505",2006-02-01,"Feb 2006","Semi-Detached",4,"Scss","Starts"
"35505",2006-02-01,"Feb 2006","Row",118,"Scss","Starts"
"35505",2006-02-01,"Feb 2006","Apartment",58,"Scss","Starts"
"35505",2006-02-01,"Feb 2006","All",290,"Scss","Starts"
"35505",2006-03-01,"Mar 2006","Single",104,"Scss","Starts"
"35505",2006-03-01,"Mar 2006","Semi-Detached",46,"Scss","Starts"
"35505",2006-03-01,"Mar 2006","Row",91,"Scss","Starts"
"35505",2006-03-01,"Mar 2006","Apartment",76,"Scss","Starts"
"35505",2006-03-01,"Mar 2006","All",317,"Scss","Starts"
"35505",2006-04-01,"Apr 2006","Single",192,"Scss","Starts"
"35505",2006-04-01,"Apr 2006","Semi-Detached",42,"Scss","Starts"
"35505",2006-04-01,"Apr 2006","Row",117,"Scss","Starts"
"35505",2006-04-01,"Apr 2006","Apartment",35,"Scss","Starts"
"35505",2006-04-01,"Apr 2006","All",386,"Scss","Starts"
"35505",2006-05-01,"May 2006","Single",288,"Scss","Starts"
"35505",2006-05-01,"May 2006","Semi-Detached",30,"Scss","Starts"
"35505",2006-05-01,"May 2006","Row",223,"Scss","Starts"
"35505",2006-05-01,"May 2006","Apartment",50,"Scss","Starts"
"35505",2006-05-01,"May 2006","All",591,"Scss","Starts"
"35505",2006-06-01,"Jun 2006","Single",249,"Scss","Starts"
"35505",2006-06-01,"Jun 2006","Semi-Detached",34,"Scss","Starts"
"35505",2006-06-01,"Jun 2006","Row",102,"Scss","Starts"
"35505",2006-06-01,"Jun 2006","Apartment",59,"Scss","Starts"
"35505",2006-06-01,"Jun 2006","All",444,"Scss","Starts"
"35505",2006-07-01,"Jul 2006","Single",266,"Scss","Starts"
"35505",2006-07-01,"Jul 2006","Semi-Detached",38,"Scss","Starts"
"35505",2006-07-01,"Jul 2006","Row",185,"Scss","Starts"
"35505",2006-07-01,"Jul 2006","Apartment",419,"Scss","Starts"
"35505",2006-07-01,"Jul 2006","All",908,"Scss","Starts"
"35505",2006-08-01,"Aug 2006","Single",228,"Scss","Starts"
"35505",2006-08-01,"Aug 2006","Semi-Detached",28,"Scss","Starts"
"35505",2006-08-01,"Aug 2006","Row",112,"Scss","Starts"
"35505",2006-08-01,"Aug 2006","Apartment",215,"Scss","Starts"
"35505",2006-08-01,"Aug 2006","All",583,"Scss","Starts"
"35505",2006-09-01,"Sep 2006","Single",242,"Scss","Starts"
"35505",2006-09-01,"Sep 2006","Semi-Detached",24,"Scss","Starts"
"35505",2006-09-01,"Sep 2006","Row",152,"Scss","Starts"
"35505",2006-09-01,"Sep 2006","Apartment",24,"Scss","Starts"
"35505",2006-09-01,"Sep 2006","All",442,"Scss","Starts"
"35505",2006-10-01,"Oct 2006","Single",253,"Scss","Starts"
"35505",2006-10-01,"Oct 2006","Semi-Detached",38,"Scss","Starts"
"35505",2006-10-01,"Oct 2006","Row",141,"Scss","Starts"
"35505",2006-10-01,"Oct 2006","Apartment",40,"Scss","Starts"
"35505",2006-10-01,"Oct 2006","All",472,"Scss","Starts"
"35505",2006-11-01,"Nov 2006","Single",266,"Scss","Starts"
"35505",2006-11-01,"Nov 2006","Semi-Detached",55,"Scss","Starts"
"35505",2006-11-01,"Nov 2006","Row",99,"Scss","Starts"
"35505",2006-11-01,"Nov 2006","Apartment",81,"Scss","Starts"
"35505",2006-11-01,"Nov 2006","All",501,"Scss","Starts"
"35505",2006-12-01,"Dec 2006","Single",250,"Scss","Starts"
"35505",2006-12-01,"Dec 2006","Semi-Detached",18,"Scss","Starts"
"35505",2006-12-01,"Dec 2006","Row",198,"Scss","Starts"
"35505",2006-12-01,"Dec 2006","Apartment",160,"Scss","Starts"
"35505",2006-12-01,"Dec 2006","All",626,"Scss","Starts"
"35505",2007-01-01,"Jan 2007","Single",109,"Scss","Starts"
"35505",2007-01-01,"Jan 2007","Semi-Detached",10,"Scss","Starts"
"35505",2007-01-01,"Jan 2007","Row",89,"Scss","Starts"
"35505",2007-01-01,"Jan 2007","Apartment",135,"Scss","Starts"
"35505",2007-01-01,"Jan 2007","All",343,"Scss","Starts"
"35505",2007-02-01,"Feb 2007","Single",123,"Scss","Starts"
"35505",2007-02-01,"Feb 2007","Semi-Detached",30,"Scss","Starts"
"35505",2007-02-01,"Feb 2007","Row",94,"Scss","Starts"
"35505",2007-02-01,"Feb 2007","Apartment",53,"Scss","Starts"
"35505",2007-02-01,"Feb 2007","All",300,"Scss","Starts"
"35505",2007-03-01,"Mar 2007","Single",127,"Scss","Starts"
"35505",2007-03-01,"Mar 2007","Semi-Detached",16,"Scss","Starts"
"35505",2007-03-01,"Mar 2007","Row",67,"Scss","Starts"
"35505",2007-03-01,"Mar 2007","Apartment",18,"Scss","Starts"
"35505",2007-03-01,"Mar 2007","All",228,"Scss","Starts"
"35505",2007-04-01,"Apr 2007","Single",279,"Scss","Starts"
"35505",2007-04-01,"Apr 2007","Semi-Detached",24,"Scss","Starts"
"35505",2007-04-01,"Apr 2007","Row",151,"Scss","Starts"
"35505",2007-04-01,"Apr 2007","Apartment",36,"Scss","Starts"
"35505",2007-04-01,"Apr 2007","All",490,"Scss","Starts"
"35505",2007-05-01,"May 2007","Single",248,"Scss","Starts"
"35505",2007-05-01,"May 2007","Semi-Detached",12,"Scss","Starts"
"35505",2007-05-01,"May 2007","Row",202,"Scss","Starts"
"35505",2007-05-01,"May 2007","Apartment",181,"Scss","Starts"
"35505",2007-05-01,"May 2007","All",643,"Scss","Starts"
"35505",2007-06-01,"Jun 2007","Single",258,"Scss","Starts"
"35505",2007-06-01,"Jun 2007","Semi-Detached",16,"Scss","Starts"
"35505",2007-06-01,"Jun 2007","Row",158,"Scss","Starts"
"35505",2007-06-01,"Jun 2007","Apartment",163,"Scss","Starts"
"35505",2007-06-01,"Jun 2007","All",595,"Scss","Starts"
"35505",2007-07-01,"Jul 2007","Single",321,"Scss","Starts"
"35505",2007-07-01,"Jul 2007","Semi-Detached",28,"Scss","Starts"
"35505",2007-07-01,"Jul 2007","Row",216,"Scss","Starts"
"35505",2007-07-01,"Jul 2007","Apartment",107,"Scss","Starts"
"35505",2007-07-01,"Jul 2007","All",672,"Scss","Starts"
"35505",2007-08-01,"Aug 2007","Single",295,"Scss","Starts"
"35505",2007-08-01,"Aug 2007","Semi-Detached",30,"Scss","Starts"
"35505",2007-08-01,"Aug 2007","Row",160,"Scss","Starts"
"35505",2007-08-01,"Aug 2007","Apartment",258,"Scss","Starts"
"35505",2007-08-01,"Aug 2007","All",743,"Scss","Starts"
"35505",2007-09-01,"Sep 2007","Single",330,"Scss","Starts"
"35505",2007-09-01,"Sep 2007","Semi-Detached",36,"Scss","Starts"
"35505",2007-09-01,"Sep 2007","Row",222,"Scss","Starts"
"35505",2007-09-01,"Sep 2007","Apartment",52,"Scss","Starts"
"35505",2007-09-01,"Sep 2007","All",640,"Scss","Starts"
"35505",2007-10-01,"Oct 2007","Single",297,"Scss","Starts"
"35505",2007-10-01,"Oct 2007","Semi-Detached",60,"Scss","Starts"
"35505",2007-10-01,"Oct 2007","Row",153,"Scss","Starts"
"35505",2007-10-01,"Oct 2007","Apartment",166,"Scss","Starts"
"35505",2007-10-01,"Oct 2007","All",676,"Scss","Starts"
"35505",2007-11-01,"Nov 2007","Single",386,"Scss","Starts"
"35505",2007-11-01,"Nov 2007","Semi-Detached",14,"Scss","Starts"
"35505",2007-11-01,"Nov 2007","Row",280,"Scss","Starts"
"35505",2007-11-01,"Nov 2007","Apartment",89,"Scss","Starts"
"35505",2007-11-01,"Nov 2007","All",769,"Scss","Starts"
"35505",2007-12-01,"Dec 2007","Single",241,"Scss","Starts"
"35505",2007-12-01,"Dec 2007","Semi-Detached",26,"Scss","Starts"
"35505",2007-12-01,"Dec 2007","Row",169,"Scss","Starts"
"35505",2007-12-01,"Dec 2007","Apartment",21,"Scss","Starts"
"35505",2007-12-01,"Dec 2007","All",457,"Scss","Starts"
"35505",2008-01-01,"Jan 2008","Single",140,"Scss","Starts"
"35505",2008-01-01,"Jan 2008","Semi-Detached",6,"Scss","Starts"
"35505",2008-01-01,"Jan 2008","Row",107,"Scss","Starts"
"35505",2008-01-01,"Jan 2008","Apartment",249,"Scss","Starts"
"35505",2008-01-01,"Jan 2008","All",502,"Scss","Starts"
"35505",2008-02-01,"Feb 2008","Single",152,"Scss","Starts"
"35505",2008-02-01,"Feb 2008","Semi-Detached",2,"Scss","Starts"
"35505",2008-02-01,"Feb 2008","Row",107,"Scss","Starts"
"35505",2008-02-01,"Feb 2008","Apartment",56,"Scss","Starts"
"35505",2008-02-01,"Feb 2008","All",317,"Scss","Starts"
"35505",2008-03-01,"Mar 2008","Single",152,"Scss","Starts"
"35505",2008-03-01,"Mar 2008","Semi-Detached",8,"Scss","Starts"
"35505",2008-03-01,"Mar 2008","Row",140,"Scss","Starts"
"35505",2008-03-01,"Mar 2008","Apartment",84,"Scss","Starts"
"35505",2008-03-01,"Mar 2008","All",384,"Scss","Starts"
"35505",2008-04-01,"Apr 2008","Single",276,"Scss","Starts"
"35505",2008-04-01,"Apr 2008","Semi-Detached",16,"Scss","Starts"
"35505",2008-04-01,"Apr 2008","Row",204,"Scss","Starts"
"35505",2008-04-01,"Apr 2008","Apartment",317,"Scss","Starts"
"35505",2008-04-01,"Apr 2008","All",813,"Scss","Starts"
"35505",2008-05-01,"May 2008","Single",263,"Scss","Starts"
"35505",2008-05-01,"May 2008","Semi-Detached",26,"Scss","Starts"
"35505",2008-05-01,"May 2008","Row",276,"Scss","Starts"
"35505",2008-05-01,"May 2008","Apartment",112,"Scss","Starts"
"35505",2008-05-01,"May 2008","All",677,"Scss","Starts"
"35505",2008-06-01,"Jun 2008","Single",325,"Scss","Starts"
"35505",2008-06-01,"Jun 2008","Semi-Detached",26,"Scss","Starts"
"35505",2008-06-01,"Jun 2008","Row",185,"Scss","Starts"
"35505",2008-06-01,"Jun 2008","Apartment",64,"Scss","Starts"
"35505",2008-06-01,"Jun 2008","All",600,"Scss","Starts"
"35505",2008-07-01,"Jul 2008","Single",381,"Scss","Starts"
"35505",2008-07-01,"Jul 2008","Semi-Detached",26,"Scss","Starts"
"35505",2008-07-01,"Jul 2008","Row",253,"Scss","Starts"
"35505",2008-07-01,"Jul 2008","Apartment",36,"Scss","Starts"
"35505",2008-07-01,"Jul 2008","All",696,"Scss","Starts"
"35505",2008-08-01,"Aug 2008","Single",288,"Scss","Starts"
"35505",2008-08-01,"Aug 2008","Semi-Detached",14,"Scss","Starts"
"35505",2008-08-01,"Aug 2008","Row",196,"Scss","Starts"
"35505",2008-08-01,"Aug 2008","Apartment",141,"Scss","Starts"
"35505",2008-08-01,"Aug 2008","All",639,"Scss","Starts"
"35505",2008-09-01,"Sep 2008","Single",280,"Scss","Starts"
"35505",2008-09-01,"Sep 2008","Semi-Detached",28,"Scss","Starts"
"35505",2008-09-01,"Sep 2008","Row",206,"Scss","Starts"
"35505",2008-09-01,"Sep 2008","Apartment",134,"Scss","Starts"
"35505",2008-09-01,"Sep 2008","All",648,"Scss","Starts"
"35505",2008-10-01,"Oct 2008","Single",299,"Scss","Starts"
"35505",2008-10-01,"Oct 2008","Semi-Detached",20,"Scss","Starts"
"35505",2008-10-01,"Oct 2008","Row",264,"Scss","Starts"
"35505",2008-10-01,"Oct 2008","Apartment",301,"Scss","Starts"
"35505",2008-10-01,"Oct 2008","All",884,"Scss","Starts"
"35505",2008-11-01,"Nov 2008","Single",266,"Scss","Starts"
"35505",2008-11-01,"Nov 2008","Semi-Detached",27,"Scss","Starts"
"35505",2008-11-01,"Nov 2008","Row",108,"Scss","Starts"
"35505",2008-11-01,"Nov 2008","Apartment",91,"Scss","Starts"
"35505",2008-11-01,"Nov 2008","All",492,"Scss","Starts"
"35505",2008-12-01,"Dec 2008","Single",288,"Scss","Starts"
"35505",2008-12-01,"Dec 2008","Semi-Detached",22,"Scss","Starts"
"35505",2008-12-01,"Dec 2008","Row",116,"Scss","Starts"
"35505",2008-12-01,"Dec 2008","Apartment",91,"Scss","Starts"
"35505",2008-12-01,"Dec 2008","All",517,"Scss","Starts"
"35505",2009-01-01,"Jan 2009","Single",111,"Scss","Starts"
"35505",2009-01-01,"Jan 2009","Semi-Detached",18,"Scss","Starts"
"35505",2009-01-01,"Jan 2009","Row",69,"Scss","Starts"
"35505",2009-01-01,"Jan 2009","Apartment",213,"Scss","Starts"
"35505",2009-01-01,"Jan 2009","All",411,"Scss","Starts"
"35505",2009-02-01,"Feb 2009","Single",63,"Scss","Starts"
"35505",2009-02-01,"Feb 2009","Semi-Detached",6,"Scss","Starts"
"35505",2009-02-01,"Feb 2009","Row",68,"Scss","Starts"
"35505",2009-02-01,"Feb 2009","Apartment",0,"Scss","Starts"
"35505",2009-02-01,"Feb 2009","All",137,"Scss","Starts"
"35505",2009-03-01,"Mar 2009","Single",141,"Scss","Starts"
"35505",2009-03-01,"Mar 2009","Semi-Detached",11,"Scss","Starts"
"35505",2009-03-01,"Mar 2009","Row",92,"Scss","Starts"
"35505",2009-03-01,"Mar 2009","Apartment",134,"Scss","Starts"
"35505",2009-03-01,"Mar 2009","All",378,"Scss","Starts"
"35505",2009-04-01,"Apr 2009","Single",166,"Scss","Starts"
"35505",2009-04-01,"Apr 2009","Semi-Detached",18,"Scss","Starts"
"35505",2009-04-01,"Apr 2009","Row",142,"Scss","Starts"
"35505",2009-04-01,"Apr 2009","Apartment",24,"Scss","Starts"
"35505",2009-04-01,"Apr 2009","All",350,"Scss","Starts"
"35505",2009-05-01,"May 2009","Single",186,"Scss","Starts"
"35505",2009-05-01,"May 2009","Semi-Detached",26,"Scss","Starts"
"35505",2009-05-01,"May 2009","Row",140,"Scss","Starts"
"35505",2009-05-01,"May 2009","Apartment",17,"Scss","Starts"
"35505",2009-05-01,"May 2009","All",369,"Scss","Starts"
"35505",2009-06-01,"Jun 2009","Single",331,"Scss","Starts"
"35505",2009-06-01,"Jun 2009","Semi-Detached",12,"Scss","Starts"
"35505",2009-06-01,"Jun 2009","Row",138,"Scss","Starts"
"35505",2009-06-01,"Jun 2009","Apartment",68,"Scss","Starts"
"35505",2009-06-01,"Jun 2009","All",549,"Scss","Starts"
"35505",2009-07-01,"Jul 2009","Single",218,"Scss","Starts"
"35505",2009-07-01,"Jul 2009","Semi-Detached",42,"Scss","Starts"
"35505",2009-07-01,"Jul 2009","Row",167,"Scss","Starts"
"35505",2009-07-01,"Jul 2009","Apartment",111,"Scss","Starts"
"35505",2009-07-01,"Jul 2009","All",538,"Scss","Starts"
"35505",2009-08-01,"Aug 2009","Single",222,"Scss","Starts"
"35505",2009-08-01,"Aug 2009","Semi-Detached",20,"Scss","Starts"
"35505",2009-08-01,"Aug 2009","Row",180,"Scss","Starts"
"35505",2009-08-01,"Aug 2009","Apartment",0,"Scss","Starts"
"35505",2009-08-01,"Aug 2009","All",422,"Scss","Starts"
"35505",2009-09-01,"Sep 2009","Single",265,"Scss","Starts"
"35505",2009-09-01,"Sep 2009","Semi-Detached",24,"Scss","Starts"
"35505",2009-09-01,"Sep 2009","Row",195,"Scss","Starts"
"35505",2009-09-01,"Sep 2009","Apartment",28,"Scss","Starts"
"35505",2009-09-01,"Sep 2009","All",512,"Scss","Starts"
"35505",2009-10-01,"Oct 2009","Single",299,"Scss","Starts"
"35505",2009-10-01,"Oct 2009","Semi-Detached",44,"Scss","Starts"
"35505",2009-10-01,"Oct 2009","Row",222,"Scss","Starts"
"35505",2009-10-01,"Oct 2009","Apartment",175,"Scss","Starts"
"35505",2009-10-01,"Oct 2009","All",740,"Scss","Starts"
"35505",2009-11-01,"Nov 2009","Single",293,"Scss","Starts"
"35505",2009-11-01,"Nov 2009","Semi-Detached",56,"Scss","Starts"
"35505",2009-11-01,"Nov 2009","Row",255,"Scss","Starts"
"35505",2009-11-01,"Nov 2009","Apartment",64,"Scss","Starts"
"35505",2009-11-01,"Nov 2009","All",668,"Scss","Starts"
"35505",2009-12-01,"Dec 2009","Single",281,"Scss","Starts"
"35505",2009-12-01,"Dec 2009","Semi-Detached",26,"Scss","Starts"
"35505",2009-12-01,"Dec 2009","Row",267,"Scss","Starts"
"35505",2009-12-01,"Dec 2009","Apartment",301,"Scss","Starts"
"35505",2009-12-01,"Dec 2009","All",875,"Scss","Starts"
"35505",2010-01-01,"Jan 2010","Single",140,"Scss","Starts"
"35505",2010-01-01,"Jan 2010","Semi-Detached",28,"Scss","Starts"
"35505",2010-01-01,"Jan 2010","Row",179,"Scss","Starts"
"35505",2010-01-01,"Jan 2010","Apartment",24,"Scss","Starts"
"35505",2010-01-01,"Jan 2010","All",371,"Scss","Starts"
"35505",2010-02-01,"Feb 2010","Single",148,"Scss","Starts"
"35505",2010-02-01,"Feb 2010","Semi-Detached",14,"Scss","Starts"
"35505",2010-02-01,"Feb 2010","Row",108,"Scss","Starts"
"35505",2010-02-01,"Feb 2010","Apartment",34,"Scss","Starts"
"35505",2010-02-01,"Feb 2010","All",304,"Scss","Starts"
"35505",2010-03-01,"Mar 2010","Single",189,"Scss","Starts"
"35505",2010-03-01,"Mar 2010","Semi-Detached",14,"Scss","Starts"
"35505",2010-03-01,"Mar 2010","Row",88,"Scss","Starts"
"35505",2010-03-01,"Mar 2010","Apartment",100,"Scss","Starts"
"35505",2010-03-01,"Mar 2010","All",391,"Scss","Starts"
"35505",2010-04-01,"Apr 2010","Single",220,"Scss","Starts"
"35505",2010-04-01,"Apr 2010","Semi-Detached",44,"Scss","Starts"
"35505",2010-04-01,"Apr 2010","Row",170,"Scss","Starts"
"35505",2010-04-01,"Apr 2010","Apartment",72,"Scss","Starts"
"35505",2010-04-01,"Apr 2010","All",506,"Scss","Starts"
"35505",2010-05-01,"May 2010","Single",244,"Scss","Starts"
"35505",2010-05-01,"May 2010","Semi-Detached",52,"Scss","Starts"
"35505",2010-05-01,"May 2010","Row",289,"Scss","Starts"
"35505",2010-05-01,"May 2010","Apartment",124,"Scss","Starts"
"35505",2010-05-01,"May 2010","All",709,"Scss","Starts"
"35505",2010-06-01,"Jun 2010","Single",220,"Scss","Starts"
"35505",2010-06-01,"Jun 2010","Semi-Detached",16,"Scss","Starts"
"35505",2010-06-01,"Jun 2010","Row",144,"Scss","Starts"
"35505",2010-06-01,"Jun 2010","Apartment",30,"Scss","Starts"
"35505",2010-06-01,"Jun 2010","All",410,"Scss","Starts"
"35505",2010-07-01,"Jul 2010","Single",214,"Scss","Starts"
"35505",2010-07-01,"Jul 2010","Semi-Detached",44,"Scss","Starts"
"35505",2010-07-01,"Jul 2010","Row",208,"Scss","Starts"
"35505",2010-07-01,"Jul 2010","Apartment",297,"Scss","Starts"
"35505",2010-07-01,"Jul 2010","All",763,"Scss","Starts"
"35505",2010-08-01,"Aug 2010","Single",172,"Scss","Starts"
"35505",2010-08-01,"Aug 2010","Semi-Detached",16,"Scss","Starts"
"35505",2010-08-01,"Aug 2010","Row",158,"Scss","Starts"
"35505",2010-08-01,"Aug 2010","Apartment",349,"Scss","Starts"
"35505",2010-08-01,"Aug 2010","All",695,"Scss","Starts"
"35505",2010-09-01,"Sep 2010","Single",163,"Scss","Starts"
"35505",2010-09-01,"Sep 2010","Semi-Detached",24,"Scss","Starts"
"35505",2010-09-01,"Sep 2010","Row",150,"Scss","Starts"
"35505",2010-09-01,"Sep 2010","Apartment",175,"Scss","Starts"
"35505",2010-09-01,"Sep 2010","All",512,"Scss","Starts"
"35505",2010-10-01,"Oct 2010","Single",162,"Scss","Starts"
"35505",2010-10-01,"Oct 2010","Semi-Detached",26,"Scss","Starts"
"35505",2010-10-01,"Oct 2010","Row",201,"Scss","Starts"
"35505",2010-10-01,"Oct 2010","Apartment",25,"Scss","Starts"
"35505",2010-10-01,"Oct 2010","All",414,"Scss","Starts"
"35505",2010-11-01,"Nov 2010","Single",268,"Scss","Starts"
"35505",2010-11-01,"Nov 2010","Semi-Detached",56,"Scss","Starts"
"35505",2010-11-01,"Nov 2010","Row",111,"Scss","Starts"
"35505",2010-11-01,"Nov 2010","Apartment",493,"Scss","Starts"
"35505",2010-11-01,"Nov 2010","All",928,"Scss","Starts"
"35505",2010-12-01,"Dec 2010","Single",341,"Scss","Starts"
"35505",2010-12-01,"Dec 2010","Semi-Detached",40,"Scss","Starts"
"35505",2010-12-01,"Dec 2010","Row",134,"Scss","Starts"
"35505",2010-12-01,"Dec 2010","Apartment",177,"Scss","Starts"
"35505",2010-12-01,"Dec 2010","All",692,"Scss","Starts"
"35505",2011-01-01,"Jan 2011","Single",103,"Scss","Starts"
"35505",2011-01-01,"Jan 2011","Semi-Detached",16,"Scss","Starts"
"35505",2011-01-01,"Jan 2011","Row",51,"Scss","Starts"
"35505",2011-01-01,"Jan 2011","Apartment",46,"Scss","Starts"
"35505",2011-01-01,"Jan 2011","All",216,"Scss","Starts"
"35505",2011-02-01,"Feb 2011","Single",99,"Scss","Starts"
"35505",2011-02-01,"Feb 2011","Semi-Detached",9,"Scss","Starts"
"35505",2011-02-01,"Feb 2011","Row",107,"Scss","Starts"
"35505",2011-02-01,"Feb 2011","Apartment",82,"Scss","Starts"
"35505",2011-02-01,"Feb 2011","All",297,"Scss","Starts"
"35505",2011-03-01,"Mar 2011","Single",163,"Scss","Starts"
"35505",2011-03-01,"Mar 2011","Semi-Detached",34,"Scss","Starts"
"35505",2011-03-01,"Mar 2011","Row",187,"Scss","Starts"
"35505",2011-03-01,"Mar 2011","Apartment",223,"Scss","Starts"
"35505",2011-03-01,"Mar 2011","All",607,"Scss","Starts"
"35505",2011-04-01,"Apr 2011","Single",173,"Scss","Starts"
"35505",2011-04-01,"Apr 2011","Semi-Detached",26,"Scss","Starts"
"35505",2011-04-01,"Apr 2011","Row",225,"Scss","Starts"
"35505",2011-04-01,"Apr 2011","Apartment",22,"Scss","Starts"
"35505",2011-04-01,"Apr 2011","All",446,"Scss","Starts"
"35505",2011-05-01,"May 2011","Single",122,"Scss","Starts"
"35505",2011-05-01,"May 2011","Semi-Detached",32,"Scss","Starts"
"35505",2011-05-01,"May 2011","Row",97,"Scss","Starts"
"35505",2011-05-01,"May 2011","Apartment",15,"Scss","Starts"
"35505",2011-05-01,"May 2011","All",266,"Scss","Starts"
"35505",2011-06-01,"Jun 2011","Single",250,"Scss","Starts"
"35505",2011-06-01,"Jun 2011","Semi-Detached",46,"Scss","Starts"
"35505",2011-06-01,"Jun 2011","Row",189,"Scss","Starts"
"35505",2011-06-01,"Jun 2011","Apartment",138,"Scss","Starts"
"35505",2011-06-01,"Jun 2011","All",623,"Scss","Starts"
"35505",2011-07-01,"Jul 2011","Single",155,"Scss","Starts"
"35505",2011-07-01,"Jul 2011","Semi-Detached",40,"Scss","Starts"
"35505",2011-07-01,"Jul 2011","Row",120,"Scss","Starts"
"35505",2011-07-01,"Jul 2011","Apartment",70,"Scss","Starts"
"35505",2011-07-01,"Jul 2011","All",385,"Scss","Starts"
"35505",2011-08-01,"Aug 2011","Single",215,"Scss","Starts"
"35505",2011-08-01,"Aug 2011","Semi-Detached",40,"Scss","Starts"
"35505",2011-08-01,"Aug 2011","Row",208,"Scss","Starts"
"35505",2011-08-01,"Aug 2011","Apartment",187,"Scss","Starts"
"35505",2011-08-01,"Aug 2011","All",650,"Scss","Starts"
"35505",2011-09-01,"Sep 2011","Single",280,"Scss","Starts"
"35505",2011-09-01,"Sep 2011","Semi-Detached",34,"Scss","Starts"
"35505",2011-09-01,"Sep 2011","Row",177,"Scss","Starts"
"35505",2011-09-01,"Sep 2011","Apartment",219,"Scss","Starts"
"35505",2011-09-01,"Sep 2011","All",710,"Scss","Starts"
"35505",2011-10-01,"Oct 2011","Single",153,"Scss","Starts"
"35505",2011-10-01,"Oct 2011","Semi-Detached",38,"Scss","Starts"
"35505",2011-10-01,"Oct 2011","Row",81,"Scss","Starts"
"35505",2011-10-01,"Oct 2011","Apartment",330,"Scss","Starts"
"35505",2011-10-01,"Oct 2011","All",602,"Scss","Starts"
"35505",2011-11-01,"Nov 2011","Single",289,"Scss","Starts"
"35505",2011-11-01,"Nov 2011","Semi-Detached",32,"Scss","Starts"
"35505",2011-11-01,"Nov 2011","Row",133,"Scss","Starts"
"35505",2011-11-01,"Nov 2011","Apartment",99,"Scss","Starts"
"35505",2011-11-01,"Nov 2011","All",553,"Scss","Starts"
"35505",2011-12-01,"Dec 2011","Single",271,"Scss","Starts"
"35505",2011-12-01,"Dec 2011","Semi-Detached",20,"Scss","Starts"
"35505",2011-12-01,"Dec 2011","Row",264,"Scss","Starts"
"35505",2011-12-01,"Dec 2011","Apartment",73,"Scss","Starts"
"35505",2011-12-01,"Dec 2011","All",628,"Scss","Starts"
"35505",2012-01-01,"Jan 2012","Single",122,"Scss","Starts"
"35505",2012-01-01,"Jan 2012","Semi-Detached",14,"Scss","Starts"
"35505",2012-01-01,"Jan 2012","Row",103,"Scss","Starts"
"35505",2012-01-01,"Jan 2012","Apartment",245,"Scss","Starts"
"35505",2012-01-01,"Jan 2012","All",484,"Scss","Starts"
"35505",2012-02-01,"Feb 2012","Single",108,"Scss","Starts"
"35505",2012-02-01,"Feb 2012","Semi-Detached",6,"Scss","Starts"
"35505",2012-02-01,"Feb 2012","Row",160,"Scss","Starts"
"35505",2012-02-01,"Feb 2012","Apartment",40,"Scss","Starts"
"35505",2012-02-01,"Feb 2012","All",314,"Scss","Starts"
"35505",2012-03-01,"Mar 2012","Single",131,"Scss","Starts"
"35505",2012-03-01,"Mar 2012","Semi-Detached",12,"Scss","Starts"
"35505",2012-03-01,"Mar 2012","Row",192,"Scss","Starts"
"35505",2012-03-01,"Mar 2012","Apartment",125,"Scss","Starts"
"35505",2012-03-01,"Mar 2012","All",460,"Scss","Starts"
"35505",2012-04-01,"Apr 2012","Single",167,"Scss","Starts"
"35505",2012-04-01,"Apr 2012","Semi-Detached",18,"Scss","Starts"
"35505",2012-04-01,"Apr 2012","Row",103,"Scss","Starts"
"35505",2012-04-01,"Apr 2012","Apartment",153,"Scss","Starts"
"35505",2012-04-01,"Apr 2012","All",441,"Scss","Starts"
"35505",2012-05-01,"May 2012","Single",147,"Scss","Starts"
"35505",2012-05-01,"May 2012","Semi-Detached",22,"Scss","Starts"
"35505",2012-05-01,"May 2012","Row",57,"Scss","Starts"
"35505",2012-05-01,"May 2012","Apartment",1369,"Scss","Starts"
"35505",2012-05-01,"May 2012","All",1595,"Scss","Starts"
"35505",2012-06-01,"Jun 2012","Single",163,"Scss","Starts"
"35505",2012-06-01,"Jun 2012","Semi-Detached",34,"Scss","Starts"
"35505",2012-06-01,"Jun 2012","Row",123,"Scss","Starts"
"35505",2012-06-01,"Jun 2012","Apartment",315,"Scss","Starts"
"35505",2012-06-01,"Jun 2012","All",635,"Scss","Starts"
"35505",2012-07-01,"Jul 2012","Single",128,"Scss","Starts"
"35505",2012-07-01,"Jul 2012","Semi-Detached",22,"Scss","Starts"
"35505",2012-07-01,"Jul 2012","Row",70,"Scss","Starts"
"35505",2012-07-01,"Jul 2012","Apartment",67,"Scss","Starts"
"35505",2012-07-01,"Jul 2012","All",287,"Scss","Starts"
"35505",2012-08-01,"Aug 2012","Single",171,"Scss","Starts"
"35505",2012-08-01,"Aug 2012","Semi-Detached",32,"Scss","Starts"
"35505",2012-08-01,"Aug 2012","Row",134,"Scss","Starts"
"35505",2012-08-01,"Aug 2012","Apartment",37,"Scss","Starts"
"35505",2012-08-01,"Aug 2012","All",374,"Scss","Starts"
"35505",2012-09-01,"Sep 2012","Single",132,"Scss","Starts"
"35505",2012-09-01,"Sep 2012","Semi-Detached",16,"Scss","Starts"
"35505",2012-09-01,"Sep 2012","Row",124,"Scss","Starts"
"35505",2012-09-01,"Sep 2012","Apartment",254,"Scss","Starts"
"35505",2012-09-01,"Sep 2012","All",526,"Scss","Starts"
"35505",2012-10-01,"Oct 2012","Single",150,"Scss","Starts"
"35505",2012-10-01,"Oct 2012","Semi-Detached",36,"Scss","Starts"
"35505",2012-10-01,"Oct 2012","Row",65,"Scss","Starts"
"35505",2012-10-01,"Oct 2012","Apartment",56,"Scss","Starts"
"35505",2012-10-01,"Oct 2012","All",307,"Scss","Starts"
"35505",2012-11-01,"Nov 2012","Single",119,"Scss","Starts"
"35505",2012-11-01,"Nov 2012","Semi-Detached",44,"Scss","Starts"
"35505",2012-11-01,"Nov 2012","Row",110,"Scss","Starts"
"35505",2012-11-01,"Nov 2012","Apartment",93,"Scss","Starts"
"35505",2012-11-01,"Nov 2012","All",366,"Scss","Starts"
"35505",2012-12-01,"Dec 2012","Single",217,"Scss","Starts"
"35505",2012-12-01,"Dec 2012","Semi-Detached",44,"Scss","Starts"
"35505",2012-12-01,"Dec 2012","Row",179,"Scss","Starts"
"35505",2012-12-01,"Dec 2012","Apartment",67,"Scss","Starts"
"35505",2012-12-01,"Dec 2012","All",507,"Scss","Starts"
"35505",2013-01-01,"Jan 2013","Single",50,"Scss","Starts"
"35505",2013-01-01,"Jan 2013","Semi-Detached",14,"Scss","Starts"
"35505",2013-01-01,"Jan 2013","Row",142,"Scss","Starts"
"35505",2013-01-01,"Jan 2013","Apartment",306,"Scss","Starts"
"35505",2013-01-01,"Jan 2013","All",512,"Scss","Starts"
"35505",2013-02-01,"Feb 2013","Single",76,"Scss","Starts"
"35505",2013-02-01,"Feb 2013","Semi-Detached",20,"Scss","Starts"
"35505",2013-02-01,"Feb 2013","Row",48,"Scss","Starts"
"35505",2013-02-01,"Feb 2013","Apartment",28,"Scss","Starts"
"35505",2013-02-01,"Feb 2013","All",172,"Scss","Starts"
"35505",2013-03-01,"Mar 2013","Single",128,"Scss","Starts"
"35505",2013-03-01,"Mar 2013","Semi-Detached",12,"Scss","Starts"
"35505",2013-03-01,"Mar 2013","Row",28,"Scss","Starts"
"35505",2013-03-01,"Mar 2013","Apartment",325,"Scss","Starts"
"35505",2013-03-01,"Mar 2013","All",493,"Scss","Starts"
"35505",2013-04-01,"Apr 2013","Single",121,"Scss","Starts"
"35505",2013-04-01,"Apr 2013","Semi-Detached",42,"Scss","Starts"
"35505",2013-04-01,"Apr 2013","Row",51,"Scss","Starts"
"35505",2013-04-01,"Apr 2013","Apartment",301,"Scss","Starts"
"35505",2013-04-01,"Apr 2013","All",515,"Scss","Starts"
"35505",2013-05-01,"May 2013","Single",181,"Scss","Starts"
"35505",2013-05-01,"May 2013","Semi-Detached",42,"Scss","Starts"
"35505",2013-05-01,"May 2013","Row",174,"Scss","Starts"
"35505",2013-05-01,"May 2013","Apartment",110,"Scss","Starts"
"35505",2013-05-01,"May 2013","All",507,"Scss","Starts"
"35505",2013-06-01,"Jun 2013","Single",220,"Scss","Starts"
"35505",2013-06-01,"Jun 2013","Semi-Detached",46,"Scss","Starts"
"35505",2013-06-01,"Jun 2013","Row",157,"Scss","Starts"
"35505",2013-06-01,"Jun 2013","Apartment",296,"Scss","Starts"
"35505",2013-06-01,"Jun 2013","All",719,"Scss","Starts"
"35505",2013-07-01,"Jul 2013","Single",188,"Scss","Starts"
"35505",2013-07-01,"Jul 2013","Semi-Detached",48,"Scss","Starts"
"35505",2013-07-01,"Jul 2013","Row",229,"Scss","Starts"
"35505",2013-07-01,"Jul 2013","Apartment",473,"Scss","Starts"
"35505",2013-07-01,"Jul 2013","All",938,"Scss","Starts"
"35505",2013-08-01,"Aug 2013","Single",210,"Scss","Starts"
"35505",2013-08-01,"Aug 2013","Semi-Detached",46,"Scss","Starts"
"35505",2013-08-01,"Aug 2013","Row",240,"Scss","Starts"
"35505",2013-08-01,"Aug 2013","Apartment",281,"Scss","Starts"
"35505",2013-08-01,"Aug 2013","All",777,"Scss","Starts"
"35505",2013-09-01,"Sep 2013","Single",114,"Scss","Starts"
"35505",2013-09-01,"Sep 2013","Semi-Detached",28,"Scss","Starts"
"35505",2013-09-01,"Sep 2013","Row",181,"Scss","Starts"
"35505",2013-09-01,"Sep 2013","Apartment",403,"Scss","Starts"
"35505",2013-09-01,"Sep 2013","All",726,"Scss","Starts"
"35505",2013-10-01,"Oct 2013","Single",184,"Scss","Starts"
"35505",2013-10-01,"Oct 2013","Semi-Detached",58,"Scss","Starts"
"35505",2013-10-01,"Oct 2013","Row",129,"Scss","Starts"
"35505",2013-10-01,"Oct 2013","Apartment",201,"Scss","Starts"
"35505",2013-10-01,"Oct 2013","All",572,"Scss","Starts"
"35505",2013-11-01,"Nov 2013","Single",223,"Scss","Starts"
"35505",2013-11-01,"Nov 2013","Semi-Detached",38,"Scss","Starts"
"35505",2013-11-01,"Nov 2013","Row",182,"Scss","Starts"
"35505",2013-11-01,"Nov 2013","Apartment",12,"Scss","Starts"
"35505",2013-11-01,"Nov 2013","All",455,"Scss","Starts"
"35505",2013-12-01,"Dec 2013","Single",217,"Scss","Starts"
"35505",2013-12-01,"Dec 2013","Semi-Detached",30,"Scss","Starts"
"35505",2013-12-01,"Dec 2013","Row",166,"Scss","Starts"
"35505",2013-12-01,"Dec 2013","Apartment",92,"Scss","Starts"
"35505",2013-12-01,"Dec 2013","All",505,"Scss","Starts"
"35505",2014-01-01,"Jan 2014","Single",99,"Scss","Starts"
"35505",2014-01-01,"Jan 2014","Semi-Detached",10,"Scss","Starts"
"35505",2014-01-01,"Jan 2014","Row",87,"Scss","Starts"
"35505",2014-01-01,"Jan 2014","Apartment",25,"Scss","Starts"
"35505",2014-01-01,"Jan 2014","All",221,"Scss","Starts"
"35505",2014-02-01,"Feb 2014","Single",82,"Scss","Starts"
"35505",2014-02-01,"Feb 2014","Semi-Detached",6,"Scss","Starts"
"35505",2014-02-01,"Feb 2014","Row",38,"Scss","Starts"
"35505",2014-02-01,"Feb 2014","Apartment",0,"Scss","Starts"
"35505",2014-02-01,"Feb 2014","All",126,"Scss","Starts"
"35505",2014-03-01,"Mar 2014","Single",62,"Scss","Starts"
"35505",2014-03-01,"Mar 2014","Semi-Detached",6,"Scss","Starts"
"35505",2014-03-01,"Mar 2014","Row",80,"Scss","Starts"
"35505",2014-03-01,"Mar 2014","Apartment",287,"Scss","Starts"
"35505",2014-03-01,"Mar 2014","All",435,"Scss","Starts"
"35505",2014-04-01,"Apr 2014","Single",136,"Scss","Starts"
"35505",2014-04-01,"Apr 2014","Semi-Detached",20,"Scss","Starts"
"35505",2014-04-01,"Apr 2014","Row",63,"Scss","Starts"
"35505",2014-04-01,"Apr 2014","Apartment",34,"Scss","Starts"
"35505",2014-04-01,"Apr 2014","All",253,"Scss","Starts"
"35505",2014-05-01,"May 2014","Single",241,"Scss","Starts"
"35505",2014-05-01,"May 2014","Semi-Detached",24,"Scss","Starts"
"35505",2014-05-01,"May 2014","Row",226,"Scss","Starts"
"35505",2014-05-01,"May 2014","Apartment",415,"Scss","Starts"
"35505",2014-05-01,"May 2014","All",906,"Scss","Starts"
"35505",2014-06-01,"Jun 2014","Single",216,"Scss","Starts"
"35505",2014-06-01,"Jun 2014","Semi-Detached",32,"Scss","Starts"
"35505",2014-06-01,"Jun 2014","Row",160,"Scss","Starts"
"35505",2014-06-01,"Jun 2014","Apartment",206,"Scss","Starts"
"35505",2014-06-01,"Jun 2014","All",614,"Scss","Starts"
"35505",2014-07-01,"Jul 2014","Single",223,"Scss","Starts"
"35505",2014-07-01,"Jul 2014","Semi-Detached",37,"Scss","Starts"
"35505",2014-07-01,"Jul 2014","Row",76,"Scss","Starts"
"35505",2014-07-01,"Jul 2014","Apartment",60,"Scss","Starts"
"35505",2014-07-01,"Jul 2014","All",396,"Scss","Starts"
"35505",2014-08-01,"Aug 2014","Single",173,"Scss","Starts"
"35505",2014-08-01,"Aug 2014","Semi-Detached",32,"Scss","Starts"
"35505",2014-08-01,"Aug 2014","Row",308,"Scss","Starts"
"35505",2014-08-01,"Aug 2014","Apartment",116,"Scss","Starts"
"35505",2014-08-01,"Aug 2014","All",629,"Scss","Starts"
"35505",2014-09-01,"Sep 2014","Single",154,"Scss","Starts"
"35505",2014-09-01,"Sep 2014","Semi-Detached",24,"Scss","Starts"
"35505",2014-09-01,"Sep 2014","Row",154,"Scss","Starts"
"35505",2014-09-01,"Sep 2014","Apartment",107,"Scss","Starts"
"35505",2014-09-01,"Sep 2014","All",439,"Scss","Starts"
"35505",2014-10-01,"Oct 2014","Single",170,"Scss","Starts"
"35505",2014-10-01,"Oct 2014","Semi-Detached",38,"Scss","Starts"
"35505",2014-10-01,"Oct 2014","Row",149,"Scss","Starts"
"35505",2014-10-01,"Oct 2014","Apartment",207,"Scss","Starts"
"35505",2014-10-01,"Oct 2014","All",564,"Scss","Starts"
"35505",2014-11-01,"Nov 2014","Single",147,"Scss","Starts"
"35505",2014-11-01,"Nov 2014","Semi-Detached",20,"Scss","Starts"
"35505",2014-11-01,"Nov 2014","Row",100,"Scss","Starts"
"35505",2014-11-01,"Nov 2014","Apartment",401,"Scss","Starts"
"35505",2014-11-01,"Nov 2014","All",668,"Scss","Starts"
"35505",2014-12-01,"Dec 2014","Single",129,"Scss","Starts"
"35505",2014-12-01,"Dec 2014","Semi-Detached",34,"Scss","Starts"
"35505",2014-12-01,"Dec 2014","Row",279,"Scss","Starts"
"35505",2014-12-01,"Dec 2014","Apartment",149,"Scss","Starts"
"35505",2014-12-01,"Dec 2014","All",591,"Scss","Starts"
"35505",2015-01-01,"Jan 2015","Single",71,"Scss","Starts"
"35505",2015-01-01,"Jan 2015","Semi-Detached",12,"Scss","Starts"
"35505",2015-01-01,"Jan 2015","Row",64,"Scss","Starts"
"35505",2015-01-01,"Jan 2015","Apartment",42,"Scss","Starts"
"35505",2015-01-01,"Jan 2015","All",189,"Scss","Starts"
"35505",2015-02-01,"Feb 2015","Single",50,"Scss","Starts"
"35505",2015-02-01,"Feb 2015","Semi-Detached",10,"Scss","Starts"
"35505",2015-02-01,"Feb 2015","Row",57,"Scss","Starts"
"35505",2015-02-01,"Feb 2015","Apartment",39,"Scss","Starts"
"35505",2015-02-01,"Feb 2015","All",156,"Scss","Starts"
"35505",2015-03-01,"Mar 2015","Single",89,"Scss","Starts"
"35505",2015-03-01,"Mar 2015","Semi-Detached",8,"Scss","Starts"
"35505",2015-03-01,"Mar 2015","Row",25,"Scss","Starts"
"35505",2015-03-01,"Mar 2015","Apartment",21,"Scss","Starts"
"35505",2015-03-01,"Mar 2015","All",143,"Scss","Starts"
"35505",2015-04-01,"Apr 2015","Single",135,"Scss","Starts"
"35505",2015-04-01,"Apr 2015","Semi-Detached",20,"Scss","Starts"
"35505",2015-04-01,"Apr 2015","Row",121,"Scss","Starts"
"35505",2015-04-01,"Apr 2015","Apartment",190,"Scss","Starts"
"35505",2015-04-01,"Apr 2015","All",466,"Scss","Starts"
"35505",2015-05-01,"May 2015","Single",166,"Scss","Starts"
"35505",2015-05-01,"May 2015","Semi-Detached",13,"Scss","Starts"
"35505",2015-05-01,"May 2015","Row",122,"Scss","Starts"
"35505",2015-05-01,"May 2015","Apartment",29,"Scss","Starts"
"35505",2015-05-01,"May 2015","All",330,"Scss","Starts"
"35505",2015-06-01,"Jun 2015","Single",237,"Scss","Starts"
"35505",2015-06-01,"Jun 2015","Semi-Detached",36,"Scss","Starts"
"35505",2015-06-01,"Jun 2015","Row",177,"Scss","Starts"
"35505",2015-06-01,"Jun 2015","Apartment",421,"Scss","Starts"
"35505",2015-06-01,"Jun 2015","All",871,"Scss","Starts"
"35505",2015-07-01,"Jul 2015","Single",236,"Scss","Starts"
"35505",2015-07-01,"Jul 2015","Semi-Detached",12,"Scss","Starts"
"35505",2015-07-01,"Jul 2015","Row",102,"Scss","Starts"
"35505",2015-07-01,"Jul 2015","Apartment",85,"Scss","Starts"
"35505",2015-07-01,"Jul 2015","All",435,"Scss","Starts"
"35505",2015-08-01,"Aug 2015","Single",256,"Scss","Starts"
"35505",2015-08-01,"Aug 2015","Semi-Detached",18,"Scss","Starts"
"35505",2015-08-01,"Aug 2015","Row",163,"Scss","Starts"
"35505",2015-08-01,"Aug 2015","Apartment",43,"Scss","Starts"
"35505",2015-08-01,"Aug 2015","All",480,"Scss","Starts"
"35505",2015-09-01,"Sep 2015","Single",205,"Scss","Starts"
"35505",2015-09-01,"Sep 2015","Semi-Detached",28,"Scss","Starts"
"35505",2015-09-01,"Sep 2015","Row",78,"Scss","Starts"
"35505",2015-09-01,"Sep 2015","Apartment",178,"Scss","Starts"
"35505",2015-09-01,"Sep 2015","All",489,"Scss","Starts"
"35505",2015-10-01,"Oct 2015","Single",160,"Scss","Starts"
"35505",2015-10-01,"Oct 2015","Semi-Detached",6,"Scss","Starts"
"35505",2015-10-01,"Oct 2015","Row",101,"Scss","Starts"
"35505",2015-10-01,"Oct 2015","Apartment",157,"Scss","Starts"
"35505",2015-10-01,"Oct 2015","All",424,"Scss","Starts"
"35505",2015-11-01,"Nov 2015","Single",328,"Scss","Starts"
"35505",2015-11-01,"Nov 2015","Semi-Detached",20,"Scss","Starts"
"35505",2015-11-01,"Nov 2015","Row",180,"Scss","Starts"
"35505",2015-11-01,"Nov 2015","Apartment",226,"Scss","Starts"
"35505",2015-11-01,"Nov 2015","All",754,"Scss","Starts"
"35505",2015-12-01,"Dec 2015","Single",251,"Scss","Starts"
"35505",2015-12-01,"Dec 2015","Semi-Detached",40,"Scss","Starts"
"35505",2015-12-01,"Dec 2015","Row",187,"Scss","Starts"
"35505",2015-12-01,"Dec 2015","Apartment",25,"Scss","Starts"
"35505",2015-12-01,"Dec 2015","All",503,"Scss","Starts"
"35505",2016-01-01,"Jan 2016","Single",64,"Scss","Starts"
"35505",2016-01-01,"Jan 2016","Semi-Detached",12,"Scss","Starts"
"35505",2016-01-01,"Jan 2016","Row",50,"Scss","Starts"
"35505",2016-01-01,"Jan 2016","Apartment",219,"Scss","Starts"
"35505",2016-01-01,"Jan 2016","All",345,"Scss","Starts"
"35505",2016-02-01,"Feb 2016","Single",54,"Scss","Starts"
"35505",2016-02-01,"Feb 2016","Semi-Detached",16,"Scss","Starts"
"35505",2016-02-01,"Feb 2016","Row",91,"Scss","Starts"
"35505",2016-02-01,"Feb 2016","Apartment",37,"Scss","Starts"
"35505",2016-02-01,"Feb 2016","All",198,"Scss","Starts"
"35505",2016-03-01,"Mar 2016","Single",123,"Scss","Starts"
"35505",2016-03-01,"Mar 2016","Semi-Detached",10,"Scss","Starts"
"35505",2016-03-01,"Mar 2016","Row",110,"Scss","Starts"
"35505",2016-03-01,"Mar 2016","Apartment",56,"Scss","Starts"
"35505",2016-03-01,"Mar 2016","All",299,"Scss","Starts"
"35505",2016-04-01,"Apr 2016","Single",146,"Scss","Starts"
"35505",2016-04-01,"Apr 2016","Semi-Detached",12,"Scss","Starts"
"35505",2016-04-01,"Apr 2016","Row",113,"Scss","Starts"
"35505",2016-04-01,"Apr 2016","Apartment",31,"Scss","Starts"
"35505",2016-04-01,"Apr 2016","All",302,"Scss","Starts"
"35505",2016-05-01,"May 2016","Single",236,"Scss","Starts"
"35505",2016-05-01,"May 2016","Semi-Detached",18,"Scss","Starts"
"35505",2016-05-01,"May 2016","Row",192,"Scss","Starts"
"35505",2016-05-01,"May 2016","Apartment",103,"Scss","Starts"
"35505",2016-05-01,"May 2016","All",549,"Scss","Starts"
"35505",2016-06-01,"Jun 2016","Single",286,"Scss","Starts"
"35505",2016-06-01,"Jun 2016","Semi-Detached",28,"Scss","Starts"
"35505",2016-06-01,"Jun 2016","Row",246,"Scss","Starts"
"35505",2016-06-01,"Jun 2016","Apartment",28,"Scss","Starts"
"35505",2016-06-01,"Jun 2016","All",588,"Scss","Starts"
"35505",2016-07-01,"Jul 2016","Single",160,"Scss","Starts"
"35505",2016-07-01,"Jul 2016","Semi-Detached",28,"Scss","Starts"
"35505",2016-07-01,"Jul 2016","Row",140,"Scss","Starts"
"35505",2016-07-01,"Jul 2016","Apartment",83,"Scss","Starts"
"35505",2016-07-01,"Jul 2016","All",411,"Scss","Starts"
"35505",2016-08-01,"Aug 2016","Single",165,"Scss","Starts"
"35505",2016-08-01,"Aug 2016","Semi-Detached",30,"Scss","Starts"
"35505",2016-08-01,"Aug 2016","Row",271,"Scss","Starts"
"35505",2016-08-01,"Aug 2016","Apartment",42,"Scss","Starts"
"35505",2016-08-01,"Aug 2016","All",508,"Scss","Starts"
"35505",2016-09-01,"Sep 2016","Single",256,"Scss","Starts"
"35505",2016-09-01,"Sep 2016","Semi-Detached",40,"Scss","Starts"
"35505",2016-09-01,"Sep 2016","Row",139,"Scss","Starts"
"35505",2016-09-01,"Sep 2016","Apartment",317,"Scss","Starts"
"35505",2016-09-01,"Sep 2016","All",752,"Scss","Starts"
"35505",2016-10-01,"Oct 2016","Single",204,"Scss","Starts"
"35505",2016-10-01,"Oct 2016","Semi-Detached",30,"Scss","Starts"
"35505",2016-10-01,"Oct 2016","Row",192,"Scss","Starts"
"35505",2016-10-01,"Oct 2016","Apartment",178,"Scss","Starts"
"35505",2016-10-01,"Oct 2016","All",604,"Scss","Starts"
"35505",2016-11-01,"Nov 2016","Single",177,"Scss","Starts"
"35505",2016-11-01,"Nov 2016","Semi-Detached",24,"Scss","Starts"
"35505",2016-11-01,"Nov 2016","Row",137,"Scss","Starts"
"35505",2016-11-01,"Nov 2016","Apartment",29,"Scss","Starts"
"35505",2016-11-01,"Nov 2016","All",367,"Scss","Starts"
"35505",2016-12-01,"Dec 2016","Single",301,"Scss","Starts"
"35505",2016-12-01,"Dec 2016","Semi-Detached",38,"Scss","Starts"
"35505",2016-12-01,"Dec 2016","Row",158,"Scss","Starts"
"35505",2016-12-01,"Dec 2016","Apartment",153,"Scss","Starts"
"35505",2016-12-01,"Dec 2016","All",650,"Scss","Starts"
"35505",2017-01-01,"Jan 2017","Single",95,"Scss","Starts"
"35505",2017-01-01,"Jan 2017","Semi-Detached",22,"Scss","Starts"
"35505",2017-01-01,"Jan 2017","Row",81,"Scss","Starts"
"35505",2017-01-01,"Jan 2017","Apartment",363,"Scss","Starts"
"35505",2017-01-01,"Jan 2017","All",561,"Scss","Starts"
"35505",2017-02-01,"Feb 2017","Single",126,"Scss","Starts"
"35505",2017-02-01,"Feb 2017","Semi-Detached",6,"Scss","Starts"
"35505",2017-02-01,"Feb 2017","Row",126,"Scss","Starts"
"35505",2017-02-01,"Feb 2017","Apartment",324,"Scss","Starts"
"35505",2017-02-01,"Feb 2017","All",582,"Scss","Starts"
"35505",2017-03-01,"Mar 2017","Single",108,"Scss","Starts"
"35505",2017-03-01,"Mar 2017","Semi-Detached",22,"Scss","Starts"
"35505",2017-03-01,"Mar 2017","Row",85,"Scss","Starts"
"35505",2017-03-01,"Mar 2017","Apartment",43,"Scss","Starts"
"35505",2017-03-01,"Mar 2017","All",258,"Scss","Starts"
"35505",2017-04-01,"Apr 2017","Single",118,"Scss","Starts"
"35505",2017-04-01,"Apr 2017","Semi-Detached",27,"Scss","Starts"
"35505",2017-04-01,"Apr 2017","Row",101,"Scss","Starts"
"35505",2017-04-01,"Apr 2017","Apartment",217,"Scss","Starts"
"35505",2017-04-01,"Apr 2017","All",463,"Scss","Starts"
"35505",2017-05-01,"May 2017","Single",186,"Scss","Starts"
"35505",2017-05-01,"May 2017","Semi-Detached",18,"Scss","Starts"
"35505",2017-05-01,"May 2017","Row",130,"Scss","Starts"
"35505",2017-05-01,"May 2017","Apartment",282,"Scss","Starts"
"35505",2017-05-01,"May 2017","All",616,"Scss","Starts"
"35505",2017-06-01,"Jun 2017","Single",361,"Scss","Starts"
"35505",2017-06-01,"Jun 2017","Semi-Detached",30,"Scss","Starts"
"35505",2017-06-01,"Jun 2017","Row",250,"Scss","Starts"
"35505",2017-06-01,"Jun 2017","Apartment",88,"Scss","Starts"
"35505",2017-06-01,"Jun 2017","All",729,"Scss","Starts"
"35505",2017-07-01,"Jul 2017","Single",214,"Scss","Starts"
"35505",2017-07-01,"Jul 2017","Semi-Detached",16,"Scss","Starts"
"35505",2017-07-01,"Jul 2017","Row",134,"Scss","Starts"
"35505",2017-07-01,"Jul 2017","Apartment",438,"Scss","Starts"
"35505",2017-07-01,"Jul 2017","All",802,"Scss","Starts"
"35505",2017-08-01,"Aug 2017","Single",177,"Scss","Starts"
"35505",2017-08-01,"Aug 2017","Semi-Detached",16,"Scss","Starts"
"35505",2017-08-01,"Aug 2017","Row",255,"Scss","Starts"
"35505",2017-08-01,"Aug 2017","Apartment",170,"Scss","Starts"
"35505",2017-08-01,"Aug 2017","All",618,"Scss","Starts"
"35505",2017-09-01,"Sep 2017","Single",286,"Scss","Starts"
"35505",2017-09-01,"Sep 2017","Semi-Detached",28,"Scss","Starts"
"35505",2017-09-01,"Sep 2017","Row",239,"Scss","Starts"
"35505",2017-09-01,"Sep 2017","Apartment",201,"Scss","Starts"
"35505",2017-09-01,"Sep 2017","All",754,"Scss","Starts"
"35505",2017-10-01,"Oct 2017","Single",253,"Scss","Starts"
"35505",2017-10-01,"Oct 2017","Semi-Detached",46,"Scss","Starts"
"35505",2017-10-01,"Oct 2017","Row",223,"Scss","Starts"
"35505",2017-10-01,"Oct 2017","Apartment",7,"Scss","Starts"
"35505",2017-10-01,"Oct 2017","All",529,"Scss","Starts"
"35505",2017-11-01,"Nov 2017","Single",194,"Scss","Starts"
"35505",2017-11-01,"Nov 2017","Semi-Detached",30,"Scss","Starts"
"35505",2017-11-01,"Nov 2017","Row",215,"Scss","Starts"
"35505",2017-11-01,"Nov 2017","Apartment",509,"Scss","Starts"
"35505",2017-11-01,"Nov 2017","All",948,"Scss","Starts"
"35505",2017-12-01,"Dec 2017","Single",310,"Scss","Starts"
"35505",2017-12-01,"Dec 2017","Semi-Detached",74,"Scss","Starts"
"35505",2017-12-01,"Dec 2017","Row",255,"Scss","Starts"
"35505",2017-12-01,"Dec 2017","Apartment",324,"Scss","Starts"
"35505",2017-12-01,"Dec 2017","All",963,"Scss","Starts"
"35505",2018-01-01,"Jan 2018","Single",120,"Scss","Starts"
"35505",2018-01-01,"Jan 2018","Semi-Detached",32,"Scss","Starts"
"35505",2018-01-01,"Jan 2018","Row",56,"Scss","Starts"
"35505",2018-01-01,"Jan 2018","Apartment",215,"Scss","Starts"
"35505",2018-01-01,"Jan 2018","All",423,"Scss","Starts"
"35505",2018-02-01,"Feb 2018","Single",59,"Scss","Starts"
"35505",2018-02-01,"Feb 2018","Semi-Detached",16,"Scss","Starts"
"35505",2018-02-01,"Feb 2018","Row",39,"Scss","Starts"
"35505",2018-02-01,"Feb 2018","Apartment",3,"Scss","Starts"
"35505",2018-02-01,"Feb 2018","All",117,"Scss","Starts"
"35505",2018-03-01,"Mar 2018","Single",195,"Scss","Starts"
"35505",2018-03-01,"Mar 2018","Semi-Detached",26,"Scss","Starts"
"35505",2018-03-01,"Mar 2018","Row",151,"Scss","Starts"
"35505",2018-03-01,"Mar 2018","Apartment",53,"Scss","Starts"
"35505",2018-03-01,"Mar 2018","All",425,"Scss","Starts"
"35505",2018-04-01,"Apr 2018","Single",162,"Scss","Starts"
"35505",2018-04-01,"Apr 2018","Semi-Detached",28,"Scss","Starts"
"35505",2018-04-01,"Apr 2018","Row",156,"Scss","Starts"
"35505",2018-04-01,"Apr 2018","Apartment",184,"Scss","Starts"
"35505",2018-04-01,"Apr 2018","All",530,"Scss","Starts"
"35505",2018-05-01,"May 2018","Single",254,"Scss","Starts"
"35505",2018-05-01,"May 2018","Semi-Detached",20,"Scss","Starts"
"35505",2018-05-01,"May 2018","Row",219,"Scss","Starts"
"35505",2018-05-01,"May 2018","Apartment",68,"Scss","Starts"
"35505",2018-05-01,"May 2018","All",561,"Scss","Starts"
"35505",2018-06-01,"Jun 2018","Single",466,"Scss","Starts"
"35505",2018-06-01,"Jun 2018","Semi-Detached",48,"Scss","Starts"
"35505",2018-06-01,"Jun 2018","Row",432,"Scss","Starts"
"35505",2018-06-01,"Jun 2018","Apartment",254,"Scss","Starts"
"35505",2018-06-01,"Jun 2018","All",1200,"Scss","Starts"
"35505",2018-07-01,"Jul 2018","Single",301,"Scss","Starts"
"35505",2018-07-01,"Jul 2018","Semi-Detached",46,"Scss","Starts"
"35505",2018-07-01,"Jul 2018","Row",179,"Scss","Starts"
"35505",2018-07-01,"Jul 2018","Apartment",42,"Scss","Starts"
"35505",2018-07-01,"Jul 2018","All",568,"Scss","Starts"
"35505",2018-08-01,"Aug 2018","Single",317,"Scss","Starts"
"35505",2018-08-01,"Aug 2018","Semi-Detached",36,"Scss","Starts"
"35505",2018-08-01,"Aug 2018","Row",274,"Scss","Starts"
"35505",2018-08-01,"Aug 2018","Apartment",314,"Scss","Starts"
"35505",2018-08-01,"Aug 2018","All",941,"Scss","Starts"
"35505",2018-09-01,"Sep 2018","Single",318,"Scss","Starts"
"35505",2018-09-01,"Sep 2018","Semi-Detached",70,"Scss","Starts"
"35505",2018-09-01,"Sep 2018","Row",270,"Scss","Starts"
"35505",2018-09-01,"Sep 2018","Apartment",113,"Scss","Starts"
"35505",2018-09-01,"Sep 2018","All",771,"Scss","Starts"
"35505",2018-10-01,"Oct 2018","Single",282,"Scss","Starts"
"35505",2018-10-01,"Oct 2018","Semi-Detached",40,"Scss","Starts"
"35505",2018-10-01,"Oct 2018","Row",156,"Scss","Starts"
"35505",2018-10-01,"Oct 2018","Apartment",934,"Scss","Starts"
"35505",2018-10-01,"Oct 2018","All",1412,"Scss","Starts"
"35505",2018-11-01,"Nov 2018","Single",226,"Scss","Starts"
"35505",2018-11-01,"Nov 2018","Semi-Detached",26,"Scss","Starts"
"35505",2018-11-01,"Nov 2018","Row",147,"Scss","Starts"
"35505",2018-11-01,"Nov 2018","Apartment",180,"Scss","Starts"
"35505",2018-11-01,"Nov 2018","All",579,"Scss","Starts"
"35505",2018-12-01,"Dec 2018","Single",279,"Scss","Starts"
"35505",2018-12-01,"Dec 2018","Semi-Detached",52,"Scss","Starts"
"35505",2018-12-01,"Dec 2018","Row",137,"Scss","Starts"
"35505",2018-12-01,"Dec 2018","Apartment",303,"Scss","Starts"
"35505",2018-12-01,"Dec 2018","All",771,"Scss","Starts"
"35505",2019-01-01,"Jan 2019","Single",76,"Scss","Starts"
"35505",2019-01-01,"Jan 2019","Semi-Detached",18,"Scss","Starts"
"35505",2019-01-01,"Jan 2019","Row",64,"Scss","Starts"
"35505",2019-01-01,"Jan 2019","Apartment",27,"Scss","Starts"
"35505",2019-01-01,"Jan 2019","All",185,"Scss","Starts"
"35505",2019-02-01,"Feb 2019","Single",79,"Scss","Starts"
"35505",2019-02-01,"Feb 2019","Semi-Detached",8,"Scss","Starts"
"35505",2019-02-01,"Feb 2019","Row",137,"Scss","Starts"
"35505",2019-02-01,"Feb 2019","Apartment",460,"Scss","Starts"
"35505",2019-02-01,"Feb 2019","All",684,"Scss","Starts"
"35505",2019-03-01,"Mar 2019","Single",136,"Scss","Starts"
"35505",2019-03-01,"Mar 2019","Semi-Detached",8,"Scss","Starts"
"35505",2019-03-01,"Mar 2019","Row",51,"Scss","Starts"
"35505",2019-03-01,"Mar 2019","Apartment",94,"Scss","Starts"
"35505",2019-03-01,"Mar 2019","All",289,"Scss","Starts"
"35505",2019-04-01,"Apr 2019","Single",227,"Scss","Starts"
"35505",2019-04-01,"Apr 2019","Semi-Detached",30,"Scss","Starts"
"35505",2019-04-01,"Apr 2019","Row",181,"Scss","Starts"
"35505",2019-04-01,"Apr 2019","Apartment",52,"Scss","Starts"
"35505",2019-04-01,"Apr 2019","All",490,"Scss","Starts"
"35505",2019-05-01,"May 2019","Single",237,"Scss","Starts"
"35505",2019-05-01,"May 2019","Semi-Detached",26,"Scss","Starts"
"35505",2019-05-01,"May 2019","Row",274,"Scss","Starts"
"35505",2019-05-01,"May 2019","Apartment",121,"Scss","Starts"
"35505",2019-05-01,"May 2019","All",658,"Scss","Starts"
"35505",2019-06-01,"Jun 2019","Single",263,"Scss","Starts"
"35505",2019-06-01,"Jun 2019","Semi-Detached",44,"Scss","Starts"
"35505",2019-06-01,"Jun 2019","Row",267,"Scss","Starts"
"35505",2019-06-01,"Jun 2019","Apartment",256,"Scss","Starts"
"35505",2019-06-01,"Jun 2019","All",830,"Scss","Starts"
"35505",2019-07-01,"Jul 2019","Single",276,"Scss","Starts"
"35505",2019-07-01,"Jul 2019","Semi-Detached",30,"Scss","Starts"
"35505",2019-07-01,"Jul 2019","Row",245,"Scss","Starts"
"35505",2019-07-01,"Jul 2019","Apartment",48,"Scss","Starts"
"35505",2019-07-01,"Jul 2019","All",599,"Scss","Starts"
"35505",2019-08-01,"Aug 2019","Single",257,"Scss","Starts"
"35505",2019-08-01,"Aug 2019","Semi-Detached",30,"Scss","Starts"
"35505",2019-08-01,"Aug 2019","Row",209,"Scss","Starts"
"35505",2019-08-01,"Aug 2019","Apartment",111,"Scss","Starts"
"35505",2019-08-01,"Aug 2019","All",607,"Scss","Starts"
"35505",2019-09-01,"Sep 2019","Single",276,"Scss","Starts"
"35505",2019-09-01,"Sep 2019","Semi-Detached",26,"Scss","Starts"
"35505",2019-09-01,"Sep 2019","Row",374,"Scss","Starts"
"35505",2019-09-01,"Sep 2019","Apartment",613,"Scss","Starts"
"35505",2019-09-01,"Sep 2019","All",1289,"Scss","Starts"
"35505",2019-10-01,"Oct 2019","Single",293,"Scss","Starts"
"35505",2019-10-01,"Oct 2019","Semi-Detached",20,"Scss","Starts"
"35505",2019-10-01,"Oct 2019","Row",231,"Scss","Starts"
"35505",2019-10-01,"Oct 2019","Apartment",122,"Scss","Starts"
"35505",2019-10-01,"Oct 2019","All",666,"Scss","Starts"
"35505",2019-11-01,"Nov 2019","Single",270,"Scss","Starts"
"35505",2019-11-01,"Nov 2019","Semi-Detached",44,"Scss","Starts"
"35505",2019-11-01,"Nov 2019","Row",226,"Scss","Starts"
"35505",2019-11-01,"Nov 2019","Apartment",387,"Scss","Starts"
"35505",2019-11-01,"Nov 2019","All",927,"Scss","Starts"
"35505",2019-12-01,"Dec 2019","Single",238,"Scss","Starts"
"35505",2019-12-01,"Dec 2019","Semi-Detached",34,"Scss","Starts"
"35505",2019-12-01,"Dec 2019","Row",305,"Scss","Starts"
"35505",2019-12-01,"Dec 2019","Apartment",40,"Scss","Starts"
"35505",2019-12-01,"Dec 2019","All",617,"Scss","Starts"
"35505",2020-01-01,"Jan 2020","Single",103,"Scss","Starts"
"35505",2020-01-01,"Jan 2020","Semi-Detached",18,"Scss","Starts"
"35505",2020-01-01,"Jan 2020","Row",91,"Scss","Starts"
"35505",2020-01-01,"Jan 2020","Apartment",159,"Scss","Starts"
"35505",2020-01-01,"Jan 2020","All",371,"Scss","Starts"
"35505",2020-02-01,"Feb 2020","Single",153,"Scss","Starts"
"35505",2020-02-01,"Feb 2020","Semi-Detached",8,"Scss","Starts"
"35505",2020-02-01,"Feb 2020","Row",153,"Scss","Starts"
"35505",2020-02-01,"Feb 2020","Apartment",471,"Scss","Starts"
"35505",2020-02-01,"Feb 2020","All",785,"Scss","Starts"
"35505",2020-03-01,"Mar 2020","Single",312,"Scss","Starts"
"35505",2020-03-01,"Mar 2020","Semi-Detached",58,"Scss","Starts"
"35505",2020-03-01,"Mar 2020","Row",276,"Scss","Starts"
"35505",2020-03-01,"Mar 2020","Apartment",96,"Scss","Starts"
"35505",2020-03-01,"Mar 2020","All",742,"Scss","Starts"
"35505",2020-04-01,"Apr 2020","Single",223,"Scss","Starts"
"35505",2020-04-01,"Apr 2020","Semi-Detached",34,"Scss","Starts"
"35505",2020-04-01,"Apr 2020","Row",213,"Scss","Starts"
"35505",2020-04-01,"Apr 2020","Apartment",366,"Scss","Starts"
"35505",2020-04-01,"Apr 2020","All",836,"Scss","Starts"
"35505",2020-05-01,"May 2020","Single",282,"Scss","Starts"
"35505",2020-05-01,"May 2020","Semi-Detached",28,"Scss","Starts"
"35505",2020-05-01,"May 2020","Row",202,"Scss","Starts"
"35505",2020-05-01,"May 2020","Apartment",181,"Scss","Starts"
"35505",2020-05-01,"May 2020","All",693,"Scss","Starts"
"35505",2020-06-01,"Jun 2020","Single",320,"Scss","Starts"
"35505",2020-06-01,"Jun 2020","Semi-Detached",34,"Scss","Starts"
"35505",2020-06-01,"Jun 2020","Row",347,"Scss","Starts"
"35505",2020-06-01,"Jun 2020","Apartment",69,"Scss","Starts"
"35505",2020-06-01,"Jun 2020","All",770,"Scss","Starts"
"35505",2020-07-01,"Jul 2020","Single",323,"Scss","Starts"
"35505",2020-07-01,"Jul 2020","Semi-Detached",24,"Scss","Starts"
"35505",2020-07-01,"Jul 2020","Row",298,"Scss","Starts"
"35505",2020-07-01,"Jul 2020","Apartment",95,"Scss","Starts"
"35505",2020-07-01,"Jul 2020","All",740,"Scss","Starts"
"35505",2020-08-01,"Aug 2020","Single",295,"Scss","Starts"
"35505",2020-08-01,"Aug 2020","Semi-Detached",30,"Scss","Starts"
"35505",2020-08-01,"Aug 2020","Row",355,"Scss","Starts"
"35505",2020-08-01,"Aug 2020","Apartment",938,"Scss","Starts"
"35505",2020-08-01,"Aug 2020","All",1618,"Scss","Starts"
"35505",2020-09-01,"Sep 2020","Single",433,"Scss","Starts"
"35505",2020-09-01,"Sep 2020","Semi-Detached",66,"Scss","Starts"
"35505",2020-09-01,"Sep 2020","Row",568,"Scss","Starts"
"35505",2020-09-01,"Sep 2020","Apartment",530,"Scss","Starts"
"35505",2020-09-01,"Sep 2020","All",1597,"Scss","Starts"
"35505",2020-10-01,"Oct 2020","Single",265,"Scss","Starts"
"35505",2020-10-01,"Oct 2020","Semi-Detached",50,"Scss","Starts"
"35505",2020-10-01,"Oct 2020","Row",145,"Scss","Starts"
"35505",2020-10-01,"Oct 2020","Apartment",288,"Scss","Starts"
"35505",2020-10-01,"Oct 2020","All",748,"Scss","Starts"
"35505",2020-11-01,"Nov 2020","Single",308,"Scss","Starts"
"35505",2020-11-01,"Nov 2020","Semi-Detached",33,"Scss","Starts"
"35505",2020-11-01,"Nov 2020","Row",377,"Scss","Starts"
"35505",2020-11-01,"Nov 2020","Apartment",371,"Scss","Starts"
"35505",2020-11-01,"Nov 2020","All",1089,"Scss","Starts"
"35505",2020-12-01,"Dec 2020","Single",405,"Scss","Starts"
"35505",2020-12-01,"Dec 2020","Semi-Detached",123,"Scss","Starts"
"35505",2020-12-01,"Dec 2020","Row",262,"Scss","Starts"
"35505",2020-12-01,"Dec 2020","Apartment",506,"Scss","Starts"
"35505",2020-12-01,"Dec 2020","All",1296,"Scss","Starts"
"35505",2021-01-01,"Jan 2021","Single",132,"Scss","Starts"
"35505",2021-01-01,"Jan 2021","Semi-Detached",18,"Scss","Starts"
"35505",2021-01-01,"Jan 2021","Row",82,"Scss","Starts"
"35505",2021-01-01,"Jan 2021","Apartment",218,"Scss","Starts"
"35505",2021-01-01,"Jan 2021","All",450,"Scss","Starts"
"35505",2021-02-01,"Feb 2021","Single",210,"Scss","Starts"
"35505",2021-02-01,"Feb 2021","Semi-Detached",26,"Scss","Starts"
"35505",2021-02-01,"Feb 2021","Row",55,"Scss","Starts"
"35505",2021-02-01,"Feb 2021","Apartment",367,"Scss","Starts"
"35505",2021-02-01,"Feb 2021","All",658,"Scss","Starts"
"35505",2021-03-01,"Mar 2021","Single",381,"Scss","Starts"
"35505",2021-03-01,"Mar 2021","Semi-Detached",38,"Scss","Starts"
"35505",2021-03-01,"Mar 2021","Row",246,"Scss","Starts"
"35505",2021-03-01,"Mar 2021","Apartment",487,"Scss","Starts"
"35505",2021-03-01,"Mar 2021","All",1152,"Scss","Starts"
"35505",2021-04-01,"Apr 2021","Single",301,"Scss","Starts"
"35505",2021-04-01,"Apr 2021","Semi-Detached",24,"Scss","Starts"
"35505",2021-04-01,"Apr 2021","Row",236,"Scss","Starts"
"35505",2021-04-01,"Apr 2021","Apartment",409,"Scss","Starts"
"35505",2021-04-01,"Apr 2021","All",970,"Scss","Starts"
"35505",2021-05-01,"May 2021","Single",361,"Scss","Starts"
"35505",2021-05-01,"May 2021","Semi-Detached",23,"Scss","Starts"
"35505",2021-05-01,"May 2021","Row",324,"Scss","Starts"
"35505",2021-05-01,"May 2021","Apartment",545,"Scss","Starts"
"35505",2021-05-01,"May 2021","All",1253,"Scss","Starts"
"35505",2021-06-01,"Jun 2021","Single",444,"Scss","Starts"
"35505",2021-06-01,"Jun 2021","Semi-Detached",100,"Scss","Starts"
"35505",2021-06-01,"Jun 2021","Row",360,"Scss","Starts"
"35505",2021-06-01,"Jun 2021","Apartment",34,"Scss","Starts"
"35505",2021-06-01,"Jun 2021","All",938,"Scss","Starts"
"35505",2021-07-01,"Jul 2021","Single",298,"Scss","Starts"
"35505",2021-07-01,"Jul 2021","Semi-Detached",28,"Scss","Starts"
"35505",2021-07-01,"Jul 2021","Row",218,"Scss","Starts"
"35505",2021-07-01,"Jul 2021","Apartment",103,"Scss","Starts"
"35505",2021-07-01,"Jul 2021","All",647,"Scss","Starts"
"35505",2021-08-01,"Aug 2021","Single",255,"Scss","Starts"
"35505",2021-08-01,"Aug 2021","Semi-Detached",2,"Scss","Starts"
"35505",2021-08-01,"Aug 2021","Row",333,"Scss","Starts"
"35505",2021-08-01,"Aug 2021","Apartment",279,"Scss","Starts"
"35505",2021-08-01,"Aug 2021","All",869,"Scss","Starts"
"35505",2021-09-01,"Sep 2021","Single",411,"Scss","Starts"
"35505",2021-09-01,"Sep 2021","Semi-Detached",74,"Scss","Starts"
"35505",2021-09-01,"Sep 2021","Row",336,"Scss","Starts"
"35505",2021-09-01,"Sep 2021","Apartment",211,"Scss","Starts"
"35505",2021-09-01,"Sep 2021","All",1032,"Scss","Starts"
"35505",2021-10-01,"Oct 2021","Single",285,"Scss","Starts"
"35505",2021-10-01,"Oct 2021","Semi-Detached",26,"Scss","Starts"
"35505",2021-10-01,"Oct 2021","Row",465,"Scss","Starts"
"35505",2021-10-01,"Oct 2021","Apartment",435,"Scss","Starts"
"35505",2021-10-01,"Oct 2021","All",1211,"Scss","Starts"
"35505",2021-11-01,"Nov 2021","Single",295,"Scss","Starts"
"35505",2021-11-01,"Nov 2021","Semi-Detached",18,"Scss","Starts"
"35505",2021-11-01,"Nov 2021","Row",223,"Scss","Starts"
"35505",2021-11-01,"Nov 2021","Apartment",850,"Scss","Starts"
"35505",2021-11-01,"Nov 2021","All",1386,"Scss","Starts"
"35505",2021-12-01,"Dec 2021","Single",285,"Scss","Starts"
"35505",2021-12-01,"Dec 2021","Semi-Detached",34,"Scss","Starts"
"35505",2021-12-01,"Dec 2021","Row",205,"Scss","Starts"
"35505",2021-12-01,"Dec 2021","Apartment",85,"Scss","Starts"
"35505",2021-12-01,"Dec 2021","All",609,"Scss","Starts"
"35505",2022-01-01,"Jan 2022","Single",111,"Scss","Starts"
"35505",2022-01-01,"Jan 2022","Semi-Detached",14,"Scss","Starts"
"35505",2022-01-01,"Jan 2022","Row",73,"Scss","Starts"
"35505",2022-01-01,"Jan 2022","Apartment",161,"Scss","Starts"
"35505",2022-01-01,"Jan 2022","All",359,"Scss","Starts"
"35505",2022-02-01,"Feb 2022","Single",129,"Scss","Starts"
"35505",2022-02-01,"Feb 2022","Semi-Detached",20,"Scss","Starts"
"35505",2022-02-01,"Feb 2022","Row",70,"Scss","Starts"
"35505",2022-02-01,"Feb 2022","Apartment",272,"Scss","Starts"
"35505",2022-02-01,"Feb 2022","All",491,"Scss","Starts"
"35505",2022-03-01,"Mar 2022","Single",155,"Scss","Starts"
"35505",2022-03-01,"Mar 2022","Semi-Detached",26,"Scss","Starts"
"35505",2022-03-01,"Mar 2022","Row",207,"Scss","Starts"
"35505",2022-03-01,"Mar 2022","Apartment",488,"Scss","Starts"
"35505",2022-03-01,"Mar 2022","All",876,"Scss","Starts"
"35505",2022-04-01,"Apr 2022","Single",287,"Scss","Starts"
"35505",2022-04-01,"Apr 2022","Semi-Detached",40,"Scss","Starts"
"35505",2022-04-01,"Apr 2022","Row",371,"Scss","Starts"
"35505",2022-04-01,"Apr 2022","Apartment",269,"Scss","Starts"
"35505",2022-04-01,"Apr 2022","All",967,"Scss","Starts"
"35505",2022-05-01,"May 2022","Single",318,"Scss","Starts"
"35505",2022-05-01,"May 2022","Semi-Detached",20,"Scss","Starts"
"35505",2022-05-01,"May 2022","Row",219,"Scss","Starts"
"35505",2022-05-01,"May 2022","Apartment",211,"Scss","Starts"
"35505",2022-05-01,"May 2022","All",768,"Scss","Starts"
"35505",2022-06-01,"Jun 2022","Single",319,"Scss","Starts"
"35505",2022-06-01,"Jun 2022","Semi-Detached",34,"Scss","Starts"
"35505",2022-06-01,"Jun 2022","Row",321,"Scss","Starts"
"35505",2022-06-01,"Jun 2022","Apartment",234,"Scss","Starts"
"35505",2022-06-01,"Jun 2022","All",908,"Scss","Starts"
"35505",2022-07-01,"Jul 2022","Single",236,"Scss","Starts"
"35505",2022-07-01,"Jul 2022","Semi-Detached",20,"Scss","Starts"
"35505",2022-07-01,"Jul 2022","Row",279,"Scss","Starts"
"35505",2022-07-01,"Jul 2022","Apartment",1249,"Scss","Starts"
"35505",2022-07-01,"Jul 2022","All",1784,"Scss","Starts"
"35505",2022-08-01,"Aug 2022","Single",209,"Scss","Starts"
"35505",2022-08-01,"Aug 2022","Semi-Detached",24,"Scss","Starts"
"35505",2022-08-01,"Aug 2022","Row",299,"Scss","Starts"
"35505",2022-08-01,"Aug 2022","Apartment",725,"Scss","Starts"
"35505",2022-08-01,"Aug 2022","All",1257,"Scss","Starts"
"35505",2022-09-01,"Sep 2022","Single",311,"Scss","Starts"
"35505",2022-09-01,"Sep 2022","Semi-Detached",28,"Scss","Starts"
"35505",2022-09-01,"Sep 2022","Row",287,"Scss","Starts"
"35505",2022-09-01,"Sep 2022","Apartment",1390,"Scss","Starts"
"35505",2022-09-01,"Sep 2022","All",2016,"Scss","Starts"
"35505",2022-10-01,"Oct 2022","Single",340,"Scss","Starts"
"35505",2022-10-01,"Oct 2022","Semi-Detached",18,"Scss","Starts"
"35505",2022-10-01,"Oct 2022","Row",323,"Scss","Starts"
"35505",2022-10-01,"Oct 2022","Apartment",457,"Scss","Starts"
"35505",2022-10-01,"Oct 2022","All",1138,"Scss","Starts"
"35505",2022-11-01,"Nov 2022","Single",194,"Scss","Starts"
"35505",2022-11-01,"Nov 2022","Semi-Detached",18,"Scss","Starts"
"35505",2022-11-01,"Nov 2022","Row",148,"Scss","Starts"
"35505",2022-11-01,"Nov 2022","Apartment",172,"Scss","Starts"
"35505",2022-11-01,"Nov 2022","All",532,"Scss","Starts"
"35505",2022-12-01,"Dec 2022","Single",175,"Scss","Starts"
"35505",2022-12-01,"Dec 2022","Semi-Detached",18,"Scss","Starts"
"35505",2022-12-01,"Dec 2022","Row",91,"Scss","Starts"
"35505",2022-12-01,"Dec 2022","Apartment",99,"Scss","Starts"
"35505",2022-12-01,"Dec 2022","All",383,"Scss","Starts"
"35505",2023-01-01,"Jan 2023","Single",38,"Scss","Starts"
"35505",2023-01-01,"Jan 2023","Semi-Detached",0,"Scss","Starts"
"35505",2023-01-01,"Jan 2023","Row",30,"Scss","Starts"
"35505",2023-01-01,"Jan 2023","Apartment",3,"Scss","Starts"
"35505",2023-01-01,"Jan 2023","All",71,"Scss","Starts"
"35505",2023-02-01,"Feb 2023","Single",63,"Scss","Starts"
"35505",2023-02-01,"Feb 2023","Semi-Detached",8,"Scss","Starts"
"35505",2023-02-01,"Feb 2023","Row",23,"Scss","Starts"
"35505",2023-02-01,"Feb 2023","Apartment",399,"Scss","Starts"
"35505",2023-02-01,"Feb 2023","All",493,"Scss","Starts"
"35505",2023-03-01,"Mar 2023","Single",99,"Scss","Starts"
"35505",2023-03-01,"Mar 2023","Semi-Detached",0,"Scss","Starts"
"35505",2023-03-01,"Mar 2023","Row",91,"Scss","Starts"
"35505",2023-03-01,"Mar 2023","Apartment",961,"Scss","Starts"
"35505",2023-03-01,"Mar 2023","All",1151,"Scss","Starts"
"35505",2023-04-01,"Apr 2023","Single",102,"Scss","Starts"
"35505",2023-04-01,"Apr 2023","Semi-Detached",16,"Scss","Starts"
"35505",2023-04-01,"Apr 2023","Row",191,"Scss","Starts"
"35505",2023-04-01,"Apr 2023","Apartment",617,"Scss","Starts"
"35505",2023-04-01,"Apr 2023","All",926,"Scss","Starts"
"35505",2023-05-01,"May 2023","Single",139,"Scss","Starts"
"35505",2023-05-01,"May 2023","Semi-Detached",14,"Scss","Starts"
"35505",2023-05-01,"May 2023","Row",165,"Scss","Starts"
"35505",2023-05-01,"May 2023","Apartment",14,"Scss","Starts"
"35505",2023-05-01,"May 2023","All",332,"Scss","Starts"
"35505",2023-06-01,"Jun 2023","Single",222,"Scss","Starts"
"35505",2023-06-01,"Jun 2023","Semi-Detached",34,"Scss","Starts"
"35505",2023-06-01,"Jun 2023","Row",175,"Scss","Starts"
"35505",2023-06-01,"Jun 2023","Apartment",170,"Scss","Starts"
"35505",2023-06-01,"Jun 2023","All",601,"Scss","Starts"
"35505",2023-07-01,"Jul 2023","Single",90,"Scss","Starts"
"35505",2023-07-01,"Jul 2023","Semi-Detached",8,"Scss","Starts"
"35505",2023-07-01,"Jul 2023","Row",153,"Scss","Starts"
"35505",2023-07-01,"Jul 2023","Apartment",533,"Scss","Starts"
"35505",2023-07-01,"Jul 2023","All",784,"Scss","Starts"
"35505",2023-08-01,"Aug 2023","Single",203,"Scss","Starts"
"35505",2023-08-01,"Aug 2023","Semi-Detached",20,"Scss","Starts"
"35505",2023-08-01,"Aug 2023","Row",226,"Scss","Starts"
"35505",2023-08-01,"Aug 2023","Apartment",474,"Scss","Starts"
"35505",2023-08-01,"Aug 2023","All",923,"Scss","Starts"
"35505",2023-09-01,"Sep 2023","Single",145,"Scss","Starts"
"35505",2023-09-01,"Sep 2023","Semi-Detached",20,"Scss","Starts"
"35505",2023-09-01,"Sep 2023","Row",123,"Scss","Starts"
"35505",2023-09-01,"Sep 2023","Apartment",944,"Scss","Starts"
"35505",2023-09-01,"Sep 2023","All",1232,"Scss","Starts"
"35505",2023-10-01,"Oct 2023","Single",195,"Scss","Starts"
"35505",2023-10-01,"Oct 2023","Semi-Detached",28,"Scss","Starts"
"35505",2023-10-01,"Oct 2023","Row",146,"Scss","Starts"
"35505",2023-10-01,"Oct 2023","Apartment",737,"Scss","Starts"
"35505",2023-10-01,"Oct 2023","All",1106,"Scss","Starts"
"35505",2023-11-01,"Nov 2023","Single",123,"Scss","Starts"
"35505",2023-11-01,"Nov 2023","Semi-Detached",14,"Scss","Starts"
"35505",2023-11-01,"Nov 2023","Row",226,"Scss","Starts"
"35505",2023-11-01,"Nov 2023","Apartment",463,"Scss","Starts"
"35505",2023-11-01,"Nov 2023","All",826,"Scss","Starts"
"35505",2023-12-01,"Dec 2023","Single",116,"Scss","Starts"
"35505",2023-12-01,"Dec 2023","Semi-Detached",24,"Scss","Starts"
"35505",2023-12-01,"Dec 2023","Row",129,"Scss","Starts"
"35505",2023-12-01,"Dec 2023","Apartment",531,"Scss","Starts"
"35505",2023-12-01,"Dec 2023","All",800,"Scss","Starts"
"35505",2024-01-01,"Jan 2024","Single",82,"Scss","Starts"
"35505",2024-01-01,"Jan 2024","Semi-Detached",0,"Scss","Starts"
"35505",2024-01-01,"Jan 2024","Row",26,"Scss","Starts"
"35505",2024-01-01,"Jan 2024","Apartment",101,"Scss","Starts"
"35505",2024-01-01,"Jan 2024","All",209,"Scss","Starts"
"35505",2024-02-01,"Feb 2024","Single",27,"Scss","Starts"
"35505",2024-02-01,"Feb 2024","Semi-Detached",14,"Scss","Starts"
"35505",2024-02-01,"Feb 2024","Row",87,"Scss","Starts"
"35505",2024-02-01,"Feb 2024","Apartment",316,"Scss","Starts"
"35505",2024-02-01,"Feb 2024","All",444,"Scss","Starts"
"35505",2024-03-01,"Mar 2024","Single",98,"Scss","Starts"
"35505",2024-03-01,"Mar 2024","Semi-Detached",0,"Scss","Starts"
"35505",2024-03-01,"Mar 2024","Row",126,"Scss","Starts"
"35505",2024-03-01,"Mar 2024","Apartment",319,"Scss","Starts"
"35505",2024-03-01,"Mar 2024","All",543,"Scss","Starts"
"35505",2024-04-01,"Apr 2024","Single",114,"Scss","Starts"
"35505",2024-04-01,"Apr 2024","Semi-Detached",6,"Scss","Starts"
"35505",2024-04-01,"Apr 2024","Row",157,"Scss","Starts"
"35505",2024-04-01,"Apr 2024","Apartment",114,"Scss","Starts"
"35505",2024-04-01,"Apr 2024","All",391,"Scss","Starts"
"35505",2024-05-01,"May 2024","Single",150,"Scss","Starts"
"35505",2024-05-01,"May 2024","Semi-Detached",14,"Scss","Starts"
"35505",2024-05-01,"May 2024","Row",142,"Scss","Starts"
"35505",2024-05-01,"May 2024","Apartment",412,"Scss","Starts"
"35505",2024-05-01,"May 2024","All",718,"Scss","Starts"
"35505",2024-06-01,"Jun 2024","Single",148,"Scss","Starts"
"35505",2024-06-01,"Jun 2024","Semi-Detached",8,"Scss","Starts"
"35505",2024-06-01,"Jun 2024","Row",225,"Scss","Starts"
"35505",2024-06-01,"Jun 2024","Apartment",147,"Scss","Starts"
"35505",2024-06-01,"Jun 2024","All",528,"Scss","Starts"
"35505",2024-07-01,"Jul 2024","Single",120,"Scss","Starts"
"35505",2024-07-01,"Jul 2024","Semi-Detached",20,"Scss","Starts"
"35505",2024-07-01,"Jul 2024","Row",220,"Scss","Starts"
"35505",2024-07-01,"Jul 2024","Apartment",557,"Scss","Starts"
"35505",2024-07-01,"Jul 2024","All",917,"Scss","Starts"
"35505",2024-08-01,"Aug 2024","Single",126,"Scss","Starts"
"35505",2024-08-01,"Aug 2024","Semi-Detached",20,"Scss","Starts"
"35505",2024-08-01,"Aug 2024","Row",180,"Scss","Starts"
"35505",2024-08-01,"Aug 2024","Apartment",298,"Scss","Starts"
"35505",2024-08-01,"Aug 2024","All",624,"Scss","Starts"
"35505",2024-09-01,"Sep 2024","Single",184,"Scss","Starts"
"35505",2024-09-01,"Sep 2024","Semi-Detached",8,"Scss","Starts"
"35505",2024-09-01,"Sep 2024","Row",271,"Scss","Starts"
"35505",2024-09-01,"Sep 2024","Apartment",1047,"Scss","Starts"
"35505",2024-09-01,"Sep 2024","All",1510,"Scss","Starts"
"35505",2024-10-01,"Oct 2024","Single",120,"Scss","Starts"
"35505",2024-10-01,"Oct 2024","Semi-Detached",6,"Scss","Starts"
"35505",2024-10-01,"Oct 2024","Row",232,"Scss","Starts"
"35505",2024-10-01,"Oct 2024","Apartment",278,"Scss","Starts"
"35505",2024-10-01,"Oct 2024","All",636,"Scss","Starts"
"35505",2024-11-01,"Nov 2024","Single",190,"Scss","Starts"
"35505",2024-11-01,"Nov 2024","Semi-Detached",20,"Scss","Starts"
"35505",2024-11-01,"Nov 2024","Row",359,"Scss","Starts"
"35505",2024-11-01,"Nov 2024","Apartment",208,"Scss","Starts"
"35505",2024-11-01,"Nov 2024","All",777,"Scss","Starts"
"35505",2024-12-01,"Dec 2024","Single",156,"Scss","Starts"
"35505",2024-12-01,"Dec 2024","Semi-Detached",18,"Scss","Starts"
"35505",2024-12-01,"Dec 2024","Row",183,"Scss","Starts"
"35505",2024-12-01,"Dec 2024","Apartment",240,"Scss","Starts"
"35505",2024-12-01,"Dec 2024","All",597,"Scss","Starts"
"35505",2025-01-01,"Jan 2025","Single",91,"Scss","Starts"
"35505",2025-01-01,"Jan 2025","Semi-Detached",10,"Scss","Starts"
"35505",2025-01-01,"Jan 2025","Row",54,"Scss","Starts"
"35505",2025-01-01,"Jan 2025","Apartment",311,"Scss","Starts"
"35505",2025-01-01,"Jan 2025","All",466,"Scss","Starts"
"35505",2025-02-01,"Feb 2025","Single",125,"Scss","Starts"
"35505",2025-02-01,"Feb 2025","Semi-Detached",26,"Scss","Starts"
"35505",2025-02-01,"Feb 2025","Row",158,"Scss","Starts"
"35505",2025-02-01,"Feb 2025","Apartment",677,"Scss","Starts"
"35505",2025-02-01,"Feb 2025","All",986,"Scss","Starts"
"35505",2025-03-01,"Mar 2025","Single",93,"Scss","Starts"
"35505",2025-03-01,"Mar 2025","Semi-Detached",12,"Scss","Starts"
"35505",2025-03-01,"Mar 2025","Row",136,"Scss","Starts"
"35505",2025-03-01,"Mar 2025","Apartment",370,"Scss","Starts"
"35505",2025-03-01,"Mar 2025","All",611,"Scss","Starts"
"35505",2025-04-01,"Apr 2025","Single",146,"Scss","Starts"
"35505",2025-04-01,"Apr 2025","Semi-Detached",16,"Scss","Starts"
"35505",2025-04-01,"Apr 2025","Row",183,"Scss","Starts"
"35505",2025-04-01,"Apr 2025","Apartment",1092,"Scss","Starts"
"35505",2025-04-01,"Apr 2025","All",1437,"Scss","Starts"
"35505",2025-05-01,"May 2025","Single",83,"Scss","Starts"
"35505",2025-05-01,"May 2025","Semi-Detached",4,"Scss","Starts"
"35505",2025-05-01,"May 2025","Row",119,"Scss","Starts"
"35505",2025-05-01,"May 2025","Apartment",421,"Scss","Starts"
"35505",2025-05-01,"May 2025","All",627,"Scss","Starts"
"35505",2025-06-01,"Jun 2025","Single",84,"Scss","Starts"
"35505",2025-06-01,"Jun 2025","Semi-Detached",30,"Scss","Starts"
"35505",2025-06-01,"Jun 2025","Row",90,"Scss","Starts"
"35505",2025-06-01,"Jun 2025","Apartment",819,"Scss","Starts"
"35505",2025-06-01,"Jun 2025","All",1023,"Scss","Starts"
"35505",2025-07-01,"Jul 2025","Single",89,"Scss","Starts"
"35505",2025-07-01,"Jul 2025","Semi-Detached",12,"Scss","Starts"
"35505",2025-07-01,"Jul 2025","Row",239,"Scss","Starts"
"35505",2025-07-01,"Jul 2025","Apartment",824,"Scss","Starts"
"35505",2025-07-01,"Jul 2025","All",1164,"Scss","Starts"
"35505",2025-08-01,"Aug 2025","Single",127,"Scss","Starts"
"35505",2025-08-01,"Aug 2025","Semi-Detached",16,"Scss","Starts"
"35505",2025-08-01,"Aug 2025","Row",108,"Scss","Starts"
"35505",2025-08-01,"Aug 2025","Apartment",129,"Scss","Starts"
"35505",2025-08-01,"Aug 2025","All",380,"Scss","Starts"
"35505",2025-09-01,"Sep 2025","Single",93,"Scss","Starts"
"35505",2025-09-01,"Sep 2025","Semi-Detached",32,"Scss","Starts"
"35505",2025-09-01,"Sep 2025","Row",141,"Scss","Starts"
"35505",2025-09-01,"Sep 2025","Apartment",208,"Scss","Starts"
"35505",2025-09-01,"Sep 2025","All",474,"Scss","Starts"
"35505",2025-10-01,"Oct 2025","Single",170,"Scss","Starts"
"35505",2025-10-01,"Oct 2025","Semi-Detached",62,"Scss","Starts"
"35505",2025-10-01,"Oct 2025","Row",190,"Scss","Starts"
"35505",2025-10-01,"Oct 2025","Apartment",355,"Scss","Starts"
"35505",2025-10-01,"Oct 2025","All",777,"Scss","Starts"
"35505",2025-11-01,"Nov 2025","Single",157,"Scss","Starts"
"35505",2025-11-01,"Nov 2025","Semi-Detached",29,"Scss","Starts"
"35505",2025-11-01,"Nov 2025","Row",282,"Scss","Starts"
"35505",2025-11-01,"Nov 2025","Apartment",584,"Scss","Starts"
"35505",2025-11-01,"Nov 2025","All",1052,"Scss","Starts"
"35505",2025-12-01,"Dec 2025","Single",139,"Scss","Starts"
"35505",2025-12-01,"Dec 2025","Semi-Detached",22,"Scss","Starts"
"35505",2025-12-01,"Dec 2025","Row",197,"Scss","Starts"
"35505",2025-12-01,"Dec 2025","Apartment",1509,"Scss","Starts"
"35505",2025-12-01,"Dec 2025","All",1867,"Scss","Starts"
"35505",2026-01-01,"Jan 2026","Single",68,"Scss","Starts"
"35505",2026-01-01,"Jan 2026","Semi-Detached",8,"Scss","Starts"
"35505",2026-01-01,"Jan 2026","Row",63,"Scss","Starts"
"35505",2026-01-01,"Jan 2026","Apartment",238,"Scss","Starts"
"35505",2026-01-01,"Jan 2026","All",377,"Scss","Starts"
"35505",2026-02-01,"Feb 2026","Single",92,"Scss","Starts"
"35505",2026-02-01,"Feb 2026","Semi-Detached",12,"Scss","Starts"
"35505",2026-02-01,"Feb 2026","Row",186,"Scss","Starts"
"35505",2026-02-01,"Feb 2026","Apartment",834,"Scss","Starts"
"35505",2026-02-01,"Feb 2026","All",1124,"Scss","Starts"
