"GeoUID","Date","DateString","Dwelling Type","Value","Survey","Series"
"24462",1998-01-01,"Jan 1998","Single",186,"Scss","Starts"
"24462",1998-01-01,"Jan 1998","Semi-Detached",40,"Scss","Starts"
"24462",1998-01-01,"Jan 1998","Row",19,"Scss","Starts"
"24462",1998-01-01,"Jan 1998","Apartment",129,"Scss","Starts"
"24462",1998-01-01,"Jan 1998","All",374,"Scss","Starts"
"24462",1998-02-01,"Feb 1998","Single",227,"Scss","Starts"
"24462",1998-02-01,"Feb 1998","Semi-Detached",30,"Scss","Starts"
"24462",1998-02-01,"Feb 1998","Row",24,"Scss","Starts"
"24462",1998-02-01,"Feb 1998","Apartment",112,"Scss","Starts"
"24462",1998-02-01,"Feb 1998","All",393,"Scss","Starts"
"24462",1998-03-01,"Mar 1998","Single",447,"Scss","Starts"
"24462",1998-03-01,"Mar 1998","Semi-Detached",86,"Scss","Starts"
"24462",1998-03-01,"Mar 1998","Row",71,"Scss","Starts"
"24462",1998-03-01,"Mar 1998","Apartment",191,"Scss","Starts"
"24462",1998-03-01,"Mar 1998","All",795,"Scss","Starts"
"24462",1998-04-01,"Apr 1998","Single",793,"Scss","Starts"
"24462",1998-04-01,"Apr 1998","Semi-Detached",134,"Scss","Starts"
"24462",1998-04-01,"Apr 1998","Row",159,"Scss","Starts"
"24462",1998-04-01,"Apr 1998","Apartment",512,"Scss","Starts"
"24462",1998-04-01,"Apr 1998","All",1598,"Scss","Starts"
"24462",1998-05-01,"May 1998","Single",1061,"Scss","Starts"
"24462",1998-05-01,"May 1998","Semi-Detached",128,"Scss","Starts"
"24462",1998-05-01,"May 1998","Row",106,"Scss","Starts"
"24462",1998-05-01,"May 1998","Apartment",278,"Scss","Starts"
"24462",1998-05-01,"May 1998","All",1573,"Scss","Starts"
"24462",1998-06-01,"Jun 1998","Single",680,"Scss","Starts"
"24462",1998-06-01,"Jun 1998","Semi-Detached",134,"Scss","Starts"
"24462",1998-06-01,"Jun 1998","Row",150,"Scss","Starts"
"24462",1998-06-01,"Jun 1998","Apartment",284,"Scss","Starts"
"24462",1998-06-01,"Jun 1998","All",1248,"Scss","Starts"
"24462",1998-07-01,"Jul 1998","Single",496,"Scss","Starts"
"24462",1998-07-01,"Jul 1998","Semi-Detached",48,"Scss","Starts"
"24462",1998-07-01,"Jul 1998","Row",26,"Scss","Starts"
"24462",1998-07-01,"Jul 1998","Apartment",142,"Scss","Starts"
"24462",1998-07-01,"Jul 1998","All",712,"Scss","Starts"
"24462",1998-08-01,"Aug 1998","Single",330,"Scss","Starts"
"24462",1998-08-01,"Aug 1998","Semi-Detached",52,"Scss","Starts"
"24462",1998-08-01,"Aug 1998","Row",44,"Scss","Starts"
"24462",1998-08-01,"Aug 1998","Apartment",232,"Scss","Starts"
"24462",1998-08-01,"Aug 1998","All",658,"Scss","Starts"
"24462",1998-09-01,"Sep 1998","Single",360,"Scss","Starts"
"24462",1998-09-01,"Sep 1998","Semi-Detached",38,"Scss","Starts"
"24462",1998-09-01,"Sep 1998","Row",46,"Scss","Starts"
"24462",1998-09-01,"Sep 1998","Apartment",132,"Scss","Starts"
"24462",1998-09-01,"Sep 1998","All",576,"Scss","Starts"
"24462",1998-10-01,"Oct 1998","Single",441,"Scss","Starts"
"24462",1998-10-01,"Oct 1998","Semi-Detached",48,"Scss","Starts"
"24462",1998-10-01,"Oct 1998","Row",42,"Scss","Starts"
"24462",1998-10-01,"Oct 1998","Apartment",286,"Scss","Starts"
"24462",1998-10-01,"Oct 1998","All",817,"Scss","Starts"
"24462",1998-11-01,"Nov 1998","Single",437,"Scss","Starts"
"24462",1998-11-01,"Nov 1998","Semi-Detached",82,"Scss","Starts"
"24462",1998-11-01,"Nov 1998","Row",69,"Scss","Starts"
"24462",1998-11-01,"Nov 1998","Apartment",306,"Scss","Starts"
"24462",1998-11-01,"Nov 1998","All",894,"Scss","Starts"
"24462",1998-12-01,"Dec 1998","Single",465,"Scss","Starts"
"24462",1998-12-01,"Dec 1998","Semi-Detached",58,"Scss","Starts"
"24462",1998-12-01,"Dec 1998","Row",70,"Scss","Starts"
"24462",1998-12-01,"Dec 1998","Apartment",445,"Scss","Starts"
"24462",1998-12-01,"Dec 1998","All",1038,"Scss","Starts"
"24462",1999-01-01,"Jan 1999","Single",282,"Scss","Starts"
"24462",1999-01-01,"Jan 1999","Semi-Detached",68,"Scss","Starts"
"24462",1999-01-01,"Jan 1999","Row",81,"Scss","Starts"
"24462",1999-01-01,"Jan 1999","Apartment",281,"Scss","Starts"
"24462",1999-01-01,"Jan 1999","All",712,"Scss","Starts"
"24462",1999-02-01,"Feb 1999","Single",226,"Scss","Starts"
"24462",1999-02-01,"Feb 1999","Semi-Detached",16,"Scss","Starts"
"24462",1999-02-01,"Feb 1999","Row",79,"Scss","Starts"
"24462",1999-02-01,"Feb 1999","Apartment",140,"Scss","Starts"
"24462",1999-02-01,"Feb 1999","All",461,"Scss","Starts"
"24462",1999-03-01,"Mar 1999","Single",254,"Scss","Starts"
"24462",1999-03-01,"Mar 1999","Semi-Detached",54,"Scss","Starts"
"24462",1999-03-01,"Mar 1999","Row",90,"Scss","Starts"
"24462",1999-03-01,"Mar 1999","Apartment",450,"Scss","Starts"
"24462",1999-03-01,"Mar 1999","All",848,"Scss","Starts"
"24462",1999-04-01,"Apr 1999","Single",1125,"Scss","Starts"
"24462",1999-04-01,"Apr 1999","Semi-Detached",122,"Scss","Starts"
"24462",1999-04-01,"Apr 1999","Row",81,"Scss","Starts"
"24462",1999-04-01,"Apr 1999","Apartment",425,"Scss","Starts"
"24462",1999-04-01,"Apr 1999","All",1753,"Scss","Starts"
"24462",1999-05-01,"May 1999","Single",1071,"Scss","Starts"
"24462",1999-05-01,"May 1999","Semi-Detached",84,"Scss","Starts"
"24462",1999-05-01,"May 1999","Row",99,"Scss","Starts"
"24462",1999-05-01,"May 1999","Apartment",328,"Scss","Starts"
"24462",1999-05-01,"May 1999","All",1582,"Scss","Starts"
"24462",1999-06-01,"Jun 1999","Single",806,"Scss","Starts"
"24462",1999-06-01,"Jun 1999","Semi-Detached",84,"Scss","Starts"
"24462",1999-06-01,"Jun 1999","Row",43,"Scss","Starts"
"24462",1999-06-01,"Jun 1999","Apartment",320,"Scss","Starts"
"24462",1999-06-01,"Jun 1999","All",1253,"Scss","Starts"
"24462",1999-07-01,"Jul 1999","Single",645,"Scss","Starts"
"24462",1999-07-01,"Jul 1999","Semi-Detached",48,"Scss","Starts"
"24462",1999-07-01,"Jul 1999","Row",19,"Scss","Starts"
"24462",1999-07-01,"Jul 1999","Apartment",190,"Scss","Starts"
"24462",1999-07-01,"Jul 1999","All",902,"Scss","Starts"
"24462",1999-08-01,"Aug 1999","Single",333,"Scss","Starts"
"24462",1999-08-01,"Aug 1999","Semi-Detached",24,"Scss","Starts"
"24462",1999-08-01,"Aug 1999","Row",50,"Scss","Starts"
"24462",1999-08-01,"Aug 1999","Apartment",167,"Scss","Starts"
"24462",1999-08-01,"Aug 1999","All",574,"Scss","Starts"
"24462",1999-09-01,"Sep 1999","Single",565,"Scss","Starts"
"24462",1999-09-01,"Sep 1999","Semi-Detached",68,"Scss","Starts"
"24462",1999-09-01,"Sep 1999","Row",56,"Scss","Starts"
"24462",1999-09-01,"Sep 1999","Apartment",729,"Scss","Starts"
"24462",1999-09-01,"Sep 1999","All",1418,"Scss","Starts"
"24462",1999-10-01,"Oct 1999","Single",528,"Scss","Starts"
"24462",1999-10-01,"Oct 1999","Semi-Detached",76,"Scss","Starts"
"24462",1999-10-01,"Oct 1999","Row",49,"Scss","Starts"
"24462",1999-10-01,"Oct 1999","Apartment",402,"Scss","Starts"
"24462",1999-10-01,"Oct 1999","All",1055,"Scss","Starts"
"24462",1999-11-01,"Nov 1999","Single",526,"Scss","Starts"
"24462",1999-11-01,"Nov 1999","Semi-Detached",50,"Scss","Starts"
"24462",1999-11-01,"Nov 1999","Row",85,"Scss","Starts"
"24462",1999-11-01,"Nov 1999","Apartment",346,"Scss","Starts"
"24462",1999-11-01,"Nov 1999","All",1007,"Scss","Starts"
"24462",1999-12-01,"Dec 1999","Single",447,"Scss","Starts"
"24462",1999-12-01,"Dec 1999","Semi-Detached",42,"Scss","Starts"
"24462",1999-12-01,"Dec 1999","Row",101,"Scss","Starts"
"24462",1999-12-01,"Dec 1999","Apartment",573,"Scss","Starts"
"24462",1999-12-01,"Dec 1999","All",1163,"Scss","Starts"
"24462",2000-01-01,"Jan 2000","Single",290,"Scss","Starts"
"24462",2000-01-01,"Jan 2000","Semi-Detached",20,"Scss","Starts"
"24462",2000-01-01,"Jan 2000","Row",18,"Scss","Starts"
"24462",2000-01-01,"Jan 2000","Apartment",176,"Scss","Starts"
"24462",2000-01-01,"Jan 2000","All",504,"Scss","Starts"
"24462",2000-02-01,"Feb 2000","Single",262,"Scss","Starts"
"24462",2000-02-01,"Feb 2000","Semi-Detached",30,"Scss","Starts"
"24462",2000-02-01,"Feb 2000","Row",76,"Scss","Starts"
"24462",2000-02-01,"Feb 2000","Apartment",291,"Scss","Starts"
"24462",2000-02-01,"Feb 2000","All",659,"Scss","Starts"
"24462",2000-03-01,"Mar 2000","Single",798,"Scss","Starts"
"24462",2000-03-01,"Mar 2000","Semi-Detached",66,"Scss","Starts"
"24462",2000-03-01,"Mar 2000","Row",52,"Scss","Starts"
"24462",2000-03-01,"Mar 2000","Apartment",295,"Scss","Starts"
"24462",2000-03-01,"Mar 2000","All",1211,"Scss","Starts"
"24462",2000-04-01,"Apr 2000","Single",981,"Scss","Starts"
"24462",2000-04-01,"Apr 2000","Semi-Detached",78,"Scss","Starts"
"24462",2000-04-01,"Apr 2000","Row",111,"Scss","Starts"
"24462",2000-04-01,"Apr 2000","Apartment",317,"Scss","Starts"
"24462",2000-04-01,"Apr 2000","All",1487,"Scss","Starts"
"24462",2000-05-01,"May 2000","Single",983,"Scss","Starts"
"24462",2000-05-01,"May 2000","Semi-Detached",85,"Scss","Starts"
"24462",2000-05-01,"May 2000","Row",185,"Scss","Starts"
"24462",2000-05-01,"May 2000","Apartment",301,"Scss","Starts"
"24462",2000-05-01,"May 2000","All",1554,"Scss","Starts"
"24462",2000-06-01,"Jun 2000","Single",713,"Scss","Starts"
"24462",2000-06-01,"Jun 2000","Semi-Detached",64,"Scss","Starts"
"24462",2000-06-01,"Jun 2000","Row",36,"Scss","Starts"
"24462",2000-06-01,"Jun 2000","Apartment",362,"Scss","Starts"
"24462",2000-06-01,"Jun 2000","All",1175,"Scss","Starts"
"24462",2000-07-01,"Jul 2000","Single",536,"Scss","Starts"
"24462",2000-07-01,"Jul 2000","Semi-Detached",44,"Scss","Starts"
"24462",2000-07-01,"Jul 2000","Row",41,"Scss","Starts"
"24462",2000-07-01,"Jul 2000","Apartment",460,"Scss","Starts"
"24462",2000-07-01,"Jul 2000","All",1081,"Scss","Starts"
"24462",2000-08-01,"Aug 2000","Single",529,"Scss","Starts"
"24462",2000-08-01,"Aug 2000","Semi-Detached",26,"Scss","Starts"
"24462",2000-08-01,"Aug 2000","Row",55,"Scss","Starts"
"24462",2000-08-01,"Aug 2000","Apartment",357,"Scss","Starts"
"24462",2000-08-01,"Aug 2000","All",967,"Scss","Starts"
"24462",2000-09-01,"Sep 2000","Single",424,"Scss","Starts"
"24462",2000-09-01,"Sep 2000","Semi-Detached",26,"Scss","Starts"
"24462",2000-09-01,"Sep 2000","Row",47,"Scss","Starts"
"24462",2000-09-01,"Sep 2000","Apartment",762,"Scss","Starts"
"24462",2000-09-01,"Sep 2000","All",1259,"Scss","Starts"
"24462",2000-10-01,"Oct 2000","Single",410,"Scss","Starts"
"24462",2000-10-01,"Oct 2000","Semi-Detached",50,"Scss","Starts"
"24462",2000-10-01,"Oct 2000","Row",53,"Scss","Starts"
"24462",2000-10-01,"Oct 2000","Apartment",528,"Scss","Starts"
"24462",2000-10-01,"Oct 2000","All",1041,"Scss","Starts"
"24462",2000-11-01,"Nov 2000","Single",709,"Scss","Starts"
"24462",2000-11-01,"Nov 2000","Semi-Detached",88,"Scss","Starts"
"24462",2000-11-01,"Nov 2000","Row",71,"Scss","Starts"
"24462",2000-11-01,"Nov 2000","Apartment",594,"Scss","Starts"
"24462",2000-11-01,"Nov 2000","All",1462,"Scss","Starts"
"24462",2000-12-01,"Dec 2000","Single",429,"Scss","Starts"
"24462",2000-12-01,"Dec 2000","Semi-Detached",20,"Scss","Starts"
"24462",2000-12-01,"Dec 2000","Row",25,"Scss","Starts"
"24462",2000-12-01,"Dec 2000","Apartment",231,"Scss","Starts"
"24462",2000-12-01,"Dec 2000","All",705,"Scss","Starts"
"24462",2001-01-01,"Jan 2001","Single",299,"Scss","Starts"
"24462",2001-01-01,"Jan 2001","Semi-Detached",36,"Scss","Starts"
"24462",2001-01-01,"Jan 2001","Row",13,"Scss","Starts"
"24462",2001-01-01,"Jan 2001","Apartment",202,"Scss","Starts"
"24462",2001-01-01,"Jan 2001","All",550,"Scss","Starts"
"24462",2001-02-01,"Feb 2001","Single",459,"Scss","Starts"
"24462",2001-02-01,"Feb 2001","Semi-Detached",36,"Scss","Starts"
"24462",2001-02-01,"Feb 2001","Row",33,"Scss","Starts"
"24462",2001-02-01,"Feb 2001","Apartment",376,"Scss","Starts"
"24462",2001-02-01,"Feb 2001","All",904,"Scss","Starts"
"24462",2001-03-01,"Mar 2001","Single",639,"Scss","Starts"
"24462",2001-03-01,"Mar 2001","Semi-Detached",48,"Scss","Starts"
"24462",2001-03-01,"Mar 2001","Row",113,"Scss","Starts"
"24462",2001-03-01,"Mar 2001","Apartment",312,"Scss","Starts"
"24462",2001-03-01,"Mar 2001","All",1112,"Scss","Starts"
"24462",2001-04-01,"Apr 2001","Single",1347,"Scss","Starts"
"24462",2001-04-01,"Apr 2001","Semi-Detached",138,"Scss","Starts"
"24462",2001-04-01,"Apr 2001","Row",93,"Scss","Starts"
"24462",2001-04-01,"Apr 2001","Apartment",441,"Scss","Starts"
"24462",2001-04-01,"Apr 2001","All",2019,"Scss","Starts"
"24462",2001-05-01,"May 2001","Single",815,"Scss","Starts"
"24462",2001-05-01,"May 2001","Semi-Detached",64,"Scss","Starts"
"24462",2001-05-01,"May 2001","Row",141,"Scss","Starts"
"24462",2001-05-01,"May 2001","Apartment",303,"Scss","Starts"
"24462",2001-05-01,"May 2001","All",1323,"Scss","Starts"
"24462",2001-06-01,"Jun 2001","Single",631,"Scss","Starts"
"24462",2001-06-01,"Jun 2001","Semi-Detached",46,"Scss","Starts"
"24462",2001-06-01,"Jun 2001","Row",14,"Scss","Starts"
"24462",2001-06-01,"Jun 2001","Apartment",511,"Scss","Starts"
"24462",2001-06-01,"Jun 2001","All",1202,"Scss","Starts"
"24462",2001-07-01,"Jul 2001","Single",553,"Scss","Starts"
"24462",2001-07-01,"Jul 2001","Semi-Detached",42,"Scss","Starts"
"24462",2001-07-01,"Jul 2001","Row",28,"Scss","Starts"
"24462",2001-07-01,"Jul 2001","Apartment",438,"Scss","Starts"
"24462",2001-07-01,"Jul 2001","All",1061,"Scss","Starts"
"24462",2001-08-01,"Aug 2001","Single",441,"Scss","Starts"
"24462",2001-08-01,"Aug 2001","Semi-Detached",20,"Scss","Starts"
"24462",2001-08-01,"Aug 2001","Row",13,"Scss","Starts"
"24462",2001-08-01,"Aug 2001","Apartment",250,"Scss","Starts"
"24462",2001-08-01,"Aug 2001","All",724,"Scss","Starts"
"24462",2001-09-01,"Sep 2001","Single",543,"Scss","Starts"
"24462",2001-09-01,"Sep 2001","Semi-Detached",26,"Scss","Starts"
"24462",2001-09-01,"Sep 2001","Row",88,"Scss","Starts"
"24462",2001-09-01,"Sep 2001","Apartment",246,"Scss","Starts"
"24462",2001-09-01,"Sep 2001","All",903,"Scss","Starts"
"24462",2001-10-01,"Oct 2001","Single",503,"Scss","Starts"
"24462",2001-10-01,"Oct 2001","Semi-Detached",57,"Scss","Starts"
"24462",2001-10-01,"Oct 2001","Row",37,"Scss","Starts"
"24462",2001-10-01,"Oct 2001","Apartment",463,"Scss","Starts"
"24462",2001-10-01,"Oct 2001","All",1060,"Scss","Starts"
"24462",2001-11-01,"Nov 2001","Single",538,"Scss","Starts"
"24462",2001-11-01,"Nov 2001","Semi-Detached",69,"Scss","Starts"
"24462",2001-11-01,"Nov 2001","Row",84,"Scss","Starts"
"24462",2001-11-01,"Nov 2001","Apartment",542,"Scss","Starts"
"24462",2001-11-01,"Nov 2001","All",1233,"Scss","Starts"
"24462",2001-12-01,"Dec 2001","Single",660,"Scss","Starts"
"24462",2001-12-01,"Dec 2001","Semi-Detached",53,"Scss","Starts"
"24462",2001-12-01,"Dec 2001","Row",27,"Scss","Starts"
"24462",2001-12-01,"Dec 2001","Apartment",850,"Scss","Starts"
"24462",2001-12-01,"Dec 2001","All",1590,"Scss","Starts"
"24462",2002-01-01,"Jan 2002","Single",444,"Scss","Starts"
"24462",2002-01-01,"Jan 2002","Semi-Detached",40,"Scss","Starts"
"24462",2002-01-01,"Jan 2002","Row",26,"Scss","Starts"
"24462",2002-01-01,"Jan 2002","Apartment",707,"Scss","Starts"
"24462",2002-01-01,"Jan 2002","All",1217,"Scss","Starts"
"24462",2002-02-01,"Feb 2002","Single",678,"Scss","Starts"
"24462",2002-02-01,"Feb 2002","Semi-Detached",52,"Scss","Starts"
"24462",2002-02-01,"Feb 2002","Row",46,"Scss","Starts"
"24462",2002-02-01,"Feb 2002","Apartment",457,"Scss","Starts"
"24462",2002-02-01,"Feb 2002","All",1233,"Scss","Starts"
"24462",2002-03-01,"Mar 2002","Single",1138,"Scss","Starts"
"24462",2002-03-01,"Mar 2002","Semi-Detached",76,"Scss","Starts"
"24462",2002-03-01,"Mar 2002","Row",129,"Scss","Starts"
"24462",2002-03-01,"Mar 2002","Apartment",354,"Scss","Starts"
"24462",2002-03-01,"Mar 2002","All",1697,"Scss","Starts"
"24462",2002-04-01,"Apr 2002","Single",1591,"Scss","Starts"
"24462",2002-04-01,"Apr 2002","Semi-Detached",74,"Scss","Starts"
"24462",2002-04-01,"Apr 2002","Row",134,"Scss","Starts"
"24462",2002-04-01,"Apr 2002","Apartment",837,"Scss","Starts"
"24462",2002-04-01,"Apr 2002","All",2636,"Scss","Starts"
"24462",2002-05-01,"May 2002","Single",1246,"Scss","Starts"
"24462",2002-05-01,"May 2002","Semi-Detached",142,"Scss","Starts"
"24462",2002-05-01,"May 2002","Row",54,"Scss","Starts"
"24462",2002-05-01,"May 2002","Apartment",510,"Scss","Starts"
"24462",2002-05-01,"May 2002","All",1952,"Scss","Starts"
"24462",2002-06-01,"Jun 2002","Single",997,"Scss","Starts"
"24462",2002-06-01,"Jun 2002","Semi-Detached",74,"Scss","Starts"
"24462",2002-06-01,"Jun 2002","Row",91,"Scss","Starts"
"24462",2002-06-01,"Jun 2002","Apartment",931,"Scss","Starts"
"24462",2002-06-01,"Jun 2002","All",2093,"Scss","Starts"
"24462",2002-07-01,"Jul 2002","Single",729,"Scss","Starts"
"24462",2002-07-01,"Jul 2002","Semi-Detached",32,"Scss","Starts"
"24462",2002-07-01,"Jul 2002","Row",17,"Scss","Starts"
"24462",2002-07-01,"Jul 2002","Apartment",702,"Scss","Starts"
"24462",2002-07-01,"Jul 2002","All",1480,"Scss","Starts"
"24462",2002-08-01,"Aug 2002","Single",746,"Scss","Starts"
"24462",2002-08-01,"Aug 2002","Semi-Detached",70,"Scss","Starts"
"24462",2002-08-01,"Aug 2002","Row",79,"Scss","Starts"
"24462",2002-08-01,"Aug 2002","Apartment",637,"Scss","Starts"
"24462",2002-08-01,"Aug 2002","All",1532,"Scss","Starts"
"24462",2002-09-01,"Sep 2002","Single",880,"Scss","Starts"
"24462",2002-09-01,"Sep 2002","Semi-Detached",62,"Scss","Starts"
"24462",2002-09-01,"Sep 2002","Row",80,"Scss","Starts"
"24462",2002-09-01,"Sep 2002","Apartment",876,"Scss","Starts"
"24462",2002-09-01,"Sep 2002","All",1898,"Scss","Starts"
"24462",2002-10-01,"Oct 2002","Single",796,"Scss","Starts"
"24462",2002-10-01,"Oct 2002","Semi-Detached",50,"Scss","Starts"
"24462",2002-10-01,"Oct 2002","Row",35,"Scss","Starts"
"24462",2002-10-01,"Oct 2002","Apartment",967,"Scss","Starts"
"24462",2002-10-01,"Oct 2002","All",1848,"Scss","Starts"
"24462",2002-11-01,"Nov 2002","Single",904,"Scss","Starts"
"24462",2002-11-01,"Nov 2002","Semi-Detached",100,"Scss","Starts"
"24462",2002-11-01,"Nov 2002","Row",107,"Scss","Starts"
"24462",2002-11-01,"Nov 2002","Apartment",812,"Scss","Starts"
"24462",2002-11-01,"Nov 2002","All",1923,"Scss","Starts"
"24462",2002-12-01,"Dec 2002","Single",726,"Scss","Starts"
"24462",2002-12-01,"Dec 2002","Semi-Detached",72,"Scss","Starts"
"24462",2002-12-01,"Dec 2002","Row",31,"Scss","Starts"
"24462",2002-12-01,"Dec 2002","Apartment",860,"Scss","Starts"
"24462",2002-12-01,"Dec 2002","All",1689,"Scss","Starts"
"24462",2003-01-01,"Jan 2003","Single",456,"Scss","Starts"
"24462",2003-01-01,"Jan 2003","Semi-Detached",24,"Scss","Starts"
"24462",2003-01-01,"Jan 2003","Row",21,"Scss","Starts"
"24462",2003-01-01,"Jan 2003","Apartment",1022,"Scss","Starts"
"24462",2003-01-01,"Jan 2003","All",1523,"Scss","Starts"
"24462",2003-02-01,"Feb 2003","Single",644,"Scss","Starts"
"24462",2003-02-01,"Feb 2003","Semi-Detached",48,"Scss","Starts"
"24462",2003-02-01,"Feb 2003","Row",18,"Scss","Starts"
"24462",2003-02-01,"Feb 2003","Apartment",598,"Scss","Starts"
"24462",2003-02-01,"Feb 2003","All",1308,"Scss","Starts"
"24462",2003-03-01,"Mar 2003","Single",948,"Scss","Starts"
"24462",2003-03-01,"Mar 2003","Semi-Detached",84,"Scss","Starts"
"24462",2003-03-01,"Mar 2003","Row",75,"Scss","Starts"
"24462",2003-03-01,"Mar 2003","Apartment",335,"Scss","Starts"
"24462",2003-03-01,"Mar 2003","All",1442,"Scss","Starts"
"24462",2003-04-01,"Apr 2003","Single",1492,"Scss","Starts"
"24462",2003-04-01,"Apr 2003","Semi-Detached",154,"Scss","Starts"
"24462",2003-04-01,"Apr 2003","Row",70,"Scss","Starts"
"24462",2003-04-01,"Apr 2003","Apartment",921,"Scss","Starts"
"24462",2003-04-01,"Apr 2003","All",2637,"Scss","Starts"
"24462",2003-05-01,"May 2003","Single",1130,"Scss","Starts"
"24462",2003-05-01,"May 2003","Semi-Detached",116,"Scss","Starts"
"24462",2003-05-01,"May 2003","Row",53,"Scss","Starts"
"24462",2003-05-01,"May 2003","Apartment",1069,"Scss","Starts"
"24462",2003-05-01,"May 2003","All",2368,"Scss","Starts"
"24462",2003-06-01,"Jun 2003","Single",960,"Scss","Starts"
"24462",2003-06-01,"Jun 2003","Semi-Detached",100,"Scss","Starts"
"24462",2003-06-01,"Jun 2003","Row",63,"Scss","Starts"
"24462",2003-06-01,"Jun 2003","Apartment",898,"Scss","Starts"
"24462",2003-06-01,"Jun 2003","All",2021,"Scss","Starts"
"24462",2003-07-01,"Jul 2003","Single",965,"Scss","Starts"
"24462",2003-07-01,"Jul 2003","Semi-Detached",80,"Scss","Starts"
"24462",2003-07-01,"Jul 2003","Row",33,"Scss","Starts"
"24462",2003-07-01,"Jul 2003","Apartment",978,"Scss","Starts"
"24462",2003-07-01,"Jul 2003","All",2056,"Scss","Starts"
"24462",2003-08-01,"Aug 2003","Single",689,"Scss","Starts"
"24462",2003-08-01,"Aug 2003","Semi-Detached",45,"Scss","Starts"
"24462",2003-08-01,"Aug 2003","Row",26,"Scss","Starts"
"24462",2003-08-01,"Aug 2003","Apartment",1565,"Scss","Starts"
"24462",2003-08-01,"Aug 2003","All",2325,"Scss","Starts"
"24462",2003-09-01,"Sep 2003","Single",991,"Scss","Starts"
"24462",2003-09-01,"Sep 2003","Semi-Detached",98,"Scss","Starts"
"24462",2003-09-01,"Sep 2003","Row",67,"Scss","Starts"
"24462",2003-09-01,"Sep 2003","Apartment",1211,"Scss","Starts"
"24462",2003-09-01,"Sep 2003","All",2367,"Scss","Starts"
"24462",2003-10-01,"Oct 2003","Single",880,"Scss","Starts"
"24462",2003-10-01,"Oct 2003","Semi-Detached",78,"Scss","Starts"
"24462",2003-10-01,"Oct 2003","Row",40,"Scss","Starts"
"24462",2003-10-01,"Oct 2003","Apartment",1448,"Scss","Starts"
"24462",2003-10-01,"Oct 2003","All",2446,"Scss","Starts"
"24462",2003-11-01,"Nov 2003","Single",994,"Scss","Starts"
"24462",2003-11-01,"Nov 2003","Semi-Detached",84,"Scss","Starts"
"24462",2003-11-01,"Nov 2003","Row",24,"Scss","Starts"
"24462",2003-11-01,"Nov 2003","Apartment",1540,"Scss","Starts"
"24462",2003-11-01,"Nov 2003","All",2642,"Scss","Starts"
"24462",2003-12-01,"Dec 2003","Single",873,"Scss","Starts"
"24462",2003-12-01,"Dec 2003","Semi-Detached",96,"Scss","Starts"
"24462",2003-12-01,"Dec 2003","Row",58,"Scss","Starts"
"24462",2003-12-01,"Dec 2003","Apartment",1128,"Scss","Starts"
"24462",2003-12-01,"Dec 2003","All",2155,"Scss","Starts"
"24462",2004-01-01,"Jan 2004","Single",385,"Scss","Starts"
"24462",2004-01-01,"Jan 2004","Semi-Detached",104,"Scss","Starts"
"24462",2004-01-01,"Jan 2004","Row",16,"Scss","Starts"
"24462",2004-01-01,"Jan 2004","Apartment",867,"Scss","Starts"
"24462",2004-01-01,"Jan 2004","All",1372,"Scss","Starts"
"24462",2004-02-01,"Feb 2004","Single",599,"Scss","Starts"
"24462",2004-02-01,"Feb 2004","Semi-Detached",66,"Scss","Starts"
"24462",2004-02-01,"Feb 2004","Row",33,"Scss","Starts"
"24462",2004-02-01,"Feb 2004","Apartment",839,"Scss","Starts"
"24462",2004-02-01,"Feb 2004","All",1537,"Scss","Starts"
"24462",2004-03-01,"Mar 2004","Single",1130,"Scss","Starts"
"24462",2004-03-01,"Mar 2004","Semi-Detached",84,"Scss","Starts"
"24462",2004-03-01,"Mar 2004","Row",84,"Scss","Starts"
"24462",2004-03-01,"Mar 2004","Apartment",1487,"Scss","Starts"
"24462",2004-03-01,"Mar 2004","All",2785,"Scss","Starts"
"24462",2004-04-01,"Apr 2004","Single",1681,"Scss","Starts"
"24462",2004-04-01,"Apr 2004","Semi-Detached",230,"Scss","Starts"
"24462",2004-04-01,"Apr 2004","Row",38,"Scss","Starts"
"24462",2004-04-01,"Apr 2004","Apartment",1931,"Scss","Starts"
"24462",2004-04-01,"Apr 2004","All",3880,"Scss","Starts"
"24462",2004-05-01,"May 2004","Single",1295,"Scss","Starts"
"24462",2004-05-01,"May 2004","Semi-Detached",92,"Scss","Starts"
"24462",2004-05-01,"May 2004","Row",69,"Scss","Starts"
"24462",2004-05-01,"May 2004","Apartment",1988,"Scss","Starts"
"24462",2004-05-01,"May 2004","All",3444,"Scss","Starts"
"24462",2004-06-01,"Jun 2004","Single",1122,"Scss","Starts"
"24462",2004-06-01,"Jun 2004","Semi-Detached",124,"Scss","Starts"
"24462",2004-06-01,"Jun 2004","Row",68,"Scss","Starts"
"24462",2004-06-01,"Jun 2004","Apartment",1271,"Scss","Starts"
"24462",2004-06-01,"Jun 2004","All",2585,"Scss","Starts"
"24462",2004-07-01,"Jul 2004","Single",947,"Scss","Starts"
"24462",2004-07-01,"Jul 2004","Semi-Detached",66,"Scss","Starts"
"24462",2004-07-01,"Jul 2004","Row",34,"Scss","Starts"
"24462",2004-07-01,"Jul 2004","Apartment",1121,"Scss","Starts"
"24462",2004-07-01,"Jul 2004","All",2168,"Scss","Starts"
"24462",2004-08-01,"Aug 2004","Single",626,"Scss","Starts"
"24462",2004-08-01,"Aug 2004","Semi-Detached",92,"Scss","Starts"
"24462",2004-08-01,"Aug 2004","Row",64,"Scss","Starts"
"24462",2004-08-01,"Aug 2004","Apartment",1495,"Scss","Starts"
"24462",2004-08-01,"Aug 2004","All",2277,"Scss","Starts"
"24462",2004-09-01,"Sep 2004","Single",917,"Scss","Starts"
"24462",2004-09-01,"Sep 2004","Semi-Detached",96,"Scss","Starts"
"24462",2004-09-01,"Sep 2004","Row",70,"Scss","Starts"
"24462",2004-09-01,"Sep 2004","Apartment",1044,"Scss","Starts"
"24462",2004-09-01,"Sep 2004","All",2127,"Scss","Starts"
"24462",2004-10-01,"Oct 2004","Single",954,"Scss","Starts"
"24462",2004-10-01,"Oct 2004","Semi-Detached",102,"Scss","Starts"
"24462",2004-10-01,"Oct 2004","Row",121,"Scss","Starts"
"24462",2004-10-01,"Oct 2004","Apartment",1205,"Scss","Starts"
"24462",2004-10-01,"Oct 2004","All",2382,"Scss","Starts"
"24462",2004-11-01,"Nov 2004","Single",904,"Scss","Starts"
"24462",2004-11-01,"Nov 2004","Semi-Detached",100,"Scss","Starts"
"24462",2004-11-01,"Nov 2004","Row",138,"Scss","Starts"
"24462",2004-11-01,"Nov 2004","Apartment",2037,"Scss","Starts"
"24462",2004-11-01,"Nov 2004","All",3179,"Scss","Starts"
"24462",2004-12-01,"Dec 2004","Single",747,"Scss","Starts"
"24462",2004-12-01,"Dec 2004","Semi-Detached",70,"Scss","Starts"
"24462",2004-12-01,"Dec 2004","Row",32,"Scss","Starts"
"24462",2004-12-01,"Dec 2004","Apartment",1324,"Scss","Starts"
"24462",2004-12-01,"Dec 2004","All",2173,"Scss","Starts"
"24462",2005-01-01,"Jan 2005","Single",352,"Scss","Starts"
"24462",2005-01-01,"Jan 2005","Semi-Detached",40,"Scss","Starts"
"24462",2005-01-01,"Jan 2005","Row",50,"Scss","Starts"
"24462",2005-01-01,"Jan 2005","Apartment",832,"Scss","Starts"
"24462",2005-01-01,"Jan 2005","All",1274,"Scss","Starts"
"24462",2005-02-01,"Feb 2005","Single",572,"Scss","Starts"
"24462",2005-02-01,"Feb 2005","Semi-Detached",62,"Scss","Starts"
"24462",2005-02-01,"Feb 2005","Row",47,"Scss","Starts"
"24462",2005-02-01,"Feb 2005","Apartment",895,"Scss","Starts"
"24462",2005-02-01,"Feb 2005","All",1576,"Scss","Starts"
"24462",2005-03-01,"Mar 2005","Single",940,"Scss","Starts"
"24462",2005-03-01,"Mar 2005","Semi-Detached",124,"Scss","Starts"
"24462",2005-03-01,"Mar 2005","Row",68,"Scss","Starts"
"24462",2005-03-01,"Mar 2005","Apartment",613,"Scss","Starts"
"24462",2005-03-01,"Mar 2005","All",1745,"Scss","Starts"
"24462",2005-04-01,"Apr 2005","Single",1238,"Scss","Starts"
"24462",2005-04-01,"Apr 2005","Semi-Detached",172,"Scss","Starts"
"24462",2005-04-01,"Apr 2005","Row",94,"Scss","Starts"
"24462",2005-04-01,"Apr 2005","Apartment",1976,"Scss","Starts"
"24462",2005-04-01,"Apr 2005","All",3480,"Scss","Starts"
"24462",2005-05-01,"May 2005","Single",978,"Scss","Starts"
"24462",2005-05-01,"May 2005","Semi-Detached",84,"Scss","Starts"
"24462",2005-05-01,"May 2005","Row",85,"Scss","Starts"
"24462",2005-05-01,"May 2005","Apartment",1118,"Scss","Starts"
"24462",2005-05-01,"May 2005","All",2265,"Scss","Starts"
"24462",2005-06-01,"Jun 2005","Single",885,"Scss","Starts"
"24462",2005-06-01,"Jun 2005","Semi-Detached",90,"Scss","Starts"
"24462",2005-06-01,"Jun 2005","Row",90,"Scss","Starts"
"24462",2005-06-01,"Jun 2005","Apartment",1061,"Scss","Starts"
"24462",2005-06-01,"Jun 2005","All",2126,"Scss","Starts"
"24462",2005-07-01,"Jul 2005","Single",770,"Scss","Starts"
"24462",2005-07-01,"Jul 2005","Semi-Detached",46,"Scss","Starts"
"24462",2005-07-01,"Jul 2005","Row",24,"Scss","Starts"
"24462",2005-07-01,"Jul 2005","Apartment",1632,"Scss","Starts"
"24462",2005-07-01,"Jul 2005","All",2472,"Scss","Starts"
"24462",2005-08-01,"Aug 2005","Single",388,"Scss","Starts"
"24462",2005-08-01,"Aug 2005","Semi-Detached",40,"Scss","Starts"
"24462",2005-08-01,"Aug 2005","Row",52,"Scss","Starts"
"24462",2005-08-01,"Aug 2005","Apartment",1258,"Scss","Starts"
"24462",2005-08-01,"Aug 2005","All",1738,"Scss","Starts"
"24462",2005-09-01,"Sep 2005","Single",950,"Scss","Starts"
"24462",2005-09-01,"Sep 2005","Semi-Detached",90,"Scss","Starts"
"24462",2005-09-01,"Sep 2005","Row",74,"Scss","Starts"
"24462",2005-09-01,"Sep 2005","Apartment",1698,"Scss","Starts"
"24462",2005-09-01,"Sep 2005","All",2812,"Scss","Starts"
"24462",2005-10-01,"Oct 2005","Single",749,"Scss","Starts"
"24462",2005-10-01,"Oct 2005","Semi-Detached",98,"Scss","Starts"
"24462",2005-10-01,"Oct 2005","Row",56,"Scss","Starts"
"24462",2005-10-01,"Oct 2005","Apartment",1337,"Scss","Starts"
"24462",2005-10-01,"Oct 2005","All",2240,"Scss","Starts"
"24462",2005-11-01,"Nov 2005","Single",770,"Scss","Starts"
"24462",2005-11-01,"Nov 2005","Semi-Detached",80,"Scss","Starts"
"24462",2005-11-01,"Nov 2005","Row",48,"Scss","Starts"
"24462",2005-11-01,"Nov 2005","Apartment",1551,"Scss","Starts"
"24462",2005-11-01,"Nov 2005","All",2449,"Scss","Starts"
"24462",2005-12-01,"Dec 2005","Single",673,"Scss","Starts"
"24462",2005-12-01,"Dec 2005","Semi-Detached",114,"Scss","Starts"
"24462",2005-12-01,"Dec 2005","Row",139,"Scss","Starts"
"24462",2005-12-01,"Dec 2005","Apartment",1264,"Scss","Starts"
"24462",2005-12-01,"Dec 2005","All",2190,"Scss","Starts"
"24462",2006-01-01,"Jan 2006","Single",361,"Scss","Starts"
"24462",2006-01-01,"Jan 2006","Semi-Detached",14,"Scss","Starts"
"24462",2006-01-01,"Jan 2006","Row",25,"Scss","Starts"
"24462",2006-01-01,"Jan 2006","Apartment",639,"Scss","Starts"
"24462",2006-01-01,"Jan 2006","All",1039,"Scss","Starts"
"24462",2006-02-01,"Feb 2006","Single",492,"Scss","Starts"
"24462",2006-02-01,"Feb 2006","Semi-Detached",42,"Scss","Starts"
"24462",2006-02-01,"Feb 2006","Row",47,"Scss","Starts"
"24462",2006-02-01,"Feb 2006","Apartment",889,"Scss","Starts"
"24462",2006-02-01,"Feb 2006","All",1470,"Scss","Starts"
"24462",2006-03-01,"Mar 2006","Single",805,"Scss","Starts"
"24462",2006-03-01,"Mar 2006","Semi-Detached",70,"Scss","Starts"
"24462",2006-03-01,"Mar 2006","Row",113,"Scss","Starts"
"24462",2006-03-01,"Mar 2006","Apartment",1501,"Scss","Starts"
"24462",2006-03-01,"Mar 2006","All",2489,"Scss","Starts"
"24462",2006-04-01,"Apr 2006","Single",1153,"Scss","Starts"
"24462",2006-04-01,"Apr 2006","Semi-Detached",120,"Scss","Starts"
"24462",2006-04-01,"Apr 2006","Row",61,"Scss","Starts"
"24462",2006-04-01,"Apr 2006","Apartment",875,"Scss","Starts"
"24462",2006-04-01,"Apr 2006","All",2209,"Scss","Starts"
"24462",2006-05-01,"May 2006","Single",952,"Scss","Starts"
"24462",2006-05-01,"May 2006","Semi-Detached",56,"Scss","Starts"
"24462",2006-05-01,"May 2006","Row",54,"Scss","Starts"
"24462",2006-05-01,"May 2006","Apartment",1013,"Scss","Starts"
"24462",2006-05-01,"May 2006","All",2075,"Scss","Starts"
"24462",2006-06-01,"Jun 2006","Single",803,"Scss","Starts"
"24462",2006-06-01,"Jun 2006","Semi-Detached",72,"Scss","Starts"
"24462",2006-06-01,"Jun 2006","Row",34,"Scss","Starts"
"24462",2006-06-01,"Jun 2006","Apartment",767,"Scss","Starts"
"24462",2006-06-01,"Jun 2006","All",1676,"Scss","Starts"
"24462",2006-07-01,"Jul 2006","Single",648,"Scss","Starts"
"24462",2006-07-01,"Jul 2006","Semi-Detached",60,"Scss","Starts"
"24462",2006-07-01,"Jul 2006","Row",46,"Scss","Starts"
"24462",2006-07-01,"Jul 2006","Apartment",718,"Scss","Starts"
"24462",2006-07-01,"Jul 2006","All",1472,"Scss","Starts"
"24462",2006-08-01,"Aug 2006","Single",495,"Scss","Starts"
"24462",2006-08-01,"Aug 2006","Semi-Detached",46,"Scss","Starts"
"24462",2006-08-01,"Aug 2006","Row",25,"Scss","Starts"
"24462",2006-08-01,"Aug 2006","Apartment",1254,"Scss","Starts"
"24462",2006-08-01,"Aug 2006","All",1820,"Scss","Starts"
"24462",2006-09-01,"Sep 2006","Single",678,"Scss","Starts"
"24462",2006-09-01,"Sep 2006","Semi-Detached",62,"Scss","Starts"
"24462",2006-09-01,"Sep 2006","Row",84,"Scss","Starts"
"24462",2006-09-01,"Sep 2006","Apartment",1096,"Scss","Starts"
"24462",2006-09-01,"Sep 2006","All",1920,"Scss","Starts"
"24462",2006-10-01,"Oct 2006","Single",712,"Scss","Starts"
"24462",2006-10-01,"Oct 2006","Semi-Detached",74,"Scss","Starts"
"24462",2006-10-01,"Oct 2006","Row",57,"Scss","Starts"
"24462",2006-10-01,"Oct 2006","Apartment",2252,"Scss","Starts"
"24462",2006-10-01,"Oct 2006","All",3095,"Scss","Starts"
"24462",2006-11-01,"Nov 2006","Single",722,"Scss","Starts"
"24462",2006-11-01,"Nov 2006","Semi-Detached",64,"Scss","Starts"
"24462",2006-11-01,"Nov 2006","Row",42,"Scss","Starts"
"24462",2006-11-01,"Nov 2006","Apartment",1488,"Scss","Starts"
"24462",2006-11-01,"Nov 2006","All",2316,"Scss","Starts"
"24462",2006-12-01,"Dec 2006","Single",700,"Scss","Starts"
"24462",2006-12-01,"Dec 2006","Semi-Detached",84,"Scss","Starts"
"24462",2006-12-01,"Dec 2006","Row",99,"Scss","Starts"
"24462",2006-12-01,"Dec 2006","Apartment",1279,"Scss","Starts"
"24462",2006-12-01,"Dec 2006","All",2162,"Scss","Starts"
"24462",2007-01-01,"Jan 2007","Single",264,"Scss","Starts"
"24462",2007-01-01,"Jan 2007","Semi-Detached",32,"Scss","Starts"
"24462",2007-01-01,"Jan 2007","Row",93,"Scss","Starts"
"24462",2007-01-01,"Jan 2007","Apartment",757,"Scss","Starts"
"24462",2007-01-01,"Jan 2007","All",1146,"Scss","Starts"
"24462",2007-02-01,"Feb 2007","Single",414,"Scss","Starts"
"24462",2007-02-01,"Feb 2007","Semi-Detached",56,"Scss","Starts"
"24462",2007-02-01,"Feb 2007","Row",69,"Scss","Starts"
"24462",2007-02-01,"Feb 2007","Apartment",794,"Scss","Starts"
"24462",2007-02-01,"Feb 2007","All",1333,"Scss","Starts"
"24462",2007-03-01,"Mar 2007","Single",958,"Scss","Starts"
"24462",2007-03-01,"Mar 2007","Semi-Detached",84,"Scss","Starts"
"24462",2007-03-01,"Mar 2007","Row",13,"Scss","Starts"
"24462",2007-03-01,"Mar 2007","Apartment",1102,"Scss","Starts"
"24462",2007-03-01,"Mar 2007","All",2157,"Scss","Starts"
"24462",2007-04-01,"Apr 2007","Single",1070,"Scss","Starts"
"24462",2007-04-01,"Apr 2007","Semi-Detached",156,"Scss","Starts"
"24462",2007-04-01,"Apr 2007","Row",110,"Scss","Starts"
"24462",2007-04-01,"Apr 2007","Apartment",1189,"Scss","Starts"
"24462",2007-04-01,"Apr 2007","All",2525,"Scss","Starts"
"24462",2007-05-01,"May 2007","Single",950,"Scss","Starts"
"24462",2007-05-01,"May 2007","Semi-Detached",74,"Scss","Starts"
"24462",2007-05-01,"May 2007","Row",96,"Scss","Starts"
"24462",2007-05-01,"May 2007","Apartment",1225,"Scss","Starts"
"24462",2007-05-01,"May 2007","All",2345,"Scss","Starts"
"24462",2007-06-01,"Jun 2007","Single",947,"Scss","Starts"
"24462",2007-06-01,"Jun 2007","Semi-Detached",80,"Scss","Starts"
"24462",2007-06-01,"Jun 2007","Row",149,"Scss","Starts"
"24462",2007-06-01,"Jun 2007","Apartment",1211,"Scss","Starts"
"24462",2007-06-01,"Jun 2007","All",2387,"Scss","Starts"
"24462",2007-07-01,"Jul 2007","Single",670,"Scss","Starts"
"24462",2007-07-01,"Jul 2007","Semi-Detached",58,"Scss","Starts"
"24462",2007-07-01,"Jul 2007","Row",124,"Scss","Starts"
"24462",2007-07-01,"Jul 2007","Apartment",815,"Scss","Starts"
"24462",2007-07-01,"Jul 2007","All",1667,"Scss","Starts"
"24462",2007-08-01,"Aug 2007","Single",591,"Scss","Starts"
"24462",2007-08-01,"Aug 2007","Semi-Detached",46,"Scss","Starts"
"24462",2007-08-01,"Aug 2007","Row",76,"Scss","Starts"
"24462",2007-08-01,"Aug 2007","Apartment",1200,"Scss","Starts"
"24462",2007-08-01,"Aug 2007","All",1913,"Scss","Starts"
"24462",2007-09-01,"Sep 2007","Single",732,"Scss","Starts"
"24462",2007-09-01,"Sep 2007","Semi-Detached",78,"Scss","Starts"
"24462",2007-09-01,"Sep 2007","Row",130,"Scss","Starts"
"24462",2007-09-01,"Sep 2007","Apartment",2763,"Scss","Starts"
"24462",2007-09-01,"Sep 2007","All",3703,"Scss","Starts"
"24462",2007-10-01,"Oct 2007","Single",732,"Scss","Starts"
"24462",2007-10-01,"Oct 2007","Semi-Detached",92,"Scss","Starts"
"24462",2007-10-01,"Oct 2007","Row",56,"Scss","Starts"
"24462",2007-10-01,"Oct 2007","Apartment",1083,"Scss","Starts"
"24462",2007-10-01,"Oct 2007","All",1963,"Scss","Starts"
"24462",2007-11-01,"Nov 2007","Single",745,"Scss","Starts"
"24462",2007-11-01,"Nov 2007","Semi-Detached",116,"Scss","Starts"
"24462",2007-11-01,"Nov 2007","Row",80,"Scss","Starts"
"24462",2007-11-01,"Nov 2007","Apartment",957,"Scss","Starts"
"24462",2007-11-01,"Nov 2007","All",1898,"Scss","Starts"
"24462",2007-12-01,"Dec 2007","Single",645,"Scss","Starts"
"24462",2007-12-01,"Dec 2007","Semi-Detached",58,"Scss","Starts"
"24462",2007-12-01,"Dec 2007","Row",73,"Scss","Starts"
"24462",2007-12-01,"Dec 2007","Apartment",704,"Scss","Starts"
"24462",2007-12-01,"Dec 2007","All",1480,"Scss","Starts"
"24462",2008-01-01,"Jan 2008","Single",279,"Scss","Starts"
"24462",2008-01-01,"Jan 2008","Semi-Detached",60,"Scss","Starts"
"24462",2008-01-01,"Jan 2008","Row",74,"Scss","Starts"
"24462",2008-01-01,"Jan 2008","Apartment",782,"Scss","Starts"
"24462",2008-01-01,"Jan 2008","All",1195,"Scss","Starts"
"24462",2008-02-01,"Feb 2008","Single",489,"Scss","Starts"
"24462",2008-02-01,"Feb 2008","Semi-Detached",90,"Scss","Starts"
"24462",2008-02-01,"Feb 2008","Row",108,"Scss","Starts"
"24462",2008-02-01,"Feb 2008","Apartment",1512,"Scss","Starts"
"24462",2008-02-01,"Feb 2008","All",2199,"Scss","Starts"
"24462",2008-03-01,"Mar 2008","Single",575,"Scss","Starts"
"24462",2008-03-01,"Mar 2008","Semi-Detached",88,"Scss","Starts"
"24462",2008-03-01,"Mar 2008","Row",76,"Scss","Starts"
"24462",2008-03-01,"Mar 2008","Apartment",1396,"Scss","Starts"
"24462",2008-03-01,"Mar 2008","All",2135,"Scss","Starts"
"24462",2008-04-01,"Apr 2008","Single",878,"Scss","Starts"
"24462",2008-04-01,"Apr 2008","Semi-Detached",124,"Scss","Starts"
"24462",2008-04-01,"Apr 2008","Row",110,"Scss","Starts"
"24462",2008-04-01,"Apr 2008","Apartment",964,"Scss","Starts"
"24462",2008-04-01,"Apr 2008","All",2076,"Scss","Starts"
"24462",2008-05-01,"May 2008","Single",922,"Scss","Starts"
"24462",2008-05-01,"May 2008","Semi-Detached",130,"Scss","Starts"
"24462",2008-05-01,"May 2008","Row",156,"Scss","Starts"
"24462",2008-05-01,"May 2008","Apartment",1310,"Scss","Starts"
"24462",2008-05-01,"May 2008","All",2518,"Scss","Starts"
"24462",2008-06-01,"Jun 2008","Single",742,"Scss","Starts"
"24462",2008-06-01,"Jun 2008","Semi-Detached",118,"Scss","Starts"
"24462",2008-06-01,"Jun 2008","Row",74,"Scss","Starts"
"24462",2008-06-01,"Jun 2008","Apartment",951,"Scss","Starts"
"24462",2008-06-01,"Jun 2008","All",1885,"Scss","Starts"
"24462",2008-07-01,"Jul 2008","Single",657,"Scss","Starts"
"24462",2008-07-01,"Jul 2008","Semi-Detached",66,"Scss","Starts"
"24462",2008-07-01,"Jul 2008","Row",66,"Scss","Starts"
"24462",2008-07-01,"Jul 2008","Apartment",1020,"Scss","Starts"
"24462",2008-07-01,"Jul 2008","All",1809,"Scss","Starts"
"24462",2008-08-01,"Aug 2008","Single",467,"Scss","Starts"
"24462",2008-08-01,"Aug 2008","Semi-Detached",60,"Scss","Starts"
"24462",2008-08-01,"Aug 2008","Row",52,"Scss","Starts"
"24462",2008-08-01,"Aug 2008","Apartment",1013,"Scss","Starts"
"24462",2008-08-01,"Aug 2008","All",1592,"Scss","Starts"
"24462",2008-09-01,"Sep 2008","Single",585,"Scss","Starts"
"24462",2008-09-01,"Sep 2008","Semi-Detached",80,"Scss","Starts"
"24462",2008-09-01,"Sep 2008","Row",91,"Scss","Starts"
"24462",2008-09-01,"Sep 2008","Apartment",1037,"Scss","Starts"
"24462",2008-09-01,"Sep 2008","All",1793,"Scss","Starts"
"24462",2008-10-01,"Oct 2008","Single",580,"Scss","Starts"
"24462",2008-10-01,"Oct 2008","Semi-Detached",86,"Scss","Starts"
"24462",2008-10-01,"Oct 2008","Row",131,"Scss","Starts"
"24462",2008-10-01,"Oct 2008","Apartment",944,"Scss","Starts"
"24462",2008-10-01,"Oct 2008","All",1741,"Scss","Starts"
"24462",2008-11-01,"Nov 2008","Single",504,"Scss","Starts"
"24462",2008-11-01,"Nov 2008","Semi-Detached",96,"Scss","Starts"
"24462",2008-11-01,"Nov 2008","Row",216,"Scss","Starts"
"24462",2008-11-01,"Nov 2008","Apartment",1602,"Scss","Starts"
"24462",2008-11-01,"Nov 2008","All",2418,"Scss","Starts"
"24462",2008-12-01,"Dec 2008","Single",403,"Scss","Starts"
"24462",2008-12-01,"Dec 2008","Semi-Detached",40,"Scss","Starts"
"24462",2008-12-01,"Dec 2008","Row",87,"Scss","Starts"
"24462",2008-12-01,"Dec 2008","Apartment",818,"Scss","Starts"
"24462",2008-12-01,"Dec 2008","All",1348,"Scss","Starts"
"24462",2009-01-01,"Jan 2009","Single",208,"Scss","Starts"
"24462",2009-01-01,"Jan 2009","Semi-Detached",40,"Scss","Starts"
"24462",2009-01-01,"Jan 2009","Row",28,"Scss","Starts"
"24462",2009-01-01,"Jan 2009","Apartment",885,"Scss","Starts"
"24462",2009-01-01,"Jan 2009","All",1161,"Scss","Starts"
"24462",2009-02-01,"Feb 2009","Single",203,"Scss","Starts"
"24462",2009-02-01,"Feb 2009","Semi-Detached",18,"Scss","Starts"
"24462",2009-02-01,"Feb 2009","Row",14,"Scss","Starts"
"24462",2009-02-01,"Feb 2009","Apartment",587,"Scss","Starts"
"24462",2009-02-01,"Feb 2009","All",822,"Scss","Starts"
"24462",2009-03-01,"Mar 2009","Single",428,"Scss","Starts"
"24462",2009-03-01,"Mar 2009","Semi-Detached",148,"Scss","Starts"
"24462",2009-03-01,"Mar 2009","Row",143,"Scss","Starts"
"24462",2009-03-01,"Mar 2009","Apartment",1136,"Scss","Starts"
"24462",2009-03-01,"Mar 2009","All",1855,"Scss","Starts"
"24462",2009-04-01,"Apr 2009","Single",484,"Scss","Starts"
"24462",2009-04-01,"Apr 2009","Semi-Detached",100,"Scss","Starts"
"24462",2009-04-01,"Apr 2009","Row",62,"Scss","Starts"
"24462",2009-04-01,"Apr 2009","Apartment",1079,"Scss","Starts"
"24462",2009-04-01,"Apr 2009","All",1725,"Scss","Starts"
"24462",2009-05-01,"May 2009","Single",558,"Scss","Starts"
"24462",2009-05-01,"May 2009","Semi-Detached",134,"Scss","Starts"
"24462",2009-05-01,"May 2009","Row",90,"Scss","Starts"
"24462",2009-05-01,"May 2009","Apartment",1013,"Scss","Starts"
"24462",2009-05-01,"May 2009","All",1795,"Scss","Starts"
"24462",2009-06-01,"Jun 2009","Single",588,"Scss","Starts"
"24462",2009-06-01,"Jun 2009","Semi-Detached",64,"Scss","Starts"
"24462",2009-06-01,"Jun 2009","Row",142,"Scss","Starts"
"24462",2009-06-01,"Jun 2009","Apartment",696,"Scss","Starts"
"24462",2009-06-01,"Jun 2009","All",1490,"Scss","Starts"
"24462",2009-07-01,"Jul 2009","Single",534,"Scss","Starts"
"24462",2009-07-01,"Jul 2009","Semi-Detached",82,"Scss","Starts"
"24462",2009-07-01,"Jul 2009","Row",140,"Scss","Starts"
"24462",2009-07-01,"Jul 2009","Apartment",788,"Scss","Starts"
"24462",2009-07-01,"Jul 2009","All",1544,"Scss","Starts"
"24462",2009-08-01,"Aug 2009","Single",396,"Scss","Starts"
"24462",2009-08-01,"Aug 2009","Semi-Detached",44,"Scss","Starts"
"24462",2009-08-01,"Aug 2009","Row",97,"Scss","Starts"
"24462",2009-08-01,"Aug 2009","Apartment",1145,"Scss","Starts"
"24462",2009-08-01,"Aug 2009","All",1682,"Scss","Starts"
"24462",2009-09-01,"Sep 2009","Single",636,"Scss","Starts"
"24462",2009-09-01,"Sep 2009","Semi-Detached",126,"Scss","Starts"
"24462",2009-09-01,"Sep 2009","Row",48,"Scss","Starts"
"24462",2009-09-01,"Sep 2009","Apartment",1010,"Scss","Starts"
"24462",2009-09-01,"Sep 2009","All",1820,"Scss","Starts"
"24462",2009-10-01,"Oct 2009","Single",612,"Scss","Starts"
"24462",2009-10-01,"Oct 2009","Semi-Detached",108,"Scss","Starts"
"24462",2009-10-01,"Oct 2009","Row",62,"Scss","Starts"
"24462",2009-10-01,"Oct 2009","Apartment",845,"Scss","Starts"
"24462",2009-10-01,"Oct 2009","All",1627,"Scss","Starts"
"24462",2009-11-01,"Nov 2009","Single",563,"Scss","Starts"
"24462",2009-11-01,"Nov 2009","Semi-Detached",84,"Scss","Starts"
"24462",2009-11-01,"Nov 2009","Row",76,"Scss","Starts"
"24462",2009-11-01,"Nov 2009","Apartment",1488,"Scss","Starts"
"24462",2009-11-01,"Nov 2009","All",2211,"Scss","Starts"
"24462",2009-12-01,"Dec 2009","Single",590,"Scss","Starts"
"24462",2009-12-01,"Dec 2009","Semi-Detached",110,"Scss","Starts"
"24462",2009-12-01,"Dec 2009","Row",74,"Scss","Starts"
"24462",2009-12-01,"Dec 2009","Apartment",1342,"Scss","Starts"
"24462",2009-12-01,"Dec 2009","All",2116,"Scss","Starts"
"24462",2010-01-01,"Jan 2010","Single",344,"Scss","Starts"
"24462",2010-01-01,"Jan 2010","Semi-Detached",86,"Scss","Starts"
"24462",2010-01-01,"Jan 2010","Row",121,"Scss","Starts"
"24462",2010-01-01,"Jan 2010","Apartment",1263,"Scss","Starts"
"24462",2010-01-01,"Jan 2010","All",1814,"Scss","Starts"
"24462",2010-02-01,"Feb 2010","Single",305,"Scss","Starts"
"24462",2010-02-01,"Feb 2010","Semi-Detached",52,"Scss","Starts"
"24462",2010-02-01,"Feb 2010","Row",68,"Scss","Starts"
"24462",2010-02-01,"Feb 2010","Apartment",766,"Scss","Starts"
"24462",2010-02-01,"Feb 2010","All",1191,"Scss","Starts"
"24462",2010-03-01,"Mar 2010","Single",758,"Scss","Starts"
"24462",2010-03-01,"Mar 2010","Semi-Detached",140,"Scss","Starts"
"24462",2010-03-01,"Mar 2010","Row",103,"Scss","Starts"
"24462",2010-03-01,"Mar 2010","Apartment",1022,"Scss","Starts"
"24462",2010-03-01,"Mar 2010","All",2023,"Scss","Starts"
"24462",2010-04-01,"Apr 2010","Single",800,"Scss","Starts"
"24462",2010-04-01,"Apr 2010","Semi-Detached",128,"Scss","Starts"
"24462",2010-04-01,"Apr 2010","Row",93,"Scss","Starts"
"24462",2010-04-01,"Apr 2010","Apartment",1326,"Scss","Starts"
"24462",2010-04-01,"Apr 2010","All",2347,"Scss","Starts"
"24462",2010-05-01,"May 2010","Single",626,"Scss","Starts"
"24462",2010-05-01,"May 2010","Semi-Detached",136,"Scss","Starts"
"24462",2010-05-01,"May 2010","Row",120,"Scss","Starts"
"24462",2010-05-01,"May 2010","Apartment",1085,"Scss","Starts"
"24462",2010-05-01,"May 2010","All",1967,"Scss","Starts"
"24462",2010-06-01,"Jun 2010","Single",626,"Scss","Starts"
"24462",2010-06-01,"Jun 2010","Semi-Detached",174,"Scss","Starts"
"24462",2010-06-01,"Jun 2010","Row",108,"Scss","Starts"
"24462",2010-06-01,"Jun 2010","Apartment",1217,"Scss","Starts"
"24462",2010-06-01,"Jun 2010","All",2125,"Scss","Starts"
"24462",2010-07-01,"Jul 2010","Single",514,"Scss","Starts"
"24462",2010-07-01,"Jul 2010","Semi-Detached",78,"Scss","Starts"
"24462",2010-07-01,"Jul 2010","Row",104,"Scss","Starts"
"24462",2010-07-01,"Jul 2010","Apartment",1316,"Scss","Starts"
"24462",2010-07-01,"Jul 2010","All",2012,"Scss","Starts"
"24462",2010-08-01,"Aug 2010","Single",356,"Scss","Starts"
"24462",2010-08-01,"Aug 2010","Semi-Detached",72,"Scss","Starts"
"24462",2010-08-01,"Aug 2010","Row",53,"Scss","Starts"
"24462",2010-08-01,"Aug 2010","Apartment",968,"Scss","Starts"
"24462",2010-08-01,"Aug 2010","All",1449,"Scss","Starts"
"24462",2010-09-01,"Sep 2010","Single",529,"Scss","Starts"
"24462",2010-09-01,"Sep 2010","Semi-Detached",92,"Scss","Starts"
"24462",2010-09-01,"Sep 2010","Row",57,"Scss","Starts"
"24462",2010-09-01,"Sep 2010","Apartment",1254,"Scss","Starts"
"24462",2010-09-01,"Sep 2010","All",1932,"Scss","Starts"
"24462",2010-10-01,"Oct 2010","Single",504,"Scss","Starts"
"24462",2010-10-01,"Oct 2010","Semi-Detached",102,"Scss","Starts"
"24462",2010-10-01,"Oct 2010","Row",120,"Scss","Starts"
"24462",2010-10-01,"Oct 2010","Apartment",1482,"Scss","Starts"
"24462",2010-10-01,"Oct 2010","All",2208,"Scss","Starts"
"24462",2010-11-01,"Nov 2010","Single",435,"Scss","Starts"
"24462",2010-11-01,"Nov 2010","Semi-Detached",124,"Scss","Starts"
"24462",2010-11-01,"Nov 2010","Row",104,"Scss","Starts"
"24462",2010-11-01,"Nov 2010","Apartment",1040,"Scss","Starts"
"24462",2010-11-01,"Nov 2010","All",1703,"Scss","Starts"
"24462",2010-12-01,"Dec 2010","Single",479,"Scss","Starts"
"24462",2010-12-01,"Dec 2010","Semi-Detached",124,"Scss","Starts"
"24462",2010-12-01,"Dec 2010","Row",109,"Scss","Starts"
"24462",2010-12-01,"Dec 2010","Apartment",1274,"Scss","Starts"
"24462",2010-12-01,"Dec 2010","All",1986,"Scss","Starts"
"24462",2011-01-01,"Jan 2011","Single",216,"Scss","Starts"
"24462",2011-01-01,"Jan 2011","Semi-Detached",40,"Scss","Starts"
"24462",2011-01-01,"Jan 2011","Row",26,"Scss","Starts"
"24462",2011-01-01,"Jan 2011","Apartment",921,"Scss","Starts"
"24462",2011-01-01,"Jan 2011","All",1203,"Scss","Starts"
"24462",2011-02-01,"Feb 2011","Single",291,"Scss","Starts"
"24462",2011-02-01,"Feb 2011","Semi-Detached",68,"Scss","Starts"
"24462",2011-02-01,"Feb 2011","Row",85,"Scss","Starts"
"24462",2011-02-01,"Feb 2011","Apartment",525,"Scss","Starts"
"24462",2011-02-01,"Feb 2011","All",969,"Scss","Starts"
"24462",2011-03-01,"Mar 2011","Single",471,"Scss","Starts"
"24462",2011-03-01,"Mar 2011","Semi-Detached",146,"Scss","Starts"
"24462",2011-03-01,"Mar 2011","Row",109,"Scss","Starts"
"24462",2011-03-01,"Mar 2011","Apartment",1575,"Scss","Starts"
"24462",2011-03-01,"Mar 2011","All",2301,"Scss","Starts"
"24462",2011-04-01,"Apr 2011","Single",561,"Scss","Starts"
"24462",2011-04-01,"Apr 2011","Semi-Detached",218,"Scss","Starts"
"24462",2011-04-01,"Apr 2011","Row",121,"Scss","Starts"
"24462",2011-04-01,"Apr 2011","Apartment",1125,"Scss","Starts"
"24462",2011-04-01,"Apr 2011","All",2025,"Scss","Starts"
"24462",2011-05-01,"May 2011","Single",557,"Scss","Starts"
"24462",2011-05-01,"May 2011","Semi-Detached",90,"Scss","Starts"
"24462",2011-05-01,"May 2011","Row",139,"Scss","Starts"
"24462",2011-05-01,"May 2011","Apartment",1387,"Scss","Starts"
"24462",2011-05-01,"May 2011","All",2173,"Scss","Starts"
"24462",2011-06-01,"Jun 2011","Single",525,"Scss","Starts"
"24462",2011-06-01,"Jun 2011","Semi-Detached",98,"Scss","Starts"
"24462",2011-06-01,"Jun 2011","Row",72,"Scss","Starts"
"24462",2011-06-01,"Jun 2011","Apartment",1300,"Scss","Starts"
"24462",2011-06-01,"Jun 2011","All",1995,"Scss","Starts"
"24462",2011-07-01,"Jul 2011","Single",495,"Scss","Starts"
"24462",2011-07-01,"Jul 2011","Semi-Detached",86,"Scss","Starts"
"24462",2011-07-01,"Jul 2011","Row",126,"Scss","Starts"
"24462",2011-07-01,"Jul 2011","Apartment",1273,"Scss","Starts"
"24462",2011-07-01,"Jul 2011","All",1980,"Scss","Starts"
"24462",2011-08-01,"Aug 2011","Single",300,"Scss","Starts"
"24462",2011-08-01,"Aug 2011","Semi-Detached",60,"Scss","Starts"
"24462",2011-08-01,"Aug 2011","Row",50,"Scss","Starts"
"24462",2011-08-01,"Aug 2011","Apartment",865,"Scss","Starts"
"24462",2011-08-01,"Aug 2011","All",1275,"Scss","Starts"
"24462",2011-09-01,"Sep 2011","Single",422,"Scss","Starts"
"24462",2011-09-01,"Sep 2011","Semi-Detached",78,"Scss","Starts"
"24462",2011-09-01,"Sep 2011","Row",84,"Scss","Starts"
"24462",2011-09-01,"Sep 2011","Apartment",2507,"Scss","Starts"
"24462",2011-09-01,"Sep 2011","All",3091,"Scss","Starts"
"24462",2011-10-01,"Oct 2011","Single",383,"Scss","Starts"
"24462",2011-10-01,"Oct 2011","Semi-Detached",122,"Scss","Starts"
"24462",2011-10-01,"Oct 2011","Row",89,"Scss","Starts"
"24462",2011-10-01,"Oct 2011","Apartment",1534,"Scss","Starts"
"24462",2011-10-01,"Oct 2011","All",2128,"Scss","Starts"
"24462",2011-11-01,"Nov 2011","Single",450,"Scss","Starts"
"24462",2011-11-01,"Nov 2011","Semi-Detached",62,"Scss","Starts"
"24462",2011-11-01,"Nov 2011","Row",108,"Scss","Starts"
"24462",2011-11-01,"Nov 2011","Apartment",1901,"Scss","Starts"
"24462",2011-11-01,"Nov 2011","All",2521,"Scss","Starts"
"24462",2011-12-01,"Dec 2011","Single",387,"Scss","Starts"
"24462",2011-12-01,"Dec 2011","Semi-Detached",136,"Scss","Starts"
"24462",2011-12-01,"Dec 2011","Row",46,"Scss","Starts"
"24462",2011-12-01,"Dec 2011","Apartment",1533,"Scss","Starts"
"24462",2011-12-01,"Dec 2011","All",2102,"Scss","Starts"
"24462",2012-01-01,"Jan 2012","Single",190,"Scss","Starts"
"24462",2012-01-01,"Jan 2012","Semi-Detached",46,"Scss","Starts"
"24462",2012-01-01,"Jan 2012","Row",115,"Scss","Starts"
"24462",2012-01-01,"Jan 2012","Apartment",627,"Scss","Starts"
"24462",2012-01-01,"Jan 2012","All",978,"Scss","Starts"
"24462",2012-02-01,"Feb 2012","Single",253,"Scss","Starts"
"24462",2012-02-01,"Feb 2012","Semi-Detached",72,"Scss","Starts"
"24462",2012-02-01,"Feb 2012","Row",65,"Scss","Starts"
"24462",2012-02-01,"Feb 2012","Apartment",739,"Scss","Starts"
"24462",2012-02-01,"Feb 2012","All",1129,"Scss","Starts"
"24462",2012-03-01,"Mar 2012","Single",368,"Scss","Starts"
"24462",2012-03-01,"Mar 2012","Semi-Detached",84,"Scss","Starts"
"24462",2012-03-01,"Mar 2012","Row",31,"Scss","Starts"
"24462",2012-03-01,"Mar 2012","Apartment",917,"Scss","Starts"
"24462",2012-03-01,"Mar 2012","All",1400,"Scss","Starts"
"24462",2012-04-01,"Apr 2012","Single",551,"Scss","Starts"
"24462",2012-04-01,"Apr 2012","Semi-Detached",136,"Scss","Starts"
"24462",2012-04-01,"Apr 2012","Row",116,"Scss","Starts"
"24462",2012-04-01,"Apr 2012","Apartment",2036,"Scss","Starts"
"24462",2012-04-01,"Apr 2012","All",2839,"Scss","Starts"
"24462",2012-05-01,"May 2012","Single",425,"Scss","Starts"
"24462",2012-05-01,"May 2012","Semi-Detached",100,"Scss","Starts"
"24462",2012-05-01,"May 2012","Row",43,"Scss","Starts"
"24462",2012-05-01,"May 2012","Apartment",1247,"Scss","Starts"
"24462",2012-05-01,"May 2012","All",1815,"Scss","Starts"
"24462",2012-06-01,"Jun 2012","Single",447,"Scss","Starts"
"24462",2012-06-01,"Jun 2012","Semi-Detached",142,"Scss","Starts"
"24462",2012-06-01,"Jun 2012","Row",76,"Scss","Starts"
"24462",2012-06-01,"Jun 2012","Apartment",1053,"Scss","Starts"
"24462",2012-06-01,"Jun 2012","All",1718,"Scss","Starts"
"24462",2012-07-01,"Jul 2012","Single",390,"Scss","Starts"
"24462",2012-07-01,"Jul 2012","Semi-Detached",96,"Scss","Starts"
"24462",2012-07-01,"Jul 2012","Row",110,"Scss","Starts"
"24462",2012-07-01,"Jul 2012","Apartment",1488,"Scss","Starts"
"24462",2012-07-01,"Jul 2012","All",2084,"Scss","Starts"
"24462",2012-08-01,"Aug 2012","Single",315,"Scss","Starts"
"24462",2012-08-01,"Aug 2012","Semi-Detached",74,"Scss","Starts"
"24462",2012-08-01,"Aug 2012","Row",90,"Scss","Starts"
"24462",2012-08-01,"Aug 2012","Apartment",1254,"Scss","Starts"
"24462",2012-08-01,"Aug 2012","All",1733,"Scss","Starts"
"24462",2012-09-01,"Sep 2012","Single",374,"Scss","Starts"
"24462",2012-09-01,"Sep 2012","Semi-Detached",84,"Scss","Starts"
"24462",2012-09-01,"Sep 2012","Row",87,"Scss","Starts"
"24462",2012-09-01,"Sep 2012","Apartment",1515,"Scss","Starts"
"24462",2012-09-01,"Sep 2012","All",2060,"Scss","Starts"
"24462",2012-10-01,"Oct 2012","Single",317,"Scss","Starts"
"24462",2012-10-01,"Oct 2012","Semi-Detached",66,"Scss","Starts"
"24462",2012-10-01,"Oct 2012","Row",172,"Scss","Starts"
"24462",2012-10-01,"Oct 2012","Apartment",1298,"Scss","Starts"
"24462",2012-10-01,"Oct 2012","All",1853,"Scss","Starts"
"24462",2012-11-01,"Nov 2012","Single",366,"Scss","Starts"
"24462",2012-11-01,"Nov 2012","Semi-Detached",90,"Scss","Starts"
"24462",2012-11-01,"Nov 2012","Row",120,"Scss","Starts"
"24462",2012-11-01,"Nov 2012","Apartment",1573,"Scss","Starts"
"24462",2012-11-01,"Nov 2012","All",2149,"Scss","Starts"
"24462",2012-12-01,"Dec 2012","Single",344,"Scss","Starts"
"24462",2012-12-01,"Dec 2012","Semi-Detached",76,"Scss","Starts"
"24462",2012-12-01,"Dec 2012","Row",29,"Scss","Starts"
"24462",2012-12-01,"Dec 2012","Apartment",1185,"Scss","Starts"
"24462",2012-12-01,"Dec 2012","All",1634,"Scss","Starts"
"24462",2013-01-01,"Jan 2013","Single",138,"Scss","Starts"
"24462",2013-01-01,"Jan 2013","Semi-Detached",20,"Scss","Starts"
"24462",2013-01-01,"Jan 2013","Row",54,"Scss","Starts"
"24462",2013-01-01,"Jan 2013","Apartment",465,"Scss","Starts"
"24462",2013-01-01,"Jan 2013","All",677,"Scss","Starts"
"24462",2013-02-01,"Feb 2013","Single",159,"Scss","Starts"
"24462",2013-02-01,"Feb 2013","Semi-Detached",16,"Scss","Starts"
"24462",2013-02-01,"Feb 2013","Row",40,"Scss","Starts"
"24462",2013-02-01,"Feb 2013","Apartment",669,"Scss","Starts"
"24462",2013-02-01,"Feb 2013","All",884,"Scss","Starts"
"24462",2013-03-01,"Mar 2013","Single",255,"Scss","Starts"
"24462",2013-03-01,"Mar 2013","Semi-Detached",37,"Scss","Starts"
"24462",2013-03-01,"Mar 2013","Row",36,"Scss","Starts"
"24462",2013-03-01,"Mar 2013","Apartment",902,"Scss","Starts"
"24462",2013-03-01,"Mar 2013","All",1230,"Scss","Starts"
"24462",2013-04-01,"Apr 2013","Single",397,"Scss","Starts"
"24462",2013-04-01,"Apr 2013","Semi-Detached",134,"Scss","Starts"
"24462",2013-04-01,"Apr 2013","Row",105,"Scss","Starts"
"24462",2013-04-01,"Apr 2013","Apartment",1012,"Scss","Starts"
"24462",2013-04-01,"Apr 2013","All",1648,"Scss","Starts"
"24462",2013-05-01,"May 2013","Single",387,"Scss","Starts"
"24462",2013-05-01,"May 2013","Semi-Detached",86,"Scss","Starts"
"24462",2013-05-01,"May 2013","Row",39,"Scss","Starts"
"24462",2013-05-01,"May 2013","Apartment",902,"Scss","Starts"
"24462",2013-05-01,"May 2013","All",1414,"Scss","Starts"
"24462",2013-06-01,"Jun 2013","Single",373,"Scss","Starts"
"24462",2013-06-01,"Jun 2013","Semi-Detached",104,"Scss","Starts"
"24462",2013-06-01,"Jun 2013","Row",24,"Scss","Starts"
"24462",2013-06-01,"Jun 2013","Apartment",993,"Scss","Starts"
"24462",2013-06-01,"Jun 2013","All",1494,"Scss","Starts"
"24462",2013-07-01,"Jul 2013","Single",241,"Scss","Starts"
"24462",2013-07-01,"Jul 2013","Semi-Detached",62,"Scss","Starts"
"24462",2013-07-01,"Jul 2013","Row",37,"Scss","Starts"
"24462",2013-07-01,"Jul 2013","Apartment",1095,"Scss","Starts"
"24462",2013-07-01,"Jul 2013","All",1435,"Scss","Starts"
"24462",2013-08-01,"Aug 2013","Single",284,"Scss","Starts"
"24462",2013-08-01,"Aug 2013","Semi-Detached",60,"Scss","Starts"
"24462",2013-08-01,"Aug 2013","Row",19,"Scss","Starts"
"24462",2013-08-01,"Aug 2013","Apartment",906,"Scss","Starts"
"24462",2013-08-01,"Aug 2013","All",1269,"Scss","Starts"
"24462",2013-09-01,"Sep 2013","Single",264,"Scss","Starts"
"24462",2013-09-01,"Sep 2013","Semi-Detached",62,"Scss","Starts"
"24462",2013-09-01,"Sep 2013","Row",21,"Scss","Starts"
"24462",2013-09-01,"Sep 2013","Apartment",1154,"Scss","Starts"
"24462",2013-09-01,"Sep 2013","All",1501,"Scss","Starts"
"24462",2013-10-01,"Oct 2013","Single",298,"Scss","Starts"
"24462",2013-10-01,"Oct 2013","Semi-Detached",52,"Scss","Starts"
"24462",2013-10-01,"Oct 2013","Row",34,"Scss","Starts"
"24462",2013-10-01,"Oct 2013","Apartment",1048,"Scss","Starts"
"24462",2013-10-01,"Oct 2013","All",1432,"Scss","Starts"
"24462",2013-11-01,"Nov 2013","Single",288,"Scss","Starts"
"24462",2013-11-01,"Nov 2013","Semi-Detached",54,"Scss","Starts"
"24462",2013-11-01,"Nov 2013","Row",80,"Scss","Starts"
"24462",2013-11-01,"Nov 2013","Apartment",1127,"Scss","Starts"
"24462",2013-11-01,"Nov 2013","All",1549,"Scss","Starts"
"24462",2013-12-01,"Dec 2013","Single",266,"Scss","Starts"
"24462",2013-12-01,"Dec 2013","Semi-Detached",68,"Scss","Starts"
"24462",2013-12-01,"Dec 2013","Row",90,"Scss","Starts"
"24462",2013-12-01,"Dec 2013","Apartment",1376,"Scss","Starts"
"24462",2013-12-01,"Dec 2013","All",1800,"Scss","Starts"
"24462",2014-01-01,"Jan 2014","Single",121,"Scss","Starts"
"24462",2014-01-01,"Jan 2014","Semi-Detached",36,"Scss","Starts"
"24462",2014-01-01,"Jan 2014","Row",37,"Scss","Starts"
"24462",2014-01-01,"Jan 2014","Apartment",660,"Scss","Starts"
"24462",2014-01-01,"Jan 2014","All",854,"Scss","Starts"
"24462",2014-02-01,"Feb 2014","Single",123,"Scss","Starts"
"24462",2014-02-01,"Feb 2014","Semi-Detached",52,"Scss","Starts"
"24462",2014-02-01,"Feb 2014","Row",26,"Scss","Starts"
"24462",2014-02-01,"Feb 2014","Apartment",1426,"Scss","Starts"
"24462",2014-02-01,"Feb 2014","All",1627,"Scss","Starts"
"24462",2014-03-01,"Mar 2014","Single",177,"Scss","Starts"
"24462",2014-03-01,"Mar 2014","Semi-Detached",54,"Scss","Starts"
"24462",2014-03-01,"Mar 2014","Row",40,"Scss","Starts"
"24462",2014-03-01,"Mar 2014","Apartment",905,"Scss","Starts"
"24462",2014-03-01,"Mar 2014","All",1176,"Scss","Starts"
"24462",2014-04-01,"Apr 2014","Single",374,"Scss","Starts"
"24462",2014-04-01,"Apr 2014","Semi-Detached",116,"Scss","Starts"
"24462",2014-04-01,"Apr 2014","Row",108,"Scss","Starts"
"24462",2014-04-01,"Apr 2014","Apartment",1166,"Scss","Starts"
"24462",2014-04-01,"Apr 2014","All",1764,"Scss","Starts"
"24462",2014-05-01,"May 2014","Single",290,"Scss","Starts"
"24462",2014-05-01,"May 2014","Semi-Detached",70,"Scss","Starts"
"24462",2014-05-01,"May 2014","Row",86,"Scss","Starts"
"24462",2014-05-01,"May 2014","Apartment",1514,"Scss","Starts"
"24462",2014-05-01,"May 2014","All",1960,"Scss","Starts"
"24462",2014-06-01,"Jun 2014","Single",340,"Scss","Starts"
"24462",2014-06-01,"Jun 2014","Semi-Detached",64,"Scss","Starts"
"24462",2014-06-01,"Jun 2014","Row",57,"Scss","Starts"
"24462",2014-06-01,"Jun 2014","Apartment",1281,"Scss","Starts"
"24462",2014-06-01,"Jun 2014","All",1742,"Scss","Starts"
"24462",2014-07-01,"Jul 2014","Single",326,"Scss","Starts"
"24462",2014-07-01,"Jul 2014","Semi-Detached",82,"Scss","Starts"
"24462",2014-07-01,"Jul 2014","Row",104,"Scss","Starts"
"24462",2014-07-01,"Jul 2014","Apartment",1263,"Scss","Starts"
"24462",2014-07-01,"Jul 2014","All",1775,"Scss","Starts"
"24462",2014-08-01,"Aug 2014","Single",244,"Scss","Starts"
"24462",2014-08-01,"Aug 2014","Semi-Detached",52,"Scss","Starts"
"24462",2014-08-01,"Aug 2014","Row",87,"Scss","Starts"
"24462",2014-08-01,"Aug 2014","Apartment",617,"Scss","Starts"
"24462",2014-08-01,"Aug 2014","All",1000,"Scss","Starts"
"24462",2014-09-01,"Sep 2014","Single",250,"Scss","Starts"
"24462",2014-09-01,"Sep 2014","Semi-Detached",64,"Scss","Starts"
"24462",2014-09-01,"Sep 2014","Row",47,"Scss","Starts"
"24462",2014-09-01,"Sep 2014","Apartment",1219,"Scss","Starts"
"24462",2014-09-01,"Sep 2014","All",1580,"Scss","Starts"
"24462",2014-10-01,"Oct 2014","Single",247,"Scss","Starts"
"24462",2014-10-01,"Oct 2014","Semi-Detached",48,"Scss","Starts"
"24462",2014-10-01,"Oct 2014","Row",119,"Scss","Starts"
"24462",2014-10-01,"Oct 2014","Apartment",1308,"Scss","Starts"
"24462",2014-10-01,"Oct 2014","All",1722,"Scss","Starts"
"24462",2014-11-01,"Nov 2014","Single",247,"Scss","Starts"
"24462",2014-11-01,"Nov 2014","Semi-Detached",50,"Scss","Starts"
"24462",2014-11-01,"Nov 2014","Row",95,"Scss","Starts"
"24462",2014-11-01,"Nov 2014","Apartment",2162,"Scss","Starts"
"24462",2014-11-01,"Nov 2014","All",2554,"Scss","Starts"
"24462",2014-12-01,"Dec 2014","Single",195,"Scss","Starts"
"24462",2014-12-01,"Dec 2014","Semi-Detached",70,"Scss","Starts"
"24462",2014-12-01,"Dec 2014","Row",81,"Scss","Starts"
"24462",2014-12-01,"Dec 2014","Apartment",1212,"Scss","Starts"
"24462",2014-12-01,"Dec 2014","All",1558,"Scss","Starts"
"24462",2015-01-01,"Jan 2015","Single",87,"Scss","Starts"
"24462",2015-01-01,"Jan 2015","Semi-Detached",32,"Scss","Starts"
"24462",2015-01-01,"Jan 2015","Row",40,"Scss","Starts"
"24462",2015-01-01,"Jan 2015","Apartment",708,"Scss","Starts"
"24462",2015-01-01,"Jan 2015","All",867,"Scss","Starts"
"24462",2015-02-01,"Feb 2015","Single",94,"Scss","Starts"
"24462",2015-02-01,"Feb 2015","Semi-Detached",20,"Scss","Starts"
"24462",2015-02-01,"Feb 2015","Row",7,"Scss","Starts"
"24462",2015-02-01,"Feb 2015","Apartment",255,"Scss","Starts"
"24462",2015-02-01,"Feb 2015","All",376,"Scss","Starts"
"24462",2015-03-01,"Mar 2015","Single",164,"Scss","Starts"
"24462",2015-03-01,"Mar 2015","Semi-Detached",44,"Scss","Starts"
"24462",2015-03-01,"Mar 2015","Row",63,"Scss","Starts"
"24462",2015-03-01,"Mar 2015","Apartment",713,"Scss","Starts"
"24462",2015-03-01,"Mar 2015","All",984,"Scss","Starts"
"24462",2015-04-01,"Apr 2015","Single",224,"Scss","Starts"
"24462",2015-04-01,"Apr 2015","Semi-Detached",96,"Scss","Starts"
"24462",2015-04-01,"Apr 2015","Row",127,"Scss","Starts"
"24462",2015-04-01,"Apr 2015","Apartment",620,"Scss","Starts"
"24462",2015-04-01,"Apr 2015","All",1067,"Scss","Starts"
"24462",2015-05-01,"May 2015","Single",352,"Scss","Starts"
"24462",2015-05-01,"May 2015","Semi-Detached",66,"Scss","Starts"
"24462",2015-05-01,"May 2015","Row",70,"Scss","Starts"
"24462",2015-05-01,"May 2015","Apartment",885,"Scss","Starts"
"24462",2015-05-01,"May 2015","All",1373,"Scss","Starts"
"24462",2015-06-01,"Jun 2015","Single",312,"Scss","Starts"
"24462",2015-06-01,"Jun 2015","Semi-Detached",58,"Scss","Starts"
"24462",2015-06-01,"Jun 2015","Row",76,"Scss","Starts"
"24462",2015-06-01,"Jun 2015","Apartment",1782,"Scss","Starts"
"24462",2015-06-01,"Jun 2015","All",2228,"Scss","Starts"
"24462",2015-07-01,"Jul 2015","Single",291,"Scss","Starts"
"24462",2015-07-01,"Jul 2015","Semi-Detached",64,"Scss","Starts"
"24462",2015-07-01,"Jul 2015","Row",56,"Scss","Starts"
"24462",2015-07-01,"Jul 2015","Apartment",1826,"Scss","Starts"
"24462",2015-07-01,"Jul 2015","All",2237,"Scss","Starts"
"24462",2015-08-01,"Aug 2015","Single",192,"Scss","Starts"
"24462",2015-08-01,"Aug 2015","Semi-Detached",70,"Scss","Starts"
"24462",2015-08-01,"Aug 2015","Row",56,"Scss","Starts"
"24462",2015-08-01,"Aug 2015","Apartment",820,"Scss","Starts"
"24462",2015-08-01,"Aug 2015","All",1138,"Scss","Starts"
"24462",2015-09-01,"Sep 2015","Single",228,"Scss","Starts"
"24462",2015-09-01,"Sep 2015","Semi-Detached",62,"Scss","Starts"
"24462",2015-09-01,"Sep 2015","Row",107,"Scss","Starts"
"24462",2015-09-01,"Sep 2015","Apartment",2927,"Scss","Starts"
"24462",2015-09-01,"Sep 2015","All",3324,"Scss","Starts"
"24462",2015-10-01,"Oct 2015","Single",234,"Scss","Starts"
"24462",2015-10-01,"Oct 2015","Semi-Detached",50,"Scss","Starts"
"24462",2015-10-01,"Oct 2015","Row",75,"Scss","Starts"
"24462",2015-10-01,"Oct 2015","Apartment",1535,"Scss","Starts"
"24462",2015-10-01,"Oct 2015","All",1894,"Scss","Starts"
"24462",2015-11-01,"Nov 2015","Single",243,"Scss","Starts"
"24462",2015-11-01,"Nov 2015","Semi-Detached",72,"Scss","Starts"
"24462",2015-11-01,"Nov 2015","Row",65,"Scss","Starts"
"24462",2015-11-01,"Nov 2015","Apartment",1254,"Scss","Starts"
"24462",2015-11-01,"Nov 2015","All",1634,"Scss","Starts"
"24462",2015-12-01,"Dec 2015","Single",223,"Scss","Starts"
"24462",2015-12-01,"Dec 2015","Semi-Detached",70,"Scss","Starts"
"24462",2015-12-01,"Dec 2015","Row",97,"Scss","Starts"
"24462",2015-12-01,"Dec 2015","Apartment",1744,"Scss","Starts"
"24462",2015-12-01,"Dec 2015","All",2134,"Scss","Starts"
"24462",2016-01-01,"Jan 2016","Single",76,"Scss","Starts"
"24462",2016-01-01,"Jan 2016","Semi-Detached",20,"Scss","Starts"
"24462",2016-01-01,"Jan 2016","Row",72,"Scss","Starts"
"24462",2016-01-01,"Jan 2016","Apartment",697,"Scss","Starts"
"24462",2016-01-01,"Jan 2016","All",865,"Scss","Starts"
"24462",2016-02-01,"Feb 2016","Single",81,"Scss","Starts"
"24462",2016-02-01,"Feb 2016","Semi-Detached",44,"Scss","Starts"
"24462",2016-02-01,"Feb 2016","Row",50,"Scss","Starts"
"24462",2016-02-01,"Feb 2016","Apartment",957,"Scss","Starts"
"24462",2016-02-01,"Feb 2016","All",1132,"Scss","Starts"
"24462",2016-03-01,"Mar 2016","Single",190,"Scss","Starts"
"24462",2016-03-01,"Mar 2016","Semi-Detached",70,"Scss","Starts"
"24462",2016-03-01,"Mar 2016","Row",48,"Scss","Starts"
"24462",2016-03-01,"Mar 2016","Apartment",572,"Scss","Starts"
"24462",2016-03-01,"Mar 2016","All",880,"Scss","Starts"
"24462",2016-04-01,"Apr 2016","Single",293,"Scss","Starts"
"24462",2016-04-01,"Apr 2016","Semi-Detached",116,"Scss","Starts"
"24462",2016-04-01,"Apr 2016","Row",153,"Scss","Starts"
"24462",2016-04-01,"Apr 2016","Apartment",693,"Scss","Starts"
"24462",2016-04-01,"Apr 2016","All",1255,"Scss","Starts"
"24462",2016-05-01,"May 2016","Single",288,"Scss","Starts"
"24462",2016-05-01,"May 2016","Semi-Detached",78,"Scss","Starts"
"24462",2016-05-01,"May 2016","Row",138,"Scss","Starts"
"24462",2016-05-01,"May 2016","Apartment",1525,"Scss","Starts"
"24462",2016-05-01,"May 2016","All",2029,"Scss","Starts"
"24462",2016-06-01,"Jun 2016","Single",379,"Scss","Starts"
"24462",2016-06-01,"Jun 2016","Semi-Detached",84,"Scss","Starts"
"24462",2016-06-01,"Jun 2016","Row",120,"Scss","Starts"
"24462",2016-06-01,"Jun 2016","Apartment",1012,"Scss","Starts"
"24462",2016-06-01,"Jun 2016","All",1595,"Scss","Starts"
"24462",2016-07-01,"Jul 2016","Single",273,"Scss","Starts"
"24462",2016-07-01,"Jul 2016","Semi-Detached",84,"Scss","Starts"
"24462",2016-07-01,"Jul 2016","Row",91,"Scss","Starts"
"24462",2016-07-01,"Jul 2016","Apartment",918,"Scss","Starts"
"24462",2016-07-01,"Jul 2016","All",1366,"Scss","Starts"
"24462",2016-08-01,"Aug 2016","Single",141,"Scss","Starts"
"24462",2016-08-01,"Aug 2016","Semi-Detached",40,"Scss","Starts"
"24462",2016-08-01,"Aug 2016","Row",57,"Scss","Starts"
"24462",2016-08-01,"Aug 2016","Apartment",1229,"Scss","Starts"
"24462",2016-08-01,"Aug 2016","All",1467,"Scss","Starts"
"24462",2016-09-01,"Sep 2016","Single",303,"Scss","Starts"
"24462",2016-09-01,"Sep 2016","Semi-Detached",76,"Scss","Starts"
"24462",2016-09-01,"Sep 2016","Row",127,"Scss","Starts"
"24462",2016-09-01,"Sep 2016","Apartment",2511,"Scss","Starts"
"24462",2016-09-01,"Sep 2016","All",3017,"Scss","Starts"
"24462",2016-10-01,"Oct 2016","Single",256,"Scss","Starts"
"24462",2016-10-01,"Oct 2016","Semi-Detached",72,"Scss","Starts"
"24462",2016-10-01,"Oct 2016","Row",84,"Scss","Starts"
"24462",2016-10-01,"Oct 2016","Apartment",882,"Scss","Starts"
"24462",2016-10-01,"Oct 2016","All",1294,"Scss","Starts"
"24462",2016-11-01,"Nov 2016","Single",214,"Scss","Starts"
"24462",2016-11-01,"Nov 2016","Semi-Detached",86,"Scss","Starts"
"24462",2016-11-01,"Nov 2016","Row",112,"Scss","Starts"
"24462",2016-11-01,"Nov 2016","Apartment",1010,"Scss","Starts"
"24462",2016-11-01,"Nov 2016","All",1422,"Scss","Starts"
"24462",2016-12-01,"Dec 2016","Single",244,"Scss","Starts"
"24462",2016-12-01,"Dec 2016","Semi-Detached",68,"Scss","Starts"
"24462",2016-12-01,"Dec 2016","Row",149,"Scss","Starts"
"24462",2016-12-01,"Dec 2016","Apartment",1511,"Scss","Starts"
"24462",2016-12-01,"Dec 2016","All",1972,"Scss","Starts"
"24462",2017-01-01,"Jan 2017","Single",65,"Scss","Starts"
"24462",2017-01-01,"Jan 2017","Semi-Detached",24,"Scss","Starts"
"24462",2017-01-01,"Jan 2017","Row",33,"Scss","Starts"
"24462",2017-01-01,"Jan 2017","Apartment",685,"Scss","Starts"
"24462",2017-01-01,"Jan 2017","All",807,"Scss","Starts"
"24462",2017-02-01,"Feb 2017","Single",123,"Scss","Starts"
"24462",2017-02-01,"Feb 2017","Semi-Detached",52,"Scss","Starts"
"24462",2017-02-01,"Feb 2017","Row",37,"Scss","Starts"
"24462",2017-02-01,"Feb 2017","Apartment",1439,"Scss","Starts"
"24462",2017-02-01,"Feb 2017","All",1651,"Scss","Starts"
"24462",2017-03-01,"Mar 2017","Single",163,"Scss","Starts"
"24462",2017-03-01,"Mar 2017","Semi-Detached",90,"Scss","Starts"
"24462",2017-03-01,"Mar 2017","Row",109,"Scss","Starts"
"24462",2017-03-01,"Mar 2017","Apartment",1849,"Scss","Starts"
"24462",2017-03-01,"Mar 2017","All",2211,"Scss","Starts"
"24462",2017-04-01,"Apr 2017","Single",320,"Scss","Starts"
"24462",2017-04-01,"Apr 2017","Semi-Detached",94,"Scss","Starts"
"24462",2017-04-01,"Apr 2017","Row",104,"Scss","Starts"
"24462",2017-04-01,"Apr 2017","Apartment",1318,"Scss","Starts"
"24462",2017-04-01,"Apr 2017","All",1836,"Scss","Starts"
"24462",2017-05-01,"May 2017","Single",294,"Scss","Starts"
"24462",2017-05-01,"May 2017","Semi-Detached",94,"Scss","Starts"
"24462",2017-05-01,"May 2017","Row",200,"Scss","Starts"
"24462",2017-05-01,"May 2017","Apartment",1277,"Scss","Starts"
"24462",2017-05-01,"May 2017","All",1865,"Scss","Starts"
"24462",2017-06-01,"Jun 2017","Single",314,"Scss","Starts"
"24462",2017-06-01,"Jun 2017","Semi-Detached",90,"Scss","Starts"
"24462",2017-06-01,"Jun 2017","Row",98,"Scss","Starts"
"24462",2017-06-01,"Jun 2017","Apartment",933,"Scss","Starts"
"24462",2017-06-01,"Jun 2017","All",1435,"Scss","Starts"
"24462",2017-07-01,"Jul 2017","Single",275,"Scss","Starts"
"24462",2017-07-01,"Jul 2017","Semi-Detached",78,"Scss","Starts"
"24462",2017-07-01,"Jul 2017","Row",127,"Scss","Starts"
"24462",2017-07-01,"Jul 2017","Apartment",1348,"Scss","Starts"
"24462",2017-07-01,"Jul 2017","All",1828,"Scss","Starts"
"24462",2017-08-01,"Aug 2017","Single",189,"Scss","Starts"
"24462",2017-08-01,"Aug 2017","Semi-Detached",28,"Scss","Starts"
"24462",2017-08-01,"Aug 2017","Row",154,"Scss","Starts"
"24462",2017-08-01,"Aug 2017","Apartment",759,"Scss","Starts"
"24462",2017-08-01,"Aug 2017","All",1130,"Scss","Starts"
"24462",2017-09-01,"Sep 2017","Single",310,"Scss","Starts"
"24462",2017-09-01,"Sep 2017","Semi-Detached",76,"Scss","Starts"
"24462",2017-09-01,"Sep 2017","Row",100,"Scss","Starts"
"24462",2017-09-01,"Sep 2017","Apartment",2537,"Scss","Starts"
"24462",2017-09-01,"Sep 2017","All",3023,"Scss","Starts"
"24462",2017-10-01,"Oct 2017","Single",248,"Scss","Starts"
"24462",2017-10-01,"Oct 2017","Semi-Detached",76,"Scss","Starts"
"24462",2017-10-01,"Oct 2017","Row",109,"Scss","Starts"
"24462",2017-10-01,"Oct 2017","Apartment",2995,"Scss","Starts"
"24462",2017-10-01,"Oct 2017","All",3428,"Scss","Starts"
"24462",2017-11-01,"Nov 2017","Single",238,"Scss","Starts"
"24462",2017-11-01,"Nov 2017","Semi-Detached",54,"Scss","Starts"
"24462",2017-11-01,"Nov 2017","Row",113,"Scss","Starts"
"24462",2017-11-01,"Nov 2017","Apartment",1754,"Scss","Starts"
"24462",2017-11-01,"Nov 2017","All",2159,"Scss","Starts"
"24462",2017-12-01,"Dec 2017","Single",232,"Scss","Starts"
"24462",2017-12-01,"Dec 2017","Semi-Detached",56,"Scss","Starts"
"24462",2017-12-01,"Dec 2017","Row",134,"Scss","Starts"
"24462",2017-12-01,"Dec 2017","Apartment",2961,"Scss","Starts"
"24462",2017-12-01,"Dec 2017","All",3383,"Scss","Starts"
"24462",2018-01-01,"Jan 2018","Single",72,"Scss","Starts"
"24462",2018-01-01,"Jan 2018","Semi-Detached",26,"Scss","Starts"
"24462",2018-01-01,"Jan 2018","Row",47,"Scss","Starts"
"24462",2018-01-01,"Jan 2018","Apartment",640,"Scss","Starts"
"24462",2018-01-01,"Jan 2018","All",785,"Scss","Starts"
"24462",2018-02-01,"Feb 2018","Single",114,"Scss","Starts"
"24462",2018-02-01,"Feb 2018","Semi-Detached",58,"Scss","Starts"
"24462",2018-02-01,"Feb 2018","Row",52,"Scss","Starts"
"24462",2018-02-01,"Feb 2018","Apartment",1837,"Scss","Starts"
"24462",2018-02-01,"Feb 2018","All",2061,"Scss","Starts"
"24462",2018-03-01,"Mar 2018","Single",154,"Scss","Starts"
"24462",2018-03-01,"Mar 2018","Semi-Detached",84,"Scss","Starts"
"24462",2018-03-01,"Mar 2018","Row",170,"Scss","Starts"
"24462",2018-03-01,"Mar 2018","Apartment",1221,"Scss","Starts"
"24462",2018-03-01,"Mar 2018","All",1629,"Scss","Starts"
"24462",2018-04-01,"Apr 2018","Single",263,"Scss","Starts"
"24462",2018-04-01,"Apr 2018","Semi-Detached",124,"Scss","Starts"
"24462",2018-04-01,"Apr 2018","Row",196,"Scss","Starts"
"24462",2018-04-01,"Apr 2018","Apartment",2333,"Scss","Starts"
"24462",2018-04-01,"Apr 2018","All",2916,"Scss","Starts"
"24462",2018-05-01,"May 2018","Single",332,"Scss","Starts"
"24462",2018-05-01,"May 2018","Semi-Detached",94,"Scss","Starts"
"24462",2018-05-01,"May 2018","Row",113,"Scss","Starts"
"24462",2018-05-01,"May 2018","Apartment",1299,"Scss","Starts"
"24462",2018-05-01,"May 2018","All",1838,"Scss","Starts"
"24462",2018-06-01,"Jun 2018","Single",328,"Scss","Starts"
"24462",2018-06-01,"Jun 2018","Semi-Detached",74,"Scss","Starts"
"24462",2018-06-01,"Jun 2018","Row",125,"Scss","Starts"
"24462",2018-06-01,"Jun 2018","Apartment",2285,"Scss","Starts"
"24462",2018-06-01,"Jun 2018","All",2812,"Scss","Starts"
"24462",2018-07-01,"Jul 2018","Single",253,"Scss","Starts"
"24462",2018-07-01,"Jul 2018","Semi-Detached",54,"Scss","Starts"
"24462",2018-07-01,"Jul 2018","Row",82,"Scss","Starts"
"24462",2018-07-01,"Jul 2018","Apartment",1151,"Scss","Starts"
"24462",2018-07-01,"Jul 2018","All",1540,"Scss","Starts"
"24462",2018-08-01,"Aug 2018","Single",127,"Scss","Starts"
"24462",2018-08-01,"Aug 2018","Semi-Detached",28,"Scss","Starts"
"24462",2018-08-01,"Aug 2018","Row",88,"Scss","Starts"
"24462",2018-08-01,"Aug 2018","Apartment",682,"Scss","Starts"
"24462",2018-08-01,"Aug 2018","All",925,"Scss","Starts"
"24462",2018-09-01,"Sep 2018","Single",283,"Scss","Starts"
"24462",2018-09-01,"Sep 2018","Semi-Detached",87,"Scss","Starts"
"24462",2018-09-01,"Sep 2018","Row",136,"Scss","Starts"
"24462",2018-09-01,"Sep 2018","Apartment",1845,"Scss","Starts"
"24462",2018-09-01,"Sep 2018","All",2351,"Scss","Starts"
"24462",2018-10-01,"Oct 2018","Single",211,"Scss","Starts"
"24462",2018-10-01,"Oct 2018","Semi-Detached",72,"Scss","Starts"
"24462",2018-10-01,"Oct 2018","Row",134,"Scss","Starts"
"24462",2018-10-01,"Oct 2018","Apartment",2374,"Scss","Starts"
"24462",2018-10-01,"Oct 2018","All",2791,"Scss","Starts"
"24462",2018-11-01,"Nov 2018","Single",247,"Scss","Starts"
"24462",2018-11-01,"Nov 2018","Semi-Detached",70,"Scss","Starts"
"24462",2018-11-01,"Nov 2018","Row",104,"Scss","Starts"
"24462",2018-11-01,"Nov 2018","Apartment",2025,"Scss","Starts"
"24462",2018-11-01,"Nov 2018","All",2446,"Scss","Starts"
"24462",2018-12-01,"Dec 2018","Single",165,"Scss","Starts"
"24462",2018-12-01,"Dec 2018","Semi-Detached",58,"Scss","Starts"
"24462",2018-12-01,"Dec 2018","Row",106,"Scss","Starts"
"24462",2018-12-01,"Dec 2018","Apartment",2577,"Scss","Starts"
"24462",2018-12-01,"Dec 2018","All",2906,"Scss","Starts"
"24462",2019-01-01,"Jan 2019","Single",64,"Scss","Starts"
"24462",2019-01-01,"Jan 2019","Semi-Detached",18,"Scss","Starts"
"24462",2019-01-01,"Jan 2019","Row",50,"Scss","Starts"
"24462",2019-01-01,"Jan 2019","Apartment",1290,"Scss","Starts"
"24462",2019-01-01,"Jan 2019","All",1422,"Scss","Starts"
"24462",2019-02-01,"Feb 2019","Single",90,"Scss","Starts"
"24462",2019-02-01,"Feb 2019","Semi-Detached",34,"Scss","Starts"
"24462",2019-02-01,"Feb 2019","Row",40,"Scss","Starts"
"24462",2019-02-01,"Feb 2019","Apartment",926,"Scss","Starts"
"24462",2019-02-01,"Feb 2019","All",1090,"Scss","Starts"
"24462",2019-03-01,"Mar 2019","Single",143,"Scss","Starts"
"24462",2019-03-01,"Mar 2019","Semi-Detached",59,"Scss","Starts"
"24462",2019-03-01,"Mar 2019","Row",87,"Scss","Starts"
"24462",2019-03-01,"Mar 2019","Apartment",2288,"Scss","Starts"
"24462",2019-03-01,"Mar 2019","All",2577,"Scss","Starts"
"24462",2019-04-01,"Apr 2019","Single",242,"Scss","Starts"
"24462",2019-04-01,"Apr 2019","Semi-Detached",104,"Scss","Starts"
"24462",2019-04-01,"Apr 2019","Row",154,"Scss","Starts"
"24462",2019-04-01,"Apr 2019","Apartment",2078,"Scss","Starts"
"24462",2019-04-01,"Apr 2019","All",2578,"Scss","Starts"
"24462",2019-05-01,"May 2019","Single",284,"Scss","Starts"
"24462",2019-05-01,"May 2019","Semi-Detached",70,"Scss","Starts"
"24462",2019-05-01,"May 2019","Row",97,"Scss","Starts"
"24462",2019-05-01,"May 2019","Apartment",1786,"Scss","Starts"
"24462",2019-05-01,"May 2019","All",2237,"Scss","Starts"
"24462",2019-06-01,"Jun 2019","Single",273,"Scss","Starts"
"24462",2019-06-01,"Jun 2019","Semi-Detached",60,"Scss","Starts"
"24462",2019-06-01,"Jun 2019","Row",184,"Scss","Starts"
"24462",2019-06-01,"Jun 2019","Apartment",2915,"Scss","Starts"
"24462",2019-06-01,"Jun 2019","All",3432,"Scss","Starts"
"24462",2019-07-01,"Jul 2019","Single",247,"Scss","Starts"
"24462",2019-07-01,"Jul 2019","Semi-Detached",64,"Scss","Starts"
"24462",2019-07-01,"Jul 2019","Row",106,"Scss","Starts"
"24462",2019-07-01,"Jul 2019","Apartment",1697,"Scss","Starts"
"24462",2019-07-01,"Jul 2019","All",2114,"Scss","Starts"
"24462",2019-08-01,"Aug 2019","Single",172,"Scss","Starts"
"24462",2019-08-01,"Aug 2019","Semi-Detached",54,"Scss","Starts"
"24462",2019-08-01,"Aug 2019","Row",66,"Scss","Starts"
"24462",2019-08-01,"Aug 2019","Apartment",1739,"Scss","Starts"
"24462",2019-08-01,"Aug 2019","All",2031,"Scss","Starts"
"24462",2019-09-01,"Sep 2019","Single",223,"Scss","Starts"
"24462",2019-09-01,"Sep 2019","Semi-Detached",74,"Scss","Starts"
"24462",2019-09-01,"Sep 2019","Row",134,"Scss","Starts"
"24462",2019-09-01,"Sep 2019","Apartment",1203,"Scss","Starts"
"24462",2019-09-01,"Sep 2019","All",1634,"Scss","Starts"
"24462",2019-10-01,"Oct 2019","Single",221,"Scss","Starts"
"24462",2019-10-01,"Oct 2019","Semi-Detached",60,"Scss","Starts"
"24462",2019-10-01,"Oct 2019","Row",125,"Scss","Starts"
"24462",2019-10-01,"Oct 2019","Apartment",2243,"Scss","Starts"
"24462",2019-10-01,"Oct 2019","All",2649,"Scss","Starts"
"24462",2019-11-01,"Nov 2019","Single",250,"Scss","Starts"
"24462",2019-11-01,"Nov 2019","Semi-Detached",80,"Scss","Starts"
"24462",2019-11-01,"Nov 2019","Row",169,"Scss","Starts"
"24462",2019-11-01,"Nov 2019","Apartment",1298,"Scss","Starts"
"24462",2019-11-01,"Nov 2019","All",1797,"Scss","Starts"
"24462",2019-12-01,"Dec 2019","Single",160,"Scss","Starts"
"24462",2019-12-01,"Dec 2019","Semi-Detached",72,"Scss","Starts"
"24462",2019-12-01,"Dec 2019","Row",143,"Scss","Starts"
"24462",2019-12-01,"Dec 2019","Apartment",1176,"Scss","Starts"
"24462",2019-12-01,"Dec 2019","All",1551,"Scss","Starts"
"24462",2020-01-01,"Jan 2020","Single",91,"Scss","Starts"
"24462",2020-01-01,"Jan 2020","Semi-Detached",34,"Scss","Starts"
"24462",2020-01-01,"Jan 2020","Row",62,"Scss","Starts"
"24462",2020-01-01,"Jan 2020","Apartment",1920,"Scss","Starts"
"24462",2020-01-01,"Jan 2020","All",2107,"Scss","Starts"
"24462",2020-02-01,"Feb 2020","Single",113,"Scss","Starts"
"24462",2020-02-01,"Feb 2020","Semi-Detached",42,"Scss","Starts"
"24462",2020-02-01,"Feb 2020","Row",39,"Scss","Starts"
"24462",2020-02-01,"Feb 2020","Apartment",1249,"Scss","Starts"
"24462",2020-02-01,"Feb 2020","All",1443,"Scss","Starts"
"24462",2020-03-01,"Mar 2020","Single",130,"Scss","Starts"
"24462",2020-03-01,"Mar 2020","Semi-Detached",50,"Scss","Starts"
"24462",2020-03-01,"Mar 2020","Row",108,"Scss","Starts"
"24462",2020-03-01,"Mar 2020","Apartment",1170,"Scss","Starts"
"24462",2020-03-01,"Mar 2020","All",1458,"Scss","Starts"
"24462",2020-04-01,"Apr 2020","Single",0,"Scss","Starts"
"24462",2020-04-01,"Apr 2020","Semi-Detached",0,"Scss","Starts"
"24462",2020-04-01,"Apr 2020","Row",0,"Scss","Starts"
"24462",2020-04-01,"Apr 2020","Apartment",0,"Scss","Starts"
"24462",2020-04-01,"Apr 2020","All",0,"Scss","Starts"
"24462",2020-05-01,"May 2020","Single",406,"Scss","Starts"
"24462",2020-05-01,"May 2020","Semi-Detached",136,"Scss","Starts"
"24462",2020-05-01,"May 2020","Row",133,"Scss","Starts"
"24462",2020-05-01,"May 2020","Apartment",2233,"Scss","Starts"
"24462",2020-05-01,"May 2020","All",2908,"Scss","Starts"
"24462",2020-06-01,"Jun 2020","Single",266,"Scss","Starts"
"24462",2020-06-01,"Jun 2020","Semi-Detached",76,"Scss","Starts"
"24462",2020-06-01,"Jun 2020","Row",104,"Scss","Starts"
"24462",2020-06-01,"Jun 2020","Apartment",2914,"Scss","Starts"
"24462",2020-06-01,"Jun 2020","All",3360,"Scss","Starts"
"24462",2020-07-01,"Jul 2020","Single",259,"Scss","Starts"
"24462",2020-07-01,"Jul 2020","Semi-Detached",100,"Scss","Starts"
"24462",2020-07-01,"Jul 2020","Row",171,"Scss","Starts"
"24462",2020-07-01,"Jul 2020","Apartment",2505,"Scss","Starts"
"24462",2020-07-01,"Jul 2020","All",3035,"Scss","Starts"
"24462",2020-08-01,"Aug 2020","Single",170,"Scss","Starts"
"24462",2020-08-01,"Aug 2020","Semi-Detached",42,"Scss","Starts"
"24462",2020-08-01,"Aug 2020","Row",73,"Scss","Starts"
"24462",2020-08-01,"Aug 2020","Apartment",1869,"Scss","Starts"
"24462",2020-08-01,"Aug 2020","All",2154,"Scss","Starts"
"24462",2020-09-01,"Sep 2020","Single",318,"Scss","Starts"
"24462",2020-09-01,"Sep 2020","Semi-Detached",94,"Scss","Starts"
"24462",2020-09-01,"Sep 2020","Row",149,"Scss","Starts"
"24462",2020-09-01,"Sep 2020","Apartment",2267,"Scss","Starts"
"24462",2020-09-01,"Sep 2020","All",2828,"Scss","Starts"
"24462",2020-10-01,"Oct 2020","Single",300,"Scss","Starts"
"24462",2020-10-01,"Oct 2020","Semi-Detached",78,"Scss","Starts"
"24462",2020-10-01,"Oct 2020","Row",73,"Scss","Starts"
"24462",2020-10-01,"Oct 2020","Apartment",1644,"Scss","Starts"
"24462",2020-10-01,"Oct 2020","All",2095,"Scss","Starts"
"24462",2020-11-01,"Nov 2020","Single",281,"Scss","Starts"
"24462",2020-11-01,"Nov 2020","Semi-Detached",69,"Scss","Starts"
"24462",2020-11-01,"Nov 2020","Row",139,"Scss","Starts"
"24462",2020-11-01,"Nov 2020","Apartment",2602,"Scss","Starts"
"24462",2020-11-01,"Nov 2020","All",3091,"Scss","Starts"
"24462",2020-12-01,"Dec 2020","Single",159,"Scss","Starts"
"24462",2020-12-01,"Dec 2020","Semi-Detached",72,"Scss","Starts"
"24462",2020-12-01,"Dec 2020","Row",109,"Scss","Starts"
"24462",2020-12-01,"Dec 2020","Apartment",2455,"Scss","Starts"
"24462",2020-12-01,"Dec 2020","All",2795,"Scss","Starts"
"24462",2021-01-01,"Jan 2021","Single",231,"Scss","Starts"
"24462",2021-01-01,"Jan 2021","Semi-Detached",44,"Scss","Starts"
"24462",2021-01-01,"Jan 2021","Row",72,"Scss","Starts"
"24462",2021-01-01,"Jan 2021","Apartment",2206,"Scss","Starts"
"24462",2021-01-01,"Jan 2021","All",2553,"Scss","Starts"
"24462",2021-02-01,"Feb 2021","Single",130,"Scss","Starts"
"24462",2021-02-01,"Feb 2021","Semi-Detached",50,"Scss","Starts"
"24462",2021-02-01,"Feb 2021","Row",88,"Scss","Starts"
"24462",2021-02-01,"Feb 2021","Apartment",2791,"Scss","Starts"
"24462",2021-02-01,"Feb 2021","All",3059,"Scss","Starts"
"24462",2021-03-01,"Mar 2021","Single",257,"Scss","Starts"
"24462",2021-03-01,"Mar 2021","Semi-Detached",68,"Scss","Starts"
"24462",2021-03-01,"Mar 2021","Row",183,"Scss","Starts"
"24462",2021-03-01,"Mar 2021","Apartment",1960,"Scss","Starts"
"24462",2021-03-01,"Mar 2021","All",2468,"Scss","Starts"
"24462",2021-04-01,"Apr 2021","Single",386,"Scss","Starts"
"24462",2021-04-01,"Apr 2021","Semi-Detached",98,"Scss","Starts"
"24462",2021-04-01,"Apr 2021","Row",200,"Scss","Starts"
"24462",2021-04-01,"Apr 2021","Apartment",2796,"Scss","Starts"
"24462",2021-04-01,"Apr 2021","All",3480,"Scss","Starts"
"24462",2021-05-01,"May 2021","Single",308,"Scss","Starts"
"24462",2021-05-01,"May 2021","Semi-Detached",62,"Scss","Starts"
"24462",2021-05-01,"May 2021","Row",147,"Scss","Starts"
"24462",2021-05-01,"May 2021","Apartment",1920,"Scss","Starts"
"24462",2021-05-01,"May 2021","All",2437,"Scss","Starts"
"24462",2021-06-01,"Jun 2021","Single",301,"Scss","Starts"
"24462",2021-06-01,"Jun 2021","Semi-Detached",84,"Scss","Starts"
"24462",2021-06-01,"Jun 2021","Row",91,"Scss","Starts"
"24462",2021-06-01,"Jun 2021","Apartment",2848,"Scss","Starts"
"24462",2021-06-01,"Jun 2021","All",3324,"Scss","Starts"
"24462",2021-07-01,"Jul 2021","Single",271,"Scss","Starts"
"24462",2021-07-01,"Jul 2021","Semi-Detached",78,"Scss","Starts"
"24462",2021-07-01,"Jul 2021","Row",118,"Scss","Starts"
"24462",2021-07-01,"Jul 2021","Apartment",2143,"Scss","Starts"
"24462",2021-07-01,"Jul 2021","All",2610,"Scss","Starts"
"24462",2021-08-01,"Aug 2021","Single",155,"Scss","Starts"
"24462",2021-08-01,"Aug 2021","Semi-Detached",58,"Scss","Starts"
"24462",2021-08-01,"Aug 2021","Row",68,"Scss","Starts"
"24462",2021-08-01,"Aug 2021","Apartment",1856,"Scss","Starts"
"24462",2021-08-01,"Aug 2021","All",2137,"Scss","Starts"
"24462",2021-09-01,"Sep 2021","Single",261,"Scss","Starts"
"24462",2021-09-01,"Sep 2021","Semi-Detached",62,"Scss","Starts"
"24462",2021-09-01,"Sep 2021","Row",89,"Scss","Starts"
"24462",2021-09-01,"Sep 2021","Apartment",2501,"Scss","Starts"
"24462",2021-09-01,"Sep 2021","All",2913,"Scss","Starts"
"24462",2021-10-01,"Oct 2021","Single",241,"Scss","Starts"
"24462",2021-10-01,"Oct 2021","Semi-Detached",94,"Scss","Starts"
"24462",2021-10-01,"Oct 2021","Row",164,"Scss","Starts"
"24462",2021-10-01,"Oct 2021","Apartment",1912,"Scss","Starts"
"24462",2021-10-01,"Oct 2021","All",2411,"Scss","Starts"
"24462",2021-11-01,"Nov 2021","Single",256,"Scss","Starts"
"24462",2021-11-01,"Nov 2021","Semi-Detached",42,"Scss","Starts"
"24462",2021-11-01,"Nov 2021","Row",107,"Scss","Starts"
"24462",2021-11-01,"Nov 2021","Apartment",2686,"Scss","Starts"
"24462",2021-11-01,"Nov 2021","All",3091,"Scss","Starts"
"24462",2021-12-01,"Dec 2021","Single",104,"Scss","Starts"
"24462",2021-12-01,"Dec 2021","Semi-Detached",16,"Scss","Starts"
"24462",2021-12-01,"Dec 2021","Row",61,"Scss","Starts"
"24462",2021-12-01,"Dec 2021","Apartment",1679,"Scss","Starts"
"24462",2021-12-01,"Dec 2021","All",1860,"Scss","Starts"
"24462",2022-01-01,"Jan 2022","Single",87,"Scss","Starts"
"24462",2022-01-01,"Jan 2022","Semi-Detached",34,"Scss","Starts"
"24462",2022-01-01,"Jan 2022","Row",71,"Scss","Starts"
"24462",2022-01-01,"Jan 2022","Apartment",1813,"Scss","Starts"
"24462",2022-01-01,"Jan 2022","All",2005,"Scss","Starts"
"24462",2022-02-01,"Feb 2022","Single",102,"Scss","Starts"
"24462",2022-02-01,"Feb 2022","Semi-Detached",64,"Scss","Starts"
"24462",2022-02-01,"Feb 2022","Row",69,"Scss","Starts"
"24462",2022-02-01,"Feb 2022","Apartment",920,"Scss","Starts"
"24462",2022-02-01,"Feb 2022","All",1155,"Scss","Starts"
"24462",2022-03-01,"Mar 2022","Single",141,"Scss","Starts"
"24462",2022-03-01,"Mar 2022","Semi-Detached",50,"Scss","Starts"
"24462",2022-03-01,"Mar 2022","Row",94,"Scss","Starts"
"24462",2022-03-01,"Mar 2022","Apartment",1612,"Scss","Starts"
"24462",2022-03-01,"Mar 2022","All",1897,"Scss","Starts"
"24462",2022-04-01,"Apr 2022","Single",248,"Scss","Starts"
"24462",2022-04-01,"Apr 2022","Semi-Detached",66,"Scss","Starts"
"24462",2022-04-01,"Apr 2022","Row",152,"Scss","Starts"
"24462",2022-04-01,"Apr 2022","Apartment",2533,"Scss","Starts"
"24462",2022-04-01,"Apr 2022","All",2999,"Scss","Starts"
"24462",2022-05-01,"May 2022","Single",214,"Scss","Starts"
"24462",2022-05-01,"May 2022","Semi-Detached",68,"Scss","Starts"
"24462",2022-05-01,"May 2022","Row",65,"Scss","Starts"
"24462",2022-05-01,"May 2022","Apartment",2597,"Scss","Starts"
"24462",2022-05-01,"May 2022","All",2944,"Scss","Starts"
"24462",2022-06-01,"Jun 2022","Single",280,"Scss","Starts"
"24462",2022-06-01,"Jun 2022","Semi-Detached",56,"Scss","Starts"
"24462",2022-06-01,"Jun 2022","Row",118,"Scss","Starts"
"24462",2022-06-01,"Jun 2022","Apartment",2656,"Scss","Starts"
"24462",2022-06-01,"Jun 2022","All",3110,"Scss","Starts"
"24462",2022-07-01,"Jul 2022","Single",165,"Scss","Starts"
"24462",2022-07-01,"Jul 2022","Semi-Detached",54,"Scss","Starts"
"24462",2022-07-01,"Jul 2022","Row",67,"Scss","Starts"
"24462",2022-07-01,"Jul 2022","Apartment",1823,"Scss","Starts"
"24462",2022-07-01,"Jul 2022","All",2109,"Scss","Starts"
"24462",2022-08-01,"Aug 2022","Single",114,"Scss","Starts"
"24462",2022-08-01,"Aug 2022","Semi-Detached",8,"Scss","Starts"
"24462",2022-08-01,"Aug 2022","Row",29,"Scss","Starts"
"24462",2022-08-01,"Aug 2022","Apartment",1223,"Scss","Starts"
"24462",2022-08-01,"Aug 2022","All",1374,"Scss","Starts"
"24462",2022-09-01,"Sep 2022","Single",152,"Scss","Starts"
"24462",2022-09-01,"Sep 2022","Semi-Detached",58,"Scss","Starts"
"24462",2022-09-01,"Sep 2022","Row",40,"Scss","Starts"
"24462",2022-09-01,"Sep 2022","Apartment",1864,"Scss","Starts"
"24462",2022-09-01,"Sep 2022","All",2114,"Scss","Starts"
"24462",2022-10-01,"Oct 2022","Single",132,"Scss","Starts"
"24462",2022-10-01,"Oct 2022","Semi-Detached",22,"Scss","Starts"
"24462",2022-10-01,"Oct 2022","Row",54,"Scss","Starts"
"24462",2022-10-01,"Oct 2022","Apartment",2249,"Scss","Starts"
"24462",2022-10-01,"Oct 2022","All",2457,"Scss","Starts"
"24462",2022-11-01,"Nov 2022","Single",136,"Scss","Starts"
"24462",2022-11-01,"Nov 2022","Semi-Detached",28,"Scss","Starts"
"24462",2022-11-01,"Nov 2022","Row",26,"Scss","Starts"
"24462",2022-11-01,"Nov 2022","Apartment",819,"Scss","Starts"
"24462",2022-11-01,"Nov 2022","All",1009,"Scss","Starts"
"24462",2022-12-01,"Dec 2022","Single",62,"Scss","Starts"
"24462",2022-12-01,"Dec 2022","Semi-Detached",6,"Scss","Starts"
"24462",2022-12-01,"Dec 2022","Row",41,"Scss","Starts"
"24462",2022-12-01,"Dec 2022","Apartment",867,"Scss","Starts"
"24462",2022-12-01,"Dec 2022","All",976,"Scss","Starts"
"24462",2023-01-01,"Jan 2023","Single",68,"Scss","Starts"
"24462",2023-01-01,"Jan 2023","Semi-Detached",18,"Scss","Starts"
"24462",2023-01-01,"Jan 2023","Row",29,"Scss","Starts"
"24462",2023-01-01,"Jan 2023","Apartment",1161,"Scss","Starts"
"24462",2023-01-01,"Jan 2023","All",1276,"Scss","Starts"
"24462",2023-02-01,"Feb 2023","Single",49,"Scss","Starts"
"24462",2023-02-01,"Feb 2023","Semi-Detached",14,"Scss","Starts"
"24462",2023-02-01,"Feb 2023","Row",11,"Scss","Starts"
"24462",2023-02-01,"Feb 2023","Apartment",814,"Scss","Starts"
"24462",2023-02-01,"Feb 2023","All",888,"Scss","Starts"
"24462",2023-03-01,"Mar 2023","Single",61,"Scss","Starts"
"24462",2023-03-01,"Mar 2023","Semi-Detached",6,"Scss","Starts"
"24462",2023-03-01,"Mar 2023","Row",13,"Scss","Starts"
"24462",2023-03-01,"Mar 2023","Apartment",738,"Scss","Starts"
"24462",2023-03-01,"Mar 2023","All",818,"Scss","Starts"
"24462",2023-04-01,"Apr 2023","Single",86,"Scss","Starts"
"24462",2023-04-01,"Apr 2023","Semi-Detached",12,"Scss","Starts"
"24462",2023-04-01,"Apr 2023","Row",43,"Scss","Starts"
"24462",2023-04-01,"Apr 2023","Apartment",1096,"Scss","Starts"
"24462",2023-04-01,"Apr 2023","All",1237,"Scss","Starts"
"24462",2023-05-01,"May 2023","Single",90,"Scss","Starts"
"24462",2023-05-01,"May 2023","Semi-Detached",10,"Scss","Starts"
"24462",2023-05-01,"May 2023","Row",9,"Scss","Starts"
"24462",2023-05-01,"May 2023","Apartment",691,"Scss","Starts"
"24462",2023-05-01,"May 2023","All",800,"Scss","Starts"
"24462",2023-06-01,"Jun 2023","Single",134,"Scss","Starts"
"24462",2023-06-01,"Jun 2023","Semi-Detached",36,"Scss","Starts"
"24462",2023-06-01,"Jun 2023","Row",34,"Scss","Starts"
"24462",2023-06-01,"Jun 2023","Apartment",704,"Scss","Starts"
"24462",2023-06-01,"Jun 2023","All",908,"Scss","Starts"
"24462",2023-07-01,"Jul 2023","Single",118,"Scss","Starts"
"24462",2023-07-01,"Jul 2023","Semi-Detached",18,"Scss","Starts"
"24462",2023-07-01,"Jul 2023","Row",35,"Scss","Starts"
"24462",2023-07-01,"Jul 2023","Apartment",801,"Scss","Starts"
"24462",2023-07-01,"Jul 2023","All",972,"Scss","Starts"
"24462",2023-08-01,"Aug 2023","Single",62,"Scss","Starts"
"24462",2023-08-01,"Aug 2023","Semi-Detached",10,"Scss","Starts"
"24462",2023-08-01,"Aug 2023","Row",25,"Scss","Starts"
"24462",2023-08-01,"Aug 2023","Apartment",1199,"Scss","Starts"
"24462",2023-08-01,"Aug 2023","All",1296,"Scss","Starts"
"24462",2023-09-01,"Sep 2023","Single",99,"Scss","Starts"
"24462",2023-09-01,"Sep 2023","Semi-Detached",24,"Scss","Starts"
"24462",2023-09-01,"Sep 2023","Row",54,"Scss","Starts"
"24462",2023-09-01,"Sep 2023","Apartment",2505,"Scss","Starts"
"24462",2023-09-01,"Sep 2023","All",2682,"Scss","Starts"
"24462",2023-10-01,"Oct 2023","Single",112,"Scss","Starts"
"24462",2023-10-01,"Oct 2023","Semi-Detached",12,"Scss","Starts"
"24462",2023-10-01,"Oct 2023","Row",38,"Scss","Starts"
"24462",2023-10-01,"Oct 2023","Apartment",1378,"Scss","Starts"
"24462",2023-10-01,"Oct 2023","All",1540,"Scss","Starts"
"24462",2023-11-01,"Nov 2023","Single",103,"Scss","Starts"
"24462",2023-11-01,"Nov 2023","Semi-Detached",38,"Scss","Starts"
"24462",2023-11-01,"Nov 2023","Row",37,"Scss","Starts"
"24462",2023-11-01,"Nov 2023","Apartment",911,"Scss","Starts"
"24462",2023-11-01,"Nov 2023","All",1089,"Scss","Starts"
"24462",2023-12-01,"Dec 2023","Single",39,"Scss","Starts"
"24462",2023-12-01,"Dec 2023","Semi-Detached",10,"Scss","Starts"
"24462",2023-12-01,"Dec 2023","Row",14,"Scss","Starts"
"24462",2023-12-01,"Dec 2023","Apartment",1666,"Scss","Starts"
"24462",2023-12-01,"Dec 2023","All",1729,"Scss","Starts"
"24462",2024-01-01,"Jan 2024","Single",63,"Scss","Starts"
"24462",2024-01-01,"Jan 2024","Semi-Detached",10,"Scss","Starts"
"24462",2024-01-01,"Jan 2024","Row",20,"Scss","Starts"
"24462",2024-01-01,"Jan 2024","Apartment",1104,"Scss","Starts"
"24462",2024-01-01,"Jan 2024","All",1197,"Scss","Starts"
"24462",2024-02-01,"Feb 2024","Single",49,"Scss","Starts"
"24462",2024-02-01,"Feb 2024","Semi-Detached",16,"Scss","Starts"
"24462",2024-02-01,"Feb 2024","Row",14,"Scss","Starts"
"24462",2024-02-01,"Feb 2024","Apartment",729,"Scss","Starts"
"24462",2024-02-01,"Feb 2024","All",808,"Scss","Starts"
"24462",2024-03-01,"Mar 2024","Single",72,"Scss","Starts"
"24462",2024-03-01,"Mar 2024","Semi-Detached",28,"Scss","Starts"
"24462",2024-03-01,"Mar 2024","Row",41,"Scss","Starts"
"24462",2024-03-01,"Mar 2024","Apartment",669,"Scss","Starts"
"24462",2024-03-01,"Mar 2024","All",810,"Scss","Starts"
"24462",2024-04-01,"Apr 2024","Single",70,"Scss","Starts"
"24462",2024-04-01,"Apr 2024","Semi-Detached",26,"Scss","Starts"
"24462",2024-04-01,"Apr 2024","Row",56,"Scss","Starts"
"24462",2024-04-01,"Apr 2024","Apartment",1042,"Scss","Starts"
"24462",2024-04-01,"Apr 2024","All",1194,"Scss","Starts"
"24462",2024-05-01,"May 2024","Single",143,"Scss","Starts"
"24462",2024-05-01,"May 2024","Semi-Detached",32,"Scss","Starts"
"24462",2024-05-01,"May 2024","Row",71,"Scss","Starts"
"24462",2024-05-01,"May 2024","Apartment",2156,"Scss","Starts"
"24462",2024-05-01,"May 2024","All",2402,"Scss","Starts"
"24462",2024-06-01,"Jun 2024","Single",121,"Scss","Starts"
"24462",2024-06-01,"Jun 2024","Semi-Detached",16,"Scss","Starts"
"24462",2024-06-01,"Jun 2024","Row",37,"Scss","Starts"
"24462",2024-06-01,"Jun 2024","Apartment",2788,"Scss","Starts"
"24462",2024-06-01,"Jun 2024","All",2962,"Scss","Starts"
"24462",2024-07-01,"Jul 2024","Single",98,"Scss","Starts"
"24462",2024-07-01,"Jul 2024","Semi-Detached",24,"Scss","Starts"
"24462",2024-07-01,"Jul 2024","Row",24,"Scss","Starts"
"24462",2024-07-01,"Jul 2024","Apartment",621,"Scss","Starts"
"24462",2024-07-01,"Jul 2024","All",767,"Scss","Starts"
"24462",2024-08-01,"Aug 2024","Single",90,"Scss","Starts"
"24462",2024-08-01,"Aug 2024","Semi-Detached",24,"Scss","Starts"
"24462",2024-08-01,"Aug 2024","Row",6,"Scss","Starts"
"24462",2024-08-01,"Aug 2024","Apartment",1118,"Scss","Starts"
"24462",2024-08-01,"Aug 2024","All",1238,"Scss","Starts"
"24462",2024-09-01,"Sep 2024","Single",108,"Scss","Starts"
"24462",2024-09-01,"Sep 2024","Semi-Detached",14,"Scss","Starts"
"24462",2024-09-01,"Sep 2024","Row",57,"Scss","Starts"
"24462",2024-09-01,"Sep 2024","Apartment",932,"Scss","Starts"
"24462",2024-09-01,"Sep 2024","All",1111,"Scss","Starts"
"24462",2024-10-01,"Oct 2024","Single",122,"Scss","Starts"
"24462",2024-10-01,"Oct 2024","Semi-Detached",18,"Scss","Starts"
"24462",2024-10-01,"Oct 2024","Row",35,"Scss","Starts"
"24462",2024-10-01,"Oct 2024","Apartment",1217,"Scss","Starts"
"24462",2024-10-01,"Oct 2024","All",1392,"Scss","Starts"
"24462",2024-11-01,"Nov 2024","Single",119,"Scss","Starts"
"24462",2024-11-01,"Nov 2024","Semi-Detached",44,"Scss","Starts"
"24462",2024-11-01,"Nov 2024","Row",79,"Scss","Starts"
"24462",2024-11-01,"Nov 2024","Apartment",2407,"Scss","Starts"
"24462",2024-11-01,"Nov 2024","All",2649,"Scss","Starts"
"24462",2024-12-01,"Dec 2024","Single",52,"Scss","Starts"
"24462",2024-12-01,"Dec 2024","Semi-Detached",6,"Scss","Starts"
"24462",2024-12-01,"Dec 2024","Row",44,"Scss","Starts"
"24462",2024-12-01,"Dec 2024","Apartment",938,"Scss","Starts"
"24462",2024-12-01,"Dec 2024","All",1040,"Scss","Starts"
"24462",2025-01-01,"Jan 2025","Single",101,"Scss","Starts"
"24462",2025-01-01,"Jan 2025","Semi-Detached",66,"Scss","Starts"
"24462",2025-01-01,"Jan 2025","Row",80,"Scss","Starts"
"24462",2025-01-01,"Jan 2025","Apartment",2293,"Scss","Starts"
"24462",2025-01-01,"Jan 2025","All",2540,"Scss","Starts"
"24462",2025-02-01,"Feb 2025","Single",52,"Scss","Starts"
"24462",2025-02-01,"Feb 2025","Semi-Detached",6,"Scss","Starts"
"24462",2025-02-01,"Feb 2025","Row",67,"Scss","Starts"
"24462",2025-02-01,"Feb 2025","Apartment",732,"Scss","Starts"
"24462",2025-02-01,"Feb 2025","All",857,"Scss","Starts"
"24462",2025-03-01,"Mar 2025","Single",60,"Scss","Starts"
"24462",2025-03-01,"Mar 2025","Semi-Detached",14,"Scss","Starts"
"24462",2025-03-01,"Mar 2025","Row",39,"Scss","Starts"
"24462",2025-03-01,"Mar 2025","Apartment",1817,"Scss","Starts"
"24462",2025-03-01,"Mar 2025","All",1930,"Scss","Starts"
"24462",2025-04-01,"Apr 2025","Single",134,"Scss","Starts"
"24462",2025-04-01,"Apr 2025","Semi-Detached",26,"Scss","Starts"
"24462",2025-04-01,"Apr 2025","Row",64,"Scss","Starts"
"24462",2025-04-01,"Apr 2025","Apartment",1735,"Scss","Starts"
"24462",2025-04-01,"Apr 2025","All",1959,"Scss","Starts"
"24462",2025-05-01,"May 2025","Single",121,"Scss","Starts"
"24462",2025-05-01,"May 2025","Semi-Detached",26,"Scss","Starts"
"24462",2025-05-01,"May 2025","Row",114,"Scss","Starts"
"24462",2025-05-01,"May 2025","Apartment",2416,"Scss","Starts"
"24462",2025-05-01,"May 2025","All",2677,"Scss","Starts"
"24462",2025-06-01,"Jun 2025","Single",149,"Scss","Starts"
"24462",2025-06-01,"Jun 2025","Semi-Detached",41,"Scss","Starts"
"24462",2025-06-01,"Jun 2025","Row",62,"Scss","Starts"
"24462",2025-06-01,"Jun 2025","Apartment",2477,"Scss","Starts"
"24462",2025-06-01,"Jun 2025","All",2729,"Scss","Starts"
"24462",2025-07-01,"Jul 2025","Single",134,"Scss","Starts"
"24462",2025-07-01,"Jul 2025","Semi-Detached",50,"Scss","Starts"
"24462",2025-07-01,"Jul 2025","Row",101,"Scss","Starts"
"24462",2025-07-01,"Jul 2025","Apartment",2106,"Scss","Starts"
"24462",2025-07-01,"Jul 2025","All",2391,"Scss","Starts"
"24462",2025-08-01,"Aug 2025","Single",81,"Scss","Starts"
"24462",2025-08-01,"Aug 2025","Semi-Detached",15,"Scss","Starts"
"24462",2025-08-01,"Aug 2025","Row",27,"Scss","Starts"
"24462",2025-08-01,"Aug 2025","Apartment",1515,"Scss","Starts"
"24462",2025-08-01,"Aug 2025","All",1638,"Scss","Starts"
"24462",2025-09-01,"Sep 2025","Single",120,"Scss","Starts"
"24462",2025-09-01,"Sep 2025","Semi-Detached",46,"Scss","Starts"
"24462",2025-09-01,"Sep 2025","Row",81,"Scss","Starts"
"24462",2025-09-01,"Sep 2025","Apartment",2363,"Scss","Starts"
"24462",2025-09-01,"Sep 2025","All",2610,"Scss","Starts"
"24462",2025-10-01,"Oct 2025","Single",161,"Scss","Starts"
"24462",2025-10-01,"Oct 2025","Semi-Detached",36,"Scss","Starts"
"24462",2025-10-01,"Oct 2025","Row",81,"Scss","Starts"
"24462",2025-10-01,"Oct 2025","Apartment",2564,"Scss","Starts"
"24462",2025-10-01,"Oct 2025","All",2842,"Scss","Starts"
"24462",2025-11-01,"Nov 2025","Single",142,"Scss","Starts"
"24462",2025-11-01,"Nov 2025","Semi-Detached",34,"Scss","Starts"
"24462",2025-11-01,"Nov 2025","Row",61,"Scss","Starts"
"24462",2025-11-01,"Nov 2025","Apartment",3052,"Scss","Starts"
"24462",2025-11-01,"Nov 2025","All",3289,"Scss","Starts"
"24462",2025-12-01,"Dec 2025","Single",92,"Scss","Starts"
"24462",2025-12-01,"Dec 2025","Semi-Detached",14,"Scss","Starts"
"24462",2025-12-01,"Dec 2025","Row",56,"Scss","Starts"
"24462",2025-12-01,"Dec 2025","Apartment",2153,"Scss","Starts"
"24462",2025-12-01,"Dec 2025","All",2315,"Scss","Starts"
"24462",2026-01-01,"Jan 2026","Single",78,"Scss","Starts"
"24462",2026-01-01,"Jan 2026","Semi-Detached",14,"Scss","Starts"
"24462",2026-01-01,"Jan 2026","Row",58,"Scss","Starts"
"24462",2026-01-01,"Jan 2026","Apartment",1273,"Scss","Starts"
"24462",2026-01-01,"Jan 2026","All",1423,"Scss","Starts"
"24462",2026-02-01,"Feb 2026","Single",56,"Scss","Starts"
"24462",2026-02-01,"Feb 2026","Semi-Detached",18,"Scss","Starts"
"24462",2026-02-01,"Feb 2026","Row",55,"Scss","Starts"
"24462",2026-02-01,"Feb 2026","Apartment",882,"Scss","Starts"
"24462",2026-02-01,"Feb 2026","All",1011,"Scss","Starts"
