"GeoUID","Date","DateString","Dwelling Type","Value","Survey","Series"
"46602",1990-01-01,"Jan 1990","Single",172,"Scss","Unabsorbed Inventory"
"46602",1990-01-01,"Jan 1990","Semi-Detached",2,"Scss","Unabsorbed Inventory"
"46602",1990-01-01,"Jan 1990","Row",16,"Scss","Unabsorbed Inventory"
"46602",1990-01-01,"Jan 1990","Apartment",137,"Scss","Unabsorbed Inventory"
"46602",1990-01-01,"Jan 1990","All",327,"Scss","Unabsorbed Inventory"
"46602",1990-02-01,"Feb 1990","Single",166,"Scss","Unabsorbed Inventory"
"46602",1990-02-01,"Feb 1990","Semi-Detached",2,"Scss","Unabsorbed Inventory"
"46602",1990-02-01,"Feb 1990","Row",16,"Scss","Unabsorbed Inventory"
"46602",1990-02-01,"Feb 1990","Apartment",136,"Scss","Unabsorbed Inventory"
"46602",1990-02-01,"Feb 1990","All",320,"Scss","Unabsorbed Inventory"
"46602",1990-03-01,"Mar 1990","Single",161,"Scss","Unabsorbed Inventory"
"46602",1990-03-01,"Mar 1990","Semi-Detached",2,"Scss","Unabsorbed Inventory"
"46602",1990-03-01,"Mar 1990","Row",14,"Scss","Unabsorbed Inventory"
"46602",1990-03-01,"Mar 1990","Apartment",148,"Scss","Unabsorbed Inventory"
"46602",1990-03-01,"Mar 1990","All",325,"Scss","Unabsorbed Inventory"
"46602",1990-04-01,"Apr 1990","Single",148,"Scss","Unabsorbed Inventory"
"46602",1990-04-01,"Apr 1990","Semi-Detached",2,"Scss","Unabsorbed Inventory"
"46602",1990-04-01,"Apr 1990","Row",13,"Scss","Unabsorbed Inventory"
"46602",1990-04-01,"Apr 1990","Apartment",142,"Scss","Unabsorbed Inventory"
"46602",1990-04-01,"Apr 1990","All",305,"Scss","Unabsorbed Inventory"
"46602",1990-05-01,"May 1990","Single",142,"Scss","Unabsorbed Inventory"
"46602",1990-05-01,"May 1990","Semi-Detached",0,"Scss","Unabsorbed Inventory"
"46602",1990-05-01,"May 1990","Row",11,"Scss","Unabsorbed Inventory"
"46602",1990-05-01,"May 1990","Apartment",138,"Scss","Unabsorbed Inventory"
"46602",1990-05-01,"May 1990","All",291,"Scss","Unabsorbed Inventory"
"46602",1990-06-01,"Jun 1990","Single",132,"Scss","Unabsorbed Inventory"
"46602",1990-06-01,"Jun 1990","Semi-Detached",0,"Scss","Unabsorbed Inventory"
"46602",1990-06-01,"Jun 1990","Row",8,"Scss","Unabsorbed Inventory"
"46602",1990-06-01,"Jun 1990","Apartment",133,"Scss","Unabsorbed Inventory"
"46602",1990-06-01,"Jun 1990","All",273,"Scss","Unabsorbed Inventory"
"46602",1990-07-01,"Jul 1990","Single",157,"Scss","Unabsorbed Inventory"
"46602",1990-07-01,"Jul 1990","Semi-Detached",0,"Scss","Unabsorbed Inventory"
"46602",1990-07-01,"Jul 1990","Row",8,"Scss","Unabsorbed Inventory"
"46602",1990-07-01,"Jul 1990","Apartment",159,"Scss","Unabsorbed Inventory"
"46602",1990-07-01,"Jul 1990","All",324,"Scss","Unabsorbed Inventory"
"46602",1990-08-01,"Aug 1990","Single",172,"Scss","Unabsorbed Inventory"
"46602",1990-08-01,"Aug 1990","Semi-Detached",0,"Scss","Unabsorbed Inventory"
"46602",1990-08-01,"Aug 1990","Row",7,"Scss","Unabsorbed Inventory"
"46602",1990-08-01,"Aug 1990","Apartment",149,"Scss","Unabsorbed Inventory"
"46602",1990-08-01,"Aug 1990","All",328,"Scss","Unabsorbed Inventory"
"46602",1990-09-01,"Sep 1990","Single",168,"Scss","Unabsorbed Inventory"
"46602",1990-09-01,"Sep 1990","Semi-Detached",0,"Scss","Unabsorbed Inventory"
"46602",1990-09-01,"Sep 1990","Row",6,"Scss","Unabsorbed Inventory"
"46602",1990-09-01,"Sep 1990","Apartment",140,"Scss","Unabsorbed Inventory"
"46602",1990-09-01,"Sep 1990","All",314,"Scss","Unabsorbed Inventory"
"46602",1990-10-01,"Oct 1990","Single",181,"Scss","Unabsorbed Inventory"
"46602",1990-10-01,"Oct 1990","Semi-Detached",0,"Scss","Unabsorbed Inventory"
"46602",1990-10-01,"Oct 1990","Row",2,"Scss","Unabsorbed Inventory"
"46602",1990-10-01,"Oct 1990","Apartment",153,"Scss","Unabsorbed Inventory"
"46602",1990-10-01,"Oct 1990","All",336,"Scss","Unabsorbed Inventory"
"46602",1990-11-01,"Nov 1990","Single",154,"Scss","Unabsorbed Inventory"
"46602",1990-11-01,"Nov 1990","Semi-Detached",0,"Scss","Unabsorbed Inventory"
"46602",1990-11-01,"Nov 1990","Row",2,"Scss","Unabsorbed Inventory"
"46602",1990-11-01,"Nov 1990","Apartment",145,"Scss","Unabsorbed Inventory"
"46602",1990-11-01,"Nov 1990","All",301,"Scss","Unabsorbed Inventory"
"46602",1990-12-01,"Dec 1990","Single",144,"Scss","Unabsorbed Inventory"
"46602",1990-12-01,"Dec 1990","Semi-Detached",0,"Scss","Unabsorbed Inventory"
"46602",1990-12-01,"Dec 1990","Row",1,"Scss","Unabsorbed Inventory"
"46602",1990-12-01,"Dec 1990","Apartment",139,"Scss","Unabsorbed Inventory"
"46602",1990-12-01,"Dec 1990","All",284,"Scss","Unabsorbed Inventory"
"46602",1991-01-01,"Jan 1991","Single",136,"Scss","Unabsorbed Inventory"
"46602",1991-01-01,"Jan 1991","Semi-Detached",0,"Scss","Unabsorbed Inventory"
"46602",1991-01-01,"Jan 1991","Row",1,"Scss","Unabsorbed Inventory"
"46602",1991-01-01,"Jan 1991","Apartment",132,"Scss","Unabsorbed Inventory"
"46602",1991-01-01,"Jan 1991","All",269,"Scss","Unabsorbed Inventory"
"46602",1991-02-01,"Feb 1991","Single",136,"Scss","Unabsorbed Inventory"
"46602",1991-02-01,"Feb 1991","Semi-Detached",0,"Scss","Unabsorbed Inventory"
"46602",1991-02-01,"Feb 1991","Row",1,"Scss","Unabsorbed Inventory"
"46602",1991-02-01,"Feb 1991","Apartment",125,"Scss","Unabsorbed Inventory"
"46602",1991-02-01,"Feb 1991","All",262,"Scss","Unabsorbed Inventory"
"46602",1991-03-01,"Mar 1991","Single",128,"Scss","Unabsorbed Inventory"
"46602",1991-03-01,"Mar 1991","Semi-Detached",0,"Scss","Unabsorbed Inventory"
"46602",1991-03-01,"Mar 1991","Row",1,"Scss","Unabsorbed Inventory"
"46602",1991-03-01,"Mar 1991","Apartment",118,"Scss","Unabsorbed Inventory"
"46602",1991-03-01,"Mar 1991","All",247,"Scss","Unabsorbed Inventory"
"46602",1991-04-01,"Apr 1991","Single",115,"Scss","Unabsorbed Inventory"
"46602",1991-04-01,"Apr 1991","Semi-Detached",0,"Scss","Unabsorbed Inventory"
"46602",1991-04-01,"Apr 1991","Row",1,"Scss","Unabsorbed Inventory"
"46602",1991-04-01,"Apr 1991","Apartment",112,"Scss","Unabsorbed Inventory"
"46602",1991-04-01,"Apr 1991","All",228,"Scss","Unabsorbed Inventory"
"46602",1991-05-01,"May 1991","Single",120,"Scss","Unabsorbed Inventory"
"46602",1991-05-01,"May 1991","Semi-Detached",0,"Scss","Unabsorbed Inventory"
"46602",1991-05-01,"May 1991","Row",1,"Scss","Unabsorbed Inventory"
"46602",1991-05-01,"May 1991","Apartment",106,"Scss","Unabsorbed Inventory"
"46602",1991-05-01,"May 1991","All",227,"Scss","Unabsorbed Inventory"
"46602",1991-06-01,"Jun 1991","Single",98,"Scss","Unabsorbed Inventory"
"46602",1991-06-01,"Jun 1991","Semi-Detached",0,"Scss","Unabsorbed Inventory"
"46602",1991-06-01,"Jun 1991","Row",1,"Scss","Unabsorbed Inventory"
"46602",1991-06-01,"Jun 1991","Apartment",110,"Scss","Unabsorbed Inventory"
"46602",1991-06-01,"Jun 1991","All",209,"Scss","Unabsorbed Inventory"
"46602",1991-07-01,"Jul 1991","Single",106,"Scss","Unabsorbed Inventory"
"46602",1991-07-01,"Jul 1991","Semi-Detached",0,"Scss","Unabsorbed Inventory"
"46602",1991-07-01,"Jul 1991","Row",1,"Scss","Unabsorbed Inventory"
"46602",1991-07-01,"Jul 1991","Apartment",102,"Scss","Unabsorbed Inventory"
"46602",1991-07-01,"Jul 1991","All",209,"Scss","Unabsorbed Inventory"
"46602",1991-08-01,"Aug 1991","Single",112,"Scss","Unabsorbed Inventory"
"46602",1991-08-01,"Aug 1991","Semi-Detached",0,"Scss","Unabsorbed Inventory"
"46602",1991-08-01,"Aug 1991","Row",1,"Scss","Unabsorbed Inventory"
"46602",1991-08-01,"Aug 1991","Apartment",101,"Scss","Unabsorbed Inventory"
"46602",1991-08-01,"Aug 1991","All",214,"Scss","Unabsorbed Inventory"
"46602",1991-09-01,"Sep 1991","Single",137,"Scss","Unabsorbed Inventory"
"46602",1991-09-01,"Sep 1991","Semi-Detached",0,"Scss","Unabsorbed Inventory"
"46602",1991-09-01,"Sep 1991","Row",1,"Scss","Unabsorbed Inventory"
"46602",1991-09-01,"Sep 1991","Apartment",93,"Scss","Unabsorbed Inventory"
"46602",1991-09-01,"Sep 1991","All",231,"Scss","Unabsorbed Inventory"
"46602",1991-10-01,"Oct 1991","Single",132,"Scss","Unabsorbed Inventory"
"46602",1991-10-01,"Oct 1991","Semi-Detached",0,"Scss","Unabsorbed Inventory"
"46602",1991-10-01,"Oct 1991","Row",1,"Scss","Unabsorbed Inventory"
"46602",1991-10-01,"Oct 1991","Apartment",88,"Scss","Unabsorbed Inventory"
"46602",1991-10-01,"Oct 1991","All",221,"Scss","Unabsorbed Inventory"
"46602",1991-11-01,"Nov 1991","Single",133,"Scss","Unabsorbed Inventory"
"46602",1991-11-01,"Nov 1991","Semi-Detached",0,"Scss","Unabsorbed Inventory"
"46602",1991-11-01,"Nov 1991","Row",29,"Scss","Unabsorbed Inventory"
"46602",1991-11-01,"Nov 1991","Apartment",88,"Scss","Unabsorbed Inventory"
"46602",1991-11-01,"Nov 1991","All",250,"Scss","Unabsorbed Inventory"
"46602",1991-12-01,"Dec 1991","Single",130,"Scss","Unabsorbed Inventory"
"46602",1991-12-01,"Dec 1991","Semi-Detached",1,"Scss","Unabsorbed Inventory"
"46602",1991-12-01,"Dec 1991","Row",27,"Scss","Unabsorbed Inventory"
"46602",1991-12-01,"Dec 1991","Apartment",80,"Scss","Unabsorbed Inventory"
"46602",1991-12-01,"Dec 1991","All",238,"Scss","Unabsorbed Inventory"
"46602",1992-01-01,"Jan 1992","Single",118,"Scss","Unabsorbed Inventory"
"46602",1992-01-01,"Jan 1992","Semi-Detached",1,"Scss","Unabsorbed Inventory"
"46602",1992-01-01,"Jan 1992","Row",27,"Scss","Unabsorbed Inventory"
"46602",1992-01-01,"Jan 1992","Apartment",76,"Scss","Unabsorbed Inventory"
"46602",1992-01-01,"Jan 1992","All",222,"Scss","Unabsorbed Inventory"
"46602",1992-02-01,"Feb 1992","Single",115,"Scss","Unabsorbed Inventory"
"46602",1992-02-01,"Feb 1992","Semi-Detached",1,"Scss","Unabsorbed Inventory"
"46602",1992-02-01,"Feb 1992","Row",26,"Scss","Unabsorbed Inventory"
"46602",1992-02-01,"Feb 1992","Apartment",73,"Scss","Unabsorbed Inventory"
"46602",1992-02-01,"Feb 1992","All",215,"Scss","Unabsorbed Inventory"
"46602",1992-03-01,"Mar 1992","Single",125,"Scss","Unabsorbed Inventory"
"46602",1992-03-01,"Mar 1992","Semi-Detached",1,"Scss","Unabsorbed Inventory"
"46602",1992-03-01,"Mar 1992","Row",26,"Scss","Unabsorbed Inventory"
"46602",1992-03-01,"Mar 1992","Apartment",70,"Scss","Unabsorbed Inventory"
"46602",1992-03-01,"Mar 1992","All",222,"Scss","Unabsorbed Inventory"
"46602",1992-04-01,"Apr 1992","Single",108,"Scss","Unabsorbed Inventory"
"46602",1992-04-01,"Apr 1992","Semi-Detached",1,"Scss","Unabsorbed Inventory"
"46602",1992-04-01,"Apr 1992","Row",26,"Scss","Unabsorbed Inventory"
"46602",1992-04-01,"Apr 1992","Apartment",70,"Scss","Unabsorbed Inventory"
"46602",1992-04-01,"Apr 1992","All",205,"Scss","Unabsorbed Inventory"
"46602",1992-05-01,"May 1992","Single",119,"Scss","Unabsorbed Inventory"
"46602",1992-05-01,"May 1992","Semi-Detached",1,"Scss","Unabsorbed Inventory"
"46602",1992-05-01,"May 1992","Row",25,"Scss","Unabsorbed Inventory"
"46602",1992-05-01,"May 1992","Apartment",66,"Scss","Unabsorbed Inventory"
"46602",1992-05-01,"May 1992","All",211,"Scss","Unabsorbed Inventory"
"46602",1992-06-01,"Jun 1992","Single",115,"Scss","Unabsorbed Inventory"
"46602",1992-06-01,"Jun 1992","Semi-Detached",1,"Scss","Unabsorbed Inventory"
"46602",1992-06-01,"Jun 1992","Row",25,"Scss","Unabsorbed Inventory"
"46602",1992-06-01,"Jun 1992","Apartment",64,"Scss","Unabsorbed Inventory"
"46602",1992-06-01,"Jun 1992","All",205,"Scss","Unabsorbed Inventory"
"46602",1992-07-01,"Jul 1992","Single",110,"Scss","Unabsorbed Inventory"
"46602",1992-07-01,"Jul 1992","Semi-Detached",1,"Scss","Unabsorbed Inventory"
"46602",1992-07-01,"Jul 1992","Row",25,"Scss","Unabsorbed Inventory"
"46602",1992-07-01,"Jul 1992","Apartment",60,"Scss","Unabsorbed Inventory"
"46602",1992-07-01,"Jul 1992","All",196,"Scss","Unabsorbed Inventory"
"46602",1992-08-01,"Aug 1992","Single",114,"Scss","Unabsorbed Inventory"
"46602",1992-08-01,"Aug 1992","Semi-Detached",1,"Scss","Unabsorbed Inventory"
"46602",1992-08-01,"Aug 1992","Row",25,"Scss","Unabsorbed Inventory"
"46602",1992-08-01,"Aug 1992","Apartment",59,"Scss","Unabsorbed Inventory"
"46602",1992-08-01,"Aug 1992","All",199,"Scss","Unabsorbed Inventory"
"46602",1992-09-01,"Sep 1992","Single",127,"Scss","Unabsorbed Inventory"
"46602",1992-09-01,"Sep 1992","Semi-Detached",1,"Scss","Unabsorbed Inventory"
"46602",1992-09-01,"Sep 1992","Row",25,"Scss","Unabsorbed Inventory"
"46602",1992-09-01,"Sep 1992","Apartment",55,"Scss","Unabsorbed Inventory"
"46602",1992-09-01,"Sep 1992","All",208,"Scss","Unabsorbed Inventory"
"46602",1992-10-01,"Oct 1992","Single",151,"Scss","Unabsorbed Inventory"
"46602",1992-10-01,"Oct 1992","Semi-Detached",1,"Scss","Unabsorbed Inventory"
"46602",1992-10-01,"Oct 1992","Row",24,"Scss","Unabsorbed Inventory"
"46602",1992-10-01,"Oct 1992","Apartment",52,"Scss","Unabsorbed Inventory"
"46602",1992-10-01,"Oct 1992","All",228,"Scss","Unabsorbed Inventory"
"46602",1992-11-01,"Nov 1992","Single",147,"Scss","Unabsorbed Inventory"
"46602",1992-11-01,"Nov 1992","Semi-Detached",1,"Scss","Unabsorbed Inventory"
"46602",1992-11-01,"Nov 1992","Row",23,"Scss","Unabsorbed Inventory"
"46602",1992-11-01,"Nov 1992","Apartment",64,"Scss","Unabsorbed Inventory"
"46602",1992-11-01,"Nov 1992","All",235,"Scss","Unabsorbed Inventory"
"46602",1992-12-01,"Dec 1992","Single",129,"Scss","Unabsorbed Inventory"
"46602",1992-12-01,"Dec 1992","Semi-Detached",2,"Scss","Unabsorbed Inventory"
"46602",1992-12-01,"Dec 1992","Row",23,"Scss","Unabsorbed Inventory"
"46602",1992-12-01,"Dec 1992","Apartment",53,"Scss","Unabsorbed Inventory"
"46602",1992-12-01,"Dec 1992","All",207,"Scss","Unabsorbed Inventory"
"46602",1993-01-01,"Jan 1993","Single",128,"Scss","Unabsorbed Inventory"
"46602",1993-01-01,"Jan 1993","Semi-Detached",2,"Scss","Unabsorbed Inventory"
"46602",1993-01-01,"Jan 1993","Row",23,"Scss","Unabsorbed Inventory"
"46602",1993-01-01,"Jan 1993","Apartment",44,"Scss","Unabsorbed Inventory"
"46602",1993-01-01,"Jan 1993","All",197,"Scss","Unabsorbed Inventory"
"46602",1993-02-01,"Feb 1993","Single",145,"Scss","Unabsorbed Inventory"
"46602",1993-02-01,"Feb 1993","Semi-Detached",2,"Scss","Unabsorbed Inventory"
"46602",1993-02-01,"Feb 1993","Row",23,"Scss","Unabsorbed Inventory"
"46602",1993-02-01,"Feb 1993","Apartment",44,"Scss","Unabsorbed Inventory"
"46602",1993-02-01,"Feb 1993","All",214,"Scss","Unabsorbed Inventory"
"46602",1993-03-01,"Mar 1993","Single",143,"Scss","Unabsorbed Inventory"
"46602",1993-03-01,"Mar 1993","Semi-Detached",2,"Scss","Unabsorbed Inventory"
"46602",1993-03-01,"Mar 1993","Row",23,"Scss","Unabsorbed Inventory"
"46602",1993-03-01,"Mar 1993","Apartment",42,"Scss","Unabsorbed Inventory"
"46602",1993-03-01,"Mar 1993","All",210,"Scss","Unabsorbed Inventory"
"46602",1993-04-01,"Apr 1993","Single",128,"Scss","Unabsorbed Inventory"
"46602",1993-04-01,"Apr 1993","Semi-Detached",2,"Scss","Unabsorbed Inventory"
"46602",1993-04-01,"Apr 1993","Row",25,"Scss","Unabsorbed Inventory"
"46602",1993-04-01,"Apr 1993","Apartment",42,"Scss","Unabsorbed Inventory"
"46602",1993-04-01,"Apr 1993","All",197,"Scss","Unabsorbed Inventory"
"46602",1993-05-01,"May 1993","Single",121,"Scss","Unabsorbed Inventory"
"46602",1993-05-01,"May 1993","Semi-Detached",2,"Scss","Unabsorbed Inventory"
"46602",1993-05-01,"May 1993","Row",23,"Scss","Unabsorbed Inventory"
"46602",1993-05-01,"May 1993","Apartment",39,"Scss","Unabsorbed Inventory"
"46602",1993-05-01,"May 1993","All",185,"Scss","Unabsorbed Inventory"
"46602",1993-06-01,"Jun 1993","Single",159,"Scss","Unabsorbed Inventory"
"46602",1993-06-01,"Jun 1993","Semi-Detached",2,"Scss","Unabsorbed Inventory"
"46602",1993-06-01,"Jun 1993","Row",21,"Scss","Unabsorbed Inventory"
"46602",1993-06-01,"Jun 1993","Apartment",24,"Scss","Unabsorbed Inventory"
"46602",1993-06-01,"Jun 1993","All",206,"Scss","Unabsorbed Inventory"
"46602",1993-07-01,"Jul 1993","Single",164,"Scss","Unabsorbed Inventory"
"46602",1993-07-01,"Jul 1993","Semi-Detached",2,"Scss","Unabsorbed Inventory"
"46602",1993-07-01,"Jul 1993","Row",21,"Scss","Unabsorbed Inventory"
"46602",1993-07-01,"Jul 1993","Apartment",16,"Scss","Unabsorbed Inventory"
"46602",1993-07-01,"Jul 1993","All",203,"Scss","Unabsorbed Inventory"
"46602",1993-08-01,"Aug 1993","Single",162,"Scss","Unabsorbed Inventory"
"46602",1993-08-01,"Aug 1993","Semi-Detached",2,"Scss","Unabsorbed Inventory"
"46602",1993-08-01,"Aug 1993","Row",21,"Scss","Unabsorbed Inventory"
"46602",1993-08-01,"Aug 1993","Apartment",11,"Scss","Unabsorbed Inventory"
"46602",1993-08-01,"Aug 1993","All",196,"Scss","Unabsorbed Inventory"
"46602",1993-09-01,"Sep 1993","Single",156,"Scss","Unabsorbed Inventory"
"46602",1993-09-01,"Sep 1993","Semi-Detached",2,"Scss","Unabsorbed Inventory"
"46602",1993-09-01,"Sep 1993","Row",21,"Scss","Unabsorbed Inventory"
"46602",1993-09-01,"Sep 1993","Apartment",6,"Scss","Unabsorbed Inventory"
"46602",1993-09-01,"Sep 1993","All",185,"Scss","Unabsorbed Inventory"
"46602",1993-10-01,"Oct 1993","Single",169,"Scss","Unabsorbed Inventory"
"46602",1993-10-01,"Oct 1993","Semi-Detached",2,"Scss","Unabsorbed Inventory"
"46602",1993-10-01,"Oct 1993","Row",21,"Scss","Unabsorbed Inventory"
"46602",1993-10-01,"Oct 1993","Apartment",5,"Scss","Unabsorbed Inventory"
"46602",1993-10-01,"Oct 1993","All",197,"Scss","Unabsorbed Inventory"
"46602",1993-11-01,"Nov 1993","Single",187,"Scss","Unabsorbed Inventory"
"46602",1993-11-01,"Nov 1993","Semi-Detached",2,"Scss","Unabsorbed Inventory"
"46602",1993-11-01,"Nov 1993","Row",21,"Scss","Unabsorbed Inventory"
"46602",1993-11-01,"Nov 1993","Apartment",38,"Scss","Unabsorbed Inventory"
"46602",1993-11-01,"Nov 1993","All",248,"Scss","Unabsorbed Inventory"
"46602",1993-12-01,"Dec 1993","Single",213,"Scss","Unabsorbed Inventory"
"46602",1993-12-01,"Dec 1993","Semi-Detached",2,"Scss","Unabsorbed Inventory"
"46602",1993-12-01,"Dec 1993","Row",24,"Scss","Unabsorbed Inventory"
"46602",1993-12-01,"Dec 1993","Apartment",45,"Scss","Unabsorbed Inventory"
"46602",1993-12-01,"Dec 1993","All",284,"Scss","Unabsorbed Inventory"
"46602",1994-01-01,"Jan 1994","Single",207,"Scss","Unabsorbed Inventory"
"46602",1994-01-01,"Jan 1994","Semi-Detached",2,"Scss","Unabsorbed Inventory"
"46602",1994-01-01,"Jan 1994","Row",23,"Scss","Unabsorbed Inventory"
"46602",1994-01-01,"Jan 1994","Apartment",45,"Scss","Unabsorbed Inventory"
"46602",1994-01-01,"Jan 1994","All",277,"Scss","Unabsorbed Inventory"
"46602",1994-02-01,"Feb 1994","Single",198,"Scss","Unabsorbed Inventory"
"46602",1994-02-01,"Feb 1994","Semi-Detached",2,"Scss","Unabsorbed Inventory"
"46602",1994-02-01,"Feb 1994","Row",23,"Scss","Unabsorbed Inventory"
"46602",1994-02-01,"Feb 1994","Apartment",39,"Scss","Unabsorbed Inventory"
"46602",1994-02-01,"Feb 1994","All",262,"Scss","Unabsorbed Inventory"
"46602",1994-03-01,"Mar 1994","Single",185,"Scss","Unabsorbed Inventory"
"46602",1994-03-01,"Mar 1994","Semi-Detached",2,"Scss","Unabsorbed Inventory"
"46602",1994-03-01,"Mar 1994","Row",22,"Scss","Unabsorbed Inventory"
"46602",1994-03-01,"Mar 1994","Apartment",37,"Scss","Unabsorbed Inventory"
"46602",1994-03-01,"Mar 1994","All",246,"Scss","Unabsorbed Inventory"
"46602",1994-04-01,"Apr 1994","Single",169,"Scss","Unabsorbed Inventory"
"46602",1994-04-01,"Apr 1994","Semi-Detached",2,"Scss","Unabsorbed Inventory"
"46602",1994-04-01,"Apr 1994","Row",22,"Scss","Unabsorbed Inventory"
"46602",1994-04-01,"Apr 1994","Apartment",36,"Scss","Unabsorbed Inventory"
"46602",1994-04-01,"Apr 1994","All",229,"Scss","Unabsorbed Inventory"
"46602",1994-05-01,"May 1994","Single",153,"Scss","Unabsorbed Inventory"
"46602",1994-05-01,"May 1994","Semi-Detached",10,"Scss","Unabsorbed Inventory"
"46602",1994-05-01,"May 1994","Row",22,"Scss","Unabsorbed Inventory"
"46602",1994-05-01,"May 1994","Apartment",30,"Scss","Unabsorbed Inventory"
"46602",1994-05-01,"May 1994","All",215,"Scss","Unabsorbed Inventory"
"46602",1994-06-01,"Jun 1994","Single",145,"Scss","Unabsorbed Inventory"
"46602",1994-06-01,"Jun 1994","Semi-Detached",10,"Scss","Unabsorbed Inventory"
"46602",1994-06-01,"Jun 1994","Row",22,"Scss","Unabsorbed Inventory"
"46602",1994-06-01,"Jun 1994","Apartment",29,"Scss","Unabsorbed Inventory"
"46602",1994-06-01,"Jun 1994","All",206,"Scss","Unabsorbed Inventory"
"46602",1994-07-01,"Jul 1994","Single",145,"Scss","Unabsorbed Inventory"
"46602",1994-07-01,"Jul 1994","Semi-Detached",7,"Scss","Unabsorbed Inventory"
"46602",1994-07-01,"Jul 1994","Row",22,"Scss","Unabsorbed Inventory"
"46602",1994-07-01,"Jul 1994","Apartment",40,"Scss","Unabsorbed Inventory"
"46602",1994-07-01,"Jul 1994","All",214,"Scss","Unabsorbed Inventory"
"46602",1994-08-01,"Aug 1994","Single",155,"Scss","Unabsorbed Inventory"
"46602",1994-08-01,"Aug 1994","Semi-Detached",7,"Scss","Unabsorbed Inventory"
"46602",1994-08-01,"Aug 1994","Row",22,"Scss","Unabsorbed Inventory"
"46602",1994-08-01,"Aug 1994","Apartment",32,"Scss","Unabsorbed Inventory"
"46602",1994-08-01,"Aug 1994","All",216,"Scss","Unabsorbed Inventory"
"46602",1994-09-01,"Sep 1994","Single",183,"Scss","Unabsorbed Inventory"
"46602",1994-09-01,"Sep 1994","Semi-Detached",7,"Scss","Unabsorbed Inventory"
"46602",1994-09-01,"Sep 1994","Row",22,"Scss","Unabsorbed Inventory"
"46602",1994-09-01,"Sep 1994","Apartment",27,"Scss","Unabsorbed Inventory"
"46602",1994-09-01,"Sep 1994","All",239,"Scss","Unabsorbed Inventory"
"46602",1994-10-01,"Oct 1994","Single",211,"Scss","Unabsorbed Inventory"
"46602",1994-10-01,"Oct 1994","Semi-Detached",7,"Scss","Unabsorbed Inventory"
"46602",1994-10-01,"Oct 1994","Row",22,"Scss","Unabsorbed Inventory"
"46602",1994-10-01,"Oct 1994","Apartment",27,"Scss","Unabsorbed Inventory"
"46602",1994-10-01,"Oct 1994","All",267,"Scss","Unabsorbed Inventory"
"46602",1994-11-01,"Nov 1994","Single",234,"Scss","Unabsorbed Inventory"
"46602",1994-11-01,"Nov 1994","Semi-Detached",7,"Scss","Unabsorbed Inventory"
"46602",1994-11-01,"Nov 1994","Row",23,"Scss","Unabsorbed Inventory"
"46602",1994-11-01,"Nov 1994","Apartment",25,"Scss","Unabsorbed Inventory"
"46602",1994-11-01,"Nov 1994","All",289,"Scss","Unabsorbed Inventory"
"46602",1994-12-01,"Dec 1994","Single",224,"Scss","Unabsorbed Inventory"
"46602",1994-12-01,"Dec 1994","Semi-Detached",7,"Scss","Unabsorbed Inventory"
"46602",1994-12-01,"Dec 1994","Row",23,"Scss","Unabsorbed Inventory"
"46602",1994-12-01,"Dec 1994","Apartment",21,"Scss","Unabsorbed Inventory"
"46602",1994-12-01,"Dec 1994","All",275,"Scss","Unabsorbed Inventory"
"46602",1995-01-01,"Jan 1995","Single",213,"Scss","Unabsorbed Inventory"
"46602",1995-01-01,"Jan 1995","Semi-Detached",7,"Scss","Unabsorbed Inventory"
"46602",1995-01-01,"Jan 1995","Row",23,"Scss","Unabsorbed Inventory"
"46602",1995-01-01,"Jan 1995","Apartment",20,"Scss","Unabsorbed Inventory"
"46602",1995-01-01,"Jan 1995","All",263,"Scss","Unabsorbed Inventory"
"46602",1995-02-01,"Feb 1995","Single",201,"Scss","Unabsorbed Inventory"
"46602",1995-02-01,"Feb 1995","Semi-Detached",7,"Scss","Unabsorbed Inventory"
"46602",1995-02-01,"Feb 1995","Row",22,"Scss","Unabsorbed Inventory"
"46602",1995-02-01,"Feb 1995","Apartment",20,"Scss","Unabsorbed Inventory"
"46602",1995-02-01,"Feb 1995","All",250,"Scss","Unabsorbed Inventory"
"46602",1995-03-01,"Mar 1995","Single",205,"Scss","Unabsorbed Inventory"
"46602",1995-03-01,"Mar 1995","Semi-Detached",7,"Scss","Unabsorbed Inventory"
"46602",1995-03-01,"Mar 1995","Row",18,"Scss","Unabsorbed Inventory"
"46602",1995-03-01,"Mar 1995","Apartment",19,"Scss","Unabsorbed Inventory"
"46602",1995-03-01,"Mar 1995","All",249,"Scss","Unabsorbed Inventory"
"46602",1995-04-01,"Apr 1995","Single",199,"Scss","Unabsorbed Inventory"
"46602",1995-04-01,"Apr 1995","Semi-Detached",8,"Scss","Unabsorbed Inventory"
"46602",1995-04-01,"Apr 1995","Row",18,"Scss","Unabsorbed Inventory"
"46602",1995-04-01,"Apr 1995","Apartment",19,"Scss","Unabsorbed Inventory"
"46602",1995-04-01,"Apr 1995","All",244,"Scss","Unabsorbed Inventory"
"46602",1995-05-01,"May 1995","Single",269,"Scss","Unabsorbed Inventory"
"46602",1995-05-01,"May 1995","Semi-Detached",7,"Scss","Unabsorbed Inventory"
"46602",1995-05-01,"May 1995","Row",17,"Scss","Unabsorbed Inventory"
"46602",1995-05-01,"May 1995","Apartment",19,"Scss","Unabsorbed Inventory"
"46602",1995-05-01,"May 1995","All",312,"Scss","Unabsorbed Inventory"
"46602",1995-06-01,"Jun 1995","Single",299,"Scss","Unabsorbed Inventory"
"46602",1995-06-01,"Jun 1995","Semi-Detached",7,"Scss","Unabsorbed Inventory"
"46602",1995-06-01,"Jun 1995","Row",14,"Scss","Unabsorbed Inventory"
"46602",1995-06-01,"Jun 1995","Apartment",11,"Scss","Unabsorbed Inventory"
"46602",1995-06-01,"Jun 1995","All",331,"Scss","Unabsorbed Inventory"
"46602",1995-07-01,"Jul 1995","Single",317,"Scss","Unabsorbed Inventory"
"46602",1995-07-01,"Jul 1995","Semi-Detached",7,"Scss","Unabsorbed Inventory"
"46602",1995-07-01,"Jul 1995","Row",14,"Scss","Unabsorbed Inventory"
"46602",1995-07-01,"Jul 1995","Apartment",9,"Scss","Unabsorbed Inventory"
"46602",1995-07-01,"Jul 1995","All",347,"Scss","Unabsorbed Inventory"
"46602",1995-08-01,"Aug 1995","Single",319,"Scss","Unabsorbed Inventory"
"46602",1995-08-01,"Aug 1995","Semi-Detached",7,"Scss","Unabsorbed Inventory"
"46602",1995-08-01,"Aug 1995","Row",14,"Scss","Unabsorbed Inventory"
"46602",1995-08-01,"Aug 1995","Apartment",7,"Scss","Unabsorbed Inventory"
"46602",1995-08-01,"Aug 1995","All",347,"Scss","Unabsorbed Inventory"
"46602",1995-09-01,"Sep 1995","Single",329,"Scss","Unabsorbed Inventory"
"46602",1995-09-01,"Sep 1995","Semi-Detached",7,"Scss","Unabsorbed Inventory"
"46602",1995-09-01,"Sep 1995","Row",13,"Scss","Unabsorbed Inventory"
"46602",1995-09-01,"Sep 1995","Apartment",7,"Scss","Unabsorbed Inventory"
"46602",1995-09-01,"Sep 1995","All",356,"Scss","Unabsorbed Inventory"
"46602",1995-10-01,"Oct 1995","Single",281,"Scss","Unabsorbed Inventory"
"46602",1995-10-01,"Oct 1995","Semi-Detached",7,"Scss","Unabsorbed Inventory"
"46602",1995-10-01,"Oct 1995","Row",13,"Scss","Unabsorbed Inventory"
"46602",1995-10-01,"Oct 1995","Apartment",7,"Scss","Unabsorbed Inventory"
"46602",1995-10-01,"Oct 1995","All",308,"Scss","Unabsorbed Inventory"
"46602",1995-11-01,"Nov 1995","Single",266,"Scss","Unabsorbed Inventory"
"46602",1995-11-01,"Nov 1995","Semi-Detached",7,"Scss","Unabsorbed Inventory"
"46602",1995-11-01,"Nov 1995","Row",13,"Scss","Unabsorbed Inventory"
"46602",1995-11-01,"Nov 1995","Apartment",19,"Scss","Unabsorbed Inventory"
"46602",1995-11-01,"Nov 1995","All",305,"Scss","Unabsorbed Inventory"
"46602",1995-12-01,"Dec 1995","Single",246,"Scss","Unabsorbed Inventory"
"46602",1995-12-01,"Dec 1995","Semi-Detached",7,"Scss","Unabsorbed Inventory"
"46602",1995-12-01,"Dec 1995","Row",13,"Scss","Unabsorbed Inventory"
"46602",1995-12-01,"Dec 1995","Apartment",19,"Scss","Unabsorbed Inventory"
"46602",1995-12-01,"Dec 1995","All",285,"Scss","Unabsorbed Inventory"
"46602",1996-01-01,"Jan 1996","Single",232,"Scss","Unabsorbed Inventory"
"46602",1996-01-01,"Jan 1996","Semi-Detached",11,"Scss","Unabsorbed Inventory"
"46602",1996-01-01,"Jan 1996","Row",16,"Scss","Unabsorbed Inventory"
"46602",1996-01-01,"Jan 1996","Apartment",19,"Scss","Unabsorbed Inventory"
"46602",1996-01-01,"Jan 1996","All",278,"Scss","Unabsorbed Inventory"
"46602",1996-02-01,"Feb 1996","Single",210,"Scss","Unabsorbed Inventory"
"46602",1996-02-01,"Feb 1996","Semi-Detached",11,"Scss","Unabsorbed Inventory"
"46602",1996-02-01,"Feb 1996","Row",16,"Scss","Unabsorbed Inventory"
"46602",1996-02-01,"Feb 1996","Apartment",21,"Scss","Unabsorbed Inventory"
"46602",1996-02-01,"Feb 1996","All",258,"Scss","Unabsorbed Inventory"
"46602",1996-03-01,"Mar 1996","Single",204,"Scss","Unabsorbed Inventory"
"46602",1996-03-01,"Mar 1996","Semi-Detached",11,"Scss","Unabsorbed Inventory"
"46602",1996-03-01,"Mar 1996","Row",14,"Scss","Unabsorbed Inventory"
"46602",1996-03-01,"Mar 1996","Apartment",21,"Scss","Unabsorbed Inventory"
"46602",1996-03-01,"Mar 1996","All",250,"Scss","Unabsorbed Inventory"
"46602",1996-04-01,"Apr 1996","Single",204,"Scss","Unabsorbed Inventory"
"46602",1996-04-01,"Apr 1996","Semi-Detached",11,"Scss","Unabsorbed Inventory"
"46602",1996-04-01,"Apr 1996","Row",13,"Scss","Unabsorbed Inventory"
"46602",1996-04-01,"Apr 1996","Apartment",21,"Scss","Unabsorbed Inventory"
"46602",1996-04-01,"Apr 1996","All",249,"Scss","Unabsorbed Inventory"
"46602",1996-05-01,"May 1996","Single",192,"Scss","Unabsorbed Inventory"
"46602",1996-05-01,"May 1996","Semi-Detached",11,"Scss","Unabsorbed Inventory"
"46602",1996-05-01,"May 1996","Row",11,"Scss","Unabsorbed Inventory"
"46602",1996-05-01,"May 1996","Apartment",20,"Scss","Unabsorbed Inventory"
"46602",1996-05-01,"May 1996","All",234,"Scss","Unabsorbed Inventory"
"46602",1996-06-01,"Jun 1996","Single",194,"Scss","Unabsorbed Inventory"
"46602",1996-06-01,"Jun 1996","Semi-Detached",11,"Scss","Unabsorbed Inventory"
"46602",1996-06-01,"Jun 1996","Row",11,"Scss","Unabsorbed Inventory"
"46602",1996-06-01,"Jun 1996","Apartment",22,"Scss","Unabsorbed Inventory"
"46602",1996-06-01,"Jun 1996","All",238,"Scss","Unabsorbed Inventory"
"46602",1996-07-01,"Jul 1996","Single",161,"Scss","Unabsorbed Inventory"
"46602",1996-07-01,"Jul 1996","Semi-Detached",7,"Scss","Unabsorbed Inventory"
"46602",1996-07-01,"Jul 1996","Row",11,"Scss","Unabsorbed Inventory"
"46602",1996-07-01,"Jul 1996","Apartment",22,"Scss","Unabsorbed Inventory"
"46602",1996-07-01,"Jul 1996","All",201,"Scss","Unabsorbed Inventory"
"46602",1996-08-01,"Aug 1996","Single",147,"Scss","Unabsorbed Inventory"
"46602",1996-08-01,"Aug 1996","Semi-Detached",7,"Scss","Unabsorbed Inventory"
"46602",1996-08-01,"Aug 1996","Row",11,"Scss","Unabsorbed Inventory"
"46602",1996-08-01,"Aug 1996","Apartment",15,"Scss","Unabsorbed Inventory"
"46602",1996-08-01,"Aug 1996","All",180,"Scss","Unabsorbed Inventory"
"46602",1996-09-01,"Sep 1996","Single",148,"Scss","Unabsorbed Inventory"
"46602",1996-09-01,"Sep 1996","Semi-Detached",7,"Scss","Unabsorbed Inventory"
"46602",1996-09-01,"Sep 1996","Row",10,"Scss","Unabsorbed Inventory"
"46602",1996-09-01,"Sep 1996","Apartment",15,"Scss","Unabsorbed Inventory"
"46602",1996-09-01,"Sep 1996","All",180,"Scss","Unabsorbed Inventory"
"46602",1996-10-01,"Oct 1996","Single",140,"Scss","Unabsorbed Inventory"
"46602",1996-10-01,"Oct 1996","Semi-Detached",7,"Scss","Unabsorbed Inventory"
"46602",1996-10-01,"Oct 1996","Row",9,"Scss","Unabsorbed Inventory"
"46602",1996-10-01,"Oct 1996","Apartment",15,"Scss","Unabsorbed Inventory"
"46602",1996-10-01,"Oct 1996","All",171,"Scss","Unabsorbed Inventory"
"46602",1996-11-01,"Nov 1996","Single",123,"Scss","Unabsorbed Inventory"
"46602",1996-11-01,"Nov 1996","Semi-Detached",7,"Scss","Unabsorbed Inventory"
"46602",1996-11-01,"Nov 1996","Row",7,"Scss","Unabsorbed Inventory"
"46602",1996-11-01,"Nov 1996","Apartment",20,"Scss","Unabsorbed Inventory"
"46602",1996-11-01,"Nov 1996","All",157,"Scss","Unabsorbed Inventory"
"46602",1996-12-01,"Dec 1996","Single",112,"Scss","Unabsorbed Inventory"
"46602",1996-12-01,"Dec 1996","Semi-Detached",7,"Scss","Unabsorbed Inventory"
"46602",1996-12-01,"Dec 1996","Row",7,"Scss","Unabsorbed Inventory"
"46602",1996-12-01,"Dec 1996","Apartment",20,"Scss","Unabsorbed Inventory"
"46602",1996-12-01,"Dec 1996","All",146,"Scss","Unabsorbed Inventory"
"46602",1997-01-01,"Jan 1997","Single",101,"Scss","Unabsorbed Inventory"
"46602",1997-01-01,"Jan 1997","Semi-Detached",7,"Scss","Unabsorbed Inventory"
"46602",1997-01-01,"Jan 1997","Row",6,"Scss","Unabsorbed Inventory"
"46602",1997-01-01,"Jan 1997","Apartment",39,"Scss","Unabsorbed Inventory"
"46602",1997-01-01,"Jan 1997","All",153,"Scss","Unabsorbed Inventory"
"46602",1997-02-01,"Feb 1997","Single",91,"Scss","Unabsorbed Inventory"
"46602",1997-02-01,"Feb 1997","Semi-Detached",7,"Scss","Unabsorbed Inventory"
"46602",1997-02-01,"Feb 1997","Row",6,"Scss","Unabsorbed Inventory"
"46602",1997-02-01,"Feb 1997","Apartment",57,"Scss","Unabsorbed Inventory"
"46602",1997-02-01,"Feb 1997","All",161,"Scss","Unabsorbed Inventory"
"46602",1997-03-01,"Mar 1997","Single",148,"Scss","Unabsorbed Inventory"
"46602",1997-03-01,"Mar 1997","Semi-Detached",9,"Scss","Unabsorbed Inventory"
"46602",1997-03-01,"Mar 1997","Row",6,"Scss","Unabsorbed Inventory"
"46602",1997-03-01,"Mar 1997","Apartment",57,"Scss","Unabsorbed Inventory"
"46602",1997-03-01,"Mar 1997","All",220,"Scss","Unabsorbed Inventory"
"46602",1997-04-01,"Apr 1997","Single",141,"Scss","Unabsorbed Inventory"
"46602",1997-04-01,"Apr 1997","Semi-Detached",9,"Scss","Unabsorbed Inventory"
"46602",1997-04-01,"Apr 1997","Row",6,"Scss","Unabsorbed Inventory"
"46602",1997-04-01,"Apr 1997","Apartment",57,"Scss","Unabsorbed Inventory"
"46602",1997-04-01,"Apr 1997","All",213,"Scss","Unabsorbed Inventory"
"46602",1997-05-01,"May 1997","Single",143,"Scss","Unabsorbed Inventory"
"46602",1997-05-01,"May 1997","Semi-Detached",8,"Scss","Unabsorbed Inventory"
"46602",1997-05-01,"May 1997","Row",6,"Scss","Unabsorbed Inventory"
"46602",1997-05-01,"May 1997","Apartment",57,"Scss","Unabsorbed Inventory"
"46602",1997-05-01,"May 1997","All",214,"Scss","Unabsorbed Inventory"
"46602",1997-06-01,"Jun 1997","Single",122,"Scss","Unabsorbed Inventory"
"46602",1997-06-01,"Jun 1997","Semi-Detached",2,"Scss","Unabsorbed Inventory"
"46602",1997-06-01,"Jun 1997","Row",5,"Scss","Unabsorbed Inventory"
"46602",1997-06-01,"Jun 1997","Apartment",54,"Scss","Unabsorbed Inventory"
"46602",1997-06-01,"Jun 1997","All",183,"Scss","Unabsorbed Inventory"
"46602",1997-07-01,"Jul 1997","Single",133,"Scss","Unabsorbed Inventory"
"46602",1997-07-01,"Jul 1997","Semi-Detached",2,"Scss","Unabsorbed Inventory"
"46602",1997-07-01,"Jul 1997","Row",5,"Scss","Unabsorbed Inventory"
"46602",1997-07-01,"Jul 1997","Apartment",54,"Scss","Unabsorbed Inventory"
"46602",1997-07-01,"Jul 1997","All",194,"Scss","Unabsorbed Inventory"
"46602",1997-08-01,"Aug 1997","Single",154,"Scss","Unabsorbed Inventory"
"46602",1997-08-01,"Aug 1997","Semi-Detached",2,"Scss","Unabsorbed Inventory"
"46602",1997-08-01,"Aug 1997","Row",3,"Scss","Unabsorbed Inventory"
"46602",1997-08-01,"Aug 1997","Apartment",54,"Scss","Unabsorbed Inventory"
"46602",1997-08-01,"Aug 1997","All",213,"Scss","Unabsorbed Inventory"
"46602",1997-09-01,"Sep 1997","Single",186,"Scss","Unabsorbed Inventory"
"46602",1997-09-01,"Sep 1997","Semi-Detached",5,"Scss","Unabsorbed Inventory"
"46602",1997-09-01,"Sep 1997","Row",3,"Scss","Unabsorbed Inventory"
"46602",1997-09-01,"Sep 1997","Apartment",54,"Scss","Unabsorbed Inventory"
"46602",1997-09-01,"Sep 1997","All",248,"Scss","Unabsorbed Inventory"
"46602",1997-10-01,"Oct 1997","Single",202,"Scss","Unabsorbed Inventory"
"46602",1997-10-01,"Oct 1997","Semi-Detached",8,"Scss","Unabsorbed Inventory"
"46602",1997-10-01,"Oct 1997","Row",2,"Scss","Unabsorbed Inventory"
"46602",1997-10-01,"Oct 1997","Apartment",42,"Scss","Unabsorbed Inventory"
"46602",1997-10-01,"Oct 1997","All",254,"Scss","Unabsorbed Inventory"
"46602",1997-11-01,"Nov 1997","Single",190,"Scss","Unabsorbed Inventory"
"46602",1997-11-01,"Nov 1997","Semi-Detached",10,"Scss","Unabsorbed Inventory"
"46602",1997-11-01,"Nov 1997","Row",2,"Scss","Unabsorbed Inventory"
"46602",1997-11-01,"Nov 1997","Apartment",26,"Scss","Unabsorbed Inventory"
"46602",1997-11-01,"Nov 1997","All",228,"Scss","Unabsorbed Inventory"
"46602",1997-12-01,"Dec 1997","Single",145,"Scss","Unabsorbed Inventory"
"46602",1997-12-01,"Dec 1997","Semi-Detached",7,"Scss","Unabsorbed Inventory"
"46602",1997-12-01,"Dec 1997","Row",2,"Scss","Unabsorbed Inventory"
"46602",1997-12-01,"Dec 1997","Apartment",26,"Scss","Unabsorbed Inventory"
"46602",1997-12-01,"Dec 1997","All",180,"Scss","Unabsorbed Inventory"
"46602",1998-01-01,"Jan 1998","Single",146,"Scss","Unabsorbed Inventory"
"46602",1998-01-01,"Jan 1998","Semi-Detached",9,"Scss","Unabsorbed Inventory"
"46602",1998-01-01,"Jan 1998","Row",2,"Scss","Unabsorbed Inventory"
"46602",1998-01-01,"Jan 1998","Apartment",26,"Scss","Unabsorbed Inventory"
"46602",1998-01-01,"Jan 1998","All",183,"Scss","Unabsorbed Inventory"
"46602",1998-02-01,"Feb 1998","Single",138,"Scss","Unabsorbed Inventory"
"46602",1998-02-01,"Feb 1998","Semi-Detached",17,"Scss","Unabsorbed Inventory"
"46602",1998-02-01,"Feb 1998","Row",0,"Scss","Unabsorbed Inventory"
"46602",1998-02-01,"Feb 1998","Apartment",26,"Scss","Unabsorbed Inventory"
"46602",1998-02-01,"Feb 1998","All",181,"Scss","Unabsorbed Inventory"
"46602",1998-03-01,"Mar 1998","Single",157,"Scss","Unabsorbed Inventory"
"46602",1998-03-01,"Mar 1998","Semi-Detached",23,"Scss","Unabsorbed Inventory"
"46602",1998-03-01,"Mar 1998","Row",0,"Scss","Unabsorbed Inventory"
"46602",1998-03-01,"Mar 1998","Apartment",26,"Scss","Unabsorbed Inventory"
"46602",1998-03-01,"Mar 1998","All",206,"Scss","Unabsorbed Inventory"
"46602",1998-04-01,"Apr 1998","Single",171,"Scss","Unabsorbed Inventory"
"46602",1998-04-01,"Apr 1998","Semi-Detached",29,"Scss","Unabsorbed Inventory"
"46602",1998-04-01,"Apr 1998","Row",0,"Scss","Unabsorbed Inventory"
"46602",1998-04-01,"Apr 1998","Apartment",26,"Scss","Unabsorbed Inventory"
"46602",1998-04-01,"Apr 1998","All",226,"Scss","Unabsorbed Inventory"
"46602",1998-05-01,"May 1998","Single",169,"Scss","Unabsorbed Inventory"
"46602",1998-05-01,"May 1998","Semi-Detached",30,"Scss","Unabsorbed Inventory"
"46602",1998-05-01,"May 1998","Row",0,"Scss","Unabsorbed Inventory"
"46602",1998-05-01,"May 1998","Apartment",26,"Scss","Unabsorbed Inventory"
"46602",1998-05-01,"May 1998","All",225,"Scss","Unabsorbed Inventory"
"46602",1998-06-01,"Jun 1998","Single",158,"Scss","Unabsorbed Inventory"
"46602",1998-06-01,"Jun 1998","Semi-Detached",24,"Scss","Unabsorbed Inventory"
"46602",1998-06-01,"Jun 1998","Row",15,"Scss","Unabsorbed Inventory"
"46602",1998-06-01,"Jun 1998","Apartment",26,"Scss","Unabsorbed Inventory"
"46602",1998-06-01,"Jun 1998","All",223,"Scss","Unabsorbed Inventory"
"46602",1998-07-01,"Jul 1998","Single",157,"Scss","Unabsorbed Inventory"
"46602",1998-07-01,"Jul 1998","Semi-Detached",24,"Scss","Unabsorbed Inventory"
"46602",1998-07-01,"Jul 1998","Row",11,"Scss","Unabsorbed Inventory"
"46602",1998-07-01,"Jul 1998","Apartment",26,"Scss","Unabsorbed Inventory"
"46602",1998-07-01,"Jul 1998","All",218,"Scss","Unabsorbed Inventory"
"46602",1998-08-01,"Aug 1998","Single",166,"Scss","Unabsorbed Inventory"
"46602",1998-08-01,"Aug 1998","Semi-Detached",21,"Scss","Unabsorbed Inventory"
"46602",1998-08-01,"Aug 1998","Row",7,"Scss","Unabsorbed Inventory"
"46602",1998-08-01,"Aug 1998","Apartment",21,"Scss","Unabsorbed Inventory"
"46602",1998-08-01,"Aug 1998","All",215,"Scss","Unabsorbed Inventory"
"46602",1998-09-01,"Sep 1998","Single",180,"Scss","Unabsorbed Inventory"
"46602",1998-09-01,"Sep 1998","Semi-Detached",20,"Scss","Unabsorbed Inventory"
"46602",1998-09-01,"Sep 1998","Row",7,"Scss","Unabsorbed Inventory"
"46602",1998-09-01,"Sep 1998","Apartment",25,"Scss","Unabsorbed Inventory"
"46602",1998-09-01,"Sep 1998","All",232,"Scss","Unabsorbed Inventory"
"46602",1998-10-01,"Oct 1998","Single",168,"Scss","Unabsorbed Inventory"
"46602",1998-10-01,"Oct 1998","Semi-Detached",20,"Scss","Unabsorbed Inventory"
"46602",1998-10-01,"Oct 1998","Row",13,"Scss","Unabsorbed Inventory"
"46602",1998-10-01,"Oct 1998","Apartment",25,"Scss","Unabsorbed Inventory"
"46602",1998-10-01,"Oct 1998","All",226,"Scss","Unabsorbed Inventory"
"46602",1998-11-01,"Nov 1998","Single",172,"Scss","Unabsorbed Inventory"
"46602",1998-11-01,"Nov 1998","Semi-Detached",20,"Scss","Unabsorbed Inventory"
"46602",1998-11-01,"Nov 1998","Row",35,"Scss","Unabsorbed Inventory"
"46602",1998-11-01,"Nov 1998","Apartment",31,"Scss","Unabsorbed Inventory"
"46602",1998-11-01,"Nov 1998","All",258,"Scss","Unabsorbed Inventory"
"46602",1998-12-01,"Dec 1998","Single",154,"Scss","Unabsorbed Inventory"
"46602",1998-12-01,"Dec 1998","Semi-Detached",10,"Scss","Unabsorbed Inventory"
"46602",1998-12-01,"Dec 1998","Row",51,"Scss","Unabsorbed Inventory"
"46602",1998-12-01,"Dec 1998","Apartment",31,"Scss","Unabsorbed Inventory"
"46602",1998-12-01,"Dec 1998","All",246,"Scss","Unabsorbed Inventory"
"46602",1999-01-01,"Jan 1999","Single",166,"Scss","Unabsorbed Inventory"
"46602",1999-01-01,"Jan 1999","Semi-Detached",9,"Scss","Unabsorbed Inventory"
"46602",1999-01-01,"Jan 1999","Row",36,"Scss","Unabsorbed Inventory"
"46602",1999-01-01,"Jan 1999","Apartment",31,"Scss","Unabsorbed Inventory"
"46602",1999-01-01,"Jan 1999","All",242,"Scss","Unabsorbed Inventory"
"46602",1999-02-01,"Feb 1999","Single",154,"Scss","Unabsorbed Inventory"
"46602",1999-02-01,"Feb 1999","Semi-Detached",8,"Scss","Unabsorbed Inventory"
"46602",1999-02-01,"Feb 1999","Row",33,"Scss","Unabsorbed Inventory"
"46602",1999-02-01,"Feb 1999","Apartment",23,"Scss","Unabsorbed Inventory"
"46602",1999-02-01,"Feb 1999","All",218,"Scss","Unabsorbed Inventory"
"46602",1999-03-01,"Mar 1999","Single",148,"Scss","Unabsorbed Inventory"
"46602",1999-03-01,"Mar 1999","Semi-Detached",5,"Scss","Unabsorbed Inventory"
"46602",1999-03-01,"Mar 1999","Row",32,"Scss","Unabsorbed Inventory"
"46602",1999-03-01,"Mar 1999","Apartment",23,"Scss","Unabsorbed Inventory"
"46602",1999-03-01,"Mar 1999","All",208,"Scss","Unabsorbed Inventory"
"46602",1999-04-01,"Apr 1999","Single",143,"Scss","Unabsorbed Inventory"
"46602",1999-04-01,"Apr 1999","Semi-Detached",1,"Scss","Unabsorbed Inventory"
"46602",1999-04-01,"Apr 1999","Row",15,"Scss","Unabsorbed Inventory"
"46602",1999-04-01,"Apr 1999","Apartment",23,"Scss","Unabsorbed Inventory"
"46602",1999-04-01,"Apr 1999","All",182,"Scss","Unabsorbed Inventory"
"46602",1999-05-01,"May 1999","Single",140,"Scss","Unabsorbed Inventory"
"46602",1999-05-01,"May 1999","Semi-Detached",3,"Scss","Unabsorbed Inventory"
"46602",1999-05-01,"May 1999","Row",15,"Scss","Unabsorbed Inventory"
"46602",1999-05-01,"May 1999","Apartment",23,"Scss","Unabsorbed Inventory"
"46602",1999-05-01,"May 1999","All",181,"Scss","Unabsorbed Inventory"
"46602",1999-06-01,"Jun 1999","Single",117,"Scss","Unabsorbed Inventory"
"46602",1999-06-01,"Jun 1999","Semi-Detached",3,"Scss","Unabsorbed Inventory"
"46602",1999-06-01,"Jun 1999","Row",9,"Scss","Unabsorbed Inventory"
"46602",1999-06-01,"Jun 1999","Apartment",53,"Scss","Unabsorbed Inventory"
"46602",1999-06-01,"Jun 1999","All",182,"Scss","Unabsorbed Inventory"
"46602",1999-07-01,"Jul 1999","Single",115,"Scss","Unabsorbed Inventory"
"46602",1999-07-01,"Jul 1999","Semi-Detached",3,"Scss","Unabsorbed Inventory"
"46602",1999-07-01,"Jul 1999","Row",9,"Scss","Unabsorbed Inventory"
"46602",1999-07-01,"Jul 1999","Apartment",53,"Scss","Unabsorbed Inventory"
"46602",1999-07-01,"Jul 1999","All",180,"Scss","Unabsorbed Inventory"
"46602",1999-08-01,"Aug 1999","Single",101,"Scss","Unabsorbed Inventory"
"46602",1999-08-01,"Aug 1999","Semi-Detached",5,"Scss","Unabsorbed Inventory"
"46602",1999-08-01,"Aug 1999","Row",9,"Scss","Unabsorbed Inventory"
"46602",1999-08-01,"Aug 1999","Apartment",69,"Scss","Unabsorbed Inventory"
"46602",1999-08-01,"Aug 1999","All",184,"Scss","Unabsorbed Inventory"
"46602",1999-09-01,"Sep 1999","Single",127,"Scss","Unabsorbed Inventory"
"46602",1999-09-01,"Sep 1999","Semi-Detached",6,"Scss","Unabsorbed Inventory"
"46602",1999-09-01,"Sep 1999","Row",9,"Scss","Unabsorbed Inventory"
"46602",1999-09-01,"Sep 1999","Apartment",64,"Scss","Unabsorbed Inventory"
"46602",1999-09-01,"Sep 1999","All",206,"Scss","Unabsorbed Inventory"
"46602",1999-10-01,"Oct 1999","Single",139,"Scss","Unabsorbed Inventory"
"46602",1999-10-01,"Oct 1999","Semi-Detached",7,"Scss","Unabsorbed Inventory"
"46602",1999-10-01,"Oct 1999","Row",9,"Scss","Unabsorbed Inventory"
"46602",1999-10-01,"Oct 1999","Apartment",64,"Scss","Unabsorbed Inventory"
"46602",1999-10-01,"Oct 1999","All",219,"Scss","Unabsorbed Inventory"
"46602",1999-11-01,"Nov 1999","Single",137,"Scss","Unabsorbed Inventory"
"46602",1999-11-01,"Nov 1999","Semi-Detached",9,"Scss","Unabsorbed Inventory"
"46602",1999-11-01,"Nov 1999","Row",9,"Scss","Unabsorbed Inventory"
"46602",1999-11-01,"Nov 1999","Apartment",64,"Scss","Unabsorbed Inventory"
"46602",1999-11-01,"Nov 1999","All",219,"Scss","Unabsorbed Inventory"
"46602",1999-12-01,"Dec 1999","Single",133,"Scss","Unabsorbed Inventory"
"46602",1999-12-01,"Dec 1999","Semi-Detached",10,"Scss","Unabsorbed Inventory"
"46602",1999-12-01,"Dec 1999","Row",7,"Scss","Unabsorbed Inventory"
"46602",1999-12-01,"Dec 1999","Apartment",25,"Scss","Unabsorbed Inventory"
"46602",1999-12-01,"Dec 1999","All",175,"Scss","Unabsorbed Inventory"
"46602",2000-01-01,"Jan 2000","Single",123,"Scss","Unabsorbed Inventory"
"46602",2000-01-01,"Jan 2000","Semi-Detached",8,"Scss","Unabsorbed Inventory"
"46602",2000-01-01,"Jan 2000","Row",7,"Scss","Unabsorbed Inventory"
"46602",2000-01-01,"Jan 2000","Apartment",25,"Scss","Unabsorbed Inventory"
"46602",2000-01-01,"Jan 2000","All",163,"Scss","Unabsorbed Inventory"
"46602",2000-02-01,"Feb 2000","Single",128,"Scss","Unabsorbed Inventory"
"46602",2000-02-01,"Feb 2000","Semi-Detached",11,"Scss","Unabsorbed Inventory"
"46602",2000-02-01,"Feb 2000","Row",7,"Scss","Unabsorbed Inventory"
"46602",2000-02-01,"Feb 2000","Apartment",25,"Scss","Unabsorbed Inventory"
"46602",2000-02-01,"Feb 2000","All",171,"Scss","Unabsorbed Inventory"
"46602",2000-03-01,"Mar 2000","Single",130,"Scss","Unabsorbed Inventory"
"46602",2000-03-01,"Mar 2000","Semi-Detached",11,"Scss","Unabsorbed Inventory"
"46602",2000-03-01,"Mar 2000","Row",5,"Scss","Unabsorbed Inventory"
"46602",2000-03-01,"Mar 2000","Apartment",30,"Scss","Unabsorbed Inventory"
"46602",2000-03-01,"Mar 2000","All",176,"Scss","Unabsorbed Inventory"
"46602",2000-04-01,"Apr 2000","Single",123,"Scss","Unabsorbed Inventory"
"46602",2000-04-01,"Apr 2000","Semi-Detached",11,"Scss","Unabsorbed Inventory"
"46602",2000-04-01,"Apr 2000","Row",5,"Scss","Unabsorbed Inventory"
"46602",2000-04-01,"Apr 2000","Apartment",22,"Scss","Unabsorbed Inventory"
"46602",2000-04-01,"Apr 2000","All",161,"Scss","Unabsorbed Inventory"
"46602",2000-05-01,"May 2000","Single",131,"Scss","Unabsorbed Inventory"
"46602",2000-05-01,"May 2000","Semi-Detached",11,"Scss","Unabsorbed Inventory"
"46602",2000-05-01,"May 2000","Row",4,"Scss","Unabsorbed Inventory"
"46602",2000-05-01,"May 2000","Apartment",20,"Scss","Unabsorbed Inventory"
"46602",2000-05-01,"May 2000","All",166,"Scss","Unabsorbed Inventory"
"46602",2000-06-01,"Jun 2000","Single",130,"Scss","Unabsorbed Inventory"
"46602",2000-06-01,"Jun 2000","Semi-Detached",7,"Scss","Unabsorbed Inventory"
"46602",2000-06-01,"Jun 2000","Row",5,"Scss","Unabsorbed Inventory"
"46602",2000-06-01,"Jun 2000","Apartment",26,"Scss","Unabsorbed Inventory"
"46602",2000-06-01,"Jun 2000","All",168,"Scss","Unabsorbed Inventory"
"46602",2000-07-01,"Jul 2000","Single",141,"Scss","Unabsorbed Inventory"
"46602",2000-07-01,"Jul 2000","Semi-Detached",9,"Scss","Unabsorbed Inventory"
"46602",2000-07-01,"Jul 2000","Row",9,"Scss","Unabsorbed Inventory"
"46602",2000-07-01,"Jul 2000","Apartment",24,"Scss","Unabsorbed Inventory"
"46602",2000-07-01,"Jul 2000","All",183,"Scss","Unabsorbed Inventory"
"46602",2000-08-01,"Aug 2000","Single",141,"Scss","Unabsorbed Inventory"
"46602",2000-08-01,"Aug 2000","Semi-Detached",11,"Scss","Unabsorbed Inventory"
"46602",2000-08-01,"Aug 2000","Row",7,"Scss","Unabsorbed Inventory"
"46602",2000-08-01,"Aug 2000","Apartment",23,"Scss","Unabsorbed Inventory"
"46602",2000-08-01,"Aug 2000","All",182,"Scss","Unabsorbed Inventory"
"46602",2000-09-01,"Sep 2000","Single",161,"Scss","Unabsorbed Inventory"
"46602",2000-09-01,"Sep 2000","Semi-Detached",12,"Scss","Unabsorbed Inventory"
"46602",2000-09-01,"Sep 2000","Row",5,"Scss","Unabsorbed Inventory"
"46602",2000-09-01,"Sep 2000","Apartment",23,"Scss","Unabsorbed Inventory"
"46602",2000-09-01,"Sep 2000","All",201,"Scss","Unabsorbed Inventory"
"46602",2000-10-01,"Oct 2000","Single",177,"Scss","Unabsorbed Inventory"
"46602",2000-10-01,"Oct 2000","Semi-Detached",10,"Scss","Unabsorbed Inventory"
"46602",2000-10-01,"Oct 2000","Row",5,"Scss","Unabsorbed Inventory"
"46602",2000-10-01,"Oct 2000","Apartment",16,"Scss","Unabsorbed Inventory"
"46602",2000-10-01,"Oct 2000","All",208,"Scss","Unabsorbed Inventory"
"46602",2000-11-01,"Nov 2000","Single",184,"Scss","Unabsorbed Inventory"
"46602",2000-11-01,"Nov 2000","Semi-Detached",10,"Scss","Unabsorbed Inventory"
"46602",2000-11-01,"Nov 2000","Row",5,"Scss","Unabsorbed Inventory"
"46602",2000-11-01,"Nov 2000","Apartment",15,"Scss","Unabsorbed Inventory"
"46602",2000-11-01,"Nov 2000","All",214,"Scss","Unabsorbed Inventory"
"46602",2000-12-01,"Dec 2000","Single",189,"Scss","Unabsorbed Inventory"
"46602",2000-12-01,"Dec 2000","Semi-Detached",10,"Scss","Unabsorbed Inventory"
"46602",2000-12-01,"Dec 2000","Row",9,"Scss","Unabsorbed Inventory"
"46602",2000-12-01,"Dec 2000","Apartment",7,"Scss","Unabsorbed Inventory"
"46602",2000-12-01,"Dec 2000","All",215,"Scss","Unabsorbed Inventory"
"46602",2001-01-01,"Jan 2001","Single",163,"Scss","Unabsorbed Inventory"
"46602",2001-01-01,"Jan 2001","Semi-Detached",9,"Scss","Unabsorbed Inventory"
"46602",2001-01-01,"Jan 2001","Row",9,"Scss","Unabsorbed Inventory"
"46602",2001-01-01,"Jan 2001","Apartment",4,"Scss","Unabsorbed Inventory"
"46602",2001-01-01,"Jan 2001","All",185,"Scss","Unabsorbed Inventory"
"46602",2001-02-01,"Feb 2001","Single",154,"Scss","Unabsorbed Inventory"
"46602",2001-02-01,"Feb 2001","Semi-Detached",11,"Scss","Unabsorbed Inventory"
"46602",2001-02-01,"Feb 2001","Row",9,"Scss","Unabsorbed Inventory"
"46602",2001-02-01,"Feb 2001","Apartment",4,"Scss","Unabsorbed Inventory"
"46602",2001-02-01,"Feb 2001","All",178,"Scss","Unabsorbed Inventory"
"46602",2001-03-01,"Mar 2001","Single",176,"Scss","Unabsorbed Inventory"
"46602",2001-03-01,"Mar 2001","Semi-Detached",15,"Scss","Unabsorbed Inventory"
"46602",2001-03-01,"Mar 2001","Row",9,"Scss","Unabsorbed Inventory"
"46602",2001-03-01,"Mar 2001","Apartment",3,"Scss","Unabsorbed Inventory"
"46602",2001-03-01,"Mar 2001","All",203,"Scss","Unabsorbed Inventory"
"46602",2001-04-01,"Apr 2001","Single",164,"Scss","Unabsorbed Inventory"
"46602",2001-04-01,"Apr 2001","Semi-Detached",14,"Scss","Unabsorbed Inventory"
"46602",2001-04-01,"Apr 2001","Row",13,"Scss","Unabsorbed Inventory"
"46602",2001-04-01,"Apr 2001","Apartment",1,"Scss","Unabsorbed Inventory"
"46602",2001-04-01,"Apr 2001","All",192,"Scss","Unabsorbed Inventory"
"46602",2001-05-01,"May 2001","Single",175,"Scss","Unabsorbed Inventory"
"46602",2001-05-01,"May 2001","Semi-Detached",15,"Scss","Unabsorbed Inventory"
"46602",2001-05-01,"May 2001","Row",14,"Scss","Unabsorbed Inventory"
"46602",2001-05-01,"May 2001","Apartment",18,"Scss","Unabsorbed Inventory"
"46602",2001-05-01,"May 2001","All",222,"Scss","Unabsorbed Inventory"
"46602",2001-06-01,"Jun 2001","Single",163,"Scss","Unabsorbed Inventory"
"46602",2001-06-01,"Jun 2001","Semi-Detached",10,"Scss","Unabsorbed Inventory"
"46602",2001-06-01,"Jun 2001","Row",9,"Scss","Unabsorbed Inventory"
"46602",2001-06-01,"Jun 2001","Apartment",18,"Scss","Unabsorbed Inventory"
"46602",2001-06-01,"Jun 2001","All",200,"Scss","Unabsorbed Inventory"
"46602",2001-07-01,"Jul 2001","Single",144,"Scss","Unabsorbed Inventory"
"46602",2001-07-01,"Jul 2001","Semi-Detached",11,"Scss","Unabsorbed Inventory"
"46602",2001-07-01,"Jul 2001","Row",8,"Scss","Unabsorbed Inventory"
"46602",2001-07-01,"Jul 2001","Apartment",4,"Scss","Unabsorbed Inventory"
"46602",2001-07-01,"Jul 2001","All",167,"Scss","Unabsorbed Inventory"
"46602",2001-08-01,"Aug 2001","Single",118,"Scss","Unabsorbed Inventory"
"46602",2001-08-01,"Aug 2001","Semi-Detached",11,"Scss","Unabsorbed Inventory"
"46602",2001-08-01,"Aug 2001","Row",8,"Scss","Unabsorbed Inventory"
"46602",2001-08-01,"Aug 2001","Apartment",4,"Scss","Unabsorbed Inventory"
"46602",2001-08-01,"Aug 2001","All",141,"Scss","Unabsorbed Inventory"
"46602",2001-09-01,"Sep 2001","Single",141,"Scss","Unabsorbed Inventory"
"46602",2001-09-01,"Sep 2001","Semi-Detached",9,"Scss","Unabsorbed Inventory"
"46602",2001-09-01,"Sep 2001","Row",8,"Scss","Unabsorbed Inventory"
"46602",2001-09-01,"Sep 2001","Apartment",0,"Scss","Unabsorbed Inventory"
"46602",2001-09-01,"Sep 2001","All",158,"Scss","Unabsorbed Inventory"
"46602",2001-10-01,"Oct 2001","Single",158,"Scss","Unabsorbed Inventory"
"46602",2001-10-01,"Oct 2001","Semi-Detached",9,"Scss","Unabsorbed Inventory"
"46602",2001-10-01,"Oct 2001","Row",6,"Scss","Unabsorbed Inventory"
"46602",2001-10-01,"Oct 2001","Apartment",0,"Scss","Unabsorbed Inventory"
"46602",2001-10-01,"Oct 2001","All",173,"Scss","Unabsorbed Inventory"
"46602",2001-11-01,"Nov 2001","Single",159,"Scss","Unabsorbed Inventory"
"46602",2001-11-01,"Nov 2001","Semi-Detached",10,"Scss","Unabsorbed Inventory"
"46602",2001-11-01,"Nov 2001","Row",6,"Scss","Unabsorbed Inventory"
"46602",2001-11-01,"Nov 2001","Apartment",0,"Scss","Unabsorbed Inventory"
"46602",2001-11-01,"Nov 2001","All",175,"Scss","Unabsorbed Inventory"
"46602",2001-12-01,"Dec 2001","Single",148,"Scss","Unabsorbed Inventory"
"46602",2001-12-01,"Dec 2001","Semi-Detached",9,"Scss","Unabsorbed Inventory"
"46602",2001-12-01,"Dec 2001","Row",11,"Scss","Unabsorbed Inventory"
"46602",2001-12-01,"Dec 2001","Apartment",0,"Scss","Unabsorbed Inventory"
"46602",2001-12-01,"Dec 2001","All",168,"Scss","Unabsorbed Inventory"
"46602",2002-01-01,"Jan 2002","Single",122,"Scss","Unabsorbed Inventory"
"46602",2002-01-01,"Jan 2002","Semi-Detached",9,"Scss","Unabsorbed Inventory"
"46602",2002-01-01,"Jan 2002","Row",9,"Scss","Unabsorbed Inventory"
"46602",2002-01-01,"Jan 2002","Apartment",0,"Scss","Unabsorbed Inventory"
"46602",2002-01-01,"Jan 2002","All",140,"Scss","Unabsorbed Inventory"
"46602",2002-02-01,"Feb 2002","Single",118,"Scss","Unabsorbed Inventory"
"46602",2002-02-01,"Feb 2002","Semi-Detached",7,"Scss","Unabsorbed Inventory"
"46602",2002-02-01,"Feb 2002","Row",9,"Scss","Unabsorbed Inventory"
"46602",2002-02-01,"Feb 2002","Apartment",0,"Scss","Unabsorbed Inventory"
"46602",2002-02-01,"Feb 2002","All",134,"Scss","Unabsorbed Inventory"
"46602",2002-03-01,"Mar 2002","Single",109,"Scss","Unabsorbed Inventory"
"46602",2002-03-01,"Mar 2002","Semi-Detached",7,"Scss","Unabsorbed Inventory"
"46602",2002-03-01,"Mar 2002","Row",8,"Scss","Unabsorbed Inventory"
"46602",2002-03-01,"Mar 2002","Apartment",0,"Scss","Unabsorbed Inventory"
"46602",2002-03-01,"Mar 2002","All",124,"Scss","Unabsorbed Inventory"
"46602",2002-04-01,"Apr 2002","Single",105,"Scss","Unabsorbed Inventory"
"46602",2002-04-01,"Apr 2002","Semi-Detached",8,"Scss","Unabsorbed Inventory"
"46602",2002-04-01,"Apr 2002","Row",7,"Scss","Unabsorbed Inventory"
"46602",2002-04-01,"Apr 2002","Apartment",4,"Scss","Unabsorbed Inventory"
"46602",2002-04-01,"Apr 2002","All",124,"Scss","Unabsorbed Inventory"
"46602",2002-05-01,"May 2002","Single",136,"Scss","Unabsorbed Inventory"
"46602",2002-05-01,"May 2002","Semi-Detached",8,"Scss","Unabsorbed Inventory"
"46602",2002-05-01,"May 2002","Row",7,"Scss","Unabsorbed Inventory"
"46602",2002-05-01,"May 2002","Apartment",0,"Scss","Unabsorbed Inventory"
"46602",2002-05-01,"May 2002","All",151,"Scss","Unabsorbed Inventory"
"46602",2002-06-01,"Jun 2002","Single",213,"Scss","Unabsorbed Inventory"
"46602",2002-06-01,"Jun 2002","Semi-Detached",18,"Scss","Unabsorbed Inventory"
"46602",2002-06-01,"Jun 2002","Row",7,"Scss","Unabsorbed Inventory"
"46602",2002-06-01,"Jun 2002","Apartment",0,"Scss","Unabsorbed Inventory"
"46602",2002-06-01,"Jun 2002","All",238,"Scss","Unabsorbed Inventory"
"46602",2002-07-01,"Jul 2002","Single",119,"Scss","Unabsorbed Inventory"
"46602",2002-07-01,"Jul 2002","Semi-Detached",8,"Scss","Unabsorbed Inventory"
"46602",2002-07-01,"Jul 2002","Row",21,"Scss","Unabsorbed Inventory"
"46602",2002-07-01,"Jul 2002","Apartment",0,"Scss","Unabsorbed Inventory"
"46602",2002-07-01,"Jul 2002","All",148,"Scss","Unabsorbed Inventory"
"46602",2002-08-01,"Aug 2002","Single",103,"Scss","Unabsorbed Inventory"
"46602",2002-08-01,"Aug 2002","Semi-Detached",3,"Scss","Unabsorbed Inventory"
"46602",2002-08-01,"Aug 2002","Row",17,"Scss","Unabsorbed Inventory"
"46602",2002-08-01,"Aug 2002","Apartment",0,"Scss","Unabsorbed Inventory"
"46602",2002-08-01,"Aug 2002","All",123,"Scss","Unabsorbed Inventory"
"46602",2002-09-01,"Sep 2002","Single",130,"Scss","Unabsorbed Inventory"
"46602",2002-09-01,"Sep 2002","Semi-Detached",5,"Scss","Unabsorbed Inventory"
"46602",2002-09-01,"Sep 2002","Row",15,"Scss","Unabsorbed Inventory"
"46602",2002-09-01,"Sep 2002","Apartment",0,"Scss","Unabsorbed Inventory"
"46602",2002-09-01,"Sep 2002","All",150,"Scss","Unabsorbed Inventory"
"46602",2002-10-01,"Oct 2002","Single",143,"Scss","Unabsorbed Inventory"
"46602",2002-10-01,"Oct 2002","Semi-Detached",4,"Scss","Unabsorbed Inventory"
"46602",2002-10-01,"Oct 2002","Row",15,"Scss","Unabsorbed Inventory"
"46602",2002-10-01,"Oct 2002","Apartment",0,"Scss","Unabsorbed Inventory"
"46602",2002-10-01,"Oct 2002","All",162,"Scss","Unabsorbed Inventory"
"46602",2002-11-01,"Nov 2002","Single",123,"Scss","Unabsorbed Inventory"
"46602",2002-11-01,"Nov 2002","Semi-Detached",8,"Scss","Unabsorbed Inventory"
"46602",2002-11-01,"Nov 2002","Row",14,"Scss","Unabsorbed Inventory"
"46602",2002-11-01,"Nov 2002","Apartment",0,"Scss","Unabsorbed Inventory"
"46602",2002-11-01,"Nov 2002","All",145,"Scss","Unabsorbed Inventory"
"46602",2002-12-01,"Dec 2002","Single",90,"Scss","Unabsorbed Inventory"
"46602",2002-12-01,"Dec 2002","Semi-Detached",4,"Scss","Unabsorbed Inventory"
"46602",2002-12-01,"Dec 2002","Row",14,"Scss","Unabsorbed Inventory"
"46602",2002-12-01,"Dec 2002","Apartment",0,"Scss","Unabsorbed Inventory"
"46602",2002-12-01,"Dec 2002","All",108,"Scss","Unabsorbed Inventory"
"46602",2003-01-01,"Jan 2003","Single",89,"Scss","Unabsorbed Inventory"
"46602",2003-01-01,"Jan 2003","Semi-Detached",3,"Scss","Unabsorbed Inventory"
"46602",2003-01-01,"Jan 2003","Row",14,"Scss","Unabsorbed Inventory"
"46602",2003-01-01,"Jan 2003","Apartment",0,"Scss","Unabsorbed Inventory"
"46602",2003-01-01,"Jan 2003","All",106,"Scss","Unabsorbed Inventory"
"46602",2003-02-01,"Feb 2003","Single",90,"Scss","Unabsorbed Inventory"
"46602",2003-02-01,"Feb 2003","Semi-Detached",2,"Scss","Unabsorbed Inventory"
"46602",2003-02-01,"Feb 2003","Row",14,"Scss","Unabsorbed Inventory"
"46602",2003-02-01,"Feb 2003","Apartment",0,"Scss","Unabsorbed Inventory"
"46602",2003-02-01,"Feb 2003","All",106,"Scss","Unabsorbed Inventory"
"46602",2003-03-01,"Mar 2003","Single",93,"Scss","Unabsorbed Inventory"
"46602",2003-03-01,"Mar 2003","Semi-Detached",3,"Scss","Unabsorbed Inventory"
"46602",2003-03-01,"Mar 2003","Row",13,"Scss","Unabsorbed Inventory"
"46602",2003-03-01,"Mar 2003","Apartment",0,"Scss","Unabsorbed Inventory"
"46602",2003-03-01,"Mar 2003","All",109,"Scss","Unabsorbed Inventory"
"46602",2003-04-01,"Apr 2003","Single",108,"Scss","Unabsorbed Inventory"
"46602",2003-04-01,"Apr 2003","Semi-Detached",3,"Scss","Unabsorbed Inventory"
"46602",2003-04-01,"Apr 2003","Row",5,"Scss","Unabsorbed Inventory"
"46602",2003-04-01,"Apr 2003","Apartment",0,"Scss","Unabsorbed Inventory"
"46602",2003-04-01,"Apr 2003","All",116,"Scss","Unabsorbed Inventory"
"46602",2003-05-01,"May 2003","Single",124,"Scss","Unabsorbed Inventory"
"46602",2003-05-01,"May 2003","Semi-Detached",3,"Scss","Unabsorbed Inventory"
"46602",2003-05-01,"May 2003","Row",3,"Scss","Unabsorbed Inventory"
"46602",2003-05-01,"May 2003","Apartment",0,"Scss","Unabsorbed Inventory"
"46602",2003-05-01,"May 2003","All",130,"Scss","Unabsorbed Inventory"
"46602",2003-06-01,"Jun 2003","Single",132,"Scss","Unabsorbed Inventory"
"46602",2003-06-01,"Jun 2003","Semi-Detached",10,"Scss","Unabsorbed Inventory"
"46602",2003-06-01,"Jun 2003","Row",7,"Scss","Unabsorbed Inventory"
"46602",2003-06-01,"Jun 2003","Apartment",0,"Scss","Unabsorbed Inventory"
"46602",2003-06-01,"Jun 2003","All",149,"Scss","Unabsorbed Inventory"
"46602",2003-07-01,"Jul 2003","Single",138,"Scss","Unabsorbed Inventory"
"46602",2003-07-01,"Jul 2003","Semi-Detached",5,"Scss","Unabsorbed Inventory"
"46602",2003-07-01,"Jul 2003","Row",6,"Scss","Unabsorbed Inventory"
"46602",2003-07-01,"Jul 2003","Apartment",0,"Scss","Unabsorbed Inventory"
"46602",2003-07-01,"Jul 2003","All",149,"Scss","Unabsorbed Inventory"
"46602",2003-08-01,"Aug 2003","Single",134,"Scss","Unabsorbed Inventory"
"46602",2003-08-01,"Aug 2003","Semi-Detached",4,"Scss","Unabsorbed Inventory"
"46602",2003-08-01,"Aug 2003","Row",9,"Scss","Unabsorbed Inventory"
"46602",2003-08-01,"Aug 2003","Apartment",0,"Scss","Unabsorbed Inventory"
"46602",2003-08-01,"Aug 2003","All",147,"Scss","Unabsorbed Inventory"
"46602",2003-09-01,"Sep 2003","Single",167,"Scss","Unabsorbed Inventory"
"46602",2003-09-01,"Sep 2003","Semi-Detached",6,"Scss","Unabsorbed Inventory"
"46602",2003-09-01,"Sep 2003","Row",9,"Scss","Unabsorbed Inventory"
"46602",2003-09-01,"Sep 2003","Apartment",0,"Scss","Unabsorbed Inventory"
"46602",2003-09-01,"Sep 2003","All",182,"Scss","Unabsorbed Inventory"
"46602",2003-10-01,"Oct 2003","Single",173,"Scss","Unabsorbed Inventory"
"46602",2003-10-01,"Oct 2003","Semi-Detached",7,"Scss","Unabsorbed Inventory"
"46602",2003-10-01,"Oct 2003","Row",3,"Scss","Unabsorbed Inventory"
"46602",2003-10-01,"Oct 2003","Apartment",8,"Scss","Unabsorbed Inventory"
"46602",2003-10-01,"Oct 2003","All",191,"Scss","Unabsorbed Inventory"
"46602",2003-11-01,"Nov 2003","Single",167,"Scss","Unabsorbed Inventory"
"46602",2003-11-01,"Nov 2003","Semi-Detached",7,"Scss","Unabsorbed Inventory"
"46602",2003-11-01,"Nov 2003","Row",3,"Scss","Unabsorbed Inventory"
"46602",2003-11-01,"Nov 2003","Apartment",8,"Scss","Unabsorbed Inventory"
"46602",2003-11-01,"Nov 2003","All",185,"Scss","Unabsorbed Inventory"
"46602",2003-12-01,"Dec 2003","Single",129,"Scss","Unabsorbed Inventory"
"46602",2003-12-01,"Dec 2003","Semi-Detached",4,"Scss","Unabsorbed Inventory"
"46602",2003-12-01,"Dec 2003","Row",3,"Scss","Unabsorbed Inventory"
"46602",2003-12-01,"Dec 2003","Apartment",8,"Scss","Unabsorbed Inventory"
"46602",2003-12-01,"Dec 2003","All",144,"Scss","Unabsorbed Inventory"
"46602",2004-01-01,"Jan 2004","Single",111,"Scss","Unabsorbed Inventory"
"46602",2004-01-01,"Jan 2004","Semi-Detached",6,"Scss","Unabsorbed Inventory"
"46602",2004-01-01,"Jan 2004","Row",2,"Scss","Unabsorbed Inventory"
"46602",2004-01-01,"Jan 2004","Apartment",8,"Scss","Unabsorbed Inventory"
"46602",2004-01-01,"Jan 2004","All",127,"Scss","Unabsorbed Inventory"
"46602",2004-02-01,"Feb 2004","Single",91,"Scss","Unabsorbed Inventory"
"46602",2004-02-01,"Feb 2004","Semi-Detached",6,"Scss","Unabsorbed Inventory"
"46602",2004-02-01,"Feb 2004","Row",6,"Scss","Unabsorbed Inventory"
"46602",2004-02-01,"Feb 2004","Apartment",8,"Scss","Unabsorbed Inventory"
"46602",2004-02-01,"Feb 2004","All",111,"Scss","Unabsorbed Inventory"
"46602",2004-03-01,"Mar 2004","Single",83,"Scss","Unabsorbed Inventory"
"46602",2004-03-01,"Mar 2004","Semi-Detached",6,"Scss","Unabsorbed Inventory"
"46602",2004-03-01,"Mar 2004","Row",5,"Scss","Unabsorbed Inventory"
"46602",2004-03-01,"Mar 2004","Apartment",4,"Scss","Unabsorbed Inventory"
"46602",2004-03-01,"Mar 2004","All",98,"Scss","Unabsorbed Inventory"
"46602",2004-04-01,"Apr 2004","Single",95,"Scss","Unabsorbed Inventory"
"46602",2004-04-01,"Apr 2004","Semi-Detached",6,"Scss","Unabsorbed Inventory"
"46602",2004-04-01,"Apr 2004","Row",5,"Scss","Unabsorbed Inventory"
"46602",2004-04-01,"Apr 2004","Apartment",2,"Scss","Unabsorbed Inventory"
"46602",2004-04-01,"Apr 2004","All",108,"Scss","Unabsorbed Inventory"
"46602",2004-05-01,"May 2004","Single",113,"Scss","Unabsorbed Inventory"
"46602",2004-05-01,"May 2004","Semi-Detached",6,"Scss","Unabsorbed Inventory"
"46602",2004-05-01,"May 2004","Row",5,"Scss","Unabsorbed Inventory"
"46602",2004-05-01,"May 2004","Apartment",4,"Scss","Unabsorbed Inventory"
"46602",2004-05-01,"May 2004","All",128,"Scss","Unabsorbed Inventory"
"46602",2004-06-01,"Jun 2004","Single",131,"Scss","Unabsorbed Inventory"
"46602",2004-06-01,"Jun 2004","Semi-Detached",3,"Scss","Unabsorbed Inventory"
"46602",2004-06-01,"Jun 2004","Row",8,"Scss","Unabsorbed Inventory"
"46602",2004-06-01,"Jun 2004","Apartment",32,"Scss","Unabsorbed Inventory"
"46602",2004-06-01,"Jun 2004","All",174,"Scss","Unabsorbed Inventory"
"46602",2004-07-01,"Jul 2004","Single",140,"Scss","Unabsorbed Inventory"
"46602",2004-07-01,"Jul 2004","Semi-Detached",2,"Scss","Unabsorbed Inventory"
"46602",2004-07-01,"Jul 2004","Row",8,"Scss","Unabsorbed Inventory"
"46602",2004-07-01,"Jul 2004","Apartment",21,"Scss","Unabsorbed Inventory"
"46602",2004-07-01,"Jul 2004","All",171,"Scss","Unabsorbed Inventory"
"46602",2004-08-01,"Aug 2004","Single",131,"Scss","Unabsorbed Inventory"
"46602",2004-08-01,"Aug 2004","Semi-Detached",13,"Scss","Unabsorbed Inventory"
"46602",2004-08-01,"Aug 2004","Row",8,"Scss","Unabsorbed Inventory"
"46602",2004-08-01,"Aug 2004","Apartment",17,"Scss","Unabsorbed Inventory"
"46602",2004-08-01,"Aug 2004","All",169,"Scss","Unabsorbed Inventory"
"46602",2004-09-01,"Sep 2004","Single",149,"Scss","Unabsorbed Inventory"
"46602",2004-09-01,"Sep 2004","Semi-Detached",17,"Scss","Unabsorbed Inventory"
"46602",2004-09-01,"Sep 2004","Row",1,"Scss","Unabsorbed Inventory"
"46602",2004-09-01,"Sep 2004","Apartment",36,"Scss","Unabsorbed Inventory"
"46602",2004-09-01,"Sep 2004","All",203,"Scss","Unabsorbed Inventory"
"46602",2004-10-01,"Oct 2004","Single",168,"Scss","Unabsorbed Inventory"
"46602",2004-10-01,"Oct 2004","Semi-Detached",11,"Scss","Unabsorbed Inventory"
"46602",2004-10-01,"Oct 2004","Row",0,"Scss","Unabsorbed Inventory"
"46602",2004-10-01,"Oct 2004","Apartment",18,"Scss","Unabsorbed Inventory"
"46602",2004-10-01,"Oct 2004","All",197,"Scss","Unabsorbed Inventory"
"46602",2004-11-01,"Nov 2004","Single",184,"Scss","Unabsorbed Inventory"
"46602",2004-11-01,"Nov 2004","Semi-Detached",10,"Scss","Unabsorbed Inventory"
"46602",2004-11-01,"Nov 2004","Row",0,"Scss","Unabsorbed Inventory"
"46602",2004-11-01,"Nov 2004","Apartment",16,"Scss","Unabsorbed Inventory"
"46602",2004-11-01,"Nov 2004","All",210,"Scss","Unabsorbed Inventory"
"46602",2004-12-01,"Dec 2004","Single",169,"Scss","Unabsorbed Inventory"
"46602",2004-12-01,"Dec 2004","Semi-Detached",14,"Scss","Unabsorbed Inventory"
"46602",2004-12-01,"Dec 2004","Row",0,"Scss","Unabsorbed Inventory"
"46602",2004-12-01,"Dec 2004","Apartment",40,"Scss","Unabsorbed Inventory"
"46602",2004-12-01,"Dec 2004","All",223,"Scss","Unabsorbed Inventory"
"46602",2005-01-01,"Jan 2005","Single",153,"Scss","Unabsorbed Inventory"
"46602",2005-01-01,"Jan 2005","Semi-Detached",14,"Scss","Unabsorbed Inventory"
"46602",2005-01-01,"Jan 2005","Row",0,"Scss","Unabsorbed Inventory"
"46602",2005-01-01,"Jan 2005","Apartment",31,"Scss","Unabsorbed Inventory"
"46602",2005-01-01,"Jan 2005","All",198,"Scss","Unabsorbed Inventory"
"46602",2005-02-01,"Feb 2005","Single",143,"Scss","Unabsorbed Inventory"
"46602",2005-02-01,"Feb 2005","Semi-Detached",18,"Scss","Unabsorbed Inventory"
"46602",2005-02-01,"Feb 2005","Row",8,"Scss","Unabsorbed Inventory"
"46602",2005-02-01,"Feb 2005","Apartment",31,"Scss","Unabsorbed Inventory"
"46602",2005-02-01,"Feb 2005","All",200,"Scss","Unabsorbed Inventory"
"46602",2005-03-01,"Mar 2005","Single",145,"Scss","Unabsorbed Inventory"
"46602",2005-03-01,"Mar 2005","Semi-Detached",12,"Scss","Unabsorbed Inventory"
"46602",2005-03-01,"Mar 2005","Row",4,"Scss","Unabsorbed Inventory"
"46602",2005-03-01,"Mar 2005","Apartment",55,"Scss","Unabsorbed Inventory"
"46602",2005-03-01,"Mar 2005","All",216,"Scss","Unabsorbed Inventory"
"46602",2005-04-01,"Apr 2005","Single",148,"Scss","Unabsorbed Inventory"
"46602",2005-04-01,"Apr 2005","Semi-Detached",8,"Scss","Unabsorbed Inventory"
"46602",2005-04-01,"Apr 2005","Row",7,"Scss","Unabsorbed Inventory"
"46602",2005-04-01,"Apr 2005","Apartment",61,"Scss","Unabsorbed Inventory"
"46602",2005-04-01,"Apr 2005","All",224,"Scss","Unabsorbed Inventory"
"46602",2005-05-01,"May 2005","Single",190,"Scss","Unabsorbed Inventory"
"46602",2005-05-01,"May 2005","Semi-Detached",4,"Scss","Unabsorbed Inventory"
"46602",2005-05-01,"May 2005","Row",5,"Scss","Unabsorbed Inventory"
"46602",2005-05-01,"May 2005","Apartment",64,"Scss","Unabsorbed Inventory"
"46602",2005-05-01,"May 2005","All",263,"Scss","Unabsorbed Inventory"
"46602",2005-06-01,"Jun 2005","Single",181,"Scss","Unabsorbed Inventory"
"46602",2005-06-01,"Jun 2005","Semi-Detached",4,"Scss","Unabsorbed Inventory"
"46602",2005-06-01,"Jun 2005","Row",5,"Scss","Unabsorbed Inventory"
"46602",2005-06-01,"Jun 2005","Apartment",51,"Scss","Unabsorbed Inventory"
"46602",2005-06-01,"Jun 2005","All",241,"Scss","Unabsorbed Inventory"
"46602",2005-07-01,"Jul 2005","Single",175,"Scss","Unabsorbed Inventory"
"46602",2005-07-01,"Jul 2005","Semi-Detached",4,"Scss","Unabsorbed Inventory"
"46602",2005-07-01,"Jul 2005","Row",5,"Scss","Unabsorbed Inventory"
"46602",2005-07-01,"Jul 2005","Apartment",28,"Scss","Unabsorbed Inventory"
"46602",2005-07-01,"Jul 2005","All",212,"Scss","Unabsorbed Inventory"
"46602",2005-08-01,"Aug 2005","Single",161,"Scss","Unabsorbed Inventory"
"46602",2005-08-01,"Aug 2005","Semi-Detached",2,"Scss","Unabsorbed Inventory"
"46602",2005-08-01,"Aug 2005","Row",5,"Scss","Unabsorbed Inventory"
"46602",2005-08-01,"Aug 2005","Apartment",28,"Scss","Unabsorbed Inventory"
"46602",2005-08-01,"Aug 2005","All",196,"Scss","Unabsorbed Inventory"
"46602",2005-09-01,"Sep 2005","Single",161,"Scss","Unabsorbed Inventory"
"46602",2005-09-01,"Sep 2005","Semi-Detached",5,"Scss","Unabsorbed Inventory"
"46602",2005-09-01,"Sep 2005","Row",0,"Scss","Unabsorbed Inventory"
"46602",2005-09-01,"Sep 2005","Apartment",20,"Scss","Unabsorbed Inventory"
"46602",2005-09-01,"Sep 2005","All",186,"Scss","Unabsorbed Inventory"
"46602",2005-10-01,"Oct 2005","Single",199,"Scss","Unabsorbed Inventory"
"46602",2005-10-01,"Oct 2005","Semi-Detached",5,"Scss","Unabsorbed Inventory"
"46602",2005-10-01,"Oct 2005","Row",0,"Scss","Unabsorbed Inventory"
"46602",2005-10-01,"Oct 2005","Apartment",19,"Scss","Unabsorbed Inventory"
"46602",2005-10-01,"Oct 2005","All",223,"Scss","Unabsorbed Inventory"
"46602",2005-11-01,"Nov 2005","Single",219,"Scss","Unabsorbed Inventory"
"46602",2005-11-01,"Nov 2005","Semi-Detached",5,"Scss","Unabsorbed Inventory"
"46602",2005-11-01,"Nov 2005","Row",3,"Scss","Unabsorbed Inventory"
"46602",2005-11-01,"Nov 2005","Apartment",19,"Scss","Unabsorbed Inventory"
"46602",2005-11-01,"Nov 2005","All",246,"Scss","Unabsorbed Inventory"
"46602",2005-12-01,"Dec 2005","Single",181,"Scss","Unabsorbed Inventory"
"46602",2005-12-01,"Dec 2005","Semi-Detached",5,"Scss","Unabsorbed Inventory"
"46602",2005-12-01,"Dec 2005","Row",3,"Scss","Unabsorbed Inventory"
"46602",2005-12-01,"Dec 2005","Apartment",15,"Scss","Unabsorbed Inventory"
"46602",2005-12-01,"Dec 2005","All",204,"Scss","Unabsorbed Inventory"
"46602",2006-01-01,"Jan 2006","Single",149,"Scss","Unabsorbed Inventory"
"46602",2006-01-01,"Jan 2006","Semi-Detached",9,"Scss","Unabsorbed Inventory"
"46602",2006-01-01,"Jan 2006","Row",3,"Scss","Unabsorbed Inventory"
"46602",2006-01-01,"Jan 2006","Apartment",11,"Scss","Unabsorbed Inventory"
"46602",2006-01-01,"Jan 2006","All",172,"Scss","Unabsorbed Inventory"
"46602",2006-02-01,"Feb 2006","Single",142,"Scss","Unabsorbed Inventory"
"46602",2006-02-01,"Feb 2006","Semi-Detached",9,"Scss","Unabsorbed Inventory"
"46602",2006-02-01,"Feb 2006","Row",3,"Scss","Unabsorbed Inventory"
"46602",2006-02-01,"Feb 2006","Apartment",11,"Scss","Unabsorbed Inventory"
"46602",2006-02-01,"Feb 2006","All",165,"Scss","Unabsorbed Inventory"
"46602",2006-03-01,"Mar 2006","Single",139,"Scss","Unabsorbed Inventory"
"46602",2006-03-01,"Mar 2006","Semi-Detached",9,"Scss","Unabsorbed Inventory"
"46602",2006-03-01,"Mar 2006","Row",3,"Scss","Unabsorbed Inventory"
"46602",2006-03-01,"Mar 2006","Apartment",11,"Scss","Unabsorbed Inventory"
"46602",2006-03-01,"Mar 2006","All",162,"Scss","Unabsorbed Inventory"
"46602",2006-04-01,"Apr 2006","Single",137,"Scss","Unabsorbed Inventory"
"46602",2006-04-01,"Apr 2006","Semi-Detached",8,"Scss","Unabsorbed Inventory"
"46602",2006-04-01,"Apr 2006","Row",3,"Scss","Unabsorbed Inventory"
"46602",2006-04-01,"Apr 2006","Apartment",4,"Scss","Unabsorbed Inventory"
"46602",2006-04-01,"Apr 2006","All",152,"Scss","Unabsorbed Inventory"
"46602",2006-05-01,"May 2006","Single",188,"Scss","Unabsorbed Inventory"
"46602",2006-05-01,"May 2006","Semi-Detached",8,"Scss","Unabsorbed Inventory"
"46602",2006-05-01,"May 2006","Row",3,"Scss","Unabsorbed Inventory"
"46602",2006-05-01,"May 2006","Apartment",4,"Scss","Unabsorbed Inventory"
"46602",2006-05-01,"May 2006","All",203,"Scss","Unabsorbed Inventory"
"46602",2006-06-01,"Jun 2006","Single",219,"Scss","Unabsorbed Inventory"
"46602",2006-06-01,"Jun 2006","Semi-Detached",10,"Scss","Unabsorbed Inventory"
"46602",2006-06-01,"Jun 2006","Row",5,"Scss","Unabsorbed Inventory"
"46602",2006-06-01,"Jun 2006","Apartment",5,"Scss","Unabsorbed Inventory"
"46602",2006-06-01,"Jun 2006","All",239,"Scss","Unabsorbed Inventory"
"46602",2006-07-01,"Jul 2006","Single",206,"Scss","Unabsorbed Inventory"
"46602",2006-07-01,"Jul 2006","Semi-Detached",11,"Scss","Unabsorbed Inventory"
"46602",2006-07-01,"Jul 2006","Row",0,"Scss","Unabsorbed Inventory"
"46602",2006-07-01,"Jul 2006","Apartment",3,"Scss","Unabsorbed Inventory"
"46602",2006-07-01,"Jul 2006","All",220,"Scss","Unabsorbed Inventory"
"46602",2006-08-01,"Aug 2006","Single",229,"Scss","Unabsorbed Inventory"
"46602",2006-08-01,"Aug 2006","Semi-Detached",9,"Scss","Unabsorbed Inventory"
"46602",2006-08-01,"Aug 2006","Row",0,"Scss","Unabsorbed Inventory"
"46602",2006-08-01,"Aug 2006","Apartment",3,"Scss","Unabsorbed Inventory"
"46602",2006-08-01,"Aug 2006","All",241,"Scss","Unabsorbed Inventory"
"46602",2006-09-01,"Sep 2006","Single",242,"Scss","Unabsorbed Inventory"
"46602",2006-09-01,"Sep 2006","Semi-Detached",6,"Scss","Unabsorbed Inventory"
"46602",2006-09-01,"Sep 2006","Row",0,"Scss","Unabsorbed Inventory"
"46602",2006-09-01,"Sep 2006","Apartment",3,"Scss","Unabsorbed Inventory"
"46602",2006-09-01,"Sep 2006","All",251,"Scss","Unabsorbed Inventory"
"46602",2006-10-01,"Oct 2006","Single",240,"Scss","Unabsorbed Inventory"
"46602",2006-10-01,"Oct 2006","Semi-Detached",5,"Scss","Unabsorbed Inventory"
"46602",2006-10-01,"Oct 2006","Row",2,"Scss","Unabsorbed Inventory"
"46602",2006-10-01,"Oct 2006","Apartment",3,"Scss","Unabsorbed Inventory"
"46602",2006-10-01,"Oct 2006","All",250,"Scss","Unabsorbed Inventory"
"46602",2006-11-01,"Nov 2006","Single",233,"Scss","Unabsorbed Inventory"
"46602",2006-11-01,"Nov 2006","Semi-Detached",4,"Scss","Unabsorbed Inventory"
"46602",2006-11-01,"Nov 2006","Row",2,"Scss","Unabsorbed Inventory"
"46602",2006-11-01,"Nov 2006","Apartment",3,"Scss","Unabsorbed Inventory"
"46602",2006-11-01,"Nov 2006","All",242,"Scss","Unabsorbed Inventory"
"46602",2006-12-01,"Dec 2006","Single",201,"Scss","Unabsorbed Inventory"
"46602",2006-12-01,"Dec 2006","Semi-Detached",2,"Scss","Unabsorbed Inventory"
"46602",2006-12-01,"Dec 2006","Row",2,"Scss","Unabsorbed Inventory"
"46602",2006-12-01,"Dec 2006","Apartment",24,"Scss","Unabsorbed Inventory"
"46602",2006-12-01,"Dec 2006","All",229,"Scss","Unabsorbed Inventory"
"46602",2007-01-01,"Jan 2007","Single",192,"Scss","Unabsorbed Inventory"
"46602",2007-01-01,"Jan 2007","Semi-Detached",6,"Scss","Unabsorbed Inventory"
"46602",2007-01-01,"Jan 2007","Row",6,"Scss","Unabsorbed Inventory"
"46602",2007-01-01,"Jan 2007","Apartment",17,"Scss","Unabsorbed Inventory"
"46602",2007-01-01,"Jan 2007","All",221,"Scss","Unabsorbed Inventory"
"46602",2007-02-01,"Feb 2007","Single",178,"Scss","Unabsorbed Inventory"
"46602",2007-02-01,"Feb 2007","Semi-Detached",7,"Scss","Unabsorbed Inventory"
"46602",2007-02-01,"Feb 2007","Row",5,"Scss","Unabsorbed Inventory"
"46602",2007-02-01,"Feb 2007","Apartment",17,"Scss","Unabsorbed Inventory"
"46602",2007-02-01,"Feb 2007","All",207,"Scss","Unabsorbed Inventory"
"46602",2007-03-01,"Mar 2007","Single",173,"Scss","Unabsorbed Inventory"
"46602",2007-03-01,"Mar 2007","Semi-Detached",6,"Scss","Unabsorbed Inventory"
"46602",2007-03-01,"Mar 2007","Row",4,"Scss","Unabsorbed Inventory"
"46602",2007-03-01,"Mar 2007","Apartment",15,"Scss","Unabsorbed Inventory"
"46602",2007-03-01,"Mar 2007","All",198,"Scss","Unabsorbed Inventory"
"46602",2007-04-01,"Apr 2007","Single",165,"Scss","Unabsorbed Inventory"
"46602",2007-04-01,"Apr 2007","Semi-Detached",8,"Scss","Unabsorbed Inventory"
"46602",2007-04-01,"Apr 2007","Row",4,"Scss","Unabsorbed Inventory"
"46602",2007-04-01,"Apr 2007","Apartment",22,"Scss","Unabsorbed Inventory"
"46602",2007-04-01,"Apr 2007","All",199,"Scss","Unabsorbed Inventory"
"46602",2007-05-01,"May 2007","Single",212,"Scss","Unabsorbed Inventory"
"46602",2007-05-01,"May 2007","Semi-Detached",10,"Scss","Unabsorbed Inventory"
"46602",2007-05-01,"May 2007","Row",4,"Scss","Unabsorbed Inventory"
"46602",2007-05-01,"May 2007","Apartment",14,"Scss","Unabsorbed Inventory"
"46602",2007-05-01,"May 2007","All",240,"Scss","Unabsorbed Inventory"
"46602",2007-06-01,"Jun 2007","Single",220,"Scss","Unabsorbed Inventory"
"46602",2007-06-01,"Jun 2007","Semi-Detached",12,"Scss","Unabsorbed Inventory"
"46602",2007-06-01,"Jun 2007","Row",3,"Scss","Unabsorbed Inventory"
"46602",2007-06-01,"Jun 2007","Apartment",12,"Scss","Unabsorbed Inventory"
"46602",2007-06-01,"Jun 2007","All",247,"Scss","Unabsorbed Inventory"
"46602",2007-07-01,"Jul 2007","Single",223,"Scss","Unabsorbed Inventory"
"46602",2007-07-01,"Jul 2007","Semi-Detached",10,"Scss","Unabsorbed Inventory"
"46602",2007-07-01,"Jul 2007","Row",5,"Scss","Unabsorbed Inventory"
"46602",2007-07-01,"Jul 2007","Apartment",12,"Scss","Unabsorbed Inventory"
"46602",2007-07-01,"Jul 2007","All",250,"Scss","Unabsorbed Inventory"
"46602",2007-08-01,"Aug 2007","Single",230,"Scss","Unabsorbed Inventory"
"46602",2007-08-01,"Aug 2007","Semi-Detached",8,"Scss","Unabsorbed Inventory"
"46602",2007-08-01,"Aug 2007","Row",6,"Scss","Unabsorbed Inventory"
"46602",2007-08-01,"Aug 2007","Apartment",12,"Scss","Unabsorbed Inventory"
"46602",2007-08-01,"Aug 2007","All",256,"Scss","Unabsorbed Inventory"
"46602",2007-09-01,"Sep 2007","Single",225,"Scss","Unabsorbed Inventory"
"46602",2007-09-01,"Sep 2007","Semi-Detached",4,"Scss","Unabsorbed Inventory"
"46602",2007-09-01,"Sep 2007","Row",10,"Scss","Unabsorbed Inventory"
"46602",2007-09-01,"Sep 2007","Apartment",12,"Scss","Unabsorbed Inventory"
"46602",2007-09-01,"Sep 2007","All",251,"Scss","Unabsorbed Inventory"
"46602",2007-10-01,"Oct 2007","Single",249,"Scss","Unabsorbed Inventory"
"46602",2007-10-01,"Oct 2007","Semi-Detached",6,"Scss","Unabsorbed Inventory"
"46602",2007-10-01,"Oct 2007","Row",9,"Scss","Unabsorbed Inventory"
"46602",2007-10-01,"Oct 2007","Apartment",12,"Scss","Unabsorbed Inventory"
"46602",2007-10-01,"Oct 2007","All",276,"Scss","Unabsorbed Inventory"
"46602",2007-11-01,"Nov 2007","Single",248,"Scss","Unabsorbed Inventory"
"46602",2007-11-01,"Nov 2007","Semi-Detached",6,"Scss","Unabsorbed Inventory"
"46602",2007-11-01,"Nov 2007","Row",5,"Scss","Unabsorbed Inventory"
"46602",2007-11-01,"Nov 2007","Apartment",21,"Scss","Unabsorbed Inventory"
"46602",2007-11-01,"Nov 2007","All",280,"Scss","Unabsorbed Inventory"
"46602",2007-12-01,"Dec 2007","Single",199,"Scss","Unabsorbed Inventory"
"46602",2007-12-01,"Dec 2007","Semi-Detached",5,"Scss","Unabsorbed Inventory"
"46602",2007-12-01,"Dec 2007","Row",6,"Scss","Unabsorbed Inventory"
"46602",2007-12-01,"Dec 2007","Apartment",75,"Scss","Unabsorbed Inventory"
"46602",2007-12-01,"Dec 2007","All",285,"Scss","Unabsorbed Inventory"
"46602",2008-01-01,"Jan 2008","Single",179,"Scss","Unabsorbed Inventory"
"46602",2008-01-01,"Jan 2008","Semi-Detached",5,"Scss","Unabsorbed Inventory"
"46602",2008-01-01,"Jan 2008","Row",6,"Scss","Unabsorbed Inventory"
"46602",2008-01-01,"Jan 2008","Apartment",73,"Scss","Unabsorbed Inventory"
"46602",2008-01-01,"Jan 2008","All",263,"Scss","Unabsorbed Inventory"
"46602",2008-02-01,"Feb 2008","Single",153,"Scss","Unabsorbed Inventory"
"46602",2008-02-01,"Feb 2008","Semi-Detached",5,"Scss","Unabsorbed Inventory"
"46602",2008-02-01,"Feb 2008","Row",4,"Scss","Unabsorbed Inventory"
"46602",2008-02-01,"Feb 2008","Apartment",75,"Scss","Unabsorbed Inventory"
"46602",2008-02-01,"Feb 2008","All",237,"Scss","Unabsorbed Inventory"
"46602",2008-03-01,"Mar 2008","Single",140,"Scss","Unabsorbed Inventory"
"46602",2008-03-01,"Mar 2008","Semi-Detached",7,"Scss","Unabsorbed Inventory"
"46602",2008-03-01,"Mar 2008","Row",7,"Scss","Unabsorbed Inventory"
"46602",2008-03-01,"Mar 2008","Apartment",75,"Scss","Unabsorbed Inventory"
"46602",2008-03-01,"Mar 2008","All",229,"Scss","Unabsorbed Inventory"
"46602",2008-04-01,"Apr 2008","Single",143,"Scss","Unabsorbed Inventory"
"46602",2008-04-01,"Apr 2008","Semi-Detached",9,"Scss","Unabsorbed Inventory"
"46602",2008-04-01,"Apr 2008","Row",8,"Scss","Unabsorbed Inventory"
"46602",2008-04-01,"Apr 2008","Apartment",72,"Scss","Unabsorbed Inventory"
"46602",2008-04-01,"Apr 2008","All",232,"Scss","Unabsorbed Inventory"
"46602",2008-05-01,"May 2008","Single",201,"Scss","Unabsorbed Inventory"
"46602",2008-05-01,"May 2008","Semi-Detached",4,"Scss","Unabsorbed Inventory"
"46602",2008-05-01,"May 2008","Row",1,"Scss","Unabsorbed Inventory"
"46602",2008-05-01,"May 2008","Apartment",70,"Scss","Unabsorbed Inventory"
"46602",2008-05-01,"May 2008","All",276,"Scss","Unabsorbed Inventory"
"46602",2008-06-01,"Jun 2008","Single",210,"Scss","Unabsorbed Inventory"
"46602",2008-06-01,"Jun 2008","Semi-Detached",7,"Scss","Unabsorbed Inventory"
"46602",2008-06-01,"Jun 2008","Row",1,"Scss","Unabsorbed Inventory"
"46602",2008-06-01,"Jun 2008","Apartment",62,"Scss","Unabsorbed Inventory"
"46602",2008-06-01,"Jun 2008","All",280,"Scss","Unabsorbed Inventory"
"46602",2008-07-01,"Jul 2008","Single",230,"Scss","Unabsorbed Inventory"
"46602",2008-07-01,"Jul 2008","Semi-Detached",5,"Scss","Unabsorbed Inventory"
"46602",2008-07-01,"Jul 2008","Row",1,"Scss","Unabsorbed Inventory"
"46602",2008-07-01,"Jul 2008","Apartment",93,"Scss","Unabsorbed Inventory"
"46602",2008-07-01,"Jul 2008","All",329,"Scss","Unabsorbed Inventory"
"46602",2008-08-01,"Aug 2008","Single",230,"Scss","Unabsorbed Inventory"
"46602",2008-08-01,"Aug 2008","Semi-Detached",4,"Scss","Unabsorbed Inventory"
"46602",2008-08-01,"Aug 2008","Row",1,"Scss","Unabsorbed Inventory"
"46602",2008-08-01,"Aug 2008","Apartment",78,"Scss","Unabsorbed Inventory"
"46602",2008-08-01,"Aug 2008","All",313,"Scss","Unabsorbed Inventory"
"46602",2008-09-01,"Sep 2008","Single",274,"Scss","Unabsorbed Inventory"
"46602",2008-09-01,"Sep 2008","Semi-Detached",7,"Scss","Unabsorbed Inventory"
"46602",2008-09-01,"Sep 2008","Row",1,"Scss","Unabsorbed Inventory"
"46602",2008-09-01,"Sep 2008","Apartment",110,"Scss","Unabsorbed Inventory"
"46602",2008-09-01,"Sep 2008","All",392,"Scss","Unabsorbed Inventory"
"46602",2008-10-01,"Oct 2008","Single",282,"Scss","Unabsorbed Inventory"
"46602",2008-10-01,"Oct 2008","Semi-Detached",9,"Scss","Unabsorbed Inventory"
"46602",2008-10-01,"Oct 2008","Row",5,"Scss","Unabsorbed Inventory"
"46602",2008-10-01,"Oct 2008","Apartment",108,"Scss","Unabsorbed Inventory"
"46602",2008-10-01,"Oct 2008","All",404,"Scss","Unabsorbed Inventory"
"46602",2008-11-01,"Nov 2008","Single",301,"Scss","Unabsorbed Inventory"
"46602",2008-11-01,"Nov 2008","Semi-Detached",6,"Scss","Unabsorbed Inventory"
"46602",2008-11-01,"Nov 2008","Row",14,"Scss","Unabsorbed Inventory"
"46602",2008-11-01,"Nov 2008","Apartment",121,"Scss","Unabsorbed Inventory"
"46602",2008-11-01,"Nov 2008","All",442,"Scss","Unabsorbed Inventory"
"46602",2008-12-01,"Dec 2008","Single",281,"Scss","Unabsorbed Inventory"
"46602",2008-12-01,"Dec 2008","Semi-Detached",6,"Scss","Unabsorbed Inventory"
"46602",2008-12-01,"Dec 2008","Row",12,"Scss","Unabsorbed Inventory"
"46602",2008-12-01,"Dec 2008","Apartment",130,"Scss","Unabsorbed Inventory"
"46602",2008-12-01,"Dec 2008","All",429,"Scss","Unabsorbed Inventory"
"46602",2009-01-01,"Jan 2009","Single",250,"Scss","Unabsorbed Inventory"
"46602",2009-01-01,"Jan 2009","Semi-Detached",5,"Scss","Unabsorbed Inventory"
"46602",2009-01-01,"Jan 2009","Row",22,"Scss","Unabsorbed Inventory"
"46602",2009-01-01,"Jan 2009","Apartment",126,"Scss","Unabsorbed Inventory"
"46602",2009-01-01,"Jan 2009","All",403,"Scss","Unabsorbed Inventory"
"46602",2009-02-01,"Feb 2009","Single",224,"Scss","Unabsorbed Inventory"
"46602",2009-02-01,"Feb 2009","Semi-Detached",5,"Scss","Unabsorbed Inventory"
"46602",2009-02-01,"Feb 2009","Row",21,"Scss","Unabsorbed Inventory"
"46602",2009-02-01,"Feb 2009","Apartment",134,"Scss","Unabsorbed Inventory"
"46602",2009-02-01,"Feb 2009","All",384,"Scss","Unabsorbed Inventory"
"46602",2009-03-01,"Mar 2009","Single",220,"Scss","Unabsorbed Inventory"
"46602",2009-03-01,"Mar 2009","Semi-Detached",5,"Scss","Unabsorbed Inventory"
"46602",2009-03-01,"Mar 2009","Row",17,"Scss","Unabsorbed Inventory"
"46602",2009-03-01,"Mar 2009","Apartment",131,"Scss","Unabsorbed Inventory"
"46602",2009-03-01,"Mar 2009","All",373,"Scss","Unabsorbed Inventory"
"46602",2009-04-01,"Apr 2009","Single",234,"Scss","Unabsorbed Inventory"
"46602",2009-04-01,"Apr 2009","Semi-Detached",7,"Scss","Unabsorbed Inventory"
"46602",2009-04-01,"Apr 2009","Row",16,"Scss","Unabsorbed Inventory"
"46602",2009-04-01,"Apr 2009","Apartment",140,"Scss","Unabsorbed Inventory"
"46602",2009-04-01,"Apr 2009","All",397,"Scss","Unabsorbed Inventory"
"46602",2009-05-01,"May 2009","Single",295,"Scss","Unabsorbed Inventory"
"46602",2009-05-01,"May 2009","Semi-Detached",9,"Scss","Unabsorbed Inventory"
"46602",2009-05-01,"May 2009","Row",38,"Scss","Unabsorbed Inventory"
"46602",2009-05-01,"May 2009","Apartment",148,"Scss","Unabsorbed Inventory"
"46602",2009-05-01,"May 2009","All",490,"Scss","Unabsorbed Inventory"
"46602",2009-06-01,"Jun 2009","Single",279,"Scss","Unabsorbed Inventory"
"46602",2009-06-01,"Jun 2009","Semi-Detached",8,"Scss","Unabsorbed Inventory"
"46602",2009-06-01,"Jun 2009","Row",16,"Scss","Unabsorbed Inventory"
"46602",2009-06-01,"Jun 2009","Apartment",126,"Scss","Unabsorbed Inventory"
"46602",2009-06-01,"Jun 2009","All",429,"Scss","Unabsorbed Inventory"
"46602",2009-07-01,"Jul 2009","Single",240,"Scss","Unabsorbed Inventory"
"46602",2009-07-01,"Jul 2009","Semi-Detached",8,"Scss","Unabsorbed Inventory"
"46602",2009-07-01,"Jul 2009","Row",17,"Scss","Unabsorbed Inventory"
"46602",2009-07-01,"Jul 2009","Apartment",94,"Scss","Unabsorbed Inventory"
"46602",2009-07-01,"Jul 2009","All",359,"Scss","Unabsorbed Inventory"
"46602",2009-08-01,"Aug 2009","Single",213,"Scss","Unabsorbed Inventory"
"46602",2009-08-01,"Aug 2009","Semi-Detached",7,"Scss","Unabsorbed Inventory"
"46602",2009-08-01,"Aug 2009","Row",21,"Scss","Unabsorbed Inventory"
"46602",2009-08-01,"Aug 2009","Apartment",94,"Scss","Unabsorbed Inventory"
"46602",2009-08-01,"Aug 2009","All",335,"Scss","Unabsorbed Inventory"
"46602",2009-09-01,"Sep 2009","Single",199,"Scss","Unabsorbed Inventory"
"46602",2009-09-01,"Sep 2009","Semi-Detached",6,"Scss","Unabsorbed Inventory"
"46602",2009-09-01,"Sep 2009","Row",23,"Scss","Unabsorbed Inventory"
"46602",2009-09-01,"Sep 2009","Apartment",85,"Scss","Unabsorbed Inventory"
"46602",2009-09-01,"Sep 2009","All",313,"Scss","Unabsorbed Inventory"
"46602",2009-10-01,"Oct 2009","Single",207,"Scss","Unabsorbed Inventory"
"46602",2009-10-01,"Oct 2009","Semi-Detached",3,"Scss","Unabsorbed Inventory"
"46602",2009-10-01,"Oct 2009","Row",19,"Scss","Unabsorbed Inventory"
"46602",2009-10-01,"Oct 2009","Apartment",111,"Scss","Unabsorbed Inventory"
"46602",2009-10-01,"Oct 2009","All",340,"Scss","Unabsorbed Inventory"
"46602",2009-11-01,"Nov 2009","Single",172,"Scss","Unabsorbed Inventory"
"46602",2009-11-01,"Nov 2009","Semi-Detached",5,"Scss","Unabsorbed Inventory"
"46602",2009-11-01,"Nov 2009","Row",17,"Scss","Unabsorbed Inventory"
"46602",2009-11-01,"Nov 2009","Apartment",146,"Scss","Unabsorbed Inventory"
"46602",2009-11-01,"Nov 2009","All",340,"Scss","Unabsorbed Inventory"
"46602",2009-12-01,"Dec 2009","Single",162,"Scss","Unabsorbed Inventory"
"46602",2009-12-01,"Dec 2009","Semi-Detached",7,"Scss","Unabsorbed Inventory"
"46602",2009-12-01,"Dec 2009","Row",17,"Scss","Unabsorbed Inventory"
"46602",2009-12-01,"Dec 2009","Apartment",88,"Scss","Unabsorbed Inventory"
"46602",2009-12-01,"Dec 2009","All",274,"Scss","Unabsorbed Inventory"
"46602",2010-01-01,"Jan 2010","Single",172,"Scss","Unabsorbed Inventory"
"46602",2010-01-01,"Jan 2010","Semi-Detached",6,"Scss","Unabsorbed Inventory"
"46602",2010-01-01,"Jan 2010","Row",5,"Scss","Unabsorbed Inventory"
"46602",2010-01-01,"Jan 2010","Apartment",70,"Scss","Unabsorbed Inventory"
"46602",2010-01-01,"Jan 2010","All",253,"Scss","Unabsorbed Inventory"
"46602",2010-02-01,"Feb 2010","Single",155,"Scss","Unabsorbed Inventory"
"46602",2010-02-01,"Feb 2010","Semi-Detached",7,"Scss","Unabsorbed Inventory"
"46602",2010-02-01,"Feb 2010","Row",4,"Scss","Unabsorbed Inventory"
"46602",2010-02-01,"Feb 2010","Apartment",101,"Scss","Unabsorbed Inventory"
"46602",2010-02-01,"Feb 2010","All",267,"Scss","Unabsorbed Inventory"
"46602",2010-03-01,"Mar 2010","Single",133,"Scss","Unabsorbed Inventory"
"46602",2010-03-01,"Mar 2010","Semi-Detached",8,"Scss","Unabsorbed Inventory"
"46602",2010-03-01,"Mar 2010","Row",4,"Scss","Unabsorbed Inventory"
"46602",2010-03-01,"Mar 2010","Apartment",119,"Scss","Unabsorbed Inventory"
"46602",2010-03-01,"Mar 2010","All",264,"Scss","Unabsorbed Inventory"
"46602",2010-04-01,"Apr 2010","Single",141,"Scss","Unabsorbed Inventory"
"46602",2010-04-01,"Apr 2010","Semi-Detached",5,"Scss","Unabsorbed Inventory"
"46602",2010-04-01,"Apr 2010","Row",3,"Scss","Unabsorbed Inventory"
"46602",2010-04-01,"Apr 2010","Apartment",118,"Scss","Unabsorbed Inventory"
"46602",2010-04-01,"Apr 2010","All",267,"Scss","Unabsorbed Inventory"
"46602",2010-05-01,"May 2010","Single",169,"Scss","Unabsorbed Inventory"
"46602",2010-05-01,"May 2010","Semi-Detached",6,"Scss","Unabsorbed Inventory"
"46602",2010-05-01,"May 2010","Row",4,"Scss","Unabsorbed Inventory"
"46602",2010-05-01,"May 2010","Apartment",96,"Scss","Unabsorbed Inventory"
"46602",2010-05-01,"May 2010","All",275,"Scss","Unabsorbed Inventory"
"46602",2010-06-01,"Jun 2010","Single",170,"Scss","Unabsorbed Inventory"
"46602",2010-06-01,"Jun 2010","Semi-Detached",7,"Scss","Unabsorbed Inventory"
"46602",2010-06-01,"Jun 2010","Row",4,"Scss","Unabsorbed Inventory"
"46602",2010-06-01,"Jun 2010","Apartment",90,"Scss","Unabsorbed Inventory"
"46602",2010-06-01,"Jun 2010","All",271,"Scss","Unabsorbed Inventory"
"46602",2010-07-01,"Jul 2010","Single",183,"Scss","Unabsorbed Inventory"
"46602",2010-07-01,"Jul 2010","Semi-Detached",9,"Scss","Unabsorbed Inventory"
"46602",2010-07-01,"Jul 2010","Row",4,"Scss","Unabsorbed Inventory"
"46602",2010-07-01,"Jul 2010","Apartment",133,"Scss","Unabsorbed Inventory"
"46602",2010-07-01,"Jul 2010","All",329,"Scss","Unabsorbed Inventory"
"46602",2010-08-01,"Aug 2010","Single",221,"Scss","Unabsorbed Inventory"
"46602",2010-08-01,"Aug 2010","Semi-Detached",7,"Scss","Unabsorbed Inventory"
"46602",2010-08-01,"Aug 2010","Row",6,"Scss","Unabsorbed Inventory"
"46602",2010-08-01,"Aug 2010","Apartment",115,"Scss","Unabsorbed Inventory"
"46602",2010-08-01,"Aug 2010","All",349,"Scss","Unabsorbed Inventory"
"46602",2010-09-01,"Sep 2010","Single",204,"Scss","Unabsorbed Inventory"
"46602",2010-09-01,"Sep 2010","Semi-Detached",3,"Scss","Unabsorbed Inventory"
"46602",2010-09-01,"Sep 2010","Row",17,"Scss","Unabsorbed Inventory"
"46602",2010-09-01,"Sep 2010","Apartment",111,"Scss","Unabsorbed Inventory"
"46602",2010-09-01,"Sep 2010","All",335,"Scss","Unabsorbed Inventory"
"46602",2010-10-01,"Oct 2010","Single",190,"Scss","Unabsorbed Inventory"
"46602",2010-10-01,"Oct 2010","Semi-Detached",6,"Scss","Unabsorbed Inventory"
"46602",2010-10-01,"Oct 2010","Row",29,"Scss","Unabsorbed Inventory"
"46602",2010-10-01,"Oct 2010","Apartment",109,"Scss","Unabsorbed Inventory"
"46602",2010-10-01,"Oct 2010","All",334,"Scss","Unabsorbed Inventory"
"46602",2010-11-01,"Nov 2010","Single",198,"Scss","Unabsorbed Inventory"
"46602",2010-11-01,"Nov 2010","Semi-Detached",6,"Scss","Unabsorbed Inventory"
"46602",2010-11-01,"Nov 2010","Row",26,"Scss","Unabsorbed Inventory"
"46602",2010-11-01,"Nov 2010","Apartment",100,"Scss","Unabsorbed Inventory"
"46602",2010-11-01,"Nov 2010","All",330,"Scss","Unabsorbed Inventory"
"46602",2010-12-01,"Dec 2010","Single",192,"Scss","Unabsorbed Inventory"
"46602",2010-12-01,"Dec 2010","Semi-Detached",5,"Scss","Unabsorbed Inventory"
"46602",2010-12-01,"Dec 2010","Row",14,"Scss","Unabsorbed Inventory"
"46602",2010-12-01,"Dec 2010","Apartment",100,"Scss","Unabsorbed Inventory"
"46602",2010-12-01,"Dec 2010","All",311,"Scss","Unabsorbed Inventory"
"46602",2011-01-01,"Jan 2011","Single",161,"Scss","Unabsorbed Inventory"
"46602",2011-01-01,"Jan 2011","Semi-Detached",5,"Scss","Unabsorbed Inventory"
"46602",2011-01-01,"Jan 2011","Row",11,"Scss","Unabsorbed Inventory"
"46602",2011-01-01,"Jan 2011","Apartment",98,"Scss","Unabsorbed Inventory"
"46602",2011-01-01,"Jan 2011","All",275,"Scss","Unabsorbed Inventory"
"46602",2011-02-01,"Feb 2011","Single",153,"Scss","Unabsorbed Inventory"
"46602",2011-02-01,"Feb 2011","Semi-Detached",3,"Scss","Unabsorbed Inventory"
"46602",2011-02-01,"Feb 2011","Row",10,"Scss","Unabsorbed Inventory"
"46602",2011-02-01,"Feb 2011","Apartment",97,"Scss","Unabsorbed Inventory"
"46602",2011-02-01,"Feb 2011","All",263,"Scss","Unabsorbed Inventory"
"46602",2011-03-01,"Mar 2011","Single",123,"Scss","Unabsorbed Inventory"
"46602",2011-03-01,"Mar 2011","Semi-Detached",4,"Scss","Unabsorbed Inventory"
"46602",2011-03-01,"Mar 2011","Row",10,"Scss","Unabsorbed Inventory"
"46602",2011-03-01,"Mar 2011","Apartment",96,"Scss","Unabsorbed Inventory"
"46602",2011-03-01,"Mar 2011","All",233,"Scss","Unabsorbed Inventory"
"46602",2011-04-01,"Apr 2011","Single",113,"Scss","Unabsorbed Inventory"
"46602",2011-04-01,"Apr 2011","Semi-Detached",3,"Scss","Unabsorbed Inventory"
"46602",2011-04-01,"Apr 2011","Row",9,"Scss","Unabsorbed Inventory"
"46602",2011-04-01,"Apr 2011","Apartment",83,"Scss","Unabsorbed Inventory"
"46602",2011-04-01,"Apr 2011","All",208,"Scss","Unabsorbed Inventory"
"46602",2011-05-01,"May 2011","Single",152,"Scss","Unabsorbed Inventory"
"46602",2011-05-01,"May 2011","Semi-Detached",5,"Scss","Unabsorbed Inventory"
"46602",2011-05-01,"May 2011","Row",9,"Scss","Unabsorbed Inventory"
"46602",2011-05-01,"May 2011","Apartment",57,"Scss","Unabsorbed Inventory"
"46602",2011-05-01,"May 2011","All",223,"Scss","Unabsorbed Inventory"
"46602",2011-06-01,"Jun 2011","Single",161,"Scss","Unabsorbed Inventory"
"46602",2011-06-01,"Jun 2011","Semi-Detached",7,"Scss","Unabsorbed Inventory"
"46602",2011-06-01,"Jun 2011","Row",14,"Scss","Unabsorbed Inventory"
"46602",2011-06-01,"Jun 2011","Apartment",57,"Scss","Unabsorbed Inventory"
"46602",2011-06-01,"Jun 2011","All",239,"Scss","Unabsorbed Inventory"
"46602",2011-07-01,"Jul 2011","Single",151,"Scss","Unabsorbed Inventory"
"46602",2011-07-01,"Jul 2011","Semi-Detached",6,"Scss","Unabsorbed Inventory"
"46602",2011-07-01,"Jul 2011","Row",13,"Scss","Unabsorbed Inventory"
"46602",2011-07-01,"Jul 2011","Apartment",48,"Scss","Unabsorbed Inventory"
"46602",2011-07-01,"Jul 2011","All",218,"Scss","Unabsorbed Inventory"
"46602",2011-08-01,"Aug 2011","Single",166,"Scss","Unabsorbed Inventory"
"46602",2011-08-01,"Aug 2011","Semi-Detached",5,"Scss","Unabsorbed Inventory"
"46602",2011-08-01,"Aug 2011","Row",8,"Scss","Unabsorbed Inventory"
"46602",2011-08-01,"Aug 2011","Apartment",49,"Scss","Unabsorbed Inventory"
"46602",2011-08-01,"Aug 2011","All",228,"Scss","Unabsorbed Inventory"
"46602",2011-09-01,"Sep 2011","Single",157,"Scss","Unabsorbed Inventory"
"46602",2011-09-01,"Sep 2011","Semi-Detached",10,"Scss","Unabsorbed Inventory"
"46602",2011-09-01,"Sep 2011","Row",10,"Scss","Unabsorbed Inventory"
"46602",2011-09-01,"Sep 2011","Apartment",48,"Scss","Unabsorbed Inventory"
"46602",2011-09-01,"Sep 2011","All",225,"Scss","Unabsorbed Inventory"
"46602",2011-10-01,"Oct 2011","Single",192,"Scss","Unabsorbed Inventory"
"46602",2011-10-01,"Oct 2011","Semi-Detached",7,"Scss","Unabsorbed Inventory"
"46602",2011-10-01,"Oct 2011","Row",10,"Scss","Unabsorbed Inventory"
"46602",2011-10-01,"Oct 2011","Apartment",47,"Scss","Unabsorbed Inventory"
"46602",2011-10-01,"Oct 2011","All",256,"Scss","Unabsorbed Inventory"
"46602",2011-11-01,"Nov 2011","Single",196,"Scss","Unabsorbed Inventory"
"46602",2011-11-01,"Nov 2011","Semi-Detached",9,"Scss","Unabsorbed Inventory"
"46602",2011-11-01,"Nov 2011","Row",11,"Scss","Unabsorbed Inventory"
"46602",2011-11-01,"Nov 2011","Apartment",44,"Scss","Unabsorbed Inventory"
"46602",2011-11-01,"Nov 2011","All",260,"Scss","Unabsorbed Inventory"
"46602",2011-12-01,"Dec 2011","Single",185,"Scss","Unabsorbed Inventory"
"46602",2011-12-01,"Dec 2011","Semi-Detached",7,"Scss","Unabsorbed Inventory"
"46602",2011-12-01,"Dec 2011","Row",10,"Scss","Unabsorbed Inventory"
"46602",2011-12-01,"Dec 2011","Apartment",57,"Scss","Unabsorbed Inventory"
"46602",2011-12-01,"Dec 2011","All",259,"Scss","Unabsorbed Inventory"
"46602",2012-01-01,"Jan 2012","Single",163,"Scss","Unabsorbed Inventory"
"46602",2012-01-01,"Jan 2012","Semi-Detached",5,"Scss","Unabsorbed Inventory"
"46602",2012-01-01,"Jan 2012","Row",7,"Scss","Unabsorbed Inventory"
"46602",2012-01-01,"Jan 2012","Apartment",43,"Scss","Unabsorbed Inventory"
"46602",2012-01-01,"Jan 2012","All",218,"Scss","Unabsorbed Inventory"
"46602",2012-02-01,"Feb 2012","Single",152,"Scss","Unabsorbed Inventory"
"46602",2012-02-01,"Feb 2012","Semi-Detached",4,"Scss","Unabsorbed Inventory"
"46602",2012-02-01,"Feb 2012","Row",7,"Scss","Unabsorbed Inventory"
"46602",2012-02-01,"Feb 2012","Apartment",41,"Scss","Unabsorbed Inventory"
"46602",2012-02-01,"Feb 2012","All",204,"Scss","Unabsorbed Inventory"
"46602",2012-03-01,"Mar 2012","Single",118,"Scss","Unabsorbed Inventory"
"46602",2012-03-01,"Mar 2012","Semi-Detached",4,"Scss","Unabsorbed Inventory"
"46602",2012-03-01,"Mar 2012","Row",7,"Scss","Unabsorbed Inventory"
"46602",2012-03-01,"Mar 2012","Apartment",40,"Scss","Unabsorbed Inventory"
"46602",2012-03-01,"Mar 2012","All",169,"Scss","Unabsorbed Inventory"
"46602",2012-04-01,"Apr 2012","Single",114,"Scss","Unabsorbed Inventory"
"46602",2012-04-01,"Apr 2012","Semi-Detached",4,"Scss","Unabsorbed Inventory"
"46602",2012-04-01,"Apr 2012","Row",7,"Scss","Unabsorbed Inventory"
"46602",2012-04-01,"Apr 2012","Apartment",40,"Scss","Unabsorbed Inventory"
"46602",2012-04-01,"Apr 2012","All",165,"Scss","Unabsorbed Inventory"
"46602",2012-05-01,"May 2012","Single",160,"Scss","Unabsorbed Inventory"
"46602",2012-05-01,"May 2012","Semi-Detached",4,"Scss","Unabsorbed Inventory"
"46602",2012-05-01,"May 2012","Row",5,"Scss","Unabsorbed Inventory"
"46602",2012-05-01,"May 2012","Apartment",57,"Scss","Unabsorbed Inventory"
"46602",2012-05-01,"May 2012","All",226,"Scss","Unabsorbed Inventory"
"46602",2012-06-01,"Jun 2012","Single",172,"Scss","Unabsorbed Inventory"
"46602",2012-06-01,"Jun 2012","Semi-Detached",4,"Scss","Unabsorbed Inventory"
"46602",2012-06-01,"Jun 2012","Row",11,"Scss","Unabsorbed Inventory"
"46602",2012-06-01,"Jun 2012","Apartment",66,"Scss","Unabsorbed Inventory"
"46602",2012-06-01,"Jun 2012","All",253,"Scss","Unabsorbed Inventory"
"46602",2012-07-01,"Jul 2012","Single",169,"Scss","Unabsorbed Inventory"
"46602",2012-07-01,"Jul 2012","Semi-Detached",7,"Scss","Unabsorbed Inventory"
"46602",2012-07-01,"Jul 2012","Row",11,"Scss","Unabsorbed Inventory"
"46602",2012-07-01,"Jul 2012","Apartment",63,"Scss","Unabsorbed Inventory"
"46602",2012-07-01,"Jul 2012","All",250,"Scss","Unabsorbed Inventory"
"46602",2012-08-01,"Aug 2012","Single",172,"Scss","Unabsorbed Inventory"
"46602",2012-08-01,"Aug 2012","Semi-Detached",6,"Scss","Unabsorbed Inventory"
"46602",2012-08-01,"Aug 2012","Row",8,"Scss","Unabsorbed Inventory"
"46602",2012-08-01,"Aug 2012","Apartment",65,"Scss","Unabsorbed Inventory"
"46602",2012-08-01,"Aug 2012","All",251,"Scss","Unabsorbed Inventory"
"46602",2012-09-01,"Sep 2012","Single",223,"Scss","Unabsorbed Inventory"
"46602",2012-09-01,"Sep 2012","Semi-Detached",11,"Scss","Unabsorbed Inventory"
"46602",2012-09-01,"Sep 2012","Row",11,"Scss","Unabsorbed Inventory"
"46602",2012-09-01,"Sep 2012","Apartment",90,"Scss","Unabsorbed Inventory"
"46602",2012-09-01,"Sep 2012","All",335,"Scss","Unabsorbed Inventory"
"46602",2012-10-01,"Oct 2012","Single",225,"Scss","Unabsorbed Inventory"
"46602",2012-10-01,"Oct 2012","Semi-Detached",10,"Scss","Unabsorbed Inventory"
"46602",2012-10-01,"Oct 2012","Row",29,"Scss","Unabsorbed Inventory"
"46602",2012-10-01,"Oct 2012","Apartment",89,"Scss","Unabsorbed Inventory"
"46602",2012-10-01,"Oct 2012","All",353,"Scss","Unabsorbed Inventory"
"46602",2012-11-01,"Nov 2012","Single",232,"Scss","Unabsorbed Inventory"
"46602",2012-11-01,"Nov 2012","Semi-Detached",13,"Scss","Unabsorbed Inventory"
"46602",2012-11-01,"Nov 2012","Row",25,"Scss","Unabsorbed Inventory"
"46602",2012-11-01,"Nov 2012","Apartment",90,"Scss","Unabsorbed Inventory"
"46602",2012-11-01,"Nov 2012","All",360,"Scss","Unabsorbed Inventory"
"46602",2012-12-01,"Dec 2012","Single",210,"Scss","Unabsorbed Inventory"
"46602",2012-12-01,"Dec 2012","Semi-Detached",15,"Scss","Unabsorbed Inventory"
"46602",2012-12-01,"Dec 2012","Row",25,"Scss","Unabsorbed Inventory"
"46602",2012-12-01,"Dec 2012","Apartment",101,"Scss","Unabsorbed Inventory"
"46602",2012-12-01,"Dec 2012","All",351,"Scss","Unabsorbed Inventory"
"46602",2013-01-01,"Jan 2013","Single",211,"Scss","Unabsorbed Inventory"
"46602",2013-01-01,"Jan 2013","Semi-Detached",15,"Scss","Unabsorbed Inventory"
"46602",2013-01-01,"Jan 2013","Row",25,"Scss","Unabsorbed Inventory"
"46602",2013-01-01,"Jan 2013","Apartment",104,"Scss","Unabsorbed Inventory"
"46602",2013-01-01,"Jan 2013","All",355,"Scss","Unabsorbed Inventory"
"46602",2013-02-01,"Feb 2013","Single",223,"Scss","Unabsorbed Inventory"
"46602",2013-02-01,"Feb 2013","Semi-Detached",19,"Scss","Unabsorbed Inventory"
"46602",2013-02-01,"Feb 2013","Row",40,"Scss","Unabsorbed Inventory"
"46602",2013-02-01,"Feb 2013","Apartment",90,"Scss","Unabsorbed Inventory"
"46602",2013-02-01,"Feb 2013","All",372,"Scss","Unabsorbed Inventory"
"46602",2013-03-01,"Mar 2013","Single",253,"Scss","Unabsorbed Inventory"
"46602",2013-03-01,"Mar 2013","Semi-Detached",19,"Scss","Unabsorbed Inventory"
"46602",2013-03-01,"Mar 2013","Row",40,"Scss","Unabsorbed Inventory"
"46602",2013-03-01,"Mar 2013","Apartment",89,"Scss","Unabsorbed Inventory"
"46602",2013-03-01,"Mar 2013","All",401,"Scss","Unabsorbed Inventory"
"46602",2013-04-01,"Apr 2013","Single",257,"Scss","Unabsorbed Inventory"
"46602",2013-04-01,"Apr 2013","Semi-Detached",17,"Scss","Unabsorbed Inventory"
"46602",2013-04-01,"Apr 2013","Row",40,"Scss","Unabsorbed Inventory"
"46602",2013-04-01,"Apr 2013","Apartment",89,"Scss","Unabsorbed Inventory"
"46602",2013-04-01,"Apr 2013","All",403,"Scss","Unabsorbed Inventory"
"46602",2013-05-01,"May 2013","Single",268,"Scss","Unabsorbed Inventory"
"46602",2013-05-01,"May 2013","Semi-Detached",19,"Scss","Unabsorbed Inventory"
"46602",2013-05-01,"May 2013","Row",40,"Scss","Unabsorbed Inventory"
"46602",2013-05-01,"May 2013","Apartment",89,"Scss","Unabsorbed Inventory"
"46602",2013-05-01,"May 2013","All",416,"Scss","Unabsorbed Inventory"
"46602",2013-06-01,"Jun 2013","Single",240,"Scss","Unabsorbed Inventory"
"46602",2013-06-01,"Jun 2013","Semi-Detached",11,"Scss","Unabsorbed Inventory"
"46602",2013-06-01,"Jun 2013","Row",53,"Scss","Unabsorbed Inventory"
"46602",2013-06-01,"Jun 2013","Apartment",80,"Scss","Unabsorbed Inventory"
"46602",2013-06-01,"Jun 2013","All",384,"Scss","Unabsorbed Inventory"
"46602",2013-07-01,"Jul 2013","Single",282,"Scss","Unabsorbed Inventory"
"46602",2013-07-01,"Jul 2013","Semi-Detached",8,"Scss","Unabsorbed Inventory"
"46602",2013-07-01,"Jul 2013","Row",44,"Scss","Unabsorbed Inventory"
"46602",2013-07-01,"Jul 2013","Apartment",100,"Scss","Unabsorbed Inventory"
"46602",2013-07-01,"Jul 2013","All",434,"Scss","Unabsorbed Inventory"
"46602",2013-08-01,"Aug 2013","Single",301,"Scss","Unabsorbed Inventory"
"46602",2013-08-01,"Aug 2013","Semi-Detached",10,"Scss","Unabsorbed Inventory"
"46602",2013-08-01,"Aug 2013","Row",44,"Scss","Unabsorbed Inventory"
"46602",2013-08-01,"Aug 2013","Apartment",96,"Scss","Unabsorbed Inventory"
"46602",2013-08-01,"Aug 2013","All",451,"Scss","Unabsorbed Inventory"
"46602",2013-09-01,"Sep 2013","Single",300,"Scss","Unabsorbed Inventory"
"46602",2013-09-01,"Sep 2013","Semi-Detached",15,"Scss","Unabsorbed Inventory"
"46602",2013-09-01,"Sep 2013","Row",29,"Scss","Unabsorbed Inventory"
"46602",2013-09-01,"Sep 2013","Apartment",119,"Scss","Unabsorbed Inventory"
"46602",2013-09-01,"Sep 2013","All",463,"Scss","Unabsorbed Inventory"
"46602",2013-10-01,"Oct 2013","Single",346,"Scss","Unabsorbed Inventory"
"46602",2013-10-01,"Oct 2013","Semi-Detached",19,"Scss","Unabsorbed Inventory"
"46602",2013-10-01,"Oct 2013","Row",11,"Scss","Unabsorbed Inventory"
"46602",2013-10-01,"Oct 2013","Apartment",113,"Scss","Unabsorbed Inventory"
"46602",2013-10-01,"Oct 2013","All",489,"Scss","Unabsorbed Inventory"
"46602",2013-11-01,"Nov 2013","Single",327,"Scss","Unabsorbed Inventory"
"46602",2013-11-01,"Nov 2013","Semi-Detached",23,"Scss","Unabsorbed Inventory"
"46602",2013-11-01,"Nov 2013","Row",17,"Scss","Unabsorbed Inventory"
"46602",2013-11-01,"Nov 2013","Apartment",162,"Scss","Unabsorbed Inventory"
"46602",2013-11-01,"Nov 2013","All",529,"Scss","Unabsorbed Inventory"
"46602",2013-12-01,"Dec 2013","Single",293,"Scss","Unabsorbed Inventory"
"46602",2013-12-01,"Dec 2013","Semi-Detached",11,"Scss","Unabsorbed Inventory"
"46602",2013-12-01,"Dec 2013","Row",56,"Scss","Unabsorbed Inventory"
"46602",2013-12-01,"Dec 2013","Apartment",124,"Scss","Unabsorbed Inventory"
"46602",2013-12-01,"Dec 2013","All",484,"Scss","Unabsorbed Inventory"
"46602",2014-01-01,"Jan 2014","Single",297,"Scss","Unabsorbed Inventory"
"46602",2014-01-01,"Jan 2014","Semi-Detached",12,"Scss","Unabsorbed Inventory"
"46602",2014-01-01,"Jan 2014","Row",57,"Scss","Unabsorbed Inventory"
"46602",2014-01-01,"Jan 2014","Apartment",193,"Scss","Unabsorbed Inventory"
"46602",2014-01-01,"Jan 2014","All",559,"Scss","Unabsorbed Inventory"
"46602",2014-02-01,"Feb 2014","Single",318,"Scss","Unabsorbed Inventory"
"46602",2014-02-01,"Feb 2014","Semi-Detached",11,"Scss","Unabsorbed Inventory"
"46602",2014-02-01,"Feb 2014","Row",47,"Scss","Unabsorbed Inventory"
"46602",2014-02-01,"Feb 2014","Apartment",200,"Scss","Unabsorbed Inventory"
"46602",2014-02-01,"Feb 2014","All",576,"Scss","Unabsorbed Inventory"
"46602",2014-03-01,"Mar 2014","Single",306,"Scss","Unabsorbed Inventory"
"46602",2014-03-01,"Mar 2014","Semi-Detached",18,"Scss","Unabsorbed Inventory"
"46602",2014-03-01,"Mar 2014","Row",37,"Scss","Unabsorbed Inventory"
"46602",2014-03-01,"Mar 2014","Apartment",194,"Scss","Unabsorbed Inventory"
"46602",2014-03-01,"Mar 2014","All",555,"Scss","Unabsorbed Inventory"
"46602",2014-04-01,"Apr 2014","Single",291,"Scss","Unabsorbed Inventory"
"46602",2014-04-01,"Apr 2014","Semi-Detached",16,"Scss","Unabsorbed Inventory"
"46602",2014-04-01,"Apr 2014","Row",32,"Scss","Unabsorbed Inventory"
"46602",2014-04-01,"Apr 2014","Apartment",145,"Scss","Unabsorbed Inventory"
"46602",2014-04-01,"Apr 2014","All",484,"Scss","Unabsorbed Inventory"
"46602",2014-05-01,"May 2014","Single",278,"Scss","Unabsorbed Inventory"
"46602",2014-05-01,"May 2014","Semi-Detached",14,"Scss","Unabsorbed Inventory"
"46602",2014-05-01,"May 2014","Row",36,"Scss","Unabsorbed Inventory"
"46602",2014-05-01,"May 2014","Apartment",128,"Scss","Unabsorbed Inventory"
"46602",2014-05-01,"May 2014","All",456,"Scss","Unabsorbed Inventory"
"46602",2014-06-01,"Jun 2014","Single",269,"Scss","Unabsorbed Inventory"
"46602",2014-06-01,"Jun 2014","Semi-Detached",13,"Scss","Unabsorbed Inventory"
"46602",2014-06-01,"Jun 2014","Row",32,"Scss","Unabsorbed Inventory"
"46602",2014-06-01,"Jun 2014","Apartment",223,"Scss","Unabsorbed Inventory"
"46602",2014-06-01,"Jun 2014","All",537,"Scss","Unabsorbed Inventory"
"46602",2014-07-01,"Jul 2014","Single",228,"Scss","Unabsorbed Inventory"
"46602",2014-07-01,"Jul 2014","Semi-Detached",15,"Scss","Unabsorbed Inventory"
"46602",2014-07-01,"Jul 2014","Row",42,"Scss","Unabsorbed Inventory"
"46602",2014-07-01,"Jul 2014","Apartment",231,"Scss","Unabsorbed Inventory"
"46602",2014-07-01,"Jul 2014","All",516,"Scss","Unabsorbed Inventory"
"46602",2014-08-01,"Aug 2014","Single",191,"Scss","Unabsorbed Inventory"
"46602",2014-08-01,"Aug 2014","Semi-Detached",13,"Scss","Unabsorbed Inventory"
"46602",2014-08-01,"Aug 2014","Row",42,"Scss","Unabsorbed Inventory"
"46602",2014-08-01,"Aug 2014","Apartment",201,"Scss","Unabsorbed Inventory"
"46602",2014-08-01,"Aug 2014","All",447,"Scss","Unabsorbed Inventory"
"46602",2014-09-01,"Sep 2014","Single",201,"Scss","Unabsorbed Inventory"
"46602",2014-09-01,"Sep 2014","Semi-Detached",14,"Scss","Unabsorbed Inventory"
"46602",2014-09-01,"Sep 2014","Row",55,"Scss","Unabsorbed Inventory"
"46602",2014-09-01,"Sep 2014","Apartment",191,"Scss","Unabsorbed Inventory"
"46602",2014-09-01,"Sep 2014","All",461,"Scss","Unabsorbed Inventory"
"46602",2014-10-01,"Oct 2014","Single",217,"Scss","Unabsorbed Inventory"
"46602",2014-10-01,"Oct 2014","Semi-Detached",13,"Scss","Unabsorbed Inventory"
"46602",2014-10-01,"Oct 2014","Row",58,"Scss","Unabsorbed Inventory"
"46602",2014-10-01,"Oct 2014","Apartment",211,"Scss","Unabsorbed Inventory"
"46602",2014-10-01,"Oct 2014","All",499,"Scss","Unabsorbed Inventory"
"46602",2014-11-01,"Nov 2014","Single",231,"Scss","Unabsorbed Inventory"
"46602",2014-11-01,"Nov 2014","Semi-Detached",22,"Scss","Unabsorbed Inventory"
"46602",2014-11-01,"Nov 2014","Row",60,"Scss","Unabsorbed Inventory"
"46602",2014-11-01,"Nov 2014","Apartment",216,"Scss","Unabsorbed Inventory"
"46602",2014-11-01,"Nov 2014","All",529,"Scss","Unabsorbed Inventory"
"46602",2014-12-01,"Dec 2014","Single",241,"Scss","Unabsorbed Inventory"
"46602",2014-12-01,"Dec 2014","Semi-Detached",14,"Scss","Unabsorbed Inventory"
"46602",2014-12-01,"Dec 2014","Row",79,"Scss","Unabsorbed Inventory"
"46602",2014-12-01,"Dec 2014","Apartment",148,"Scss","Unabsorbed Inventory"
"46602",2014-12-01,"Dec 2014","All",482,"Scss","Unabsorbed Inventory"
"46602",2015-01-01,"Jan 2015","Single",261,"Scss","Unabsorbed Inventory"
"46602",2015-01-01,"Jan 2015","Semi-Detached",17,"Scss","Unabsorbed Inventory"
"46602",2015-01-01,"Jan 2015","Row",78,"Scss","Unabsorbed Inventory"
"46602",2015-01-01,"Jan 2015","Apartment",146,"Scss","Unabsorbed Inventory"
"46602",2015-01-01,"Jan 2015","All",502,"Scss","Unabsorbed Inventory"
"46602",2015-02-01,"Feb 2015","Single",283,"Scss","Unabsorbed Inventory"
"46602",2015-02-01,"Feb 2015","Semi-Detached",15,"Scss","Unabsorbed Inventory"
"46602",2015-02-01,"Feb 2015","Row",97,"Scss","Unabsorbed Inventory"
"46602",2015-02-01,"Feb 2015","Apartment",270,"Scss","Unabsorbed Inventory"
"46602",2015-02-01,"Feb 2015","All",665,"Scss","Unabsorbed Inventory"
"46602",2015-03-01,"Mar 2015","Single",287,"Scss","Unabsorbed Inventory"
"46602",2015-03-01,"Mar 2015","Semi-Detached",17,"Scss","Unabsorbed Inventory"
"46602",2015-03-01,"Mar 2015","Row",76,"Scss","Unabsorbed Inventory"
"46602",2015-03-01,"Mar 2015","Apartment",255,"Scss","Unabsorbed Inventory"
"46602",2015-03-01,"Mar 2015","All",635,"Scss","Unabsorbed Inventory"
"46602",2015-04-01,"Apr 2015","Single",305,"Scss","Unabsorbed Inventory"
"46602",2015-04-01,"Apr 2015","Semi-Detached",21,"Scss","Unabsorbed Inventory"
"46602",2015-04-01,"Apr 2015","Row",77,"Scss","Unabsorbed Inventory"
"46602",2015-04-01,"Apr 2015","Apartment",234,"Scss","Unabsorbed Inventory"
"46602",2015-04-01,"Apr 2015","All",637,"Scss","Unabsorbed Inventory"
"46602",2015-05-01,"May 2015","Single",284,"Scss","Unabsorbed Inventory"
"46602",2015-05-01,"May 2015","Semi-Detached",26,"Scss","Unabsorbed Inventory"
"46602",2015-05-01,"May 2015","Row",87,"Scss","Unabsorbed Inventory"
"46602",2015-05-01,"May 2015","Apartment",248,"Scss","Unabsorbed Inventory"
"46602",2015-05-01,"May 2015","All",645,"Scss","Unabsorbed Inventory"
"46602",2015-06-01,"Jun 2015","Single",273,"Scss","Unabsorbed Inventory"
"46602",2015-06-01,"Jun 2015","Semi-Detached",32,"Scss","Unabsorbed Inventory"
"46602",2015-06-01,"Jun 2015","Row",87,"Scss","Unabsorbed Inventory"
"46602",2015-06-01,"Jun 2015","Apartment",269,"Scss","Unabsorbed Inventory"
"46602",2015-06-01,"Jun 2015","All",661,"Scss","Unabsorbed Inventory"
"46602",2015-07-01,"Jul 2015","Single",254,"Scss","Unabsorbed Inventory"
"46602",2015-07-01,"Jul 2015","Semi-Detached",43,"Scss","Unabsorbed Inventory"
"46602",2015-07-01,"Jul 2015","Row",74,"Scss","Unabsorbed Inventory"
"46602",2015-07-01,"Jul 2015","Apartment",259,"Scss","Unabsorbed Inventory"
"46602",2015-07-01,"Jul 2015","All",630,"Scss","Unabsorbed Inventory"
"46602",2015-08-01,"Aug 2015","Single",247,"Scss","Unabsorbed Inventory"
"46602",2015-08-01,"Aug 2015","Semi-Detached",32,"Scss","Unabsorbed Inventory"
"46602",2015-08-01,"Aug 2015","Row",67,"Scss","Unabsorbed Inventory"
"46602",2015-08-01,"Aug 2015","Apartment",228,"Scss","Unabsorbed Inventory"
"46602",2015-08-01,"Aug 2015","All",574,"Scss","Unabsorbed Inventory"
"46602",2015-09-01,"Sep 2015","Single",228,"Scss","Unabsorbed Inventory"
"46602",2015-09-01,"Sep 2015","Semi-Detached",31,"Scss","Unabsorbed Inventory"
"46602",2015-09-01,"Sep 2015","Row",66,"Scss","Unabsorbed Inventory"
"46602",2015-09-01,"Sep 2015","Apartment",238,"Scss","Unabsorbed Inventory"
"46602",2015-09-01,"Sep 2015","All",563,"Scss","Unabsorbed Inventory"
"46602",2015-10-01,"Oct 2015","Single",232,"Scss","Unabsorbed Inventory"
"46602",2015-10-01,"Oct 2015","Semi-Detached",36,"Scss","Unabsorbed Inventory"
"46602",2015-10-01,"Oct 2015","Row",67,"Scss","Unabsorbed Inventory"
"46602",2015-10-01,"Oct 2015","Apartment",267,"Scss","Unabsorbed Inventory"
"46602",2015-10-01,"Oct 2015","All",602,"Scss","Unabsorbed Inventory"
"46602",2015-11-01,"Nov 2015","Single",246,"Scss","Unabsorbed Inventory"
"46602",2015-11-01,"Nov 2015","Semi-Detached",44,"Scss","Unabsorbed Inventory"
"46602",2015-11-01,"Nov 2015","Row",90,"Scss","Unabsorbed Inventory"
"46602",2015-11-01,"Nov 2015","Apartment",285,"Scss","Unabsorbed Inventory"
"46602",2015-11-01,"Nov 2015","All",665,"Scss","Unabsorbed Inventory"
"46602",2015-12-01,"Dec 2015","Single",258,"Scss","Unabsorbed Inventory"
"46602",2015-12-01,"Dec 2015","Semi-Detached",41,"Scss","Unabsorbed Inventory"
"46602",2015-12-01,"Dec 2015","Row",90,"Scss","Unabsorbed Inventory"
"46602",2015-12-01,"Dec 2015","Apartment",426,"Scss","Unabsorbed Inventory"
"46602",2015-12-01,"Dec 2015","All",815,"Scss","Unabsorbed Inventory"
"46602",2016-01-01,"Jan 2016","Single",249,"Scss","Unabsorbed Inventory"
"46602",2016-01-01,"Jan 2016","Semi-Detached",27,"Scss","Unabsorbed Inventory"
"46602",2016-01-01,"Jan 2016","Row",86,"Scss","Unabsorbed Inventory"
"46602",2016-01-01,"Jan 2016","Apartment",406,"Scss","Unabsorbed Inventory"
"46602",2016-01-01,"Jan 2016","All",768,"Scss","Unabsorbed Inventory"
"46602",2016-02-01,"Feb 2016","Single",294,"Scss","Unabsorbed Inventory"
"46602",2016-02-01,"Feb 2016","Semi-Detached",28,"Scss","Unabsorbed Inventory"
"46602",2016-02-01,"Feb 2016","Row",74,"Scss","Unabsorbed Inventory"
"46602",2016-02-01,"Feb 2016","Apartment",350,"Scss","Unabsorbed Inventory"
"46602",2016-02-01,"Feb 2016","All",746,"Scss","Unabsorbed Inventory"
"46602",2016-03-01,"Mar 2016","Single",266,"Scss","Unabsorbed Inventory"
"46602",2016-03-01,"Mar 2016","Semi-Detached",30,"Scss","Unabsorbed Inventory"
"46602",2016-03-01,"Mar 2016","Row",63,"Scss","Unabsorbed Inventory"
"46602",2016-03-01,"Mar 2016","Apartment",378,"Scss","Unabsorbed Inventory"
"46602",2016-03-01,"Mar 2016","All",737,"Scss","Unabsorbed Inventory"
"46602",2016-04-01,"Apr 2016","Single",246,"Scss","Unabsorbed Inventory"
"46602",2016-04-01,"Apr 2016","Semi-Detached",51,"Scss","Unabsorbed Inventory"
"46602",2016-04-01,"Apr 2016","Row",60,"Scss","Unabsorbed Inventory"
"46602",2016-04-01,"Apr 2016","Apartment",339,"Scss","Unabsorbed Inventory"
"46602",2016-04-01,"Apr 2016","All",696,"Scss","Unabsorbed Inventory"
"46602",2016-05-01,"May 2016","Single",218,"Scss","Unabsorbed Inventory"
"46602",2016-05-01,"May 2016","Semi-Detached",37,"Scss","Unabsorbed Inventory"
"46602",2016-05-01,"May 2016","Row",54,"Scss","Unabsorbed Inventory"
"46602",2016-05-01,"May 2016","Apartment",303,"Scss","Unabsorbed Inventory"
"46602",2016-05-01,"May 2016","All",612,"Scss","Unabsorbed Inventory"
"46602",2016-06-01,"Jun 2016","Single",214,"Scss","Unabsorbed Inventory"
"46602",2016-06-01,"Jun 2016","Semi-Detached",35,"Scss","Unabsorbed Inventory"
"46602",2016-06-01,"Jun 2016","Row",53,"Scss","Unabsorbed Inventory"
"46602",2016-06-01,"Jun 2016","Apartment",290,"Scss","Unabsorbed Inventory"
"46602",2016-06-01,"Jun 2016","All",592,"Scss","Unabsorbed Inventory"
"46602",2016-07-01,"Jul 2016","Single",186,"Scss","Unabsorbed Inventory"
"46602",2016-07-01,"Jul 2016","Semi-Detached",42,"Scss","Unabsorbed Inventory"
"46602",2016-07-01,"Jul 2016","Row",48,"Scss","Unabsorbed Inventory"
"46602",2016-07-01,"Jul 2016","Apartment",249,"Scss","Unabsorbed Inventory"
"46602",2016-07-01,"Jul 2016","All",525,"Scss","Unabsorbed Inventory"
"46602",2016-08-01,"Aug 2016","Single",162,"Scss","Unabsorbed Inventory"
"46602",2016-08-01,"Aug 2016","Semi-Detached",25,"Scss","Unabsorbed Inventory"
"46602",2016-08-01,"Aug 2016","Row",44,"Scss","Unabsorbed Inventory"
"46602",2016-08-01,"Aug 2016","Apartment",240,"Scss","Unabsorbed Inventory"
"46602",2016-08-01,"Aug 2016","All",471,"Scss","Unabsorbed Inventory"
"46602",2016-09-01,"Sep 2016","Single",168,"Scss","Unabsorbed Inventory"
"46602",2016-09-01,"Sep 2016","Semi-Detached",26,"Scss","Unabsorbed Inventory"
"46602",2016-09-01,"Sep 2016","Row",38,"Scss","Unabsorbed Inventory"
"46602",2016-09-01,"Sep 2016","Apartment",250,"Scss","Unabsorbed Inventory"
"46602",2016-09-01,"Sep 2016","All",482,"Scss","Unabsorbed Inventory"
"46602",2016-10-01,"Oct 2016","Single",170,"Scss","Unabsorbed Inventory"
"46602",2016-10-01,"Oct 2016","Semi-Detached",22,"Scss","Unabsorbed Inventory"
"46602",2016-10-01,"Oct 2016","Row",24,"Scss","Unabsorbed Inventory"
"46602",2016-10-01,"Oct 2016","Apartment",233,"Scss","Unabsorbed Inventory"
"46602",2016-10-01,"Oct 2016","All",449,"Scss","Unabsorbed Inventory"
"46602",2016-11-01,"Nov 2016","Single",195,"Scss","Unabsorbed Inventory"
"46602",2016-11-01,"Nov 2016","Semi-Detached",18,"Scss","Unabsorbed Inventory"
"46602",2016-11-01,"Nov 2016","Row",50,"Scss","Unabsorbed Inventory"
"46602",2016-11-01,"Nov 2016","Apartment",448,"Scss","Unabsorbed Inventory"
"46602",2016-11-01,"Nov 2016","All",711,"Scss","Unabsorbed Inventory"
"46602",2016-12-01,"Dec 2016","Single",221,"Scss","Unabsorbed Inventory"
"46602",2016-12-01,"Dec 2016","Semi-Detached",23,"Scss","Unabsorbed Inventory"
"46602",2016-12-01,"Dec 2016","Row",41,"Scss","Unabsorbed Inventory"
"46602",2016-12-01,"Dec 2016","Apartment",310,"Scss","Unabsorbed Inventory"
"46602",2016-12-01,"Dec 2016","All",595,"Scss","Unabsorbed Inventory"
"46602",2017-01-01,"Jan 2017","Single",230,"Scss","Unabsorbed Inventory"
"46602",2017-01-01,"Jan 2017","Semi-Detached",25,"Scss","Unabsorbed Inventory"
"46602",2017-01-01,"Jan 2017","Row",74,"Scss","Unabsorbed Inventory"
"46602",2017-01-01,"Jan 2017","Apartment",293,"Scss","Unabsorbed Inventory"
"46602",2017-01-01,"Jan 2017","All",622,"Scss","Unabsorbed Inventory"
"46602",2017-02-01,"Feb 2017","Single",214,"Scss","Unabsorbed Inventory"
"46602",2017-02-01,"Feb 2017","Semi-Detached",31,"Scss","Unabsorbed Inventory"
"46602",2017-02-01,"Feb 2017","Row",68,"Scss","Unabsorbed Inventory"
"46602",2017-02-01,"Feb 2017","Apartment",217,"Scss","Unabsorbed Inventory"
"46602",2017-02-01,"Feb 2017","All",530,"Scss","Unabsorbed Inventory"
"46602",2017-03-01,"Mar 2017","Single",201,"Scss","Unabsorbed Inventory"
"46602",2017-03-01,"Mar 2017","Semi-Detached",33,"Scss","Unabsorbed Inventory"
"46602",2017-03-01,"Mar 2017","Row",54,"Scss","Unabsorbed Inventory"
"46602",2017-03-01,"Mar 2017","Apartment",204,"Scss","Unabsorbed Inventory"
"46602",2017-03-01,"Mar 2017","All",492,"Scss","Unabsorbed Inventory"
"46602",2017-04-01,"Apr 2017","Single",208,"Scss","Unabsorbed Inventory"
"46602",2017-04-01,"Apr 2017","Semi-Detached",34,"Scss","Unabsorbed Inventory"
"46602",2017-04-01,"Apr 2017","Row",34,"Scss","Unabsorbed Inventory"
"46602",2017-04-01,"Apr 2017","Apartment",202,"Scss","Unabsorbed Inventory"
"46602",2017-04-01,"Apr 2017","All",478,"Scss","Unabsorbed Inventory"
"46602",2017-05-01,"May 2017","Single",203,"Scss","Unabsorbed Inventory"
"46602",2017-05-01,"May 2017","Semi-Detached",37,"Scss","Unabsorbed Inventory"
"46602",2017-05-01,"May 2017","Row",29,"Scss","Unabsorbed Inventory"
"46602",2017-05-01,"May 2017","Apartment",188,"Scss","Unabsorbed Inventory"
"46602",2017-05-01,"May 2017","All",457,"Scss","Unabsorbed Inventory"
"46602",2017-06-01,"Jun 2017","Single",171,"Scss","Unabsorbed Inventory"
"46602",2017-06-01,"Jun 2017","Semi-Detached",36,"Scss","Unabsorbed Inventory"
"46602",2017-06-01,"Jun 2017","Row",51,"Scss","Unabsorbed Inventory"
"46602",2017-06-01,"Jun 2017","Apartment",175,"Scss","Unabsorbed Inventory"
"46602",2017-06-01,"Jun 2017","All",433,"Scss","Unabsorbed Inventory"
"46602",2017-07-01,"Jul 2017","Single",181,"Scss","Unabsorbed Inventory"
"46602",2017-07-01,"Jul 2017","Semi-Detached",26,"Scss","Unabsorbed Inventory"
"46602",2017-07-01,"Jul 2017","Row",40,"Scss","Unabsorbed Inventory"
"46602",2017-07-01,"Jul 2017","Apartment",219,"Scss","Unabsorbed Inventory"
"46602",2017-07-01,"Jul 2017","All",466,"Scss","Unabsorbed Inventory"
"46602",2017-08-01,"Aug 2017","Single",176,"Scss","Unabsorbed Inventory"
"46602",2017-08-01,"Aug 2017","Semi-Detached",20,"Scss","Unabsorbed Inventory"
"46602",2017-08-01,"Aug 2017","Row",40,"Scss","Unabsorbed Inventory"
"46602",2017-08-01,"Aug 2017","Apartment",164,"Scss","Unabsorbed Inventory"
"46602",2017-08-01,"Aug 2017","All",400,"Scss","Unabsorbed Inventory"
"46602",2017-09-01,"Sep 2017","Single",194,"Scss","Unabsorbed Inventory"
"46602",2017-09-01,"Sep 2017","Semi-Detached",14,"Scss","Unabsorbed Inventory"
"46602",2017-09-01,"Sep 2017","Row",50,"Scss","Unabsorbed Inventory"
"46602",2017-09-01,"Sep 2017","Apartment",175,"Scss","Unabsorbed Inventory"
"46602",2017-09-01,"Sep 2017","All",433,"Scss","Unabsorbed Inventory"
"46602",2017-10-01,"Oct 2017","Single",229,"Scss","Unabsorbed Inventory"
"46602",2017-10-01,"Oct 2017","Semi-Detached",23,"Scss","Unabsorbed Inventory"
"46602",2017-10-01,"Oct 2017","Row",53,"Scss","Unabsorbed Inventory"
"46602",2017-10-01,"Oct 2017","Apartment",162,"Scss","Unabsorbed Inventory"
"46602",2017-10-01,"Oct 2017","All",467,"Scss","Unabsorbed Inventory"
"46602",2017-11-01,"Nov 2017","Single",228,"Scss","Unabsorbed Inventory"
"46602",2017-11-01,"Nov 2017","Semi-Detached",31,"Scss","Unabsorbed Inventory"
"46602",2017-11-01,"Nov 2017","Row",41,"Scss","Unabsorbed Inventory"
"46602",2017-11-01,"Nov 2017","Apartment",194,"Scss","Unabsorbed Inventory"
"46602",2017-11-01,"Nov 2017","All",494,"Scss","Unabsorbed Inventory"
"46602",2017-12-01,"Dec 2017","Single",246,"Scss","Unabsorbed Inventory"
"46602",2017-12-01,"Dec 2017","Semi-Detached",35,"Scss","Unabsorbed Inventory"
"46602",2017-12-01,"Dec 2017","Row",40,"Scss","Unabsorbed Inventory"
"46602",2017-12-01,"Dec 2017","Apartment",156,"Scss","Unabsorbed Inventory"
"46602",2017-12-01,"Dec 2017","All",477,"Scss","Unabsorbed Inventory"
"46602",2018-01-01,"Jan 2018","Single",259,"Scss","Unabsorbed Inventory"
"46602",2018-01-01,"Jan 2018","Semi-Detached",41,"Scss","Unabsorbed Inventory"
"46602",2018-01-01,"Jan 2018","Row",62,"Scss","Unabsorbed Inventory"
"46602",2018-01-01,"Jan 2018","Apartment",123,"Scss","Unabsorbed Inventory"
"46602",2018-01-01,"Jan 2018","All",485,"Scss","Unabsorbed Inventory"
"46602",2018-02-01,"Feb 2018","Single",263,"Scss","Unabsorbed Inventory"
"46602",2018-02-01,"Feb 2018","Semi-Detached",42,"Scss","Unabsorbed Inventory"
"46602",2018-02-01,"Feb 2018","Row",65,"Scss","Unabsorbed Inventory"
"46602",2018-02-01,"Feb 2018","Apartment",151,"Scss","Unabsorbed Inventory"
"46602",2018-02-01,"Feb 2018","All",521,"Scss","Unabsorbed Inventory"
"46602",2018-03-01,"Mar 2018","Single",279,"Scss","Unabsorbed Inventory"
"46602",2018-03-01,"Mar 2018","Semi-Detached",66,"Scss","Unabsorbed Inventory"
"46602",2018-03-01,"Mar 2018","Row",54,"Scss","Unabsorbed Inventory"
"46602",2018-03-01,"Mar 2018","Apartment",144,"Scss","Unabsorbed Inventory"
"46602",2018-03-01,"Mar 2018","All",543,"Scss","Unabsorbed Inventory"
"46602",2018-04-01,"Apr 2018","Single",296,"Scss","Unabsorbed Inventory"
"46602",2018-04-01,"Apr 2018","Semi-Detached",74,"Scss","Unabsorbed Inventory"
"46602",2018-04-01,"Apr 2018","Row",55,"Scss","Unabsorbed Inventory"
"46602",2018-04-01,"Apr 2018","Apartment",145,"Scss","Unabsorbed Inventory"
"46602",2018-04-01,"Apr 2018","All",570,"Scss","Unabsorbed Inventory"
"46602",2018-05-01,"May 2018","Single",296,"Scss","Unabsorbed Inventory"
"46602",2018-05-01,"May 2018","Semi-Detached",64,"Scss","Unabsorbed Inventory"
"46602",2018-05-01,"May 2018","Row",55,"Scss","Unabsorbed Inventory"
"46602",2018-05-01,"May 2018","Apartment",144,"Scss","Unabsorbed Inventory"
"46602",2018-05-01,"May 2018","All",559,"Scss","Unabsorbed Inventory"
"46602",2018-06-01,"Jun 2018","Single",299,"Scss","Unabsorbed Inventory"
"46602",2018-06-01,"Jun 2018","Semi-Detached",71,"Scss","Unabsorbed Inventory"
"46602",2018-06-01,"Jun 2018","Row",57,"Scss","Unabsorbed Inventory"
"46602",2018-06-01,"Jun 2018","Apartment",139,"Scss","Unabsorbed Inventory"
"46602",2018-06-01,"Jun 2018","All",566,"Scss","Unabsorbed Inventory"
"46602",2018-07-01,"Jul 2018","Single",292,"Scss","Unabsorbed Inventory"
"46602",2018-07-01,"Jul 2018","Semi-Detached",45,"Scss","Unabsorbed Inventory"
"46602",2018-07-01,"Jul 2018","Row",40,"Scss","Unabsorbed Inventory"
"46602",2018-07-01,"Jul 2018","Apartment",151,"Scss","Unabsorbed Inventory"
"46602",2018-07-01,"Jul 2018","All",528,"Scss","Unabsorbed Inventory"
"46602",2018-08-01,"Aug 2018","Single",278,"Scss","Unabsorbed Inventory"
"46602",2018-08-01,"Aug 2018","Semi-Detached",37,"Scss","Unabsorbed Inventory"
"46602",2018-08-01,"Aug 2018","Row",40,"Scss","Unabsorbed Inventory"
"46602",2018-08-01,"Aug 2018","Apartment",134,"Scss","Unabsorbed Inventory"
"46602",2018-08-01,"Aug 2018","All",489,"Scss","Unabsorbed Inventory"
"46602",2018-09-01,"Sep 2018","Single",276,"Scss","Unabsorbed Inventory"
"46602",2018-09-01,"Sep 2018","Semi-Detached",29,"Scss","Unabsorbed Inventory"
"46602",2018-09-01,"Sep 2018","Row",41,"Scss","Unabsorbed Inventory"
"46602",2018-09-01,"Sep 2018","Apartment",137,"Scss","Unabsorbed Inventory"
"46602",2018-09-01,"Sep 2018","All",483,"Scss","Unabsorbed Inventory"
"46602",2018-10-01,"Oct 2018","Single",314,"Scss","Unabsorbed Inventory"
"46602",2018-10-01,"Oct 2018","Semi-Detached",33,"Scss","Unabsorbed Inventory"
"46602",2018-10-01,"Oct 2018","Row",38,"Scss","Unabsorbed Inventory"
"46602",2018-10-01,"Oct 2018","Apartment",130,"Scss","Unabsorbed Inventory"
"46602",2018-10-01,"Oct 2018","All",515,"Scss","Unabsorbed Inventory"
"46602",2018-11-01,"Nov 2018","Single",338,"Scss","Unabsorbed Inventory"
"46602",2018-11-01,"Nov 2018","Semi-Detached",31,"Scss","Unabsorbed Inventory"
"46602",2018-11-01,"Nov 2018","Row",57,"Scss","Unabsorbed Inventory"
"46602",2018-11-01,"Nov 2018","Apartment",224,"Scss","Unabsorbed Inventory"
"46602",2018-11-01,"Nov 2018","All",650,"Scss","Unabsorbed Inventory"
"46602",2018-12-01,"Dec 2018","Single",343,"Scss","Unabsorbed Inventory"
"46602",2018-12-01,"Dec 2018","Semi-Detached",30,"Scss","Unabsorbed Inventory"
"46602",2018-12-01,"Dec 2018","Row",72,"Scss","Unabsorbed Inventory"
"46602",2018-12-01,"Dec 2018","Apartment",276,"Scss","Unabsorbed Inventory"
"46602",2018-12-01,"Dec 2018","All",721,"Scss","Unabsorbed Inventory"
"46602",2019-01-01,"Jan 2019","Single",338,"Scss","Unabsorbed Inventory"
"46602",2019-01-01,"Jan 2019","Semi-Detached",37,"Scss","Unabsorbed Inventory"
"46602",2019-01-01,"Jan 2019","Row",79,"Scss","Unabsorbed Inventory"
"46602",2019-01-01,"Jan 2019","Apartment",314,"Scss","Unabsorbed Inventory"
"46602",2019-01-01,"Jan 2019","All",768,"Scss","Unabsorbed Inventory"
"46602",2019-02-01,"Feb 2019","Single",382,"Scss","Unabsorbed Inventory"
"46602",2019-02-01,"Feb 2019","Semi-Detached",42,"Scss","Unabsorbed Inventory"
"46602",2019-02-01,"Feb 2019","Row",79,"Scss","Unabsorbed Inventory"
"46602",2019-02-01,"Feb 2019","Apartment",341,"Scss","Unabsorbed Inventory"
"46602",2019-02-01,"Feb 2019","All",844,"Scss","Unabsorbed Inventory"
"46602",2019-03-01,"Mar 2019","Single",378,"Scss","Unabsorbed Inventory"
"46602",2019-03-01,"Mar 2019","Semi-Detached",38,"Scss","Unabsorbed Inventory"
"46602",2019-03-01,"Mar 2019","Row",66,"Scss","Unabsorbed Inventory"
"46602",2019-03-01,"Mar 2019","Apartment",342,"Scss","Unabsorbed Inventory"
"46602",2019-03-01,"Mar 2019","All",824,"Scss","Unabsorbed Inventory"
"46602",2019-04-01,"Apr 2019","Single",341,"Scss","Unabsorbed Inventory"
"46602",2019-04-01,"Apr 2019","Semi-Detached",42,"Scss","Unabsorbed Inventory"
"46602",2019-04-01,"Apr 2019","Row",66,"Scss","Unabsorbed Inventory"
"46602",2019-04-01,"Apr 2019","Apartment",342,"Scss","Unabsorbed Inventory"
"46602",2019-04-01,"Apr 2019","All",791,"Scss","Unabsorbed Inventory"
"46602",2019-05-01,"May 2019","Single",334,"Scss","Unabsorbed Inventory"
"46602",2019-05-01,"May 2019","Semi-Detached",38,"Scss","Unabsorbed Inventory"
"46602",2019-05-01,"May 2019","Row",56,"Scss","Unabsorbed Inventory"
"46602",2019-05-01,"May 2019","Apartment",301,"Scss","Unabsorbed Inventory"
"46602",2019-05-01,"May 2019","All",729,"Scss","Unabsorbed Inventory"
"46602",2019-06-01,"Jun 2019","Single",302,"Scss","Unabsorbed Inventory"
"46602",2019-06-01,"Jun 2019","Semi-Detached",41,"Scss","Unabsorbed Inventory"
"46602",2019-06-01,"Jun 2019","Row",45,"Scss","Unabsorbed Inventory"
"46602",2019-06-01,"Jun 2019","Apartment",279,"Scss","Unabsorbed Inventory"
"46602",2019-06-01,"Jun 2019","All",667,"Scss","Unabsorbed Inventory"
"46602",2019-07-01,"Jul 2019","Single",274,"Scss","Unabsorbed Inventory"
"46602",2019-07-01,"Jul 2019","Semi-Detached",36,"Scss","Unabsorbed Inventory"
"46602",2019-07-01,"Jul 2019","Row",46,"Scss","Unabsorbed Inventory"
"46602",2019-07-01,"Jul 2019","Apartment",258,"Scss","Unabsorbed Inventory"
"46602",2019-07-01,"Jul 2019","All",614,"Scss","Unabsorbed Inventory"
"46602",2019-08-01,"Aug 2019","Single",269,"Scss","Unabsorbed Inventory"
"46602",2019-08-01,"Aug 2019","Semi-Detached",30,"Scss","Unabsorbed Inventory"
"46602",2019-08-01,"Aug 2019","Row",39,"Scss","Unabsorbed Inventory"
"46602",2019-08-01,"Aug 2019","Apartment",261,"Scss","Unabsorbed Inventory"
"46602",2019-08-01,"Aug 2019","All",599,"Scss","Unabsorbed Inventory"
"46602",2019-09-01,"Sep 2019","Single",298,"Scss","Unabsorbed Inventory"
"46602",2019-09-01,"Sep 2019","Semi-Detached",29,"Scss","Unabsorbed Inventory"
"46602",2019-09-01,"Sep 2019","Row",43,"Scss","Unabsorbed Inventory"
"46602",2019-09-01,"Sep 2019","Apartment",241,"Scss","Unabsorbed Inventory"
"46602",2019-09-01,"Sep 2019","All",611,"Scss","Unabsorbed Inventory"
"46602",2019-10-01,"Oct 2019","Single",301,"Scss","Unabsorbed Inventory"
"46602",2019-10-01,"Oct 2019","Semi-Detached",25,"Scss","Unabsorbed Inventory"
"46602",2019-10-01,"Oct 2019","Row",38,"Scss","Unabsorbed Inventory"
"46602",2019-10-01,"Oct 2019","Apartment",229,"Scss","Unabsorbed Inventory"
"46602",2019-10-01,"Oct 2019","All",593,"Scss","Unabsorbed Inventory"
"46602",2019-11-01,"Nov 2019","Single",312,"Scss","Unabsorbed Inventory"
"46602",2019-11-01,"Nov 2019","Semi-Detached",32,"Scss","Unabsorbed Inventory"
"46602",2019-11-01,"Nov 2019","Row",35,"Scss","Unabsorbed Inventory"
"46602",2019-11-01,"Nov 2019","Apartment",249,"Scss","Unabsorbed Inventory"
"46602",2019-11-01,"Nov 2019","All",628,"Scss","Unabsorbed Inventory"
"46602",2019-12-01,"Dec 2019","Single",302,"Scss","Unabsorbed Inventory"
"46602",2019-12-01,"Dec 2019","Semi-Detached",29,"Scss","Unabsorbed Inventory"
"46602",2019-12-01,"Dec 2019","Row",30,"Scss","Unabsorbed Inventory"
"46602",2019-12-01,"Dec 2019","Apartment",236,"Scss","Unabsorbed Inventory"
"46602",2019-12-01,"Dec 2019","All",597,"Scss","Unabsorbed Inventory"
"46602",2020-01-01,"Jan 2020","Single",291,"Scss","Unabsorbed Inventory"
"46602",2020-01-01,"Jan 2020","Semi-Detached",28,"Scss","Unabsorbed Inventory"
"46602",2020-01-01,"Jan 2020","Row",44,"Scss","Unabsorbed Inventory"
"46602",2020-01-01,"Jan 2020","Apartment",231,"Scss","Unabsorbed Inventory"
"46602",2020-01-01,"Jan 2020","All",594,"Scss","Unabsorbed Inventory"
"46602",2020-02-01,"Feb 2020","Single",296,"Scss","Unabsorbed Inventory"
"46602",2020-02-01,"Feb 2020","Semi-Detached",37,"Scss","Unabsorbed Inventory"
"46602",2020-02-01,"Feb 2020","Row",43,"Scss","Unabsorbed Inventory"
"46602",2020-02-01,"Feb 2020","Apartment",222,"Scss","Unabsorbed Inventory"
"46602",2020-02-01,"Feb 2020","All",598,"Scss","Unabsorbed Inventory"
"46602",2020-03-01,"Mar 2020","Single",302,"Scss","Unabsorbed Inventory"
"46602",2020-03-01,"Mar 2020","Semi-Detached",53,"Scss","Unabsorbed Inventory"
"46602",2020-03-01,"Mar 2020","Row",39,"Scss","Unabsorbed Inventory"
"46602",2020-03-01,"Mar 2020","Apartment",205,"Scss","Unabsorbed Inventory"
"46602",2020-03-01,"Mar 2020","All",599,"Scss","Unabsorbed Inventory"
"46602",2020-04-01,"Apr 2020","Single",306,"Scss","Unabsorbed Inventory"
"46602",2020-04-01,"Apr 2020","Semi-Detached",36,"Scss","Unabsorbed Inventory"
"46602",2020-04-01,"Apr 2020","Row",34,"Scss","Unabsorbed Inventory"
"46602",2020-04-01,"Apr 2020","Apartment",189,"Scss","Unabsorbed Inventory"
"46602",2020-04-01,"Apr 2020","All",565,"Scss","Unabsorbed Inventory"
"46602",2020-05-01,"May 2020","Single",280,"Scss","Unabsorbed Inventory"
"46602",2020-05-01,"May 2020","Semi-Detached",32,"Scss","Unabsorbed Inventory"
"46602",2020-05-01,"May 2020","Row",39,"Scss","Unabsorbed Inventory"
"46602",2020-05-01,"May 2020","Apartment",181,"Scss","Unabsorbed Inventory"
"46602",2020-05-01,"May 2020","All",532,"Scss","Unabsorbed Inventory"
"46602",2020-06-01,"Jun 2020","Single",279,"Scss","Unabsorbed Inventory"
"46602",2020-06-01,"Jun 2020","Semi-Detached",32,"Scss","Unabsorbed Inventory"
"46602",2020-06-01,"Jun 2020","Row",37,"Scss","Unabsorbed Inventory"
"46602",2020-06-01,"Jun 2020","Apartment",166,"Scss","Unabsorbed Inventory"
"46602",2020-06-01,"Jun 2020","All",514,"Scss","Unabsorbed Inventory"
"46602",2020-07-01,"Jul 2020","Single",226,"Scss","Unabsorbed Inventory"
"46602",2020-07-01,"Jul 2020","Semi-Detached",31,"Scss","Unabsorbed Inventory"
"46602",2020-07-01,"Jul 2020","Row",67,"Scss","Unabsorbed Inventory"
"46602",2020-07-01,"Jul 2020","Apartment",154,"Scss","Unabsorbed Inventory"
"46602",2020-07-01,"Jul 2020","All",478,"Scss","Unabsorbed Inventory"
"46602",2020-08-01,"Aug 2020","Single",219,"Scss","Unabsorbed Inventory"
"46602",2020-08-01,"Aug 2020","Semi-Detached",26,"Scss","Unabsorbed Inventory"
"46602",2020-08-01,"Aug 2020","Row",41,"Scss","Unabsorbed Inventory"
"46602",2020-08-01,"Aug 2020","Apartment",143,"Scss","Unabsorbed Inventory"
"46602",2020-08-01,"Aug 2020","All",429,"Scss","Unabsorbed Inventory"
"46602",2020-09-01,"Sep 2020","Single",224,"Scss","Unabsorbed Inventory"
"46602",2020-09-01,"Sep 2020","Semi-Detached",31,"Scss","Unabsorbed Inventory"
"46602",2020-09-01,"Sep 2020","Row",46,"Scss","Unabsorbed Inventory"
"46602",2020-09-01,"Sep 2020","Apartment",141,"Scss","Unabsorbed Inventory"
"46602",2020-09-01,"Sep 2020","All",442,"Scss","Unabsorbed Inventory"
"46602",2020-10-01,"Oct 2020","Single",197,"Scss","Unabsorbed Inventory"
"46602",2020-10-01,"Oct 2020","Semi-Detached",27,"Scss","Unabsorbed Inventory"
"46602",2020-10-01,"Oct 2020","Row",42,"Scss","Unabsorbed Inventory"
"46602",2020-10-01,"Oct 2020","Apartment",126,"Scss","Unabsorbed Inventory"
"46602",2020-10-01,"Oct 2020","All",392,"Scss","Unabsorbed Inventory"
"46602",2020-11-01,"Nov 2020","Single",173,"Scss","Unabsorbed Inventory"
"46602",2020-11-01,"Nov 2020","Semi-Detached",30,"Scss","Unabsorbed Inventory"
"46602",2020-11-01,"Nov 2020","Row",44,"Scss","Unabsorbed Inventory"
"46602",2020-11-01,"Nov 2020","Apartment",119,"Scss","Unabsorbed Inventory"
"46602",2020-11-01,"Nov 2020","All",366,"Scss","Unabsorbed Inventory"
"46602",2020-12-01,"Dec 2020","Single",156,"Scss","Unabsorbed Inventory"
"46602",2020-12-01,"Dec 2020","Semi-Detached",25,"Scss","Unabsorbed Inventory"
"46602",2020-12-01,"Dec 2020","Row",30,"Scss","Unabsorbed Inventory"
"46602",2020-12-01,"Dec 2020","Apartment",118,"Scss","Unabsorbed Inventory"
"46602",2020-12-01,"Dec 2020","All",329,"Scss","Unabsorbed Inventory"
"46602",2021-01-01,"Jan 2021","Single",158,"Scss","Unabsorbed Inventory"
"46602",2021-01-01,"Jan 2021","Semi-Detached",21,"Scss","Unabsorbed Inventory"
"46602",2021-01-01,"Jan 2021","Row",31,"Scss","Unabsorbed Inventory"
"46602",2021-01-01,"Jan 2021","Apartment",114,"Scss","Unabsorbed Inventory"
"46602",2021-01-01,"Jan 2021","All",324,"Scss","Unabsorbed Inventory"
"46602",2021-02-01,"Feb 2021","Single",146,"Scss","Unabsorbed Inventory"
"46602",2021-02-01,"Feb 2021","Semi-Detached",16,"Scss","Unabsorbed Inventory"
"46602",2021-02-01,"Feb 2021","Row",20,"Scss","Unabsorbed Inventory"
"46602",2021-02-01,"Feb 2021","Apartment",112,"Scss","Unabsorbed Inventory"
"46602",2021-02-01,"Feb 2021","All",294,"Scss","Unabsorbed Inventory"
"46602",2021-03-01,"Mar 2021","Single",142,"Scss","Unabsorbed Inventory"
"46602",2021-03-01,"Mar 2021","Semi-Detached",18,"Scss","Unabsorbed Inventory"
"46602",2021-03-01,"Mar 2021","Row",12,"Scss","Unabsorbed Inventory"
"46602",2021-03-01,"Mar 2021","Apartment",117,"Scss","Unabsorbed Inventory"
"46602",2021-03-01,"Mar 2021","All",289,"Scss","Unabsorbed Inventory"
"46602",2021-04-01,"Apr 2021","Single",123,"Scss","Unabsorbed Inventory"
"46602",2021-04-01,"Apr 2021","Semi-Detached",13,"Scss","Unabsorbed Inventory"
"46602",2021-04-01,"Apr 2021","Row",10,"Scss","Unabsorbed Inventory"
"46602",2021-04-01,"Apr 2021","Apartment",102,"Scss","Unabsorbed Inventory"
"46602",2021-04-01,"Apr 2021","All",248,"Scss","Unabsorbed Inventory"
"46602",2021-05-01,"May 2021","Single",120,"Scss","Unabsorbed Inventory"
"46602",2021-05-01,"May 2021","Semi-Detached",10,"Scss","Unabsorbed Inventory"
"46602",2021-05-01,"May 2021","Row",10,"Scss","Unabsorbed Inventory"
"46602",2021-05-01,"May 2021","Apartment",95,"Scss","Unabsorbed Inventory"
"46602",2021-05-01,"May 2021","All",235,"Scss","Unabsorbed Inventory"
"46602",2021-06-01,"Jun 2021","Single",98,"Scss","Unabsorbed Inventory"
"46602",2021-06-01,"Jun 2021","Semi-Detached",5,"Scss","Unabsorbed Inventory"
"46602",2021-06-01,"Jun 2021","Row",8,"Scss","Unabsorbed Inventory"
"46602",2021-06-01,"Jun 2021","Apartment",87,"Scss","Unabsorbed Inventory"
"46602",2021-06-01,"Jun 2021","All",198,"Scss","Unabsorbed Inventory"
"46602",2021-07-01,"Jul 2021","Single",76,"Scss","Unabsorbed Inventory"
"46602",2021-07-01,"Jul 2021","Semi-Detached",8,"Scss","Unabsorbed Inventory"
"46602",2021-07-01,"Jul 2021","Row",22,"Scss","Unabsorbed Inventory"
"46602",2021-07-01,"Jul 2021","Apartment",78,"Scss","Unabsorbed Inventory"
"46602",2021-07-01,"Jul 2021","All",184,"Scss","Unabsorbed Inventory"
"46602",2021-08-01,"Aug 2021","Single",74,"Scss","Unabsorbed Inventory"
"46602",2021-08-01,"Aug 2021","Semi-Detached",8,"Scss","Unabsorbed Inventory"
"46602",2021-08-01,"Aug 2021","Row",8,"Scss","Unabsorbed Inventory"
"46602",2021-08-01,"Aug 2021","Apartment",97,"Scss","Unabsorbed Inventory"
"46602",2021-08-01,"Aug 2021","All",187,"Scss","Unabsorbed Inventory"
"46602",2021-09-01,"Sep 2021","Single",92,"Scss","Unabsorbed Inventory"
"46602",2021-09-01,"Sep 2021","Semi-Detached",10,"Scss","Unabsorbed Inventory"
"46602",2021-09-01,"Sep 2021","Row",8,"Scss","Unabsorbed Inventory"
"46602",2021-09-01,"Sep 2021","Apartment",80,"Scss","Unabsorbed Inventory"
"46602",2021-09-01,"Sep 2021","All",190,"Scss","Unabsorbed Inventory"
"46602",2021-10-01,"Oct 2021","Single",112,"Scss","Unabsorbed Inventory"
"46602",2021-10-01,"Oct 2021","Semi-Detached",14,"Scss","Unabsorbed Inventory"
"46602",2021-10-01,"Oct 2021","Row",3,"Scss","Unabsorbed Inventory"
"46602",2021-10-01,"Oct 2021","Apartment",73,"Scss","Unabsorbed Inventory"
"46602",2021-10-01,"Oct 2021","All",202,"Scss","Unabsorbed Inventory"
"46602",2021-11-01,"Nov 2021","Single",122,"Scss","Unabsorbed Inventory"
"46602",2021-11-01,"Nov 2021","Semi-Detached",15,"Scss","Unabsorbed Inventory"
"46602",2021-11-01,"Nov 2021","Row",3,"Scss","Unabsorbed Inventory"
"46602",2021-11-01,"Nov 2021","Apartment",67,"Scss","Unabsorbed Inventory"
"46602",2021-11-01,"Nov 2021","All",207,"Scss","Unabsorbed Inventory"
"46602",2021-12-01,"Dec 2021","Single",118,"Scss","Unabsorbed Inventory"
"46602",2021-12-01,"Dec 2021","Semi-Detached",17,"Scss","Unabsorbed Inventory"
"46602",2021-12-01,"Dec 2021","Row",0,"Scss","Unabsorbed Inventory"
"46602",2021-12-01,"Dec 2021","Apartment",59,"Scss","Unabsorbed Inventory"
"46602",2021-12-01,"Dec 2021","All",194,"Scss","Unabsorbed Inventory"
"46602",2022-01-01,"Jan 2022","Single",119,"Scss","Unabsorbed Inventory"
"46602",2022-01-01,"Jan 2022","Semi-Detached",20,"Scss","Unabsorbed Inventory"
"46602",2022-01-01,"Jan 2022","Row",0,"Scss","Unabsorbed Inventory"
"46602",2022-01-01,"Jan 2022","Apartment",54,"Scss","Unabsorbed Inventory"
"46602",2022-01-01,"Jan 2022","All",193,"Scss","Unabsorbed Inventory"
"46602",2022-02-01,"Feb 2022","Single",119,"Scss","Unabsorbed Inventory"
"46602",2022-02-01,"Feb 2022","Semi-Detached",16,"Scss","Unabsorbed Inventory"
"46602",2022-02-01,"Feb 2022","Row",1,"Scss","Unabsorbed Inventory"
"46602",2022-02-01,"Feb 2022","Apartment",43,"Scss","Unabsorbed Inventory"
"46602",2022-02-01,"Feb 2022","All",179,"Scss","Unabsorbed Inventory"
"46602",2022-03-01,"Mar 2022","Single",121,"Scss","Unabsorbed Inventory"
"46602",2022-03-01,"Mar 2022","Semi-Detached",18,"Scss","Unabsorbed Inventory"
"46602",2022-03-01,"Mar 2022","Row",1,"Scss","Unabsorbed Inventory"
"46602",2022-03-01,"Mar 2022","Apartment",36,"Scss","Unabsorbed Inventory"
"46602",2022-03-01,"Mar 2022","All",176,"Scss","Unabsorbed Inventory"
"46602",2022-04-01,"Apr 2022","Single",117,"Scss","Unabsorbed Inventory"
"46602",2022-04-01,"Apr 2022","Semi-Detached",40,"Scss","Unabsorbed Inventory"
"46602",2022-04-01,"Apr 2022","Row",3,"Scss","Unabsorbed Inventory"
"46602",2022-04-01,"Apr 2022","Apartment",25,"Scss","Unabsorbed Inventory"
"46602",2022-04-01,"Apr 2022","All",185,"Scss","Unabsorbed Inventory"
"46602",2022-05-01,"May 2022","Single",108,"Scss","Unabsorbed Inventory"
"46602",2022-05-01,"May 2022","Semi-Detached",43,"Scss","Unabsorbed Inventory"
"46602",2022-05-01,"May 2022","Row",3,"Scss","Unabsorbed Inventory"
"46602",2022-05-01,"May 2022","Apartment",22,"Scss","Unabsorbed Inventory"
"46602",2022-05-01,"May 2022","All",176,"Scss","Unabsorbed Inventory"
"46602",2022-06-01,"Jun 2022","Single",96,"Scss","Unabsorbed Inventory"
"46602",2022-06-01,"Jun 2022","Semi-Detached",31,"Scss","Unabsorbed Inventory"
"46602",2022-06-01,"Jun 2022","Row",3,"Scss","Unabsorbed Inventory"
"46602",2022-06-01,"Jun 2022","Apartment",57,"Scss","Unabsorbed Inventory"
"46602",2022-06-01,"Jun 2022","All",187,"Scss","Unabsorbed Inventory"
"46602",2022-07-01,"Jul 2022","Single",110,"Scss","Unabsorbed Inventory"
"46602",2022-07-01,"Jul 2022","Semi-Detached",37,"Scss","Unabsorbed Inventory"
"46602",2022-07-01,"Jul 2022","Row",5,"Scss","Unabsorbed Inventory"
"46602",2022-07-01,"Jul 2022","Apartment",54,"Scss","Unabsorbed Inventory"
"46602",2022-07-01,"Jul 2022","All",206,"Scss","Unabsorbed Inventory"
"46602",2022-08-01,"Aug 2022","Single",101,"Scss","Unabsorbed Inventory"
"46602",2022-08-01,"Aug 2022","Semi-Detached",34,"Scss","Unabsorbed Inventory"
"46602",2022-08-01,"Aug 2022","Row",4,"Scss","Unabsorbed Inventory"
"46602",2022-08-01,"Aug 2022","Apartment",52,"Scss","Unabsorbed Inventory"
"46602",2022-08-01,"Aug 2022","All",191,"Scss","Unabsorbed Inventory"
"46602",2022-09-01,"Sep 2022","Single",89,"Scss","Unabsorbed Inventory"
"46602",2022-09-01,"Sep 2022","Semi-Detached",36,"Scss","Unabsorbed Inventory"
"46602",2022-09-01,"Sep 2022","Row",4,"Scss","Unabsorbed Inventory"
"46602",2022-09-01,"Sep 2022","Apartment",50,"Scss","Unabsorbed Inventory"
"46602",2022-09-01,"Sep 2022","All",179,"Scss","Unabsorbed Inventory"
"46602",2022-10-01,"Oct 2022","Single",90,"Scss","Unabsorbed Inventory"
"46602",2022-10-01,"Oct 2022","Semi-Detached",38,"Scss","Unabsorbed Inventory"
"46602",2022-10-01,"Oct 2022","Row",8,"Scss","Unabsorbed Inventory"
"46602",2022-10-01,"Oct 2022","Apartment",47,"Scss","Unabsorbed Inventory"
"46602",2022-10-01,"Oct 2022","All",183,"Scss","Unabsorbed Inventory"
"46602",2022-11-01,"Nov 2022","Single",123,"Scss","Unabsorbed Inventory"
"46602",2022-11-01,"Nov 2022","Semi-Detached",47,"Scss","Unabsorbed Inventory"
"46602",2022-11-01,"Nov 2022","Row",10,"Scss","Unabsorbed Inventory"
"46602",2022-11-01,"Nov 2022","Apartment",45,"Scss","Unabsorbed Inventory"
"46602",2022-11-01,"Nov 2022","All",225,"Scss","Unabsorbed Inventory"
"46602",2022-12-01,"Dec 2022","Single",135,"Scss","Unabsorbed Inventory"
"46602",2022-12-01,"Dec 2022","Semi-Detached",44,"Scss","Unabsorbed Inventory"
"46602",2022-12-01,"Dec 2022","Row",10,"Scss","Unabsorbed Inventory"
"46602",2022-12-01,"Dec 2022","Apartment",44,"Scss","Unabsorbed Inventory"
"46602",2022-12-01,"Dec 2022","All",233,"Scss","Unabsorbed Inventory"
"46602",2023-01-01,"Jan 2023","Single",146,"Scss","Unabsorbed Inventory"
"46602",2023-01-01,"Jan 2023","Semi-Detached",57,"Scss","Unabsorbed Inventory"
"46602",2023-01-01,"Jan 2023","Row",14,"Scss","Unabsorbed Inventory"
"46602",2023-01-01,"Jan 2023","Apartment",44,"Scss","Unabsorbed Inventory"
"46602",2023-01-01,"Jan 2023","All",261,"Scss","Unabsorbed Inventory"
"46602",2023-02-01,"Feb 2023","Single",169,"Scss","Unabsorbed Inventory"
"46602",2023-02-01,"Feb 2023","Semi-Detached",59,"Scss","Unabsorbed Inventory"
"46602",2023-02-01,"Feb 2023","Row",11,"Scss","Unabsorbed Inventory"
"46602",2023-02-01,"Feb 2023","Apartment",44,"Scss","Unabsorbed Inventory"
"46602",2023-02-01,"Feb 2023","All",283,"Scss","Unabsorbed Inventory"
"46602",2023-03-01,"Mar 2023","Single",181,"Scss","Unabsorbed Inventory"
"46602",2023-03-01,"Mar 2023","Semi-Detached",57,"Scss","Unabsorbed Inventory"
"46602",2023-03-01,"Mar 2023","Row",6,"Scss","Unabsorbed Inventory"
"46602",2023-03-01,"Mar 2023","Apartment",44,"Scss","Unabsorbed Inventory"
"46602",2023-03-01,"Mar 2023","All",288,"Scss","Unabsorbed Inventory"
"46602",2023-04-01,"Apr 2023","Single",208,"Scss","Unabsorbed Inventory"
"46602",2023-04-01,"Apr 2023","Semi-Detached",62,"Scss","Unabsorbed Inventory"
"46602",2023-04-01,"Apr 2023","Row",6,"Scss","Unabsorbed Inventory"
"46602",2023-04-01,"Apr 2023","Apartment",43,"Scss","Unabsorbed Inventory"
"46602",2023-04-01,"Apr 2023","All",319,"Scss","Unabsorbed Inventory"
"46602",2023-05-01,"May 2023","Single",218,"Scss","Unabsorbed Inventory"
"46602",2023-05-01,"May 2023","Semi-Detached",80,"Scss","Unabsorbed Inventory"
"46602",2023-05-01,"May 2023","Row",7,"Scss","Unabsorbed Inventory"
"46602",2023-05-01,"May 2023","Apartment",39,"Scss","Unabsorbed Inventory"
"46602",2023-05-01,"May 2023","All",344,"Scss","Unabsorbed Inventory"
"46602",2023-06-01,"Jun 2023","Single",240,"Scss","Unabsorbed Inventory"
"46602",2023-06-01,"Jun 2023","Semi-Detached",93,"Scss","Unabsorbed Inventory"
"46602",2023-06-01,"Jun 2023","Row",11,"Scss","Unabsorbed Inventory"
"46602",2023-06-01,"Jun 2023","Apartment",38,"Scss","Unabsorbed Inventory"
"46602",2023-06-01,"Jun 2023","All",382,"Scss","Unabsorbed Inventory"
"46602",2023-07-01,"Jul 2023","Single",263,"Scss","Unabsorbed Inventory"
"46602",2023-07-01,"Jul 2023","Semi-Detached",99,"Scss","Unabsorbed Inventory"
"46602",2023-07-01,"Jul 2023","Row",16,"Scss","Unabsorbed Inventory"
"46602",2023-07-01,"Jul 2023","Apartment",35,"Scss","Unabsorbed Inventory"
"46602",2023-07-01,"Jul 2023","All",413,"Scss","Unabsorbed Inventory"
"46602",2023-08-01,"Aug 2023","Single",240,"Scss","Unabsorbed Inventory"
"46602",2023-08-01,"Aug 2023","Semi-Detached",113,"Scss","Unabsorbed Inventory"
"46602",2023-08-01,"Aug 2023","Row",19,"Scss","Unabsorbed Inventory"
"46602",2023-08-01,"Aug 2023","Apartment",32,"Scss","Unabsorbed Inventory"
"46602",2023-08-01,"Aug 2023","All",404,"Scss","Unabsorbed Inventory"
"46602",2023-09-01,"Sep 2023","Single",267,"Scss","Unabsorbed Inventory"
"46602",2023-09-01,"Sep 2023","Semi-Detached",122,"Scss","Unabsorbed Inventory"
"46602",2023-09-01,"Sep 2023","Row",45,"Scss","Unabsorbed Inventory"
"46602",2023-09-01,"Sep 2023","Apartment",35,"Scss","Unabsorbed Inventory"
"46602",2023-09-01,"Sep 2023","All",469,"Scss","Unabsorbed Inventory"
"46602",2023-10-01,"Oct 2023","Single",270,"Scss","Unabsorbed Inventory"
"46602",2023-10-01,"Oct 2023","Semi-Detached",113,"Scss","Unabsorbed Inventory"
"46602",2023-10-01,"Oct 2023","Row",45,"Scss","Unabsorbed Inventory"
"46602",2023-10-01,"Oct 2023","Apartment",33,"Scss","Unabsorbed Inventory"
"46602",2023-10-01,"Oct 2023","All",461,"Scss","Unabsorbed Inventory"
"46602",2023-11-01,"Nov 2023","Single",290,"Scss","Unabsorbed Inventory"
"46602",2023-11-01,"Nov 2023","Semi-Detached",115,"Scss","Unabsorbed Inventory"
"46602",2023-11-01,"Nov 2023","Row",43,"Scss","Unabsorbed Inventory"
"46602",2023-11-01,"Nov 2023","Apartment",33,"Scss","Unabsorbed Inventory"
"46602",2023-11-01,"Nov 2023","All",481,"Scss","Unabsorbed Inventory"
"46602",2023-12-01,"Dec 2023","Single",310,"Scss","Unabsorbed Inventory"
"46602",2023-12-01,"Dec 2023","Semi-Detached",118,"Scss","Unabsorbed Inventory"
"46602",2023-12-01,"Dec 2023","Row",50,"Scss","Unabsorbed Inventory"
"46602",2023-12-01,"Dec 2023","Apartment",32,"Scss","Unabsorbed Inventory"
"46602",2023-12-01,"Dec 2023","All",510,"Scss","Unabsorbed Inventory"
"46602",2024-01-01,"Jan 2024","Single",300,"Scss","Unabsorbed Inventory"
"46602",2024-01-01,"Jan 2024","Semi-Detached",122,"Scss","Unabsorbed Inventory"
"46602",2024-01-01,"Jan 2024","Row",42,"Scss","Unabsorbed Inventory"
"46602",2024-01-01,"Jan 2024","Apartment",31,"Scss","Unabsorbed Inventory"
"46602",2024-01-01,"Jan 2024","All",495,"Scss","Unabsorbed Inventory"
"46602",2024-02-01,"Feb 2024","Single",313,"Scss","Unabsorbed Inventory"
"46602",2024-02-01,"Feb 2024","Semi-Detached",122,"Scss","Unabsorbed Inventory"
"46602",2024-02-01,"Feb 2024","Row",42,"Scss","Unabsorbed Inventory"
"46602",2024-02-01,"Feb 2024","Apartment",31,"Scss","Unabsorbed Inventory"
"46602",2024-02-01,"Feb 2024","All",508,"Scss","Unabsorbed Inventory"
"46602",2024-03-01,"Mar 2024","Single",326,"Scss","Unabsorbed Inventory"
"46602",2024-03-01,"Mar 2024","Semi-Detached",110,"Scss","Unabsorbed Inventory"
"46602",2024-03-01,"Mar 2024","Row",36,"Scss","Unabsorbed Inventory"
"46602",2024-03-01,"Mar 2024","Apartment",31,"Scss","Unabsorbed Inventory"
"46602",2024-03-01,"Mar 2024","All",503,"Scss","Unabsorbed Inventory"
"46602",2024-04-01,"Apr 2024","Single",367,"Scss","Unabsorbed Inventory"
"46602",2024-04-01,"Apr 2024","Semi-Detached",143,"Scss","Unabsorbed Inventory"
"46602",2024-04-01,"Apr 2024","Row",36,"Scss","Unabsorbed Inventory"
"46602",2024-04-01,"Apr 2024","Apartment",32,"Scss","Unabsorbed Inventory"
"46602",2024-04-01,"Apr 2024","All",578,"Scss","Unabsorbed Inventory"
"46602",2024-05-01,"May 2024","Single",351,"Scss","Unabsorbed Inventory"
"46602",2024-05-01,"May 2024","Semi-Detached",139,"Scss","Unabsorbed Inventory"
"46602",2024-05-01,"May 2024","Row",40,"Scss","Unabsorbed Inventory"
"46602",2024-05-01,"May 2024","Apartment",27,"Scss","Unabsorbed Inventory"
"46602",2024-05-01,"May 2024","All",557,"Scss","Unabsorbed Inventory"
"46602",2024-06-01,"Jun 2024","Single",320,"Scss","Unabsorbed Inventory"
"46602",2024-06-01,"Jun 2024","Semi-Detached",119,"Scss","Unabsorbed Inventory"
"46602",2024-06-01,"Jun 2024","Row",42,"Scss","Unabsorbed Inventory"
"46602",2024-06-01,"Jun 2024","Apartment",27,"Scss","Unabsorbed Inventory"
"46602",2024-06-01,"Jun 2024","All",508,"Scss","Unabsorbed Inventory"
"46602",2024-07-01,"Jul 2024","Single",291,"Scss","Unabsorbed Inventory"
"46602",2024-07-01,"Jul 2024","Semi-Detached",107,"Scss","Unabsorbed Inventory"
"46602",2024-07-01,"Jul 2024","Row",47,"Scss","Unabsorbed Inventory"
"46602",2024-07-01,"Jul 2024","Apartment",14,"Scss","Unabsorbed Inventory"
"46602",2024-07-01,"Jul 2024","All",459,"Scss","Unabsorbed Inventory"
"46602",2024-08-01,"Aug 2024","Single",262,"Scss","Unabsorbed Inventory"
"46602",2024-08-01,"Aug 2024","Semi-Detached",101,"Scss","Unabsorbed Inventory"
"46602",2024-08-01,"Aug 2024","Row",44,"Scss","Unabsorbed Inventory"
"46602",2024-08-01,"Aug 2024","Apartment",13,"Scss","Unabsorbed Inventory"
"46602",2024-08-01,"Aug 2024","All",420,"Scss","Unabsorbed Inventory"
"46602",2024-09-01,"Sep 2024","Single",228,"Scss","Unabsorbed Inventory"
"46602",2024-09-01,"Sep 2024","Semi-Detached",97,"Scss","Unabsorbed Inventory"
"46602",2024-09-01,"Sep 2024","Row",46,"Scss","Unabsorbed Inventory"
"46602",2024-09-01,"Sep 2024","Apartment",42,"Scss","Unabsorbed Inventory"
"46602",2024-09-01,"Sep 2024","All",413,"Scss","Unabsorbed Inventory"
"46602",2024-10-01,"Oct 2024","Single",223,"Scss","Unabsorbed Inventory"
"46602",2024-10-01,"Oct 2024","Semi-Detached",92,"Scss","Unabsorbed Inventory"
"46602",2024-10-01,"Oct 2024","Row",49,"Scss","Unabsorbed Inventory"
"46602",2024-10-01,"Oct 2024","Apartment",46,"Scss","Unabsorbed Inventory"
"46602",2024-10-01,"Oct 2024","All",410,"Scss","Unabsorbed Inventory"
"46602",2024-11-01,"Nov 2024","Single",206,"Scss","Unabsorbed Inventory"
"46602",2024-11-01,"Nov 2024","Semi-Detached",87,"Scss","Unabsorbed Inventory"
"46602",2024-11-01,"Nov 2024","Row",68,"Scss","Unabsorbed Inventory"
"46602",2024-11-01,"Nov 2024","Apartment",82,"Scss","Unabsorbed Inventory"
"46602",2024-11-01,"Nov 2024","All",443,"Scss","Unabsorbed Inventory"
"46602",2024-12-01,"Dec 2024","Single",201,"Scss","Unabsorbed Inventory"
"46602",2024-12-01,"Dec 2024","Semi-Detached",78,"Scss","Unabsorbed Inventory"
"46602",2024-12-01,"Dec 2024","Row",70,"Scss","Unabsorbed Inventory"
"46602",2024-12-01,"Dec 2024","Apartment",80,"Scss","Unabsorbed Inventory"
"46602",2024-12-01,"Dec 2024","All",429,"Scss","Unabsorbed Inventory"
"46602",2025-01-01,"Jan 2025","Single",197,"Scss","Unabsorbed Inventory"
"46602",2025-01-01,"Jan 2025","Semi-Detached",79,"Scss","Unabsorbed Inventory"
"46602",2025-01-01,"Jan 2025","Row",63,"Scss","Unabsorbed Inventory"
"46602",2025-01-01,"Jan 2025","Apartment",81,"Scss","Unabsorbed Inventory"
"46602",2025-01-01,"Jan 2025","All",420,"Scss","Unabsorbed Inventory"
"46602",2025-02-01,"Feb 2025","Single",199,"Scss","Unabsorbed Inventory"
"46602",2025-02-01,"Feb 2025","Semi-Detached",79,"Scss","Unabsorbed Inventory"
"46602",2025-02-01,"Feb 2025","Row",56,"Scss","Unabsorbed Inventory"
"46602",2025-02-01,"Feb 2025","Apartment",73,"Scss","Unabsorbed Inventory"
"46602",2025-02-01,"Feb 2025","All",407,"Scss","Unabsorbed Inventory"
"46602",2025-03-01,"Mar 2025","Single",234,"Scss","Unabsorbed Inventory"
"46602",2025-03-01,"Mar 2025","Semi-Detached",75,"Scss","Unabsorbed Inventory"
"46602",2025-03-01,"Mar 2025","Row",71,"Scss","Unabsorbed Inventory"
"46602",2025-03-01,"Mar 2025","Apartment",73,"Scss","Unabsorbed Inventory"
"46602",2025-03-01,"Mar 2025","All",453,"Scss","Unabsorbed Inventory"
"46602",2025-04-01,"Apr 2025","Single",255,"Scss","Unabsorbed Inventory"
"46602",2025-04-01,"Apr 2025","Semi-Detached",82,"Scss","Unabsorbed Inventory"
"46602",2025-04-01,"Apr 2025","Row",65,"Scss","Unabsorbed Inventory"
"46602",2025-04-01,"Apr 2025","Apartment",76,"Scss","Unabsorbed Inventory"
"46602",2025-04-01,"Apr 2025","All",478,"Scss","Unabsorbed Inventory"
"46602",2025-05-01,"May 2025","Single",242,"Scss","Unabsorbed Inventory"
"46602",2025-05-01,"May 2025","Semi-Detached",70,"Scss","Unabsorbed Inventory"
"46602",2025-05-01,"May 2025","Row",57,"Scss","Unabsorbed Inventory"
"46602",2025-05-01,"May 2025","Apartment",59,"Scss","Unabsorbed Inventory"
"46602",2025-05-01,"May 2025","All",428,"Scss","Unabsorbed Inventory"
"46602",2025-06-01,"Jun 2025","Single",211,"Scss","Unabsorbed Inventory"
"46602",2025-06-01,"Jun 2025","Semi-Detached",67,"Scss","Unabsorbed Inventory"
"46602",2025-06-01,"Jun 2025","Row",58,"Scss","Unabsorbed Inventory"
"46602",2025-06-01,"Jun 2025","Apartment",50,"Scss","Unabsorbed Inventory"
"46602",2025-06-01,"Jun 2025","All",386,"Scss","Unabsorbed Inventory"
"46602",2025-07-01,"Jul 2025","Single",211,"Scss","Unabsorbed Inventory"
"46602",2025-07-01,"Jul 2025","Semi-Detached",62,"Scss","Unabsorbed Inventory"
"46602",2025-07-01,"Jul 2025","Row",62,"Scss","Unabsorbed Inventory"
"46602",2025-07-01,"Jul 2025","Apartment",48,"Scss","Unabsorbed Inventory"
"46602",2025-07-01,"Jul 2025","All",383,"Scss","Unabsorbed Inventory"
"46602",2025-08-01,"Aug 2025","Single",176,"Scss","Unabsorbed Inventory"
"46602",2025-08-01,"Aug 2025","Semi-Detached",52,"Scss","Unabsorbed Inventory"
"46602",2025-08-01,"Aug 2025","Row",62,"Scss","Unabsorbed Inventory"
"46602",2025-08-01,"Aug 2025","Apartment",40,"Scss","Unabsorbed Inventory"
"46602",2025-08-01,"Aug 2025","All",330,"Scss","Unabsorbed Inventory"
"46602",2025-09-01,"Sep 2025","Single",185,"Scss","Unabsorbed Inventory"
"46602",2025-09-01,"Sep 2025","Semi-Detached",51,"Scss","Unabsorbed Inventory"
"46602",2025-09-01,"Sep 2025","Row",45,"Scss","Unabsorbed Inventory"
"46602",2025-09-01,"Sep 2025","Apartment",35,"Scss","Unabsorbed Inventory"
"46602",2025-09-01,"Sep 2025","All",316,"Scss","Unabsorbed Inventory"
"46602",2025-10-01,"Oct 2025","Single",205,"Scss","Unabsorbed Inventory"
"46602",2025-10-01,"Oct 2025","Semi-Detached",45,"Scss","Unabsorbed Inventory"
"46602",2025-10-01,"Oct 2025","Row",44,"Scss","Unabsorbed Inventory"
"46602",2025-10-01,"Oct 2025","Apartment",36,"Scss","Unabsorbed Inventory"
"46602",2025-10-01,"Oct 2025","All",330,"Scss","Unabsorbed Inventory"
"46602",2025-11-01,"Nov 2025","Single",226,"Scss","Unabsorbed Inventory"
"46602",2025-11-01,"Nov 2025","Semi-Detached",47,"Scss","Unabsorbed Inventory"
"46602",2025-11-01,"Nov 2025","Row",43,"Scss","Unabsorbed Inventory"
"46602",2025-11-01,"Nov 2025","Apartment",37,"Scss","Unabsorbed Inventory"
"46602",2025-11-01,"Nov 2025","All",353,"Scss","Unabsorbed Inventory"
"46602",2025-12-01,"Dec 2025","Single",215,"Scss","Unabsorbed Inventory"
"46602",2025-12-01,"Dec 2025","Semi-Detached",40,"Scss","Unabsorbed Inventory"
"46602",2025-12-01,"Dec 2025","Row",29,"Scss","Unabsorbed Inventory"
"46602",2025-12-01,"Dec 2025","Apartment",32,"Scss","Unabsorbed Inventory"
"46602",2025-12-01,"Dec 2025","All",316,"Scss","Unabsorbed Inventory"
"46602",2026-01-01,"Jan 2026","Single",184,"Scss","Unabsorbed Inventory"
"46602",2026-01-01,"Jan 2026","Semi-Detached",45,"Scss","Unabsorbed Inventory"
"46602",2026-01-01,"Jan 2026","Row",26,"Scss","Unabsorbed Inventory"
"46602",2026-01-01,"Jan 2026","Apartment",28,"Scss","Unabsorbed Inventory"
"46602",2026-01-01,"Jan 2026","All",283,"Scss","Unabsorbed Inventory"
"46602",2026-02-01,"Feb 2026","Single",227,"Scss","Unabsorbed Inventory"
"46602",2026-02-01,"Feb 2026","Semi-Detached",50,"Scss","Unabsorbed Inventory"
"46602",2026-02-01,"Feb 2026","Row",22,"Scss","Unabsorbed Inventory"
"46602",2026-02-01,"Feb 2026","Apartment",26,"Scss","Unabsorbed Inventory"
"46602",2026-02-01,"Feb 2026","All",325,"Scss","Unabsorbed Inventory"
