"GeoUID","Date","DateString","Dwelling Type","Value","Survey","Series"
"47725",1990-01-01,"Jan 1990","Single",42,"Scss","Unabsorbed Inventory"
"47725",1990-01-01,"Jan 1990","Semi-Detached",6,"Scss","Unabsorbed Inventory"
"47725",1990-01-01,"Jan 1990","Row",6,"Scss","Unabsorbed Inventory"
"47725",1990-01-01,"Jan 1990","Apartment",47,"Scss","Unabsorbed Inventory"
"47725",1990-01-01,"Jan 1990","All",101,"Scss","Unabsorbed Inventory"
"47725",1990-02-01,"Feb 1990","Single",40,"Scss","Unabsorbed Inventory"
"47725",1990-02-01,"Feb 1990","Semi-Detached",6,"Scss","Unabsorbed Inventory"
"47725",1990-02-01,"Feb 1990","Row",2,"Scss","Unabsorbed Inventory"
"47725",1990-02-01,"Feb 1990","Apartment",44,"Scss","Unabsorbed Inventory"
"47725",1990-02-01,"Feb 1990","All",92,"Scss","Unabsorbed Inventory"
"47725",1990-03-01,"Mar 1990","Single",34,"Scss","Unabsorbed Inventory"
"47725",1990-03-01,"Mar 1990","Semi-Detached",6,"Scss","Unabsorbed Inventory"
"47725",1990-03-01,"Mar 1990","Row",1,"Scss","Unabsorbed Inventory"
"47725",1990-03-01,"Mar 1990","Apartment",41,"Scss","Unabsorbed Inventory"
"47725",1990-03-01,"Mar 1990","All",82,"Scss","Unabsorbed Inventory"
"47725",1990-04-01,"Apr 1990","Single",31,"Scss","Unabsorbed Inventory"
"47725",1990-04-01,"Apr 1990","Semi-Detached",4,"Scss","Unabsorbed Inventory"
"47725",1990-04-01,"Apr 1990","Row",1,"Scss","Unabsorbed Inventory"
"47725",1990-04-01,"Apr 1990","Apartment",38,"Scss","Unabsorbed Inventory"
"47725",1990-04-01,"Apr 1990","All",74,"Scss","Unabsorbed Inventory"
"47725",1990-05-01,"May 1990","Single",34,"Scss","Unabsorbed Inventory"
"47725",1990-05-01,"May 1990","Semi-Detached",4,"Scss","Unabsorbed Inventory"
"47725",1990-05-01,"May 1990","Row",1,"Scss","Unabsorbed Inventory"
"47725",1990-05-01,"May 1990","Apartment",37,"Scss","Unabsorbed Inventory"
"47725",1990-05-01,"May 1990","All",76,"Scss","Unabsorbed Inventory"
"47725",1990-06-01,"Jun 1990","Single",41,"Scss","Unabsorbed Inventory"
"47725",1990-06-01,"Jun 1990","Semi-Detached",4,"Scss","Unabsorbed Inventory"
"47725",1990-06-01,"Jun 1990","Row",3,"Scss","Unabsorbed Inventory"
"47725",1990-06-01,"Jun 1990","Apartment",37,"Scss","Unabsorbed Inventory"
"47725",1990-06-01,"Jun 1990","All",85,"Scss","Unabsorbed Inventory"
"47725",1990-07-01,"Jul 1990","Single",44,"Scss","Unabsorbed Inventory"
"47725",1990-07-01,"Jul 1990","Semi-Detached",4,"Scss","Unabsorbed Inventory"
"47725",1990-07-01,"Jul 1990","Row",6,"Scss","Unabsorbed Inventory"
"47725",1990-07-01,"Jul 1990","Apartment",36,"Scss","Unabsorbed Inventory"
"47725",1990-07-01,"Jul 1990","All",90,"Scss","Unabsorbed Inventory"
"47725",1990-08-01,"Aug 1990","Single",34,"Scss","Unabsorbed Inventory"
"47725",1990-08-01,"Aug 1990","Semi-Detached",4,"Scss","Unabsorbed Inventory"
"47725",1990-08-01,"Aug 1990","Row",2,"Scss","Unabsorbed Inventory"
"47725",1990-08-01,"Aug 1990","Apartment",30,"Scss","Unabsorbed Inventory"
"47725",1990-08-01,"Aug 1990","All",70,"Scss","Unabsorbed Inventory"
"47725",1990-09-01,"Sep 1990","Single",35,"Scss","Unabsorbed Inventory"
"47725",1990-09-01,"Sep 1990","Semi-Detached",4,"Scss","Unabsorbed Inventory"
"47725",1990-09-01,"Sep 1990","Row",4,"Scss","Unabsorbed Inventory"
"47725",1990-09-01,"Sep 1990","Apartment",28,"Scss","Unabsorbed Inventory"
"47725",1990-09-01,"Sep 1990","All",71,"Scss","Unabsorbed Inventory"
"47725",1990-10-01,"Oct 1990","Single",44,"Scss","Unabsorbed Inventory"
"47725",1990-10-01,"Oct 1990","Semi-Detached",3,"Scss","Unabsorbed Inventory"
"47725",1990-10-01,"Oct 1990","Row",3,"Scss","Unabsorbed Inventory"
"47725",1990-10-01,"Oct 1990","Apartment",75,"Scss","Unabsorbed Inventory"
"47725",1990-10-01,"Oct 1990","All",125,"Scss","Unabsorbed Inventory"
"47725",1990-11-01,"Nov 1990","Single",44,"Scss","Unabsorbed Inventory"
"47725",1990-11-01,"Nov 1990","Semi-Detached",3,"Scss","Unabsorbed Inventory"
"47725",1990-11-01,"Nov 1990","Row",3,"Scss","Unabsorbed Inventory"
"47725",1990-11-01,"Nov 1990","Apartment",27,"Scss","Unabsorbed Inventory"
"47725",1990-11-01,"Nov 1990","All",77,"Scss","Unabsorbed Inventory"
"47725",1990-12-01,"Dec 1990","Single",47,"Scss","Unabsorbed Inventory"
"47725",1990-12-01,"Dec 1990","Semi-Detached",8,"Scss","Unabsorbed Inventory"
"47725",1990-12-01,"Dec 1990","Row",8,"Scss","Unabsorbed Inventory"
"47725",1990-12-01,"Dec 1990","Apartment",27,"Scss","Unabsorbed Inventory"
"47725",1990-12-01,"Dec 1990","All",90,"Scss","Unabsorbed Inventory"
"47725",1991-01-01,"Jan 1991","Single",40,"Scss","Unabsorbed Inventory"
"47725",1991-01-01,"Jan 1991","Semi-Detached",9,"Scss","Unabsorbed Inventory"
"47725",1991-01-01,"Jan 1991","Row",8,"Scss","Unabsorbed Inventory"
"47725",1991-01-01,"Jan 1991","Apartment",44,"Scss","Unabsorbed Inventory"
"47725",1991-01-01,"Jan 1991","All",101,"Scss","Unabsorbed Inventory"
"47725",1991-02-01,"Feb 1991","Single",34,"Scss","Unabsorbed Inventory"
"47725",1991-02-01,"Feb 1991","Semi-Detached",13,"Scss","Unabsorbed Inventory"
"47725",1991-02-01,"Feb 1991","Row",6,"Scss","Unabsorbed Inventory"
"47725",1991-02-01,"Feb 1991","Apartment",41,"Scss","Unabsorbed Inventory"
"47725",1991-02-01,"Feb 1991","All",94,"Scss","Unabsorbed Inventory"
"47725",1991-03-01,"Mar 1991","Single",30,"Scss","Unabsorbed Inventory"
"47725",1991-03-01,"Mar 1991","Semi-Detached",12,"Scss","Unabsorbed Inventory"
"47725",1991-03-01,"Mar 1991","Row",6,"Scss","Unabsorbed Inventory"
"47725",1991-03-01,"Mar 1991","Apartment",41,"Scss","Unabsorbed Inventory"
"47725",1991-03-01,"Mar 1991","All",89,"Scss","Unabsorbed Inventory"
"47725",1991-04-01,"Apr 1991","Single",32,"Scss","Unabsorbed Inventory"
"47725",1991-04-01,"Apr 1991","Semi-Detached",16,"Scss","Unabsorbed Inventory"
"47725",1991-04-01,"Apr 1991","Row",3,"Scss","Unabsorbed Inventory"
"47725",1991-04-01,"Apr 1991","Apartment",35,"Scss","Unabsorbed Inventory"
"47725",1991-04-01,"Apr 1991","All",86,"Scss","Unabsorbed Inventory"
"47725",1991-05-01,"May 1991","Single",35,"Scss","Unabsorbed Inventory"
"47725",1991-05-01,"May 1991","Semi-Detached",15,"Scss","Unabsorbed Inventory"
"47725",1991-05-01,"May 1991","Row",3,"Scss","Unabsorbed Inventory"
"47725",1991-05-01,"May 1991","Apartment",35,"Scss","Unabsorbed Inventory"
"47725",1991-05-01,"May 1991","All",88,"Scss","Unabsorbed Inventory"
"47725",1991-06-01,"Jun 1991","Single",32,"Scss","Unabsorbed Inventory"
"47725",1991-06-01,"Jun 1991","Semi-Detached",8,"Scss","Unabsorbed Inventory"
"47725",1991-06-01,"Jun 1991","Row",3,"Scss","Unabsorbed Inventory"
"47725",1991-06-01,"Jun 1991","Apartment",31,"Scss","Unabsorbed Inventory"
"47725",1991-06-01,"Jun 1991","All",74,"Scss","Unabsorbed Inventory"
"47725",1991-07-01,"Jul 1991","Single",31,"Scss","Unabsorbed Inventory"
"47725",1991-07-01,"Jul 1991","Semi-Detached",5,"Scss","Unabsorbed Inventory"
"47725",1991-07-01,"Jul 1991","Row",9,"Scss","Unabsorbed Inventory"
"47725",1991-07-01,"Jul 1991","Apartment",28,"Scss","Unabsorbed Inventory"
"47725",1991-07-01,"Jul 1991","All",73,"Scss","Unabsorbed Inventory"
"47725",1991-08-01,"Aug 1991","Single",15,"Scss","Unabsorbed Inventory"
"47725",1991-08-01,"Aug 1991","Semi-Detached",4,"Scss","Unabsorbed Inventory"
"47725",1991-08-01,"Aug 1991","Row",8,"Scss","Unabsorbed Inventory"
"47725",1991-08-01,"Aug 1991","Apartment",25,"Scss","Unabsorbed Inventory"
"47725",1991-08-01,"Aug 1991","All",52,"Scss","Unabsorbed Inventory"
"47725",1991-09-01,"Sep 1991","Single",20,"Scss","Unabsorbed Inventory"
"47725",1991-09-01,"Sep 1991","Semi-Detached",4,"Scss","Unabsorbed Inventory"
"47725",1991-09-01,"Sep 1991","Row",3,"Scss","Unabsorbed Inventory"
"47725",1991-09-01,"Sep 1991","Apartment",23,"Scss","Unabsorbed Inventory"
"47725",1991-09-01,"Sep 1991","All",50,"Scss","Unabsorbed Inventory"
"47725",1991-10-01,"Oct 1991","Single",21,"Scss","Unabsorbed Inventory"
"47725",1991-10-01,"Oct 1991","Semi-Detached",6,"Scss","Unabsorbed Inventory"
"47725",1991-10-01,"Oct 1991","Row",3,"Scss","Unabsorbed Inventory"
"47725",1991-10-01,"Oct 1991","Apartment",20,"Scss","Unabsorbed Inventory"
"47725",1991-10-01,"Oct 1991","All",50,"Scss","Unabsorbed Inventory"
"47725",1991-11-01,"Nov 1991","Single",19,"Scss","Unabsorbed Inventory"
"47725",1991-11-01,"Nov 1991","Semi-Detached",5,"Scss","Unabsorbed Inventory"
"47725",1991-11-01,"Nov 1991","Row",2,"Scss","Unabsorbed Inventory"
"47725",1991-11-01,"Nov 1991","Apartment",15,"Scss","Unabsorbed Inventory"
"47725",1991-11-01,"Nov 1991","All",41,"Scss","Unabsorbed Inventory"
"47725",1991-12-01,"Dec 1991","Single",25,"Scss","Unabsorbed Inventory"
"47725",1991-12-01,"Dec 1991","Semi-Detached",5,"Scss","Unabsorbed Inventory"
"47725",1991-12-01,"Dec 1991","Row",1,"Scss","Unabsorbed Inventory"
"47725",1991-12-01,"Dec 1991","Apartment",15,"Scss","Unabsorbed Inventory"
"47725",1991-12-01,"Dec 1991","All",46,"Scss","Unabsorbed Inventory"
"47725",1992-01-01,"Jan 1992","Single",20,"Scss","Unabsorbed Inventory"
"47725",1992-01-01,"Jan 1992","Semi-Detached",4,"Scss","Unabsorbed Inventory"
"47725",1992-01-01,"Jan 1992","Row",1,"Scss","Unabsorbed Inventory"
"47725",1992-01-01,"Jan 1992","Apartment",14,"Scss","Unabsorbed Inventory"
"47725",1992-01-01,"Jan 1992","All",39,"Scss","Unabsorbed Inventory"
"47725",1992-02-01,"Feb 1992","Single",18,"Scss","Unabsorbed Inventory"
"47725",1992-02-01,"Feb 1992","Semi-Detached",3,"Scss","Unabsorbed Inventory"
"47725",1992-02-01,"Feb 1992","Row",2,"Scss","Unabsorbed Inventory"
"47725",1992-02-01,"Feb 1992","Apartment",14,"Scss","Unabsorbed Inventory"
"47725",1992-02-01,"Feb 1992","All",37,"Scss","Unabsorbed Inventory"
"47725",1992-03-01,"Mar 1992","Single",18,"Scss","Unabsorbed Inventory"
"47725",1992-03-01,"Mar 1992","Semi-Detached",3,"Scss","Unabsorbed Inventory"
"47725",1992-03-01,"Mar 1992","Row",2,"Scss","Unabsorbed Inventory"
"47725",1992-03-01,"Mar 1992","Apartment",11,"Scss","Unabsorbed Inventory"
"47725",1992-03-01,"Mar 1992","All",34,"Scss","Unabsorbed Inventory"
"47725",1992-04-01,"Apr 1992","Single",15,"Scss","Unabsorbed Inventory"
"47725",1992-04-01,"Apr 1992","Semi-Detached",3,"Scss","Unabsorbed Inventory"
"47725",1992-04-01,"Apr 1992","Row",0,"Scss","Unabsorbed Inventory"
"47725",1992-04-01,"Apr 1992","Apartment",11,"Scss","Unabsorbed Inventory"
"47725",1992-04-01,"Apr 1992","All",29,"Scss","Unabsorbed Inventory"
"47725",1992-05-01,"May 1992","Single",16,"Scss","Unabsorbed Inventory"
"47725",1992-05-01,"May 1992","Semi-Detached",3,"Scss","Unabsorbed Inventory"
"47725",1992-05-01,"May 1992","Row",0,"Scss","Unabsorbed Inventory"
"47725",1992-05-01,"May 1992","Apartment",9,"Scss","Unabsorbed Inventory"
"47725",1992-05-01,"May 1992","All",28,"Scss","Unabsorbed Inventory"
"47725",1992-06-01,"Jun 1992","Single",16,"Scss","Unabsorbed Inventory"
"47725",1992-06-01,"Jun 1992","Semi-Detached",3,"Scss","Unabsorbed Inventory"
"47725",1992-06-01,"Jun 1992","Row",0,"Scss","Unabsorbed Inventory"
"47725",1992-06-01,"Jun 1992","Apartment",9,"Scss","Unabsorbed Inventory"
"47725",1992-06-01,"Jun 1992","All",28,"Scss","Unabsorbed Inventory"
"47725",1992-07-01,"Jul 1992","Single",18,"Scss","Unabsorbed Inventory"
"47725",1992-07-01,"Jul 1992","Semi-Detached",0,"Scss","Unabsorbed Inventory"
"47725",1992-07-01,"Jul 1992","Row",2,"Scss","Unabsorbed Inventory"
"47725",1992-07-01,"Jul 1992","Apartment",17,"Scss","Unabsorbed Inventory"
"47725",1992-07-01,"Jul 1992","All",37,"Scss","Unabsorbed Inventory"
"47725",1992-08-01,"Aug 1992","Single",24,"Scss","Unabsorbed Inventory"
"47725",1992-08-01,"Aug 1992","Semi-Detached",10,"Scss","Unabsorbed Inventory"
"47725",1992-08-01,"Aug 1992","Row",2,"Scss","Unabsorbed Inventory"
"47725",1992-08-01,"Aug 1992","Apartment",12,"Scss","Unabsorbed Inventory"
"47725",1992-08-01,"Aug 1992","All",48,"Scss","Unabsorbed Inventory"
"47725",1992-09-01,"Sep 1992","Single",24,"Scss","Unabsorbed Inventory"
"47725",1992-09-01,"Sep 1992","Semi-Detached",10,"Scss","Unabsorbed Inventory"
"47725",1992-09-01,"Sep 1992","Row",1,"Scss","Unabsorbed Inventory"
"47725",1992-09-01,"Sep 1992","Apartment",7,"Scss","Unabsorbed Inventory"
"47725",1992-09-01,"Sep 1992","All",42,"Scss","Unabsorbed Inventory"
"47725",1992-10-01,"Oct 1992","Single",21,"Scss","Unabsorbed Inventory"
"47725",1992-10-01,"Oct 1992","Semi-Detached",10,"Scss","Unabsorbed Inventory"
"47725",1992-10-01,"Oct 1992","Row",1,"Scss","Unabsorbed Inventory"
"47725",1992-10-01,"Oct 1992","Apartment",7,"Scss","Unabsorbed Inventory"
"47725",1992-10-01,"Oct 1992","All",39,"Scss","Unabsorbed Inventory"
"47725",1992-11-01,"Nov 1992","Single",20,"Scss","Unabsorbed Inventory"
"47725",1992-11-01,"Nov 1992","Semi-Detached",14,"Scss","Unabsorbed Inventory"
"47725",1992-11-01,"Nov 1992","Row",0,"Scss","Unabsorbed Inventory"
"47725",1992-11-01,"Nov 1992","Apartment",7,"Scss","Unabsorbed Inventory"
"47725",1992-11-01,"Nov 1992","All",41,"Scss","Unabsorbed Inventory"
"47725",1992-12-01,"Dec 1992","Single",16,"Scss","Unabsorbed Inventory"
"47725",1992-12-01,"Dec 1992","Semi-Detached",12,"Scss","Unabsorbed Inventory"
"47725",1992-12-01,"Dec 1992","Row",0,"Scss","Unabsorbed Inventory"
"47725",1992-12-01,"Dec 1992","Apartment",7,"Scss","Unabsorbed Inventory"
"47725",1992-12-01,"Dec 1992","All",35,"Scss","Unabsorbed Inventory"
"47725",1993-01-01,"Jan 1993","Single",16,"Scss","Unabsorbed Inventory"
"47725",1993-01-01,"Jan 1993","Semi-Detached",14,"Scss","Unabsorbed Inventory"
"47725",1993-01-01,"Jan 1993","Row",0,"Scss","Unabsorbed Inventory"
"47725",1993-01-01,"Jan 1993","Apartment",7,"Scss","Unabsorbed Inventory"
"47725",1993-01-01,"Jan 1993","All",37,"Scss","Unabsorbed Inventory"
"47725",1993-02-01,"Feb 1993","Single",16,"Scss","Unabsorbed Inventory"
"47725",1993-02-01,"Feb 1993","Semi-Detached",14,"Scss","Unabsorbed Inventory"
"47725",1993-02-01,"Feb 1993","Row",0,"Scss","Unabsorbed Inventory"
"47725",1993-02-01,"Feb 1993","Apartment",7,"Scss","Unabsorbed Inventory"
"47725",1993-02-01,"Feb 1993","All",37,"Scss","Unabsorbed Inventory"
"47725",1993-03-01,"Mar 1993","Single",14,"Scss","Unabsorbed Inventory"
"47725",1993-03-01,"Mar 1993","Semi-Detached",13,"Scss","Unabsorbed Inventory"
"47725",1993-03-01,"Mar 1993","Row",0,"Scss","Unabsorbed Inventory"
"47725",1993-03-01,"Mar 1993","Apartment",7,"Scss","Unabsorbed Inventory"
"47725",1993-03-01,"Mar 1993","All",34,"Scss","Unabsorbed Inventory"
"47725",1993-04-01,"Apr 1993","Single",13,"Scss","Unabsorbed Inventory"
"47725",1993-04-01,"Apr 1993","Semi-Detached",8,"Scss","Unabsorbed Inventory"
"47725",1993-04-01,"Apr 1993","Row",0,"Scss","Unabsorbed Inventory"
"47725",1993-04-01,"Apr 1993","Apartment",7,"Scss","Unabsorbed Inventory"
"47725",1993-04-01,"Apr 1993","All",28,"Scss","Unabsorbed Inventory"
"47725",1993-05-01,"May 1993","Single",19,"Scss","Unabsorbed Inventory"
"47725",1993-05-01,"May 1993","Semi-Detached",8,"Scss","Unabsorbed Inventory"
"47725",1993-05-01,"May 1993","Row",0,"Scss","Unabsorbed Inventory"
"47725",1993-05-01,"May 1993","Apartment",7,"Scss","Unabsorbed Inventory"
"47725",1993-05-01,"May 1993","All",34,"Scss","Unabsorbed Inventory"
"47725",1993-06-01,"Jun 1993","Single",21,"Scss","Unabsorbed Inventory"
"47725",1993-06-01,"Jun 1993","Semi-Detached",7,"Scss","Unabsorbed Inventory"
"47725",1993-06-01,"Jun 1993","Row",0,"Scss","Unabsorbed Inventory"
"47725",1993-06-01,"Jun 1993","Apartment",3,"Scss","Unabsorbed Inventory"
"47725",1993-06-01,"Jun 1993","All",31,"Scss","Unabsorbed Inventory"
"47725",1993-07-01,"Jul 1993","Single",18,"Scss","Unabsorbed Inventory"
"47725",1993-07-01,"Jul 1993","Semi-Detached",7,"Scss","Unabsorbed Inventory"
"47725",1993-07-01,"Jul 1993","Row",0,"Scss","Unabsorbed Inventory"
"47725",1993-07-01,"Jul 1993","Apartment",2,"Scss","Unabsorbed Inventory"
"47725",1993-07-01,"Jul 1993","All",27,"Scss","Unabsorbed Inventory"
"47725",1993-08-01,"Aug 1993","Single",20,"Scss","Unabsorbed Inventory"
"47725",1993-08-01,"Aug 1993","Semi-Detached",6,"Scss","Unabsorbed Inventory"
"47725",1993-08-01,"Aug 1993","Row",0,"Scss","Unabsorbed Inventory"
"47725",1993-08-01,"Aug 1993","Apartment",2,"Scss","Unabsorbed Inventory"
"47725",1993-08-01,"Aug 1993","All",28,"Scss","Unabsorbed Inventory"
"47725",1993-09-01,"Sep 1993","Single",21,"Scss","Unabsorbed Inventory"
"47725",1993-09-01,"Sep 1993","Semi-Detached",6,"Scss","Unabsorbed Inventory"
"47725",1993-09-01,"Sep 1993","Row",0,"Scss","Unabsorbed Inventory"
"47725",1993-09-01,"Sep 1993","Apartment",2,"Scss","Unabsorbed Inventory"
"47725",1993-09-01,"Sep 1993","All",29,"Scss","Unabsorbed Inventory"
"47725",1993-10-01,"Oct 1993","Single",29,"Scss","Unabsorbed Inventory"
"47725",1993-10-01,"Oct 1993","Semi-Detached",9,"Scss","Unabsorbed Inventory"
"47725",1993-10-01,"Oct 1993","Row",0,"Scss","Unabsorbed Inventory"
"47725",1993-10-01,"Oct 1993","Apartment",2,"Scss","Unabsorbed Inventory"
"47725",1993-10-01,"Oct 1993","All",40,"Scss","Unabsorbed Inventory"
"47725",1993-11-01,"Nov 1993","Single",23,"Scss","Unabsorbed Inventory"
"47725",1993-11-01,"Nov 1993","Semi-Detached",11,"Scss","Unabsorbed Inventory"
"47725",1993-11-01,"Nov 1993","Row",0,"Scss","Unabsorbed Inventory"
"47725",1993-11-01,"Nov 1993","Apartment",9,"Scss","Unabsorbed Inventory"
"47725",1993-11-01,"Nov 1993","All",43,"Scss","Unabsorbed Inventory"
"47725",1993-12-01,"Dec 1993","Single",22,"Scss","Unabsorbed Inventory"
"47725",1993-12-01,"Dec 1993","Semi-Detached",16,"Scss","Unabsorbed Inventory"
"47725",1993-12-01,"Dec 1993","Row",0,"Scss","Unabsorbed Inventory"
"47725",1993-12-01,"Dec 1993","Apartment",20,"Scss","Unabsorbed Inventory"
"47725",1993-12-01,"Dec 1993","All",58,"Scss","Unabsorbed Inventory"
"47725",1994-01-01,"Jan 1994","Single",19,"Scss","Unabsorbed Inventory"
"47725",1994-01-01,"Jan 1994","Semi-Detached",12,"Scss","Unabsorbed Inventory"
"47725",1994-01-01,"Jan 1994","Row",0,"Scss","Unabsorbed Inventory"
"47725",1994-01-01,"Jan 1994","Apartment",11,"Scss","Unabsorbed Inventory"
"47725",1994-01-01,"Jan 1994","All",42,"Scss","Unabsorbed Inventory"
"47725",1994-02-01,"Feb 1994","Single",18,"Scss","Unabsorbed Inventory"
"47725",1994-02-01,"Feb 1994","Semi-Detached",11,"Scss","Unabsorbed Inventory"
"47725",1994-02-01,"Feb 1994","Row",0,"Scss","Unabsorbed Inventory"
"47725",1994-02-01,"Feb 1994","Apartment",9,"Scss","Unabsorbed Inventory"
"47725",1994-02-01,"Feb 1994","All",38,"Scss","Unabsorbed Inventory"
"47725",1994-03-01,"Mar 1994","Single",19,"Scss","Unabsorbed Inventory"
"47725",1994-03-01,"Mar 1994","Semi-Detached",9,"Scss","Unabsorbed Inventory"
"47725",1994-03-01,"Mar 1994","Row",0,"Scss","Unabsorbed Inventory"
"47725",1994-03-01,"Mar 1994","Apartment",5,"Scss","Unabsorbed Inventory"
"47725",1994-03-01,"Mar 1994","All",33,"Scss","Unabsorbed Inventory"
"47725",1994-04-01,"Apr 1994","Single",18,"Scss","Unabsorbed Inventory"
"47725",1994-04-01,"Apr 1994","Semi-Detached",7,"Scss","Unabsorbed Inventory"
"47725",1994-04-01,"Apr 1994","Row",0,"Scss","Unabsorbed Inventory"
"47725",1994-04-01,"Apr 1994","Apartment",3,"Scss","Unabsorbed Inventory"
"47725",1994-04-01,"Apr 1994","All",28,"Scss","Unabsorbed Inventory"
"47725",1994-05-01,"May 1994","Single",19,"Scss","Unabsorbed Inventory"
"47725",1994-05-01,"May 1994","Semi-Detached",7,"Scss","Unabsorbed Inventory"
"47725",1994-05-01,"May 1994","Row",0,"Scss","Unabsorbed Inventory"
"47725",1994-05-01,"May 1994","Apartment",3,"Scss","Unabsorbed Inventory"
"47725",1994-05-01,"May 1994","All",29,"Scss","Unabsorbed Inventory"
"47725",1994-06-01,"Jun 1994","Single",22,"Scss","Unabsorbed Inventory"
"47725",1994-06-01,"Jun 1994","Semi-Detached",4,"Scss","Unabsorbed Inventory"
"47725",1994-06-01,"Jun 1994","Row",0,"Scss","Unabsorbed Inventory"
"47725",1994-06-01,"Jun 1994","Apartment",2,"Scss","Unabsorbed Inventory"
"47725",1994-06-01,"Jun 1994","All",28,"Scss","Unabsorbed Inventory"
"47725",1994-07-01,"Jul 1994","Single",25,"Scss","Unabsorbed Inventory"
"47725",1994-07-01,"Jul 1994","Semi-Detached",3,"Scss","Unabsorbed Inventory"
"47725",1994-07-01,"Jul 1994","Row",1,"Scss","Unabsorbed Inventory"
"47725",1994-07-01,"Jul 1994","Apartment",0,"Scss","Unabsorbed Inventory"
"47725",1994-07-01,"Jul 1994","All",29,"Scss","Unabsorbed Inventory"
"47725",1994-08-01,"Aug 1994","Single",19,"Scss","Unabsorbed Inventory"
"47725",1994-08-01,"Aug 1994","Semi-Detached",3,"Scss","Unabsorbed Inventory"
"47725",1994-08-01,"Aug 1994","Row",1,"Scss","Unabsorbed Inventory"
"47725",1994-08-01,"Aug 1994","Apartment",0,"Scss","Unabsorbed Inventory"
"47725",1994-08-01,"Aug 1994","All",23,"Scss","Unabsorbed Inventory"
"47725",1994-09-01,"Sep 1994","Single",25,"Scss","Unabsorbed Inventory"
"47725",1994-09-01,"Sep 1994","Semi-Detached",5,"Scss","Unabsorbed Inventory"
"47725",1994-09-01,"Sep 1994","Row",0,"Scss","Unabsorbed Inventory"
"47725",1994-09-01,"Sep 1994","Apartment",0,"Scss","Unabsorbed Inventory"
"47725",1994-09-01,"Sep 1994","All",30,"Scss","Unabsorbed Inventory"
"47725",1994-10-01,"Oct 1994","Single",29,"Scss","Unabsorbed Inventory"
"47725",1994-10-01,"Oct 1994","Semi-Detached",3,"Scss","Unabsorbed Inventory"
"47725",1994-10-01,"Oct 1994","Row",0,"Scss","Unabsorbed Inventory"
"47725",1994-10-01,"Oct 1994","Apartment",4,"Scss","Unabsorbed Inventory"
"47725",1994-10-01,"Oct 1994","All",36,"Scss","Unabsorbed Inventory"
"47725",1994-11-01,"Nov 1994","Single",37,"Scss","Unabsorbed Inventory"
"47725",1994-11-01,"Nov 1994","Semi-Detached",4,"Scss","Unabsorbed Inventory"
"47725",1994-11-01,"Nov 1994","Row",0,"Scss","Unabsorbed Inventory"
"47725",1994-11-01,"Nov 1994","Apartment",2,"Scss","Unabsorbed Inventory"
"47725",1994-11-01,"Nov 1994","All",43,"Scss","Unabsorbed Inventory"
"47725",1994-12-01,"Dec 1994","Single",43,"Scss","Unabsorbed Inventory"
"47725",1994-12-01,"Dec 1994","Semi-Detached",4,"Scss","Unabsorbed Inventory"
"47725",1994-12-01,"Dec 1994","Row",0,"Scss","Unabsorbed Inventory"
"47725",1994-12-01,"Dec 1994","Apartment",2,"Scss","Unabsorbed Inventory"
"47725",1994-12-01,"Dec 1994","All",49,"Scss","Unabsorbed Inventory"
"47725",1995-01-01,"Jan 1995","Single",31,"Scss","Unabsorbed Inventory"
"47725",1995-01-01,"Jan 1995","Semi-Detached",0,"Scss","Unabsorbed Inventory"
"47725",1995-01-01,"Jan 1995","Row",0,"Scss","Unabsorbed Inventory"
"47725",1995-01-01,"Jan 1995","Apartment",2,"Scss","Unabsorbed Inventory"
"47725",1995-01-01,"Jan 1995","All",33,"Scss","Unabsorbed Inventory"
"47725",1995-02-01,"Feb 1995","Single",36,"Scss","Unabsorbed Inventory"
"47725",1995-02-01,"Feb 1995","Semi-Detached",0,"Scss","Unabsorbed Inventory"
"47725",1995-02-01,"Feb 1995","Row",0,"Scss","Unabsorbed Inventory"
"47725",1995-02-01,"Feb 1995","Apartment",20,"Scss","Unabsorbed Inventory"
"47725",1995-02-01,"Feb 1995","All",56,"Scss","Unabsorbed Inventory"
"47725",1995-03-01,"Mar 1995","Single",34,"Scss","Unabsorbed Inventory"
"47725",1995-03-01,"Mar 1995","Semi-Detached",2,"Scss","Unabsorbed Inventory"
"47725",1995-03-01,"Mar 1995","Row",0,"Scss","Unabsorbed Inventory"
"47725",1995-03-01,"Mar 1995","Apartment",17,"Scss","Unabsorbed Inventory"
"47725",1995-03-01,"Mar 1995","All",53,"Scss","Unabsorbed Inventory"
"47725",1995-04-01,"Apr 1995","Single",38,"Scss","Unabsorbed Inventory"
"47725",1995-04-01,"Apr 1995","Semi-Detached",1,"Scss","Unabsorbed Inventory"
"47725",1995-04-01,"Apr 1995","Row",0,"Scss","Unabsorbed Inventory"
"47725",1995-04-01,"Apr 1995","Apartment",13,"Scss","Unabsorbed Inventory"
"47725",1995-04-01,"Apr 1995","All",52,"Scss","Unabsorbed Inventory"
"47725",1995-05-01,"May 1995","Single",33,"Scss","Unabsorbed Inventory"
"47725",1995-05-01,"May 1995","Semi-Detached",0,"Scss","Unabsorbed Inventory"
"47725",1995-05-01,"May 1995","Row",0,"Scss","Unabsorbed Inventory"
"47725",1995-05-01,"May 1995","Apartment",11,"Scss","Unabsorbed Inventory"
"47725",1995-05-01,"May 1995","All",44,"Scss","Unabsorbed Inventory"
"47725",1995-06-01,"Jun 1995","Single",27,"Scss","Unabsorbed Inventory"
"47725",1995-06-01,"Jun 1995","Semi-Detached",0,"Scss","Unabsorbed Inventory"
"47725",1995-06-01,"Jun 1995","Row",2,"Scss","Unabsorbed Inventory"
"47725",1995-06-01,"Jun 1995","Apartment",4,"Scss","Unabsorbed Inventory"
"47725",1995-06-01,"Jun 1995","All",33,"Scss","Unabsorbed Inventory"
"47725",1995-07-01,"Jul 1995","Single",26,"Scss","Unabsorbed Inventory"
"47725",1995-07-01,"Jul 1995","Semi-Detached",0,"Scss","Unabsorbed Inventory"
"47725",1995-07-01,"Jul 1995","Row",2,"Scss","Unabsorbed Inventory"
"47725",1995-07-01,"Jul 1995","Apartment",3,"Scss","Unabsorbed Inventory"
"47725",1995-07-01,"Jul 1995","All",31,"Scss","Unabsorbed Inventory"
"47725",1995-08-01,"Aug 1995","Single",22,"Scss","Unabsorbed Inventory"
"47725",1995-08-01,"Aug 1995","Semi-Detached",1,"Scss","Unabsorbed Inventory"
"47725",1995-08-01,"Aug 1995","Row",2,"Scss","Unabsorbed Inventory"
"47725",1995-08-01,"Aug 1995","Apartment",42,"Scss","Unabsorbed Inventory"
"47725",1995-08-01,"Aug 1995","All",67,"Scss","Unabsorbed Inventory"
"47725",1995-09-01,"Sep 1995","Single",20,"Scss","Unabsorbed Inventory"
"47725",1995-09-01,"Sep 1995","Semi-Detached",1,"Scss","Unabsorbed Inventory"
"47725",1995-09-01,"Sep 1995","Row",2,"Scss","Unabsorbed Inventory"
"47725",1995-09-01,"Sep 1995","Apartment",41,"Scss","Unabsorbed Inventory"
"47725",1995-09-01,"Sep 1995","All",64,"Scss","Unabsorbed Inventory"
"47725",1995-10-01,"Oct 1995","Single",27,"Scss","Unabsorbed Inventory"
"47725",1995-10-01,"Oct 1995","Semi-Detached",1,"Scss","Unabsorbed Inventory"
"47725",1995-10-01,"Oct 1995","Row",1,"Scss","Unabsorbed Inventory"
"47725",1995-10-01,"Oct 1995","Apartment",38,"Scss","Unabsorbed Inventory"
"47725",1995-10-01,"Oct 1995","All",67,"Scss","Unabsorbed Inventory"
"47725",1995-11-01,"Nov 1995","Single",25,"Scss","Unabsorbed Inventory"
"47725",1995-11-01,"Nov 1995","Semi-Detached",1,"Scss","Unabsorbed Inventory"
"47725",1995-11-01,"Nov 1995","Row",1,"Scss","Unabsorbed Inventory"
"47725",1995-11-01,"Nov 1995","Apartment",33,"Scss","Unabsorbed Inventory"
"47725",1995-11-01,"Nov 1995","All",60,"Scss","Unabsorbed Inventory"
"47725",1995-12-01,"Dec 1995","Single",26,"Scss","Unabsorbed Inventory"
"47725",1995-12-01,"Dec 1995","Semi-Detached",1,"Scss","Unabsorbed Inventory"
"47725",1995-12-01,"Dec 1995","Row",2,"Scss","Unabsorbed Inventory"
"47725",1995-12-01,"Dec 1995","Apartment",32,"Scss","Unabsorbed Inventory"
"47725",1995-12-01,"Dec 1995","All",61,"Scss","Unabsorbed Inventory"
"47725",1996-01-01,"Jan 1996","Single",25,"Scss","Unabsorbed Inventory"
"47725",1996-01-01,"Jan 1996","Semi-Detached",1,"Scss","Unabsorbed Inventory"
"47725",1996-01-01,"Jan 1996","Row",4,"Scss","Unabsorbed Inventory"
"47725",1996-01-01,"Jan 1996","Apartment",31,"Scss","Unabsorbed Inventory"
"47725",1996-01-01,"Jan 1996","All",61,"Scss","Unabsorbed Inventory"
"47725",1996-02-01,"Feb 1996","Single",26,"Scss","Unabsorbed Inventory"
"47725",1996-02-01,"Feb 1996","Semi-Detached",1,"Scss","Unabsorbed Inventory"
"47725",1996-02-01,"Feb 1996","Row",4,"Scss","Unabsorbed Inventory"
"47725",1996-02-01,"Feb 1996","Apartment",29,"Scss","Unabsorbed Inventory"
"47725",1996-02-01,"Feb 1996","All",60,"Scss","Unabsorbed Inventory"
"47725",1996-03-01,"Mar 1996","Single",22,"Scss","Unabsorbed Inventory"
"47725",1996-03-01,"Mar 1996","Semi-Detached",1,"Scss","Unabsorbed Inventory"
"47725",1996-03-01,"Mar 1996","Row",3,"Scss","Unabsorbed Inventory"
"47725",1996-03-01,"Mar 1996","Apartment",27,"Scss","Unabsorbed Inventory"
"47725",1996-03-01,"Mar 1996","All",53,"Scss","Unabsorbed Inventory"
"47725",1996-04-01,"Apr 1996","Single",22,"Scss","Unabsorbed Inventory"
"47725",1996-04-01,"Apr 1996","Semi-Detached",3,"Scss","Unabsorbed Inventory"
"47725",1996-04-01,"Apr 1996","Row",2,"Scss","Unabsorbed Inventory"
"47725",1996-04-01,"Apr 1996","Apartment",26,"Scss","Unabsorbed Inventory"
"47725",1996-04-01,"Apr 1996","All",53,"Scss","Unabsorbed Inventory"
"47725",1996-05-01,"May 1996","Single",19,"Scss","Unabsorbed Inventory"
"47725",1996-05-01,"May 1996","Semi-Detached",4,"Scss","Unabsorbed Inventory"
"47725",1996-05-01,"May 1996","Row",2,"Scss","Unabsorbed Inventory"
"47725",1996-05-01,"May 1996","Apartment",11,"Scss","Unabsorbed Inventory"
"47725",1996-05-01,"May 1996","All",36,"Scss","Unabsorbed Inventory"
"47725",1996-06-01,"Jun 1996","Single",15,"Scss","Unabsorbed Inventory"
"47725",1996-06-01,"Jun 1996","Semi-Detached",4,"Scss","Unabsorbed Inventory"
"47725",1996-06-01,"Jun 1996","Row",2,"Scss","Unabsorbed Inventory"
"47725",1996-06-01,"Jun 1996","Apartment",11,"Scss","Unabsorbed Inventory"
"47725",1996-06-01,"Jun 1996","All",32,"Scss","Unabsorbed Inventory"
"47725",1996-07-01,"Jul 1996","Single",14,"Scss","Unabsorbed Inventory"
"47725",1996-07-01,"Jul 1996","Semi-Detached",2,"Scss","Unabsorbed Inventory"
"47725",1996-07-01,"Jul 1996","Row",1,"Scss","Unabsorbed Inventory"
"47725",1996-07-01,"Jul 1996","Apartment",4,"Scss","Unabsorbed Inventory"
"47725",1996-07-01,"Jul 1996","All",21,"Scss","Unabsorbed Inventory"
"47725",1996-08-01,"Aug 1996","Single",20,"Scss","Unabsorbed Inventory"
"47725",1996-08-01,"Aug 1996","Semi-Detached",2,"Scss","Unabsorbed Inventory"
"47725",1996-08-01,"Aug 1996","Row",1,"Scss","Unabsorbed Inventory"
"47725",1996-08-01,"Aug 1996","Apartment",28,"Scss","Unabsorbed Inventory"
"47725",1996-08-01,"Aug 1996","All",51,"Scss","Unabsorbed Inventory"
"47725",1996-09-01,"Sep 1996","Single",20,"Scss","Unabsorbed Inventory"
"47725",1996-09-01,"Sep 1996","Semi-Detached",1,"Scss","Unabsorbed Inventory"
"47725",1996-09-01,"Sep 1996","Row",1,"Scss","Unabsorbed Inventory"
"47725",1996-09-01,"Sep 1996","Apartment",26,"Scss","Unabsorbed Inventory"
"47725",1996-09-01,"Sep 1996","All",48,"Scss","Unabsorbed Inventory"
"47725",1996-10-01,"Oct 1996","Single",21,"Scss","Unabsorbed Inventory"
"47725",1996-10-01,"Oct 1996","Semi-Detached",1,"Scss","Unabsorbed Inventory"
"47725",1996-10-01,"Oct 1996","Row",2,"Scss","Unabsorbed Inventory"
"47725",1996-10-01,"Oct 1996","Apartment",25,"Scss","Unabsorbed Inventory"
"47725",1996-10-01,"Oct 1996","All",49,"Scss","Unabsorbed Inventory"
"47725",1996-11-01,"Nov 1996","Single",18,"Scss","Unabsorbed Inventory"
"47725",1996-11-01,"Nov 1996","Semi-Detached",1,"Scss","Unabsorbed Inventory"
"47725",1996-11-01,"Nov 1996","Row",3,"Scss","Unabsorbed Inventory"
"47725",1996-11-01,"Nov 1996","Apartment",23,"Scss","Unabsorbed Inventory"
"47725",1996-11-01,"Nov 1996","All",45,"Scss","Unabsorbed Inventory"
"47725",1996-12-01,"Dec 1996","Single",19,"Scss","Unabsorbed Inventory"
"47725",1996-12-01,"Dec 1996","Semi-Detached",3,"Scss","Unabsorbed Inventory"
"47725",1996-12-01,"Dec 1996","Row",1,"Scss","Unabsorbed Inventory"
"47725",1996-12-01,"Dec 1996","Apartment",23,"Scss","Unabsorbed Inventory"
"47725",1996-12-01,"Dec 1996","All",46,"Scss","Unabsorbed Inventory"
"47725",1997-01-01,"Jan 1997","Single",17,"Scss","Unabsorbed Inventory"
"47725",1997-01-01,"Jan 1997","Semi-Detached",3,"Scss","Unabsorbed Inventory"
"47725",1997-01-01,"Jan 1997","Row",1,"Scss","Unabsorbed Inventory"
"47725",1997-01-01,"Jan 1997","Apartment",22,"Scss","Unabsorbed Inventory"
"47725",1997-01-01,"Jan 1997","All",43,"Scss","Unabsorbed Inventory"
"47725",1997-02-01,"Feb 1997","Single",19,"Scss","Unabsorbed Inventory"
"47725",1997-02-01,"Feb 1997","Semi-Detached",4,"Scss","Unabsorbed Inventory"
"47725",1997-02-01,"Feb 1997","Row",0,"Scss","Unabsorbed Inventory"
"47725",1997-02-01,"Feb 1997","Apartment",22,"Scss","Unabsorbed Inventory"
"47725",1997-02-01,"Feb 1997","All",45,"Scss","Unabsorbed Inventory"
"47725",1997-03-01,"Mar 1997","Single",18,"Scss","Unabsorbed Inventory"
"47725",1997-03-01,"Mar 1997","Semi-Detached",4,"Scss","Unabsorbed Inventory"
"47725",1997-03-01,"Mar 1997","Row",0,"Scss","Unabsorbed Inventory"
"47725",1997-03-01,"Mar 1997","Apartment",20,"Scss","Unabsorbed Inventory"
"47725",1997-03-01,"Mar 1997","All",42,"Scss","Unabsorbed Inventory"
"47725",1997-04-01,"Apr 1997","Single",19,"Scss","Unabsorbed Inventory"
"47725",1997-04-01,"Apr 1997","Semi-Detached",3,"Scss","Unabsorbed Inventory"
"47725",1997-04-01,"Apr 1997","Row",0,"Scss","Unabsorbed Inventory"
"47725",1997-04-01,"Apr 1997","Apartment",17,"Scss","Unabsorbed Inventory"
"47725",1997-04-01,"Apr 1997","All",39,"Scss","Unabsorbed Inventory"
"47725",1997-05-01,"May 1997","Single",19,"Scss","Unabsorbed Inventory"
"47725",1997-05-01,"May 1997","Semi-Detached",2,"Scss","Unabsorbed Inventory"
"47725",1997-05-01,"May 1997","Row",0,"Scss","Unabsorbed Inventory"
"47725",1997-05-01,"May 1997","Apartment",14,"Scss","Unabsorbed Inventory"
"47725",1997-05-01,"May 1997","All",35,"Scss","Unabsorbed Inventory"
"47725",1997-06-01,"Jun 1997","Single",23,"Scss","Unabsorbed Inventory"
"47725",1997-06-01,"Jun 1997","Semi-Detached",2,"Scss","Unabsorbed Inventory"
"47725",1997-06-01,"Jun 1997","Row",0,"Scss","Unabsorbed Inventory"
"47725",1997-06-01,"Jun 1997","Apartment",12,"Scss","Unabsorbed Inventory"
"47725",1997-06-01,"Jun 1997","All",37,"Scss","Unabsorbed Inventory"
"47725",1997-07-01,"Jul 1997","Single",23,"Scss","Unabsorbed Inventory"
"47725",1997-07-01,"Jul 1997","Semi-Detached",3,"Scss","Unabsorbed Inventory"
"47725",1997-07-01,"Jul 1997","Row",0,"Scss","Unabsorbed Inventory"
"47725",1997-07-01,"Jul 1997","Apartment",11,"Scss","Unabsorbed Inventory"
"47725",1997-07-01,"Jul 1997","All",37,"Scss","Unabsorbed Inventory"
"47725",1997-08-01,"Aug 1997","Single",26,"Scss","Unabsorbed Inventory"
"47725",1997-08-01,"Aug 1997","Semi-Detached",3,"Scss","Unabsorbed Inventory"
"47725",1997-08-01,"Aug 1997","Row",0,"Scss","Unabsorbed Inventory"
"47725",1997-08-01,"Aug 1997","Apartment",8,"Scss","Unabsorbed Inventory"
"47725",1997-08-01,"Aug 1997","All",37,"Scss","Unabsorbed Inventory"
"47725",1997-09-01,"Sep 1997","Single",24,"Scss","Unabsorbed Inventory"
"47725",1997-09-01,"Sep 1997","Semi-Detached",2,"Scss","Unabsorbed Inventory"
"47725",1997-09-01,"Sep 1997","Row",1,"Scss","Unabsorbed Inventory"
"47725",1997-09-01,"Sep 1997","Apartment",8,"Scss","Unabsorbed Inventory"
"47725",1997-09-01,"Sep 1997","All",35,"Scss","Unabsorbed Inventory"
"47725",1997-10-01,"Oct 1997","Single",21,"Scss","Unabsorbed Inventory"
"47725",1997-10-01,"Oct 1997","Semi-Detached",2,"Scss","Unabsorbed Inventory"
"47725",1997-10-01,"Oct 1997","Row",1,"Scss","Unabsorbed Inventory"
"47725",1997-10-01,"Oct 1997","Apartment",8,"Scss","Unabsorbed Inventory"
"47725",1997-10-01,"Oct 1997","All",32,"Scss","Unabsorbed Inventory"
"47725",1997-11-01,"Nov 1997","Single",18,"Scss","Unabsorbed Inventory"
"47725",1997-11-01,"Nov 1997","Semi-Detached",2,"Scss","Unabsorbed Inventory"
"47725",1997-11-01,"Nov 1997","Row",2,"Scss","Unabsorbed Inventory"
"47725",1997-11-01,"Nov 1997","Apartment",8,"Scss","Unabsorbed Inventory"
"47725",1997-11-01,"Nov 1997","All",30,"Scss","Unabsorbed Inventory"
"47725",1997-12-01,"Dec 1997","Single",15,"Scss","Unabsorbed Inventory"
"47725",1997-12-01,"Dec 1997","Semi-Detached",2,"Scss","Unabsorbed Inventory"
"47725",1997-12-01,"Dec 1997","Row",1,"Scss","Unabsorbed Inventory"
"47725",1997-12-01,"Dec 1997","Apartment",15,"Scss","Unabsorbed Inventory"
"47725",1997-12-01,"Dec 1997","All",33,"Scss","Unabsorbed Inventory"
"47725",1998-01-01,"Jan 1998","Single",17,"Scss","Unabsorbed Inventory"
"47725",1998-01-01,"Jan 1998","Semi-Detached",2,"Scss","Unabsorbed Inventory"
"47725",1998-01-01,"Jan 1998","Row",1,"Scss","Unabsorbed Inventory"
"47725",1998-01-01,"Jan 1998","Apartment",15,"Scss","Unabsorbed Inventory"
"47725",1998-01-01,"Jan 1998","All",35,"Scss","Unabsorbed Inventory"
"47725",1998-02-01,"Feb 1998","Single",28,"Scss","Unabsorbed Inventory"
"47725",1998-02-01,"Feb 1998","Semi-Detached",2,"Scss","Unabsorbed Inventory"
"47725",1998-02-01,"Feb 1998","Row",1,"Scss","Unabsorbed Inventory"
"47725",1998-02-01,"Feb 1998","Apartment",11,"Scss","Unabsorbed Inventory"
"47725",1998-02-01,"Feb 1998","All",42,"Scss","Unabsorbed Inventory"
"47725",1998-03-01,"Mar 1998","Single",29,"Scss","Unabsorbed Inventory"
"47725",1998-03-01,"Mar 1998","Semi-Detached",2,"Scss","Unabsorbed Inventory"
"47725",1998-03-01,"Mar 1998","Row",0,"Scss","Unabsorbed Inventory"
"47725",1998-03-01,"Mar 1998","Apartment",11,"Scss","Unabsorbed Inventory"
"47725",1998-03-01,"Mar 1998","All",42,"Scss","Unabsorbed Inventory"
"47725",1998-04-01,"Apr 1998","Single",39,"Scss","Unabsorbed Inventory"
"47725",1998-04-01,"Apr 1998","Semi-Detached",3,"Scss","Unabsorbed Inventory"
"47725",1998-04-01,"Apr 1998","Row",0,"Scss","Unabsorbed Inventory"
"47725",1998-04-01,"Apr 1998","Apartment",10,"Scss","Unabsorbed Inventory"
"47725",1998-04-01,"Apr 1998","All",52,"Scss","Unabsorbed Inventory"
"47725",1998-05-01,"May 1998","Single",36,"Scss","Unabsorbed Inventory"
"47725",1998-05-01,"May 1998","Semi-Detached",3,"Scss","Unabsorbed Inventory"
"47725",1998-05-01,"May 1998","Row",0,"Scss","Unabsorbed Inventory"
"47725",1998-05-01,"May 1998","Apartment",7,"Scss","Unabsorbed Inventory"
"47725",1998-05-01,"May 1998","All",46,"Scss","Unabsorbed Inventory"
"47725",1998-06-01,"Jun 1998","Single",21,"Scss","Unabsorbed Inventory"
"47725",1998-06-01,"Jun 1998","Semi-Detached",2,"Scss","Unabsorbed Inventory"
"47725",1998-06-01,"Jun 1998","Row",0,"Scss","Unabsorbed Inventory"
"47725",1998-06-01,"Jun 1998","Apartment",6,"Scss","Unabsorbed Inventory"
"47725",1998-06-01,"Jun 1998","All",29,"Scss","Unabsorbed Inventory"
"47725",1998-07-01,"Jul 1998","Single",16,"Scss","Unabsorbed Inventory"
"47725",1998-07-01,"Jul 1998","Semi-Detached",2,"Scss","Unabsorbed Inventory"
"47725",1998-07-01,"Jul 1998","Row",0,"Scss","Unabsorbed Inventory"
"47725",1998-07-01,"Jul 1998","Apartment",21,"Scss","Unabsorbed Inventory"
"47725",1998-07-01,"Jul 1998","All",39,"Scss","Unabsorbed Inventory"
"47725",1998-08-01,"Aug 1998","Single",35,"Scss","Unabsorbed Inventory"
"47725",1998-08-01,"Aug 1998","Semi-Detached",4,"Scss","Unabsorbed Inventory"
"47725",1998-08-01,"Aug 1998","Row",10,"Scss","Unabsorbed Inventory"
"47725",1998-08-01,"Aug 1998","Apartment",20,"Scss","Unabsorbed Inventory"
"47725",1998-08-01,"Aug 1998","All",69,"Scss","Unabsorbed Inventory"
"47725",1998-09-01,"Sep 1998","Single",32,"Scss","Unabsorbed Inventory"
"47725",1998-09-01,"Sep 1998","Semi-Detached",2,"Scss","Unabsorbed Inventory"
"47725",1998-09-01,"Sep 1998","Row",9,"Scss","Unabsorbed Inventory"
"47725",1998-09-01,"Sep 1998","Apartment",20,"Scss","Unabsorbed Inventory"
"47725",1998-09-01,"Sep 1998","All",63,"Scss","Unabsorbed Inventory"
"47725",1998-10-01,"Oct 1998","Single",31,"Scss","Unabsorbed Inventory"
"47725",1998-10-01,"Oct 1998","Semi-Detached",2,"Scss","Unabsorbed Inventory"
"47725",1998-10-01,"Oct 1998","Row",19,"Scss","Unabsorbed Inventory"
"47725",1998-10-01,"Oct 1998","Apartment",20,"Scss","Unabsorbed Inventory"
"47725",1998-10-01,"Oct 1998","All",72,"Scss","Unabsorbed Inventory"
"47725",1998-11-01,"Nov 1998","Single",39,"Scss","Unabsorbed Inventory"
"47725",1998-11-01,"Nov 1998","Semi-Detached",7,"Scss","Unabsorbed Inventory"
"47725",1998-11-01,"Nov 1998","Row",35,"Scss","Unabsorbed Inventory"
"47725",1998-11-01,"Nov 1998","Apartment",37,"Scss","Unabsorbed Inventory"
"47725",1998-11-01,"Nov 1998","All",118,"Scss","Unabsorbed Inventory"
"47725",1998-12-01,"Dec 1998","Single",50,"Scss","Unabsorbed Inventory"
"47725",1998-12-01,"Dec 1998","Semi-Detached",14,"Scss","Unabsorbed Inventory"
"47725",1998-12-01,"Dec 1998","Row",39,"Scss","Unabsorbed Inventory"
"47725",1998-12-01,"Dec 1998","Apartment",69,"Scss","Unabsorbed Inventory"
"47725",1998-12-01,"Dec 1998","All",172,"Scss","Unabsorbed Inventory"
"47725",1999-01-01,"Jan 1999","Single",49,"Scss","Unabsorbed Inventory"
"47725",1999-01-01,"Jan 1999","Semi-Detached",12,"Scss","Unabsorbed Inventory"
"47725",1999-01-01,"Jan 1999","Row",34,"Scss","Unabsorbed Inventory"
"47725",1999-01-01,"Jan 1999","Apartment",65,"Scss","Unabsorbed Inventory"
"47725",1999-01-01,"Jan 1999","All",160,"Scss","Unabsorbed Inventory"
"47725",1999-02-01,"Feb 1999","Single",44,"Scss","Unabsorbed Inventory"
"47725",1999-02-01,"Feb 1999","Semi-Detached",8,"Scss","Unabsorbed Inventory"
"47725",1999-02-01,"Feb 1999","Row",35,"Scss","Unabsorbed Inventory"
"47725",1999-02-01,"Feb 1999","Apartment",61,"Scss","Unabsorbed Inventory"
"47725",1999-02-01,"Feb 1999","All",148,"Scss","Unabsorbed Inventory"
"47725",1999-03-01,"Mar 1999","Single",39,"Scss","Unabsorbed Inventory"
"47725",1999-03-01,"Mar 1999","Semi-Detached",8,"Scss","Unabsorbed Inventory"
"47725",1999-03-01,"Mar 1999","Row",31,"Scss","Unabsorbed Inventory"
"47725",1999-03-01,"Mar 1999","Apartment",90,"Scss","Unabsorbed Inventory"
"47725",1999-03-01,"Mar 1999","All",168,"Scss","Unabsorbed Inventory"
"47725",1999-04-01,"Apr 1999","Single",49,"Scss","Unabsorbed Inventory"
"47725",1999-04-01,"Apr 1999","Semi-Detached",8,"Scss","Unabsorbed Inventory"
"47725",1999-04-01,"Apr 1999","Row",26,"Scss","Unabsorbed Inventory"
"47725",1999-04-01,"Apr 1999","Apartment",82,"Scss","Unabsorbed Inventory"
"47725",1999-04-01,"Apr 1999","All",165,"Scss","Unabsorbed Inventory"
"47725",1999-05-01,"May 1999","Single",43,"Scss","Unabsorbed Inventory"
"47725",1999-05-01,"May 1999","Semi-Detached",4,"Scss","Unabsorbed Inventory"
"47725",1999-05-01,"May 1999","Row",20,"Scss","Unabsorbed Inventory"
"47725",1999-05-01,"May 1999","Apartment",76,"Scss","Unabsorbed Inventory"
"47725",1999-05-01,"May 1999","All",143,"Scss","Unabsorbed Inventory"
"47725",1999-06-01,"Jun 1999","Single",41,"Scss","Unabsorbed Inventory"
"47725",1999-06-01,"Jun 1999","Semi-Detached",3,"Scss","Unabsorbed Inventory"
"47725",1999-06-01,"Jun 1999","Row",17,"Scss","Unabsorbed Inventory"
"47725",1999-06-01,"Jun 1999","Apartment",59,"Scss","Unabsorbed Inventory"
"47725",1999-06-01,"Jun 1999","All",120,"Scss","Unabsorbed Inventory"
"47725",1999-07-01,"Jul 1999","Single",38,"Scss","Unabsorbed Inventory"
"47725",1999-07-01,"Jul 1999","Semi-Detached",4,"Scss","Unabsorbed Inventory"
"47725",1999-07-01,"Jul 1999","Row",14,"Scss","Unabsorbed Inventory"
"47725",1999-07-01,"Jul 1999","Apartment",54,"Scss","Unabsorbed Inventory"
"47725",1999-07-01,"Jul 1999","All",110,"Scss","Unabsorbed Inventory"
"47725",1999-08-01,"Aug 1999","Single",33,"Scss","Unabsorbed Inventory"
"47725",1999-08-01,"Aug 1999","Semi-Detached",5,"Scss","Unabsorbed Inventory"
"47725",1999-08-01,"Aug 1999","Row",14,"Scss","Unabsorbed Inventory"
"47725",1999-08-01,"Aug 1999","Apartment",60,"Scss","Unabsorbed Inventory"
"47725",1999-08-01,"Aug 1999","All",112,"Scss","Unabsorbed Inventory"
"47725",1999-09-01,"Sep 1999","Single",51,"Scss","Unabsorbed Inventory"
"47725",1999-09-01,"Sep 1999","Semi-Detached",5,"Scss","Unabsorbed Inventory"
"47725",1999-09-01,"Sep 1999","Row",12,"Scss","Unabsorbed Inventory"
"47725",1999-09-01,"Sep 1999","Apartment",59,"Scss","Unabsorbed Inventory"
"47725",1999-09-01,"Sep 1999","All",127,"Scss","Unabsorbed Inventory"
"47725",1999-10-01,"Oct 1999","Single",59,"Scss","Unabsorbed Inventory"
"47725",1999-10-01,"Oct 1999","Semi-Detached",8,"Scss","Unabsorbed Inventory"
"47725",1999-10-01,"Oct 1999","Row",7,"Scss","Unabsorbed Inventory"
"47725",1999-10-01,"Oct 1999","Apartment",54,"Scss","Unabsorbed Inventory"
"47725",1999-10-01,"Oct 1999","All",128,"Scss","Unabsorbed Inventory"
"47725",1999-11-01,"Nov 1999","Single",51,"Scss","Unabsorbed Inventory"
"47725",1999-11-01,"Nov 1999","Semi-Detached",11,"Scss","Unabsorbed Inventory"
"47725",1999-11-01,"Nov 1999","Row",6,"Scss","Unabsorbed Inventory"
"47725",1999-11-01,"Nov 1999","Apartment",50,"Scss","Unabsorbed Inventory"
"47725",1999-11-01,"Nov 1999","All",118,"Scss","Unabsorbed Inventory"
"47725",1999-12-01,"Dec 1999","Single",53,"Scss","Unabsorbed Inventory"
"47725",1999-12-01,"Dec 1999","Semi-Detached",12,"Scss","Unabsorbed Inventory"
"47725",1999-12-01,"Dec 1999","Row",5,"Scss","Unabsorbed Inventory"
"47725",1999-12-01,"Dec 1999","Apartment",47,"Scss","Unabsorbed Inventory"
"47725",1999-12-01,"Dec 1999","All",117,"Scss","Unabsorbed Inventory"
"47725",2000-01-01,"Jan 2000","Single",54,"Scss","Unabsorbed Inventory"
"47725",2000-01-01,"Jan 2000","Semi-Detached",11,"Scss","Unabsorbed Inventory"
"47725",2000-01-01,"Jan 2000","Row",8,"Scss","Unabsorbed Inventory"
"47725",2000-01-01,"Jan 2000","Apartment",44,"Scss","Unabsorbed Inventory"
"47725",2000-01-01,"Jan 2000","All",117,"Scss","Unabsorbed Inventory"
"47725",2000-02-01,"Feb 2000","Single",56,"Scss","Unabsorbed Inventory"
"47725",2000-02-01,"Feb 2000","Semi-Detached",9,"Scss","Unabsorbed Inventory"
"47725",2000-02-01,"Feb 2000","Row",6,"Scss","Unabsorbed Inventory"
"47725",2000-02-01,"Feb 2000","Apartment",43,"Scss","Unabsorbed Inventory"
"47725",2000-02-01,"Feb 2000","All",114,"Scss","Unabsorbed Inventory"
"47725",2000-03-01,"Mar 2000","Single",59,"Scss","Unabsorbed Inventory"
"47725",2000-03-01,"Mar 2000","Semi-Detached",10,"Scss","Unabsorbed Inventory"
"47725",2000-03-01,"Mar 2000","Row",15,"Scss","Unabsorbed Inventory"
"47725",2000-03-01,"Mar 2000","Apartment",38,"Scss","Unabsorbed Inventory"
"47725",2000-03-01,"Mar 2000","All",122,"Scss","Unabsorbed Inventory"
"47725",2000-04-01,"Apr 2000","Single",51,"Scss","Unabsorbed Inventory"
"47725",2000-04-01,"Apr 2000","Semi-Detached",9,"Scss","Unabsorbed Inventory"
"47725",2000-04-01,"Apr 2000","Row",19,"Scss","Unabsorbed Inventory"
"47725",2000-04-01,"Apr 2000","Apartment",54,"Scss","Unabsorbed Inventory"
"47725",2000-04-01,"Apr 2000","All",133,"Scss","Unabsorbed Inventory"
"47725",2000-05-01,"May 2000","Single",46,"Scss","Unabsorbed Inventory"
"47725",2000-05-01,"May 2000","Semi-Detached",11,"Scss","Unabsorbed Inventory"
"47725",2000-05-01,"May 2000","Row",19,"Scss","Unabsorbed Inventory"
"47725",2000-05-01,"May 2000","Apartment",54,"Scss","Unabsorbed Inventory"
"47725",2000-05-01,"May 2000","All",130,"Scss","Unabsorbed Inventory"
"47725",2000-06-01,"Jun 2000","Single",50,"Scss","Unabsorbed Inventory"
"47725",2000-06-01,"Jun 2000","Semi-Detached",14,"Scss","Unabsorbed Inventory"
"47725",2000-06-01,"Jun 2000","Row",16,"Scss","Unabsorbed Inventory"
"47725",2000-06-01,"Jun 2000","Apartment",43,"Scss","Unabsorbed Inventory"
"47725",2000-06-01,"Jun 2000","All",123,"Scss","Unabsorbed Inventory"
"47725",2000-07-01,"Jul 2000","Single",63,"Scss","Unabsorbed Inventory"
"47725",2000-07-01,"Jul 2000","Semi-Detached",17,"Scss","Unabsorbed Inventory"
"47725",2000-07-01,"Jul 2000","Row",14,"Scss","Unabsorbed Inventory"
"47725",2000-07-01,"Jul 2000","Apartment",32,"Scss","Unabsorbed Inventory"
"47725",2000-07-01,"Jul 2000","All",126,"Scss","Unabsorbed Inventory"
"47725",2000-08-01,"Aug 2000","Single",66,"Scss","Unabsorbed Inventory"
"47725",2000-08-01,"Aug 2000","Semi-Detached",14,"Scss","Unabsorbed Inventory"
"47725",2000-08-01,"Aug 2000","Row",17,"Scss","Unabsorbed Inventory"
"47725",2000-08-01,"Aug 2000","Apartment",32,"Scss","Unabsorbed Inventory"
"47725",2000-08-01,"Aug 2000","All",129,"Scss","Unabsorbed Inventory"
"47725",2000-09-01,"Sep 2000","Single",61,"Scss","Unabsorbed Inventory"
"47725",2000-09-01,"Sep 2000","Semi-Detached",14,"Scss","Unabsorbed Inventory"
"47725",2000-09-01,"Sep 2000","Row",16,"Scss","Unabsorbed Inventory"
"47725",2000-09-01,"Sep 2000","Apartment",32,"Scss","Unabsorbed Inventory"
"47725",2000-09-01,"Sep 2000","All",123,"Scss","Unabsorbed Inventory"
"47725",2000-10-01,"Oct 2000","Single",64,"Scss","Unabsorbed Inventory"
"47725",2000-10-01,"Oct 2000","Semi-Detached",15,"Scss","Unabsorbed Inventory"
"47725",2000-10-01,"Oct 2000","Row",13,"Scss","Unabsorbed Inventory"
"47725",2000-10-01,"Oct 2000","Apartment",32,"Scss","Unabsorbed Inventory"
"47725",2000-10-01,"Oct 2000","All",124,"Scss","Unabsorbed Inventory"
"47725",2000-11-01,"Nov 2000","Single",64,"Scss","Unabsorbed Inventory"
"47725",2000-11-01,"Nov 2000","Semi-Detached",17,"Scss","Unabsorbed Inventory"
"47725",2000-11-01,"Nov 2000","Row",12,"Scss","Unabsorbed Inventory"
"47725",2000-11-01,"Nov 2000","Apartment",72,"Scss","Unabsorbed Inventory"
"47725",2000-11-01,"Nov 2000","All",165,"Scss","Unabsorbed Inventory"
"47725",2000-12-01,"Dec 2000","Single",61,"Scss","Unabsorbed Inventory"
"47725",2000-12-01,"Dec 2000","Semi-Detached",22,"Scss","Unabsorbed Inventory"
"47725",2000-12-01,"Dec 2000","Row",12,"Scss","Unabsorbed Inventory"
"47725",2000-12-01,"Dec 2000","Apartment",70,"Scss","Unabsorbed Inventory"
"47725",2000-12-01,"Dec 2000","All",165,"Scss","Unabsorbed Inventory"
"47725",2001-01-01,"Jan 2001","Single",66,"Scss","Unabsorbed Inventory"
"47725",2001-01-01,"Jan 2001","Semi-Detached",31,"Scss","Unabsorbed Inventory"
"47725",2001-01-01,"Jan 2001","Row",16,"Scss","Unabsorbed Inventory"
"47725",2001-01-01,"Jan 2001","Apartment",70,"Scss","Unabsorbed Inventory"
"47725",2001-01-01,"Jan 2001","All",183,"Scss","Unabsorbed Inventory"
"47725",2001-02-01,"Feb 2001","Single",62,"Scss","Unabsorbed Inventory"
"47725",2001-02-01,"Feb 2001","Semi-Detached",31,"Scss","Unabsorbed Inventory"
"47725",2001-02-01,"Feb 2001","Row",16,"Scss","Unabsorbed Inventory"
"47725",2001-02-01,"Feb 2001","Apartment",70,"Scss","Unabsorbed Inventory"
"47725",2001-02-01,"Feb 2001","All",179,"Scss","Unabsorbed Inventory"
"47725",2001-03-01,"Mar 2001","Single",54,"Scss","Unabsorbed Inventory"
"47725",2001-03-01,"Mar 2001","Semi-Detached",27,"Scss","Unabsorbed Inventory"
"47725",2001-03-01,"Mar 2001","Row",11,"Scss","Unabsorbed Inventory"
"47725",2001-03-01,"Mar 2001","Apartment",86,"Scss","Unabsorbed Inventory"
"47725",2001-03-01,"Mar 2001","All",178,"Scss","Unabsorbed Inventory"
"47725",2001-04-01,"Apr 2001","Single",53,"Scss","Unabsorbed Inventory"
"47725",2001-04-01,"Apr 2001","Semi-Detached",25,"Scss","Unabsorbed Inventory"
"47725",2001-04-01,"Apr 2001","Row",23,"Scss","Unabsorbed Inventory"
"47725",2001-04-01,"Apr 2001","Apartment",86,"Scss","Unabsorbed Inventory"
"47725",2001-04-01,"Apr 2001","All",187,"Scss","Unabsorbed Inventory"
"47725",2001-05-01,"May 2001","Single",52,"Scss","Unabsorbed Inventory"
"47725",2001-05-01,"May 2001","Semi-Detached",25,"Scss","Unabsorbed Inventory"
"47725",2001-05-01,"May 2001","Row",23,"Scss","Unabsorbed Inventory"
"47725",2001-05-01,"May 2001","Apartment",83,"Scss","Unabsorbed Inventory"
"47725",2001-05-01,"May 2001","All",183,"Scss","Unabsorbed Inventory"
"47725",2001-06-01,"Jun 2001","Single",45,"Scss","Unabsorbed Inventory"
"47725",2001-06-01,"Jun 2001","Semi-Detached",21,"Scss","Unabsorbed Inventory"
"47725",2001-06-01,"Jun 2001","Row",25,"Scss","Unabsorbed Inventory"
"47725",2001-06-01,"Jun 2001","Apartment",68,"Scss","Unabsorbed Inventory"
"47725",2001-06-01,"Jun 2001","All",159,"Scss","Unabsorbed Inventory"
"47725",2001-07-01,"Jul 2001","Single",54,"Scss","Unabsorbed Inventory"
"47725",2001-07-01,"Jul 2001","Semi-Detached",18,"Scss","Unabsorbed Inventory"
"47725",2001-07-01,"Jul 2001","Row",17,"Scss","Unabsorbed Inventory"
"47725",2001-07-01,"Jul 2001","Apartment",80,"Scss","Unabsorbed Inventory"
"47725",2001-07-01,"Jul 2001","All",169,"Scss","Unabsorbed Inventory"
"47725",2001-08-01,"Aug 2001","Single",55,"Scss","Unabsorbed Inventory"
"47725",2001-08-01,"Aug 2001","Semi-Detached",14,"Scss","Unabsorbed Inventory"
"47725",2001-08-01,"Aug 2001","Row",17,"Scss","Unabsorbed Inventory"
"47725",2001-08-01,"Aug 2001","Apartment",80,"Scss","Unabsorbed Inventory"
"47725",2001-08-01,"Aug 2001","All",166,"Scss","Unabsorbed Inventory"
"47725",2001-09-01,"Sep 2001","Single",59,"Scss","Unabsorbed Inventory"
"47725",2001-09-01,"Sep 2001","Semi-Detached",12,"Scss","Unabsorbed Inventory"
"47725",2001-09-01,"Sep 2001","Row",21,"Scss","Unabsorbed Inventory"
"47725",2001-09-01,"Sep 2001","Apartment",60,"Scss","Unabsorbed Inventory"
"47725",2001-09-01,"Sep 2001","All",152,"Scss","Unabsorbed Inventory"
"47725",2001-10-01,"Oct 2001","Single",62,"Scss","Unabsorbed Inventory"
"47725",2001-10-01,"Oct 2001","Semi-Detached",9,"Scss","Unabsorbed Inventory"
"47725",2001-10-01,"Oct 2001","Row",21,"Scss","Unabsorbed Inventory"
"47725",2001-10-01,"Oct 2001","Apartment",60,"Scss","Unabsorbed Inventory"
"47725",2001-10-01,"Oct 2001","All",152,"Scss","Unabsorbed Inventory"
"47725",2001-11-01,"Nov 2001","Single",54,"Scss","Unabsorbed Inventory"
"47725",2001-11-01,"Nov 2001","Semi-Detached",11,"Scss","Unabsorbed Inventory"
"47725",2001-11-01,"Nov 2001","Row",27,"Scss","Unabsorbed Inventory"
"47725",2001-11-01,"Nov 2001","Apartment",60,"Scss","Unabsorbed Inventory"
"47725",2001-11-01,"Nov 2001","All",152,"Scss","Unabsorbed Inventory"
"47725",2001-12-01,"Dec 2001","Single",47,"Scss","Unabsorbed Inventory"
"47725",2001-12-01,"Dec 2001","Semi-Detached",11,"Scss","Unabsorbed Inventory"
"47725",2001-12-01,"Dec 2001","Row",28,"Scss","Unabsorbed Inventory"
"47725",2001-12-01,"Dec 2001","Apartment",58,"Scss","Unabsorbed Inventory"
"47725",2001-12-01,"Dec 2001","All",144,"Scss","Unabsorbed Inventory"
"47725",2002-01-01,"Jan 2002","Single",47,"Scss","Unabsorbed Inventory"
"47725",2002-01-01,"Jan 2002","Semi-Detached",11,"Scss","Unabsorbed Inventory"
"47725",2002-01-01,"Jan 2002","Row",19,"Scss","Unabsorbed Inventory"
"47725",2002-01-01,"Jan 2002","Apartment",55,"Scss","Unabsorbed Inventory"
"47725",2002-01-01,"Jan 2002","All",132,"Scss","Unabsorbed Inventory"
"47725",2002-02-01,"Feb 2002","Single",44,"Scss","Unabsorbed Inventory"
"47725",2002-02-01,"Feb 2002","Semi-Detached",11,"Scss","Unabsorbed Inventory"
"47725",2002-02-01,"Feb 2002","Row",16,"Scss","Unabsorbed Inventory"
"47725",2002-02-01,"Feb 2002","Apartment",60,"Scss","Unabsorbed Inventory"
"47725",2002-02-01,"Feb 2002","All",131,"Scss","Unabsorbed Inventory"
"47725",2002-03-01,"Mar 2002","Single",44,"Scss","Unabsorbed Inventory"
"47725",2002-03-01,"Mar 2002","Semi-Detached",12,"Scss","Unabsorbed Inventory"
"47725",2002-03-01,"Mar 2002","Row",28,"Scss","Unabsorbed Inventory"
"47725",2002-03-01,"Mar 2002","Apartment",60,"Scss","Unabsorbed Inventory"
"47725",2002-03-01,"Mar 2002","All",144,"Scss","Unabsorbed Inventory"
"47725",2002-04-01,"Apr 2002","Single",43,"Scss","Unabsorbed Inventory"
"47725",2002-04-01,"Apr 2002","Semi-Detached",12,"Scss","Unabsorbed Inventory"
"47725",2002-04-01,"Apr 2002","Row",37,"Scss","Unabsorbed Inventory"
"47725",2002-04-01,"Apr 2002","Apartment",65,"Scss","Unabsorbed Inventory"
"47725",2002-04-01,"Apr 2002","All",157,"Scss","Unabsorbed Inventory"
"47725",2002-05-01,"May 2002","Single",43,"Scss","Unabsorbed Inventory"
"47725",2002-05-01,"May 2002","Semi-Detached",12,"Scss","Unabsorbed Inventory"
"47725",2002-05-01,"May 2002","Row",22,"Scss","Unabsorbed Inventory"
"47725",2002-05-01,"May 2002","Apartment",54,"Scss","Unabsorbed Inventory"
"47725",2002-05-01,"May 2002","All",131,"Scss","Unabsorbed Inventory"
"47725",2002-06-01,"Jun 2002","Single",40,"Scss","Unabsorbed Inventory"
"47725",2002-06-01,"Jun 2002","Semi-Detached",10,"Scss","Unabsorbed Inventory"
"47725",2002-06-01,"Jun 2002","Row",10,"Scss","Unabsorbed Inventory"
"47725",2002-06-01,"Jun 2002","Apartment",66,"Scss","Unabsorbed Inventory"
"47725",2002-06-01,"Jun 2002","All",126,"Scss","Unabsorbed Inventory"
"47725",2002-07-01,"Jul 2002","Single",34,"Scss","Unabsorbed Inventory"
"47725",2002-07-01,"Jul 2002","Semi-Detached",10,"Scss","Unabsorbed Inventory"
"47725",2002-07-01,"Jul 2002","Row",12,"Scss","Unabsorbed Inventory"
"47725",2002-07-01,"Jul 2002","Apartment",77,"Scss","Unabsorbed Inventory"
"47725",2002-07-01,"Jul 2002","All",133,"Scss","Unabsorbed Inventory"
"47725",2002-08-01,"Aug 2002","Single",32,"Scss","Unabsorbed Inventory"
"47725",2002-08-01,"Aug 2002","Semi-Detached",6,"Scss","Unabsorbed Inventory"
"47725",2002-08-01,"Aug 2002","Row",7,"Scss","Unabsorbed Inventory"
"47725",2002-08-01,"Aug 2002","Apartment",62,"Scss","Unabsorbed Inventory"
"47725",2002-08-01,"Aug 2002","All",107,"Scss","Unabsorbed Inventory"
"47725",2002-09-01,"Sep 2002","Single",30,"Scss","Unabsorbed Inventory"
"47725",2002-09-01,"Sep 2002","Semi-Detached",8,"Scss","Unabsorbed Inventory"
"47725",2002-09-01,"Sep 2002","Row",7,"Scss","Unabsorbed Inventory"
"47725",2002-09-01,"Sep 2002","Apartment",55,"Scss","Unabsorbed Inventory"
"47725",2002-09-01,"Sep 2002","All",100,"Scss","Unabsorbed Inventory"
"47725",2002-10-01,"Oct 2002","Single",26,"Scss","Unabsorbed Inventory"
"47725",2002-10-01,"Oct 2002","Semi-Detached",9,"Scss","Unabsorbed Inventory"
"47725",2002-10-01,"Oct 2002","Row",7,"Scss","Unabsorbed Inventory"
"47725",2002-10-01,"Oct 2002","Apartment",54,"Scss","Unabsorbed Inventory"
"47725",2002-10-01,"Oct 2002","All",96,"Scss","Unabsorbed Inventory"
"47725",2002-11-01,"Nov 2002","Single",25,"Scss","Unabsorbed Inventory"
"47725",2002-11-01,"Nov 2002","Semi-Detached",3,"Scss","Unabsorbed Inventory"
"47725",2002-11-01,"Nov 2002","Row",10,"Scss","Unabsorbed Inventory"
"47725",2002-11-01,"Nov 2002","Apartment",51,"Scss","Unabsorbed Inventory"
"47725",2002-11-01,"Nov 2002","All",89,"Scss","Unabsorbed Inventory"
"47725",2002-12-01,"Dec 2002","Single",22,"Scss","Unabsorbed Inventory"
"47725",2002-12-01,"Dec 2002","Semi-Detached",3,"Scss","Unabsorbed Inventory"
"47725",2002-12-01,"Dec 2002","Row",4,"Scss","Unabsorbed Inventory"
"47725",2002-12-01,"Dec 2002","Apartment",38,"Scss","Unabsorbed Inventory"
"47725",2002-12-01,"Dec 2002","All",67,"Scss","Unabsorbed Inventory"
"47725",2003-01-01,"Jan 2003","Single",21,"Scss","Unabsorbed Inventory"
"47725",2003-01-01,"Jan 2003","Semi-Detached",3,"Scss","Unabsorbed Inventory"
"47725",2003-01-01,"Jan 2003","Row",8,"Scss","Unabsorbed Inventory"
"47725",2003-01-01,"Jan 2003","Apartment",35,"Scss","Unabsorbed Inventory"
"47725",2003-01-01,"Jan 2003","All",67,"Scss","Unabsorbed Inventory"
"47725",2003-02-01,"Feb 2003","Single",42,"Scss","Unabsorbed Inventory"
"47725",2003-02-01,"Feb 2003","Semi-Detached",3,"Scss","Unabsorbed Inventory"
"47725",2003-02-01,"Feb 2003","Row",13,"Scss","Unabsorbed Inventory"
"47725",2003-02-01,"Feb 2003","Apartment",35,"Scss","Unabsorbed Inventory"
"47725",2003-02-01,"Feb 2003","All",93,"Scss","Unabsorbed Inventory"
"47725",2003-03-01,"Mar 2003","Single",42,"Scss","Unabsorbed Inventory"
"47725",2003-03-01,"Mar 2003","Semi-Detached",2,"Scss","Unabsorbed Inventory"
"47725",2003-03-01,"Mar 2003","Row",12,"Scss","Unabsorbed Inventory"
"47725",2003-03-01,"Mar 2003","Apartment",33,"Scss","Unabsorbed Inventory"
"47725",2003-03-01,"Mar 2003","All",89,"Scss","Unabsorbed Inventory"
"47725",2003-04-01,"Apr 2003","Single",40,"Scss","Unabsorbed Inventory"
"47725",2003-04-01,"Apr 2003","Semi-Detached",4,"Scss","Unabsorbed Inventory"
"47725",2003-04-01,"Apr 2003","Row",12,"Scss","Unabsorbed Inventory"
"47725",2003-04-01,"Apr 2003","Apartment",31,"Scss","Unabsorbed Inventory"
"47725",2003-04-01,"Apr 2003","All",87,"Scss","Unabsorbed Inventory"
"47725",2003-05-01,"May 2003","Single",35,"Scss","Unabsorbed Inventory"
"47725",2003-05-01,"May 2003","Semi-Detached",5,"Scss","Unabsorbed Inventory"
"47725",2003-05-01,"May 2003","Row",8,"Scss","Unabsorbed Inventory"
"47725",2003-05-01,"May 2003","Apartment",30,"Scss","Unabsorbed Inventory"
"47725",2003-05-01,"May 2003","All",78,"Scss","Unabsorbed Inventory"
"47725",2003-06-01,"Jun 2003","Single",32,"Scss","Unabsorbed Inventory"
"47725",2003-06-01,"Jun 2003","Semi-Detached",6,"Scss","Unabsorbed Inventory"
"47725",2003-06-01,"Jun 2003","Row",18,"Scss","Unabsorbed Inventory"
"47725",2003-06-01,"Jun 2003","Apartment",37,"Scss","Unabsorbed Inventory"
"47725",2003-06-01,"Jun 2003","All",93,"Scss","Unabsorbed Inventory"
"47725",2003-07-01,"Jul 2003","Single",26,"Scss","Unabsorbed Inventory"
"47725",2003-07-01,"Jul 2003","Semi-Detached",5,"Scss","Unabsorbed Inventory"
"47725",2003-07-01,"Jul 2003","Row",21,"Scss","Unabsorbed Inventory"
"47725",2003-07-01,"Jul 2003","Apartment",35,"Scss","Unabsorbed Inventory"
"47725",2003-07-01,"Jul 2003","All",87,"Scss","Unabsorbed Inventory"
"47725",2003-08-01,"Aug 2003","Single",35,"Scss","Unabsorbed Inventory"
"47725",2003-08-01,"Aug 2003","Semi-Detached",6,"Scss","Unabsorbed Inventory"
"47725",2003-08-01,"Aug 2003","Row",19,"Scss","Unabsorbed Inventory"
"47725",2003-08-01,"Aug 2003","Apartment",22,"Scss","Unabsorbed Inventory"
"47725",2003-08-01,"Aug 2003","All",82,"Scss","Unabsorbed Inventory"
"47725",2003-09-01,"Sep 2003","Single",35,"Scss","Unabsorbed Inventory"
"47725",2003-09-01,"Sep 2003","Semi-Detached",5,"Scss","Unabsorbed Inventory"
"47725",2003-09-01,"Sep 2003","Row",24,"Scss","Unabsorbed Inventory"
"47725",2003-09-01,"Sep 2003","Apartment",22,"Scss","Unabsorbed Inventory"
"47725",2003-09-01,"Sep 2003","All",86,"Scss","Unabsorbed Inventory"
"47725",2003-10-01,"Oct 2003","Single",36,"Scss","Unabsorbed Inventory"
"47725",2003-10-01,"Oct 2003","Semi-Detached",8,"Scss","Unabsorbed Inventory"
"47725",2003-10-01,"Oct 2003","Row",21,"Scss","Unabsorbed Inventory"
"47725",2003-10-01,"Oct 2003","Apartment",22,"Scss","Unabsorbed Inventory"
"47725",2003-10-01,"Oct 2003","All",87,"Scss","Unabsorbed Inventory"
"47725",2003-11-01,"Nov 2003","Single",33,"Scss","Unabsorbed Inventory"
"47725",2003-11-01,"Nov 2003","Semi-Detached",8,"Scss","Unabsorbed Inventory"
"47725",2003-11-01,"Nov 2003","Row",21,"Scss","Unabsorbed Inventory"
"47725",2003-11-01,"Nov 2003","Apartment",26,"Scss","Unabsorbed Inventory"
"47725",2003-11-01,"Nov 2003","All",88,"Scss","Unabsorbed Inventory"
"47725",2003-12-01,"Dec 2003","Single",27,"Scss","Unabsorbed Inventory"
"47725",2003-12-01,"Dec 2003","Semi-Detached",6,"Scss","Unabsorbed Inventory"
"47725",2003-12-01,"Dec 2003","Row",20,"Scss","Unabsorbed Inventory"
"47725",2003-12-01,"Dec 2003","Apartment",25,"Scss","Unabsorbed Inventory"
"47725",2003-12-01,"Dec 2003","All",78,"Scss","Unabsorbed Inventory"
"47725",2004-01-01,"Jan 2004","Single",27,"Scss","Unabsorbed Inventory"
"47725",2004-01-01,"Jan 2004","Semi-Detached",9,"Scss","Unabsorbed Inventory"
"47725",2004-01-01,"Jan 2004","Row",13,"Scss","Unabsorbed Inventory"
"47725",2004-01-01,"Jan 2004","Apartment",31,"Scss","Unabsorbed Inventory"
"47725",2004-01-01,"Jan 2004","All",80,"Scss","Unabsorbed Inventory"
"47725",2004-02-01,"Feb 2004","Single",26,"Scss","Unabsorbed Inventory"
"47725",2004-02-01,"Feb 2004","Semi-Detached",9,"Scss","Unabsorbed Inventory"
"47725",2004-02-01,"Feb 2004","Row",15,"Scss","Unabsorbed Inventory"
"47725",2004-02-01,"Feb 2004","Apartment",20,"Scss","Unabsorbed Inventory"
"47725",2004-02-01,"Feb 2004","All",70,"Scss","Unabsorbed Inventory"
"47725",2004-03-01,"Mar 2004","Single",31,"Scss","Unabsorbed Inventory"
"47725",2004-03-01,"Mar 2004","Semi-Detached",5,"Scss","Unabsorbed Inventory"
"47725",2004-03-01,"Mar 2004","Row",6,"Scss","Unabsorbed Inventory"
"47725",2004-03-01,"Mar 2004","Apartment",20,"Scss","Unabsorbed Inventory"
"47725",2004-03-01,"Mar 2004","All",62,"Scss","Unabsorbed Inventory"
"47725",2004-04-01,"Apr 2004","Single",30,"Scss","Unabsorbed Inventory"
"47725",2004-04-01,"Apr 2004","Semi-Detached",5,"Scss","Unabsorbed Inventory"
"47725",2004-04-01,"Apr 2004","Row",6,"Scss","Unabsorbed Inventory"
"47725",2004-04-01,"Apr 2004","Apartment",19,"Scss","Unabsorbed Inventory"
"47725",2004-04-01,"Apr 2004","All",60,"Scss","Unabsorbed Inventory"
"47725",2004-05-01,"May 2004","Single",37,"Scss","Unabsorbed Inventory"
"47725",2004-05-01,"May 2004","Semi-Detached",4,"Scss","Unabsorbed Inventory"
"47725",2004-05-01,"May 2004","Row",6,"Scss","Unabsorbed Inventory"
"47725",2004-05-01,"May 2004","Apartment",17,"Scss","Unabsorbed Inventory"
"47725",2004-05-01,"May 2004","All",64,"Scss","Unabsorbed Inventory"
"47725",2004-06-01,"Jun 2004","Single",37,"Scss","Unabsorbed Inventory"
"47725",2004-06-01,"Jun 2004","Semi-Detached",7,"Scss","Unabsorbed Inventory"
"47725",2004-06-01,"Jun 2004","Row",19,"Scss","Unabsorbed Inventory"
"47725",2004-06-01,"Jun 2004","Apartment",33,"Scss","Unabsorbed Inventory"
"47725",2004-06-01,"Jun 2004","All",96,"Scss","Unabsorbed Inventory"
"47725",2004-07-01,"Jul 2004","Single",26,"Scss","Unabsorbed Inventory"
"47725",2004-07-01,"Jul 2004","Semi-Detached",2,"Scss","Unabsorbed Inventory"
"47725",2004-07-01,"Jul 2004","Row",17,"Scss","Unabsorbed Inventory"
"47725",2004-07-01,"Jul 2004","Apartment",4,"Scss","Unabsorbed Inventory"
"47725",2004-07-01,"Jul 2004","All",49,"Scss","Unabsorbed Inventory"
"47725",2004-08-01,"Aug 2004","Single",30,"Scss","Unabsorbed Inventory"
"47725",2004-08-01,"Aug 2004","Semi-Detached",5,"Scss","Unabsorbed Inventory"
"47725",2004-08-01,"Aug 2004","Row",4,"Scss","Unabsorbed Inventory"
"47725",2004-08-01,"Aug 2004","Apartment",4,"Scss","Unabsorbed Inventory"
"47725",2004-08-01,"Aug 2004","All",43,"Scss","Unabsorbed Inventory"
"47725",2004-09-01,"Sep 2004","Single",17,"Scss","Unabsorbed Inventory"
"47725",2004-09-01,"Sep 2004","Semi-Detached",4,"Scss","Unabsorbed Inventory"
"47725",2004-09-01,"Sep 2004","Row",16,"Scss","Unabsorbed Inventory"
"47725",2004-09-01,"Sep 2004","Apartment",2,"Scss","Unabsorbed Inventory"
"47725",2004-09-01,"Sep 2004","All",39,"Scss","Unabsorbed Inventory"
"47725",2004-10-01,"Oct 2004","Single",17,"Scss","Unabsorbed Inventory"
"47725",2004-10-01,"Oct 2004","Semi-Detached",5,"Scss","Unabsorbed Inventory"
"47725",2004-10-01,"Oct 2004","Row",27,"Scss","Unabsorbed Inventory"
"47725",2004-10-01,"Oct 2004","Apartment",37,"Scss","Unabsorbed Inventory"
"47725",2004-10-01,"Oct 2004","All",86,"Scss","Unabsorbed Inventory"
"47725",2004-11-01,"Nov 2004","Single",19,"Scss","Unabsorbed Inventory"
"47725",2004-11-01,"Nov 2004","Semi-Detached",7,"Scss","Unabsorbed Inventory"
"47725",2004-11-01,"Nov 2004","Row",20,"Scss","Unabsorbed Inventory"
"47725",2004-11-01,"Nov 2004","Apartment",40,"Scss","Unabsorbed Inventory"
"47725",2004-11-01,"Nov 2004","All",86,"Scss","Unabsorbed Inventory"
"47725",2004-12-01,"Dec 2004","Single",18,"Scss","Unabsorbed Inventory"
"47725",2004-12-01,"Dec 2004","Semi-Detached",1,"Scss","Unabsorbed Inventory"
"47725",2004-12-01,"Dec 2004","Row",19,"Scss","Unabsorbed Inventory"
"47725",2004-12-01,"Dec 2004","Apartment",40,"Scss","Unabsorbed Inventory"
"47725",2004-12-01,"Dec 2004","All",78,"Scss","Unabsorbed Inventory"
"47725",2005-01-01,"Jan 2005","Single",13,"Scss","Unabsorbed Inventory"
"47725",2005-01-01,"Jan 2005","Semi-Detached",1,"Scss","Unabsorbed Inventory"
"47725",2005-01-01,"Jan 2005","Row",14,"Scss","Unabsorbed Inventory"
"47725",2005-01-01,"Jan 2005","Apartment",36,"Scss","Unabsorbed Inventory"
"47725",2005-01-01,"Jan 2005","All",64,"Scss","Unabsorbed Inventory"
"47725",2005-02-01,"Feb 2005","Single",12,"Scss","Unabsorbed Inventory"
"47725",2005-02-01,"Feb 2005","Semi-Detached",1,"Scss","Unabsorbed Inventory"
"47725",2005-02-01,"Feb 2005","Row",12,"Scss","Unabsorbed Inventory"
"47725",2005-02-01,"Feb 2005","Apartment",33,"Scss","Unabsorbed Inventory"
"47725",2005-02-01,"Feb 2005","All",58,"Scss","Unabsorbed Inventory"
"47725",2005-03-01,"Mar 2005","Single",16,"Scss","Unabsorbed Inventory"
"47725",2005-03-01,"Mar 2005","Semi-Detached",2,"Scss","Unabsorbed Inventory"
"47725",2005-03-01,"Mar 2005","Row",11,"Scss","Unabsorbed Inventory"
"47725",2005-03-01,"Mar 2005","Apartment",30,"Scss","Unabsorbed Inventory"
"47725",2005-03-01,"Mar 2005","All",59,"Scss","Unabsorbed Inventory"
"47725",2005-04-01,"Apr 2005","Single",14,"Scss","Unabsorbed Inventory"
"47725",2005-04-01,"Apr 2005","Semi-Detached",1,"Scss","Unabsorbed Inventory"
"47725",2005-04-01,"Apr 2005","Row",11,"Scss","Unabsorbed Inventory"
"47725",2005-04-01,"Apr 2005","Apartment",35,"Scss","Unabsorbed Inventory"
"47725",2005-04-01,"Apr 2005","All",61,"Scss","Unabsorbed Inventory"
"47725",2005-05-01,"May 2005","Single",18,"Scss","Unabsorbed Inventory"
"47725",2005-05-01,"May 2005","Semi-Detached",1,"Scss","Unabsorbed Inventory"
"47725",2005-05-01,"May 2005","Row",14,"Scss","Unabsorbed Inventory"
"47725",2005-05-01,"May 2005","Apartment",34,"Scss","Unabsorbed Inventory"
"47725",2005-05-01,"May 2005","All",67,"Scss","Unabsorbed Inventory"
"47725",2005-06-01,"Jun 2005","Single",16,"Scss","Unabsorbed Inventory"
"47725",2005-06-01,"Jun 2005","Semi-Detached",0,"Scss","Unabsorbed Inventory"
"47725",2005-06-01,"Jun 2005","Row",8,"Scss","Unabsorbed Inventory"
"47725",2005-06-01,"Jun 2005","Apartment",32,"Scss","Unabsorbed Inventory"
"47725",2005-06-01,"Jun 2005","All",56,"Scss","Unabsorbed Inventory"
"47725",2005-07-01,"Jul 2005","Single",14,"Scss","Unabsorbed Inventory"
"47725",2005-07-01,"Jul 2005","Semi-Detached",5,"Scss","Unabsorbed Inventory"
"47725",2005-07-01,"Jul 2005","Row",3,"Scss","Unabsorbed Inventory"
"47725",2005-07-01,"Jul 2005","Apartment",20,"Scss","Unabsorbed Inventory"
"47725",2005-07-01,"Jul 2005","All",42,"Scss","Unabsorbed Inventory"
"47725",2005-08-01,"Aug 2005","Single",15,"Scss","Unabsorbed Inventory"
"47725",2005-08-01,"Aug 2005","Semi-Detached",4,"Scss","Unabsorbed Inventory"
"47725",2005-08-01,"Aug 2005","Row",0,"Scss","Unabsorbed Inventory"
"47725",2005-08-01,"Aug 2005","Apartment",11,"Scss","Unabsorbed Inventory"
"47725",2005-08-01,"Aug 2005","All",30,"Scss","Unabsorbed Inventory"
"47725",2005-09-01,"Sep 2005","Single",21,"Scss","Unabsorbed Inventory"
"47725",2005-09-01,"Sep 2005","Semi-Detached",4,"Scss","Unabsorbed Inventory"
"47725",2005-09-01,"Sep 2005","Row",0,"Scss","Unabsorbed Inventory"
"47725",2005-09-01,"Sep 2005","Apartment",88,"Scss","Unabsorbed Inventory"
"47725",2005-09-01,"Sep 2005","All",113,"Scss","Unabsorbed Inventory"
"47725",2005-10-01,"Oct 2005","Single",16,"Scss","Unabsorbed Inventory"
"47725",2005-10-01,"Oct 2005","Semi-Detached",3,"Scss","Unabsorbed Inventory"
"47725",2005-10-01,"Oct 2005","Row",3,"Scss","Unabsorbed Inventory"
"47725",2005-10-01,"Oct 2005","Apartment",103,"Scss","Unabsorbed Inventory"
"47725",2005-10-01,"Oct 2005","All",125,"Scss","Unabsorbed Inventory"
"47725",2005-11-01,"Nov 2005","Single",21,"Scss","Unabsorbed Inventory"
"47725",2005-11-01,"Nov 2005","Semi-Detached",4,"Scss","Unabsorbed Inventory"
"47725",2005-11-01,"Nov 2005","Row",10,"Scss","Unabsorbed Inventory"
"47725",2005-11-01,"Nov 2005","Apartment",103,"Scss","Unabsorbed Inventory"
"47725",2005-11-01,"Nov 2005","All",138,"Scss","Unabsorbed Inventory"
"47725",2005-12-01,"Dec 2005","Single",18,"Scss","Unabsorbed Inventory"
"47725",2005-12-01,"Dec 2005","Semi-Detached",4,"Scss","Unabsorbed Inventory"
"47725",2005-12-01,"Dec 2005","Row",1,"Scss","Unabsorbed Inventory"
"47725",2005-12-01,"Dec 2005","Apartment",110,"Scss","Unabsorbed Inventory"
"47725",2005-12-01,"Dec 2005","All",133,"Scss","Unabsorbed Inventory"
"47725",2006-01-01,"Jan 2006","Single",18,"Scss","Unabsorbed Inventory"
"47725",2006-01-01,"Jan 2006","Semi-Detached",4,"Scss","Unabsorbed Inventory"
"47725",2006-01-01,"Jan 2006","Row",0,"Scss","Unabsorbed Inventory"
"47725",2006-01-01,"Jan 2006","Apartment",114,"Scss","Unabsorbed Inventory"
"47725",2006-01-01,"Jan 2006","All",136,"Scss","Unabsorbed Inventory"
"47725",2006-02-01,"Feb 2006","Single",21,"Scss","Unabsorbed Inventory"
"47725",2006-02-01,"Feb 2006","Semi-Detached",7,"Scss","Unabsorbed Inventory"
"47725",2006-02-01,"Feb 2006","Row",0,"Scss","Unabsorbed Inventory"
"47725",2006-02-01,"Feb 2006","Apartment",115,"Scss","Unabsorbed Inventory"
"47725",2006-02-01,"Feb 2006","All",143,"Scss","Unabsorbed Inventory"
"47725",2006-03-01,"Mar 2006","Single",24,"Scss","Unabsorbed Inventory"
"47725",2006-03-01,"Mar 2006","Semi-Detached",4,"Scss","Unabsorbed Inventory"
"47725",2006-03-01,"Mar 2006","Row",0,"Scss","Unabsorbed Inventory"
"47725",2006-03-01,"Mar 2006","Apartment",91,"Scss","Unabsorbed Inventory"
"47725",2006-03-01,"Mar 2006","All",119,"Scss","Unabsorbed Inventory"
"47725",2006-04-01,"Apr 2006","Single",26,"Scss","Unabsorbed Inventory"
"47725",2006-04-01,"Apr 2006","Semi-Detached",4,"Scss","Unabsorbed Inventory"
"47725",2006-04-01,"Apr 2006","Row",0,"Scss","Unabsorbed Inventory"
"47725",2006-04-01,"Apr 2006","Apartment",72,"Scss","Unabsorbed Inventory"
"47725",2006-04-01,"Apr 2006","All",102,"Scss","Unabsorbed Inventory"
"47725",2006-05-01,"May 2006","Single",22,"Scss","Unabsorbed Inventory"
"47725",2006-05-01,"May 2006","Semi-Detached",3,"Scss","Unabsorbed Inventory"
"47725",2006-05-01,"May 2006","Row",0,"Scss","Unabsorbed Inventory"
"47725",2006-05-01,"May 2006","Apartment",72,"Scss","Unabsorbed Inventory"
"47725",2006-05-01,"May 2006","All",97,"Scss","Unabsorbed Inventory"
"47725",2006-06-01,"Jun 2006","Single",28,"Scss","Unabsorbed Inventory"
"47725",2006-06-01,"Jun 2006","Semi-Detached",7,"Scss","Unabsorbed Inventory"
"47725",2006-06-01,"Jun 2006","Row",0,"Scss","Unabsorbed Inventory"
"47725",2006-06-01,"Jun 2006","Apartment",59,"Scss","Unabsorbed Inventory"
"47725",2006-06-01,"Jun 2006","All",94,"Scss","Unabsorbed Inventory"
"47725",2006-07-01,"Jul 2006","Single",27,"Scss","Unabsorbed Inventory"
"47725",2006-07-01,"Jul 2006","Semi-Detached",7,"Scss","Unabsorbed Inventory"
"47725",2006-07-01,"Jul 2006","Row",0,"Scss","Unabsorbed Inventory"
"47725",2006-07-01,"Jul 2006","Apartment",42,"Scss","Unabsorbed Inventory"
"47725",2006-07-01,"Jul 2006","All",76,"Scss","Unabsorbed Inventory"
"47725",2006-08-01,"Aug 2006","Single",39,"Scss","Unabsorbed Inventory"
"47725",2006-08-01,"Aug 2006","Semi-Detached",10,"Scss","Unabsorbed Inventory"
"47725",2006-08-01,"Aug 2006","Row",0,"Scss","Unabsorbed Inventory"
"47725",2006-08-01,"Aug 2006","Apartment",52,"Scss","Unabsorbed Inventory"
"47725",2006-08-01,"Aug 2006","All",101,"Scss","Unabsorbed Inventory"
"47725",2006-09-01,"Sep 2006","Single",29,"Scss","Unabsorbed Inventory"
"47725",2006-09-01,"Sep 2006","Semi-Detached",5,"Scss","Unabsorbed Inventory"
"47725",2006-09-01,"Sep 2006","Row",1,"Scss","Unabsorbed Inventory"
"47725",2006-09-01,"Sep 2006","Apartment",27,"Scss","Unabsorbed Inventory"
"47725",2006-09-01,"Sep 2006","All",62,"Scss","Unabsorbed Inventory"
"47725",2006-10-01,"Oct 2006","Single",23,"Scss","Unabsorbed Inventory"
"47725",2006-10-01,"Oct 2006","Semi-Detached",4,"Scss","Unabsorbed Inventory"
"47725",2006-10-01,"Oct 2006","Row",0,"Scss","Unabsorbed Inventory"
"47725",2006-10-01,"Oct 2006","Apartment",16,"Scss","Unabsorbed Inventory"
"47725",2006-10-01,"Oct 2006","All",43,"Scss","Unabsorbed Inventory"
"47725",2006-11-01,"Nov 2006","Single",18,"Scss","Unabsorbed Inventory"
"47725",2006-11-01,"Nov 2006","Semi-Detached",2,"Scss","Unabsorbed Inventory"
"47725",2006-11-01,"Nov 2006","Row",0,"Scss","Unabsorbed Inventory"
"47725",2006-11-01,"Nov 2006","Apartment",9,"Scss","Unabsorbed Inventory"
"47725",2006-11-01,"Nov 2006","All",29,"Scss","Unabsorbed Inventory"
"47725",2006-12-01,"Dec 2006","Single",13,"Scss","Unabsorbed Inventory"
"47725",2006-12-01,"Dec 2006","Semi-Detached",2,"Scss","Unabsorbed Inventory"
"47725",2006-12-01,"Dec 2006","Row",0,"Scss","Unabsorbed Inventory"
"47725",2006-12-01,"Dec 2006","Apartment",9,"Scss","Unabsorbed Inventory"
"47725",2006-12-01,"Dec 2006","All",24,"Scss","Unabsorbed Inventory"
"47725",2007-01-01,"Jan 2007","Single",14,"Scss","Unabsorbed Inventory"
"47725",2007-01-01,"Jan 2007","Semi-Detached",3,"Scss","Unabsorbed Inventory"
"47725",2007-01-01,"Jan 2007","Row",0,"Scss","Unabsorbed Inventory"
"47725",2007-01-01,"Jan 2007","Apartment",9,"Scss","Unabsorbed Inventory"
"47725",2007-01-01,"Jan 2007","All",26,"Scss","Unabsorbed Inventory"
"47725",2007-02-01,"Feb 2007","Single",17,"Scss","Unabsorbed Inventory"
"47725",2007-02-01,"Feb 2007","Semi-Detached",3,"Scss","Unabsorbed Inventory"
"47725",2007-02-01,"Feb 2007","Row",0,"Scss","Unabsorbed Inventory"
"47725",2007-02-01,"Feb 2007","Apartment",9,"Scss","Unabsorbed Inventory"
"47725",2007-02-01,"Feb 2007","All",29,"Scss","Unabsorbed Inventory"
"47725",2007-03-01,"Mar 2007","Single",15,"Scss","Unabsorbed Inventory"
"47725",2007-03-01,"Mar 2007","Semi-Detached",1,"Scss","Unabsorbed Inventory"
"47725",2007-03-01,"Mar 2007","Row",3,"Scss","Unabsorbed Inventory"
"47725",2007-03-01,"Mar 2007","Apartment",7,"Scss","Unabsorbed Inventory"
"47725",2007-03-01,"Mar 2007","All",26,"Scss","Unabsorbed Inventory"
"47725",2007-04-01,"Apr 2007","Single",14,"Scss","Unabsorbed Inventory"
"47725",2007-04-01,"Apr 2007","Semi-Detached",1,"Scss","Unabsorbed Inventory"
"47725",2007-04-01,"Apr 2007","Row",0,"Scss","Unabsorbed Inventory"
"47725",2007-04-01,"Apr 2007","Apartment",7,"Scss","Unabsorbed Inventory"
"47725",2007-04-01,"Apr 2007","All",22,"Scss","Unabsorbed Inventory"
"47725",2007-05-01,"May 2007","Single",15,"Scss","Unabsorbed Inventory"
"47725",2007-05-01,"May 2007","Semi-Detached",1,"Scss","Unabsorbed Inventory"
"47725",2007-05-01,"May 2007","Row",0,"Scss","Unabsorbed Inventory"
"47725",2007-05-01,"May 2007","Apartment",0,"Scss","Unabsorbed Inventory"
"47725",2007-05-01,"May 2007","All",16,"Scss","Unabsorbed Inventory"
"47725",2007-06-01,"Jun 2007","Single",13,"Scss","Unabsorbed Inventory"
"47725",2007-06-01,"Jun 2007","Semi-Detached",1,"Scss","Unabsorbed Inventory"
"47725",2007-06-01,"Jun 2007","Row",0,"Scss","Unabsorbed Inventory"
"47725",2007-06-01,"Jun 2007","Apartment",0,"Scss","Unabsorbed Inventory"
"47725",2007-06-01,"Jun 2007","All",14,"Scss","Unabsorbed Inventory"
"47725",2007-07-01,"Jul 2007","Single",13,"Scss","Unabsorbed Inventory"
"47725",2007-07-01,"Jul 2007","Semi-Detached",1,"Scss","Unabsorbed Inventory"
"47725",2007-07-01,"Jul 2007","Row",0,"Scss","Unabsorbed Inventory"
"47725",2007-07-01,"Jul 2007","Apartment",0,"Scss","Unabsorbed Inventory"
"47725",2007-07-01,"Jul 2007","All",14,"Scss","Unabsorbed Inventory"
"47725",2007-08-01,"Aug 2007","Single",15,"Scss","Unabsorbed Inventory"
"47725",2007-08-01,"Aug 2007","Semi-Detached",1,"Scss","Unabsorbed Inventory"
"47725",2007-08-01,"Aug 2007","Row",0,"Scss","Unabsorbed Inventory"
"47725",2007-08-01,"Aug 2007","Apartment",0,"Scss","Unabsorbed Inventory"
"47725",2007-08-01,"Aug 2007","All",16,"Scss","Unabsorbed Inventory"
"47725",2007-09-01,"Sep 2007","Single",18,"Scss","Unabsorbed Inventory"
"47725",2007-09-01,"Sep 2007","Semi-Detached",1,"Scss","Unabsorbed Inventory"
"47725",2007-09-01,"Sep 2007","Row",0,"Scss","Unabsorbed Inventory"
"47725",2007-09-01,"Sep 2007","Apartment",0,"Scss","Unabsorbed Inventory"
"47725",2007-09-01,"Sep 2007","All",19,"Scss","Unabsorbed Inventory"
"47725",2007-10-01,"Oct 2007","Single",18,"Scss","Unabsorbed Inventory"
"47725",2007-10-01,"Oct 2007","Semi-Detached",1,"Scss","Unabsorbed Inventory"
"47725",2007-10-01,"Oct 2007","Row",0,"Scss","Unabsorbed Inventory"
"47725",2007-10-01,"Oct 2007","Apartment",0,"Scss","Unabsorbed Inventory"
"47725",2007-10-01,"Oct 2007","All",19,"Scss","Unabsorbed Inventory"
"47725",2007-11-01,"Nov 2007","Single",14,"Scss","Unabsorbed Inventory"
"47725",2007-11-01,"Nov 2007","Semi-Detached",1,"Scss","Unabsorbed Inventory"
"47725",2007-11-01,"Nov 2007","Row",0,"Scss","Unabsorbed Inventory"
"47725",2007-11-01,"Nov 2007","Apartment",0,"Scss","Unabsorbed Inventory"
"47725",2007-11-01,"Nov 2007","All",15,"Scss","Unabsorbed Inventory"
"47725",2007-12-01,"Dec 2007","Single",23,"Scss","Unabsorbed Inventory"
"47725",2007-12-01,"Dec 2007","Semi-Detached",3,"Scss","Unabsorbed Inventory"
"47725",2007-12-01,"Dec 2007","Row",0,"Scss","Unabsorbed Inventory"
"47725",2007-12-01,"Dec 2007","Apartment",0,"Scss","Unabsorbed Inventory"
"47725",2007-12-01,"Dec 2007","All",26,"Scss","Unabsorbed Inventory"
"47725",2008-01-01,"Jan 2008","Single",29,"Scss","Unabsorbed Inventory"
"47725",2008-01-01,"Jan 2008","Semi-Detached",5,"Scss","Unabsorbed Inventory"
"47725",2008-01-01,"Jan 2008","Row",0,"Scss","Unabsorbed Inventory"
"47725",2008-01-01,"Jan 2008","Apartment",0,"Scss","Unabsorbed Inventory"
"47725",2008-01-01,"Jan 2008","All",34,"Scss","Unabsorbed Inventory"
"47725",2008-02-01,"Feb 2008","Single",25,"Scss","Unabsorbed Inventory"
"47725",2008-02-01,"Feb 2008","Semi-Detached",4,"Scss","Unabsorbed Inventory"
"47725",2008-02-01,"Feb 2008","Row",0,"Scss","Unabsorbed Inventory"
"47725",2008-02-01,"Feb 2008","Apartment",0,"Scss","Unabsorbed Inventory"
"47725",2008-02-01,"Feb 2008","All",29,"Scss","Unabsorbed Inventory"
"47725",2008-03-01,"Mar 2008","Single",14,"Scss","Unabsorbed Inventory"
"47725",2008-03-01,"Mar 2008","Semi-Detached",3,"Scss","Unabsorbed Inventory"
"47725",2008-03-01,"Mar 2008","Row",0,"Scss","Unabsorbed Inventory"
"47725",2008-03-01,"Mar 2008","Apartment",0,"Scss","Unabsorbed Inventory"
"47725",2008-03-01,"Mar 2008","All",17,"Scss","Unabsorbed Inventory"
"47725",2008-04-01,"Apr 2008","Single",10,"Scss","Unabsorbed Inventory"
"47725",2008-04-01,"Apr 2008","Semi-Detached",1,"Scss","Unabsorbed Inventory"
"47725",2008-04-01,"Apr 2008","Row",0,"Scss","Unabsorbed Inventory"
"47725",2008-04-01,"Apr 2008","Apartment",0,"Scss","Unabsorbed Inventory"
"47725",2008-04-01,"Apr 2008","All",11,"Scss","Unabsorbed Inventory"
"47725",2008-05-01,"May 2008","Single",11,"Scss","Unabsorbed Inventory"
"47725",2008-05-01,"May 2008","Semi-Detached",1,"Scss","Unabsorbed Inventory"
"47725",2008-05-01,"May 2008","Row",0,"Scss","Unabsorbed Inventory"
"47725",2008-05-01,"May 2008","Apartment",0,"Scss","Unabsorbed Inventory"
"47725",2008-05-01,"May 2008","All",12,"Scss","Unabsorbed Inventory"
"47725",2008-06-01,"Jun 2008","Single",18,"Scss","Unabsorbed Inventory"
"47725",2008-06-01,"Jun 2008","Semi-Detached",1,"Scss","Unabsorbed Inventory"
"47725",2008-06-01,"Jun 2008","Row",0,"Scss","Unabsorbed Inventory"
"47725",2008-06-01,"Jun 2008","Apartment",0,"Scss","Unabsorbed Inventory"
"47725",2008-06-01,"Jun 2008","All",19,"Scss","Unabsorbed Inventory"
"47725",2008-07-01,"Jul 2008","Single",40,"Scss","Unabsorbed Inventory"
"47725",2008-07-01,"Jul 2008","Semi-Detached",5,"Scss","Unabsorbed Inventory"
"47725",2008-07-01,"Jul 2008","Row",3,"Scss","Unabsorbed Inventory"
"47725",2008-07-01,"Jul 2008","Apartment",0,"Scss","Unabsorbed Inventory"
"47725",2008-07-01,"Jul 2008","All",48,"Scss","Unabsorbed Inventory"
"47725",2008-08-01,"Aug 2008","Single",115,"Scss","Unabsorbed Inventory"
"47725",2008-08-01,"Aug 2008","Semi-Detached",9,"Scss","Unabsorbed Inventory"
"47725",2008-08-01,"Aug 2008","Row",3,"Scss","Unabsorbed Inventory"
"47725",2008-08-01,"Aug 2008","Apartment",0,"Scss","Unabsorbed Inventory"
"47725",2008-08-01,"Aug 2008","All",127,"Scss","Unabsorbed Inventory"
"47725",2008-09-01,"Sep 2008","Single",152,"Scss","Unabsorbed Inventory"
"47725",2008-09-01,"Sep 2008","Semi-Detached",16,"Scss","Unabsorbed Inventory"
"47725",2008-09-01,"Sep 2008","Row",10,"Scss","Unabsorbed Inventory"
"47725",2008-09-01,"Sep 2008","Apartment",0,"Scss","Unabsorbed Inventory"
"47725",2008-09-01,"Sep 2008","All",178,"Scss","Unabsorbed Inventory"
"47725",2008-10-01,"Oct 2008","Single",220,"Scss","Unabsorbed Inventory"
"47725",2008-10-01,"Oct 2008","Semi-Detached",24,"Scss","Unabsorbed Inventory"
"47725",2008-10-01,"Oct 2008","Row",12,"Scss","Unabsorbed Inventory"
"47725",2008-10-01,"Oct 2008","Apartment",0,"Scss","Unabsorbed Inventory"
"47725",2008-10-01,"Oct 2008","All",256,"Scss","Unabsorbed Inventory"
"47725",2008-11-01,"Nov 2008","Single",234,"Scss","Unabsorbed Inventory"
"47725",2008-11-01,"Nov 2008","Semi-Detached",25,"Scss","Unabsorbed Inventory"
"47725",2008-11-01,"Nov 2008","Row",23,"Scss","Unabsorbed Inventory"
"47725",2008-11-01,"Nov 2008","Apartment",0,"Scss","Unabsorbed Inventory"
"47725",2008-11-01,"Nov 2008","All",282,"Scss","Unabsorbed Inventory"
"47725",2008-12-01,"Dec 2008","Single",244,"Scss","Unabsorbed Inventory"
"47725",2008-12-01,"Dec 2008","Semi-Detached",27,"Scss","Unabsorbed Inventory"
"47725",2008-12-01,"Dec 2008","Row",20,"Scss","Unabsorbed Inventory"
"47725",2008-12-01,"Dec 2008","Apartment",19,"Scss","Unabsorbed Inventory"
"47725",2008-12-01,"Dec 2008","All",310,"Scss","Unabsorbed Inventory"
"47725",2009-01-01,"Jan 2009","Single",232,"Scss","Unabsorbed Inventory"
"47725",2009-01-01,"Jan 2009","Semi-Detached",28,"Scss","Unabsorbed Inventory"
"47725",2009-01-01,"Jan 2009","Row",21,"Scss","Unabsorbed Inventory"
"47725",2009-01-01,"Jan 2009","Apartment",19,"Scss","Unabsorbed Inventory"
"47725",2009-01-01,"Jan 2009","All",300,"Scss","Unabsorbed Inventory"
"47725",2009-02-01,"Feb 2009","Single",202,"Scss","Unabsorbed Inventory"
"47725",2009-02-01,"Feb 2009","Semi-Detached",21,"Scss","Unabsorbed Inventory"
"47725",2009-02-01,"Feb 2009","Row",21,"Scss","Unabsorbed Inventory"
"47725",2009-02-01,"Feb 2009","Apartment",19,"Scss","Unabsorbed Inventory"
"47725",2009-02-01,"Feb 2009","All",263,"Scss","Unabsorbed Inventory"
"47725",2009-03-01,"Mar 2009","Single",194,"Scss","Unabsorbed Inventory"
"47725",2009-03-01,"Mar 2009","Semi-Detached",19,"Scss","Unabsorbed Inventory"
"47725",2009-03-01,"Mar 2009","Row",18,"Scss","Unabsorbed Inventory"
"47725",2009-03-01,"Mar 2009","Apartment",15,"Scss","Unabsorbed Inventory"
"47725",2009-03-01,"Mar 2009","All",246,"Scss","Unabsorbed Inventory"
"47725",2009-04-01,"Apr 2009","Single",187,"Scss","Unabsorbed Inventory"
"47725",2009-04-01,"Apr 2009","Semi-Detached",18,"Scss","Unabsorbed Inventory"
"47725",2009-04-01,"Apr 2009","Row",12,"Scss","Unabsorbed Inventory"
"47725",2009-04-01,"Apr 2009","Apartment",15,"Scss","Unabsorbed Inventory"
"47725",2009-04-01,"Apr 2009","All",232,"Scss","Unabsorbed Inventory"
"47725",2009-05-01,"May 2009","Single",185,"Scss","Unabsorbed Inventory"
"47725",2009-05-01,"May 2009","Semi-Detached",21,"Scss","Unabsorbed Inventory"
"47725",2009-05-01,"May 2009","Row",34,"Scss","Unabsorbed Inventory"
"47725",2009-05-01,"May 2009","Apartment",70,"Scss","Unabsorbed Inventory"
"47725",2009-05-01,"May 2009","All",310,"Scss","Unabsorbed Inventory"
"47725",2009-06-01,"Jun 2009","Single",165,"Scss","Unabsorbed Inventory"
"47725",2009-06-01,"Jun 2009","Semi-Detached",19,"Scss","Unabsorbed Inventory"
"47725",2009-06-01,"Jun 2009","Row",47,"Scss","Unabsorbed Inventory"
"47725",2009-06-01,"Jun 2009","Apartment",114,"Scss","Unabsorbed Inventory"
"47725",2009-06-01,"Jun 2009","All",345,"Scss","Unabsorbed Inventory"
"47725",2009-07-01,"Jul 2009","Single",159,"Scss","Unabsorbed Inventory"
"47725",2009-07-01,"Jul 2009","Semi-Detached",21,"Scss","Unabsorbed Inventory"
"47725",2009-07-01,"Jul 2009","Row",52,"Scss","Unabsorbed Inventory"
"47725",2009-07-01,"Jul 2009","Apartment",100,"Scss","Unabsorbed Inventory"
"47725",2009-07-01,"Jul 2009","All",332,"Scss","Unabsorbed Inventory"
"47725",2009-08-01,"Aug 2009","Single",142,"Scss","Unabsorbed Inventory"
"47725",2009-08-01,"Aug 2009","Semi-Detached",23,"Scss","Unabsorbed Inventory"
"47725",2009-08-01,"Aug 2009","Row",41,"Scss","Unabsorbed Inventory"
"47725",2009-08-01,"Aug 2009","Apartment",130,"Scss","Unabsorbed Inventory"
"47725",2009-08-01,"Aug 2009","All",336,"Scss","Unabsorbed Inventory"
"47725",2009-09-01,"Sep 2009","Single",120,"Scss","Unabsorbed Inventory"
"47725",2009-09-01,"Sep 2009","Semi-Detached",25,"Scss","Unabsorbed Inventory"
"47725",2009-09-01,"Sep 2009","Row",38,"Scss","Unabsorbed Inventory"
"47725",2009-09-01,"Sep 2009","Apartment",125,"Scss","Unabsorbed Inventory"
"47725",2009-09-01,"Sep 2009","All",308,"Scss","Unabsorbed Inventory"
"47725",2009-10-01,"Oct 2009","Single",111,"Scss","Unabsorbed Inventory"
"47725",2009-10-01,"Oct 2009","Semi-Detached",20,"Scss","Unabsorbed Inventory"
"47725",2009-10-01,"Oct 2009","Row",28,"Scss","Unabsorbed Inventory"
"47725",2009-10-01,"Oct 2009","Apartment",181,"Scss","Unabsorbed Inventory"
"47725",2009-10-01,"Oct 2009","All",340,"Scss","Unabsorbed Inventory"
"47725",2009-11-01,"Nov 2009","Single",107,"Scss","Unabsorbed Inventory"
"47725",2009-11-01,"Nov 2009","Semi-Detached",15,"Scss","Unabsorbed Inventory"
"47725",2009-11-01,"Nov 2009","Row",30,"Scss","Unabsorbed Inventory"
"47725",2009-11-01,"Nov 2009","Apartment",177,"Scss","Unabsorbed Inventory"
"47725",2009-11-01,"Nov 2009","All",329,"Scss","Unabsorbed Inventory"
"47725",2009-12-01,"Dec 2009","Single",108,"Scss","Unabsorbed Inventory"
"47725",2009-12-01,"Dec 2009","Semi-Detached",16,"Scss","Unabsorbed Inventory"
"47725",2009-12-01,"Dec 2009","Row",24,"Scss","Unabsorbed Inventory"
"47725",2009-12-01,"Dec 2009","Apartment",165,"Scss","Unabsorbed Inventory"
"47725",2009-12-01,"Dec 2009","All",313,"Scss","Unabsorbed Inventory"
"47725",2010-01-01,"Jan 2010","Single",88,"Scss","Unabsorbed Inventory"
"47725",2010-01-01,"Jan 2010","Semi-Detached",16,"Scss","Unabsorbed Inventory"
"47725",2010-01-01,"Jan 2010","Row",22,"Scss","Unabsorbed Inventory"
"47725",2010-01-01,"Jan 2010","Apartment",157,"Scss","Unabsorbed Inventory"
"47725",2010-01-01,"Jan 2010","All",283,"Scss","Unabsorbed Inventory"
"47725",2010-02-01,"Feb 2010","Single",91,"Scss","Unabsorbed Inventory"
"47725",2010-02-01,"Feb 2010","Semi-Detached",12,"Scss","Unabsorbed Inventory"
"47725",2010-02-01,"Feb 2010","Row",17,"Scss","Unabsorbed Inventory"
"47725",2010-02-01,"Feb 2010","Apartment",151,"Scss","Unabsorbed Inventory"
"47725",2010-02-01,"Feb 2010","All",271,"Scss","Unabsorbed Inventory"
"47725",2010-03-01,"Mar 2010","Single",95,"Scss","Unabsorbed Inventory"
"47725",2010-03-01,"Mar 2010","Semi-Detached",13,"Scss","Unabsorbed Inventory"
"47725",2010-03-01,"Mar 2010","Row",13,"Scss","Unabsorbed Inventory"
"47725",2010-03-01,"Mar 2010","Apartment",114,"Scss","Unabsorbed Inventory"
"47725",2010-03-01,"Mar 2010","All",235,"Scss","Unabsorbed Inventory"
"47725",2010-04-01,"Apr 2010","Single",99,"Scss","Unabsorbed Inventory"
"47725",2010-04-01,"Apr 2010","Semi-Detached",14,"Scss","Unabsorbed Inventory"
"47725",2010-04-01,"Apr 2010","Row",13,"Scss","Unabsorbed Inventory"
"47725",2010-04-01,"Apr 2010","Apartment",91,"Scss","Unabsorbed Inventory"
"47725",2010-04-01,"Apr 2010","All",217,"Scss","Unabsorbed Inventory"
"47725",2010-05-01,"May 2010","Single",94,"Scss","Unabsorbed Inventory"
"47725",2010-05-01,"May 2010","Semi-Detached",12,"Scss","Unabsorbed Inventory"
"47725",2010-05-01,"May 2010","Row",13,"Scss","Unabsorbed Inventory"
"47725",2010-05-01,"May 2010","Apartment",79,"Scss","Unabsorbed Inventory"
"47725",2010-05-01,"May 2010","All",198,"Scss","Unabsorbed Inventory"
"47725",2010-06-01,"Jun 2010","Single",103,"Scss","Unabsorbed Inventory"
"47725",2010-06-01,"Jun 2010","Semi-Detached",11,"Scss","Unabsorbed Inventory"
"47725",2010-06-01,"Jun 2010","Row",13,"Scss","Unabsorbed Inventory"
"47725",2010-06-01,"Jun 2010","Apartment",90,"Scss","Unabsorbed Inventory"
"47725",2010-06-01,"Jun 2010","All",217,"Scss","Unabsorbed Inventory"
"47725",2010-07-01,"Jul 2010","Single",109,"Scss","Unabsorbed Inventory"
"47725",2010-07-01,"Jul 2010","Semi-Detached",13,"Scss","Unabsorbed Inventory"
"47725",2010-07-01,"Jul 2010","Row",15,"Scss","Unabsorbed Inventory"
"47725",2010-07-01,"Jul 2010","Apartment",98,"Scss","Unabsorbed Inventory"
"47725",2010-07-01,"Jul 2010","All",235,"Scss","Unabsorbed Inventory"
"47725",2010-08-01,"Aug 2010","Single",118,"Scss","Unabsorbed Inventory"
"47725",2010-08-01,"Aug 2010","Semi-Detached",18,"Scss","Unabsorbed Inventory"
"47725",2010-08-01,"Aug 2010","Row",21,"Scss","Unabsorbed Inventory"
"47725",2010-08-01,"Aug 2010","Apartment",84,"Scss","Unabsorbed Inventory"
"47725",2010-08-01,"Aug 2010","All",241,"Scss","Unabsorbed Inventory"
"47725",2010-09-01,"Sep 2010","Single",107,"Scss","Unabsorbed Inventory"
"47725",2010-09-01,"Sep 2010","Semi-Detached",10,"Scss","Unabsorbed Inventory"
"47725",2010-09-01,"Sep 2010","Row",13,"Scss","Unabsorbed Inventory"
"47725",2010-09-01,"Sep 2010","Apartment",72,"Scss","Unabsorbed Inventory"
"47725",2010-09-01,"Sep 2010","All",202,"Scss","Unabsorbed Inventory"
"47725",2010-10-01,"Oct 2010","Single",140,"Scss","Unabsorbed Inventory"
"47725",2010-10-01,"Oct 2010","Semi-Detached",10,"Scss","Unabsorbed Inventory"
"47725",2010-10-01,"Oct 2010","Row",9,"Scss","Unabsorbed Inventory"
"47725",2010-10-01,"Oct 2010","Apartment",71,"Scss","Unabsorbed Inventory"
"47725",2010-10-01,"Oct 2010","All",230,"Scss","Unabsorbed Inventory"
"47725",2010-11-01,"Nov 2010","Single",152,"Scss","Unabsorbed Inventory"
"47725",2010-11-01,"Nov 2010","Semi-Detached",8,"Scss","Unabsorbed Inventory"
"47725",2010-11-01,"Nov 2010","Row",7,"Scss","Unabsorbed Inventory"
"47725",2010-11-01,"Nov 2010","Apartment",68,"Scss","Unabsorbed Inventory"
"47725",2010-11-01,"Nov 2010","All",235,"Scss","Unabsorbed Inventory"
"47725",2010-12-01,"Dec 2010","Single",146,"Scss","Unabsorbed Inventory"
"47725",2010-12-01,"Dec 2010","Semi-Detached",8,"Scss","Unabsorbed Inventory"
"47725",2010-12-01,"Dec 2010","Row",24,"Scss","Unabsorbed Inventory"
"47725",2010-12-01,"Dec 2010","Apartment",106,"Scss","Unabsorbed Inventory"
"47725",2010-12-01,"Dec 2010","All",284,"Scss","Unabsorbed Inventory"
"47725",2011-01-01,"Jan 2011","Single",174,"Scss","Unabsorbed Inventory"
"47725",2011-01-01,"Jan 2011","Semi-Detached",11,"Scss","Unabsorbed Inventory"
"47725",2011-01-01,"Jan 2011","Row",40,"Scss","Unabsorbed Inventory"
"47725",2011-01-01,"Jan 2011","Apartment",126,"Scss","Unabsorbed Inventory"
"47725",2011-01-01,"Jan 2011","All",351,"Scss","Unabsorbed Inventory"
"47725",2011-02-01,"Feb 2011","Single",198,"Scss","Unabsorbed Inventory"
"47725",2011-02-01,"Feb 2011","Semi-Detached",8,"Scss","Unabsorbed Inventory"
"47725",2011-02-01,"Feb 2011","Row",39,"Scss","Unabsorbed Inventory"
"47725",2011-02-01,"Feb 2011","Apartment",133,"Scss","Unabsorbed Inventory"
"47725",2011-02-01,"Feb 2011","All",378,"Scss","Unabsorbed Inventory"
"47725",2011-03-01,"Mar 2011","Single",174,"Scss","Unabsorbed Inventory"
"47725",2011-03-01,"Mar 2011","Semi-Detached",16,"Scss","Unabsorbed Inventory"
"47725",2011-03-01,"Mar 2011","Row",29,"Scss","Unabsorbed Inventory"
"47725",2011-03-01,"Mar 2011","Apartment",120,"Scss","Unabsorbed Inventory"
"47725",2011-03-01,"Mar 2011","All",339,"Scss","Unabsorbed Inventory"
"47725",2011-04-01,"Apr 2011","Single",154,"Scss","Unabsorbed Inventory"
"47725",2011-04-01,"Apr 2011","Semi-Detached",18,"Scss","Unabsorbed Inventory"
"47725",2011-04-01,"Apr 2011","Row",31,"Scss","Unabsorbed Inventory"
"47725",2011-04-01,"Apr 2011","Apartment",112,"Scss","Unabsorbed Inventory"
"47725",2011-04-01,"Apr 2011","All",315,"Scss","Unabsorbed Inventory"
"47725",2011-05-01,"May 2011","Single",166,"Scss","Unabsorbed Inventory"
"47725",2011-05-01,"May 2011","Semi-Detached",11,"Scss","Unabsorbed Inventory"
"47725",2011-05-01,"May 2011","Row",31,"Scss","Unabsorbed Inventory"
"47725",2011-05-01,"May 2011","Apartment",96,"Scss","Unabsorbed Inventory"
"47725",2011-05-01,"May 2011","All",304,"Scss","Unabsorbed Inventory"
"47725",2011-06-01,"Jun 2011","Single",157,"Scss","Unabsorbed Inventory"
"47725",2011-06-01,"Jun 2011","Semi-Detached",15,"Scss","Unabsorbed Inventory"
"47725",2011-06-01,"Jun 2011","Row",42,"Scss","Unabsorbed Inventory"
"47725",2011-06-01,"Jun 2011","Apartment",113,"Scss","Unabsorbed Inventory"
"47725",2011-06-01,"Jun 2011","All",327,"Scss","Unabsorbed Inventory"
"47725",2011-07-01,"Jul 2011","Single",167,"Scss","Unabsorbed Inventory"
"47725",2011-07-01,"Jul 2011","Semi-Detached",17,"Scss","Unabsorbed Inventory"
"47725",2011-07-01,"Jul 2011","Row",30,"Scss","Unabsorbed Inventory"
"47725",2011-07-01,"Jul 2011","Apartment",101,"Scss","Unabsorbed Inventory"
"47725",2011-07-01,"Jul 2011","All",315,"Scss","Unabsorbed Inventory"
"47725",2011-08-01,"Aug 2011","Single",114,"Scss","Unabsorbed Inventory"
"47725",2011-08-01,"Aug 2011","Semi-Detached",11,"Scss","Unabsorbed Inventory"
"47725",2011-08-01,"Aug 2011","Row",25,"Scss","Unabsorbed Inventory"
"47725",2011-08-01,"Aug 2011","Apartment",92,"Scss","Unabsorbed Inventory"
"47725",2011-08-01,"Aug 2011","All",242,"Scss","Unabsorbed Inventory"
"47725",2011-09-01,"Sep 2011","Single",125,"Scss","Unabsorbed Inventory"
"47725",2011-09-01,"Sep 2011","Semi-Detached",7,"Scss","Unabsorbed Inventory"
"47725",2011-09-01,"Sep 2011","Row",32,"Scss","Unabsorbed Inventory"
"47725",2011-09-01,"Sep 2011","Apartment",85,"Scss","Unabsorbed Inventory"
"47725",2011-09-01,"Sep 2011","All",249,"Scss","Unabsorbed Inventory"
"47725",2011-10-01,"Oct 2011","Single",125,"Scss","Unabsorbed Inventory"
"47725",2011-10-01,"Oct 2011","Semi-Detached",15,"Scss","Unabsorbed Inventory"
"47725",2011-10-01,"Oct 2011","Row",21,"Scss","Unabsorbed Inventory"
"47725",2011-10-01,"Oct 2011","Apartment",86,"Scss","Unabsorbed Inventory"
"47725",2011-10-01,"Oct 2011","All",247,"Scss","Unabsorbed Inventory"
"47725",2011-11-01,"Nov 2011","Single",124,"Scss","Unabsorbed Inventory"
"47725",2011-11-01,"Nov 2011","Semi-Detached",18,"Scss","Unabsorbed Inventory"
"47725",2011-11-01,"Nov 2011","Row",20,"Scss","Unabsorbed Inventory"
"47725",2011-11-01,"Nov 2011","Apartment",83,"Scss","Unabsorbed Inventory"
"47725",2011-11-01,"Nov 2011","All",245,"Scss","Unabsorbed Inventory"
"47725",2011-12-01,"Dec 2011","Single",161,"Scss","Unabsorbed Inventory"
"47725",2011-12-01,"Dec 2011","Semi-Detached",11,"Scss","Unabsorbed Inventory"
"47725",2011-12-01,"Dec 2011","Row",18,"Scss","Unabsorbed Inventory"
"47725",2011-12-01,"Dec 2011","Apartment",68,"Scss","Unabsorbed Inventory"
"47725",2011-12-01,"Dec 2011","All",258,"Scss","Unabsorbed Inventory"
"47725",2012-01-01,"Jan 2012","Single",135,"Scss","Unabsorbed Inventory"
"47725",2012-01-01,"Jan 2012","Semi-Detached",8,"Scss","Unabsorbed Inventory"
"47725",2012-01-01,"Jan 2012","Row",37,"Scss","Unabsorbed Inventory"
"47725",2012-01-01,"Jan 2012","Apartment",67,"Scss","Unabsorbed Inventory"
"47725",2012-01-01,"Jan 2012","All",247,"Scss","Unabsorbed Inventory"
"47725",2012-02-01,"Feb 2012","Single",179,"Scss","Unabsorbed Inventory"
"47725",2012-02-01,"Feb 2012","Semi-Detached",12,"Scss","Unabsorbed Inventory"
"47725",2012-02-01,"Feb 2012","Row",30,"Scss","Unabsorbed Inventory"
"47725",2012-02-01,"Feb 2012","Apartment",52,"Scss","Unabsorbed Inventory"
"47725",2012-02-01,"Feb 2012","All",273,"Scss","Unabsorbed Inventory"
"47725",2012-03-01,"Mar 2012","Single",156,"Scss","Unabsorbed Inventory"
"47725",2012-03-01,"Mar 2012","Semi-Detached",10,"Scss","Unabsorbed Inventory"
"47725",2012-03-01,"Mar 2012","Row",44,"Scss","Unabsorbed Inventory"
"47725",2012-03-01,"Mar 2012","Apartment",62,"Scss","Unabsorbed Inventory"
"47725",2012-03-01,"Mar 2012","All",272,"Scss","Unabsorbed Inventory"
"47725",2012-04-01,"Apr 2012","Single",143,"Scss","Unabsorbed Inventory"
"47725",2012-04-01,"Apr 2012","Semi-Detached",12,"Scss","Unabsorbed Inventory"
"47725",2012-04-01,"Apr 2012","Row",34,"Scss","Unabsorbed Inventory"
"47725",2012-04-01,"Apr 2012","Apartment",82,"Scss","Unabsorbed Inventory"
"47725",2012-04-01,"Apr 2012","All",271,"Scss","Unabsorbed Inventory"
"47725",2012-05-01,"May 2012","Single",130,"Scss","Unabsorbed Inventory"
"47725",2012-05-01,"May 2012","Semi-Detached",12,"Scss","Unabsorbed Inventory"
"47725",2012-05-01,"May 2012","Row",16,"Scss","Unabsorbed Inventory"
"47725",2012-05-01,"May 2012","Apartment",76,"Scss","Unabsorbed Inventory"
"47725",2012-05-01,"May 2012","All",234,"Scss","Unabsorbed Inventory"
"47725",2012-06-01,"Jun 2012","Single",115,"Scss","Unabsorbed Inventory"
"47725",2012-06-01,"Jun 2012","Semi-Detached",11,"Scss","Unabsorbed Inventory"
"47725",2012-06-01,"Jun 2012","Row",27,"Scss","Unabsorbed Inventory"
"47725",2012-06-01,"Jun 2012","Apartment",129,"Scss","Unabsorbed Inventory"
"47725",2012-06-01,"Jun 2012","All",282,"Scss","Unabsorbed Inventory"
"47725",2012-07-01,"Jul 2012","Single",122,"Scss","Unabsorbed Inventory"
"47725",2012-07-01,"Jul 2012","Semi-Detached",12,"Scss","Unabsorbed Inventory"
"47725",2012-07-01,"Jul 2012","Row",26,"Scss","Unabsorbed Inventory"
"47725",2012-07-01,"Jul 2012","Apartment",114,"Scss","Unabsorbed Inventory"
"47725",2012-07-01,"Jul 2012","All",274,"Scss","Unabsorbed Inventory"
"47725",2012-08-01,"Aug 2012","Single",119,"Scss","Unabsorbed Inventory"
"47725",2012-08-01,"Aug 2012","Semi-Detached",9,"Scss","Unabsorbed Inventory"
"47725",2012-08-01,"Aug 2012","Row",27,"Scss","Unabsorbed Inventory"
"47725",2012-08-01,"Aug 2012","Apartment",119,"Scss","Unabsorbed Inventory"
"47725",2012-08-01,"Aug 2012","All",274,"Scss","Unabsorbed Inventory"
"47725",2012-09-01,"Sep 2012","Single",118,"Scss","Unabsorbed Inventory"
"47725",2012-09-01,"Sep 2012","Semi-Detached",10,"Scss","Unabsorbed Inventory"
"47725",2012-09-01,"Sep 2012","Row",24,"Scss","Unabsorbed Inventory"
"47725",2012-09-01,"Sep 2012","Apartment",143,"Scss","Unabsorbed Inventory"
"47725",2012-09-01,"Sep 2012","All",295,"Scss","Unabsorbed Inventory"
"47725",2012-10-01,"Oct 2012","Single",135,"Scss","Unabsorbed Inventory"
"47725",2012-10-01,"Oct 2012","Semi-Detached",20,"Scss","Unabsorbed Inventory"
"47725",2012-10-01,"Oct 2012","Row",23,"Scss","Unabsorbed Inventory"
"47725",2012-10-01,"Oct 2012","Apartment",136,"Scss","Unabsorbed Inventory"
"47725",2012-10-01,"Oct 2012","All",314,"Scss","Unabsorbed Inventory"
"47725",2012-11-01,"Nov 2012","Single",134,"Scss","Unabsorbed Inventory"
"47725",2012-11-01,"Nov 2012","Semi-Detached",23,"Scss","Unabsorbed Inventory"
"47725",2012-11-01,"Nov 2012","Row",47,"Scss","Unabsorbed Inventory"
"47725",2012-11-01,"Nov 2012","Apartment",132,"Scss","Unabsorbed Inventory"
"47725",2012-11-01,"Nov 2012","All",336,"Scss","Unabsorbed Inventory"
"47725",2012-12-01,"Dec 2012","Single",173,"Scss","Unabsorbed Inventory"
"47725",2012-12-01,"Dec 2012","Semi-Detached",37,"Scss","Unabsorbed Inventory"
"47725",2012-12-01,"Dec 2012","Row",44,"Scss","Unabsorbed Inventory"
"47725",2012-12-01,"Dec 2012","Apartment",120,"Scss","Unabsorbed Inventory"
"47725",2012-12-01,"Dec 2012","All",374,"Scss","Unabsorbed Inventory"
"47725",2013-01-01,"Jan 2013","Single",210,"Scss","Unabsorbed Inventory"
"47725",2013-01-01,"Jan 2013","Semi-Detached",39,"Scss","Unabsorbed Inventory"
"47725",2013-01-01,"Jan 2013","Row",43,"Scss","Unabsorbed Inventory"
"47725",2013-01-01,"Jan 2013","Apartment",150,"Scss","Unabsorbed Inventory"
"47725",2013-01-01,"Jan 2013","All",442,"Scss","Unabsorbed Inventory"
"47725",2013-02-01,"Feb 2013","Single",242,"Scss","Unabsorbed Inventory"
"47725",2013-02-01,"Feb 2013","Semi-Detached",42,"Scss","Unabsorbed Inventory"
"47725",2013-02-01,"Feb 2013","Row",46,"Scss","Unabsorbed Inventory"
"47725",2013-02-01,"Feb 2013","Apartment",167,"Scss","Unabsorbed Inventory"
"47725",2013-02-01,"Feb 2013","All",497,"Scss","Unabsorbed Inventory"
"47725",2013-03-01,"Mar 2013","Single",266,"Scss","Unabsorbed Inventory"
"47725",2013-03-01,"Mar 2013","Semi-Detached",39,"Scss","Unabsorbed Inventory"
"47725",2013-03-01,"Mar 2013","Row",40,"Scss","Unabsorbed Inventory"
"47725",2013-03-01,"Mar 2013","Apartment",157,"Scss","Unabsorbed Inventory"
"47725",2013-03-01,"Mar 2013","All",502,"Scss","Unabsorbed Inventory"
"47725",2013-04-01,"Apr 2013","Single",266,"Scss","Unabsorbed Inventory"
"47725",2013-04-01,"Apr 2013","Semi-Detached",40,"Scss","Unabsorbed Inventory"
"47725",2013-04-01,"Apr 2013","Row",38,"Scss","Unabsorbed Inventory"
"47725",2013-04-01,"Apr 2013","Apartment",121,"Scss","Unabsorbed Inventory"
"47725",2013-04-01,"Apr 2013","All",465,"Scss","Unabsorbed Inventory"
"47725",2013-05-01,"May 2013","Single",269,"Scss","Unabsorbed Inventory"
"47725",2013-05-01,"May 2013","Semi-Detached",32,"Scss","Unabsorbed Inventory"
"47725",2013-05-01,"May 2013","Row",35,"Scss","Unabsorbed Inventory"
"47725",2013-05-01,"May 2013","Apartment",194,"Scss","Unabsorbed Inventory"
"47725",2013-05-01,"May 2013","All",530,"Scss","Unabsorbed Inventory"
"47725",2013-06-01,"Jun 2013","Single",238,"Scss","Unabsorbed Inventory"
"47725",2013-06-01,"Jun 2013","Semi-Detached",33,"Scss","Unabsorbed Inventory"
"47725",2013-06-01,"Jun 2013","Row",34,"Scss","Unabsorbed Inventory"
"47725",2013-06-01,"Jun 2013","Apartment",194,"Scss","Unabsorbed Inventory"
"47725",2013-06-01,"Jun 2013","All",499,"Scss","Unabsorbed Inventory"
"47725",2013-07-01,"Jul 2013","Single",219,"Scss","Unabsorbed Inventory"
"47725",2013-07-01,"Jul 2013","Semi-Detached",28,"Scss","Unabsorbed Inventory"
"47725",2013-07-01,"Jul 2013","Row",43,"Scss","Unabsorbed Inventory"
"47725",2013-07-01,"Jul 2013","Apartment",186,"Scss","Unabsorbed Inventory"
"47725",2013-07-01,"Jul 2013","All",476,"Scss","Unabsorbed Inventory"
"47725",2013-08-01,"Aug 2013","Single",232,"Scss","Unabsorbed Inventory"
"47725",2013-08-01,"Aug 2013","Semi-Detached",27,"Scss","Unabsorbed Inventory"
"47725",2013-08-01,"Aug 2013","Row",46,"Scss","Unabsorbed Inventory"
"47725",2013-08-01,"Aug 2013","Apartment",172,"Scss","Unabsorbed Inventory"
"47725",2013-08-01,"Aug 2013","All",477,"Scss","Unabsorbed Inventory"
"47725",2013-09-01,"Sep 2013","Single",218,"Scss","Unabsorbed Inventory"
"47725",2013-09-01,"Sep 2013","Semi-Detached",24,"Scss","Unabsorbed Inventory"
"47725",2013-09-01,"Sep 2013","Row",48,"Scss","Unabsorbed Inventory"
"47725",2013-09-01,"Sep 2013","Apartment",196,"Scss","Unabsorbed Inventory"
"47725",2013-09-01,"Sep 2013","All",486,"Scss","Unabsorbed Inventory"
"47725",2013-10-01,"Oct 2013","Single",227,"Scss","Unabsorbed Inventory"
"47725",2013-10-01,"Oct 2013","Semi-Detached",31,"Scss","Unabsorbed Inventory"
"47725",2013-10-01,"Oct 2013","Row",66,"Scss","Unabsorbed Inventory"
"47725",2013-10-01,"Oct 2013","Apartment",178,"Scss","Unabsorbed Inventory"
"47725",2013-10-01,"Oct 2013","All",502,"Scss","Unabsorbed Inventory"
"47725",2013-11-01,"Nov 2013","Single",242,"Scss","Unabsorbed Inventory"
"47725",2013-11-01,"Nov 2013","Semi-Detached",35,"Scss","Unabsorbed Inventory"
"47725",2013-11-01,"Nov 2013","Row",62,"Scss","Unabsorbed Inventory"
"47725",2013-11-01,"Nov 2013","Apartment",175,"Scss","Unabsorbed Inventory"
"47725",2013-11-01,"Nov 2013","All",514,"Scss","Unabsorbed Inventory"
"47725",2013-12-01,"Dec 2013","Single",262,"Scss","Unabsorbed Inventory"
"47725",2013-12-01,"Dec 2013","Semi-Detached",39,"Scss","Unabsorbed Inventory"
"47725",2013-12-01,"Dec 2013","Row",61,"Scss","Unabsorbed Inventory"
"47725",2013-12-01,"Dec 2013","Apartment",161,"Scss","Unabsorbed Inventory"
"47725",2013-12-01,"Dec 2013","All",523,"Scss","Unabsorbed Inventory"
"47725",2014-01-01,"Jan 2014","Single",296,"Scss","Unabsorbed Inventory"
"47725",2014-01-01,"Jan 2014","Semi-Detached",43,"Scss","Unabsorbed Inventory"
"47725",2014-01-01,"Jan 2014","Row",57,"Scss","Unabsorbed Inventory"
"47725",2014-01-01,"Jan 2014","Apartment",171,"Scss","Unabsorbed Inventory"
"47725",2014-01-01,"Jan 2014","All",567,"Scss","Unabsorbed Inventory"
"47725",2014-02-01,"Feb 2014","Single",295,"Scss","Unabsorbed Inventory"
"47725",2014-02-01,"Feb 2014","Semi-Detached",42,"Scss","Unabsorbed Inventory"
"47725",2014-02-01,"Feb 2014","Row",56,"Scss","Unabsorbed Inventory"
"47725",2014-02-01,"Feb 2014","Apartment",166,"Scss","Unabsorbed Inventory"
"47725",2014-02-01,"Feb 2014","All",559,"Scss","Unabsorbed Inventory"
"47725",2014-03-01,"Mar 2014","Single",294,"Scss","Unabsorbed Inventory"
"47725",2014-03-01,"Mar 2014","Semi-Detached",43,"Scss","Unabsorbed Inventory"
"47725",2014-03-01,"Mar 2014","Row",56,"Scss","Unabsorbed Inventory"
"47725",2014-03-01,"Mar 2014","Apartment",160,"Scss","Unabsorbed Inventory"
"47725",2014-03-01,"Mar 2014","All",553,"Scss","Unabsorbed Inventory"
"47725",2014-04-01,"Apr 2014","Single",271,"Scss","Unabsorbed Inventory"
"47725",2014-04-01,"Apr 2014","Semi-Detached",40,"Scss","Unabsorbed Inventory"
"47725",2014-04-01,"Apr 2014","Row",63,"Scss","Unabsorbed Inventory"
"47725",2014-04-01,"Apr 2014","Apartment",131,"Scss","Unabsorbed Inventory"
"47725",2014-04-01,"Apr 2014","All",505,"Scss","Unabsorbed Inventory"
"47725",2014-05-01,"May 2014","Single",248,"Scss","Unabsorbed Inventory"
"47725",2014-05-01,"May 2014","Semi-Detached",44,"Scss","Unabsorbed Inventory"
"47725",2014-05-01,"May 2014","Row",75,"Scss","Unabsorbed Inventory"
"47725",2014-05-01,"May 2014","Apartment",114,"Scss","Unabsorbed Inventory"
"47725",2014-05-01,"May 2014","All",481,"Scss","Unabsorbed Inventory"
"47725",2014-06-01,"Jun 2014","Single",215,"Scss","Unabsorbed Inventory"
"47725",2014-06-01,"Jun 2014","Semi-Detached",52,"Scss","Unabsorbed Inventory"
"47725",2014-06-01,"Jun 2014","Row",76,"Scss","Unabsorbed Inventory"
"47725",2014-06-01,"Jun 2014","Apartment",100,"Scss","Unabsorbed Inventory"
"47725",2014-06-01,"Jun 2014","All",443,"Scss","Unabsorbed Inventory"
"47725",2014-07-01,"Jul 2014","Single",202,"Scss","Unabsorbed Inventory"
"47725",2014-07-01,"Jul 2014","Semi-Detached",53,"Scss","Unabsorbed Inventory"
"47725",2014-07-01,"Jul 2014","Row",72,"Scss","Unabsorbed Inventory"
"47725",2014-07-01,"Jul 2014","Apartment",96,"Scss","Unabsorbed Inventory"
"47725",2014-07-01,"Jul 2014","All",423,"Scss","Unabsorbed Inventory"
"47725",2014-08-01,"Aug 2014","Single",199,"Scss","Unabsorbed Inventory"
"47725",2014-08-01,"Aug 2014","Semi-Detached",57,"Scss","Unabsorbed Inventory"
"47725",2014-08-01,"Aug 2014","Row",95,"Scss","Unabsorbed Inventory"
"47725",2014-08-01,"Aug 2014","Apartment",93,"Scss","Unabsorbed Inventory"
"47725",2014-08-01,"Aug 2014","All",444,"Scss","Unabsorbed Inventory"
"47725",2014-09-01,"Sep 2014","Single",203,"Scss","Unabsorbed Inventory"
"47725",2014-09-01,"Sep 2014","Semi-Detached",59,"Scss","Unabsorbed Inventory"
"47725",2014-09-01,"Sep 2014","Row",107,"Scss","Unabsorbed Inventory"
"47725",2014-09-01,"Sep 2014","Apartment",123,"Scss","Unabsorbed Inventory"
"47725",2014-09-01,"Sep 2014","All",492,"Scss","Unabsorbed Inventory"
"47725",2014-10-01,"Oct 2014","Single",237,"Scss","Unabsorbed Inventory"
"47725",2014-10-01,"Oct 2014","Semi-Detached",64,"Scss","Unabsorbed Inventory"
"47725",2014-10-01,"Oct 2014","Row",103,"Scss","Unabsorbed Inventory"
"47725",2014-10-01,"Oct 2014","Apartment",106,"Scss","Unabsorbed Inventory"
"47725",2014-10-01,"Oct 2014","All",510,"Scss","Unabsorbed Inventory"
"47725",2014-11-01,"Nov 2014","Single",274,"Scss","Unabsorbed Inventory"
"47725",2014-11-01,"Nov 2014","Semi-Detached",59,"Scss","Unabsorbed Inventory"
"47725",2014-11-01,"Nov 2014","Row",118,"Scss","Unabsorbed Inventory"
"47725",2014-11-01,"Nov 2014","Apartment",137,"Scss","Unabsorbed Inventory"
"47725",2014-11-01,"Nov 2014","All",588,"Scss","Unabsorbed Inventory"
"47725",2014-12-01,"Dec 2014","Single",309,"Scss","Unabsorbed Inventory"
"47725",2014-12-01,"Dec 2014","Semi-Detached",63,"Scss","Unabsorbed Inventory"
"47725",2014-12-01,"Dec 2014","Row",118,"Scss","Unabsorbed Inventory"
"47725",2014-12-01,"Dec 2014","Apartment",142,"Scss","Unabsorbed Inventory"
"47725",2014-12-01,"Dec 2014","All",632,"Scss","Unabsorbed Inventory"
"47725",2015-01-01,"Jan 2015","Single",335,"Scss","Unabsorbed Inventory"
"47725",2015-01-01,"Jan 2015","Semi-Detached",62,"Scss","Unabsorbed Inventory"
"47725",2015-01-01,"Jan 2015","Row",152,"Scss","Unabsorbed Inventory"
"47725",2015-01-01,"Jan 2015","Apartment",137,"Scss","Unabsorbed Inventory"
"47725",2015-01-01,"Jan 2015","All",686,"Scss","Unabsorbed Inventory"
"47725",2015-02-01,"Feb 2015","Single",373,"Scss","Unabsorbed Inventory"
"47725",2015-02-01,"Feb 2015","Semi-Detached",68,"Scss","Unabsorbed Inventory"
"47725",2015-02-01,"Feb 2015","Row",153,"Scss","Unabsorbed Inventory"
"47725",2015-02-01,"Feb 2015","Apartment",134,"Scss","Unabsorbed Inventory"
"47725",2015-02-01,"Feb 2015","All",728,"Scss","Unabsorbed Inventory"
"47725",2015-03-01,"Mar 2015","Single",376,"Scss","Unabsorbed Inventory"
"47725",2015-03-01,"Mar 2015","Semi-Detached",60,"Scss","Unabsorbed Inventory"
"47725",2015-03-01,"Mar 2015","Row",179,"Scss","Unabsorbed Inventory"
"47725",2015-03-01,"Mar 2015","Apartment",169,"Scss","Unabsorbed Inventory"
"47725",2015-03-01,"Mar 2015","All",784,"Scss","Unabsorbed Inventory"
"47725",2015-04-01,"Apr 2015","Single",354,"Scss","Unabsorbed Inventory"
"47725",2015-04-01,"Apr 2015","Semi-Detached",60,"Scss","Unabsorbed Inventory"
"47725",2015-04-01,"Apr 2015","Row",174,"Scss","Unabsorbed Inventory"
"47725",2015-04-01,"Apr 2015","Apartment",163,"Scss","Unabsorbed Inventory"
"47725",2015-04-01,"Apr 2015","All",751,"Scss","Unabsorbed Inventory"
"47725",2015-05-01,"May 2015","Single",353,"Scss","Unabsorbed Inventory"
"47725",2015-05-01,"May 2015","Semi-Detached",49,"Scss","Unabsorbed Inventory"
"47725",2015-05-01,"May 2015","Row",165,"Scss","Unabsorbed Inventory"
"47725",2015-05-01,"May 2015","Apartment",113,"Scss","Unabsorbed Inventory"
"47725",2015-05-01,"May 2015","All",680,"Scss","Unabsorbed Inventory"
"47725",2015-06-01,"Jun 2015","Single",342,"Scss","Unabsorbed Inventory"
"47725",2015-06-01,"Jun 2015","Semi-Detached",47,"Scss","Unabsorbed Inventory"
"47725",2015-06-01,"Jun 2015","Row",156,"Scss","Unabsorbed Inventory"
"47725",2015-06-01,"Jun 2015","Apartment",101,"Scss","Unabsorbed Inventory"
"47725",2015-06-01,"Jun 2015","All",646,"Scss","Unabsorbed Inventory"
"47725",2015-07-01,"Jul 2015","Single",329,"Scss","Unabsorbed Inventory"
"47725",2015-07-01,"Jul 2015","Semi-Detached",46,"Scss","Unabsorbed Inventory"
"47725",2015-07-01,"Jul 2015","Row",160,"Scss","Unabsorbed Inventory"
"47725",2015-07-01,"Jul 2015","Apartment",91,"Scss","Unabsorbed Inventory"
"47725",2015-07-01,"Jul 2015","All",626,"Scss","Unabsorbed Inventory"
"47725",2015-08-01,"Aug 2015","Single",318,"Scss","Unabsorbed Inventory"
"47725",2015-08-01,"Aug 2015","Semi-Detached",41,"Scss","Unabsorbed Inventory"
"47725",2015-08-01,"Aug 2015","Row",149,"Scss","Unabsorbed Inventory"
"47725",2015-08-01,"Aug 2015","Apartment",102,"Scss","Unabsorbed Inventory"
"47725",2015-08-01,"Aug 2015","All",610,"Scss","Unabsorbed Inventory"
"47725",2015-09-01,"Sep 2015","Single",341,"Scss","Unabsorbed Inventory"
"47725",2015-09-01,"Sep 2015","Semi-Detached",45,"Scss","Unabsorbed Inventory"
"47725",2015-09-01,"Sep 2015","Row",157,"Scss","Unabsorbed Inventory"
"47725",2015-09-01,"Sep 2015","Apartment",102,"Scss","Unabsorbed Inventory"
"47725",2015-09-01,"Sep 2015","All",645,"Scss","Unabsorbed Inventory"
"47725",2015-10-01,"Oct 2015","Single",303,"Scss","Unabsorbed Inventory"
"47725",2015-10-01,"Oct 2015","Semi-Detached",39,"Scss","Unabsorbed Inventory"
"47725",2015-10-01,"Oct 2015","Row",174,"Scss","Unabsorbed Inventory"
"47725",2015-10-01,"Oct 2015","Apartment",89,"Scss","Unabsorbed Inventory"
"47725",2015-10-01,"Oct 2015","All",605,"Scss","Unabsorbed Inventory"
"47725",2015-11-01,"Nov 2015","Single",315,"Scss","Unabsorbed Inventory"
"47725",2015-11-01,"Nov 2015","Semi-Detached",37,"Scss","Unabsorbed Inventory"
"47725",2015-11-01,"Nov 2015","Row",208,"Scss","Unabsorbed Inventory"
"47725",2015-11-01,"Nov 2015","Apartment",143,"Scss","Unabsorbed Inventory"
"47725",2015-11-01,"Nov 2015","All",703,"Scss","Unabsorbed Inventory"
"47725",2015-12-01,"Dec 2015","Single",301,"Scss","Unabsorbed Inventory"
"47725",2015-12-01,"Dec 2015","Semi-Detached",40,"Scss","Unabsorbed Inventory"
"47725",2015-12-01,"Dec 2015","Row",205,"Scss","Unabsorbed Inventory"
"47725",2015-12-01,"Dec 2015","Apartment",142,"Scss","Unabsorbed Inventory"
"47725",2015-12-01,"Dec 2015","All",688,"Scss","Unabsorbed Inventory"
"47725",2016-01-01,"Jan 2016","Single",281,"Scss","Unabsorbed Inventory"
"47725",2016-01-01,"Jan 2016","Semi-Detached",37,"Scss","Unabsorbed Inventory"
"47725",2016-01-01,"Jan 2016","Row",196,"Scss","Unabsorbed Inventory"
"47725",2016-01-01,"Jan 2016","Apartment",132,"Scss","Unabsorbed Inventory"
"47725",2016-01-01,"Jan 2016","All",646,"Scss","Unabsorbed Inventory"
"47725",2016-02-01,"Feb 2016","Single",251,"Scss","Unabsorbed Inventory"
"47725",2016-02-01,"Feb 2016","Semi-Detached",34,"Scss","Unabsorbed Inventory"
"47725",2016-02-01,"Feb 2016","Row",182,"Scss","Unabsorbed Inventory"
"47725",2016-02-01,"Feb 2016","Apartment",127,"Scss","Unabsorbed Inventory"
"47725",2016-02-01,"Feb 2016","All",594,"Scss","Unabsorbed Inventory"
"47725",2016-03-01,"Mar 2016","Single",326,"Scss","Unabsorbed Inventory"
"47725",2016-03-01,"Mar 2016","Semi-Detached",44,"Scss","Unabsorbed Inventory"
"47725",2016-03-01,"Mar 2016","Row",197,"Scss","Unabsorbed Inventory"
"47725",2016-03-01,"Mar 2016","Apartment",125,"Scss","Unabsorbed Inventory"
"47725",2016-03-01,"Mar 2016","All",692,"Scss","Unabsorbed Inventory"
"47725",2016-04-01,"Apr 2016","Single",319,"Scss","Unabsorbed Inventory"
"47725",2016-04-01,"Apr 2016","Semi-Detached",47,"Scss","Unabsorbed Inventory"
"47725",2016-04-01,"Apr 2016","Row",237,"Scss","Unabsorbed Inventory"
"47725",2016-04-01,"Apr 2016","Apartment",124,"Scss","Unabsorbed Inventory"
"47725",2016-04-01,"Apr 2016","All",727,"Scss","Unabsorbed Inventory"
"47725",2016-05-01,"May 2016","Single",299,"Scss","Unabsorbed Inventory"
"47725",2016-05-01,"May 2016","Semi-Detached",50,"Scss","Unabsorbed Inventory"
"47725",2016-05-01,"May 2016","Row",286,"Scss","Unabsorbed Inventory"
"47725",2016-05-01,"May 2016","Apartment",200,"Scss","Unabsorbed Inventory"
"47725",2016-05-01,"May 2016","All",835,"Scss","Unabsorbed Inventory"
"47725",2016-06-01,"Jun 2016","Single",271,"Scss","Unabsorbed Inventory"
"47725",2016-06-01,"Jun 2016","Semi-Detached",56,"Scss","Unabsorbed Inventory"
"47725",2016-06-01,"Jun 2016","Row",281,"Scss","Unabsorbed Inventory"
"47725",2016-06-01,"Jun 2016","Apartment",214,"Scss","Unabsorbed Inventory"
"47725",2016-06-01,"Jun 2016","All",822,"Scss","Unabsorbed Inventory"
"47725",2016-07-01,"Jul 2016","Single",250,"Scss","Unabsorbed Inventory"
"47725",2016-07-01,"Jul 2016","Semi-Detached",49,"Scss","Unabsorbed Inventory"
"47725",2016-07-01,"Jul 2016","Row",290,"Scss","Unabsorbed Inventory"
"47725",2016-07-01,"Jul 2016","Apartment",246,"Scss","Unabsorbed Inventory"
"47725",2016-07-01,"Jul 2016","All",835,"Scss","Unabsorbed Inventory"
"47725",2016-08-01,"Aug 2016","Single",233,"Scss","Unabsorbed Inventory"
"47725",2016-08-01,"Aug 2016","Semi-Detached",42,"Scss","Unabsorbed Inventory"
"47725",2016-08-01,"Aug 2016","Row",274,"Scss","Unabsorbed Inventory"
"47725",2016-08-01,"Aug 2016","Apartment",230,"Scss","Unabsorbed Inventory"
"47725",2016-08-01,"Aug 2016","All",779,"Scss","Unabsorbed Inventory"
"47725",2016-09-01,"Sep 2016","Single",218,"Scss","Unabsorbed Inventory"
"47725",2016-09-01,"Sep 2016","Semi-Detached",43,"Scss","Unabsorbed Inventory"
"47725",2016-09-01,"Sep 2016","Row",269,"Scss","Unabsorbed Inventory"
"47725",2016-09-01,"Sep 2016","Apartment",252,"Scss","Unabsorbed Inventory"
"47725",2016-09-01,"Sep 2016","All",782,"Scss","Unabsorbed Inventory"
"47725",2016-10-01,"Oct 2016","Single",219,"Scss","Unabsorbed Inventory"
"47725",2016-10-01,"Oct 2016","Semi-Detached",42,"Scss","Unabsorbed Inventory"
"47725",2016-10-01,"Oct 2016","Row",250,"Scss","Unabsorbed Inventory"
"47725",2016-10-01,"Oct 2016","Apartment",250,"Scss","Unabsorbed Inventory"
"47725",2016-10-01,"Oct 2016","All",761,"Scss","Unabsorbed Inventory"
"47725",2016-11-01,"Nov 2016","Single",236,"Scss","Unabsorbed Inventory"
"47725",2016-11-01,"Nov 2016","Semi-Detached",43,"Scss","Unabsorbed Inventory"
"47725",2016-11-01,"Nov 2016","Row",241,"Scss","Unabsorbed Inventory"
"47725",2016-11-01,"Nov 2016","Apartment",236,"Scss","Unabsorbed Inventory"
"47725",2016-11-01,"Nov 2016","All",756,"Scss","Unabsorbed Inventory"
"47725",2016-12-01,"Dec 2016","Single",241,"Scss","Unabsorbed Inventory"
"47725",2016-12-01,"Dec 2016","Semi-Detached",44,"Scss","Unabsorbed Inventory"
"47725",2016-12-01,"Dec 2016","Row",234,"Scss","Unabsorbed Inventory"
"47725",2016-12-01,"Dec 2016","Apartment",269,"Scss","Unabsorbed Inventory"
"47725",2016-12-01,"Dec 2016","All",788,"Scss","Unabsorbed Inventory"
"47725",2017-01-01,"Jan 2017","Single",229,"Scss","Unabsorbed Inventory"
"47725",2017-01-01,"Jan 2017","Semi-Detached",40,"Scss","Unabsorbed Inventory"
"47725",2017-01-01,"Jan 2017","Row",231,"Scss","Unabsorbed Inventory"
"47725",2017-01-01,"Jan 2017","Apartment",374,"Scss","Unabsorbed Inventory"
"47725",2017-01-01,"Jan 2017","All",874,"Scss","Unabsorbed Inventory"
"47725",2017-02-01,"Feb 2017","Single",270,"Scss","Unabsorbed Inventory"
"47725",2017-02-01,"Feb 2017","Semi-Detached",43,"Scss","Unabsorbed Inventory"
"47725",2017-02-01,"Feb 2017","Row",227,"Scss","Unabsorbed Inventory"
"47725",2017-02-01,"Feb 2017","Apartment",365,"Scss","Unabsorbed Inventory"
"47725",2017-02-01,"Feb 2017","All",905,"Scss","Unabsorbed Inventory"
"47725",2017-03-01,"Mar 2017","Single",273,"Scss","Unabsorbed Inventory"
"47725",2017-03-01,"Mar 2017","Semi-Detached",43,"Scss","Unabsorbed Inventory"
"47725",2017-03-01,"Mar 2017","Row",216,"Scss","Unabsorbed Inventory"
"47725",2017-03-01,"Mar 2017","Apartment",352,"Scss","Unabsorbed Inventory"
"47725",2017-03-01,"Mar 2017","All",884,"Scss","Unabsorbed Inventory"
"47725",2017-04-01,"Apr 2017","Single",251,"Scss","Unabsorbed Inventory"
"47725",2017-04-01,"Apr 2017","Semi-Detached",31,"Scss","Unabsorbed Inventory"
"47725",2017-04-01,"Apr 2017","Row",206,"Scss","Unabsorbed Inventory"
"47725",2017-04-01,"Apr 2017","Apartment",393,"Scss","Unabsorbed Inventory"
"47725",2017-04-01,"Apr 2017","All",881,"Scss","Unabsorbed Inventory"
"47725",2017-05-01,"May 2017","Single",251,"Scss","Unabsorbed Inventory"
"47725",2017-05-01,"May 2017","Semi-Detached",31,"Scss","Unabsorbed Inventory"
"47725",2017-05-01,"May 2017","Row",193,"Scss","Unabsorbed Inventory"
"47725",2017-05-01,"May 2017","Apartment",368,"Scss","Unabsorbed Inventory"
"47725",2017-05-01,"May 2017","All",843,"Scss","Unabsorbed Inventory"
"47725",2017-06-01,"Jun 2017","Single",204,"Scss","Unabsorbed Inventory"
"47725",2017-06-01,"Jun 2017","Semi-Detached",27,"Scss","Unabsorbed Inventory"
"47725",2017-06-01,"Jun 2017","Row",186,"Scss","Unabsorbed Inventory"
"47725",2017-06-01,"Jun 2017","Apartment",352,"Scss","Unabsorbed Inventory"
"47725",2017-06-01,"Jun 2017","All",769,"Scss","Unabsorbed Inventory"
"47725",2017-07-01,"Jul 2017","Single",193,"Scss","Unabsorbed Inventory"
"47725",2017-07-01,"Jul 2017","Semi-Detached",25,"Scss","Unabsorbed Inventory"
"47725",2017-07-01,"Jul 2017","Row",180,"Scss","Unabsorbed Inventory"
"47725",2017-07-01,"Jul 2017","Apartment",344,"Scss","Unabsorbed Inventory"
"47725",2017-07-01,"Jul 2017","All",742,"Scss","Unabsorbed Inventory"
"47725",2017-08-01,"Aug 2017","Single",198,"Scss","Unabsorbed Inventory"
"47725",2017-08-01,"Aug 2017","Semi-Detached",27,"Scss","Unabsorbed Inventory"
"47725",2017-08-01,"Aug 2017","Row",160,"Scss","Unabsorbed Inventory"
"47725",2017-08-01,"Aug 2017","Apartment",337,"Scss","Unabsorbed Inventory"
"47725",2017-08-01,"Aug 2017","All",722,"Scss","Unabsorbed Inventory"
"47725",2017-09-01,"Sep 2017","Single",196,"Scss","Unabsorbed Inventory"
"47725",2017-09-01,"Sep 2017","Semi-Detached",32,"Scss","Unabsorbed Inventory"
"47725",2017-09-01,"Sep 2017","Row",156,"Scss","Unabsorbed Inventory"
"47725",2017-09-01,"Sep 2017","Apartment",332,"Scss","Unabsorbed Inventory"
"47725",2017-09-01,"Sep 2017","All",716,"Scss","Unabsorbed Inventory"
"47725",2017-10-01,"Oct 2017","Single",217,"Scss","Unabsorbed Inventory"
"47725",2017-10-01,"Oct 2017","Semi-Detached",48,"Scss","Unabsorbed Inventory"
"47725",2017-10-01,"Oct 2017","Row",144,"Scss","Unabsorbed Inventory"
"47725",2017-10-01,"Oct 2017","Apartment",216,"Scss","Unabsorbed Inventory"
"47725",2017-10-01,"Oct 2017","All",625,"Scss","Unabsorbed Inventory"
"47725",2017-11-01,"Nov 2017","Single",213,"Scss","Unabsorbed Inventory"
"47725",2017-11-01,"Nov 2017","Semi-Detached",45,"Scss","Unabsorbed Inventory"
"47725",2017-11-01,"Nov 2017","Row",144,"Scss","Unabsorbed Inventory"
"47725",2017-11-01,"Nov 2017","Apartment",210,"Scss","Unabsorbed Inventory"
"47725",2017-11-01,"Nov 2017","All",612,"Scss","Unabsorbed Inventory"
"47725",2017-12-01,"Dec 2017","Single",206,"Scss","Unabsorbed Inventory"
"47725",2017-12-01,"Dec 2017","Semi-Detached",44,"Scss","Unabsorbed Inventory"
"47725",2017-12-01,"Dec 2017","Row",160,"Scss","Unabsorbed Inventory"
"47725",2017-12-01,"Dec 2017","Apartment",147,"Scss","Unabsorbed Inventory"
"47725",2017-12-01,"Dec 2017","All",557,"Scss","Unabsorbed Inventory"
"47725",2018-01-01,"Jan 2018","Single",185,"Scss","Unabsorbed Inventory"
"47725",2018-01-01,"Jan 2018","Semi-Detached",44,"Scss","Unabsorbed Inventory"
"47725",2018-01-01,"Jan 2018","Row",157,"Scss","Unabsorbed Inventory"
"47725",2018-01-01,"Jan 2018","Apartment",141,"Scss","Unabsorbed Inventory"
"47725",2018-01-01,"Jan 2018","All",527,"Scss","Unabsorbed Inventory"
"47725",2018-02-01,"Feb 2018","Single",248,"Scss","Unabsorbed Inventory"
"47725",2018-02-01,"Feb 2018","Semi-Detached",50,"Scss","Unabsorbed Inventory"
"47725",2018-02-01,"Feb 2018","Row",175,"Scss","Unabsorbed Inventory"
"47725",2018-02-01,"Feb 2018","Apartment",138,"Scss","Unabsorbed Inventory"
"47725",2018-02-01,"Feb 2018","All",611,"Scss","Unabsorbed Inventory"
"47725",2018-03-01,"Mar 2018","Single",252,"Scss","Unabsorbed Inventory"
"47725",2018-03-01,"Mar 2018","Semi-Detached",46,"Scss","Unabsorbed Inventory"
"47725",2018-03-01,"Mar 2018","Row",162,"Scss","Unabsorbed Inventory"
"47725",2018-03-01,"Mar 2018","Apartment",131,"Scss","Unabsorbed Inventory"
"47725",2018-03-01,"Mar 2018","All",591,"Scss","Unabsorbed Inventory"
"47725",2018-04-01,"Apr 2018","Single",230,"Scss","Unabsorbed Inventory"
"47725",2018-04-01,"Apr 2018","Semi-Detached",44,"Scss","Unabsorbed Inventory"
"47725",2018-04-01,"Apr 2018","Row",164,"Scss","Unabsorbed Inventory"
"47725",2018-04-01,"Apr 2018","Apartment",122,"Scss","Unabsorbed Inventory"
"47725",2018-04-01,"Apr 2018","All",560,"Scss","Unabsorbed Inventory"
"47725",2018-05-01,"May 2018","Single",246,"Scss","Unabsorbed Inventory"
"47725",2018-05-01,"May 2018","Semi-Detached",46,"Scss","Unabsorbed Inventory"
"47725",2018-05-01,"May 2018","Row",184,"Scss","Unabsorbed Inventory"
"47725",2018-05-01,"May 2018","Apartment",95,"Scss","Unabsorbed Inventory"
"47725",2018-05-01,"May 2018","All",571,"Scss","Unabsorbed Inventory"
"47725",2018-06-01,"Jun 2018","Single",239,"Scss","Unabsorbed Inventory"
"47725",2018-06-01,"Jun 2018","Semi-Detached",46,"Scss","Unabsorbed Inventory"
"47725",2018-06-01,"Jun 2018","Row",189,"Scss","Unabsorbed Inventory"
"47725",2018-06-01,"Jun 2018","Apartment",94,"Scss","Unabsorbed Inventory"
"47725",2018-06-01,"Jun 2018","All",568,"Scss","Unabsorbed Inventory"
"47725",2018-07-01,"Jul 2018","Single",224,"Scss","Unabsorbed Inventory"
"47725",2018-07-01,"Jul 2018","Semi-Detached",44,"Scss","Unabsorbed Inventory"
"47725",2018-07-01,"Jul 2018","Row",187,"Scss","Unabsorbed Inventory"
"47725",2018-07-01,"Jul 2018","Apartment",74,"Scss","Unabsorbed Inventory"
"47725",2018-07-01,"Jul 2018","All",529,"Scss","Unabsorbed Inventory"
"47725",2018-08-01,"Aug 2018","Single",202,"Scss","Unabsorbed Inventory"
"47725",2018-08-01,"Aug 2018","Semi-Detached",41,"Scss","Unabsorbed Inventory"
"47725",2018-08-01,"Aug 2018","Row",186,"Scss","Unabsorbed Inventory"
"47725",2018-08-01,"Aug 2018","Apartment",67,"Scss","Unabsorbed Inventory"
"47725",2018-08-01,"Aug 2018","All",496,"Scss","Unabsorbed Inventory"
"47725",2018-09-01,"Sep 2018","Single",202,"Scss","Unabsorbed Inventory"
"47725",2018-09-01,"Sep 2018","Semi-Detached",39,"Scss","Unabsorbed Inventory"
"47725",2018-09-01,"Sep 2018","Row",177,"Scss","Unabsorbed Inventory"
"47725",2018-09-01,"Sep 2018","Apartment",66,"Scss","Unabsorbed Inventory"
"47725",2018-09-01,"Sep 2018","All",484,"Scss","Unabsorbed Inventory"
"47725",2018-10-01,"Oct 2018","Single",211,"Scss","Unabsorbed Inventory"
"47725",2018-10-01,"Oct 2018","Semi-Detached",35,"Scss","Unabsorbed Inventory"
"47725",2018-10-01,"Oct 2018","Row",171,"Scss","Unabsorbed Inventory"
"47725",2018-10-01,"Oct 2018","Apartment",56,"Scss","Unabsorbed Inventory"
"47725",2018-10-01,"Oct 2018","All",473,"Scss","Unabsorbed Inventory"
"47725",2018-11-01,"Nov 2018","Single",225,"Scss","Unabsorbed Inventory"
"47725",2018-11-01,"Nov 2018","Semi-Detached",32,"Scss","Unabsorbed Inventory"
"47725",2018-11-01,"Nov 2018","Row",147,"Scss","Unabsorbed Inventory"
"47725",2018-11-01,"Nov 2018","Apartment",48,"Scss","Unabsorbed Inventory"
"47725",2018-11-01,"Nov 2018","All",452,"Scss","Unabsorbed Inventory"
"47725",2018-12-01,"Dec 2018","Single",248,"Scss","Unabsorbed Inventory"
"47725",2018-12-01,"Dec 2018","Semi-Detached",31,"Scss","Unabsorbed Inventory"
"47725",2018-12-01,"Dec 2018","Row",165,"Scss","Unabsorbed Inventory"
"47725",2018-12-01,"Dec 2018","Apartment",44,"Scss","Unabsorbed Inventory"
"47725",2018-12-01,"Dec 2018","All",488,"Scss","Unabsorbed Inventory"
"47725",2019-01-01,"Jan 2019","Single",266,"Scss","Unabsorbed Inventory"
"47725",2019-01-01,"Jan 2019","Semi-Detached",33,"Scss","Unabsorbed Inventory"
"47725",2019-01-01,"Jan 2019","Row",167,"Scss","Unabsorbed Inventory"
"47725",2019-01-01,"Jan 2019","Apartment",89,"Scss","Unabsorbed Inventory"
"47725",2019-01-01,"Jan 2019","All",555,"Scss","Unabsorbed Inventory"
"47725",2019-02-01,"Feb 2019","Single",273,"Scss","Unabsorbed Inventory"
"47725",2019-02-01,"Feb 2019","Semi-Detached",33,"Scss","Unabsorbed Inventory"
"47725",2019-02-01,"Feb 2019","Row",162,"Scss","Unabsorbed Inventory"
"47725",2019-02-01,"Feb 2019","Apartment",89,"Scss","Unabsorbed Inventory"
"47725",2019-02-01,"Feb 2019","All",557,"Scss","Unabsorbed Inventory"
"47725",2019-03-01,"Mar 2019","Single",264,"Scss","Unabsorbed Inventory"
"47725",2019-03-01,"Mar 2019","Semi-Detached",38,"Scss","Unabsorbed Inventory"
"47725",2019-03-01,"Mar 2019","Row",172,"Scss","Unabsorbed Inventory"
"47725",2019-03-01,"Mar 2019","Apartment",83,"Scss","Unabsorbed Inventory"
"47725",2019-03-01,"Mar 2019","All",557,"Scss","Unabsorbed Inventory"
"47725",2019-04-01,"Apr 2019","Single",251,"Scss","Unabsorbed Inventory"
"47725",2019-04-01,"Apr 2019","Semi-Detached",33,"Scss","Unabsorbed Inventory"
"47725",2019-04-01,"Apr 2019","Row",164,"Scss","Unabsorbed Inventory"
"47725",2019-04-01,"Apr 2019","Apartment",114,"Scss","Unabsorbed Inventory"
"47725",2019-04-01,"Apr 2019","All",562,"Scss","Unabsorbed Inventory"
"47725",2019-05-01,"May 2019","Single",231,"Scss","Unabsorbed Inventory"
"47725",2019-05-01,"May 2019","Semi-Detached",28,"Scss","Unabsorbed Inventory"
"47725",2019-05-01,"May 2019","Row",162,"Scss","Unabsorbed Inventory"
"47725",2019-05-01,"May 2019","Apartment",89,"Scss","Unabsorbed Inventory"
"47725",2019-05-01,"May 2019","All",510,"Scss","Unabsorbed Inventory"
"47725",2019-06-01,"Jun 2019","Single",232,"Scss","Unabsorbed Inventory"
"47725",2019-06-01,"Jun 2019","Semi-Detached",19,"Scss","Unabsorbed Inventory"
"47725",2019-06-01,"Jun 2019","Row",133,"Scss","Unabsorbed Inventory"
"47725",2019-06-01,"Jun 2019","Apartment",80,"Scss","Unabsorbed Inventory"
"47725",2019-06-01,"Jun 2019","All",464,"Scss","Unabsorbed Inventory"
"47725",2019-07-01,"Jul 2019","Single",229,"Scss","Unabsorbed Inventory"
"47725",2019-07-01,"Jul 2019","Semi-Detached",18,"Scss","Unabsorbed Inventory"
"47725",2019-07-01,"Jul 2019","Row",125,"Scss","Unabsorbed Inventory"
"47725",2019-07-01,"Jul 2019","Apartment",67,"Scss","Unabsorbed Inventory"
"47725",2019-07-01,"Jul 2019","All",439,"Scss","Unabsorbed Inventory"
"47725",2019-08-01,"Aug 2019","Single",221,"Scss","Unabsorbed Inventory"
"47725",2019-08-01,"Aug 2019","Semi-Detached",20,"Scss","Unabsorbed Inventory"
"47725",2019-08-01,"Aug 2019","Row",112,"Scss","Unabsorbed Inventory"
"47725",2019-08-01,"Aug 2019","Apartment",72,"Scss","Unabsorbed Inventory"
"47725",2019-08-01,"Aug 2019","All",425,"Scss","Unabsorbed Inventory"
"47725",2019-09-01,"Sep 2019","Single",232,"Scss","Unabsorbed Inventory"
"47725",2019-09-01,"Sep 2019","Semi-Detached",22,"Scss","Unabsorbed Inventory"
"47725",2019-09-01,"Sep 2019","Row",103,"Scss","Unabsorbed Inventory"
"47725",2019-09-01,"Sep 2019","Apartment",68,"Scss","Unabsorbed Inventory"
"47725",2019-09-01,"Sep 2019","All",425,"Scss","Unabsorbed Inventory"
"47725",2019-10-01,"Oct 2019","Single",225,"Scss","Unabsorbed Inventory"
"47725",2019-10-01,"Oct 2019","Semi-Detached",22,"Scss","Unabsorbed Inventory"
"47725",2019-10-01,"Oct 2019","Row",97,"Scss","Unabsorbed Inventory"
"47725",2019-10-01,"Oct 2019","Apartment",78,"Scss","Unabsorbed Inventory"
"47725",2019-10-01,"Oct 2019","All",422,"Scss","Unabsorbed Inventory"
"47725",2019-11-01,"Nov 2019","Single",232,"Scss","Unabsorbed Inventory"
"47725",2019-11-01,"Nov 2019","Semi-Detached",22,"Scss","Unabsorbed Inventory"
"47725",2019-11-01,"Nov 2019","Row",87,"Scss","Unabsorbed Inventory"
"47725",2019-11-01,"Nov 2019","Apartment",86,"Scss","Unabsorbed Inventory"
"47725",2019-11-01,"Nov 2019","All",427,"Scss","Unabsorbed Inventory"
"47725",2019-12-01,"Dec 2019","Single",214,"Scss","Unabsorbed Inventory"
"47725",2019-12-01,"Dec 2019","Semi-Detached",26,"Scss","Unabsorbed Inventory"
"47725",2019-12-01,"Dec 2019","Row",79,"Scss","Unabsorbed Inventory"
"47725",2019-12-01,"Dec 2019","Apartment",82,"Scss","Unabsorbed Inventory"
"47725",2019-12-01,"Dec 2019","All",401,"Scss","Unabsorbed Inventory"
"47725",2020-01-01,"Jan 2020","Single",222,"Scss","Unabsorbed Inventory"
"47725",2020-01-01,"Jan 2020","Semi-Detached",26,"Scss","Unabsorbed Inventory"
"47725",2020-01-01,"Jan 2020","Row",81,"Scss","Unabsorbed Inventory"
"47725",2020-01-01,"Jan 2020","Apartment",73,"Scss","Unabsorbed Inventory"
"47725",2020-01-01,"Jan 2020","All",402,"Scss","Unabsorbed Inventory"
"47725",2020-02-01,"Feb 2020","Single",204,"Scss","Unabsorbed Inventory"
"47725",2020-02-01,"Feb 2020","Semi-Detached",26,"Scss","Unabsorbed Inventory"
"47725",2020-02-01,"Feb 2020","Row",81,"Scss","Unabsorbed Inventory"
"47725",2020-02-01,"Feb 2020","Apartment",70,"Scss","Unabsorbed Inventory"
"47725",2020-02-01,"Feb 2020","All",381,"Scss","Unabsorbed Inventory"
"47725",2020-03-01,"Mar 2020","Single",204,"Scss","Unabsorbed Inventory"
"47725",2020-03-01,"Mar 2020","Semi-Detached",31,"Scss","Unabsorbed Inventory"
"47725",2020-03-01,"Mar 2020","Row",77,"Scss","Unabsorbed Inventory"
"47725",2020-03-01,"Mar 2020","Apartment",66,"Scss","Unabsorbed Inventory"
"47725",2020-03-01,"Mar 2020","All",378,"Scss","Unabsorbed Inventory"
"47725",2020-04-01,"Apr 2020","Single",201,"Scss","Unabsorbed Inventory"
"47725",2020-04-01,"Apr 2020","Semi-Detached",24,"Scss","Unabsorbed Inventory"
"47725",2020-04-01,"Apr 2020","Row",78,"Scss","Unabsorbed Inventory"
"47725",2020-04-01,"Apr 2020","Apartment",57,"Scss","Unabsorbed Inventory"
"47725",2020-04-01,"Apr 2020","All",360,"Scss","Unabsorbed Inventory"
"47725",2020-05-01,"May 2020","Single",183,"Scss","Unabsorbed Inventory"
"47725",2020-05-01,"May 2020","Semi-Detached",23,"Scss","Unabsorbed Inventory"
"47725",2020-05-01,"May 2020","Row",72,"Scss","Unabsorbed Inventory"
"47725",2020-05-01,"May 2020","Apartment",57,"Scss","Unabsorbed Inventory"
"47725",2020-05-01,"May 2020","All",335,"Scss","Unabsorbed Inventory"
"47725",2020-06-01,"Jun 2020","Single",171,"Scss","Unabsorbed Inventory"
"47725",2020-06-01,"Jun 2020","Semi-Detached",23,"Scss","Unabsorbed Inventory"
"47725",2020-06-01,"Jun 2020","Row",66,"Scss","Unabsorbed Inventory"
"47725",2020-06-01,"Jun 2020","Apartment",51,"Scss","Unabsorbed Inventory"
"47725",2020-06-01,"Jun 2020","All",311,"Scss","Unabsorbed Inventory"
"47725",2020-07-01,"Jul 2020","Single",166,"Scss","Unabsorbed Inventory"
"47725",2020-07-01,"Jul 2020","Semi-Detached",21,"Scss","Unabsorbed Inventory"
"47725",2020-07-01,"Jul 2020","Row",76,"Scss","Unabsorbed Inventory"
"47725",2020-07-01,"Jul 2020","Apartment",49,"Scss","Unabsorbed Inventory"
"47725",2020-07-01,"Jul 2020","All",312,"Scss","Unabsorbed Inventory"
"47725",2020-08-01,"Aug 2020","Single",135,"Scss","Unabsorbed Inventory"
"47725",2020-08-01,"Aug 2020","Semi-Detached",22,"Scss","Unabsorbed Inventory"
"47725",2020-08-01,"Aug 2020","Row",83,"Scss","Unabsorbed Inventory"
"47725",2020-08-01,"Aug 2020","Apartment",44,"Scss","Unabsorbed Inventory"
"47725",2020-08-01,"Aug 2020","All",284,"Scss","Unabsorbed Inventory"
"47725",2020-09-01,"Sep 2020","Single",117,"Scss","Unabsorbed Inventory"
"47725",2020-09-01,"Sep 2020","Semi-Detached",17,"Scss","Unabsorbed Inventory"
"47725",2020-09-01,"Sep 2020","Row",72,"Scss","Unabsorbed Inventory"
"47725",2020-09-01,"Sep 2020","Apartment",42,"Scss","Unabsorbed Inventory"
"47725",2020-09-01,"Sep 2020","All",248,"Scss","Unabsorbed Inventory"
"47725",2020-10-01,"Oct 2020","Single",102,"Scss","Unabsorbed Inventory"
"47725",2020-10-01,"Oct 2020","Semi-Detached",15,"Scss","Unabsorbed Inventory"
"47725",2020-10-01,"Oct 2020","Row",65,"Scss","Unabsorbed Inventory"
"47725",2020-10-01,"Oct 2020","Apartment",41,"Scss","Unabsorbed Inventory"
"47725",2020-10-01,"Oct 2020","All",223,"Scss","Unabsorbed Inventory"
"47725",2020-11-01,"Nov 2020","Single",73,"Scss","Unabsorbed Inventory"
"47725",2020-11-01,"Nov 2020","Semi-Detached",12,"Scss","Unabsorbed Inventory"
"47725",2020-11-01,"Nov 2020","Row",62,"Scss","Unabsorbed Inventory"
"47725",2020-11-01,"Nov 2020","Apartment",38,"Scss","Unabsorbed Inventory"
"47725",2020-11-01,"Nov 2020","All",185,"Scss","Unabsorbed Inventory"
"47725",2020-12-01,"Dec 2020","Single",89,"Scss","Unabsorbed Inventory"
"47725",2020-12-01,"Dec 2020","Semi-Detached",11,"Scss","Unabsorbed Inventory"
"47725",2020-12-01,"Dec 2020","Row",64,"Scss","Unabsorbed Inventory"
"47725",2020-12-01,"Dec 2020","Apartment",36,"Scss","Unabsorbed Inventory"
"47725",2020-12-01,"Dec 2020","All",200,"Scss","Unabsorbed Inventory"
"47725",2021-01-01,"Jan 2021","Single",81,"Scss","Unabsorbed Inventory"
"47725",2021-01-01,"Jan 2021","Semi-Detached",11,"Scss","Unabsorbed Inventory"
"47725",2021-01-01,"Jan 2021","Row",59,"Scss","Unabsorbed Inventory"
"47725",2021-01-01,"Jan 2021","Apartment",36,"Scss","Unabsorbed Inventory"
"47725",2021-01-01,"Jan 2021","All",187,"Scss","Unabsorbed Inventory"
"47725",2021-02-01,"Feb 2021","Single",78,"Scss","Unabsorbed Inventory"
"47725",2021-02-01,"Feb 2021","Semi-Detached",10,"Scss","Unabsorbed Inventory"
"47725",2021-02-01,"Feb 2021","Row",52,"Scss","Unabsorbed Inventory"
"47725",2021-02-01,"Feb 2021","Apartment",35,"Scss","Unabsorbed Inventory"
"47725",2021-02-01,"Feb 2021","All",175,"Scss","Unabsorbed Inventory"
"47725",2021-03-01,"Mar 2021","Single",68,"Scss","Unabsorbed Inventory"
"47725",2021-03-01,"Mar 2021","Semi-Detached",10,"Scss","Unabsorbed Inventory"
"47725",2021-03-01,"Mar 2021","Row",55,"Scss","Unabsorbed Inventory"
"47725",2021-03-01,"Mar 2021","Apartment",31,"Scss","Unabsorbed Inventory"
"47725",2021-03-01,"Mar 2021","All",164,"Scss","Unabsorbed Inventory"
"47725",2021-04-01,"Apr 2021","Single",70,"Scss","Unabsorbed Inventory"
"47725",2021-04-01,"Apr 2021","Semi-Detached",6,"Scss","Unabsorbed Inventory"
"47725",2021-04-01,"Apr 2021","Row",59,"Scss","Unabsorbed Inventory"
"47725",2021-04-01,"Apr 2021","Apartment",31,"Scss","Unabsorbed Inventory"
"47725",2021-04-01,"Apr 2021","All",166,"Scss","Unabsorbed Inventory"
"47725",2021-05-01,"May 2021","Single",64,"Scss","Unabsorbed Inventory"
"47725",2021-05-01,"May 2021","Semi-Detached",6,"Scss","Unabsorbed Inventory"
"47725",2021-05-01,"May 2021","Row",52,"Scss","Unabsorbed Inventory"
"47725",2021-05-01,"May 2021","Apartment",30,"Scss","Unabsorbed Inventory"
"47725",2021-05-01,"May 2021","All",152,"Scss","Unabsorbed Inventory"
"47725",2021-06-01,"Jun 2021","Single",59,"Scss","Unabsorbed Inventory"
"47725",2021-06-01,"Jun 2021","Semi-Detached",6,"Scss","Unabsorbed Inventory"
"47725",2021-06-01,"Jun 2021","Row",49,"Scss","Unabsorbed Inventory"
"47725",2021-06-01,"Jun 2021","Apartment",40,"Scss","Unabsorbed Inventory"
"47725",2021-06-01,"Jun 2021","All",154,"Scss","Unabsorbed Inventory"
"47725",2021-07-01,"Jul 2021","Single",61,"Scss","Unabsorbed Inventory"
"47725",2021-07-01,"Jul 2021","Semi-Detached",10,"Scss","Unabsorbed Inventory"
"47725",2021-07-01,"Jul 2021","Row",47,"Scss","Unabsorbed Inventory"
"47725",2021-07-01,"Jul 2021","Apartment",39,"Scss","Unabsorbed Inventory"
"47725",2021-07-01,"Jul 2021","All",157,"Scss","Unabsorbed Inventory"
"47725",2021-08-01,"Aug 2021","Single",74,"Scss","Unabsorbed Inventory"
"47725",2021-08-01,"Aug 2021","Semi-Detached",10,"Scss","Unabsorbed Inventory"
"47725",2021-08-01,"Aug 2021","Row",39,"Scss","Unabsorbed Inventory"
"47725",2021-08-01,"Aug 2021","Apartment",38,"Scss","Unabsorbed Inventory"
"47725",2021-08-01,"Aug 2021","All",161,"Scss","Unabsorbed Inventory"
"47725",2021-09-01,"Sep 2021","Single",68,"Scss","Unabsorbed Inventory"
"47725",2021-09-01,"Sep 2021","Semi-Detached",10,"Scss","Unabsorbed Inventory"
"47725",2021-09-01,"Sep 2021","Row",39,"Scss","Unabsorbed Inventory"
"47725",2021-09-01,"Sep 2021","Apartment",41,"Scss","Unabsorbed Inventory"
"47725",2021-09-01,"Sep 2021","All",158,"Scss","Unabsorbed Inventory"
"47725",2021-10-01,"Oct 2021","Single",106,"Scss","Unabsorbed Inventory"
"47725",2021-10-01,"Oct 2021","Semi-Detached",10,"Scss","Unabsorbed Inventory"
"47725",2021-10-01,"Oct 2021","Row",38,"Scss","Unabsorbed Inventory"
"47725",2021-10-01,"Oct 2021","Apartment",37,"Scss","Unabsorbed Inventory"
"47725",2021-10-01,"Oct 2021","All",191,"Scss","Unabsorbed Inventory"
"47725",2021-11-01,"Nov 2021","Single",120,"Scss","Unabsorbed Inventory"
"47725",2021-11-01,"Nov 2021","Semi-Detached",11,"Scss","Unabsorbed Inventory"
"47725",2021-11-01,"Nov 2021","Row",37,"Scss","Unabsorbed Inventory"
"47725",2021-11-01,"Nov 2021","Apartment",37,"Scss","Unabsorbed Inventory"
"47725",2021-11-01,"Nov 2021","All",205,"Scss","Unabsorbed Inventory"
"47725",2021-12-01,"Dec 2021","Single",111,"Scss","Unabsorbed Inventory"
"47725",2021-12-01,"Dec 2021","Semi-Detached",14,"Scss","Unabsorbed Inventory"
"47725",2021-12-01,"Dec 2021","Row",37,"Scss","Unabsorbed Inventory"
"47725",2021-12-01,"Dec 2021","Apartment",36,"Scss","Unabsorbed Inventory"
"47725",2021-12-01,"Dec 2021","All",198,"Scss","Unabsorbed Inventory"
"47725",2022-01-01,"Jan 2022","Single",122,"Scss","Unabsorbed Inventory"
"47725",2022-01-01,"Jan 2022","Semi-Detached",24,"Scss","Unabsorbed Inventory"
"47725",2022-01-01,"Jan 2022","Row",37,"Scss","Unabsorbed Inventory"
"47725",2022-01-01,"Jan 2022","Apartment",48,"Scss","Unabsorbed Inventory"
"47725",2022-01-01,"Jan 2022","All",231,"Scss","Unabsorbed Inventory"
"47725",2022-02-01,"Feb 2022","Single",110,"Scss","Unabsorbed Inventory"
"47725",2022-02-01,"Feb 2022","Semi-Detached",25,"Scss","Unabsorbed Inventory"
"47725",2022-02-01,"Feb 2022","Row",46,"Scss","Unabsorbed Inventory"
"47725",2022-02-01,"Feb 2022","Apartment",44,"Scss","Unabsorbed Inventory"
"47725",2022-02-01,"Feb 2022","All",225,"Scss","Unabsorbed Inventory"
"47725",2022-03-01,"Mar 2022","Single",104,"Scss","Unabsorbed Inventory"
"47725",2022-03-01,"Mar 2022","Semi-Detached",24,"Scss","Unabsorbed Inventory"
"47725",2022-03-01,"Mar 2022","Row",40,"Scss","Unabsorbed Inventory"
"47725",2022-03-01,"Mar 2022","Apartment",42,"Scss","Unabsorbed Inventory"
"47725",2022-03-01,"Mar 2022","All",210,"Scss","Unabsorbed Inventory"
"47725",2022-04-01,"Apr 2022","Single",97,"Scss","Unabsorbed Inventory"
"47725",2022-04-01,"Apr 2022","Semi-Detached",16,"Scss","Unabsorbed Inventory"
"47725",2022-04-01,"Apr 2022","Row",37,"Scss","Unabsorbed Inventory"
"47725",2022-04-01,"Apr 2022","Apartment",39,"Scss","Unabsorbed Inventory"
"47725",2022-04-01,"Apr 2022","All",189,"Scss","Unabsorbed Inventory"
"47725",2022-05-01,"May 2022","Single",88,"Scss","Unabsorbed Inventory"
"47725",2022-05-01,"May 2022","Semi-Detached",21,"Scss","Unabsorbed Inventory"
"47725",2022-05-01,"May 2022","Row",35,"Scss","Unabsorbed Inventory"
"47725",2022-05-01,"May 2022","Apartment",44,"Scss","Unabsorbed Inventory"
"47725",2022-05-01,"May 2022","All",188,"Scss","Unabsorbed Inventory"
"47725",2022-06-01,"Jun 2022","Single",95,"Scss","Unabsorbed Inventory"
"47725",2022-06-01,"Jun 2022","Semi-Detached",23,"Scss","Unabsorbed Inventory"
"47725",2022-06-01,"Jun 2022","Row",36,"Scss","Unabsorbed Inventory"
"47725",2022-06-01,"Jun 2022","Apartment",41,"Scss","Unabsorbed Inventory"
"47725",2022-06-01,"Jun 2022","All",195,"Scss","Unabsorbed Inventory"
"47725",2022-07-01,"Jul 2022","Single",101,"Scss","Unabsorbed Inventory"
"47725",2022-07-01,"Jul 2022","Semi-Detached",17,"Scss","Unabsorbed Inventory"
"47725",2022-07-01,"Jul 2022","Row",29,"Scss","Unabsorbed Inventory"
"47725",2022-07-01,"Jul 2022","Apartment",37,"Scss","Unabsorbed Inventory"
"47725",2022-07-01,"Jul 2022","All",184,"Scss","Unabsorbed Inventory"
"47725",2022-08-01,"Aug 2022","Single",108,"Scss","Unabsorbed Inventory"
"47725",2022-08-01,"Aug 2022","Semi-Detached",13,"Scss","Unabsorbed Inventory"
"47725",2022-08-01,"Aug 2022","Row",29,"Scss","Unabsorbed Inventory"
"47725",2022-08-01,"Aug 2022","Apartment",37,"Scss","Unabsorbed Inventory"
"47725",2022-08-01,"Aug 2022","All",187,"Scss","Unabsorbed Inventory"
"47725",2022-09-01,"Sep 2022","Single",133,"Scss","Unabsorbed Inventory"
"47725",2022-09-01,"Sep 2022","Semi-Detached",14,"Scss","Unabsorbed Inventory"
"47725",2022-09-01,"Sep 2022","Row",34,"Scss","Unabsorbed Inventory"
"47725",2022-09-01,"Sep 2022","Apartment",32,"Scss","Unabsorbed Inventory"
"47725",2022-09-01,"Sep 2022","All",213,"Scss","Unabsorbed Inventory"
"47725",2022-10-01,"Oct 2022","Single",147,"Scss","Unabsorbed Inventory"
"47725",2022-10-01,"Oct 2022","Semi-Detached",12,"Scss","Unabsorbed Inventory"
"47725",2022-10-01,"Oct 2022","Row",26,"Scss","Unabsorbed Inventory"
"47725",2022-10-01,"Oct 2022","Apartment",32,"Scss","Unabsorbed Inventory"
"47725",2022-10-01,"Oct 2022","All",217,"Scss","Unabsorbed Inventory"
"47725",2022-11-01,"Nov 2022","Single",149,"Scss","Unabsorbed Inventory"
"47725",2022-11-01,"Nov 2022","Semi-Detached",20,"Scss","Unabsorbed Inventory"
"47725",2022-11-01,"Nov 2022","Row",22,"Scss","Unabsorbed Inventory"
"47725",2022-11-01,"Nov 2022","Apartment",31,"Scss","Unabsorbed Inventory"
"47725",2022-11-01,"Nov 2022","All",222,"Scss","Unabsorbed Inventory"
"47725",2022-12-01,"Dec 2022","Single",165,"Scss","Unabsorbed Inventory"
"47725",2022-12-01,"Dec 2022","Semi-Detached",15,"Scss","Unabsorbed Inventory"
"47725",2022-12-01,"Dec 2022","Row",21,"Scss","Unabsorbed Inventory"
"47725",2022-12-01,"Dec 2022","Apartment",31,"Scss","Unabsorbed Inventory"
"47725",2022-12-01,"Dec 2022","All",232,"Scss","Unabsorbed Inventory"
"47725",2023-01-01,"Jan 2023","Single",163,"Scss","Unabsorbed Inventory"
"47725",2023-01-01,"Jan 2023","Semi-Detached",18,"Scss","Unabsorbed Inventory"
"47725",2023-01-01,"Jan 2023","Row",21,"Scss","Unabsorbed Inventory"
"47725",2023-01-01,"Jan 2023","Apartment",31,"Scss","Unabsorbed Inventory"
"47725",2023-01-01,"Jan 2023","All",233,"Scss","Unabsorbed Inventory"
"47725",2023-02-01,"Feb 2023","Single",170,"Scss","Unabsorbed Inventory"
"47725",2023-02-01,"Feb 2023","Semi-Detached",21,"Scss","Unabsorbed Inventory"
"47725",2023-02-01,"Feb 2023","Row",27,"Scss","Unabsorbed Inventory"
"47725",2023-02-01,"Feb 2023","Apartment",31,"Scss","Unabsorbed Inventory"
"47725",2023-02-01,"Feb 2023","All",249,"Scss","Unabsorbed Inventory"
"47725",2023-03-01,"Mar 2023","Single",194,"Scss","Unabsorbed Inventory"
"47725",2023-03-01,"Mar 2023","Semi-Detached",25,"Scss","Unabsorbed Inventory"
"47725",2023-03-01,"Mar 2023","Row",30,"Scss","Unabsorbed Inventory"
"47725",2023-03-01,"Mar 2023","Apartment",31,"Scss","Unabsorbed Inventory"
"47725",2023-03-01,"Mar 2023","All",280,"Scss","Unabsorbed Inventory"
"47725",2023-04-01,"Apr 2023","Single",245,"Scss","Unabsorbed Inventory"
"47725",2023-04-01,"Apr 2023","Semi-Detached",32,"Scss","Unabsorbed Inventory"
"47725",2023-04-01,"Apr 2023","Row",27,"Scss","Unabsorbed Inventory"
"47725",2023-04-01,"Apr 2023","Apartment",24,"Scss","Unabsorbed Inventory"
"47725",2023-04-01,"Apr 2023","All",328,"Scss","Unabsorbed Inventory"
"47725",2023-05-01,"May 2023","Single",199,"Scss","Unabsorbed Inventory"
"47725",2023-05-01,"May 2023","Semi-Detached",25,"Scss","Unabsorbed Inventory"
"47725",2023-05-01,"May 2023","Row",39,"Scss","Unabsorbed Inventory"
"47725",2023-05-01,"May 2023","Apartment",30,"Scss","Unabsorbed Inventory"
"47725",2023-05-01,"May 2023","All",293,"Scss","Unabsorbed Inventory"
"47725",2023-06-01,"Jun 2023","Single",193,"Scss","Unabsorbed Inventory"
"47725",2023-06-01,"Jun 2023","Semi-Detached",22,"Scss","Unabsorbed Inventory"
"47725",2023-06-01,"Jun 2023","Row",45,"Scss","Unabsorbed Inventory"
"47725",2023-06-01,"Jun 2023","Apartment",16,"Scss","Unabsorbed Inventory"
"47725",2023-06-01,"Jun 2023","All",276,"Scss","Unabsorbed Inventory"
"47725",2023-07-01,"Jul 2023","Single",198,"Scss","Unabsorbed Inventory"
"47725",2023-07-01,"Jul 2023","Semi-Detached",25,"Scss","Unabsorbed Inventory"
"47725",2023-07-01,"Jul 2023","Row",49,"Scss","Unabsorbed Inventory"
"47725",2023-07-01,"Jul 2023","Apartment",13,"Scss","Unabsorbed Inventory"
"47725",2023-07-01,"Jul 2023","All",285,"Scss","Unabsorbed Inventory"
"47725",2023-08-01,"Aug 2023","Single",209,"Scss","Unabsorbed Inventory"
"47725",2023-08-01,"Aug 2023","Semi-Detached",21,"Scss","Unabsorbed Inventory"
"47725",2023-08-01,"Aug 2023","Row",38,"Scss","Unabsorbed Inventory"
"47725",2023-08-01,"Aug 2023","Apartment",13,"Scss","Unabsorbed Inventory"
"47725",2023-08-01,"Aug 2023","All",281,"Scss","Unabsorbed Inventory"
"47725",2023-09-01,"Sep 2023","Single",178,"Scss","Unabsorbed Inventory"
"47725",2023-09-01,"Sep 2023","Semi-Detached",17,"Scss","Unabsorbed Inventory"
"47725",2023-09-01,"Sep 2023","Row",28,"Scss","Unabsorbed Inventory"
"47725",2023-09-01,"Sep 2023","Apartment",8,"Scss","Unabsorbed Inventory"
"47725",2023-09-01,"Sep 2023","All",231,"Scss","Unabsorbed Inventory"
"47725",2023-10-01,"Oct 2023","Single",186,"Scss","Unabsorbed Inventory"
"47725",2023-10-01,"Oct 2023","Semi-Detached",17,"Scss","Unabsorbed Inventory"
"47725",2023-10-01,"Oct 2023","Row",23,"Scss","Unabsorbed Inventory"
"47725",2023-10-01,"Oct 2023","Apartment",12,"Scss","Unabsorbed Inventory"
"47725",2023-10-01,"Oct 2023","All",238,"Scss","Unabsorbed Inventory"
"47725",2023-11-01,"Nov 2023","Single",174,"Scss","Unabsorbed Inventory"
"47725",2023-11-01,"Nov 2023","Semi-Detached",18,"Scss","Unabsorbed Inventory"
"47725",2023-11-01,"Nov 2023","Row",17,"Scss","Unabsorbed Inventory"
"47725",2023-11-01,"Nov 2023","Apartment",11,"Scss","Unabsorbed Inventory"
"47725",2023-11-01,"Nov 2023","All",220,"Scss","Unabsorbed Inventory"
"47725",2023-12-01,"Dec 2023","Single",194,"Scss","Unabsorbed Inventory"
"47725",2023-12-01,"Dec 2023","Semi-Detached",17,"Scss","Unabsorbed Inventory"
"47725",2023-12-01,"Dec 2023","Row",25,"Scss","Unabsorbed Inventory"
"47725",2023-12-01,"Dec 2023","Apartment",11,"Scss","Unabsorbed Inventory"
"47725",2023-12-01,"Dec 2023","All",247,"Scss","Unabsorbed Inventory"
"47725",2024-01-01,"Jan 2024","Single",200,"Scss","Unabsorbed Inventory"
"47725",2024-01-01,"Jan 2024","Semi-Detached",17,"Scss","Unabsorbed Inventory"
"47725",2024-01-01,"Jan 2024","Row",25,"Scss","Unabsorbed Inventory"
"47725",2024-01-01,"Jan 2024","Apartment",11,"Scss","Unabsorbed Inventory"
"47725",2024-01-01,"Jan 2024","All",253,"Scss","Unabsorbed Inventory"
"47725",2024-02-01,"Feb 2024","Single",190,"Scss","Unabsorbed Inventory"
"47725",2024-02-01,"Feb 2024","Semi-Detached",20,"Scss","Unabsorbed Inventory"
"47725",2024-02-01,"Feb 2024","Row",29,"Scss","Unabsorbed Inventory"
"47725",2024-02-01,"Feb 2024","Apartment",9,"Scss","Unabsorbed Inventory"
"47725",2024-02-01,"Feb 2024","All",248,"Scss","Unabsorbed Inventory"
"47725",2024-03-01,"Mar 2024","Single",161,"Scss","Unabsorbed Inventory"
"47725",2024-03-01,"Mar 2024","Semi-Detached",21,"Scss","Unabsorbed Inventory"
"47725",2024-03-01,"Mar 2024","Row",29,"Scss","Unabsorbed Inventory"
"47725",2024-03-01,"Mar 2024","Apartment",12,"Scss","Unabsorbed Inventory"
"47725",2024-03-01,"Mar 2024","All",223,"Scss","Unabsorbed Inventory"
"47725",2024-04-01,"Apr 2024","Single",143,"Scss","Unabsorbed Inventory"
"47725",2024-04-01,"Apr 2024","Semi-Detached",19,"Scss","Unabsorbed Inventory"
"47725",2024-04-01,"Apr 2024","Row",21,"Scss","Unabsorbed Inventory"
"47725",2024-04-01,"Apr 2024","Apartment",10,"Scss","Unabsorbed Inventory"
"47725",2024-04-01,"Apr 2024","All",193,"Scss","Unabsorbed Inventory"
"47725",2024-05-01,"May 2024","Single",147,"Scss","Unabsorbed Inventory"
"47725",2024-05-01,"May 2024","Semi-Detached",21,"Scss","Unabsorbed Inventory"
"47725",2024-05-01,"May 2024","Row",20,"Scss","Unabsorbed Inventory"
"47725",2024-05-01,"May 2024","Apartment",9,"Scss","Unabsorbed Inventory"
"47725",2024-05-01,"May 2024","All",197,"Scss","Unabsorbed Inventory"
"47725",2024-06-01,"Jun 2024","Single",115,"Scss","Unabsorbed Inventory"
"47725",2024-06-01,"Jun 2024","Semi-Detached",19,"Scss","Unabsorbed Inventory"
"47725",2024-06-01,"Jun 2024","Row",28,"Scss","Unabsorbed Inventory"
"47725",2024-06-01,"Jun 2024","Apartment",9,"Scss","Unabsorbed Inventory"
"47725",2024-06-01,"Jun 2024","All",171,"Scss","Unabsorbed Inventory"
"47725",2024-07-01,"Jul 2024","Single",98,"Scss","Unabsorbed Inventory"
"47725",2024-07-01,"Jul 2024","Semi-Detached",20,"Scss","Unabsorbed Inventory"
"47725",2024-07-01,"Jul 2024","Row",20,"Scss","Unabsorbed Inventory"
"47725",2024-07-01,"Jul 2024","Apartment",8,"Scss","Unabsorbed Inventory"
"47725",2024-07-01,"Jul 2024","All",146,"Scss","Unabsorbed Inventory"
"47725",2024-08-01,"Aug 2024","Single",94,"Scss","Unabsorbed Inventory"
"47725",2024-08-01,"Aug 2024","Semi-Detached",18,"Scss","Unabsorbed Inventory"
"47725",2024-08-01,"Aug 2024","Row",14,"Scss","Unabsorbed Inventory"
"47725",2024-08-01,"Aug 2024","Apartment",3,"Scss","Unabsorbed Inventory"
"47725",2024-08-01,"Aug 2024","All",129,"Scss","Unabsorbed Inventory"
"47725",2024-09-01,"Sep 2024","Single",95,"Scss","Unabsorbed Inventory"
"47725",2024-09-01,"Sep 2024","Semi-Detached",15,"Scss","Unabsorbed Inventory"
"47725",2024-09-01,"Sep 2024","Row",14,"Scss","Unabsorbed Inventory"
"47725",2024-09-01,"Sep 2024","Apartment",4,"Scss","Unabsorbed Inventory"
"47725",2024-09-01,"Sep 2024","All",128,"Scss","Unabsorbed Inventory"
"47725",2024-10-01,"Oct 2024","Single",83,"Scss","Unabsorbed Inventory"
"47725",2024-10-01,"Oct 2024","Semi-Detached",11,"Scss","Unabsorbed Inventory"
"47725",2024-10-01,"Oct 2024","Row",12,"Scss","Unabsorbed Inventory"
"47725",2024-10-01,"Oct 2024","Apartment",4,"Scss","Unabsorbed Inventory"
"47725",2024-10-01,"Oct 2024","All",110,"Scss","Unabsorbed Inventory"
"47725",2024-11-01,"Nov 2024","Single",105,"Scss","Unabsorbed Inventory"
"47725",2024-11-01,"Nov 2024","Semi-Detached",8,"Scss","Unabsorbed Inventory"
"47725",2024-11-01,"Nov 2024","Row",12,"Scss","Unabsorbed Inventory"
"47725",2024-11-01,"Nov 2024","Apartment",4,"Scss","Unabsorbed Inventory"
"47725",2024-11-01,"Nov 2024","All",129,"Scss","Unabsorbed Inventory"
"47725",2024-12-01,"Dec 2024","Single",122,"Scss","Unabsorbed Inventory"
"47725",2024-12-01,"Dec 2024","Semi-Detached",5,"Scss","Unabsorbed Inventory"
"47725",2024-12-01,"Dec 2024","Row",20,"Scss","Unabsorbed Inventory"
"47725",2024-12-01,"Dec 2024","Apartment",4,"Scss","Unabsorbed Inventory"
"47725",2024-12-01,"Dec 2024","All",151,"Scss","Unabsorbed Inventory"
"47725",2025-01-01,"Jan 2025","Single",114,"Scss","Unabsorbed Inventory"
"47725",2025-01-01,"Jan 2025","Semi-Detached",6,"Scss","Unabsorbed Inventory"
"47725",2025-01-01,"Jan 2025","Row",19,"Scss","Unabsorbed Inventory"
"47725",2025-01-01,"Jan 2025","Apartment",3,"Scss","Unabsorbed Inventory"
"47725",2025-01-01,"Jan 2025","All",142,"Scss","Unabsorbed Inventory"
"47725",2025-02-01,"Feb 2025","Single",103,"Scss","Unabsorbed Inventory"
"47725",2025-02-01,"Feb 2025","Semi-Detached",5,"Scss","Unabsorbed Inventory"
"47725",2025-02-01,"Feb 2025","Row",16,"Scss","Unabsorbed Inventory"
"47725",2025-02-01,"Feb 2025","Apartment",2,"Scss","Unabsorbed Inventory"
"47725",2025-02-01,"Feb 2025","All",126,"Scss","Unabsorbed Inventory"
"47725",2025-03-01,"Mar 2025","Single",117,"Scss","Unabsorbed Inventory"
"47725",2025-03-01,"Mar 2025","Semi-Detached",10,"Scss","Unabsorbed Inventory"
"47725",2025-03-01,"Mar 2025","Row",15,"Scss","Unabsorbed Inventory"
"47725",2025-03-01,"Mar 2025","Apartment",1,"Scss","Unabsorbed Inventory"
"47725",2025-03-01,"Mar 2025","All",143,"Scss","Unabsorbed Inventory"
"47725",2025-04-01,"Apr 2025","Single",110,"Scss","Unabsorbed Inventory"
"47725",2025-04-01,"Apr 2025","Semi-Detached",10,"Scss","Unabsorbed Inventory"
"47725",2025-04-01,"Apr 2025","Row",18,"Scss","Unabsorbed Inventory"
"47725",2025-04-01,"Apr 2025","Apartment",1,"Scss","Unabsorbed Inventory"
"47725",2025-04-01,"Apr 2025","All",139,"Scss","Unabsorbed Inventory"
"47725",2025-05-01,"May 2025","Single",91,"Scss","Unabsorbed Inventory"
"47725",2025-05-01,"May 2025","Semi-Detached",9,"Scss","Unabsorbed Inventory"
"47725",2025-05-01,"May 2025","Row",9,"Scss","Unabsorbed Inventory"
"47725",2025-05-01,"May 2025","Apartment",1,"Scss","Unabsorbed Inventory"
"47725",2025-05-01,"May 2025","All",110,"Scss","Unabsorbed Inventory"
"47725",2025-06-01,"Jun 2025","Single",109,"Scss","Unabsorbed Inventory"
"47725",2025-06-01,"Jun 2025","Semi-Detached",11,"Scss","Unabsorbed Inventory"
"47725",2025-06-01,"Jun 2025","Row",29,"Scss","Unabsorbed Inventory"
"47725",2025-06-01,"Jun 2025","Apartment",1,"Scss","Unabsorbed Inventory"
"47725",2025-06-01,"Jun 2025","All",150,"Scss","Unabsorbed Inventory"
"47725",2025-07-01,"Jul 2025","Single",109,"Scss","Unabsorbed Inventory"
"47725",2025-07-01,"Jul 2025","Semi-Detached",13,"Scss","Unabsorbed Inventory"
"47725",2025-07-01,"Jul 2025","Row",21,"Scss","Unabsorbed Inventory"
"47725",2025-07-01,"Jul 2025","Apartment",2,"Scss","Unabsorbed Inventory"
"47725",2025-07-01,"Jul 2025","All",145,"Scss","Unabsorbed Inventory"
"47725",2025-08-01,"Aug 2025","Single",102,"Scss","Unabsorbed Inventory"
"47725",2025-08-01,"Aug 2025","Semi-Detached",8,"Scss","Unabsorbed Inventory"
"47725",2025-08-01,"Aug 2025","Row",18,"Scss","Unabsorbed Inventory"
"47725",2025-08-01,"Aug 2025","Apartment",2,"Scss","Unabsorbed Inventory"
"47725",2025-08-01,"Aug 2025","All",130,"Scss","Unabsorbed Inventory"
"47725",2025-09-01,"Sep 2025","Single",141,"Scss","Unabsorbed Inventory"
"47725",2025-09-01,"Sep 2025","Semi-Detached",12,"Scss","Unabsorbed Inventory"
"47725",2025-09-01,"Sep 2025","Row",15,"Scss","Unabsorbed Inventory"
"47725",2025-09-01,"Sep 2025","Apartment",1,"Scss","Unabsorbed Inventory"
"47725",2025-09-01,"Sep 2025","All",169,"Scss","Unabsorbed Inventory"
"47725",2025-10-01,"Oct 2025","Single",129,"Scss","Unabsorbed Inventory"
"47725",2025-10-01,"Oct 2025","Semi-Detached",17,"Scss","Unabsorbed Inventory"
"47725",2025-10-01,"Oct 2025","Row",24,"Scss","Unabsorbed Inventory"
"47725",2025-10-01,"Oct 2025","Apartment",25,"Scss","Unabsorbed Inventory"
"47725",2025-10-01,"Oct 2025","All",195,"Scss","Unabsorbed Inventory"
"47725",2025-11-01,"Nov 2025","Single",187,"Scss","Unabsorbed Inventory"
"47725",2025-11-01,"Nov 2025","Semi-Detached",16,"Scss","Unabsorbed Inventory"
"47725",2025-11-01,"Nov 2025","Row",22,"Scss","Unabsorbed Inventory"
"47725",2025-11-01,"Nov 2025","Apartment",19,"Scss","Unabsorbed Inventory"
"47725",2025-11-01,"Nov 2025","All",244,"Scss","Unabsorbed Inventory"
"47725",2025-12-01,"Dec 2025","Single",224,"Scss","Unabsorbed Inventory"
"47725",2025-12-01,"Dec 2025","Semi-Detached",18,"Scss","Unabsorbed Inventory"
"47725",2025-12-01,"Dec 2025","Row",30,"Scss","Unabsorbed Inventory"
"47725",2025-12-01,"Dec 2025","Apartment",18,"Scss","Unabsorbed Inventory"
"47725",2025-12-01,"Dec 2025","All",290,"Scss","Unabsorbed Inventory"
"47725",2026-01-01,"Jan 2026","Single",206,"Scss","Unabsorbed Inventory"
"47725",2026-01-01,"Jan 2026","Semi-Detached",13,"Scss","Unabsorbed Inventory"
"47725",2026-01-01,"Jan 2026","Row",26,"Scss","Unabsorbed Inventory"
"47725",2026-01-01,"Jan 2026","Apartment",18,"Scss","Unabsorbed Inventory"
"47725",2026-01-01,"Jan 2026","All",263,"Scss","Unabsorbed Inventory"
"47725",2026-02-01,"Feb 2026","Single",213,"Scss","Unabsorbed Inventory"
"47725",2026-02-01,"Feb 2026","Semi-Detached",13,"Scss","Unabsorbed Inventory"
"47725",2026-02-01,"Feb 2026","Row",21,"Scss","Unabsorbed Inventory"
"47725",2026-02-01,"Feb 2026","Apartment",17,"Scss","Unabsorbed Inventory"
"47725",2026-02-01,"Feb 2026","All",264,"Scss","Unabsorbed Inventory"
