"GeoUID","Date","DateString","Dwelling Type","Value","Survey","Series"
"35535",1990-01-01,"Jan 1990","Single",527,"Scss","Unabsorbed Inventory"
"35535",1990-01-01,"Jan 1990","Semi-Detached",16,"Scss","Unabsorbed Inventory"
"35535",1990-01-01,"Jan 1990","Row",362,"Scss","Unabsorbed Inventory"
"35535",1990-01-01,"Jan 1990","Apartment",729,"Scss","Unabsorbed Inventory"
"35535",1990-01-01,"Jan 1990","All",1634,"Scss","Unabsorbed Inventory"
"35535",1990-02-01,"Feb 1990","Single",522,"Scss","Unabsorbed Inventory"
"35535",1990-02-01,"Feb 1990","Semi-Detached",19,"Scss","Unabsorbed Inventory"
"35535",1990-02-01,"Feb 1990","Row",339,"Scss","Unabsorbed Inventory"
"35535",1990-02-01,"Feb 1990","Apartment",560,"Scss","Unabsorbed Inventory"
"35535",1990-02-01,"Feb 1990","All",1440,"Scss","Unabsorbed Inventory"
"35535",1990-03-01,"Mar 1990","Single",602,"Scss","Unabsorbed Inventory"
"35535",1990-03-01,"Mar 1990","Semi-Detached",22,"Scss","Unabsorbed Inventory"
"35535",1990-03-01,"Mar 1990","Row",241,"Scss","Unabsorbed Inventory"
"35535",1990-03-01,"Mar 1990","Apartment",756,"Scss","Unabsorbed Inventory"
"35535",1990-03-01,"Mar 1990","All",1621,"Scss","Unabsorbed Inventory"
"35535",1990-04-01,"Apr 1990","Single",748,"Scss","Unabsorbed Inventory"
"35535",1990-04-01,"Apr 1990","Semi-Detached",27,"Scss","Unabsorbed Inventory"
"35535",1990-04-01,"Apr 1990","Row",179,"Scss","Unabsorbed Inventory"
"35535",1990-04-01,"Apr 1990","Apartment",1132,"Scss","Unabsorbed Inventory"
"35535",1990-04-01,"Apr 1990","All",2086,"Scss","Unabsorbed Inventory"
"35535",1990-05-01,"May 1990","Single",1019,"Scss","Unabsorbed Inventory"
"35535",1990-05-01,"May 1990","Semi-Detached",32,"Scss","Unabsorbed Inventory"
"35535",1990-05-01,"May 1990","Row",156,"Scss","Unabsorbed Inventory"
"35535",1990-05-01,"May 1990","Apartment",881,"Scss","Unabsorbed Inventory"
"35535",1990-05-01,"May 1990","All",2088,"Scss","Unabsorbed Inventory"
"35535",1990-06-01,"Jun 1990","Single",1024,"Scss","Unabsorbed Inventory"
"35535",1990-06-01,"Jun 1990","Semi-Detached",36,"Scss","Unabsorbed Inventory"
"35535",1990-06-01,"Jun 1990","Row",121,"Scss","Unabsorbed Inventory"
"35535",1990-06-01,"Jun 1990","Apartment",780,"Scss","Unabsorbed Inventory"
"35535",1990-06-01,"Jun 1990","All",1961,"Scss","Unabsorbed Inventory"
"35535",1990-07-01,"Jul 1990","Single",941,"Scss","Unabsorbed Inventory"
"35535",1990-07-01,"Jul 1990","Semi-Detached",32,"Scss","Unabsorbed Inventory"
"35535",1990-07-01,"Jul 1990","Row",105,"Scss","Unabsorbed Inventory"
"35535",1990-07-01,"Jul 1990","Apartment",906,"Scss","Unabsorbed Inventory"
"35535",1990-07-01,"Jul 1990","All",1984,"Scss","Unabsorbed Inventory"
"35535",1990-08-01,"Aug 1990","Single",939,"Scss","Unabsorbed Inventory"
"35535",1990-08-01,"Aug 1990","Semi-Detached",35,"Scss","Unabsorbed Inventory"
"35535",1990-08-01,"Aug 1990","Row",81,"Scss","Unabsorbed Inventory"
"35535",1990-08-01,"Aug 1990","Apartment",898,"Scss","Unabsorbed Inventory"
"35535",1990-08-01,"Aug 1990","All",1953,"Scss","Unabsorbed Inventory"
"35535",1990-09-01,"Sep 1990","Single",1012,"Scss","Unabsorbed Inventory"
"35535",1990-09-01,"Sep 1990","Semi-Detached",32,"Scss","Unabsorbed Inventory"
"35535",1990-09-01,"Sep 1990","Row",81,"Scss","Unabsorbed Inventory"
"35535",1990-09-01,"Sep 1990","Apartment",939,"Scss","Unabsorbed Inventory"
"35535",1990-09-01,"Sep 1990","All",2064,"Scss","Unabsorbed Inventory"
"35535",1990-10-01,"Oct 1990","Single",1033,"Scss","Unabsorbed Inventory"
"35535",1990-10-01,"Oct 1990","Semi-Detached",37,"Scss","Unabsorbed Inventory"
"35535",1990-10-01,"Oct 1990","Row",145,"Scss","Unabsorbed Inventory"
"35535",1990-10-01,"Oct 1990","Apartment",1018,"Scss","Unabsorbed Inventory"
"35535",1990-10-01,"Oct 1990","All",2233,"Scss","Unabsorbed Inventory"
"35535",1990-11-01,"Nov 1990","Single",1110,"Scss","Unabsorbed Inventory"
"35535",1990-11-01,"Nov 1990","Semi-Detached",41,"Scss","Unabsorbed Inventory"
"35535",1990-11-01,"Nov 1990","Row",116,"Scss","Unabsorbed Inventory"
"35535",1990-11-01,"Nov 1990","Apartment",1039,"Scss","Unabsorbed Inventory"
"35535",1990-11-01,"Nov 1990","All",2306,"Scss","Unabsorbed Inventory"
"35535",1990-12-01,"Dec 1990","Single",1055,"Scss","Unabsorbed Inventory"
"35535",1990-12-01,"Dec 1990","Semi-Detached",37,"Scss","Unabsorbed Inventory"
"35535",1990-12-01,"Dec 1990","Row",148,"Scss","Unabsorbed Inventory"
"35535",1990-12-01,"Dec 1990","Apartment",904,"Scss","Unabsorbed Inventory"
"35535",1990-12-01,"Dec 1990","All",2144,"Scss","Unabsorbed Inventory"
"35535",1991-01-01,"Jan 1991","Single",871,"Scss","Unabsorbed Inventory"
"35535",1991-01-01,"Jan 1991","Semi-Detached",35,"Scss","Unabsorbed Inventory"
"35535",1991-01-01,"Jan 1991","Row",106,"Scss","Unabsorbed Inventory"
"35535",1991-01-01,"Jan 1991","Apartment",1347,"Scss","Unabsorbed Inventory"
"35535",1991-01-01,"Jan 1991","All",2359,"Scss","Unabsorbed Inventory"
"35535",1991-02-01,"Feb 1991","Single",756,"Scss","Unabsorbed Inventory"
"35535",1991-02-01,"Feb 1991","Semi-Detached",44,"Scss","Unabsorbed Inventory"
"35535",1991-02-01,"Feb 1991","Row",127,"Scss","Unabsorbed Inventory"
"35535",1991-02-01,"Feb 1991","Apartment",1331,"Scss","Unabsorbed Inventory"
"35535",1991-02-01,"Feb 1991","All",2258,"Scss","Unabsorbed Inventory"
"35535",1991-03-01,"Mar 1991","Single",724,"Scss","Unabsorbed Inventory"
"35535",1991-03-01,"Mar 1991","Semi-Detached",43,"Scss","Unabsorbed Inventory"
"35535",1991-03-01,"Mar 1991","Row",141,"Scss","Unabsorbed Inventory"
"35535",1991-03-01,"Mar 1991","Apartment",1350,"Scss","Unabsorbed Inventory"
"35535",1991-03-01,"Mar 1991","All",2258,"Scss","Unabsorbed Inventory"
"35535",1991-04-01,"Apr 1991","Single",670,"Scss","Unabsorbed Inventory"
"35535",1991-04-01,"Apr 1991","Semi-Detached",42,"Scss","Unabsorbed Inventory"
"35535",1991-04-01,"Apr 1991","Row",124,"Scss","Unabsorbed Inventory"
"35535",1991-04-01,"Apr 1991","Apartment",1315,"Scss","Unabsorbed Inventory"
"35535",1991-04-01,"Apr 1991","All",2151,"Scss","Unabsorbed Inventory"
"35535",1991-05-01,"May 1991","Single",575,"Scss","Unabsorbed Inventory"
"35535",1991-05-01,"May 1991","Semi-Detached",40,"Scss","Unabsorbed Inventory"
"35535",1991-05-01,"May 1991","Row",92,"Scss","Unabsorbed Inventory"
"35535",1991-05-01,"May 1991","Apartment",1260,"Scss","Unabsorbed Inventory"
"35535",1991-05-01,"May 1991","All",1967,"Scss","Unabsorbed Inventory"
"35535",1991-06-01,"Jun 1991","Single",496,"Scss","Unabsorbed Inventory"
"35535",1991-06-01,"Jun 1991","Semi-Detached",40,"Scss","Unabsorbed Inventory"
"35535",1991-06-01,"Jun 1991","Row",84,"Scss","Unabsorbed Inventory"
"35535",1991-06-01,"Jun 1991","Apartment",1092,"Scss","Unabsorbed Inventory"
"35535",1991-06-01,"Jun 1991","All",1712,"Scss","Unabsorbed Inventory"
"35535",1991-07-01,"Jul 1991","Single",436,"Scss","Unabsorbed Inventory"
"35535",1991-07-01,"Jul 1991","Semi-Detached",42,"Scss","Unabsorbed Inventory"
"35535",1991-07-01,"Jul 1991","Row",67,"Scss","Unabsorbed Inventory"
"35535",1991-07-01,"Jul 1991","Apartment",1114,"Scss","Unabsorbed Inventory"
"35535",1991-07-01,"Jul 1991","All",1659,"Scss","Unabsorbed Inventory"
"35535",1991-08-01,"Aug 1991","Single",360,"Scss","Unabsorbed Inventory"
"35535",1991-08-01,"Aug 1991","Semi-Detached",37,"Scss","Unabsorbed Inventory"
"35535",1991-08-01,"Aug 1991","Row",95,"Scss","Unabsorbed Inventory"
"35535",1991-08-01,"Aug 1991","Apartment",1300,"Scss","Unabsorbed Inventory"
"35535",1991-08-01,"Aug 1991","All",1792,"Scss","Unabsorbed Inventory"
"35535",1991-09-01,"Sep 1991","Single",355,"Scss","Unabsorbed Inventory"
"35535",1991-09-01,"Sep 1991","Semi-Detached",37,"Scss","Unabsorbed Inventory"
"35535",1991-09-01,"Sep 1991","Row",86,"Scss","Unabsorbed Inventory"
"35535",1991-09-01,"Sep 1991","Apartment",1369,"Scss","Unabsorbed Inventory"
"35535",1991-09-01,"Sep 1991","All",1847,"Scss","Unabsorbed Inventory"
"35535",1991-10-01,"Oct 1991","Single",336,"Scss","Unabsorbed Inventory"
"35535",1991-10-01,"Oct 1991","Semi-Detached",44,"Scss","Unabsorbed Inventory"
"35535",1991-10-01,"Oct 1991","Row",141,"Scss","Unabsorbed Inventory"
"35535",1991-10-01,"Oct 1991","Apartment",1767,"Scss","Unabsorbed Inventory"
"35535",1991-10-01,"Oct 1991","All",2288,"Scss","Unabsorbed Inventory"
"35535",1991-11-01,"Nov 1991","Single",338,"Scss","Unabsorbed Inventory"
"35535",1991-11-01,"Nov 1991","Semi-Detached",44,"Scss","Unabsorbed Inventory"
"35535",1991-11-01,"Nov 1991","Row",99,"Scss","Unabsorbed Inventory"
"35535",1991-11-01,"Nov 1991","Apartment",1744,"Scss","Unabsorbed Inventory"
"35535",1991-11-01,"Nov 1991","All",2225,"Scss","Unabsorbed Inventory"
"35535",1991-12-01,"Dec 1991","Single",356,"Scss","Unabsorbed Inventory"
"35535",1991-12-01,"Dec 1991","Semi-Detached",48,"Scss","Unabsorbed Inventory"
"35535",1991-12-01,"Dec 1991","Row",105,"Scss","Unabsorbed Inventory"
"35535",1991-12-01,"Dec 1991","Apartment",1909,"Scss","Unabsorbed Inventory"
"35535",1991-12-01,"Dec 1991","All",2418,"Scss","Unabsorbed Inventory"
"35535",1992-01-01,"Jan 1992","Single",378,"Scss","Unabsorbed Inventory"
"35535",1992-01-01,"Jan 1992","Semi-Detached",51,"Scss","Unabsorbed Inventory"
"35535",1992-01-01,"Jan 1992","Row",151,"Scss","Unabsorbed Inventory"
"35535",1992-01-01,"Jan 1992","Apartment",2286,"Scss","Unabsorbed Inventory"
"35535",1992-01-01,"Jan 1992","All",2866,"Scss","Unabsorbed Inventory"
"35535",1992-02-01,"Feb 1992","Single",404,"Scss","Unabsorbed Inventory"
"35535",1992-02-01,"Feb 1992","Semi-Detached",70,"Scss","Unabsorbed Inventory"
"35535",1992-02-01,"Feb 1992","Row",122,"Scss","Unabsorbed Inventory"
"35535",1992-02-01,"Feb 1992","Apartment",2340,"Scss","Unabsorbed Inventory"
"35535",1992-02-01,"Feb 1992","All",2936,"Scss","Unabsorbed Inventory"
"35535",1992-03-01,"Mar 1992","Single",460,"Scss","Unabsorbed Inventory"
"35535",1992-03-01,"Mar 1992","Semi-Detached",70,"Scss","Unabsorbed Inventory"
"35535",1992-03-01,"Mar 1992","Row",99,"Scss","Unabsorbed Inventory"
"35535",1992-03-01,"Mar 1992","Apartment",2259,"Scss","Unabsorbed Inventory"
"35535",1992-03-01,"Mar 1992","All",2888,"Scss","Unabsorbed Inventory"
"35535",1992-04-01,"Apr 1992","Single",498,"Scss","Unabsorbed Inventory"
"35535",1992-04-01,"Apr 1992","Semi-Detached",68,"Scss","Unabsorbed Inventory"
"35535",1992-04-01,"Apr 1992","Row",82,"Scss","Unabsorbed Inventory"
"35535",1992-04-01,"Apr 1992","Apartment",2196,"Scss","Unabsorbed Inventory"
"35535",1992-04-01,"Apr 1992","All",2844,"Scss","Unabsorbed Inventory"
"35535",1992-05-01,"May 1992","Single",482,"Scss","Unabsorbed Inventory"
"35535",1992-05-01,"May 1992","Semi-Detached",73,"Scss","Unabsorbed Inventory"
"35535",1992-05-01,"May 1992","Row",89,"Scss","Unabsorbed Inventory"
"35535",1992-05-01,"May 1992","Apartment",2374,"Scss","Unabsorbed Inventory"
"35535",1992-05-01,"May 1992","All",3018,"Scss","Unabsorbed Inventory"
"35535",1992-06-01,"Jun 1992","Single",534,"Scss","Unabsorbed Inventory"
"35535",1992-06-01,"Jun 1992","Semi-Detached",68,"Scss","Unabsorbed Inventory"
"35535",1992-06-01,"Jun 1992","Row",65,"Scss","Unabsorbed Inventory"
"35535",1992-06-01,"Jun 1992","Apartment",2262,"Scss","Unabsorbed Inventory"
"35535",1992-06-01,"Jun 1992","All",2929,"Scss","Unabsorbed Inventory"
"35535",1992-07-01,"Jul 1992","Single",458,"Scss","Unabsorbed Inventory"
"35535",1992-07-01,"Jul 1992","Semi-Detached",61,"Scss","Unabsorbed Inventory"
"35535",1992-07-01,"Jul 1992","Row",85,"Scss","Unabsorbed Inventory"
"35535",1992-07-01,"Jul 1992","Apartment",2261,"Scss","Unabsorbed Inventory"
"35535",1992-07-01,"Jul 1992","All",2865,"Scss","Unabsorbed Inventory"
"35535",1992-08-01,"Aug 1992","Single",546,"Scss","Unabsorbed Inventory"
"35535",1992-08-01,"Aug 1992","Semi-Detached",63,"Scss","Unabsorbed Inventory"
"35535",1992-08-01,"Aug 1992","Row",114,"Scss","Unabsorbed Inventory"
"35535",1992-08-01,"Aug 1992","Apartment",2330,"Scss","Unabsorbed Inventory"
"35535",1992-08-01,"Aug 1992","All",3053,"Scss","Unabsorbed Inventory"
"35535",1992-09-01,"Sep 1992","Single",467,"Scss","Unabsorbed Inventory"
"35535",1992-09-01,"Sep 1992","Semi-Detached",68,"Scss","Unabsorbed Inventory"
"35535",1992-09-01,"Sep 1992","Row",106,"Scss","Unabsorbed Inventory"
"35535",1992-09-01,"Sep 1992","Apartment",2189,"Scss","Unabsorbed Inventory"
"35535",1992-09-01,"Sep 1992","All",2830,"Scss","Unabsorbed Inventory"
"35535",1992-10-01,"Oct 1992","Single",438,"Scss","Unabsorbed Inventory"
"35535",1992-10-01,"Oct 1992","Semi-Detached",72,"Scss","Unabsorbed Inventory"
"35535",1992-10-01,"Oct 1992","Row",137,"Scss","Unabsorbed Inventory"
"35535",1992-10-01,"Oct 1992","Apartment",2023,"Scss","Unabsorbed Inventory"
"35535",1992-10-01,"Oct 1992","All",2670,"Scss","Unabsorbed Inventory"
"35535",1992-11-01,"Nov 1992","Single",413,"Scss","Unabsorbed Inventory"
"35535",1992-11-01,"Nov 1992","Semi-Detached",75,"Scss","Unabsorbed Inventory"
"35535",1992-11-01,"Nov 1992","Row",153,"Scss","Unabsorbed Inventory"
"35535",1992-11-01,"Nov 1992","Apartment",1961,"Scss","Unabsorbed Inventory"
"35535",1992-11-01,"Nov 1992","All",2602,"Scss","Unabsorbed Inventory"
"35535",1992-12-01,"Dec 1992","Single",423,"Scss","Unabsorbed Inventory"
"35535",1992-12-01,"Dec 1992","Semi-Detached",102,"Scss","Unabsorbed Inventory"
"35535",1992-12-01,"Dec 1992","Row",189,"Scss","Unabsorbed Inventory"
"35535",1992-12-01,"Dec 1992","Apartment",1925,"Scss","Unabsorbed Inventory"
"35535",1992-12-01,"Dec 1992","All",2639,"Scss","Unabsorbed Inventory"
"35535",1993-01-01,"Jan 1993","Single",374,"Scss","Unabsorbed Inventory"
"35535",1993-01-01,"Jan 1993","Semi-Detached",92,"Scss","Unabsorbed Inventory"
"35535",1993-01-01,"Jan 1993","Row",159,"Scss","Unabsorbed Inventory"
"35535",1993-01-01,"Jan 1993","Apartment",1845,"Scss","Unabsorbed Inventory"
"35535",1993-01-01,"Jan 1993","All",2470,"Scss","Unabsorbed Inventory"
"35535",1993-02-01,"Feb 1993","Single",364,"Scss","Unabsorbed Inventory"
"35535",1993-02-01,"Feb 1993","Semi-Detached",95,"Scss","Unabsorbed Inventory"
"35535",1993-02-01,"Feb 1993","Row",132,"Scss","Unabsorbed Inventory"
"35535",1993-02-01,"Feb 1993","Apartment",1771,"Scss","Unabsorbed Inventory"
"35535",1993-02-01,"Feb 1993","All",2362,"Scss","Unabsorbed Inventory"
"35535",1993-03-01,"Mar 1993","Single",361,"Scss","Unabsorbed Inventory"
"35535",1993-03-01,"Mar 1993","Semi-Detached",88,"Scss","Unabsorbed Inventory"
"35535",1993-03-01,"Mar 1993","Row",129,"Scss","Unabsorbed Inventory"
"35535",1993-03-01,"Mar 1993","Apartment",1696,"Scss","Unabsorbed Inventory"
"35535",1993-03-01,"Mar 1993","All",2274,"Scss","Unabsorbed Inventory"
"35535",1993-04-01,"Apr 1993","Single",333,"Scss","Unabsorbed Inventory"
"35535",1993-04-01,"Apr 1993","Semi-Detached",90,"Scss","Unabsorbed Inventory"
"35535",1993-04-01,"Apr 1993","Row",108,"Scss","Unabsorbed Inventory"
"35535",1993-04-01,"Apr 1993","Apartment",1596,"Scss","Unabsorbed Inventory"
"35535",1993-04-01,"Apr 1993","All",2127,"Scss","Unabsorbed Inventory"
"35535",1993-05-01,"May 1993","Single",311,"Scss","Unabsorbed Inventory"
"35535",1993-05-01,"May 1993","Semi-Detached",91,"Scss","Unabsorbed Inventory"
"35535",1993-05-01,"May 1993","Row",74,"Scss","Unabsorbed Inventory"
"35535",1993-05-01,"May 1993","Apartment",1515,"Scss","Unabsorbed Inventory"
"35535",1993-05-01,"May 1993","All",1991,"Scss","Unabsorbed Inventory"
"35535",1993-06-01,"Jun 1993","Single",322,"Scss","Unabsorbed Inventory"
"35535",1993-06-01,"Jun 1993","Semi-Detached",59,"Scss","Unabsorbed Inventory"
"35535",1993-06-01,"Jun 1993","Row",67,"Scss","Unabsorbed Inventory"
"35535",1993-06-01,"Jun 1993","Apartment",1512,"Scss","Unabsorbed Inventory"
"35535",1993-06-01,"Jun 1993","All",1960,"Scss","Unabsorbed Inventory"
"35535",1993-07-01,"Jul 1993","Single",324,"Scss","Unabsorbed Inventory"
"35535",1993-07-01,"Jul 1993","Semi-Detached",60,"Scss","Unabsorbed Inventory"
"35535",1993-07-01,"Jul 1993","Row",61,"Scss","Unabsorbed Inventory"
"35535",1993-07-01,"Jul 1993","Apartment",1404,"Scss","Unabsorbed Inventory"
"35535",1993-07-01,"Jul 1993","All",1849,"Scss","Unabsorbed Inventory"
"35535",1993-08-01,"Aug 1993","Single",312,"Scss","Unabsorbed Inventory"
"35535",1993-08-01,"Aug 1993","Semi-Detached",63,"Scss","Unabsorbed Inventory"
"35535",1993-08-01,"Aug 1993","Row",73,"Scss","Unabsorbed Inventory"
"35535",1993-08-01,"Aug 1993","Apartment",1257,"Scss","Unabsorbed Inventory"
"35535",1993-08-01,"Aug 1993","All",1705,"Scss","Unabsorbed Inventory"
"35535",1993-09-01,"Sep 1993","Single",344,"Scss","Unabsorbed Inventory"
"35535",1993-09-01,"Sep 1993","Semi-Detached",68,"Scss","Unabsorbed Inventory"
"35535",1993-09-01,"Sep 1993","Row",91,"Scss","Unabsorbed Inventory"
"35535",1993-09-01,"Sep 1993","Apartment",1270,"Scss","Unabsorbed Inventory"
"35535",1993-09-01,"Sep 1993","All",1773,"Scss","Unabsorbed Inventory"
"35535",1993-10-01,"Oct 1993","Single",353,"Scss","Unabsorbed Inventory"
"35535",1993-10-01,"Oct 1993","Semi-Detached",74,"Scss","Unabsorbed Inventory"
"35535",1993-10-01,"Oct 1993","Row",84,"Scss","Unabsorbed Inventory"
"35535",1993-10-01,"Oct 1993","Apartment",1154,"Scss","Unabsorbed Inventory"
"35535",1993-10-01,"Oct 1993","All",1665,"Scss","Unabsorbed Inventory"
"35535",1993-11-01,"Nov 1993","Single",386,"Scss","Unabsorbed Inventory"
"35535",1993-11-01,"Nov 1993","Semi-Detached",84,"Scss","Unabsorbed Inventory"
"35535",1993-11-01,"Nov 1993","Row",109,"Scss","Unabsorbed Inventory"
"35535",1993-11-01,"Nov 1993","Apartment",1129,"Scss","Unabsorbed Inventory"
"35535",1993-11-01,"Nov 1993","All",1708,"Scss","Unabsorbed Inventory"
"35535",1993-12-01,"Dec 1993","Single",357,"Scss","Unabsorbed Inventory"
"35535",1993-12-01,"Dec 1993","Semi-Detached",90,"Scss","Unabsorbed Inventory"
"35535",1993-12-01,"Dec 1993","Row",89,"Scss","Unabsorbed Inventory"
"35535",1993-12-01,"Dec 1993","Apartment",1121,"Scss","Unabsorbed Inventory"
"35535",1993-12-01,"Dec 1993","All",1657,"Scss","Unabsorbed Inventory"
"35535",1994-01-01,"Jan 1994","Single",352,"Scss","Unabsorbed Inventory"
"35535",1994-01-01,"Jan 1994","Semi-Detached",126,"Scss","Unabsorbed Inventory"
"35535",1994-01-01,"Jan 1994","Row",93,"Scss","Unabsorbed Inventory"
"35535",1994-01-01,"Jan 1994","Apartment",1047,"Scss","Unabsorbed Inventory"
"35535",1994-01-01,"Jan 1994","All",1618,"Scss","Unabsorbed Inventory"
"35535",1994-02-01,"Feb 1994","Single",339,"Scss","Unabsorbed Inventory"
"35535",1994-02-01,"Feb 1994","Semi-Detached",116,"Scss","Unabsorbed Inventory"
"35535",1994-02-01,"Feb 1994","Row",71,"Scss","Unabsorbed Inventory"
"35535",1994-02-01,"Feb 1994","Apartment",1007,"Scss","Unabsorbed Inventory"
"35535",1994-02-01,"Feb 1994","All",1533,"Scss","Unabsorbed Inventory"
"35535",1994-03-01,"Mar 1994","Single",318,"Scss","Unabsorbed Inventory"
"35535",1994-03-01,"Mar 1994","Semi-Detached",123,"Scss","Unabsorbed Inventory"
"35535",1994-03-01,"Mar 1994","Row",84,"Scss","Unabsorbed Inventory"
"35535",1994-03-01,"Mar 1994","Apartment",1075,"Scss","Unabsorbed Inventory"
"35535",1994-03-01,"Mar 1994","All",1600,"Scss","Unabsorbed Inventory"
"35535",1994-04-01,"Apr 1994","Single",354,"Scss","Unabsorbed Inventory"
"35535",1994-04-01,"Apr 1994","Semi-Detached",119,"Scss","Unabsorbed Inventory"
"35535",1994-04-01,"Apr 1994","Row",53,"Scss","Unabsorbed Inventory"
"35535",1994-04-01,"Apr 1994","Apartment",1069,"Scss","Unabsorbed Inventory"
"35535",1994-04-01,"Apr 1994","All",1595,"Scss","Unabsorbed Inventory"
"35535",1994-05-01,"May 1994","Single",399,"Scss","Unabsorbed Inventory"
"35535",1994-05-01,"May 1994","Semi-Detached",119,"Scss","Unabsorbed Inventory"
"35535",1994-05-01,"May 1994","Row",49,"Scss","Unabsorbed Inventory"
"35535",1994-05-01,"May 1994","Apartment",993,"Scss","Unabsorbed Inventory"
"35535",1994-05-01,"May 1994","All",1560,"Scss","Unabsorbed Inventory"
"35535",1994-06-01,"Jun 1994","Single",370,"Scss","Unabsorbed Inventory"
"35535",1994-06-01,"Jun 1994","Semi-Detached",63,"Scss","Unabsorbed Inventory"
"35535",1994-06-01,"Jun 1994","Row",43,"Scss","Unabsorbed Inventory"
"35535",1994-06-01,"Jun 1994","Apartment",941,"Scss","Unabsorbed Inventory"
"35535",1994-06-01,"Jun 1994","All",1417,"Scss","Unabsorbed Inventory"
"35535",1994-07-01,"Jul 1994","Single",308,"Scss","Unabsorbed Inventory"
"35535",1994-07-01,"Jul 1994","Semi-Detached",60,"Scss","Unabsorbed Inventory"
"35535",1994-07-01,"Jul 1994","Row",48,"Scss","Unabsorbed Inventory"
"35535",1994-07-01,"Jul 1994","Apartment",913,"Scss","Unabsorbed Inventory"
"35535",1994-07-01,"Jul 1994","All",1329,"Scss","Unabsorbed Inventory"
"35535",1994-08-01,"Aug 1994","Single",349,"Scss","Unabsorbed Inventory"
"35535",1994-08-01,"Aug 1994","Semi-Detached",53,"Scss","Unabsorbed Inventory"
"35535",1994-08-01,"Aug 1994","Row",51,"Scss","Unabsorbed Inventory"
"35535",1994-08-01,"Aug 1994","Apartment",871,"Scss","Unabsorbed Inventory"
"35535",1994-08-01,"Aug 1994","All",1324,"Scss","Unabsorbed Inventory"
"35535",1994-09-01,"Sep 1994","Single",328,"Scss","Unabsorbed Inventory"
"35535",1994-09-01,"Sep 1994","Semi-Detached",59,"Scss","Unabsorbed Inventory"
"35535",1994-09-01,"Sep 1994","Row",54,"Scss","Unabsorbed Inventory"
"35535",1994-09-01,"Sep 1994","Apartment",856,"Scss","Unabsorbed Inventory"
"35535",1994-09-01,"Sep 1994","All",1297,"Scss","Unabsorbed Inventory"
"35535",1994-10-01,"Oct 1994","Single",434,"Scss","Unabsorbed Inventory"
"35535",1994-10-01,"Oct 1994","Semi-Detached",62,"Scss","Unabsorbed Inventory"
"35535",1994-10-01,"Oct 1994","Row",44,"Scss","Unabsorbed Inventory"
"35535",1994-10-01,"Oct 1994","Apartment",813,"Scss","Unabsorbed Inventory"
"35535",1994-10-01,"Oct 1994","All",1353,"Scss","Unabsorbed Inventory"
"35535",1994-11-01,"Nov 1994","Single",407,"Scss","Unabsorbed Inventory"
"35535",1994-11-01,"Nov 1994","Semi-Detached",85,"Scss","Unabsorbed Inventory"
"35535",1994-11-01,"Nov 1994","Row",60,"Scss","Unabsorbed Inventory"
"35535",1994-11-01,"Nov 1994","Apartment",781,"Scss","Unabsorbed Inventory"
"35535",1994-11-01,"Nov 1994","All",1333,"Scss","Unabsorbed Inventory"
"35535",1994-12-01,"Dec 1994","Single",392,"Scss","Unabsorbed Inventory"
"35535",1994-12-01,"Dec 1994","Semi-Detached",91,"Scss","Unabsorbed Inventory"
"35535",1994-12-01,"Dec 1994","Row",70,"Scss","Unabsorbed Inventory"
"35535",1994-12-01,"Dec 1994","Apartment",758,"Scss","Unabsorbed Inventory"
"35535",1994-12-01,"Dec 1994","All",1311,"Scss","Unabsorbed Inventory"
"35535",1995-01-01,"Jan 1995","Single",369,"Scss","Unabsorbed Inventory"
"35535",1995-01-01,"Jan 1995","Semi-Detached",89,"Scss","Unabsorbed Inventory"
"35535",1995-01-01,"Jan 1995","Row",104,"Scss","Unabsorbed Inventory"
"35535",1995-01-01,"Jan 1995","Apartment",748,"Scss","Unabsorbed Inventory"
"35535",1995-01-01,"Jan 1995","All",1310,"Scss","Unabsorbed Inventory"
"35535",1995-02-01,"Feb 1995","Single",440,"Scss","Unabsorbed Inventory"
"35535",1995-02-01,"Feb 1995","Semi-Detached",97,"Scss","Unabsorbed Inventory"
"35535",1995-02-01,"Feb 1995","Row",107,"Scss","Unabsorbed Inventory"
"35535",1995-02-01,"Feb 1995","Apartment",754,"Scss","Unabsorbed Inventory"
"35535",1995-02-01,"Feb 1995","All",1398,"Scss","Unabsorbed Inventory"
"35535",1995-03-01,"Mar 1995","Single",460,"Scss","Unabsorbed Inventory"
"35535",1995-03-01,"Mar 1995","Semi-Detached",96,"Scss","Unabsorbed Inventory"
"35535",1995-03-01,"Mar 1995","Row",90,"Scss","Unabsorbed Inventory"
"35535",1995-03-01,"Mar 1995","Apartment",719,"Scss","Unabsorbed Inventory"
"35535",1995-03-01,"Mar 1995","All",1365,"Scss","Unabsorbed Inventory"
"35535",1995-04-01,"Apr 1995","Single",455,"Scss","Unabsorbed Inventory"
"35535",1995-04-01,"Apr 1995","Semi-Detached",105,"Scss","Unabsorbed Inventory"
"35535",1995-04-01,"Apr 1995","Row",89,"Scss","Unabsorbed Inventory"
"35535",1995-04-01,"Apr 1995","Apartment",753,"Scss","Unabsorbed Inventory"
"35535",1995-04-01,"Apr 1995","All",1402,"Scss","Unabsorbed Inventory"
"35535",1995-05-01,"May 1995","Single",443,"Scss","Unabsorbed Inventory"
"35535",1995-05-01,"May 1995","Semi-Detached",107,"Scss","Unabsorbed Inventory"
"35535",1995-05-01,"May 1995","Row",91,"Scss","Unabsorbed Inventory"
"35535",1995-05-01,"May 1995","Apartment",718,"Scss","Unabsorbed Inventory"
"35535",1995-05-01,"May 1995","All",1359,"Scss","Unabsorbed Inventory"
"35535",1995-06-01,"Jun 1995","Single",459,"Scss","Unabsorbed Inventory"
"35535",1995-06-01,"Jun 1995","Semi-Detached",117,"Scss","Unabsorbed Inventory"
"35535",1995-06-01,"Jun 1995","Row",99,"Scss","Unabsorbed Inventory"
"35535",1995-06-01,"Jun 1995","Apartment",705,"Scss","Unabsorbed Inventory"
"35535",1995-06-01,"Jun 1995","All",1380,"Scss","Unabsorbed Inventory"
"35535",1995-07-01,"Jul 1995","Single",473,"Scss","Unabsorbed Inventory"
"35535",1995-07-01,"Jul 1995","Semi-Detached",112,"Scss","Unabsorbed Inventory"
"35535",1995-07-01,"Jul 1995","Row",93,"Scss","Unabsorbed Inventory"
"35535",1995-07-01,"Jul 1995","Apartment",755,"Scss","Unabsorbed Inventory"
"35535",1995-07-01,"Jul 1995","All",1433,"Scss","Unabsorbed Inventory"
"35535",1995-08-01,"Aug 1995","Single",497,"Scss","Unabsorbed Inventory"
"35535",1995-08-01,"Aug 1995","Semi-Detached",104,"Scss","Unabsorbed Inventory"
"35535",1995-08-01,"Aug 1995","Row",96,"Scss","Unabsorbed Inventory"
"35535",1995-08-01,"Aug 1995","Apartment",707,"Scss","Unabsorbed Inventory"
"35535",1995-08-01,"Aug 1995","All",1404,"Scss","Unabsorbed Inventory"
"35535",1995-09-01,"Sep 1995","Single",532,"Scss","Unabsorbed Inventory"
"35535",1995-09-01,"Sep 1995","Semi-Detached",103,"Scss","Unabsorbed Inventory"
"35535",1995-09-01,"Sep 1995","Row",90,"Scss","Unabsorbed Inventory"
"35535",1995-09-01,"Sep 1995","Apartment",729,"Scss","Unabsorbed Inventory"
"35535",1995-09-01,"Sep 1995","All",1454,"Scss","Unabsorbed Inventory"
"35535",1995-10-01,"Oct 1995","Single",515,"Scss","Unabsorbed Inventory"
"35535",1995-10-01,"Oct 1995","Semi-Detached",131,"Scss","Unabsorbed Inventory"
"35535",1995-10-01,"Oct 1995","Row",97,"Scss","Unabsorbed Inventory"
"35535",1995-10-01,"Oct 1995","Apartment",739,"Scss","Unabsorbed Inventory"
"35535",1995-10-01,"Oct 1995","All",1482,"Scss","Unabsorbed Inventory"
"35535",1995-11-01,"Nov 1995","Single",488,"Scss","Unabsorbed Inventory"
"35535",1995-11-01,"Nov 1995","Semi-Detached",137,"Scss","Unabsorbed Inventory"
"35535",1995-11-01,"Nov 1995","Row",97,"Scss","Unabsorbed Inventory"
"35535",1995-11-01,"Nov 1995","Apartment",705,"Scss","Unabsorbed Inventory"
"35535",1995-11-01,"Nov 1995","All",1427,"Scss","Unabsorbed Inventory"
"35535",1995-12-01,"Dec 1995","Single",529,"Scss","Unabsorbed Inventory"
"35535",1995-12-01,"Dec 1995","Semi-Detached",145,"Scss","Unabsorbed Inventory"
"35535",1995-12-01,"Dec 1995","Row",122,"Scss","Unabsorbed Inventory"
"35535",1995-12-01,"Dec 1995","Apartment",694,"Scss","Unabsorbed Inventory"
"35535",1995-12-01,"Dec 1995","All",1490,"Scss","Unabsorbed Inventory"
"35535",1996-01-01,"Jan 1996","Single",529,"Scss","Unabsorbed Inventory"
"35535",1996-01-01,"Jan 1996","Semi-Detached",150,"Scss","Unabsorbed Inventory"
"35535",1996-01-01,"Jan 1996","Row",97,"Scss","Unabsorbed Inventory"
"35535",1996-01-01,"Jan 1996","Apartment",674,"Scss","Unabsorbed Inventory"
"35535",1996-01-01,"Jan 1996","All",1450,"Scss","Unabsorbed Inventory"
"35535",1996-02-01,"Feb 1996","Single",516,"Scss","Unabsorbed Inventory"
"35535",1996-02-01,"Feb 1996","Semi-Detached",152,"Scss","Unabsorbed Inventory"
"35535",1996-02-01,"Feb 1996","Row",103,"Scss","Unabsorbed Inventory"
"35535",1996-02-01,"Feb 1996","Apartment",797,"Scss","Unabsorbed Inventory"
"35535",1996-02-01,"Feb 1996","All",1568,"Scss","Unabsorbed Inventory"
"35535",1996-03-01,"Mar 1996","Single",513,"Scss","Unabsorbed Inventory"
"35535",1996-03-01,"Mar 1996","Semi-Detached",151,"Scss","Unabsorbed Inventory"
"35535",1996-03-01,"Mar 1996","Row",67,"Scss","Unabsorbed Inventory"
"35535",1996-03-01,"Mar 1996","Apartment",776,"Scss","Unabsorbed Inventory"
"35535",1996-03-01,"Mar 1996","All",1507,"Scss","Unabsorbed Inventory"
"35535",1996-04-01,"Apr 1996","Single",484,"Scss","Unabsorbed Inventory"
"35535",1996-04-01,"Apr 1996","Semi-Detached",92,"Scss","Unabsorbed Inventory"
"35535",1996-04-01,"Apr 1996","Row",54,"Scss","Unabsorbed Inventory"
"35535",1996-04-01,"Apr 1996","Apartment",757,"Scss","Unabsorbed Inventory"
"35535",1996-04-01,"Apr 1996","All",1387,"Scss","Unabsorbed Inventory"
"35535",1996-05-01,"May 1996","Single",440,"Scss","Unabsorbed Inventory"
"35535",1996-05-01,"May 1996","Semi-Detached",97,"Scss","Unabsorbed Inventory"
"35535",1996-05-01,"May 1996","Row",54,"Scss","Unabsorbed Inventory"
"35535",1996-05-01,"May 1996","Apartment",673,"Scss","Unabsorbed Inventory"
"35535",1996-05-01,"May 1996","All",1264,"Scss","Unabsorbed Inventory"
"35535",1996-06-01,"Jun 1996","Single",448,"Scss","Unabsorbed Inventory"
"35535",1996-06-01,"Jun 1996","Semi-Detached",100,"Scss","Unabsorbed Inventory"
"35535",1996-06-01,"Jun 1996","Row",83,"Scss","Unabsorbed Inventory"
"35535",1996-06-01,"Jun 1996","Apartment",623,"Scss","Unabsorbed Inventory"
"35535",1996-06-01,"Jun 1996","All",1254,"Scss","Unabsorbed Inventory"
"35535",1996-07-01,"Jul 1996","Single",430,"Scss","Unabsorbed Inventory"
"35535",1996-07-01,"Jul 1996","Semi-Detached",102,"Scss","Unabsorbed Inventory"
"35535",1996-07-01,"Jul 1996","Row",65,"Scss","Unabsorbed Inventory"
"35535",1996-07-01,"Jul 1996","Apartment",582,"Scss","Unabsorbed Inventory"
"35535",1996-07-01,"Jul 1996","All",1179,"Scss","Unabsorbed Inventory"
"35535",1996-08-01,"Aug 1996","Single",406,"Scss","Unabsorbed Inventory"
"35535",1996-08-01,"Aug 1996","Semi-Detached",96,"Scss","Unabsorbed Inventory"
"35535",1996-08-01,"Aug 1996","Row",56,"Scss","Unabsorbed Inventory"
"35535",1996-08-01,"Aug 1996","Apartment",559,"Scss","Unabsorbed Inventory"
"35535",1996-08-01,"Aug 1996","All",1117,"Scss","Unabsorbed Inventory"
"35535",1996-09-01,"Sep 1996","Single",433,"Scss","Unabsorbed Inventory"
"35535",1996-09-01,"Sep 1996","Semi-Detached",106,"Scss","Unabsorbed Inventory"
"35535",1996-09-01,"Sep 1996","Row",53,"Scss","Unabsorbed Inventory"
"35535",1996-09-01,"Sep 1996","Apartment",514,"Scss","Unabsorbed Inventory"
"35535",1996-09-01,"Sep 1996","All",1106,"Scss","Unabsorbed Inventory"
"35535",1996-10-01,"Oct 1996","Single",434,"Scss","Unabsorbed Inventory"
"35535",1996-10-01,"Oct 1996","Semi-Detached",107,"Scss","Unabsorbed Inventory"
"35535",1996-10-01,"Oct 1996","Row",60,"Scss","Unabsorbed Inventory"
"35535",1996-10-01,"Oct 1996","Apartment",445,"Scss","Unabsorbed Inventory"
"35535",1996-10-01,"Oct 1996","All",1046,"Scss","Unabsorbed Inventory"
"35535",1996-11-01,"Nov 1996","Single",412,"Scss","Unabsorbed Inventory"
"35535",1996-11-01,"Nov 1996","Semi-Detached",121,"Scss","Unabsorbed Inventory"
"35535",1996-11-01,"Nov 1996","Row",43,"Scss","Unabsorbed Inventory"
"35535",1996-11-01,"Nov 1996","Apartment",408,"Scss","Unabsorbed Inventory"
"35535",1996-11-01,"Nov 1996","All",984,"Scss","Unabsorbed Inventory"
"35535",1996-12-01,"Dec 1996","Single",434,"Scss","Unabsorbed Inventory"
"35535",1996-12-01,"Dec 1996","Semi-Detached",141,"Scss","Unabsorbed Inventory"
"35535",1996-12-01,"Dec 1996","Row",99,"Scss","Unabsorbed Inventory"
"35535",1996-12-01,"Dec 1996","Apartment",484,"Scss","Unabsorbed Inventory"
"35535",1996-12-01,"Dec 1996","All",1158,"Scss","Unabsorbed Inventory"
"35535",1997-01-01,"Jan 1997","Single",421,"Scss","Unabsorbed Inventory"
"35535",1997-01-01,"Jan 1997","Semi-Detached",143,"Scss","Unabsorbed Inventory"
"35535",1997-01-01,"Jan 1997","Row",107,"Scss","Unabsorbed Inventory"
"35535",1997-01-01,"Jan 1997","Apartment",495,"Scss","Unabsorbed Inventory"
"35535",1997-01-01,"Jan 1997","All",1166,"Scss","Unabsorbed Inventory"
"35535",1997-02-01,"Feb 1997","Single",438,"Scss","Unabsorbed Inventory"
"35535",1997-02-01,"Feb 1997","Semi-Detached",151,"Scss","Unabsorbed Inventory"
"35535",1997-02-01,"Feb 1997","Row",84,"Scss","Unabsorbed Inventory"
"35535",1997-02-01,"Feb 1997","Apartment",431,"Scss","Unabsorbed Inventory"
"35535",1997-02-01,"Feb 1997","All",1104,"Scss","Unabsorbed Inventory"
"35535",1997-03-01,"Mar 1997","Single",397,"Scss","Unabsorbed Inventory"
"35535",1997-03-01,"Mar 1997","Semi-Detached",137,"Scss","Unabsorbed Inventory"
"35535",1997-03-01,"Mar 1997","Row",76,"Scss","Unabsorbed Inventory"
"35535",1997-03-01,"Mar 1997","Apartment",415,"Scss","Unabsorbed Inventory"
"35535",1997-03-01,"Mar 1997","All",1025,"Scss","Unabsorbed Inventory"
"35535",1997-04-01,"Apr 1997","Single",368,"Scss","Unabsorbed Inventory"
"35535",1997-04-01,"Apr 1997","Semi-Detached",138,"Scss","Unabsorbed Inventory"
"35535",1997-04-01,"Apr 1997","Row",92,"Scss","Unabsorbed Inventory"
"35535",1997-04-01,"Apr 1997","Apartment",401,"Scss","Unabsorbed Inventory"
"35535",1997-04-01,"Apr 1997","All",999,"Scss","Unabsorbed Inventory"
"35535",1997-05-01,"May 1997","Single",346,"Scss","Unabsorbed Inventory"
"35535",1997-05-01,"May 1997","Semi-Detached",119,"Scss","Unabsorbed Inventory"
"35535",1997-05-01,"May 1997","Row",66,"Scss","Unabsorbed Inventory"
"35535",1997-05-01,"May 1997","Apartment",367,"Scss","Unabsorbed Inventory"
"35535",1997-05-01,"May 1997","All",898,"Scss","Unabsorbed Inventory"
"35535",1997-06-01,"Jun 1997","Single",330,"Scss","Unabsorbed Inventory"
"35535",1997-06-01,"Jun 1997","Semi-Detached",128,"Scss","Unabsorbed Inventory"
"35535",1997-06-01,"Jun 1997","Row",86,"Scss","Unabsorbed Inventory"
"35535",1997-06-01,"Jun 1997","Apartment",328,"Scss","Unabsorbed Inventory"
"35535",1997-06-01,"Jun 1997","All",872,"Scss","Unabsorbed Inventory"
"35535",1997-07-01,"Jul 1997","Single",334,"Scss","Unabsorbed Inventory"
"35535",1997-07-01,"Jul 1997","Semi-Detached",115,"Scss","Unabsorbed Inventory"
"35535",1997-07-01,"Jul 1997","Row",71,"Scss","Unabsorbed Inventory"
"35535",1997-07-01,"Jul 1997","Apartment",288,"Scss","Unabsorbed Inventory"
"35535",1997-07-01,"Jul 1997","All",808,"Scss","Unabsorbed Inventory"
"35535",1997-08-01,"Aug 1997","Single",313,"Scss","Unabsorbed Inventory"
"35535",1997-08-01,"Aug 1997","Semi-Detached",109,"Scss","Unabsorbed Inventory"
"35535",1997-08-01,"Aug 1997","Row",88,"Scss","Unabsorbed Inventory"
"35535",1997-08-01,"Aug 1997","Apartment",255,"Scss","Unabsorbed Inventory"
"35535",1997-08-01,"Aug 1997","All",765,"Scss","Unabsorbed Inventory"
"35535",1997-09-01,"Sep 1997","Single",293,"Scss","Unabsorbed Inventory"
"35535",1997-09-01,"Sep 1997","Semi-Detached",105,"Scss","Unabsorbed Inventory"
"35535",1997-09-01,"Sep 1997","Row",72,"Scss","Unabsorbed Inventory"
"35535",1997-09-01,"Sep 1997","Apartment",233,"Scss","Unabsorbed Inventory"
"35535",1997-09-01,"Sep 1997","All",703,"Scss","Unabsorbed Inventory"
"35535",1997-10-01,"Oct 1997","Single",301,"Scss","Unabsorbed Inventory"
"35535",1997-10-01,"Oct 1997","Semi-Detached",90,"Scss","Unabsorbed Inventory"
"35535",1997-10-01,"Oct 1997","Row",71,"Scss","Unabsorbed Inventory"
"35535",1997-10-01,"Oct 1997","Apartment",303,"Scss","Unabsorbed Inventory"
"35535",1997-10-01,"Oct 1997","All",765,"Scss","Unabsorbed Inventory"
"35535",1997-11-01,"Nov 1997","Single",309,"Scss","Unabsorbed Inventory"
"35535",1997-11-01,"Nov 1997","Semi-Detached",96,"Scss","Unabsorbed Inventory"
"35535",1997-11-01,"Nov 1997","Row",88,"Scss","Unabsorbed Inventory"
"35535",1997-11-01,"Nov 1997","Apartment",286,"Scss","Unabsorbed Inventory"
"35535",1997-11-01,"Nov 1997","All",779,"Scss","Unabsorbed Inventory"
"35535",1997-12-01,"Dec 1997","Single",324,"Scss","Unabsorbed Inventory"
"35535",1997-12-01,"Dec 1997","Semi-Detached",113,"Scss","Unabsorbed Inventory"
"35535",1997-12-01,"Dec 1997","Row",140,"Scss","Unabsorbed Inventory"
"35535",1997-12-01,"Dec 1997","Apartment",303,"Scss","Unabsorbed Inventory"
"35535",1997-12-01,"Dec 1997","All",880,"Scss","Unabsorbed Inventory"
"35535",1998-01-01,"Jan 1998","Single",330,"Scss","Unabsorbed Inventory"
"35535",1998-01-01,"Jan 1998","Semi-Detached",121,"Scss","Unabsorbed Inventory"
"35535",1998-01-01,"Jan 1998","Row",127,"Scss","Unabsorbed Inventory"
"35535",1998-01-01,"Jan 1998","Apartment",266,"Scss","Unabsorbed Inventory"
"35535",1998-01-01,"Jan 1998","All",844,"Scss","Unabsorbed Inventory"
"35535",1998-02-01,"Feb 1998","Single",346,"Scss","Unabsorbed Inventory"
"35535",1998-02-01,"Feb 1998","Semi-Detached",114,"Scss","Unabsorbed Inventory"
"35535",1998-02-01,"Feb 1998","Row",113,"Scss","Unabsorbed Inventory"
"35535",1998-02-01,"Feb 1998","Apartment",265,"Scss","Unabsorbed Inventory"
"35535",1998-02-01,"Feb 1998","All",838,"Scss","Unabsorbed Inventory"
"35535",1998-03-01,"Mar 1998","Single",355,"Scss","Unabsorbed Inventory"
"35535",1998-03-01,"Mar 1998","Semi-Detached",103,"Scss","Unabsorbed Inventory"
"35535",1998-03-01,"Mar 1998","Row",174,"Scss","Unabsorbed Inventory"
"35535",1998-03-01,"Mar 1998","Apartment",452,"Scss","Unabsorbed Inventory"
"35535",1998-03-01,"Mar 1998","All",1084,"Scss","Unabsorbed Inventory"
"35535",1998-04-01,"Apr 1998","Single",334,"Scss","Unabsorbed Inventory"
"35535",1998-04-01,"Apr 1998","Semi-Detached",97,"Scss","Unabsorbed Inventory"
"35535",1998-04-01,"Apr 1998","Row",138,"Scss","Unabsorbed Inventory"
"35535",1998-04-01,"Apr 1998","Apartment",405,"Scss","Unabsorbed Inventory"
"35535",1998-04-01,"Apr 1998","All",974,"Scss","Unabsorbed Inventory"
"35535",1998-05-01,"May 1998","Single",336,"Scss","Unabsorbed Inventory"
"35535",1998-05-01,"May 1998","Semi-Detached",92,"Scss","Unabsorbed Inventory"
"35535",1998-05-01,"May 1998","Row",153,"Scss","Unabsorbed Inventory"
"35535",1998-05-01,"May 1998","Apartment",371,"Scss","Unabsorbed Inventory"
"35535",1998-05-01,"May 1998","All",952,"Scss","Unabsorbed Inventory"
"35535",1998-06-01,"Jun 1998","Single",286,"Scss","Unabsorbed Inventory"
"35535",1998-06-01,"Jun 1998","Semi-Detached",66,"Scss","Unabsorbed Inventory"
"35535",1998-06-01,"Jun 1998","Row",184,"Scss","Unabsorbed Inventory"
"35535",1998-06-01,"Jun 1998","Apartment",379,"Scss","Unabsorbed Inventory"
"35535",1998-06-01,"Jun 1998","All",915,"Scss","Unabsorbed Inventory"
"35535",1998-07-01,"Jul 1998","Single",280,"Scss","Unabsorbed Inventory"
"35535",1998-07-01,"Jul 1998","Semi-Detached",55,"Scss","Unabsorbed Inventory"
"35535",1998-07-01,"Jul 1998","Row",200,"Scss","Unabsorbed Inventory"
"35535",1998-07-01,"Jul 1998","Apartment",354,"Scss","Unabsorbed Inventory"
"35535",1998-07-01,"Jul 1998","All",889,"Scss","Unabsorbed Inventory"
"35535",1998-08-01,"Aug 1998","Single",266,"Scss","Unabsorbed Inventory"
"35535",1998-08-01,"Aug 1998","Semi-Detached",72,"Scss","Unabsorbed Inventory"
"35535",1998-08-01,"Aug 1998","Row",246,"Scss","Unabsorbed Inventory"
"35535",1998-08-01,"Aug 1998","Apartment",334,"Scss","Unabsorbed Inventory"
"35535",1998-08-01,"Aug 1998","All",918,"Scss","Unabsorbed Inventory"
"35535",1998-09-01,"Sep 1998","Single",275,"Scss","Unabsorbed Inventory"
"35535",1998-09-01,"Sep 1998","Semi-Detached",80,"Scss","Unabsorbed Inventory"
"35535",1998-09-01,"Sep 1998","Row",268,"Scss","Unabsorbed Inventory"
"35535",1998-09-01,"Sep 1998","Apartment",316,"Scss","Unabsorbed Inventory"
"35535",1998-09-01,"Sep 1998","All",939,"Scss","Unabsorbed Inventory"
"35535",1998-10-01,"Oct 1998","Single",259,"Scss","Unabsorbed Inventory"
"35535",1998-10-01,"Oct 1998","Semi-Detached",96,"Scss","Unabsorbed Inventory"
"35535",1998-10-01,"Oct 1998","Row",288,"Scss","Unabsorbed Inventory"
"35535",1998-10-01,"Oct 1998","Apartment",288,"Scss","Unabsorbed Inventory"
"35535",1998-10-01,"Oct 1998","All",931,"Scss","Unabsorbed Inventory"
"35535",1998-11-01,"Nov 1998","Single",235,"Scss","Unabsorbed Inventory"
"35535",1998-11-01,"Nov 1998","Semi-Detached",102,"Scss","Unabsorbed Inventory"
"35535",1998-11-01,"Nov 1998","Row",227,"Scss","Unabsorbed Inventory"
"35535",1998-11-01,"Nov 1998","Apartment",264,"Scss","Unabsorbed Inventory"
"35535",1998-11-01,"Nov 1998","All",828,"Scss","Unabsorbed Inventory"
"35535",1998-12-01,"Dec 1998","Single",243,"Scss","Unabsorbed Inventory"
"35535",1998-12-01,"Dec 1998","Semi-Detached",106,"Scss","Unabsorbed Inventory"
"35535",1998-12-01,"Dec 1998","Row",240,"Scss","Unabsorbed Inventory"
"35535",1998-12-01,"Dec 1998","Apartment",354,"Scss","Unabsorbed Inventory"
"35535",1998-12-01,"Dec 1998","All",943,"Scss","Unabsorbed Inventory"
"35535",1999-01-01,"Jan 1999","Single",254,"Scss","Unabsorbed Inventory"
"35535",1999-01-01,"Jan 1999","Semi-Detached",117,"Scss","Unabsorbed Inventory"
"35535",1999-01-01,"Jan 1999","Row",276,"Scss","Unabsorbed Inventory"
"35535",1999-01-01,"Jan 1999","Apartment",302,"Scss","Unabsorbed Inventory"
"35535",1999-01-01,"Jan 1999","All",949,"Scss","Unabsorbed Inventory"
"35535",1999-02-01,"Feb 1999","Single",281,"Scss","Unabsorbed Inventory"
"35535",1999-02-01,"Feb 1999","Semi-Detached",155,"Scss","Unabsorbed Inventory"
"35535",1999-02-01,"Feb 1999","Row",271,"Scss","Unabsorbed Inventory"
"35535",1999-02-01,"Feb 1999","Apartment",362,"Scss","Unabsorbed Inventory"
"35535",1999-02-01,"Feb 1999","All",1069,"Scss","Unabsorbed Inventory"
"35535",1999-03-01,"Mar 1999","Single",315,"Scss","Unabsorbed Inventory"
"35535",1999-03-01,"Mar 1999","Semi-Detached",133,"Scss","Unabsorbed Inventory"
"35535",1999-03-01,"Mar 1999","Row",203,"Scss","Unabsorbed Inventory"
"35535",1999-03-01,"Mar 1999","Apartment",422,"Scss","Unabsorbed Inventory"
"35535",1999-03-01,"Mar 1999","All",1073,"Scss","Unabsorbed Inventory"
"35535",1999-04-01,"Apr 1999","Single",370,"Scss","Unabsorbed Inventory"
"35535",1999-04-01,"Apr 1999","Semi-Detached",108,"Scss","Unabsorbed Inventory"
"35535",1999-04-01,"Apr 1999","Row",215,"Scss","Unabsorbed Inventory"
"35535",1999-04-01,"Apr 1999","Apartment",354,"Scss","Unabsorbed Inventory"
"35535",1999-04-01,"Apr 1999","All",1047,"Scss","Unabsorbed Inventory"
"35535",1999-05-01,"May 1999","Single",441,"Scss","Unabsorbed Inventory"
"35535",1999-05-01,"May 1999","Semi-Detached",113,"Scss","Unabsorbed Inventory"
"35535",1999-05-01,"May 1999","Row",132,"Scss","Unabsorbed Inventory"
"35535",1999-05-01,"May 1999","Apartment",296,"Scss","Unabsorbed Inventory"
"35535",1999-05-01,"May 1999","All",982,"Scss","Unabsorbed Inventory"
"35535",1999-06-01,"Jun 1999","Single",540,"Scss","Unabsorbed Inventory"
"35535",1999-06-01,"Jun 1999","Semi-Detached",125,"Scss","Unabsorbed Inventory"
"35535",1999-06-01,"Jun 1999","Row",152,"Scss","Unabsorbed Inventory"
"35535",1999-06-01,"Jun 1999","Apartment",285,"Scss","Unabsorbed Inventory"
"35535",1999-06-01,"Jun 1999","All",1102,"Scss","Unabsorbed Inventory"
"35535",1999-07-01,"Jul 1999","Single",559,"Scss","Unabsorbed Inventory"
"35535",1999-07-01,"Jul 1999","Semi-Detached",118,"Scss","Unabsorbed Inventory"
"35535",1999-07-01,"Jul 1999","Row",188,"Scss","Unabsorbed Inventory"
"35535",1999-07-01,"Jul 1999","Apartment",265,"Scss","Unabsorbed Inventory"
"35535",1999-07-01,"Jul 1999","All",1130,"Scss","Unabsorbed Inventory"
"35535",1999-08-01,"Aug 1999","Single",437,"Scss","Unabsorbed Inventory"
"35535",1999-08-01,"Aug 1999","Semi-Detached",125,"Scss","Unabsorbed Inventory"
"35535",1999-08-01,"Aug 1999","Row",349,"Scss","Unabsorbed Inventory"
"35535",1999-08-01,"Aug 1999","Apartment",243,"Scss","Unabsorbed Inventory"
"35535",1999-08-01,"Aug 1999","All",1154,"Scss","Unabsorbed Inventory"
"35535",1999-09-01,"Sep 1999","Single",439,"Scss","Unabsorbed Inventory"
"35535",1999-09-01,"Sep 1999","Semi-Detached",110,"Scss","Unabsorbed Inventory"
"35535",1999-09-01,"Sep 1999","Row",365,"Scss","Unabsorbed Inventory"
"35535",1999-09-01,"Sep 1999","Apartment",260,"Scss","Unabsorbed Inventory"
"35535",1999-09-01,"Sep 1999","All",1174,"Scss","Unabsorbed Inventory"
"35535",1999-10-01,"Oct 1999","Single",451,"Scss","Unabsorbed Inventory"
"35535",1999-10-01,"Oct 1999","Semi-Detached",114,"Scss","Unabsorbed Inventory"
"35535",1999-10-01,"Oct 1999","Row",398,"Scss","Unabsorbed Inventory"
"35535",1999-10-01,"Oct 1999","Apartment",260,"Scss","Unabsorbed Inventory"
"35535",1999-10-01,"Oct 1999","All",1223,"Scss","Unabsorbed Inventory"
"35535",1999-11-01,"Nov 1999","Single",392,"Scss","Unabsorbed Inventory"
"35535",1999-11-01,"Nov 1999","Semi-Detached",270,"Scss","Unabsorbed Inventory"
"35535",1999-11-01,"Nov 1999","Row",267,"Scss","Unabsorbed Inventory"
"35535",1999-11-01,"Nov 1999","Apartment",409,"Scss","Unabsorbed Inventory"
"35535",1999-11-01,"Nov 1999","All",1338,"Scss","Unabsorbed Inventory"
"35535",1999-12-01,"Dec 1999","Single",383,"Scss","Unabsorbed Inventory"
"35535",1999-12-01,"Dec 1999","Semi-Detached",262,"Scss","Unabsorbed Inventory"
"35535",1999-12-01,"Dec 1999","Row",299,"Scss","Unabsorbed Inventory"
"35535",1999-12-01,"Dec 1999","Apartment",407,"Scss","Unabsorbed Inventory"
"35535",1999-12-01,"Dec 1999","All",1351,"Scss","Unabsorbed Inventory"
"35535",2000-01-01,"Jan 2000","Single",355,"Scss","Unabsorbed Inventory"
"35535",2000-01-01,"Jan 2000","Semi-Detached",265,"Scss","Unabsorbed Inventory"
"35535",2000-01-01,"Jan 2000","Row",311,"Scss","Unabsorbed Inventory"
"35535",2000-01-01,"Jan 2000","Apartment",379,"Scss","Unabsorbed Inventory"
"35535",2000-01-01,"Jan 2000","All",1310,"Scss","Unabsorbed Inventory"
"35535",2000-02-01,"Feb 2000","Single",334,"Scss","Unabsorbed Inventory"
"35535",2000-02-01,"Feb 2000","Semi-Detached",251,"Scss","Unabsorbed Inventory"
"35535",2000-02-01,"Feb 2000","Row",406,"Scss","Unabsorbed Inventory"
"35535",2000-02-01,"Feb 2000","Apartment",356,"Scss","Unabsorbed Inventory"
"35535",2000-02-01,"Feb 2000","All",1347,"Scss","Unabsorbed Inventory"
"35535",2000-03-01,"Mar 2000","Single",327,"Scss","Unabsorbed Inventory"
"35535",2000-03-01,"Mar 2000","Semi-Detached",274,"Scss","Unabsorbed Inventory"
"35535",2000-03-01,"Mar 2000","Row",416,"Scss","Unabsorbed Inventory"
"35535",2000-03-01,"Mar 2000","Apartment",348,"Scss","Unabsorbed Inventory"
"35535",2000-03-01,"Mar 2000","All",1365,"Scss","Unabsorbed Inventory"
"35535",2000-04-01,"Apr 2000","Single",278,"Scss","Unabsorbed Inventory"
"35535",2000-04-01,"Apr 2000","Semi-Detached",270,"Scss","Unabsorbed Inventory"
"35535",2000-04-01,"Apr 2000","Row",436,"Scss","Unabsorbed Inventory"
"35535",2000-04-01,"Apr 2000","Apartment",331,"Scss","Unabsorbed Inventory"
"35535",2000-04-01,"Apr 2000","All",1315,"Scss","Unabsorbed Inventory"
"35535",2000-05-01,"May 2000","Single",239,"Scss","Unabsorbed Inventory"
"35535",2000-05-01,"May 2000","Semi-Detached",279,"Scss","Unabsorbed Inventory"
"35535",2000-05-01,"May 2000","Row",354,"Scss","Unabsorbed Inventory"
"35535",2000-05-01,"May 2000","Apartment",408,"Scss","Unabsorbed Inventory"
"35535",2000-05-01,"May 2000","All",1280,"Scss","Unabsorbed Inventory"
"35535",2000-06-01,"Jun 2000","Single",204,"Scss","Unabsorbed Inventory"
"35535",2000-06-01,"Jun 2000","Semi-Detached",255,"Scss","Unabsorbed Inventory"
"35535",2000-06-01,"Jun 2000","Row",450,"Scss","Unabsorbed Inventory"
"35535",2000-06-01,"Jun 2000","Apartment",453,"Scss","Unabsorbed Inventory"
"35535",2000-06-01,"Jun 2000","All",1362,"Scss","Unabsorbed Inventory"
"35535",2000-07-01,"Jul 2000","Single",205,"Scss","Unabsorbed Inventory"
"35535",2000-07-01,"Jul 2000","Semi-Detached",236,"Scss","Unabsorbed Inventory"
"35535",2000-07-01,"Jul 2000","Row",555,"Scss","Unabsorbed Inventory"
"35535",2000-07-01,"Jul 2000","Apartment",524,"Scss","Unabsorbed Inventory"
"35535",2000-07-01,"Jul 2000","All",1520,"Scss","Unabsorbed Inventory"
"35535",2000-08-01,"Aug 2000","Single",234,"Scss","Unabsorbed Inventory"
"35535",2000-08-01,"Aug 2000","Semi-Detached",240,"Scss","Unabsorbed Inventory"
"35535",2000-08-01,"Aug 2000","Row",540,"Scss","Unabsorbed Inventory"
"35535",2000-08-01,"Aug 2000","Apartment",730,"Scss","Unabsorbed Inventory"
"35535",2000-08-01,"Aug 2000","All",1744,"Scss","Unabsorbed Inventory"
"35535",2000-09-01,"Sep 2000","Single",238,"Scss","Unabsorbed Inventory"
"35535",2000-09-01,"Sep 2000","Semi-Detached",243,"Scss","Unabsorbed Inventory"
"35535",2000-09-01,"Sep 2000","Row",510,"Scss","Unabsorbed Inventory"
"35535",2000-09-01,"Sep 2000","Apartment",758,"Scss","Unabsorbed Inventory"
"35535",2000-09-01,"Sep 2000","All",1749,"Scss","Unabsorbed Inventory"
"35535",2000-10-01,"Oct 2000","Single",213,"Scss","Unabsorbed Inventory"
"35535",2000-10-01,"Oct 2000","Semi-Detached",243,"Scss","Unabsorbed Inventory"
"35535",2000-10-01,"Oct 2000","Row",390,"Scss","Unabsorbed Inventory"
"35535",2000-10-01,"Oct 2000","Apartment",654,"Scss","Unabsorbed Inventory"
"35535",2000-10-01,"Oct 2000","All",1500,"Scss","Unabsorbed Inventory"
"35535",2000-11-01,"Nov 2000","Single",233,"Scss","Unabsorbed Inventory"
"35535",2000-11-01,"Nov 2000","Semi-Detached",258,"Scss","Unabsorbed Inventory"
"35535",2000-11-01,"Nov 2000","Row",386,"Scss","Unabsorbed Inventory"
"35535",2000-11-01,"Nov 2000","Apartment",481,"Scss","Unabsorbed Inventory"
"35535",2000-11-01,"Nov 2000","All",1358,"Scss","Unabsorbed Inventory"
"35535",2000-12-01,"Dec 2000","Single",237,"Scss","Unabsorbed Inventory"
"35535",2000-12-01,"Dec 2000","Semi-Detached",261,"Scss","Unabsorbed Inventory"
"35535",2000-12-01,"Dec 2000","Row",383,"Scss","Unabsorbed Inventory"
"35535",2000-12-01,"Dec 2000","Apartment",398,"Scss","Unabsorbed Inventory"
"35535",2000-12-01,"Dec 2000","All",1279,"Scss","Unabsorbed Inventory"
"35535",2001-01-01,"Jan 2001","Single",234,"Scss","Unabsorbed Inventory"
"35535",2001-01-01,"Jan 2001","Semi-Detached",266,"Scss","Unabsorbed Inventory"
"35535",2001-01-01,"Jan 2001","Row",459,"Scss","Unabsorbed Inventory"
"35535",2001-01-01,"Jan 2001","Apartment",390,"Scss","Unabsorbed Inventory"
"35535",2001-01-01,"Jan 2001","All",1349,"Scss","Unabsorbed Inventory"
"35535",2001-02-01,"Feb 2001","Single",361,"Scss","Unabsorbed Inventory"
"35535",2001-02-01,"Feb 2001","Semi-Detached",335,"Scss","Unabsorbed Inventory"
"35535",2001-02-01,"Feb 2001","Row",471,"Scss","Unabsorbed Inventory"
"35535",2001-02-01,"Feb 2001","Apartment",386,"Scss","Unabsorbed Inventory"
"35535",2001-02-01,"Feb 2001","All",1553,"Scss","Unabsorbed Inventory"
"35535",2001-03-01,"Mar 2001","Single",323,"Scss","Unabsorbed Inventory"
"35535",2001-03-01,"Mar 2001","Semi-Detached",323,"Scss","Unabsorbed Inventory"
"35535",2001-03-01,"Mar 2001","Row",409,"Scss","Unabsorbed Inventory"
"35535",2001-03-01,"Mar 2001","Apartment",285,"Scss","Unabsorbed Inventory"
"35535",2001-03-01,"Mar 2001","All",1340,"Scss","Unabsorbed Inventory"
"35535",2001-04-01,"Apr 2001","Single",297,"Scss","Unabsorbed Inventory"
"35535",2001-04-01,"Apr 2001","Semi-Detached",321,"Scss","Unabsorbed Inventory"
"35535",2001-04-01,"Apr 2001","Row",283,"Scss","Unabsorbed Inventory"
"35535",2001-04-01,"Apr 2001","Apartment",305,"Scss","Unabsorbed Inventory"
"35535",2001-04-01,"Apr 2001","All",1206,"Scss","Unabsorbed Inventory"
"35535",2001-05-01,"May 2001","Single",287,"Scss","Unabsorbed Inventory"
"35535",2001-05-01,"May 2001","Semi-Detached",307,"Scss","Unabsorbed Inventory"
"35535",2001-05-01,"May 2001","Row",240,"Scss","Unabsorbed Inventory"
"35535",2001-05-01,"May 2001","Apartment",215,"Scss","Unabsorbed Inventory"
"35535",2001-05-01,"May 2001","All",1049,"Scss","Unabsorbed Inventory"
"35535",2001-06-01,"Jun 2001","Single",379,"Scss","Unabsorbed Inventory"
"35535",2001-06-01,"Jun 2001","Semi-Detached",338,"Scss","Unabsorbed Inventory"
"35535",2001-06-01,"Jun 2001","Row",219,"Scss","Unabsorbed Inventory"
"35535",2001-06-01,"Jun 2001","Apartment",151,"Scss","Unabsorbed Inventory"
"35535",2001-06-01,"Jun 2001","All",1087,"Scss","Unabsorbed Inventory"
"35535",2001-07-01,"Jul 2001","Single",476,"Scss","Unabsorbed Inventory"
"35535",2001-07-01,"Jul 2001","Semi-Detached",429,"Scss","Unabsorbed Inventory"
"35535",2001-07-01,"Jul 2001","Row",344,"Scss","Unabsorbed Inventory"
"35535",2001-07-01,"Jul 2001","Apartment",161,"Scss","Unabsorbed Inventory"
"35535",2001-07-01,"Jul 2001","All",1410,"Scss","Unabsorbed Inventory"
"35535",2001-08-01,"Aug 2001","Single",499,"Scss","Unabsorbed Inventory"
"35535",2001-08-01,"Aug 2001","Semi-Detached",440,"Scss","Unabsorbed Inventory"
"35535",2001-08-01,"Aug 2001","Row",355,"Scss","Unabsorbed Inventory"
"35535",2001-08-01,"Aug 2001","Apartment",212,"Scss","Unabsorbed Inventory"
"35535",2001-08-01,"Aug 2001","All",1506,"Scss","Unabsorbed Inventory"
"35535",2001-09-01,"Sep 2001","Single",472,"Scss","Unabsorbed Inventory"
"35535",2001-09-01,"Sep 2001","Semi-Detached",407,"Scss","Unabsorbed Inventory"
"35535",2001-09-01,"Sep 2001","Row",278,"Scss","Unabsorbed Inventory"
"35535",2001-09-01,"Sep 2001","Apartment",237,"Scss","Unabsorbed Inventory"
"35535",2001-09-01,"Sep 2001","All",1394,"Scss","Unabsorbed Inventory"
"35535",2001-10-01,"Oct 2001","Single",404,"Scss","Unabsorbed Inventory"
"35535",2001-10-01,"Oct 2001","Semi-Detached",235,"Scss","Unabsorbed Inventory"
"35535",2001-10-01,"Oct 2001","Row",256,"Scss","Unabsorbed Inventory"
"35535",2001-10-01,"Oct 2001","Apartment",251,"Scss","Unabsorbed Inventory"
"35535",2001-10-01,"Oct 2001","All",1146,"Scss","Unabsorbed Inventory"
"35535",2001-11-01,"Nov 2001","Single",398,"Scss","Unabsorbed Inventory"
"35535",2001-11-01,"Nov 2001","Semi-Detached",195,"Scss","Unabsorbed Inventory"
"35535",2001-11-01,"Nov 2001","Row",338,"Scss","Unabsorbed Inventory"
"35535",2001-11-01,"Nov 2001","Apartment",286,"Scss","Unabsorbed Inventory"
"35535",2001-11-01,"Nov 2001","All",1217,"Scss","Unabsorbed Inventory"
"35535",2001-12-01,"Dec 2001","Single",385,"Scss","Unabsorbed Inventory"
"35535",2001-12-01,"Dec 2001","Semi-Detached",191,"Scss","Unabsorbed Inventory"
"35535",2001-12-01,"Dec 2001","Row",314,"Scss","Unabsorbed Inventory"
"35535",2001-12-01,"Dec 2001","Apartment",260,"Scss","Unabsorbed Inventory"
"35535",2001-12-01,"Dec 2001","All",1150,"Scss","Unabsorbed Inventory"
"35535",2002-01-01,"Jan 2002","Single",386,"Scss","Unabsorbed Inventory"
"35535",2002-01-01,"Jan 2002","Semi-Detached",207,"Scss","Unabsorbed Inventory"
"35535",2002-01-01,"Jan 2002","Row",369,"Scss","Unabsorbed Inventory"
"35535",2002-01-01,"Jan 2002","Apartment",314,"Scss","Unabsorbed Inventory"
"35535",2002-01-01,"Jan 2002","All",1276,"Scss","Unabsorbed Inventory"
"35535",2002-02-01,"Feb 2002","Single",390,"Scss","Unabsorbed Inventory"
"35535",2002-02-01,"Feb 2002","Semi-Detached",203,"Scss","Unabsorbed Inventory"
"35535",2002-02-01,"Feb 2002","Row",367,"Scss","Unabsorbed Inventory"
"35535",2002-02-01,"Feb 2002","Apartment",231,"Scss","Unabsorbed Inventory"
"35535",2002-02-01,"Feb 2002","All",1191,"Scss","Unabsorbed Inventory"
"35535",2002-03-01,"Mar 2002","Single",371,"Scss","Unabsorbed Inventory"
"35535",2002-03-01,"Mar 2002","Semi-Detached",243,"Scss","Unabsorbed Inventory"
"35535",2002-03-01,"Mar 2002","Row",391,"Scss","Unabsorbed Inventory"
"35535",2002-03-01,"Mar 2002","Apartment",239,"Scss","Unabsorbed Inventory"
"35535",2002-03-01,"Mar 2002","All",1244,"Scss","Unabsorbed Inventory"
"35535",2002-04-01,"Apr 2002","Single",411,"Scss","Unabsorbed Inventory"
"35535",2002-04-01,"Apr 2002","Semi-Detached",255,"Scss","Unabsorbed Inventory"
"35535",2002-04-01,"Apr 2002","Row",368,"Scss","Unabsorbed Inventory"
"35535",2002-04-01,"Apr 2002","Apartment",191,"Scss","Unabsorbed Inventory"
"35535",2002-04-01,"Apr 2002","All",1225,"Scss","Unabsorbed Inventory"
"35535",2002-05-01,"May 2002","Single",423,"Scss","Unabsorbed Inventory"
"35535",2002-05-01,"May 2002","Semi-Detached",257,"Scss","Unabsorbed Inventory"
"35535",2002-05-01,"May 2002","Row",352,"Scss","Unabsorbed Inventory"
"35535",2002-05-01,"May 2002","Apartment",208,"Scss","Unabsorbed Inventory"
"35535",2002-05-01,"May 2002","All",1240,"Scss","Unabsorbed Inventory"
"35535",2002-06-01,"Jun 2002","Single",403,"Scss","Unabsorbed Inventory"
"35535",2002-06-01,"Jun 2002","Semi-Detached",275,"Scss","Unabsorbed Inventory"
"35535",2002-06-01,"Jun 2002","Row",432,"Scss","Unabsorbed Inventory"
"35535",2002-06-01,"Jun 2002","Apartment",211,"Scss","Unabsorbed Inventory"
"35535",2002-06-01,"Jun 2002","All",1321,"Scss","Unabsorbed Inventory"
"35535",2002-07-01,"Jul 2002","Single",406,"Scss","Unabsorbed Inventory"
"35535",2002-07-01,"Jul 2002","Semi-Detached",294,"Scss","Unabsorbed Inventory"
"35535",2002-07-01,"Jul 2002","Row",290,"Scss","Unabsorbed Inventory"
"35535",2002-07-01,"Jul 2002","Apartment",311,"Scss","Unabsorbed Inventory"
"35535",2002-07-01,"Jul 2002","All",1301,"Scss","Unabsorbed Inventory"
"35535",2002-08-01,"Aug 2002","Single",398,"Scss","Unabsorbed Inventory"
"35535",2002-08-01,"Aug 2002","Semi-Detached",293,"Scss","Unabsorbed Inventory"
"35535",2002-08-01,"Aug 2002","Row",180,"Scss","Unabsorbed Inventory"
"35535",2002-08-01,"Aug 2002","Apartment",192,"Scss","Unabsorbed Inventory"
"35535",2002-08-01,"Aug 2002","All",1063,"Scss","Unabsorbed Inventory"
"35535",2002-09-01,"Sep 2002","Single",435,"Scss","Unabsorbed Inventory"
"35535",2002-09-01,"Sep 2002","Semi-Detached",348,"Scss","Unabsorbed Inventory"
"35535",2002-09-01,"Sep 2002","Row",221,"Scss","Unabsorbed Inventory"
"35535",2002-09-01,"Sep 2002","Apartment",189,"Scss","Unabsorbed Inventory"
"35535",2002-09-01,"Sep 2002","All",1193,"Scss","Unabsorbed Inventory"
"35535",2002-10-01,"Oct 2002","Single",464,"Scss","Unabsorbed Inventory"
"35535",2002-10-01,"Oct 2002","Semi-Detached",360,"Scss","Unabsorbed Inventory"
"35535",2002-10-01,"Oct 2002","Row",234,"Scss","Unabsorbed Inventory"
"35535",2002-10-01,"Oct 2002","Apartment",174,"Scss","Unabsorbed Inventory"
"35535",2002-10-01,"Oct 2002","All",1232,"Scss","Unabsorbed Inventory"
"35535",2002-11-01,"Nov 2002","Single",504,"Scss","Unabsorbed Inventory"
"35535",2002-11-01,"Nov 2002","Semi-Detached",348,"Scss","Unabsorbed Inventory"
"35535",2002-11-01,"Nov 2002","Row",255,"Scss","Unabsorbed Inventory"
"35535",2002-11-01,"Nov 2002","Apartment",280,"Scss","Unabsorbed Inventory"
"35535",2002-11-01,"Nov 2002","All",1387,"Scss","Unabsorbed Inventory"
"35535",2002-12-01,"Dec 2002","Single",522,"Scss","Unabsorbed Inventory"
"35535",2002-12-01,"Dec 2002","Semi-Detached",270,"Scss","Unabsorbed Inventory"
"35535",2002-12-01,"Dec 2002","Row",257,"Scss","Unabsorbed Inventory"
"35535",2002-12-01,"Dec 2002","Apartment",291,"Scss","Unabsorbed Inventory"
"35535",2002-12-01,"Dec 2002","All",1340,"Scss","Unabsorbed Inventory"
"35535",2003-01-01,"Jan 2003","Single",523,"Scss","Unabsorbed Inventory"
"35535",2003-01-01,"Jan 2003","Semi-Detached",241,"Scss","Unabsorbed Inventory"
"35535",2003-01-01,"Jan 2003","Row",221,"Scss","Unabsorbed Inventory"
"35535",2003-01-01,"Jan 2003","Apartment",270,"Scss","Unabsorbed Inventory"
"35535",2003-01-01,"Jan 2003","All",1255,"Scss","Unabsorbed Inventory"
"35535",2003-02-01,"Feb 2003","Single",440,"Scss","Unabsorbed Inventory"
"35535",2003-02-01,"Feb 2003","Semi-Detached",245,"Scss","Unabsorbed Inventory"
"35535",2003-02-01,"Feb 2003","Row",178,"Scss","Unabsorbed Inventory"
"35535",2003-02-01,"Feb 2003","Apartment",330,"Scss","Unabsorbed Inventory"
"35535",2003-02-01,"Feb 2003","All",1193,"Scss","Unabsorbed Inventory"
"35535",2003-03-01,"Mar 2003","Single",410,"Scss","Unabsorbed Inventory"
"35535",2003-03-01,"Mar 2003","Semi-Detached",243,"Scss","Unabsorbed Inventory"
"35535",2003-03-01,"Mar 2003","Row",149,"Scss","Unabsorbed Inventory"
"35535",2003-03-01,"Mar 2003","Apartment",344,"Scss","Unabsorbed Inventory"
"35535",2003-03-01,"Mar 2003","All",1146,"Scss","Unabsorbed Inventory"
"35535",2003-04-01,"Apr 2003","Single",415,"Scss","Unabsorbed Inventory"
"35535",2003-04-01,"Apr 2003","Semi-Detached",237,"Scss","Unabsorbed Inventory"
"35535",2003-04-01,"Apr 2003","Row",108,"Scss","Unabsorbed Inventory"
"35535",2003-04-01,"Apr 2003","Apartment",403,"Scss","Unabsorbed Inventory"
"35535",2003-04-01,"Apr 2003","All",1163,"Scss","Unabsorbed Inventory"
"35535",2003-05-01,"May 2003","Single",417,"Scss","Unabsorbed Inventory"
"35535",2003-05-01,"May 2003","Semi-Detached",189,"Scss","Unabsorbed Inventory"
"35535",2003-05-01,"May 2003","Row",95,"Scss","Unabsorbed Inventory"
"35535",2003-05-01,"May 2003","Apartment",448,"Scss","Unabsorbed Inventory"
"35535",2003-05-01,"May 2003","All",1149,"Scss","Unabsorbed Inventory"
"35535",2003-06-01,"Jun 2003","Single",416,"Scss","Unabsorbed Inventory"
"35535",2003-06-01,"Jun 2003","Semi-Detached",205,"Scss","Unabsorbed Inventory"
"35535",2003-06-01,"Jun 2003","Row",94,"Scss","Unabsorbed Inventory"
"35535",2003-06-01,"Jun 2003","Apartment",385,"Scss","Unabsorbed Inventory"
"35535",2003-06-01,"Jun 2003","All",1100,"Scss","Unabsorbed Inventory"
"35535",2003-07-01,"Jul 2003","Single",407,"Scss","Unabsorbed Inventory"
"35535",2003-07-01,"Jul 2003","Semi-Detached",169,"Scss","Unabsorbed Inventory"
"35535",2003-07-01,"Jul 2003","Row",119,"Scss","Unabsorbed Inventory"
"35535",2003-07-01,"Jul 2003","Apartment",318,"Scss","Unabsorbed Inventory"
"35535",2003-07-01,"Jul 2003","All",1013,"Scss","Unabsorbed Inventory"
"35535",2003-08-01,"Aug 2003","Single",434,"Scss","Unabsorbed Inventory"
"35535",2003-08-01,"Aug 2003","Semi-Detached",134,"Scss","Unabsorbed Inventory"
"35535",2003-08-01,"Aug 2003","Row",182,"Scss","Unabsorbed Inventory"
"35535",2003-08-01,"Aug 2003","Apartment",350,"Scss","Unabsorbed Inventory"
"35535",2003-08-01,"Aug 2003","All",1100,"Scss","Unabsorbed Inventory"
"35535",2003-09-01,"Sep 2003","Single",372,"Scss","Unabsorbed Inventory"
"35535",2003-09-01,"Sep 2003","Semi-Detached",169,"Scss","Unabsorbed Inventory"
"35535",2003-09-01,"Sep 2003","Row",175,"Scss","Unabsorbed Inventory"
"35535",2003-09-01,"Sep 2003","Apartment",382,"Scss","Unabsorbed Inventory"
"35535",2003-09-01,"Sep 2003","All",1098,"Scss","Unabsorbed Inventory"
"35535",2003-10-01,"Oct 2003","Single",416,"Scss","Unabsorbed Inventory"
"35535",2003-10-01,"Oct 2003","Semi-Detached",170,"Scss","Unabsorbed Inventory"
"35535",2003-10-01,"Oct 2003","Row",139,"Scss","Unabsorbed Inventory"
"35535",2003-10-01,"Oct 2003","Apartment",518,"Scss","Unabsorbed Inventory"
"35535",2003-10-01,"Oct 2003","All",1243,"Scss","Unabsorbed Inventory"
"35535",2003-11-01,"Nov 2003","Single",441,"Scss","Unabsorbed Inventory"
"35535",2003-11-01,"Nov 2003","Semi-Detached",173,"Scss","Unabsorbed Inventory"
"35535",2003-11-01,"Nov 2003","Row",136,"Scss","Unabsorbed Inventory"
"35535",2003-11-01,"Nov 2003","Apartment",511,"Scss","Unabsorbed Inventory"
"35535",2003-11-01,"Nov 2003","All",1261,"Scss","Unabsorbed Inventory"
"35535",2003-12-01,"Dec 2003","Single",511,"Scss","Unabsorbed Inventory"
"35535",2003-12-01,"Dec 2003","Semi-Detached",163,"Scss","Unabsorbed Inventory"
"35535",2003-12-01,"Dec 2003","Row",112,"Scss","Unabsorbed Inventory"
"35535",2003-12-01,"Dec 2003","Apartment",510,"Scss","Unabsorbed Inventory"
"35535",2003-12-01,"Dec 2003","All",1296,"Scss","Unabsorbed Inventory"
"35535",2004-01-01,"Jan 2004","Single",460,"Scss","Unabsorbed Inventory"
"35535",2004-01-01,"Jan 2004","Semi-Detached",137,"Scss","Unabsorbed Inventory"
"35535",2004-01-01,"Jan 2004","Row",117,"Scss","Unabsorbed Inventory"
"35535",2004-01-01,"Jan 2004","Apartment",538,"Scss","Unabsorbed Inventory"
"35535",2004-01-01,"Jan 2004","All",1252,"Scss","Unabsorbed Inventory"
"35535",2004-02-01,"Feb 2004","Single",399,"Scss","Unabsorbed Inventory"
"35535",2004-02-01,"Feb 2004","Semi-Detached",138,"Scss","Unabsorbed Inventory"
"35535",2004-02-01,"Feb 2004","Row",125,"Scss","Unabsorbed Inventory"
"35535",2004-02-01,"Feb 2004","Apartment",410,"Scss","Unabsorbed Inventory"
"35535",2004-02-01,"Feb 2004","All",1072,"Scss","Unabsorbed Inventory"
"35535",2004-03-01,"Mar 2004","Single",411,"Scss","Unabsorbed Inventory"
"35535",2004-03-01,"Mar 2004","Semi-Detached",152,"Scss","Unabsorbed Inventory"
"35535",2004-03-01,"Mar 2004","Row",109,"Scss","Unabsorbed Inventory"
"35535",2004-03-01,"Mar 2004","Apartment",317,"Scss","Unabsorbed Inventory"
"35535",2004-03-01,"Mar 2004","All",989,"Scss","Unabsorbed Inventory"
"35535",2004-04-01,"Apr 2004","Single",417,"Scss","Unabsorbed Inventory"
"35535",2004-04-01,"Apr 2004","Semi-Detached",133,"Scss","Unabsorbed Inventory"
"35535",2004-04-01,"Apr 2004","Row",85,"Scss","Unabsorbed Inventory"
"35535",2004-04-01,"Apr 2004","Apartment",316,"Scss","Unabsorbed Inventory"
"35535",2004-04-01,"Apr 2004","All",951,"Scss","Unabsorbed Inventory"
"35535",2004-05-01,"May 2004","Single",425,"Scss","Unabsorbed Inventory"
"35535",2004-05-01,"May 2004","Semi-Detached",146,"Scss","Unabsorbed Inventory"
"35535",2004-05-01,"May 2004","Row",81,"Scss","Unabsorbed Inventory"
"35535",2004-05-01,"May 2004","Apartment",321,"Scss","Unabsorbed Inventory"
"35535",2004-05-01,"May 2004","All",973,"Scss","Unabsorbed Inventory"
"35535",2004-06-01,"Jun 2004","Single",392,"Scss","Unabsorbed Inventory"
"35535",2004-06-01,"Jun 2004","Semi-Detached",157,"Scss","Unabsorbed Inventory"
"35535",2004-06-01,"Jun 2004","Row",90,"Scss","Unabsorbed Inventory"
"35535",2004-06-01,"Jun 2004","Apartment",440,"Scss","Unabsorbed Inventory"
"35535",2004-06-01,"Jun 2004","All",1079,"Scss","Unabsorbed Inventory"
"35535",2004-07-01,"Jul 2004","Single",417,"Scss","Unabsorbed Inventory"
"35535",2004-07-01,"Jul 2004","Semi-Detached",107,"Scss","Unabsorbed Inventory"
"35535",2004-07-01,"Jul 2004","Row",90,"Scss","Unabsorbed Inventory"
"35535",2004-07-01,"Jul 2004","Apartment",426,"Scss","Unabsorbed Inventory"
"35535",2004-07-01,"Jul 2004","All",1040,"Scss","Unabsorbed Inventory"
"35535",2004-08-01,"Aug 2004","Single",455,"Scss","Unabsorbed Inventory"
"35535",2004-08-01,"Aug 2004","Semi-Detached",118,"Scss","Unabsorbed Inventory"
"35535",2004-08-01,"Aug 2004","Row",116,"Scss","Unabsorbed Inventory"
"35535",2004-08-01,"Aug 2004","Apartment",475,"Scss","Unabsorbed Inventory"
"35535",2004-08-01,"Aug 2004","All",1164,"Scss","Unabsorbed Inventory"
"35535",2004-09-01,"Sep 2004","Single",425,"Scss","Unabsorbed Inventory"
"35535",2004-09-01,"Sep 2004","Semi-Detached",187,"Scss","Unabsorbed Inventory"
"35535",2004-09-01,"Sep 2004","Row",128,"Scss","Unabsorbed Inventory"
"35535",2004-09-01,"Sep 2004","Apartment",568,"Scss","Unabsorbed Inventory"
"35535",2004-09-01,"Sep 2004","All",1308,"Scss","Unabsorbed Inventory"
"35535",2004-10-01,"Oct 2004","Single",437,"Scss","Unabsorbed Inventory"
"35535",2004-10-01,"Oct 2004","Semi-Detached",178,"Scss","Unabsorbed Inventory"
"35535",2004-10-01,"Oct 2004","Row",156,"Scss","Unabsorbed Inventory"
"35535",2004-10-01,"Oct 2004","Apartment",979,"Scss","Unabsorbed Inventory"
"35535",2004-10-01,"Oct 2004","All",1750,"Scss","Unabsorbed Inventory"
"35535",2004-11-01,"Nov 2004","Single",550,"Scss","Unabsorbed Inventory"
"35535",2004-11-01,"Nov 2004","Semi-Detached",172,"Scss","Unabsorbed Inventory"
"35535",2004-11-01,"Nov 2004","Row",186,"Scss","Unabsorbed Inventory"
"35535",2004-11-01,"Nov 2004","Apartment",971,"Scss","Unabsorbed Inventory"
"35535",2004-11-01,"Nov 2004","All",1879,"Scss","Unabsorbed Inventory"
"35535",2004-12-01,"Dec 2004","Single",594,"Scss","Unabsorbed Inventory"
"35535",2004-12-01,"Dec 2004","Semi-Detached",127,"Scss","Unabsorbed Inventory"
"35535",2004-12-01,"Dec 2004","Row",251,"Scss","Unabsorbed Inventory"
"35535",2004-12-01,"Dec 2004","Apartment",815,"Scss","Unabsorbed Inventory"
"35535",2004-12-01,"Dec 2004","All",1787,"Scss","Unabsorbed Inventory"
"35535",2005-01-01,"Jan 2005","Single",633,"Scss","Unabsorbed Inventory"
"35535",2005-01-01,"Jan 2005","Semi-Detached",123,"Scss","Unabsorbed Inventory"
"35535",2005-01-01,"Jan 2005","Row",239,"Scss","Unabsorbed Inventory"
"35535",2005-01-01,"Jan 2005","Apartment",1164,"Scss","Unabsorbed Inventory"
"35535",2005-01-01,"Jan 2005","All",2159,"Scss","Unabsorbed Inventory"
"35535",2005-02-01,"Feb 2005","Single",603,"Scss","Unabsorbed Inventory"
"35535",2005-02-01,"Feb 2005","Semi-Detached",150,"Scss","Unabsorbed Inventory"
"35535",2005-02-01,"Feb 2005","Row",210,"Scss","Unabsorbed Inventory"
"35535",2005-02-01,"Feb 2005","Apartment",960,"Scss","Unabsorbed Inventory"
"35535",2005-02-01,"Feb 2005","All",1923,"Scss","Unabsorbed Inventory"
"35535",2005-03-01,"Mar 2005","Single",551,"Scss","Unabsorbed Inventory"
"35535",2005-03-01,"Mar 2005","Semi-Detached",144,"Scss","Unabsorbed Inventory"
"35535",2005-03-01,"Mar 2005","Row",138,"Scss","Unabsorbed Inventory"
"35535",2005-03-01,"Mar 2005","Apartment",1291,"Scss","Unabsorbed Inventory"
"35535",2005-03-01,"Mar 2005","All",2124,"Scss","Unabsorbed Inventory"
"35535",2005-04-01,"Apr 2005","Single",532,"Scss","Unabsorbed Inventory"
"35535",2005-04-01,"Apr 2005","Semi-Detached",97,"Scss","Unabsorbed Inventory"
"35535",2005-04-01,"Apr 2005","Row",157,"Scss","Unabsorbed Inventory"
"35535",2005-04-01,"Apr 2005","Apartment",1001,"Scss","Unabsorbed Inventory"
"35535",2005-04-01,"Apr 2005","All",1787,"Scss","Unabsorbed Inventory"
"35535",2005-05-01,"May 2005","Single",513,"Scss","Unabsorbed Inventory"
"35535",2005-05-01,"May 2005","Semi-Detached",102,"Scss","Unabsorbed Inventory"
"35535",2005-05-01,"May 2005","Row",116,"Scss","Unabsorbed Inventory"
"35535",2005-05-01,"May 2005","Apartment",1142,"Scss","Unabsorbed Inventory"
"35535",2005-05-01,"May 2005","All",1873,"Scss","Unabsorbed Inventory"
"35535",2005-06-01,"Jun 2005","Single",534,"Scss","Unabsorbed Inventory"
"35535",2005-06-01,"Jun 2005","Semi-Detached",107,"Scss","Unabsorbed Inventory"
"35535",2005-06-01,"Jun 2005","Row",132,"Scss","Unabsorbed Inventory"
"35535",2005-06-01,"Jun 2005","Apartment",1085,"Scss","Unabsorbed Inventory"
"35535",2005-06-01,"Jun 2005","All",1858,"Scss","Unabsorbed Inventory"
"35535",2005-07-01,"Jul 2005","Single",451,"Scss","Unabsorbed Inventory"
"35535",2005-07-01,"Jul 2005","Semi-Detached",114,"Scss","Unabsorbed Inventory"
"35535",2005-07-01,"Jul 2005","Row",131,"Scss","Unabsorbed Inventory"
"35535",2005-07-01,"Jul 2005","Apartment",1019,"Scss","Unabsorbed Inventory"
"35535",2005-07-01,"Jul 2005","All",1715,"Scss","Unabsorbed Inventory"
"35535",2005-08-01,"Aug 2005","Single",409,"Scss","Unabsorbed Inventory"
"35535",2005-08-01,"Aug 2005","Semi-Detached",102,"Scss","Unabsorbed Inventory"
"35535",2005-08-01,"Aug 2005","Row",96,"Scss","Unabsorbed Inventory"
"35535",2005-08-01,"Aug 2005","Apartment",941,"Scss","Unabsorbed Inventory"
"35535",2005-08-01,"Aug 2005","All",1548,"Scss","Unabsorbed Inventory"
"35535",2005-09-01,"Sep 2005","Single",401,"Scss","Unabsorbed Inventory"
"35535",2005-09-01,"Sep 2005","Semi-Detached",119,"Scss","Unabsorbed Inventory"
"35535",2005-09-01,"Sep 2005","Row",110,"Scss","Unabsorbed Inventory"
"35535",2005-09-01,"Sep 2005","Apartment",673,"Scss","Unabsorbed Inventory"
"35535",2005-09-01,"Sep 2005","All",1303,"Scss","Unabsorbed Inventory"
"35535",2005-10-01,"Oct 2005","Single",430,"Scss","Unabsorbed Inventory"
"35535",2005-10-01,"Oct 2005","Semi-Detached",111,"Scss","Unabsorbed Inventory"
"35535",2005-10-01,"Oct 2005","Row",142,"Scss","Unabsorbed Inventory"
"35535",2005-10-01,"Oct 2005","Apartment",576,"Scss","Unabsorbed Inventory"
"35535",2005-10-01,"Oct 2005","All",1259,"Scss","Unabsorbed Inventory"
"35535",2005-11-01,"Nov 2005","Single",401,"Scss","Unabsorbed Inventory"
"35535",2005-11-01,"Nov 2005","Semi-Detached",116,"Scss","Unabsorbed Inventory"
"35535",2005-11-01,"Nov 2005","Row",142,"Scss","Unabsorbed Inventory"
"35535",2005-11-01,"Nov 2005","Apartment",541,"Scss","Unabsorbed Inventory"
"35535",2005-11-01,"Nov 2005","All",1200,"Scss","Unabsorbed Inventory"
"35535",2005-12-01,"Dec 2005","Single",355,"Scss","Unabsorbed Inventory"
"35535",2005-12-01,"Dec 2005","Semi-Detached",107,"Scss","Unabsorbed Inventory"
"35535",2005-12-01,"Dec 2005","Row",163,"Scss","Unabsorbed Inventory"
"35535",2005-12-01,"Dec 2005","Apartment",550,"Scss","Unabsorbed Inventory"
"35535",2005-12-01,"Dec 2005","All",1175,"Scss","Unabsorbed Inventory"
"35535",2006-01-01,"Jan 2006","Single",322,"Scss","Unabsorbed Inventory"
"35535",2006-01-01,"Jan 2006","Semi-Detached",95,"Scss","Unabsorbed Inventory"
"35535",2006-01-01,"Jan 2006","Row",164,"Scss","Unabsorbed Inventory"
"35535",2006-01-01,"Jan 2006","Apartment",601,"Scss","Unabsorbed Inventory"
"35535",2006-01-01,"Jan 2006","All",1182,"Scss","Unabsorbed Inventory"
"35535",2006-02-01,"Feb 2006","Single",268,"Scss","Unabsorbed Inventory"
"35535",2006-02-01,"Feb 2006","Semi-Detached",96,"Scss","Unabsorbed Inventory"
"35535",2006-02-01,"Feb 2006","Row",183,"Scss","Unabsorbed Inventory"
"35535",2006-02-01,"Feb 2006","Apartment",574,"Scss","Unabsorbed Inventory"
"35535",2006-02-01,"Feb 2006","All",1121,"Scss","Unabsorbed Inventory"
"35535",2006-03-01,"Mar 2006","Single",236,"Scss","Unabsorbed Inventory"
"35535",2006-03-01,"Mar 2006","Semi-Detached",84,"Scss","Unabsorbed Inventory"
"35535",2006-03-01,"Mar 2006","Row",169,"Scss","Unabsorbed Inventory"
"35535",2006-03-01,"Mar 2006","Apartment",525,"Scss","Unabsorbed Inventory"
"35535",2006-03-01,"Mar 2006","All",1014,"Scss","Unabsorbed Inventory"
"35535",2006-04-01,"Apr 2006","Single",270,"Scss","Unabsorbed Inventory"
"35535",2006-04-01,"Apr 2006","Semi-Detached",92,"Scss","Unabsorbed Inventory"
"35535",2006-04-01,"Apr 2006","Row",150,"Scss","Unabsorbed Inventory"
"35535",2006-04-01,"Apr 2006","Apartment",543,"Scss","Unabsorbed Inventory"
"35535",2006-04-01,"Apr 2006","All",1055,"Scss","Unabsorbed Inventory"
"35535",2006-05-01,"May 2006","Single",270,"Scss","Unabsorbed Inventory"
"35535",2006-05-01,"May 2006","Semi-Detached",68,"Scss","Unabsorbed Inventory"
"35535",2006-05-01,"May 2006","Row",185,"Scss","Unabsorbed Inventory"
"35535",2006-05-01,"May 2006","Apartment",550,"Scss","Unabsorbed Inventory"
"35535",2006-05-01,"May 2006","All",1073,"Scss","Unabsorbed Inventory"
"35535",2006-06-01,"Jun 2006","Single",282,"Scss","Unabsorbed Inventory"
"35535",2006-06-01,"Jun 2006","Semi-Detached",69,"Scss","Unabsorbed Inventory"
"35535",2006-06-01,"Jun 2006","Row",195,"Scss","Unabsorbed Inventory"
"35535",2006-06-01,"Jun 2006","Apartment",462,"Scss","Unabsorbed Inventory"
"35535",2006-06-01,"Jun 2006","All",1008,"Scss","Unabsorbed Inventory"
"35535",2006-07-01,"Jul 2006","Single",281,"Scss","Unabsorbed Inventory"
"35535",2006-07-01,"Jul 2006","Semi-Detached",53,"Scss","Unabsorbed Inventory"
"35535",2006-07-01,"Jul 2006","Row",151,"Scss","Unabsorbed Inventory"
"35535",2006-07-01,"Jul 2006","Apartment",584,"Scss","Unabsorbed Inventory"
"35535",2006-07-01,"Jul 2006","All",1069,"Scss","Unabsorbed Inventory"
"35535",2006-08-01,"Aug 2006","Single",274,"Scss","Unabsorbed Inventory"
"35535",2006-08-01,"Aug 2006","Semi-Detached",54,"Scss","Unabsorbed Inventory"
"35535",2006-08-01,"Aug 2006","Row",157,"Scss","Unabsorbed Inventory"
"35535",2006-08-01,"Aug 2006","Apartment",608,"Scss","Unabsorbed Inventory"
"35535",2006-08-01,"Aug 2006","All",1093,"Scss","Unabsorbed Inventory"
"35535",2006-09-01,"Sep 2006","Single",270,"Scss","Unabsorbed Inventory"
"35535",2006-09-01,"Sep 2006","Semi-Detached",35,"Scss","Unabsorbed Inventory"
"35535",2006-09-01,"Sep 2006","Row",128,"Scss","Unabsorbed Inventory"
"35535",2006-09-01,"Sep 2006","Apartment",650,"Scss","Unabsorbed Inventory"
"35535",2006-09-01,"Sep 2006","All",1083,"Scss","Unabsorbed Inventory"
"35535",2006-10-01,"Oct 2006","Single",262,"Scss","Unabsorbed Inventory"
"35535",2006-10-01,"Oct 2006","Semi-Detached",40,"Scss","Unabsorbed Inventory"
"35535",2006-10-01,"Oct 2006","Row",131,"Scss","Unabsorbed Inventory"
"35535",2006-10-01,"Oct 2006","Apartment",710,"Scss","Unabsorbed Inventory"
"35535",2006-10-01,"Oct 2006","All",1143,"Scss","Unabsorbed Inventory"
"35535",2006-11-01,"Nov 2006","Single",294,"Scss","Unabsorbed Inventory"
"35535",2006-11-01,"Nov 2006","Semi-Detached",35,"Scss","Unabsorbed Inventory"
"35535",2006-11-01,"Nov 2006","Row",183,"Scss","Unabsorbed Inventory"
"35535",2006-11-01,"Nov 2006","Apartment",710,"Scss","Unabsorbed Inventory"
"35535",2006-11-01,"Nov 2006","All",1222,"Scss","Unabsorbed Inventory"
"35535",2006-12-01,"Dec 2006","Single",351,"Scss","Unabsorbed Inventory"
"35535",2006-12-01,"Dec 2006","Semi-Detached",56,"Scss","Unabsorbed Inventory"
"35535",2006-12-01,"Dec 2006","Row",195,"Scss","Unabsorbed Inventory"
"35535",2006-12-01,"Dec 2006","Apartment",746,"Scss","Unabsorbed Inventory"
"35535",2006-12-01,"Dec 2006","All",1348,"Scss","Unabsorbed Inventory"
"35535",2007-01-01,"Jan 2007","Single",484,"Scss","Unabsorbed Inventory"
"35535",2007-01-01,"Jan 2007","Semi-Detached",140,"Scss","Unabsorbed Inventory"
"35535",2007-01-01,"Jan 2007","Row",200,"Scss","Unabsorbed Inventory"
"35535",2007-01-01,"Jan 2007","Apartment",771,"Scss","Unabsorbed Inventory"
"35535",2007-01-01,"Jan 2007","All",1595,"Scss","Unabsorbed Inventory"
"35535",2007-02-01,"Feb 2007","Single",499,"Scss","Unabsorbed Inventory"
"35535",2007-02-01,"Feb 2007","Semi-Detached",118,"Scss","Unabsorbed Inventory"
"35535",2007-02-01,"Feb 2007","Row",197,"Scss","Unabsorbed Inventory"
"35535",2007-02-01,"Feb 2007","Apartment",704,"Scss","Unabsorbed Inventory"
"35535",2007-02-01,"Feb 2007","All",1518,"Scss","Unabsorbed Inventory"
"35535",2007-03-01,"Mar 2007","Single",593,"Scss","Unabsorbed Inventory"
"35535",2007-03-01,"Mar 2007","Semi-Detached",126,"Scss","Unabsorbed Inventory"
"35535",2007-03-01,"Mar 2007","Row",193,"Scss","Unabsorbed Inventory"
"35535",2007-03-01,"Mar 2007","Apartment",700,"Scss","Unabsorbed Inventory"
"35535",2007-03-01,"Mar 2007","All",1612,"Scss","Unabsorbed Inventory"
"35535",2007-04-01,"Apr 2007","Single",579,"Scss","Unabsorbed Inventory"
"35535",2007-04-01,"Apr 2007","Semi-Detached",92,"Scss","Unabsorbed Inventory"
"35535",2007-04-01,"Apr 2007","Row",174,"Scss","Unabsorbed Inventory"
"35535",2007-04-01,"Apr 2007","Apartment",390,"Scss","Unabsorbed Inventory"
"35535",2007-04-01,"Apr 2007","All",1235,"Scss","Unabsorbed Inventory"
"35535",2007-05-01,"May 2007","Single",577,"Scss","Unabsorbed Inventory"
"35535",2007-05-01,"May 2007","Semi-Detached",111,"Scss","Unabsorbed Inventory"
"35535",2007-05-01,"May 2007","Row",170,"Scss","Unabsorbed Inventory"
"35535",2007-05-01,"May 2007","Apartment",349,"Scss","Unabsorbed Inventory"
"35535",2007-05-01,"May 2007","All",1207,"Scss","Unabsorbed Inventory"
"35535",2007-06-01,"Jun 2007","Single",473,"Scss","Unabsorbed Inventory"
"35535",2007-06-01,"Jun 2007","Semi-Detached",69,"Scss","Unabsorbed Inventory"
"35535",2007-06-01,"Jun 2007","Row",140,"Scss","Unabsorbed Inventory"
"35535",2007-06-01,"Jun 2007","Apartment",299,"Scss","Unabsorbed Inventory"
"35535",2007-06-01,"Jun 2007","All",981,"Scss","Unabsorbed Inventory"
"35535",2007-07-01,"Jul 2007","Single",311,"Scss","Unabsorbed Inventory"
"35535",2007-07-01,"Jul 2007","Semi-Detached",46,"Scss","Unabsorbed Inventory"
"35535",2007-07-01,"Jul 2007","Row",144,"Scss","Unabsorbed Inventory"
"35535",2007-07-01,"Jul 2007","Apartment",266,"Scss","Unabsorbed Inventory"
"35535",2007-07-01,"Jul 2007","All",767,"Scss","Unabsorbed Inventory"
"35535",2007-08-01,"Aug 2007","Single",308,"Scss","Unabsorbed Inventory"
"35535",2007-08-01,"Aug 2007","Semi-Detached",46,"Scss","Unabsorbed Inventory"
"35535",2007-08-01,"Aug 2007","Row",153,"Scss","Unabsorbed Inventory"
"35535",2007-08-01,"Aug 2007","Apartment",294,"Scss","Unabsorbed Inventory"
"35535",2007-08-01,"Aug 2007","All",801,"Scss","Unabsorbed Inventory"
"35535",2007-09-01,"Sep 2007","Single",313,"Scss","Unabsorbed Inventory"
"35535",2007-09-01,"Sep 2007","Semi-Detached",56,"Scss","Unabsorbed Inventory"
"35535",2007-09-01,"Sep 2007","Row",137,"Scss","Unabsorbed Inventory"
"35535",2007-09-01,"Sep 2007","Apartment",238,"Scss","Unabsorbed Inventory"
"35535",2007-09-01,"Sep 2007","All",744,"Scss","Unabsorbed Inventory"
"35535",2007-10-01,"Oct 2007","Single",351,"Scss","Unabsorbed Inventory"
"35535",2007-10-01,"Oct 2007","Semi-Detached",67,"Scss","Unabsorbed Inventory"
"35535",2007-10-01,"Oct 2007","Row",133,"Scss","Unabsorbed Inventory"
"35535",2007-10-01,"Oct 2007","Apartment",243,"Scss","Unabsorbed Inventory"
"35535",2007-10-01,"Oct 2007","All",794,"Scss","Unabsorbed Inventory"
"35535",2007-11-01,"Nov 2007","Single",381,"Scss","Unabsorbed Inventory"
"35535",2007-11-01,"Nov 2007","Semi-Detached",67,"Scss","Unabsorbed Inventory"
"35535",2007-11-01,"Nov 2007","Row",122,"Scss","Unabsorbed Inventory"
"35535",2007-11-01,"Nov 2007","Apartment",214,"Scss","Unabsorbed Inventory"
"35535",2007-11-01,"Nov 2007","All",784,"Scss","Unabsorbed Inventory"
"35535",2007-12-01,"Dec 2007","Single",422,"Scss","Unabsorbed Inventory"
"35535",2007-12-01,"Dec 2007","Semi-Detached",55,"Scss","Unabsorbed Inventory"
"35535",2007-12-01,"Dec 2007","Row",207,"Scss","Unabsorbed Inventory"
"35535",2007-12-01,"Dec 2007","Apartment",195,"Scss","Unabsorbed Inventory"
"35535",2007-12-01,"Dec 2007","All",879,"Scss","Unabsorbed Inventory"
"35535",2008-01-01,"Jan 2008","Single",462,"Scss","Unabsorbed Inventory"
"35535",2008-01-01,"Jan 2008","Semi-Detached",54,"Scss","Unabsorbed Inventory"
"35535",2008-01-01,"Jan 2008","Row",200,"Scss","Unabsorbed Inventory"
"35535",2008-01-01,"Jan 2008","Apartment",211,"Scss","Unabsorbed Inventory"
"35535",2008-01-01,"Jan 2008","All",927,"Scss","Unabsorbed Inventory"
"35535",2008-02-01,"Feb 2008","Single",494,"Scss","Unabsorbed Inventory"
"35535",2008-02-01,"Feb 2008","Semi-Detached",52,"Scss","Unabsorbed Inventory"
"35535",2008-02-01,"Feb 2008","Row",198,"Scss","Unabsorbed Inventory"
"35535",2008-02-01,"Feb 2008","Apartment",220,"Scss","Unabsorbed Inventory"
"35535",2008-02-01,"Feb 2008","All",964,"Scss","Unabsorbed Inventory"
"35535",2008-03-01,"Mar 2008","Single",496,"Scss","Unabsorbed Inventory"
"35535",2008-03-01,"Mar 2008","Semi-Detached",55,"Scss","Unabsorbed Inventory"
"35535",2008-03-01,"Mar 2008","Row",182,"Scss","Unabsorbed Inventory"
"35535",2008-03-01,"Mar 2008","Apartment",215,"Scss","Unabsorbed Inventory"
"35535",2008-03-01,"Mar 2008","All",948,"Scss","Unabsorbed Inventory"
"35535",2008-04-01,"Apr 2008","Single",449,"Scss","Unabsorbed Inventory"
"35535",2008-04-01,"Apr 2008","Semi-Detached",59,"Scss","Unabsorbed Inventory"
"35535",2008-04-01,"Apr 2008","Row",182,"Scss","Unabsorbed Inventory"
"35535",2008-04-01,"Apr 2008","Apartment",192,"Scss","Unabsorbed Inventory"
"35535",2008-04-01,"Apr 2008","All",882,"Scss","Unabsorbed Inventory"
"35535",2008-05-01,"May 2008","Single",539,"Scss","Unabsorbed Inventory"
"35535",2008-05-01,"May 2008","Semi-Detached",74,"Scss","Unabsorbed Inventory"
"35535",2008-05-01,"May 2008","Row",106,"Scss","Unabsorbed Inventory"
"35535",2008-05-01,"May 2008","Apartment",190,"Scss","Unabsorbed Inventory"
"35535",2008-05-01,"May 2008","All",909,"Scss","Unabsorbed Inventory"
"35535",2008-06-01,"Jun 2008","Single",510,"Scss","Unabsorbed Inventory"
"35535",2008-06-01,"Jun 2008","Semi-Detached",53,"Scss","Unabsorbed Inventory"
"35535",2008-06-01,"Jun 2008","Row",114,"Scss","Unabsorbed Inventory"
"35535",2008-06-01,"Jun 2008","Apartment",205,"Scss","Unabsorbed Inventory"
"35535",2008-06-01,"Jun 2008","All",882,"Scss","Unabsorbed Inventory"
"35535",2008-07-01,"Jul 2008","Single",470,"Scss","Unabsorbed Inventory"
"35535",2008-07-01,"Jul 2008","Semi-Detached",51,"Scss","Unabsorbed Inventory"
"35535",2008-07-01,"Jul 2008","Row",108,"Scss","Unabsorbed Inventory"
"35535",2008-07-01,"Jul 2008","Apartment",210,"Scss","Unabsorbed Inventory"
"35535",2008-07-01,"Jul 2008","All",839,"Scss","Unabsorbed Inventory"
"35535",2008-08-01,"Aug 2008","Single",470,"Scss","Unabsorbed Inventory"
"35535",2008-08-01,"Aug 2008","Semi-Detached",45,"Scss","Unabsorbed Inventory"
"35535",2008-08-01,"Aug 2008","Row",91,"Scss","Unabsorbed Inventory"
"35535",2008-08-01,"Aug 2008","Apartment",210,"Scss","Unabsorbed Inventory"
"35535",2008-08-01,"Aug 2008","All",816,"Scss","Unabsorbed Inventory"
"35535",2008-09-01,"Sep 2008","Single",532,"Scss","Unabsorbed Inventory"
"35535",2008-09-01,"Sep 2008","Semi-Detached",54,"Scss","Unabsorbed Inventory"
"35535",2008-09-01,"Sep 2008","Row",81,"Scss","Unabsorbed Inventory"
"35535",2008-09-01,"Sep 2008","Apartment",220,"Scss","Unabsorbed Inventory"
"35535",2008-09-01,"Sep 2008","All",887,"Scss","Unabsorbed Inventory"
"35535",2008-10-01,"Oct 2008","Single",563,"Scss","Unabsorbed Inventory"
"35535",2008-10-01,"Oct 2008","Semi-Detached",55,"Scss","Unabsorbed Inventory"
"35535",2008-10-01,"Oct 2008","Row",90,"Scss","Unabsorbed Inventory"
"35535",2008-10-01,"Oct 2008","Apartment",243,"Scss","Unabsorbed Inventory"
"35535",2008-10-01,"Oct 2008","All",951,"Scss","Unabsorbed Inventory"
"35535",2008-11-01,"Nov 2008","Single",596,"Scss","Unabsorbed Inventory"
"35535",2008-11-01,"Nov 2008","Semi-Detached",64,"Scss","Unabsorbed Inventory"
"35535",2008-11-01,"Nov 2008","Row",99,"Scss","Unabsorbed Inventory"
"35535",2008-11-01,"Nov 2008","Apartment",263,"Scss","Unabsorbed Inventory"
"35535",2008-11-01,"Nov 2008","All",1022,"Scss","Unabsorbed Inventory"
"35535",2008-12-01,"Dec 2008","Single",610,"Scss","Unabsorbed Inventory"
"35535",2008-12-01,"Dec 2008","Semi-Detached",57,"Scss","Unabsorbed Inventory"
"35535",2008-12-01,"Dec 2008","Row",103,"Scss","Unabsorbed Inventory"
"35535",2008-12-01,"Dec 2008","Apartment",293,"Scss","Unabsorbed Inventory"
"35535",2008-12-01,"Dec 2008","All",1063,"Scss","Unabsorbed Inventory"
"35535",2009-01-01,"Jan 2009","Single",601,"Scss","Unabsorbed Inventory"
"35535",2009-01-01,"Jan 2009","Semi-Detached",49,"Scss","Unabsorbed Inventory"
"35535",2009-01-01,"Jan 2009","Row",124,"Scss","Unabsorbed Inventory"
"35535",2009-01-01,"Jan 2009","Apartment",276,"Scss","Unabsorbed Inventory"
"35535",2009-01-01,"Jan 2009","All",1050,"Scss","Unabsorbed Inventory"
"35535",2009-02-01,"Feb 2009","Single",634,"Scss","Unabsorbed Inventory"
"35535",2009-02-01,"Feb 2009","Semi-Detached",59,"Scss","Unabsorbed Inventory"
"35535",2009-02-01,"Feb 2009","Row",131,"Scss","Unabsorbed Inventory"
"35535",2009-02-01,"Feb 2009","Apartment",291,"Scss","Unabsorbed Inventory"
"35535",2009-02-01,"Feb 2009","All",1115,"Scss","Unabsorbed Inventory"
"35535",2009-03-01,"Mar 2009","Single",648,"Scss","Unabsorbed Inventory"
"35535",2009-03-01,"Mar 2009","Semi-Detached",68,"Scss","Unabsorbed Inventory"
"35535",2009-03-01,"Mar 2009","Row",151,"Scss","Unabsorbed Inventory"
"35535",2009-03-01,"Mar 2009","Apartment",291,"Scss","Unabsorbed Inventory"
"35535",2009-03-01,"Mar 2009","All",1158,"Scss","Unabsorbed Inventory"
"35535",2009-04-01,"Apr 2009","Single",655,"Scss","Unabsorbed Inventory"
"35535",2009-04-01,"Apr 2009","Semi-Detached",73,"Scss","Unabsorbed Inventory"
"35535",2009-04-01,"Apr 2009","Row",154,"Scss","Unabsorbed Inventory"
"35535",2009-04-01,"Apr 2009","Apartment",298,"Scss","Unabsorbed Inventory"
"35535",2009-04-01,"Apr 2009","All",1180,"Scss","Unabsorbed Inventory"
"35535",2009-05-01,"May 2009","Single",637,"Scss","Unabsorbed Inventory"
"35535",2009-05-01,"May 2009","Semi-Detached",87,"Scss","Unabsorbed Inventory"
"35535",2009-05-01,"May 2009","Row",156,"Scss","Unabsorbed Inventory"
"35535",2009-05-01,"May 2009","Apartment",354,"Scss","Unabsorbed Inventory"
"35535",2009-05-01,"May 2009","All",1234,"Scss","Unabsorbed Inventory"
"35535",2009-06-01,"Jun 2009","Single",548,"Scss","Unabsorbed Inventory"
"35535",2009-06-01,"Jun 2009","Semi-Detached",68,"Scss","Unabsorbed Inventory"
"35535",2009-06-01,"Jun 2009","Row",152,"Scss","Unabsorbed Inventory"
"35535",2009-06-01,"Jun 2009","Apartment",264,"Scss","Unabsorbed Inventory"
"35535",2009-06-01,"Jun 2009","All",1032,"Scss","Unabsorbed Inventory"
"35535",2009-07-01,"Jul 2009","Single",555,"Scss","Unabsorbed Inventory"
"35535",2009-07-01,"Jul 2009","Semi-Detached",71,"Scss","Unabsorbed Inventory"
"35535",2009-07-01,"Jul 2009","Row",172,"Scss","Unabsorbed Inventory"
"35535",2009-07-01,"Jul 2009","Apartment",269,"Scss","Unabsorbed Inventory"
"35535",2009-07-01,"Jul 2009","All",1067,"Scss","Unabsorbed Inventory"
"35535",2009-08-01,"Aug 2009","Single",527,"Scss","Unabsorbed Inventory"
"35535",2009-08-01,"Aug 2009","Semi-Detached",47,"Scss","Unabsorbed Inventory"
"35535",2009-08-01,"Aug 2009","Row",179,"Scss","Unabsorbed Inventory"
"35535",2009-08-01,"Aug 2009","Apartment",284,"Scss","Unabsorbed Inventory"
"35535",2009-08-01,"Aug 2009","All",1037,"Scss","Unabsorbed Inventory"
"35535",2009-09-01,"Sep 2009","Single",499,"Scss","Unabsorbed Inventory"
"35535",2009-09-01,"Sep 2009","Semi-Detached",45,"Scss","Unabsorbed Inventory"
"35535",2009-09-01,"Sep 2009","Row",177,"Scss","Unabsorbed Inventory"
"35535",2009-09-01,"Sep 2009","Apartment",262,"Scss","Unabsorbed Inventory"
"35535",2009-09-01,"Sep 2009","All",983,"Scss","Unabsorbed Inventory"
"35535",2009-10-01,"Oct 2009","Single",457,"Scss","Unabsorbed Inventory"
"35535",2009-10-01,"Oct 2009","Semi-Detached",27,"Scss","Unabsorbed Inventory"
"35535",2009-10-01,"Oct 2009","Row",151,"Scss","Unabsorbed Inventory"
"35535",2009-10-01,"Oct 2009","Apartment",307,"Scss","Unabsorbed Inventory"
"35535",2009-10-01,"Oct 2009","All",942,"Scss","Unabsorbed Inventory"
"35535",2009-11-01,"Nov 2009","Single",452,"Scss","Unabsorbed Inventory"
"35535",2009-11-01,"Nov 2009","Semi-Detached",43,"Scss","Unabsorbed Inventory"
"35535",2009-11-01,"Nov 2009","Row",155,"Scss","Unabsorbed Inventory"
"35535",2009-11-01,"Nov 2009","Apartment",264,"Scss","Unabsorbed Inventory"
"35535",2009-11-01,"Nov 2009","All",914,"Scss","Unabsorbed Inventory"
"35535",2009-12-01,"Dec 2009","Single",423,"Scss","Unabsorbed Inventory"
"35535",2009-12-01,"Dec 2009","Semi-Detached",35,"Scss","Unabsorbed Inventory"
"35535",2009-12-01,"Dec 2009","Row",157,"Scss","Unabsorbed Inventory"
"35535",2009-12-01,"Dec 2009","Apartment",297,"Scss","Unabsorbed Inventory"
"35535",2009-12-01,"Dec 2009","All",912,"Scss","Unabsorbed Inventory"
"35535",2010-01-01,"Jan 2010","Single",418,"Scss","Unabsorbed Inventory"
"35535",2010-01-01,"Jan 2010","Semi-Detached",27,"Scss","Unabsorbed Inventory"
"35535",2010-01-01,"Jan 2010","Row",136,"Scss","Unabsorbed Inventory"
"35535",2010-01-01,"Jan 2010","Apartment",381,"Scss","Unabsorbed Inventory"
"35535",2010-01-01,"Jan 2010","All",962,"Scss","Unabsorbed Inventory"
"35535",2010-02-01,"Feb 2010","Single",427,"Scss","Unabsorbed Inventory"
"35535",2010-02-01,"Feb 2010","Semi-Detached",28,"Scss","Unabsorbed Inventory"
"35535",2010-02-01,"Feb 2010","Row",110,"Scss","Unabsorbed Inventory"
"35535",2010-02-01,"Feb 2010","Apartment",363,"Scss","Unabsorbed Inventory"
"35535",2010-02-01,"Feb 2010","All",928,"Scss","Unabsorbed Inventory"
"35535",2010-03-01,"Mar 2010","Single",417,"Scss","Unabsorbed Inventory"
"35535",2010-03-01,"Mar 2010","Semi-Detached",33,"Scss","Unabsorbed Inventory"
"35535",2010-03-01,"Mar 2010","Row",99,"Scss","Unabsorbed Inventory"
"35535",2010-03-01,"Mar 2010","Apartment",378,"Scss","Unabsorbed Inventory"
"35535",2010-03-01,"Mar 2010","All",927,"Scss","Unabsorbed Inventory"
"35535",2010-04-01,"Apr 2010","Single",428,"Scss","Unabsorbed Inventory"
"35535",2010-04-01,"Apr 2010","Semi-Detached",34,"Scss","Unabsorbed Inventory"
"35535",2010-04-01,"Apr 2010","Row",120,"Scss","Unabsorbed Inventory"
"35535",2010-04-01,"Apr 2010","Apartment",738,"Scss","Unabsorbed Inventory"
"35535",2010-04-01,"Apr 2010","All",1320,"Scss","Unabsorbed Inventory"
"35535",2010-05-01,"May 2010","Single",429,"Scss","Unabsorbed Inventory"
"35535",2010-05-01,"May 2010","Semi-Detached",27,"Scss","Unabsorbed Inventory"
"35535",2010-05-01,"May 2010","Row",94,"Scss","Unabsorbed Inventory"
"35535",2010-05-01,"May 2010","Apartment",732,"Scss","Unabsorbed Inventory"
"35535",2010-05-01,"May 2010","All",1282,"Scss","Unabsorbed Inventory"
"35535",2010-06-01,"Jun 2010","Single",403,"Scss","Unabsorbed Inventory"
"35535",2010-06-01,"Jun 2010","Semi-Detached",31,"Scss","Unabsorbed Inventory"
"35535",2010-06-01,"Jun 2010","Row",88,"Scss","Unabsorbed Inventory"
"35535",2010-06-01,"Jun 2010","Apartment",884,"Scss","Unabsorbed Inventory"
"35535",2010-06-01,"Jun 2010","All",1406,"Scss","Unabsorbed Inventory"
"35535",2010-07-01,"Jul 2010","Single",336,"Scss","Unabsorbed Inventory"
"35535",2010-07-01,"Jul 2010","Semi-Detached",28,"Scss","Unabsorbed Inventory"
"35535",2010-07-01,"Jul 2010","Row",93,"Scss","Unabsorbed Inventory"
"35535",2010-07-01,"Jul 2010","Apartment",952,"Scss","Unabsorbed Inventory"
"35535",2010-07-01,"Jul 2010","All",1409,"Scss","Unabsorbed Inventory"
"35535",2010-08-01,"Aug 2010","Single",324,"Scss","Unabsorbed Inventory"
"35535",2010-08-01,"Aug 2010","Semi-Detached",24,"Scss","Unabsorbed Inventory"
"35535",2010-08-01,"Aug 2010","Row",78,"Scss","Unabsorbed Inventory"
"35535",2010-08-01,"Aug 2010","Apartment",991,"Scss","Unabsorbed Inventory"
"35535",2010-08-01,"Aug 2010","All",1417,"Scss","Unabsorbed Inventory"
"35535",2010-09-01,"Sep 2010","Single",296,"Scss","Unabsorbed Inventory"
"35535",2010-09-01,"Sep 2010","Semi-Detached",25,"Scss","Unabsorbed Inventory"
"35535",2010-09-01,"Sep 2010","Row",71,"Scss","Unabsorbed Inventory"
"35535",2010-09-01,"Sep 2010","Apartment",998,"Scss","Unabsorbed Inventory"
"35535",2010-09-01,"Sep 2010","All",1390,"Scss","Unabsorbed Inventory"
"35535",2010-10-01,"Oct 2010","Single",237,"Scss","Unabsorbed Inventory"
"35535",2010-10-01,"Oct 2010","Semi-Detached",27,"Scss","Unabsorbed Inventory"
"35535",2010-10-01,"Oct 2010","Row",70,"Scss","Unabsorbed Inventory"
"35535",2010-10-01,"Oct 2010","Apartment",979,"Scss","Unabsorbed Inventory"
"35535",2010-10-01,"Oct 2010","All",1313,"Scss","Unabsorbed Inventory"
"35535",2010-11-01,"Nov 2010","Single",187,"Scss","Unabsorbed Inventory"
"35535",2010-11-01,"Nov 2010","Semi-Detached",27,"Scss","Unabsorbed Inventory"
"35535",2010-11-01,"Nov 2010","Row",68,"Scss","Unabsorbed Inventory"
"35535",2010-11-01,"Nov 2010","Apartment",747,"Scss","Unabsorbed Inventory"
"35535",2010-11-01,"Nov 2010","All",1029,"Scss","Unabsorbed Inventory"
"35535",2010-12-01,"Dec 2010","Single",179,"Scss","Unabsorbed Inventory"
"35535",2010-12-01,"Dec 2010","Semi-Detached",23,"Scss","Unabsorbed Inventory"
"35535",2010-12-01,"Dec 2010","Row",60,"Scss","Unabsorbed Inventory"
"35535",2010-12-01,"Dec 2010","Apartment",770,"Scss","Unabsorbed Inventory"
"35535",2010-12-01,"Dec 2010","All",1032,"Scss","Unabsorbed Inventory"
"35535",2011-01-01,"Jan 2011","Single",167,"Scss","Unabsorbed Inventory"
"35535",2011-01-01,"Jan 2011","Semi-Detached",20,"Scss","Unabsorbed Inventory"
"35535",2011-01-01,"Jan 2011","Row",58,"Scss","Unabsorbed Inventory"
"35535",2011-01-01,"Jan 2011","Apartment",860,"Scss","Unabsorbed Inventory"
"35535",2011-01-01,"Jan 2011","All",1105,"Scss","Unabsorbed Inventory"
"35535",2011-02-01,"Feb 2011","Single",162,"Scss","Unabsorbed Inventory"
"35535",2011-02-01,"Feb 2011","Semi-Detached",12,"Scss","Unabsorbed Inventory"
"35535",2011-02-01,"Feb 2011","Row",57,"Scss","Unabsorbed Inventory"
"35535",2011-02-01,"Feb 2011","Apartment",735,"Scss","Unabsorbed Inventory"
"35535",2011-02-01,"Feb 2011","All",966,"Scss","Unabsorbed Inventory"
"35535",2011-03-01,"Mar 2011","Single",119,"Scss","Unabsorbed Inventory"
"35535",2011-03-01,"Mar 2011","Semi-Detached",13,"Scss","Unabsorbed Inventory"
"35535",2011-03-01,"Mar 2011","Row",57,"Scss","Unabsorbed Inventory"
"35535",2011-03-01,"Mar 2011","Apartment",392,"Scss","Unabsorbed Inventory"
"35535",2011-03-01,"Mar 2011","All",581,"Scss","Unabsorbed Inventory"
"35535",2011-04-01,"Apr 2011","Single",112,"Scss","Unabsorbed Inventory"
"35535",2011-04-01,"Apr 2011","Semi-Detached",13,"Scss","Unabsorbed Inventory"
"35535",2011-04-01,"Apr 2011","Row",65,"Scss","Unabsorbed Inventory"
"35535",2011-04-01,"Apr 2011","Apartment",372,"Scss","Unabsorbed Inventory"
"35535",2011-04-01,"Apr 2011","All",562,"Scss","Unabsorbed Inventory"
"35535",2011-05-01,"May 2011","Single",92,"Scss","Unabsorbed Inventory"
"35535",2011-05-01,"May 2011","Semi-Detached",11,"Scss","Unabsorbed Inventory"
"35535",2011-05-01,"May 2011","Row",59,"Scss","Unabsorbed Inventory"
"35535",2011-05-01,"May 2011","Apartment",409,"Scss","Unabsorbed Inventory"
"35535",2011-05-01,"May 2011","All",571,"Scss","Unabsorbed Inventory"
"35535",2011-06-01,"Jun 2011","Single",90,"Scss","Unabsorbed Inventory"
"35535",2011-06-01,"Jun 2011","Semi-Detached",10,"Scss","Unabsorbed Inventory"
"35535",2011-06-01,"Jun 2011","Row",68,"Scss","Unabsorbed Inventory"
"35535",2011-06-01,"Jun 2011","Apartment",773,"Scss","Unabsorbed Inventory"
"35535",2011-06-01,"Jun 2011","All",941,"Scss","Unabsorbed Inventory"
"35535",2011-07-01,"Jul 2011","Single",99,"Scss","Unabsorbed Inventory"
"35535",2011-07-01,"Jul 2011","Semi-Detached",25,"Scss","Unabsorbed Inventory"
"35535",2011-07-01,"Jul 2011","Row",72,"Scss","Unabsorbed Inventory"
"35535",2011-07-01,"Jul 2011","Apartment",659,"Scss","Unabsorbed Inventory"
"35535",2011-07-01,"Jul 2011","All",855,"Scss","Unabsorbed Inventory"
"35535",2011-08-01,"Aug 2011","Single",130,"Scss","Unabsorbed Inventory"
"35535",2011-08-01,"Aug 2011","Semi-Detached",26,"Scss","Unabsorbed Inventory"
"35535",2011-08-01,"Aug 2011","Row",73,"Scss","Unabsorbed Inventory"
"35535",2011-08-01,"Aug 2011","Apartment",857,"Scss","Unabsorbed Inventory"
"35535",2011-08-01,"Aug 2011","All",1086,"Scss","Unabsorbed Inventory"
"35535",2011-09-01,"Sep 2011","Single",141,"Scss","Unabsorbed Inventory"
"35535",2011-09-01,"Sep 2011","Semi-Detached",26,"Scss","Unabsorbed Inventory"
"35535",2011-09-01,"Sep 2011","Row",62,"Scss","Unabsorbed Inventory"
"35535",2011-09-01,"Sep 2011","Apartment",885,"Scss","Unabsorbed Inventory"
"35535",2011-09-01,"Sep 2011","All",1114,"Scss","Unabsorbed Inventory"
"35535",2011-10-01,"Oct 2011","Single",69,"Scss","Unabsorbed Inventory"
"35535",2011-10-01,"Oct 2011","Semi-Detached",15,"Scss","Unabsorbed Inventory"
"35535",2011-10-01,"Oct 2011","Row",68,"Scss","Unabsorbed Inventory"
"35535",2011-10-01,"Oct 2011","Apartment",909,"Scss","Unabsorbed Inventory"
"35535",2011-10-01,"Oct 2011","All",1061,"Scss","Unabsorbed Inventory"
"35535",2011-11-01,"Nov 2011","Single",96,"Scss","Unabsorbed Inventory"
"35535",2011-11-01,"Nov 2011","Semi-Detached",13,"Scss","Unabsorbed Inventory"
"35535",2011-11-01,"Nov 2011","Row",80,"Scss","Unabsorbed Inventory"
"35535",2011-11-01,"Nov 2011","Apartment",919,"Scss","Unabsorbed Inventory"
"35535",2011-11-01,"Nov 2011","All",1108,"Scss","Unabsorbed Inventory"
"35535",2011-12-01,"Dec 2011","Single",87,"Scss","Unabsorbed Inventory"
"35535",2011-12-01,"Dec 2011","Semi-Detached",25,"Scss","Unabsorbed Inventory"
"35535",2011-12-01,"Dec 2011","Row",80,"Scss","Unabsorbed Inventory"
"35535",2011-12-01,"Dec 2011","Apartment",848,"Scss","Unabsorbed Inventory"
"35535",2011-12-01,"Dec 2011","All",1040,"Scss","Unabsorbed Inventory"
"35535",2012-01-01,"Jan 2012","Single",101,"Scss","Unabsorbed Inventory"
"35535",2012-01-01,"Jan 2012","Semi-Detached",9,"Scss","Unabsorbed Inventory"
"35535",2012-01-01,"Jan 2012","Row",89,"Scss","Unabsorbed Inventory"
"35535",2012-01-01,"Jan 2012","Apartment",962,"Scss","Unabsorbed Inventory"
"35535",2012-01-01,"Jan 2012","All",1161,"Scss","Unabsorbed Inventory"
"35535",2012-02-01,"Feb 2012","Single",89,"Scss","Unabsorbed Inventory"
"35535",2012-02-01,"Feb 2012","Semi-Detached",11,"Scss","Unabsorbed Inventory"
"35535",2012-02-01,"Feb 2012","Row",73,"Scss","Unabsorbed Inventory"
"35535",2012-02-01,"Feb 2012","Apartment",937,"Scss","Unabsorbed Inventory"
"35535",2012-02-01,"Feb 2012","All",1110,"Scss","Unabsorbed Inventory"
"35535",2012-03-01,"Mar 2012","Single",84,"Scss","Unabsorbed Inventory"
"35535",2012-03-01,"Mar 2012","Semi-Detached",15,"Scss","Unabsorbed Inventory"
"35535",2012-03-01,"Mar 2012","Row",59,"Scss","Unabsorbed Inventory"
"35535",2012-03-01,"Mar 2012","Apartment",807,"Scss","Unabsorbed Inventory"
"35535",2012-03-01,"Mar 2012","All",965,"Scss","Unabsorbed Inventory"
"35535",2012-04-01,"Apr 2012","Single",92,"Scss","Unabsorbed Inventory"
"35535",2012-04-01,"Apr 2012","Semi-Detached",13,"Scss","Unabsorbed Inventory"
"35535",2012-04-01,"Apr 2012","Row",51,"Scss","Unabsorbed Inventory"
"35535",2012-04-01,"Apr 2012","Apartment",819,"Scss","Unabsorbed Inventory"
"35535",2012-04-01,"Apr 2012","All",975,"Scss","Unabsorbed Inventory"
"35535",2012-05-01,"May 2012","Single",110,"Scss","Unabsorbed Inventory"
"35535",2012-05-01,"May 2012","Semi-Detached",12,"Scss","Unabsorbed Inventory"
"35535",2012-05-01,"May 2012","Row",44,"Scss","Unabsorbed Inventory"
"35535",2012-05-01,"May 2012","Apartment",822,"Scss","Unabsorbed Inventory"
"35535",2012-05-01,"May 2012","All",988,"Scss","Unabsorbed Inventory"
"35535",2012-06-01,"Jun 2012","Single",136,"Scss","Unabsorbed Inventory"
"35535",2012-06-01,"Jun 2012","Semi-Detached",8,"Scss","Unabsorbed Inventory"
"35535",2012-06-01,"Jun 2012","Row",45,"Scss","Unabsorbed Inventory"
"35535",2012-06-01,"Jun 2012","Apartment",794,"Scss","Unabsorbed Inventory"
"35535",2012-06-01,"Jun 2012","All",983,"Scss","Unabsorbed Inventory"
"35535",2012-07-01,"Jul 2012","Single",119,"Scss","Unabsorbed Inventory"
"35535",2012-07-01,"Jul 2012","Semi-Detached",10,"Scss","Unabsorbed Inventory"
"35535",2012-07-01,"Jul 2012","Row",43,"Scss","Unabsorbed Inventory"
"35535",2012-07-01,"Jul 2012","Apartment",807,"Scss","Unabsorbed Inventory"
"35535",2012-07-01,"Jul 2012","All",979,"Scss","Unabsorbed Inventory"
"35535",2012-08-01,"Aug 2012","Single",119,"Scss","Unabsorbed Inventory"
"35535",2012-08-01,"Aug 2012","Semi-Detached",10,"Scss","Unabsorbed Inventory"
"35535",2012-08-01,"Aug 2012","Row",39,"Scss","Unabsorbed Inventory"
"35535",2012-08-01,"Aug 2012","Apartment",896,"Scss","Unabsorbed Inventory"
"35535",2012-08-01,"Aug 2012","All",1064,"Scss","Unabsorbed Inventory"
"35535",2012-09-01,"Sep 2012","Single",130,"Scss","Unabsorbed Inventory"
"35535",2012-09-01,"Sep 2012","Semi-Detached",10,"Scss","Unabsorbed Inventory"
"35535",2012-09-01,"Sep 2012","Row",54,"Scss","Unabsorbed Inventory"
"35535",2012-09-01,"Sep 2012","Apartment",804,"Scss","Unabsorbed Inventory"
"35535",2012-09-01,"Sep 2012","All",998,"Scss","Unabsorbed Inventory"
"35535",2012-10-01,"Oct 2012","Single",161,"Scss","Unabsorbed Inventory"
"35535",2012-10-01,"Oct 2012","Semi-Detached",14,"Scss","Unabsorbed Inventory"
"35535",2012-10-01,"Oct 2012","Row",57,"Scss","Unabsorbed Inventory"
"35535",2012-10-01,"Oct 2012","Apartment",932,"Scss","Unabsorbed Inventory"
"35535",2012-10-01,"Oct 2012","All",1164,"Scss","Unabsorbed Inventory"
"35535",2012-11-01,"Nov 2012","Single",137,"Scss","Unabsorbed Inventory"
"35535",2012-11-01,"Nov 2012","Semi-Detached",11,"Scss","Unabsorbed Inventory"
"35535",2012-11-01,"Nov 2012","Row",57,"Scss","Unabsorbed Inventory"
"35535",2012-11-01,"Nov 2012","Apartment",1002,"Scss","Unabsorbed Inventory"
"35535",2012-11-01,"Nov 2012","All",1207,"Scss","Unabsorbed Inventory"
"35535",2012-12-01,"Dec 2012","Single",134,"Scss","Unabsorbed Inventory"
"35535",2012-12-01,"Dec 2012","Semi-Detached",18,"Scss","Unabsorbed Inventory"
"35535",2012-12-01,"Dec 2012","Row",82,"Scss","Unabsorbed Inventory"
"35535",2012-12-01,"Dec 2012","Apartment",909,"Scss","Unabsorbed Inventory"
"35535",2012-12-01,"Dec 2012","All",1143,"Scss","Unabsorbed Inventory"
"35535",2013-01-01,"Jan 2013","Single",138,"Scss","Unabsorbed Inventory"
"35535",2013-01-01,"Jan 2013","Semi-Detached",15,"Scss","Unabsorbed Inventory"
"35535",2013-01-01,"Jan 2013","Row",104,"Scss","Unabsorbed Inventory"
"35535",2013-01-01,"Jan 2013","Apartment",958,"Scss","Unabsorbed Inventory"
"35535",2013-01-01,"Jan 2013","All",1215,"Scss","Unabsorbed Inventory"
"35535",2013-02-01,"Feb 2013","Single",149,"Scss","Unabsorbed Inventory"
"35535",2013-02-01,"Feb 2013","Semi-Detached",19,"Scss","Unabsorbed Inventory"
"35535",2013-02-01,"Feb 2013","Row",95,"Scss","Unabsorbed Inventory"
"35535",2013-02-01,"Feb 2013","Apartment",1009,"Scss","Unabsorbed Inventory"
"35535",2013-02-01,"Feb 2013","All",1272,"Scss","Unabsorbed Inventory"
"35535",2013-03-01,"Mar 2013","Single",156,"Scss","Unabsorbed Inventory"
"35535",2013-03-01,"Mar 2013","Semi-Detached",23,"Scss","Unabsorbed Inventory"
"35535",2013-03-01,"Mar 2013","Row",95,"Scss","Unabsorbed Inventory"
"35535",2013-03-01,"Mar 2013","Apartment",955,"Scss","Unabsorbed Inventory"
"35535",2013-03-01,"Mar 2013","All",1229,"Scss","Unabsorbed Inventory"
"35535",2013-04-01,"Apr 2013","Single",186,"Scss","Unabsorbed Inventory"
"35535",2013-04-01,"Apr 2013","Semi-Detached",17,"Scss","Unabsorbed Inventory"
"35535",2013-04-01,"Apr 2013","Row",119,"Scss","Unabsorbed Inventory"
"35535",2013-04-01,"Apr 2013","Apartment",1020,"Scss","Unabsorbed Inventory"
"35535",2013-04-01,"Apr 2013","All",1342,"Scss","Unabsorbed Inventory"
"35535",2013-05-01,"May 2013","Single",166,"Scss","Unabsorbed Inventory"
"35535",2013-05-01,"May 2013","Semi-Detached",19,"Scss","Unabsorbed Inventory"
"35535",2013-05-01,"May 2013","Row",108,"Scss","Unabsorbed Inventory"
"35535",2013-05-01,"May 2013","Apartment",1132,"Scss","Unabsorbed Inventory"
"35535",2013-05-01,"May 2013","All",1425,"Scss","Unabsorbed Inventory"
"35535",2013-06-01,"Jun 2013","Single",154,"Scss","Unabsorbed Inventory"
"35535",2013-06-01,"Jun 2013","Semi-Detached",51,"Scss","Unabsorbed Inventory"
"35535",2013-06-01,"Jun 2013","Row",99,"Scss","Unabsorbed Inventory"
"35535",2013-06-01,"Jun 2013","Apartment",1044,"Scss","Unabsorbed Inventory"
"35535",2013-06-01,"Jun 2013","All",1348,"Scss","Unabsorbed Inventory"
"35535",2013-07-01,"Jul 2013","Single",137,"Scss","Unabsorbed Inventory"
"35535",2013-07-01,"Jul 2013","Semi-Detached",34,"Scss","Unabsorbed Inventory"
"35535",2013-07-01,"Jul 2013","Row",76,"Scss","Unabsorbed Inventory"
"35535",2013-07-01,"Jul 2013","Apartment",1022,"Scss","Unabsorbed Inventory"
"35535",2013-07-01,"Jul 2013","All",1269,"Scss","Unabsorbed Inventory"
"35535",2013-08-01,"Aug 2013","Single",150,"Scss","Unabsorbed Inventory"
"35535",2013-08-01,"Aug 2013","Semi-Detached",26,"Scss","Unabsorbed Inventory"
"35535",2013-08-01,"Aug 2013","Row",76,"Scss","Unabsorbed Inventory"
"35535",2013-08-01,"Aug 2013","Apartment",1111,"Scss","Unabsorbed Inventory"
"35535",2013-08-01,"Aug 2013","All",1363,"Scss","Unabsorbed Inventory"
"35535",2013-09-01,"Sep 2013","Single",147,"Scss","Unabsorbed Inventory"
"35535",2013-09-01,"Sep 2013","Semi-Detached",14,"Scss","Unabsorbed Inventory"
"35535",2013-09-01,"Sep 2013","Row",76,"Scss","Unabsorbed Inventory"
"35535",2013-09-01,"Sep 2013","Apartment",1041,"Scss","Unabsorbed Inventory"
"35535",2013-09-01,"Sep 2013","All",1278,"Scss","Unabsorbed Inventory"
"35535",2013-10-01,"Oct 2013","Single",149,"Scss","Unabsorbed Inventory"
"35535",2013-10-01,"Oct 2013","Semi-Detached",18,"Scss","Unabsorbed Inventory"
"35535",2013-10-01,"Oct 2013","Row",61,"Scss","Unabsorbed Inventory"
"35535",2013-10-01,"Oct 2013","Apartment",1013,"Scss","Unabsorbed Inventory"
"35535",2013-10-01,"Oct 2013","All",1241,"Scss","Unabsorbed Inventory"
"35535",2013-11-01,"Nov 2013","Single",166,"Scss","Unabsorbed Inventory"
"35535",2013-11-01,"Nov 2013","Semi-Detached",16,"Scss","Unabsorbed Inventory"
"35535",2013-11-01,"Nov 2013","Row",83,"Scss","Unabsorbed Inventory"
"35535",2013-11-01,"Nov 2013","Apartment",1050,"Scss","Unabsorbed Inventory"
"35535",2013-11-01,"Nov 2013","All",1315,"Scss","Unabsorbed Inventory"
"35535",2013-12-01,"Dec 2013","Single",150,"Scss","Unabsorbed Inventory"
"35535",2013-12-01,"Dec 2013","Semi-Detached",16,"Scss","Unabsorbed Inventory"
"35535",2013-12-01,"Dec 2013","Row",106,"Scss","Unabsorbed Inventory"
"35535",2013-12-01,"Dec 2013","Apartment",1088,"Scss","Unabsorbed Inventory"
"35535",2013-12-01,"Dec 2013","All",1360,"Scss","Unabsorbed Inventory"
"35535",2014-01-01,"Jan 2014","Single",147,"Scss","Unabsorbed Inventory"
"35535",2014-01-01,"Jan 2014","Semi-Detached",14,"Scss","Unabsorbed Inventory"
"35535",2014-01-01,"Jan 2014","Row",102,"Scss","Unabsorbed Inventory"
"35535",2014-01-01,"Jan 2014","Apartment",989,"Scss","Unabsorbed Inventory"
"35535",2014-01-01,"Jan 2014","All",1252,"Scss","Unabsorbed Inventory"
"35535",2014-02-01,"Feb 2014","Single",154,"Scss","Unabsorbed Inventory"
"35535",2014-02-01,"Feb 2014","Semi-Detached",14,"Scss","Unabsorbed Inventory"
"35535",2014-02-01,"Feb 2014","Row",109,"Scss","Unabsorbed Inventory"
"35535",2014-02-01,"Feb 2014","Apartment",952,"Scss","Unabsorbed Inventory"
"35535",2014-02-01,"Feb 2014","All",1229,"Scss","Unabsorbed Inventory"
"35535",2014-03-01,"Mar 2014","Single",200,"Scss","Unabsorbed Inventory"
"35535",2014-03-01,"Mar 2014","Semi-Detached",17,"Scss","Unabsorbed Inventory"
"35535",2014-03-01,"Mar 2014","Row",106,"Scss","Unabsorbed Inventory"
"35535",2014-03-01,"Mar 2014","Apartment",852,"Scss","Unabsorbed Inventory"
"35535",2014-03-01,"Mar 2014","All",1175,"Scss","Unabsorbed Inventory"
"35535",2014-04-01,"Apr 2014","Single",189,"Scss","Unabsorbed Inventory"
"35535",2014-04-01,"Apr 2014","Semi-Detached",17,"Scss","Unabsorbed Inventory"
"35535",2014-04-01,"Apr 2014","Row",106,"Scss","Unabsorbed Inventory"
"35535",2014-04-01,"Apr 2014","Apartment",932,"Scss","Unabsorbed Inventory"
"35535",2014-04-01,"Apr 2014","All",1244,"Scss","Unabsorbed Inventory"
"35535",2014-05-01,"May 2014","Single",186,"Scss","Unabsorbed Inventory"
"35535",2014-05-01,"May 2014","Semi-Detached",19,"Scss","Unabsorbed Inventory"
"35535",2014-05-01,"May 2014","Row",107,"Scss","Unabsorbed Inventory"
"35535",2014-05-01,"May 2014","Apartment",1001,"Scss","Unabsorbed Inventory"
"35535",2014-05-01,"May 2014","All",1313,"Scss","Unabsorbed Inventory"
"35535",2014-06-01,"Jun 2014","Single",198,"Scss","Unabsorbed Inventory"
"35535",2014-06-01,"Jun 2014","Semi-Detached",19,"Scss","Unabsorbed Inventory"
"35535",2014-06-01,"Jun 2014","Row",143,"Scss","Unabsorbed Inventory"
"35535",2014-06-01,"Jun 2014","Apartment",1122,"Scss","Unabsorbed Inventory"
"35535",2014-06-01,"Jun 2014","All",1482,"Scss","Unabsorbed Inventory"
"35535",2014-07-01,"Jul 2014","Single",235,"Scss","Unabsorbed Inventory"
"35535",2014-07-01,"Jul 2014","Semi-Detached",21,"Scss","Unabsorbed Inventory"
"35535",2014-07-01,"Jul 2014","Row",134,"Scss","Unabsorbed Inventory"
"35535",2014-07-01,"Jul 2014","Apartment",1026,"Scss","Unabsorbed Inventory"
"35535",2014-07-01,"Jul 2014","All",1416,"Scss","Unabsorbed Inventory"
"35535",2014-08-01,"Aug 2014","Single",223,"Scss","Unabsorbed Inventory"
"35535",2014-08-01,"Aug 2014","Semi-Detached",16,"Scss","Unabsorbed Inventory"
"35535",2014-08-01,"Aug 2014","Row",133,"Scss","Unabsorbed Inventory"
"35535",2014-08-01,"Aug 2014","Apartment",1045,"Scss","Unabsorbed Inventory"
"35535",2014-08-01,"Aug 2014","All",1417,"Scss","Unabsorbed Inventory"
"35535",2014-09-01,"Sep 2014","Single",224,"Scss","Unabsorbed Inventory"
"35535",2014-09-01,"Sep 2014","Semi-Detached",18,"Scss","Unabsorbed Inventory"
"35535",2014-09-01,"Sep 2014","Row",137,"Scss","Unabsorbed Inventory"
"35535",2014-09-01,"Sep 2014","Apartment",952,"Scss","Unabsorbed Inventory"
"35535",2014-09-01,"Sep 2014","All",1331,"Scss","Unabsorbed Inventory"
"35535",2014-10-01,"Oct 2014","Single",224,"Scss","Unabsorbed Inventory"
"35535",2014-10-01,"Oct 2014","Semi-Detached",19,"Scss","Unabsorbed Inventory"
"35535",2014-10-01,"Oct 2014","Row",134,"Scss","Unabsorbed Inventory"
"35535",2014-10-01,"Oct 2014","Apartment",919,"Scss","Unabsorbed Inventory"
"35535",2014-10-01,"Oct 2014","All",1296,"Scss","Unabsorbed Inventory"
"35535",2014-11-01,"Nov 2014","Single",229,"Scss","Unabsorbed Inventory"
"35535",2014-11-01,"Nov 2014","Semi-Detached",21,"Scss","Unabsorbed Inventory"
"35535",2014-11-01,"Nov 2014","Row",134,"Scss","Unabsorbed Inventory"
"35535",2014-11-01,"Nov 2014","Apartment",890,"Scss","Unabsorbed Inventory"
"35535",2014-11-01,"Nov 2014","All",1274,"Scss","Unabsorbed Inventory"
"35535",2014-12-01,"Dec 2014","Single",216,"Scss","Unabsorbed Inventory"
"35535",2014-12-01,"Dec 2014","Semi-Detached",27,"Scss","Unabsorbed Inventory"
"35535",2014-12-01,"Dec 2014","Row",103,"Scss","Unabsorbed Inventory"
"35535",2014-12-01,"Dec 2014","Apartment",917,"Scss","Unabsorbed Inventory"
"35535",2014-12-01,"Dec 2014","All",1263,"Scss","Unabsorbed Inventory"
"35535",2015-01-01,"Jan 2015","Single",227,"Scss","Unabsorbed Inventory"
"35535",2015-01-01,"Jan 2015","Semi-Detached",27,"Scss","Unabsorbed Inventory"
"35535",2015-01-01,"Jan 2015","Row",119,"Scss","Unabsorbed Inventory"
"35535",2015-01-01,"Jan 2015","Apartment",1602,"Scss","Unabsorbed Inventory"
"35535",2015-01-01,"Jan 2015","All",1975,"Scss","Unabsorbed Inventory"
"35535",2015-02-01,"Feb 2015","Single",224,"Scss","Unabsorbed Inventory"
"35535",2015-02-01,"Feb 2015","Semi-Detached",25,"Scss","Unabsorbed Inventory"
"35535",2015-02-01,"Feb 2015","Row",144,"Scss","Unabsorbed Inventory"
"35535",2015-02-01,"Feb 2015","Apartment",1758,"Scss","Unabsorbed Inventory"
"35535",2015-02-01,"Feb 2015","All",2151,"Scss","Unabsorbed Inventory"
"35535",2015-03-01,"Mar 2015","Single",214,"Scss","Unabsorbed Inventory"
"35535",2015-03-01,"Mar 2015","Semi-Detached",20,"Scss","Unabsorbed Inventory"
"35535",2015-03-01,"Mar 2015","Row",143,"Scss","Unabsorbed Inventory"
"35535",2015-03-01,"Mar 2015","Apartment",1871,"Scss","Unabsorbed Inventory"
"35535",2015-03-01,"Mar 2015","All",2248,"Scss","Unabsorbed Inventory"
"35535",2015-04-01,"Apr 2015","Single",235,"Scss","Unabsorbed Inventory"
"35535",2015-04-01,"Apr 2015","Semi-Detached",18,"Scss","Unabsorbed Inventory"
"35535",2015-04-01,"Apr 2015","Row",139,"Scss","Unabsorbed Inventory"
"35535",2015-04-01,"Apr 2015","Apartment",1987,"Scss","Unabsorbed Inventory"
"35535",2015-04-01,"Apr 2015","All",2379,"Scss","Unabsorbed Inventory"
"35535",2015-05-01,"May 2015","Single",227,"Scss","Unabsorbed Inventory"
"35535",2015-05-01,"May 2015","Semi-Detached",14,"Scss","Unabsorbed Inventory"
"35535",2015-05-01,"May 2015","Row",124,"Scss","Unabsorbed Inventory"
"35535",2015-05-01,"May 2015","Apartment",2803,"Scss","Unabsorbed Inventory"
"35535",2015-05-01,"May 2015","All",3168,"Scss","Unabsorbed Inventory"
"35535",2015-06-01,"Jun 2015","Single",230,"Scss","Unabsorbed Inventory"
"35535",2015-06-01,"Jun 2015","Semi-Detached",13,"Scss","Unabsorbed Inventory"
"35535",2015-06-01,"Jun 2015","Row",124,"Scss","Unabsorbed Inventory"
"35535",2015-06-01,"Jun 2015","Apartment",1956,"Scss","Unabsorbed Inventory"
"35535",2015-06-01,"Jun 2015","All",2323,"Scss","Unabsorbed Inventory"
"35535",2015-07-01,"Jul 2015","Single",214,"Scss","Unabsorbed Inventory"
"35535",2015-07-01,"Jul 2015","Semi-Detached",13,"Scss","Unabsorbed Inventory"
"35535",2015-07-01,"Jul 2015","Row",118,"Scss","Unabsorbed Inventory"
"35535",2015-07-01,"Jul 2015","Apartment",1868,"Scss","Unabsorbed Inventory"
"35535",2015-07-01,"Jul 2015","All",2213,"Scss","Unabsorbed Inventory"
"35535",2015-08-01,"Aug 2015","Single",220,"Scss","Unabsorbed Inventory"
"35535",2015-08-01,"Aug 2015","Semi-Detached",15,"Scss","Unabsorbed Inventory"
"35535",2015-08-01,"Aug 2015","Row",118,"Scss","Unabsorbed Inventory"
"35535",2015-08-01,"Aug 2015","Apartment",1939,"Scss","Unabsorbed Inventory"
"35535",2015-08-01,"Aug 2015","All",2292,"Scss","Unabsorbed Inventory"
"35535",2015-09-01,"Sep 2015","Single",242,"Scss","Unabsorbed Inventory"
"35535",2015-09-01,"Sep 2015","Semi-Detached",16,"Scss","Unabsorbed Inventory"
"35535",2015-09-01,"Sep 2015","Row",177,"Scss","Unabsorbed Inventory"
"35535",2015-09-01,"Sep 2015","Apartment",1865,"Scss","Unabsorbed Inventory"
"35535",2015-09-01,"Sep 2015","All",2300,"Scss","Unabsorbed Inventory"
"35535",2015-10-01,"Oct 2015","Single",250,"Scss","Unabsorbed Inventory"
"35535",2015-10-01,"Oct 2015","Semi-Detached",20,"Scss","Unabsorbed Inventory"
"35535",2015-10-01,"Oct 2015","Row",97,"Scss","Unabsorbed Inventory"
"35535",2015-10-01,"Oct 2015","Apartment",1890,"Scss","Unabsorbed Inventory"
"35535",2015-10-01,"Oct 2015","All",2257,"Scss","Unabsorbed Inventory"
"35535",2015-11-01,"Nov 2015","Single",277,"Scss","Unabsorbed Inventory"
"35535",2015-11-01,"Nov 2015","Semi-Detached",20,"Scss","Unabsorbed Inventory"
"35535",2015-11-01,"Nov 2015","Row",92,"Scss","Unabsorbed Inventory"
"35535",2015-11-01,"Nov 2015","Apartment",1898,"Scss","Unabsorbed Inventory"
"35535",2015-11-01,"Nov 2015","All",2287,"Scss","Unabsorbed Inventory"
"35535",2015-12-01,"Dec 2015","Single",280,"Scss","Unabsorbed Inventory"
"35535",2015-12-01,"Dec 2015","Semi-Detached",18,"Scss","Unabsorbed Inventory"
"35535",2015-12-01,"Dec 2015","Row",87,"Scss","Unabsorbed Inventory"
"35535",2015-12-01,"Dec 2015","Apartment",1966,"Scss","Unabsorbed Inventory"
"35535",2015-12-01,"Dec 2015","All",2351,"Scss","Unabsorbed Inventory"
"35535",2016-01-01,"Jan 2016","Single",269,"Scss","Unabsorbed Inventory"
"35535",2016-01-01,"Jan 2016","Semi-Detached",18,"Scss","Unabsorbed Inventory"
"35535",2016-01-01,"Jan 2016","Row",87,"Scss","Unabsorbed Inventory"
"35535",2016-01-01,"Jan 2016","Apartment",1831,"Scss","Unabsorbed Inventory"
"35535",2016-01-01,"Jan 2016","All",2205,"Scss","Unabsorbed Inventory"
"35535",2016-02-01,"Feb 2016","Single",277,"Scss","Unabsorbed Inventory"
"35535",2016-02-01,"Feb 2016","Semi-Detached",19,"Scss","Unabsorbed Inventory"
"35535",2016-02-01,"Feb 2016","Row",87,"Scss","Unabsorbed Inventory"
"35535",2016-02-01,"Feb 2016","Apartment",1519,"Scss","Unabsorbed Inventory"
"35535",2016-02-01,"Feb 2016","All",1902,"Scss","Unabsorbed Inventory"
"35535",2016-03-01,"Mar 2016","Single",261,"Scss","Unabsorbed Inventory"
"35535",2016-03-01,"Mar 2016","Semi-Detached",25,"Scss","Unabsorbed Inventory"
"35535",2016-03-01,"Mar 2016","Row",83,"Scss","Unabsorbed Inventory"
"35535",2016-03-01,"Mar 2016","Apartment",1373,"Scss","Unabsorbed Inventory"
"35535",2016-03-01,"Mar 2016","All",1742,"Scss","Unabsorbed Inventory"
"35535",2016-04-01,"Apr 2016","Single",238,"Scss","Unabsorbed Inventory"
"35535",2016-04-01,"Apr 2016","Semi-Detached",21,"Scss","Unabsorbed Inventory"
"35535",2016-04-01,"Apr 2016","Row",77,"Scss","Unabsorbed Inventory"
"35535",2016-04-01,"Apr 2016","Apartment",1373,"Scss","Unabsorbed Inventory"
"35535",2016-04-01,"Apr 2016","All",1709,"Scss","Unabsorbed Inventory"
"35535",2016-05-01,"May 2016","Single",235,"Scss","Unabsorbed Inventory"
"35535",2016-05-01,"May 2016","Semi-Detached",21,"Scss","Unabsorbed Inventory"
"35535",2016-05-01,"May 2016","Row",75,"Scss","Unabsorbed Inventory"
"35535",2016-05-01,"May 2016","Apartment",1457,"Scss","Unabsorbed Inventory"
"35535",2016-05-01,"May 2016","All",1788,"Scss","Unabsorbed Inventory"
"35535",2016-06-01,"Jun 2016","Single",249,"Scss","Unabsorbed Inventory"
"35535",2016-06-01,"Jun 2016","Semi-Detached",21,"Scss","Unabsorbed Inventory"
"35535",2016-06-01,"Jun 2016","Row",75,"Scss","Unabsorbed Inventory"
"35535",2016-06-01,"Jun 2016","Apartment",1473,"Scss","Unabsorbed Inventory"
"35535",2016-06-01,"Jun 2016","All",1818,"Scss","Unabsorbed Inventory"
"35535",2016-07-01,"Jul 2016","Single",248,"Scss","Unabsorbed Inventory"
"35535",2016-07-01,"Jul 2016","Semi-Detached",23,"Scss","Unabsorbed Inventory"
"35535",2016-07-01,"Jul 2016","Row",77,"Scss","Unabsorbed Inventory"
"35535",2016-07-01,"Jul 2016","Apartment",1226,"Scss","Unabsorbed Inventory"
"35535",2016-07-01,"Jul 2016","All",1574,"Scss","Unabsorbed Inventory"
"35535",2016-08-01,"Aug 2016","Single",236,"Scss","Unabsorbed Inventory"
"35535",2016-08-01,"Aug 2016","Semi-Detached",21,"Scss","Unabsorbed Inventory"
"35535",2016-08-01,"Aug 2016","Row",77,"Scss","Unabsorbed Inventory"
"35535",2016-08-01,"Aug 2016","Apartment",921,"Scss","Unabsorbed Inventory"
"35535",2016-08-01,"Aug 2016","All",1255,"Scss","Unabsorbed Inventory"
"35535",2016-09-01,"Sep 2016","Single",248,"Scss","Unabsorbed Inventory"
"35535",2016-09-01,"Sep 2016","Semi-Detached",21,"Scss","Unabsorbed Inventory"
"35535",2016-09-01,"Sep 2016","Row",77,"Scss","Unabsorbed Inventory"
"35535",2016-09-01,"Sep 2016","Apartment",907,"Scss","Unabsorbed Inventory"
"35535",2016-09-01,"Sep 2016","All",1253,"Scss","Unabsorbed Inventory"
"35535",2016-10-01,"Oct 2016","Single",246,"Scss","Unabsorbed Inventory"
"35535",2016-10-01,"Oct 2016","Semi-Detached",19,"Scss","Unabsorbed Inventory"
"35535",2016-10-01,"Oct 2016","Row",77,"Scss","Unabsorbed Inventory"
"35535",2016-10-01,"Oct 2016","Apartment",977,"Scss","Unabsorbed Inventory"
"35535",2016-10-01,"Oct 2016","All",1319,"Scss","Unabsorbed Inventory"
"35535",2016-11-01,"Nov 2016","Single",231,"Scss","Unabsorbed Inventory"
"35535",2016-11-01,"Nov 2016","Semi-Detached",23,"Scss","Unabsorbed Inventory"
"35535",2016-11-01,"Nov 2016","Row",77,"Scss","Unabsorbed Inventory"
"35535",2016-11-01,"Nov 2016","Apartment",951,"Scss","Unabsorbed Inventory"
"35535",2016-11-01,"Nov 2016","All",1282,"Scss","Unabsorbed Inventory"
"35535",2016-12-01,"Dec 2016","Single",280,"Scss","Unabsorbed Inventory"
"35535",2016-12-01,"Dec 2016","Semi-Detached",21,"Scss","Unabsorbed Inventory"
"35535",2016-12-01,"Dec 2016","Row",78,"Scss","Unabsorbed Inventory"
"35535",2016-12-01,"Dec 2016","Apartment",1032,"Scss","Unabsorbed Inventory"
"35535",2016-12-01,"Dec 2016","All",1411,"Scss","Unabsorbed Inventory"
"35535",2017-01-01,"Jan 2017","Single",299,"Scss","Unabsorbed Inventory"
"35535",2017-01-01,"Jan 2017","Semi-Detached",23,"Scss","Unabsorbed Inventory"
"35535",2017-01-01,"Jan 2017","Row",131,"Scss","Unabsorbed Inventory"
"35535",2017-01-01,"Jan 2017","Apartment",889,"Scss","Unabsorbed Inventory"
"35535",2017-01-01,"Jan 2017","All",1342,"Scss","Unabsorbed Inventory"
"35535",2017-02-01,"Feb 2017","Single",306,"Scss","Unabsorbed Inventory"
"35535",2017-02-01,"Feb 2017","Semi-Detached",21,"Scss","Unabsorbed Inventory"
"35535",2017-02-01,"Feb 2017","Row",131,"Scss","Unabsorbed Inventory"
"35535",2017-02-01,"Feb 2017","Apartment",905,"Scss","Unabsorbed Inventory"
"35535",2017-02-01,"Feb 2017","All",1363,"Scss","Unabsorbed Inventory"
"35535",2017-03-01,"Mar 2017","Single",300,"Scss","Unabsorbed Inventory"
"35535",2017-03-01,"Mar 2017","Semi-Detached",21,"Scss","Unabsorbed Inventory"
"35535",2017-03-01,"Mar 2017","Row",132,"Scss","Unabsorbed Inventory"
"35535",2017-03-01,"Mar 2017","Apartment",887,"Scss","Unabsorbed Inventory"
"35535",2017-03-01,"Mar 2017","All",1340,"Scss","Unabsorbed Inventory"
"35535",2017-04-01,"Apr 2017","Single",311,"Scss","Unabsorbed Inventory"
"35535",2017-04-01,"Apr 2017","Semi-Detached",20,"Scss","Unabsorbed Inventory"
"35535",2017-04-01,"Apr 2017","Row",109,"Scss","Unabsorbed Inventory"
"35535",2017-04-01,"Apr 2017","Apartment",885,"Scss","Unabsorbed Inventory"
"35535",2017-04-01,"Apr 2017","All",1325,"Scss","Unabsorbed Inventory"
"35535",2017-05-01,"May 2017","Single",297,"Scss","Unabsorbed Inventory"
"35535",2017-05-01,"May 2017","Semi-Detached",21,"Scss","Unabsorbed Inventory"
"35535",2017-05-01,"May 2017","Row",125,"Scss","Unabsorbed Inventory"
"35535",2017-05-01,"May 2017","Apartment",621,"Scss","Unabsorbed Inventory"
"35535",2017-05-01,"May 2017","All",1064,"Scss","Unabsorbed Inventory"
"35535",2017-06-01,"Jun 2017","Single",308,"Scss","Unabsorbed Inventory"
"35535",2017-06-01,"Jun 2017","Semi-Detached",25,"Scss","Unabsorbed Inventory"
"35535",2017-06-01,"Jun 2017","Row",129,"Scss","Unabsorbed Inventory"
"35535",2017-06-01,"Jun 2017","Apartment",373,"Scss","Unabsorbed Inventory"
"35535",2017-06-01,"Jun 2017","All",835,"Scss","Unabsorbed Inventory"
"35535",2017-07-01,"Jul 2017","Single",270,"Scss","Unabsorbed Inventory"
"35535",2017-07-01,"Jul 2017","Semi-Detached",25,"Scss","Unabsorbed Inventory"
"35535",2017-07-01,"Jul 2017","Row",119,"Scss","Unabsorbed Inventory"
"35535",2017-07-01,"Jul 2017","Apartment",206,"Scss","Unabsorbed Inventory"
"35535",2017-07-01,"Jul 2017","All",620,"Scss","Unabsorbed Inventory"
"35535",2017-08-01,"Aug 2017","Single",287,"Scss","Unabsorbed Inventory"
"35535",2017-08-01,"Aug 2017","Semi-Detached",25,"Scss","Unabsorbed Inventory"
"35535",2017-08-01,"Aug 2017","Row",134,"Scss","Unabsorbed Inventory"
"35535",2017-08-01,"Aug 2017","Apartment",205,"Scss","Unabsorbed Inventory"
"35535",2017-08-01,"Aug 2017","All",651,"Scss","Unabsorbed Inventory"
"35535",2017-09-01,"Sep 2017","Single",324,"Scss","Unabsorbed Inventory"
"35535",2017-09-01,"Sep 2017","Semi-Detached",25,"Scss","Unabsorbed Inventory"
"35535",2017-09-01,"Sep 2017","Row",105,"Scss","Unabsorbed Inventory"
"35535",2017-09-01,"Sep 2017","Apartment",193,"Scss","Unabsorbed Inventory"
"35535",2017-09-01,"Sep 2017","All",647,"Scss","Unabsorbed Inventory"
"35535",2017-10-01,"Oct 2017","Single",319,"Scss","Unabsorbed Inventory"
"35535",2017-10-01,"Oct 2017","Semi-Detached",29,"Scss","Unabsorbed Inventory"
"35535",2017-10-01,"Oct 2017","Row",94,"Scss","Unabsorbed Inventory"
"35535",2017-10-01,"Oct 2017","Apartment",197,"Scss","Unabsorbed Inventory"
"35535",2017-10-01,"Oct 2017","All",639,"Scss","Unabsorbed Inventory"
"35535",2017-11-01,"Nov 2017","Single",349,"Scss","Unabsorbed Inventory"
"35535",2017-11-01,"Nov 2017","Semi-Detached",24,"Scss","Unabsorbed Inventory"
"35535",2017-11-01,"Nov 2017","Row",94,"Scss","Unabsorbed Inventory"
"35535",2017-11-01,"Nov 2017","Apartment",219,"Scss","Unabsorbed Inventory"
"35535",2017-11-01,"Nov 2017","All",686,"Scss","Unabsorbed Inventory"
"35535",2017-12-01,"Dec 2017","Single",305,"Scss","Unabsorbed Inventory"
"35535",2017-12-01,"Dec 2017","Semi-Detached",24,"Scss","Unabsorbed Inventory"
"35535",2017-12-01,"Dec 2017","Row",80,"Scss","Unabsorbed Inventory"
"35535",2017-12-01,"Dec 2017","Apartment",254,"Scss","Unabsorbed Inventory"
"35535",2017-12-01,"Dec 2017","All",663,"Scss","Unabsorbed Inventory"
"35535",2018-01-01,"Jan 2018","Single",281,"Scss","Unabsorbed Inventory"
"35535",2018-01-01,"Jan 2018","Semi-Detached",25,"Scss","Unabsorbed Inventory"
"35535",2018-01-01,"Jan 2018","Row",100,"Scss","Unabsorbed Inventory"
"35535",2018-01-01,"Jan 2018","Apartment",202,"Scss","Unabsorbed Inventory"
"35535",2018-01-01,"Jan 2018","All",608,"Scss","Unabsorbed Inventory"
"35535",2018-02-01,"Feb 2018","Single",256,"Scss","Unabsorbed Inventory"
"35535",2018-02-01,"Feb 2018","Semi-Detached",25,"Scss","Unabsorbed Inventory"
"35535",2018-02-01,"Feb 2018","Row",90,"Scss","Unabsorbed Inventory"
"35535",2018-02-01,"Feb 2018","Apartment",192,"Scss","Unabsorbed Inventory"
"35535",2018-02-01,"Feb 2018","All",563,"Scss","Unabsorbed Inventory"
"35535",2018-03-01,"Mar 2018","Single",257,"Scss","Unabsorbed Inventory"
"35535",2018-03-01,"Mar 2018","Semi-Detached",19,"Scss","Unabsorbed Inventory"
"35535",2018-03-01,"Mar 2018","Row",70,"Scss","Unabsorbed Inventory"
"35535",2018-03-01,"Mar 2018","Apartment",142,"Scss","Unabsorbed Inventory"
"35535",2018-03-01,"Mar 2018","All",488,"Scss","Unabsorbed Inventory"
"35535",2018-04-01,"Apr 2018","Single",261,"Scss","Unabsorbed Inventory"
"35535",2018-04-01,"Apr 2018","Semi-Detached",15,"Scss","Unabsorbed Inventory"
"35535",2018-04-01,"Apr 2018","Row",81,"Scss","Unabsorbed Inventory"
"35535",2018-04-01,"Apr 2018","Apartment",142,"Scss","Unabsorbed Inventory"
"35535",2018-04-01,"Apr 2018","All",499,"Scss","Unabsorbed Inventory"
"35535",2018-05-01,"May 2018","Single",298,"Scss","Unabsorbed Inventory"
"35535",2018-05-01,"May 2018","Semi-Detached",15,"Scss","Unabsorbed Inventory"
"35535",2018-05-01,"May 2018","Row",73,"Scss","Unabsorbed Inventory"
"35535",2018-05-01,"May 2018","Apartment",162,"Scss","Unabsorbed Inventory"
"35535",2018-05-01,"May 2018","All",548,"Scss","Unabsorbed Inventory"
"35535",2018-06-01,"Jun 2018","Single",244,"Scss","Unabsorbed Inventory"
"35535",2018-06-01,"Jun 2018","Semi-Detached",13,"Scss","Unabsorbed Inventory"
"35535",2018-06-01,"Jun 2018","Row",67,"Scss","Unabsorbed Inventory"
"35535",2018-06-01,"Jun 2018","Apartment",105,"Scss","Unabsorbed Inventory"
"35535",2018-06-01,"Jun 2018","All",429,"Scss","Unabsorbed Inventory"
"35535",2018-07-01,"Jul 2018","Single",270,"Scss","Unabsorbed Inventory"
"35535",2018-07-01,"Jul 2018","Semi-Detached",19,"Scss","Unabsorbed Inventory"
"35535",2018-07-01,"Jul 2018","Row",85,"Scss","Unabsorbed Inventory"
"35535",2018-07-01,"Jul 2018","Apartment",105,"Scss","Unabsorbed Inventory"
"35535",2018-07-01,"Jul 2018","All",479,"Scss","Unabsorbed Inventory"
"35535",2018-08-01,"Aug 2018","Single",272,"Scss","Unabsorbed Inventory"
"35535",2018-08-01,"Aug 2018","Semi-Detached",15,"Scss","Unabsorbed Inventory"
"35535",2018-08-01,"Aug 2018","Row",75,"Scss","Unabsorbed Inventory"
"35535",2018-08-01,"Aug 2018","Apartment",106,"Scss","Unabsorbed Inventory"
"35535",2018-08-01,"Aug 2018","All",468,"Scss","Unabsorbed Inventory"
"35535",2018-09-01,"Sep 2018","Single",292,"Scss","Unabsorbed Inventory"
"35535",2018-09-01,"Sep 2018","Semi-Detached",15,"Scss","Unabsorbed Inventory"
"35535",2018-09-01,"Sep 2018","Row",75,"Scss","Unabsorbed Inventory"
"35535",2018-09-01,"Sep 2018","Apartment",67,"Scss","Unabsorbed Inventory"
"35535",2018-09-01,"Sep 2018","All",449,"Scss","Unabsorbed Inventory"
"35535",2018-10-01,"Oct 2018","Single",288,"Scss","Unabsorbed Inventory"
"35535",2018-10-01,"Oct 2018","Semi-Detached",16,"Scss","Unabsorbed Inventory"
"35535",2018-10-01,"Oct 2018","Row",75,"Scss","Unabsorbed Inventory"
"35535",2018-10-01,"Oct 2018","Apartment",76,"Scss","Unabsorbed Inventory"
"35535",2018-10-01,"Oct 2018","All",455,"Scss","Unabsorbed Inventory"
"35535",2018-11-01,"Nov 2018","Single",319,"Scss","Unabsorbed Inventory"
"35535",2018-11-01,"Nov 2018","Semi-Detached",18,"Scss","Unabsorbed Inventory"
"35535",2018-11-01,"Nov 2018","Row",74,"Scss","Unabsorbed Inventory"
"35535",2018-11-01,"Nov 2018","Apartment",49,"Scss","Unabsorbed Inventory"
"35535",2018-11-01,"Nov 2018","All",460,"Scss","Unabsorbed Inventory"
"35535",2018-12-01,"Dec 2018","Single",322,"Scss","Unabsorbed Inventory"
"35535",2018-12-01,"Dec 2018","Semi-Detached",22,"Scss","Unabsorbed Inventory"
"35535",2018-12-01,"Dec 2018","Row",73,"Scss","Unabsorbed Inventory"
"35535",2018-12-01,"Dec 2018","Apartment",44,"Scss","Unabsorbed Inventory"
"35535",2018-12-01,"Dec 2018","All",461,"Scss","Unabsorbed Inventory"
"35535",2019-01-01,"Jan 2019","Single",308,"Scss","Unabsorbed Inventory"
"35535",2019-01-01,"Jan 2019","Semi-Detached",21,"Scss","Unabsorbed Inventory"
"35535",2019-01-01,"Jan 2019","Row",73,"Scss","Unabsorbed Inventory"
"35535",2019-01-01,"Jan 2019","Apartment",45,"Scss","Unabsorbed Inventory"
"35535",2019-01-01,"Jan 2019","All",447,"Scss","Unabsorbed Inventory"
"35535",2019-02-01,"Feb 2019","Single",293,"Scss","Unabsorbed Inventory"
"35535",2019-02-01,"Feb 2019","Semi-Detached",19,"Scss","Unabsorbed Inventory"
"35535",2019-02-01,"Feb 2019","Row",22,"Scss","Unabsorbed Inventory"
"35535",2019-02-01,"Feb 2019","Apartment",84,"Scss","Unabsorbed Inventory"
"35535",2019-02-01,"Feb 2019","All",418,"Scss","Unabsorbed Inventory"
"35535",2019-03-01,"Mar 2019","Single",308,"Scss","Unabsorbed Inventory"
"35535",2019-03-01,"Mar 2019","Semi-Detached",24,"Scss","Unabsorbed Inventory"
"35535",2019-03-01,"Mar 2019","Row",22,"Scss","Unabsorbed Inventory"
"35535",2019-03-01,"Mar 2019","Apartment",222,"Scss","Unabsorbed Inventory"
"35535",2019-03-01,"Mar 2019","All",576,"Scss","Unabsorbed Inventory"
"35535",2019-04-01,"Apr 2019","Single",327,"Scss","Unabsorbed Inventory"
"35535",2019-04-01,"Apr 2019","Semi-Detached",23,"Scss","Unabsorbed Inventory"
"35535",2019-04-01,"Apr 2019","Row",32,"Scss","Unabsorbed Inventory"
"35535",2019-04-01,"Apr 2019","Apartment",222,"Scss","Unabsorbed Inventory"
"35535",2019-04-01,"Apr 2019","All",604,"Scss","Unabsorbed Inventory"
"35535",2019-05-01,"May 2019","Single",400,"Scss","Unabsorbed Inventory"
"35535",2019-05-01,"May 2019","Semi-Detached",59,"Scss","Unabsorbed Inventory"
"35535",2019-05-01,"May 2019","Row",67,"Scss","Unabsorbed Inventory"
"35535",2019-05-01,"May 2019","Apartment",230,"Scss","Unabsorbed Inventory"
"35535",2019-05-01,"May 2019","All",756,"Scss","Unabsorbed Inventory"
"35535",2019-06-01,"Jun 2019","Single",443,"Scss","Unabsorbed Inventory"
"35535",2019-06-01,"Jun 2019","Semi-Detached",63,"Scss","Unabsorbed Inventory"
"35535",2019-06-01,"Jun 2019","Row",67,"Scss","Unabsorbed Inventory"
"35535",2019-06-01,"Jun 2019","Apartment",230,"Scss","Unabsorbed Inventory"
"35535",2019-06-01,"Jun 2019","All",803,"Scss","Unabsorbed Inventory"
"35535",2019-07-01,"Jul 2019","Single",456,"Scss","Unabsorbed Inventory"
"35535",2019-07-01,"Jul 2019","Semi-Detached",111,"Scss","Unabsorbed Inventory"
"35535",2019-07-01,"Jul 2019","Row",81,"Scss","Unabsorbed Inventory"
"35535",2019-07-01,"Jul 2019","Apartment",226,"Scss","Unabsorbed Inventory"
"35535",2019-07-01,"Jul 2019","All",874,"Scss","Unabsorbed Inventory"
"35535",2019-08-01,"Aug 2019","Single",473,"Scss","Unabsorbed Inventory"
"35535",2019-08-01,"Aug 2019","Semi-Detached",107,"Scss","Unabsorbed Inventory"
"35535",2019-08-01,"Aug 2019","Row",97,"Scss","Unabsorbed Inventory"
"35535",2019-08-01,"Aug 2019","Apartment",231,"Scss","Unabsorbed Inventory"
"35535",2019-08-01,"Aug 2019","All",908,"Scss","Unabsorbed Inventory"
"35535",2019-09-01,"Sep 2019","Single",478,"Scss","Unabsorbed Inventory"
"35535",2019-09-01,"Sep 2019","Semi-Detached",96,"Scss","Unabsorbed Inventory"
"35535",2019-09-01,"Sep 2019","Row",162,"Scss","Unabsorbed Inventory"
"35535",2019-09-01,"Sep 2019","Apartment",250,"Scss","Unabsorbed Inventory"
"35535",2019-09-01,"Sep 2019","All",986,"Scss","Unabsorbed Inventory"
"35535",2019-10-01,"Oct 2019","Single",474,"Scss","Unabsorbed Inventory"
"35535",2019-10-01,"Oct 2019","Semi-Detached",87,"Scss","Unabsorbed Inventory"
"35535",2019-10-01,"Oct 2019","Row",163,"Scss","Unabsorbed Inventory"
"35535",2019-10-01,"Oct 2019","Apartment",250,"Scss","Unabsorbed Inventory"
"35535",2019-10-01,"Oct 2019","All",974,"Scss","Unabsorbed Inventory"
"35535",2019-11-01,"Nov 2019","Single",497,"Scss","Unabsorbed Inventory"
"35535",2019-11-01,"Nov 2019","Semi-Detached",70,"Scss","Unabsorbed Inventory"
"35535",2019-11-01,"Nov 2019","Row",204,"Scss","Unabsorbed Inventory"
"35535",2019-11-01,"Nov 2019","Apartment",268,"Scss","Unabsorbed Inventory"
"35535",2019-11-01,"Nov 2019","All",1039,"Scss","Unabsorbed Inventory"
"35535",2019-12-01,"Dec 2019","Single",493,"Scss","Unabsorbed Inventory"
"35535",2019-12-01,"Dec 2019","Semi-Detached",74,"Scss","Unabsorbed Inventory"
"35535",2019-12-01,"Dec 2019","Row",181,"Scss","Unabsorbed Inventory"
"35535",2019-12-01,"Dec 2019","Apartment",241,"Scss","Unabsorbed Inventory"
"35535",2019-12-01,"Dec 2019","All",989,"Scss","Unabsorbed Inventory"
"35535",2020-01-01,"Jan 2020","Single",495,"Scss","Unabsorbed Inventory"
"35535",2020-01-01,"Jan 2020","Semi-Detached",71,"Scss","Unabsorbed Inventory"
"35535",2020-01-01,"Jan 2020","Row",161,"Scss","Unabsorbed Inventory"
"35535",2020-01-01,"Jan 2020","Apartment",235,"Scss","Unabsorbed Inventory"
"35535",2020-01-01,"Jan 2020","All",962,"Scss","Unabsorbed Inventory"
"35535",2020-02-01,"Feb 2020","Single",479,"Scss","Unabsorbed Inventory"
"35535",2020-02-01,"Feb 2020","Semi-Detached",60,"Scss","Unabsorbed Inventory"
"35535",2020-02-01,"Feb 2020","Row",150,"Scss","Unabsorbed Inventory"
"35535",2020-02-01,"Feb 2020","Apartment",227,"Scss","Unabsorbed Inventory"
"35535",2020-02-01,"Feb 2020","All",916,"Scss","Unabsorbed Inventory"
"35535",2020-03-01,"Mar 2020","Single",504,"Scss","Unabsorbed Inventory"
"35535",2020-03-01,"Mar 2020","Semi-Detached",62,"Scss","Unabsorbed Inventory"
"35535",2020-03-01,"Mar 2020","Row",173,"Scss","Unabsorbed Inventory"
"35535",2020-03-01,"Mar 2020","Apartment",209,"Scss","Unabsorbed Inventory"
"35535",2020-03-01,"Mar 2020","All",948,"Scss","Unabsorbed Inventory"
"35535",2020-04-01,"Apr 2020","Single",474,"Scss","Unabsorbed Inventory"
"35535",2020-04-01,"Apr 2020","Semi-Detached",58,"Scss","Unabsorbed Inventory"
"35535",2020-04-01,"Apr 2020","Row",160,"Scss","Unabsorbed Inventory"
"35535",2020-04-01,"Apr 2020","Apartment",209,"Scss","Unabsorbed Inventory"
"35535",2020-04-01,"Apr 2020","All",901,"Scss","Unabsorbed Inventory"
"35535",2020-05-01,"May 2020","Single",484,"Scss","Unabsorbed Inventory"
"35535",2020-05-01,"May 2020","Semi-Detached",63,"Scss","Unabsorbed Inventory"
"35535",2020-05-01,"May 2020","Row",178,"Scss","Unabsorbed Inventory"
"35535",2020-05-01,"May 2020","Apartment",212,"Scss","Unabsorbed Inventory"
"35535",2020-05-01,"May 2020","All",937,"Scss","Unabsorbed Inventory"
"35535",2020-06-01,"Jun 2020","Single",492,"Scss","Unabsorbed Inventory"
"35535",2020-06-01,"Jun 2020","Semi-Detached",65,"Scss","Unabsorbed Inventory"
"35535",2020-06-01,"Jun 2020","Row",146,"Scss","Unabsorbed Inventory"
"35535",2020-06-01,"Jun 2020","Apartment",221,"Scss","Unabsorbed Inventory"
"35535",2020-06-01,"Jun 2020","All",924,"Scss","Unabsorbed Inventory"
"35535",2020-07-01,"Jul 2020","Single",489,"Scss","Unabsorbed Inventory"
"35535",2020-07-01,"Jul 2020","Semi-Detached",43,"Scss","Unabsorbed Inventory"
"35535",2020-07-01,"Jul 2020","Row",100,"Scss","Unabsorbed Inventory"
"35535",2020-07-01,"Jul 2020","Apartment",256,"Scss","Unabsorbed Inventory"
"35535",2020-07-01,"Jul 2020","All",888,"Scss","Unabsorbed Inventory"
"35535",2020-08-01,"Aug 2020","Single",505,"Scss","Unabsorbed Inventory"
"35535",2020-08-01,"Aug 2020","Semi-Detached",39,"Scss","Unabsorbed Inventory"
"35535",2020-08-01,"Aug 2020","Row",72,"Scss","Unabsorbed Inventory"
"35535",2020-08-01,"Aug 2020","Apartment",256,"Scss","Unabsorbed Inventory"
"35535",2020-08-01,"Aug 2020","All",872,"Scss","Unabsorbed Inventory"
"35535",2020-09-01,"Sep 2020","Single",468,"Scss","Unabsorbed Inventory"
"35535",2020-09-01,"Sep 2020","Semi-Detached",43,"Scss","Unabsorbed Inventory"
"35535",2020-09-01,"Sep 2020","Row",97,"Scss","Unabsorbed Inventory"
"35535",2020-09-01,"Sep 2020","Apartment",261,"Scss","Unabsorbed Inventory"
"35535",2020-09-01,"Sep 2020","All",869,"Scss","Unabsorbed Inventory"
"35535",2020-10-01,"Oct 2020","Single",439,"Scss","Unabsorbed Inventory"
"35535",2020-10-01,"Oct 2020","Semi-Detached",43,"Scss","Unabsorbed Inventory"
"35535",2020-10-01,"Oct 2020","Row",92,"Scss","Unabsorbed Inventory"
"35535",2020-10-01,"Oct 2020","Apartment",269,"Scss","Unabsorbed Inventory"
"35535",2020-10-01,"Oct 2020","All",843,"Scss","Unabsorbed Inventory"
"35535",2020-11-01,"Nov 2020","Single",469,"Scss","Unabsorbed Inventory"
"35535",2020-11-01,"Nov 2020","Semi-Detached",35,"Scss","Unabsorbed Inventory"
"35535",2020-11-01,"Nov 2020","Row",195,"Scss","Unabsorbed Inventory"
"35535",2020-11-01,"Nov 2020","Apartment",285,"Scss","Unabsorbed Inventory"
"35535",2020-11-01,"Nov 2020","All",984,"Scss","Unabsorbed Inventory"
"35535",2020-12-01,"Dec 2020","Single",436,"Scss","Unabsorbed Inventory"
"35535",2020-12-01,"Dec 2020","Semi-Detached",38,"Scss","Unabsorbed Inventory"
"35535",2020-12-01,"Dec 2020","Row",205,"Scss","Unabsorbed Inventory"
"35535",2020-12-01,"Dec 2020","Apartment",289,"Scss","Unabsorbed Inventory"
"35535",2020-12-01,"Dec 2020","All",968,"Scss","Unabsorbed Inventory"
"35535",2021-01-01,"Jan 2021","Single",446,"Scss","Unabsorbed Inventory"
"35535",2021-01-01,"Jan 2021","Semi-Detached",37,"Scss","Unabsorbed Inventory"
"35535",2021-01-01,"Jan 2021","Row",200,"Scss","Unabsorbed Inventory"
"35535",2021-01-01,"Jan 2021","Apartment",295,"Scss","Unabsorbed Inventory"
"35535",2021-01-01,"Jan 2021","All",978,"Scss","Unabsorbed Inventory"
"35535",2021-02-01,"Feb 2021","Single",419,"Scss","Unabsorbed Inventory"
"35535",2021-02-01,"Feb 2021","Semi-Detached",29,"Scss","Unabsorbed Inventory"
"35535",2021-02-01,"Feb 2021","Row",210,"Scss","Unabsorbed Inventory"
"35535",2021-02-01,"Feb 2021","Apartment",306,"Scss","Unabsorbed Inventory"
"35535",2021-02-01,"Feb 2021","All",964,"Scss","Unabsorbed Inventory"
"35535",2021-03-01,"Mar 2021","Single",401,"Scss","Unabsorbed Inventory"
"35535",2021-03-01,"Mar 2021","Semi-Detached",27,"Scss","Unabsorbed Inventory"
"35535",2021-03-01,"Mar 2021","Row",147,"Scss","Unabsorbed Inventory"
"35535",2021-03-01,"Mar 2021","Apartment",186,"Scss","Unabsorbed Inventory"
"35535",2021-03-01,"Mar 2021","All",761,"Scss","Unabsorbed Inventory"
"35535",2021-04-01,"Apr 2021","Single",431,"Scss","Unabsorbed Inventory"
"35535",2021-04-01,"Apr 2021","Semi-Detached",22,"Scss","Unabsorbed Inventory"
"35535",2021-04-01,"Apr 2021","Row",157,"Scss","Unabsorbed Inventory"
"35535",2021-04-01,"Apr 2021","Apartment",174,"Scss","Unabsorbed Inventory"
"35535",2021-04-01,"Apr 2021","All",784,"Scss","Unabsorbed Inventory"
"35535",2021-05-01,"May 2021","Single",387,"Scss","Unabsorbed Inventory"
"35535",2021-05-01,"May 2021","Semi-Detached",22,"Scss","Unabsorbed Inventory"
"35535",2021-05-01,"May 2021","Row",160,"Scss","Unabsorbed Inventory"
"35535",2021-05-01,"May 2021","Apartment",532,"Scss","Unabsorbed Inventory"
"35535",2021-05-01,"May 2021","All",1101,"Scss","Unabsorbed Inventory"
"35535",2021-06-01,"Jun 2021","Single",375,"Scss","Unabsorbed Inventory"
"35535",2021-06-01,"Jun 2021","Semi-Detached",22,"Scss","Unabsorbed Inventory"
"35535",2021-06-01,"Jun 2021","Row",164,"Scss","Unabsorbed Inventory"
"35535",2021-06-01,"Jun 2021","Apartment",530,"Scss","Unabsorbed Inventory"
"35535",2021-06-01,"Jun 2021","All",1091,"Scss","Unabsorbed Inventory"
"35535",2021-07-01,"Jul 2021","Single",367,"Scss","Unabsorbed Inventory"
"35535",2021-07-01,"Jul 2021","Semi-Detached",22,"Scss","Unabsorbed Inventory"
"35535",2021-07-01,"Jul 2021","Row",98,"Scss","Unabsorbed Inventory"
"35535",2021-07-01,"Jul 2021","Apartment",516,"Scss","Unabsorbed Inventory"
"35535",2021-07-01,"Jul 2021","All",1003,"Scss","Unabsorbed Inventory"
"35535",2021-08-01,"Aug 2021","Single",345,"Scss","Unabsorbed Inventory"
"35535",2021-08-01,"Aug 2021","Semi-Detached",24,"Scss","Unabsorbed Inventory"
"35535",2021-08-01,"Aug 2021","Row",81,"Scss","Unabsorbed Inventory"
"35535",2021-08-01,"Aug 2021","Apartment",519,"Scss","Unabsorbed Inventory"
"35535",2021-08-01,"Aug 2021","All",969,"Scss","Unabsorbed Inventory"
"35535",2021-09-01,"Sep 2021","Single",345,"Scss","Unabsorbed Inventory"
"35535",2021-09-01,"Sep 2021","Semi-Detached",22,"Scss","Unabsorbed Inventory"
"35535",2021-09-01,"Sep 2021","Row",79,"Scss","Unabsorbed Inventory"
"35535",2021-09-01,"Sep 2021","Apartment",210,"Scss","Unabsorbed Inventory"
"35535",2021-09-01,"Sep 2021","All",656,"Scss","Unabsorbed Inventory"
"35535",2021-10-01,"Oct 2021","Single",325,"Scss","Unabsorbed Inventory"
"35535",2021-10-01,"Oct 2021","Semi-Detached",20,"Scss","Unabsorbed Inventory"
"35535",2021-10-01,"Oct 2021","Row",93,"Scss","Unabsorbed Inventory"
"35535",2021-10-01,"Oct 2021","Apartment",175,"Scss","Unabsorbed Inventory"
"35535",2021-10-01,"Oct 2021","All",613,"Scss","Unabsorbed Inventory"
"35535",2021-11-01,"Nov 2021","Single",390,"Scss","Unabsorbed Inventory"
"35535",2021-11-01,"Nov 2021","Semi-Detached",32,"Scss","Unabsorbed Inventory"
"35535",2021-11-01,"Nov 2021","Row",135,"Scss","Unabsorbed Inventory"
"35535",2021-11-01,"Nov 2021","Apartment",147,"Scss","Unabsorbed Inventory"
"35535",2021-11-01,"Nov 2021","All",704,"Scss","Unabsorbed Inventory"
"35535",2021-12-01,"Dec 2021","Single",372,"Scss","Unabsorbed Inventory"
"35535",2021-12-01,"Dec 2021","Semi-Detached",28,"Scss","Unabsorbed Inventory"
"35535",2021-12-01,"Dec 2021","Row",114,"Scss","Unabsorbed Inventory"
"35535",2021-12-01,"Dec 2021","Apartment",160,"Scss","Unabsorbed Inventory"
"35535",2021-12-01,"Dec 2021","All",674,"Scss","Unabsorbed Inventory"
"35535",2022-01-01,"Jan 2022","Single",338,"Scss","Unabsorbed Inventory"
"35535",2022-01-01,"Jan 2022","Semi-Detached",18,"Scss","Unabsorbed Inventory"
"35535",2022-01-01,"Jan 2022","Row",107,"Scss","Unabsorbed Inventory"
"35535",2022-01-01,"Jan 2022","Apartment",160,"Scss","Unabsorbed Inventory"
"35535",2022-01-01,"Jan 2022","All",623,"Scss","Unabsorbed Inventory"
"35535",2022-02-01,"Feb 2022","Single",328,"Scss","Unabsorbed Inventory"
"35535",2022-02-01,"Feb 2022","Semi-Detached",17,"Scss","Unabsorbed Inventory"
"35535",2022-02-01,"Feb 2022","Row",108,"Scss","Unabsorbed Inventory"
"35535",2022-02-01,"Feb 2022","Apartment",182,"Scss","Unabsorbed Inventory"
"35535",2022-02-01,"Feb 2022","All",635,"Scss","Unabsorbed Inventory"
"35535",2022-03-01,"Mar 2022","Single",302,"Scss","Unabsorbed Inventory"
"35535",2022-03-01,"Mar 2022","Semi-Detached",18,"Scss","Unabsorbed Inventory"
"35535",2022-03-01,"Mar 2022","Row",99,"Scss","Unabsorbed Inventory"
"35535",2022-03-01,"Mar 2022","Apartment",197,"Scss","Unabsorbed Inventory"
"35535",2022-03-01,"Mar 2022","All",616,"Scss","Unabsorbed Inventory"
"35535",2022-04-01,"Apr 2022","Single",299,"Scss","Unabsorbed Inventory"
"35535",2022-04-01,"Apr 2022","Semi-Detached",18,"Scss","Unabsorbed Inventory"
"35535",2022-04-01,"Apr 2022","Row",106,"Scss","Unabsorbed Inventory"
"35535",2022-04-01,"Apr 2022","Apartment",200,"Scss","Unabsorbed Inventory"
"35535",2022-04-01,"Apr 2022","All",623,"Scss","Unabsorbed Inventory"
"35535",2022-05-01,"May 2022","Single",300,"Scss","Unabsorbed Inventory"
"35535",2022-05-01,"May 2022","Semi-Detached",17,"Scss","Unabsorbed Inventory"
"35535",2022-05-01,"May 2022","Row",108,"Scss","Unabsorbed Inventory"
"35535",2022-05-01,"May 2022","Apartment",179,"Scss","Unabsorbed Inventory"
"35535",2022-05-01,"May 2022","All",604,"Scss","Unabsorbed Inventory"
"35535",2022-06-01,"Jun 2022","Single",322,"Scss","Unabsorbed Inventory"
"35535",2022-06-01,"Jun 2022","Semi-Detached",21,"Scss","Unabsorbed Inventory"
"35535",2022-06-01,"Jun 2022","Row",194,"Scss","Unabsorbed Inventory"
"35535",2022-06-01,"Jun 2022","Apartment",82,"Scss","Unabsorbed Inventory"
"35535",2022-06-01,"Jun 2022","All",619,"Scss","Unabsorbed Inventory"
"35535",2022-07-01,"Jul 2022","Single",379,"Scss","Unabsorbed Inventory"
"35535",2022-07-01,"Jul 2022","Semi-Detached",39,"Scss","Unabsorbed Inventory"
"35535",2022-07-01,"Jul 2022","Row",201,"Scss","Unabsorbed Inventory"
"35535",2022-07-01,"Jul 2022","Apartment",92,"Scss","Unabsorbed Inventory"
"35535",2022-07-01,"Jul 2022","All",711,"Scss","Unabsorbed Inventory"
"35535",2022-08-01,"Aug 2022","Single",355,"Scss","Unabsorbed Inventory"
"35535",2022-08-01,"Aug 2022","Semi-Detached",19,"Scss","Unabsorbed Inventory"
"35535",2022-08-01,"Aug 2022","Row",202,"Scss","Unabsorbed Inventory"
"35535",2022-08-01,"Aug 2022","Apartment",89,"Scss","Unabsorbed Inventory"
"35535",2022-08-01,"Aug 2022","All",665,"Scss","Unabsorbed Inventory"
"35535",2022-09-01,"Sep 2022","Single",381,"Scss","Unabsorbed Inventory"
"35535",2022-09-01,"Sep 2022","Semi-Detached",16,"Scss","Unabsorbed Inventory"
"35535",2022-09-01,"Sep 2022","Row",162,"Scss","Unabsorbed Inventory"
"35535",2022-09-01,"Sep 2022","Apartment",98,"Scss","Unabsorbed Inventory"
"35535",2022-09-01,"Sep 2022","All",657,"Scss","Unabsorbed Inventory"
"35535",2022-10-01,"Oct 2022","Single",363,"Scss","Unabsorbed Inventory"
"35535",2022-10-01,"Oct 2022","Semi-Detached",26,"Scss","Unabsorbed Inventory"
"35535",2022-10-01,"Oct 2022","Row",111,"Scss","Unabsorbed Inventory"
"35535",2022-10-01,"Oct 2022","Apartment",70,"Scss","Unabsorbed Inventory"
"35535",2022-10-01,"Oct 2022","All",570,"Scss","Unabsorbed Inventory"
"35535",2022-11-01,"Nov 2022","Single",347,"Scss","Unabsorbed Inventory"
"35535",2022-11-01,"Nov 2022","Semi-Detached",19,"Scss","Unabsorbed Inventory"
"35535",2022-11-01,"Nov 2022","Row",98,"Scss","Unabsorbed Inventory"
"35535",2022-11-01,"Nov 2022","Apartment",70,"Scss","Unabsorbed Inventory"
"35535",2022-11-01,"Nov 2022","All",534,"Scss","Unabsorbed Inventory"
"35535",2022-12-01,"Dec 2022","Single",337,"Scss","Unabsorbed Inventory"
"35535",2022-12-01,"Dec 2022","Semi-Detached",22,"Scss","Unabsorbed Inventory"
"35535",2022-12-01,"Dec 2022","Row",85,"Scss","Unabsorbed Inventory"
"35535",2022-12-01,"Dec 2022","Apartment",86,"Scss","Unabsorbed Inventory"
"35535",2022-12-01,"Dec 2022","All",530,"Scss","Unabsorbed Inventory"
"35535",2023-01-01,"Jan 2023","Single",339,"Scss","Unabsorbed Inventory"
"35535",2023-01-01,"Jan 2023","Semi-Detached",24,"Scss","Unabsorbed Inventory"
"35535",2023-01-01,"Jan 2023","Row",87,"Scss","Unabsorbed Inventory"
"35535",2023-01-01,"Jan 2023","Apartment",86,"Scss","Unabsorbed Inventory"
"35535",2023-01-01,"Jan 2023","All",536,"Scss","Unabsorbed Inventory"
"35535",2023-02-01,"Feb 2023","Single",356,"Scss","Unabsorbed Inventory"
"35535",2023-02-01,"Feb 2023","Semi-Detached",24,"Scss","Unabsorbed Inventory"
"35535",2023-02-01,"Feb 2023","Row",86,"Scss","Unabsorbed Inventory"
"35535",2023-02-01,"Feb 2023","Apartment",103,"Scss","Unabsorbed Inventory"
"35535",2023-02-01,"Feb 2023","All",569,"Scss","Unabsorbed Inventory"
"35535",2023-03-01,"Mar 2023","Single",344,"Scss","Unabsorbed Inventory"
"35535",2023-03-01,"Mar 2023","Semi-Detached",22,"Scss","Unabsorbed Inventory"
"35535",2023-03-01,"Mar 2023","Row",68,"Scss","Unabsorbed Inventory"
"35535",2023-03-01,"Mar 2023","Apartment",109,"Scss","Unabsorbed Inventory"
"35535",2023-03-01,"Mar 2023","All",543,"Scss","Unabsorbed Inventory"
"35535",2023-04-01,"Apr 2023","Single",376,"Scss","Unabsorbed Inventory"
"35535",2023-04-01,"Apr 2023","Semi-Detached",20,"Scss","Unabsorbed Inventory"
"35535",2023-04-01,"Apr 2023","Row",74,"Scss","Unabsorbed Inventory"
"35535",2023-04-01,"Apr 2023","Apartment",109,"Scss","Unabsorbed Inventory"
"35535",2023-04-01,"Apr 2023","All",579,"Scss","Unabsorbed Inventory"
"35535",2023-05-01,"May 2023","Single",374,"Scss","Unabsorbed Inventory"
"35535",2023-05-01,"May 2023","Semi-Detached",18,"Scss","Unabsorbed Inventory"
"35535",2023-05-01,"May 2023","Row",64,"Scss","Unabsorbed Inventory"
"35535",2023-05-01,"May 2023","Apartment",109,"Scss","Unabsorbed Inventory"
"35535",2023-05-01,"May 2023","All",565,"Scss","Unabsorbed Inventory"
"35535",2023-06-01,"Jun 2023","Single",373,"Scss","Unabsorbed Inventory"
"35535",2023-06-01,"Jun 2023","Semi-Detached",24,"Scss","Unabsorbed Inventory"
"35535",2023-06-01,"Jun 2023","Row",67,"Scss","Unabsorbed Inventory"
"35535",2023-06-01,"Jun 2023","Apartment",119,"Scss","Unabsorbed Inventory"
"35535",2023-06-01,"Jun 2023","All",583,"Scss","Unabsorbed Inventory"
"35535",2023-07-01,"Jul 2023","Single",400,"Scss","Unabsorbed Inventory"
"35535",2023-07-01,"Jul 2023","Semi-Detached",25,"Scss","Unabsorbed Inventory"
"35535",2023-07-01,"Jul 2023","Row",76,"Scss","Unabsorbed Inventory"
"35535",2023-07-01,"Jul 2023","Apartment",33,"Scss","Unabsorbed Inventory"
"35535",2023-07-01,"Jul 2023","All",534,"Scss","Unabsorbed Inventory"
"35535",2023-08-01,"Aug 2023","Single",524,"Scss","Unabsorbed Inventory"
"35535",2023-08-01,"Aug 2023","Semi-Detached",20,"Scss","Unabsorbed Inventory"
"35535",2023-08-01,"Aug 2023","Row",108,"Scss","Unabsorbed Inventory"
"35535",2023-08-01,"Aug 2023","Apartment",37,"Scss","Unabsorbed Inventory"
"35535",2023-08-01,"Aug 2023","All",689,"Scss","Unabsorbed Inventory"
"35535",2023-09-01,"Sep 2023","Single",516,"Scss","Unabsorbed Inventory"
"35535",2023-09-01,"Sep 2023","Semi-Detached",20,"Scss","Unabsorbed Inventory"
"35535",2023-09-01,"Sep 2023","Row",133,"Scss","Unabsorbed Inventory"
"35535",2023-09-01,"Sep 2023","Apartment",0,"Scss","Unabsorbed Inventory"
"35535",2023-09-01,"Sep 2023","All",669,"Scss","Unabsorbed Inventory"
"35535",2023-10-01,"Oct 2023","Single",541,"Scss","Unabsorbed Inventory"
"35535",2023-10-01,"Oct 2023","Semi-Detached",19,"Scss","Unabsorbed Inventory"
"35535",2023-10-01,"Oct 2023","Row",131,"Scss","Unabsorbed Inventory"
"35535",2023-10-01,"Oct 2023","Apartment",4,"Scss","Unabsorbed Inventory"
"35535",2023-10-01,"Oct 2023","All",695,"Scss","Unabsorbed Inventory"
"35535",2023-11-01,"Nov 2023","Single",551,"Scss","Unabsorbed Inventory"
"35535",2023-11-01,"Nov 2023","Semi-Detached",21,"Scss","Unabsorbed Inventory"
"35535",2023-11-01,"Nov 2023","Row",128,"Scss","Unabsorbed Inventory"
"35535",2023-11-01,"Nov 2023","Apartment",0,"Scss","Unabsorbed Inventory"
"35535",2023-11-01,"Nov 2023","All",700,"Scss","Unabsorbed Inventory"
"35535",2023-12-01,"Dec 2023","Single",546,"Scss","Unabsorbed Inventory"
"35535",2023-12-01,"Dec 2023","Semi-Detached",20,"Scss","Unabsorbed Inventory"
"35535",2023-12-01,"Dec 2023","Row",28,"Scss","Unabsorbed Inventory"
"35535",2023-12-01,"Dec 2023","Apartment",0,"Scss","Unabsorbed Inventory"
"35535",2023-12-01,"Dec 2023","All",594,"Scss","Unabsorbed Inventory"
"35535",2024-01-01,"Jan 2024","Single",534,"Scss","Unabsorbed Inventory"
"35535",2024-01-01,"Jan 2024","Semi-Detached",17,"Scss","Unabsorbed Inventory"
"35535",2024-01-01,"Jan 2024","Row",31,"Scss","Unabsorbed Inventory"
"35535",2024-01-01,"Jan 2024","Apartment",0,"Scss","Unabsorbed Inventory"
"35535",2024-01-01,"Jan 2024","All",582,"Scss","Unabsorbed Inventory"
"35535",2024-02-01,"Feb 2024","Single",437,"Scss","Unabsorbed Inventory"
"35535",2024-02-01,"Feb 2024","Semi-Detached",17,"Scss","Unabsorbed Inventory"
"35535",2024-02-01,"Feb 2024","Row",26,"Scss","Unabsorbed Inventory"
"35535",2024-02-01,"Feb 2024","Apartment",10,"Scss","Unabsorbed Inventory"
"35535",2024-02-01,"Feb 2024","All",490,"Scss","Unabsorbed Inventory"
"35535",2024-03-01,"Mar 2024","Single",442,"Scss","Unabsorbed Inventory"
"35535",2024-03-01,"Mar 2024","Semi-Detached",16,"Scss","Unabsorbed Inventory"
"35535",2024-03-01,"Mar 2024","Row",13,"Scss","Unabsorbed Inventory"
"35535",2024-03-01,"Mar 2024","Apartment",0,"Scss","Unabsorbed Inventory"
"35535",2024-03-01,"Mar 2024","All",471,"Scss","Unabsorbed Inventory"
"35535",2024-04-01,"Apr 2024","Single",414,"Scss","Unabsorbed Inventory"
"35535",2024-04-01,"Apr 2024","Semi-Detached",15,"Scss","Unabsorbed Inventory"
"35535",2024-04-01,"Apr 2024","Row",16,"Scss","Unabsorbed Inventory"
"35535",2024-04-01,"Apr 2024","Apartment",50,"Scss","Unabsorbed Inventory"
"35535",2024-04-01,"Apr 2024","All",495,"Scss","Unabsorbed Inventory"
"35535",2024-05-01,"May 2024","Single",419,"Scss","Unabsorbed Inventory"
"35535",2024-05-01,"May 2024","Semi-Detached",14,"Scss","Unabsorbed Inventory"
"35535",2024-05-01,"May 2024","Row",56,"Scss","Unabsorbed Inventory"
"35535",2024-05-01,"May 2024","Apartment",50,"Scss","Unabsorbed Inventory"
"35535",2024-05-01,"May 2024","All",539,"Scss","Unabsorbed Inventory"
"35535",2024-06-01,"Jun 2024","Single",418,"Scss","Unabsorbed Inventory"
"35535",2024-06-01,"Jun 2024","Semi-Detached",13,"Scss","Unabsorbed Inventory"
"35535",2024-06-01,"Jun 2024","Row",125,"Scss","Unabsorbed Inventory"
"35535",2024-06-01,"Jun 2024","Apartment",50,"Scss","Unabsorbed Inventory"
"35535",2024-06-01,"Jun 2024","All",606,"Scss","Unabsorbed Inventory"
"35535",2024-07-01,"Jul 2024","Single",417,"Scss","Unabsorbed Inventory"
"35535",2024-07-01,"Jul 2024","Semi-Detached",14,"Scss","Unabsorbed Inventory"
"35535",2024-07-01,"Jul 2024","Row",100,"Scss","Unabsorbed Inventory"
"35535",2024-07-01,"Jul 2024","Apartment",50,"Scss","Unabsorbed Inventory"
"35535",2024-07-01,"Jul 2024","All",581,"Scss","Unabsorbed Inventory"
"35535",2024-08-01,"Aug 2024","Single",401,"Scss","Unabsorbed Inventory"
"35535",2024-08-01,"Aug 2024","Semi-Detached",13,"Scss","Unabsorbed Inventory"
"35535",2024-08-01,"Aug 2024","Row",18,"Scss","Unabsorbed Inventory"
"35535",2024-08-01,"Aug 2024","Apartment",50,"Scss","Unabsorbed Inventory"
"35535",2024-08-01,"Aug 2024","All",482,"Scss","Unabsorbed Inventory"
"35535",2024-09-01,"Sep 2024","Single",408,"Scss","Unabsorbed Inventory"
"35535",2024-09-01,"Sep 2024","Semi-Detached",18,"Scss","Unabsorbed Inventory"
"35535",2024-09-01,"Sep 2024","Row",63,"Scss","Unabsorbed Inventory"
"35535",2024-09-01,"Sep 2024","Apartment",50,"Scss","Unabsorbed Inventory"
"35535",2024-09-01,"Sep 2024","All",539,"Scss","Unabsorbed Inventory"
"35535",2024-10-01,"Oct 2024","Single",416,"Scss","Unabsorbed Inventory"
"35535",2024-10-01,"Oct 2024","Semi-Detached",20,"Scss","Unabsorbed Inventory"
"35535",2024-10-01,"Oct 2024","Row",77,"Scss","Unabsorbed Inventory"
"35535",2024-10-01,"Oct 2024","Apartment",50,"Scss","Unabsorbed Inventory"
"35535",2024-10-01,"Oct 2024","All",563,"Scss","Unabsorbed Inventory"
"35535",2024-11-01,"Nov 2024","Single",445,"Scss","Unabsorbed Inventory"
"35535",2024-11-01,"Nov 2024","Semi-Detached",17,"Scss","Unabsorbed Inventory"
"35535",2024-11-01,"Nov 2024","Row",27,"Scss","Unabsorbed Inventory"
"35535",2024-11-01,"Nov 2024","Apartment",50,"Scss","Unabsorbed Inventory"
"35535",2024-11-01,"Nov 2024","All",539,"Scss","Unabsorbed Inventory"
"35535",2024-12-01,"Dec 2024","Single",411,"Scss","Unabsorbed Inventory"
"35535",2024-12-01,"Dec 2024","Semi-Detached",14,"Scss","Unabsorbed Inventory"
"35535",2024-12-01,"Dec 2024","Row",39,"Scss","Unabsorbed Inventory"
"35535",2024-12-01,"Dec 2024","Apartment",50,"Scss","Unabsorbed Inventory"
"35535",2024-12-01,"Dec 2024","All",514,"Scss","Unabsorbed Inventory"
"35535",2025-01-01,"Jan 2025","Single",421,"Scss","Unabsorbed Inventory"
"35535",2025-01-01,"Jan 2025","Semi-Detached",12,"Scss","Unabsorbed Inventory"
"35535",2025-01-01,"Jan 2025","Row",36,"Scss","Unabsorbed Inventory"
"35535",2025-01-01,"Jan 2025","Apartment",54,"Scss","Unabsorbed Inventory"
"35535",2025-01-01,"Jan 2025","All",523,"Scss","Unabsorbed Inventory"
"35535",2025-02-01,"Feb 2025","Single",415,"Scss","Unabsorbed Inventory"
"35535",2025-02-01,"Feb 2025","Semi-Detached",12,"Scss","Unabsorbed Inventory"
"35535",2025-02-01,"Feb 2025","Row",49,"Scss","Unabsorbed Inventory"
"35535",2025-02-01,"Feb 2025","Apartment",79,"Scss","Unabsorbed Inventory"
"35535",2025-02-01,"Feb 2025","All",555,"Scss","Unabsorbed Inventory"
"35535",2025-03-01,"Mar 2025","Single",462,"Scss","Unabsorbed Inventory"
"35535",2025-03-01,"Mar 2025","Semi-Detached",35,"Scss","Unabsorbed Inventory"
"35535",2025-03-01,"Mar 2025","Row",51,"Scss","Unabsorbed Inventory"
"35535",2025-03-01,"Mar 2025","Apartment",144,"Scss","Unabsorbed Inventory"
"35535",2025-03-01,"Mar 2025","All",692,"Scss","Unabsorbed Inventory"
"35535",2025-04-01,"Apr 2025","Single",471,"Scss","Unabsorbed Inventory"
"35535",2025-04-01,"Apr 2025","Semi-Detached",15,"Scss","Unabsorbed Inventory"
"35535",2025-04-01,"Apr 2025","Row",81,"Scss","Unabsorbed Inventory"
"35535",2025-04-01,"Apr 2025","Apartment",144,"Scss","Unabsorbed Inventory"
"35535",2025-04-01,"Apr 2025","All",711,"Scss","Unabsorbed Inventory"
"35535",2025-05-01,"May 2025","Single",442,"Scss","Unabsorbed Inventory"
"35535",2025-05-01,"May 2025","Semi-Detached",25,"Scss","Unabsorbed Inventory"
"35535",2025-05-01,"May 2025","Row",117,"Scss","Unabsorbed Inventory"
"35535",2025-05-01,"May 2025","Apartment",169,"Scss","Unabsorbed Inventory"
"35535",2025-05-01,"May 2025","All",753,"Scss","Unabsorbed Inventory"
"35535",2025-06-01,"Jun 2025","Single",416,"Scss","Unabsorbed Inventory"
"35535",2025-06-01,"Jun 2025","Semi-Detached",32,"Scss","Unabsorbed Inventory"
"35535",2025-06-01,"Jun 2025","Row",183,"Scss","Unabsorbed Inventory"
"35535",2025-06-01,"Jun 2025","Apartment",192,"Scss","Unabsorbed Inventory"
"35535",2025-06-01,"Jun 2025","All",823,"Scss","Unabsorbed Inventory"
"35535",2025-07-01,"Jul 2025","Single",458,"Scss","Unabsorbed Inventory"
"35535",2025-07-01,"Jul 2025","Semi-Detached",34,"Scss","Unabsorbed Inventory"
"35535",2025-07-01,"Jul 2025","Row",169,"Scss","Unabsorbed Inventory"
"35535",2025-07-01,"Jul 2025","Apartment",215,"Scss","Unabsorbed Inventory"
"35535",2025-07-01,"Jul 2025","All",876,"Scss","Unabsorbed Inventory"
"35535",2025-08-01,"Aug 2025","Single",439,"Scss","Unabsorbed Inventory"
"35535",2025-08-01,"Aug 2025","Semi-Detached",30,"Scss","Unabsorbed Inventory"
"35535",2025-08-01,"Aug 2025","Row",194,"Scss","Unabsorbed Inventory"
"35535",2025-08-01,"Aug 2025","Apartment",321,"Scss","Unabsorbed Inventory"
"35535",2025-08-01,"Aug 2025","All",984,"Scss","Unabsorbed Inventory"
"35535",2025-09-01,"Sep 2025","Single",473,"Scss","Unabsorbed Inventory"
"35535",2025-09-01,"Sep 2025","Semi-Detached",29,"Scss","Unabsorbed Inventory"
"35535",2025-09-01,"Sep 2025","Row",221,"Scss","Unabsorbed Inventory"
"35535",2025-09-01,"Sep 2025","Apartment",339,"Scss","Unabsorbed Inventory"
"35535",2025-09-01,"Sep 2025","All",1062,"Scss","Unabsorbed Inventory"
"35535",2025-10-01,"Oct 2025","Single",459,"Scss","Unabsorbed Inventory"
"35535",2025-10-01,"Oct 2025","Semi-Detached",28,"Scss","Unabsorbed Inventory"
"35535",2025-10-01,"Oct 2025","Row",239,"Scss","Unabsorbed Inventory"
"35535",2025-10-01,"Oct 2025","Apartment",465,"Scss","Unabsorbed Inventory"
"35535",2025-10-01,"Oct 2025","All",1191,"Scss","Unabsorbed Inventory"
"35535",2025-11-01,"Nov 2025","Single",487,"Scss","Unabsorbed Inventory"
"35535",2025-11-01,"Nov 2025","Semi-Detached",24,"Scss","Unabsorbed Inventory"
"35535",2025-11-01,"Nov 2025","Row",282,"Scss","Unabsorbed Inventory"
"35535",2025-11-01,"Nov 2025","Apartment",513,"Scss","Unabsorbed Inventory"
"35535",2025-11-01,"Nov 2025","All",1306,"Scss","Unabsorbed Inventory"
"35535",2025-12-01,"Dec 2025","Single",498,"Scss","Unabsorbed Inventory"
"35535",2025-12-01,"Dec 2025","Semi-Detached",22,"Scss","Unabsorbed Inventory"
"35535",2025-12-01,"Dec 2025","Row",324,"Scss","Unabsorbed Inventory"
"35535",2025-12-01,"Dec 2025","Apartment",585,"Scss","Unabsorbed Inventory"
"35535",2025-12-01,"Dec 2025","All",1429,"Scss","Unabsorbed Inventory"
"35535",2026-01-01,"Jan 2026","Single",474,"Scss","Unabsorbed Inventory"
"35535",2026-01-01,"Jan 2026","Semi-Detached",24,"Scss","Unabsorbed Inventory"
"35535",2026-01-01,"Jan 2026","Row",279,"Scss","Unabsorbed Inventory"
"35535",2026-01-01,"Jan 2026","Apartment",601,"Scss","Unabsorbed Inventory"
"35535",2026-01-01,"Jan 2026","All",1378,"Scss","Unabsorbed Inventory"
"35535",2026-02-01,"Feb 2026","Single",480,"Scss","Unabsorbed Inventory"
"35535",2026-02-01,"Feb 2026","Semi-Detached",24,"Scss","Unabsorbed Inventory"
"35535",2026-02-01,"Feb 2026","Row",289,"Scss","Unabsorbed Inventory"
"35535",2026-02-01,"Feb 2026","Apartment",683,"Scss","Unabsorbed Inventory"
"35535",2026-02-01,"Feb 2026","All",1476,"Scss","Unabsorbed Inventory"
