"GeoUID","Date","DateString","Dwelling Type","Value","Survey","Series"
"48825",1990-01-01,"Jan 1990","Single",484,"Scss","Completions"
"48825",1990-01-01,"Jan 1990","Semi-Detached",12,"Scss","Completions"
"48825",1990-01-01,"Jan 1990","Row",14,"Scss","Completions"
"48825",1990-01-01,"Jan 1990","Apartment",0,"Scss","Completions"
"48825",1990-01-01,"Jan 1990","All",510,"Scss","Completions"
"48825",1990-02-01,"Feb 1990","Single",393,"Scss","Completions"
"48825",1990-02-01,"Feb 1990","Semi-Detached",12,"Scss","Completions"
"48825",1990-02-01,"Feb 1990","Row",4,"Scss","Completions"
"48825",1990-02-01,"Feb 1990","Apartment",2,"Scss","Completions"
"48825",1990-02-01,"Feb 1990","All",411,"Scss","Completions"
"48825",1990-03-01,"Mar 1990","Single",590,"Scss","Completions"
"48825",1990-03-01,"Mar 1990","Semi-Detached",34,"Scss","Completions"
"48825",1990-03-01,"Mar 1990","Row",70,"Scss","Completions"
"48825",1990-03-01,"Mar 1990","Apartment",0,"Scss","Completions"
"48825",1990-03-01,"Mar 1990","All",694,"Scss","Completions"
"48825",1990-04-01,"Apr 1990","Single",674,"Scss","Completions"
"48825",1990-04-01,"Apr 1990","Semi-Detached",72,"Scss","Completions"
"48825",1990-04-01,"Apr 1990","Row",12,"Scss","Completions"
"48825",1990-04-01,"Apr 1990","Apartment",8,"Scss","Completions"
"48825",1990-04-01,"Apr 1990","All",766,"Scss","Completions"
"48825",1990-05-01,"May 1990","Single",645,"Scss","Completions"
"48825",1990-05-01,"May 1990","Semi-Detached",34,"Scss","Completions"
"48825",1990-05-01,"May 1990","Row",102,"Scss","Completions"
"48825",1990-05-01,"May 1990","Apartment",9,"Scss","Completions"
"48825",1990-05-01,"May 1990","All",790,"Scss","Completions"
"48825",1990-06-01,"Jun 1990","Single",555,"Scss","Completions"
"48825",1990-06-01,"Jun 1990","Semi-Detached",216,"Scss","Completions"
"48825",1990-06-01,"Jun 1990","Row",12,"Scss","Completions"
"48825",1990-06-01,"Jun 1990","Apartment",171,"Scss","Completions"
"48825",1990-06-01,"Jun 1990","All",954,"Scss","Completions"
"48825",1990-07-01,"Jul 1990","Single",677,"Scss","Completions"
"48825",1990-07-01,"Jul 1990","Semi-Detached",12,"Scss","Completions"
"48825",1990-07-01,"Jul 1990","Row",35,"Scss","Completions"
"48825",1990-07-01,"Jul 1990","Apartment",56,"Scss","Completions"
"48825",1990-07-01,"Jul 1990","All",780,"Scss","Completions"
"48825",1990-08-01,"Aug 1990","Single",463,"Scss","Completions"
"48825",1990-08-01,"Aug 1990","Semi-Detached",40,"Scss","Completions"
"48825",1990-08-01,"Aug 1990","Row",20,"Scss","Completions"
"48825",1990-08-01,"Aug 1990","Apartment",0,"Scss","Completions"
"48825",1990-08-01,"Aug 1990","All",523,"Scss","Completions"
"48825",1990-09-01,"Sep 1990","Single",761,"Scss","Completions"
"48825",1990-09-01,"Sep 1990","Semi-Detached",2,"Scss","Completions"
"48825",1990-09-01,"Sep 1990","Row",0,"Scss","Completions"
"48825",1990-09-01,"Sep 1990","Apartment",36,"Scss","Completions"
"48825",1990-09-01,"Sep 1990","All",799,"Scss","Completions"
"48825",1990-10-01,"Oct 1990","Single",500,"Scss","Completions"
"48825",1990-10-01,"Oct 1990","Semi-Detached",40,"Scss","Completions"
"48825",1990-10-01,"Oct 1990","Row",24,"Scss","Completions"
"48825",1990-10-01,"Oct 1990","Apartment",0,"Scss","Completions"
"48825",1990-10-01,"Oct 1990","All",564,"Scss","Completions"
"48825",1990-11-01,"Nov 1990","Single",354,"Scss","Completions"
"48825",1990-11-01,"Nov 1990","Semi-Detached",8,"Scss","Completions"
"48825",1990-11-01,"Nov 1990","Row",3,"Scss","Completions"
"48825",1990-11-01,"Nov 1990","Apartment",1,"Scss","Completions"
"48825",1990-11-01,"Nov 1990","All",366,"Scss","Completions"
"48825",1990-12-01,"Dec 1990","Single",336,"Scss","Completions"
"48825",1990-12-01,"Dec 1990","Semi-Detached",10,"Scss","Completions"
"48825",1990-12-01,"Dec 1990","Row",6,"Scss","Completions"
"48825",1990-12-01,"Dec 1990","Apartment",0,"Scss","Completions"
"48825",1990-12-01,"Dec 1990","All",352,"Scss","Completions"
"48825",1991-01-01,"Jan 1991","Single",282,"Scss","Completions"
"48825",1991-01-01,"Jan 1991","Semi-Detached",17,"Scss","Completions"
"48825",1991-01-01,"Jan 1991","Row",0,"Scss","Completions"
"48825",1991-01-01,"Jan 1991","Apartment",0,"Scss","Completions"
"48825",1991-01-01,"Jan 1991","All",299,"Scss","Completions"
"48825",1991-02-01,"Feb 1991","Single",361,"Scss","Completions"
"48825",1991-02-01,"Feb 1991","Semi-Detached",18,"Scss","Completions"
"48825",1991-02-01,"Feb 1991","Row",0,"Scss","Completions"
"48825",1991-02-01,"Feb 1991","Apartment",0,"Scss","Completions"
"48825",1991-02-01,"Feb 1991","All",379,"Scss","Completions"
"48825",1991-03-01,"Mar 1991","Single",256,"Scss","Completions"
"48825",1991-03-01,"Mar 1991","Semi-Detached",12,"Scss","Completions"
"48825",1991-03-01,"Mar 1991","Row",14,"Scss","Completions"
"48825",1991-03-01,"Mar 1991","Apartment",63,"Scss","Completions"
"48825",1991-03-01,"Mar 1991","All",345,"Scss","Completions"
"48825",1991-04-01,"Apr 1991","Single",327,"Scss","Completions"
"48825",1991-04-01,"Apr 1991","Semi-Detached",12,"Scss","Completions"
"48825",1991-04-01,"Apr 1991","Row",29,"Scss","Completions"
"48825",1991-04-01,"Apr 1991","Apartment",118,"Scss","Completions"
"48825",1991-04-01,"Apr 1991","All",486,"Scss","Completions"
"48825",1991-05-01,"May 1991","Single",288,"Scss","Completions"
"48825",1991-05-01,"May 1991","Semi-Detached",14,"Scss","Completions"
"48825",1991-05-01,"May 1991","Row",40,"Scss","Completions"
"48825",1991-05-01,"May 1991","Apartment",72,"Scss","Completions"
"48825",1991-05-01,"May 1991","All",414,"Scss","Completions"
"48825",1991-06-01,"Jun 1991","Single",273,"Scss","Completions"
"48825",1991-06-01,"Jun 1991","Semi-Detached",4,"Scss","Completions"
"48825",1991-06-01,"Jun 1991","Row",12,"Scss","Completions"
"48825",1991-06-01,"Jun 1991","Apartment",0,"Scss","Completions"
"48825",1991-06-01,"Jun 1991","All",289,"Scss","Completions"
"48825",1991-07-01,"Jul 1991","Single",372,"Scss","Completions"
"48825",1991-07-01,"Jul 1991","Semi-Detached",38,"Scss","Completions"
"48825",1991-07-01,"Jul 1991","Row",70,"Scss","Completions"
"48825",1991-07-01,"Jul 1991","Apartment",40,"Scss","Completions"
"48825",1991-07-01,"Jul 1991","All",520,"Scss","Completions"
"48825",1991-08-01,"Aug 1991","Single",394,"Scss","Completions"
"48825",1991-08-01,"Aug 1991","Semi-Detached",14,"Scss","Completions"
"48825",1991-08-01,"Aug 1991","Row",0,"Scss","Completions"
"48825",1991-08-01,"Aug 1991","Apartment",0,"Scss","Completions"
"48825",1991-08-01,"Aug 1991","All",408,"Scss","Completions"
"48825",1991-09-01,"Sep 1991","Single",421,"Scss","Completions"
"48825",1991-09-01,"Sep 1991","Semi-Detached",6,"Scss","Completions"
"48825",1991-09-01,"Sep 1991","Row",12,"Scss","Completions"
"48825",1991-09-01,"Sep 1991","Apartment",144,"Scss","Completions"
"48825",1991-09-01,"Sep 1991","All",583,"Scss","Completions"
"48825",1991-10-01,"Oct 1991","Single",354,"Scss","Completions"
"48825",1991-10-01,"Oct 1991","Semi-Detached",18,"Scss","Completions"
"48825",1991-10-01,"Oct 1991","Row",44,"Scss","Completions"
"48825",1991-10-01,"Oct 1991","Apartment",48,"Scss","Completions"
"48825",1991-10-01,"Oct 1991","All",464,"Scss","Completions"
"48825",1991-11-01,"Nov 1991","Single",357,"Scss","Completions"
"48825",1991-11-01,"Nov 1991","Semi-Detached",22,"Scss","Completions"
"48825",1991-11-01,"Nov 1991","Row",4,"Scss","Completions"
"48825",1991-11-01,"Nov 1991","Apartment",43,"Scss","Completions"
"48825",1991-11-01,"Nov 1991","All",426,"Scss","Completions"
"48825",1991-12-01,"Dec 1991","Single",320,"Scss","Completions"
"48825",1991-12-01,"Dec 1991","Semi-Detached",6,"Scss","Completions"
"48825",1991-12-01,"Dec 1991","Row",84,"Scss","Completions"
"48825",1991-12-01,"Dec 1991","Apartment",42,"Scss","Completions"
"48825",1991-12-01,"Dec 1991","All",452,"Scss","Completions"
"48825",1992-01-01,"Jan 1992","Single",289,"Scss","Completions"
"48825",1992-01-01,"Jan 1992","Semi-Detached",10,"Scss","Completions"
"48825",1992-01-01,"Jan 1992","Row",79,"Scss","Completions"
"48825",1992-01-01,"Jan 1992","Apartment",0,"Scss","Completions"
"48825",1992-01-01,"Jan 1992","All",378,"Scss","Completions"
"48825",1992-02-01,"Feb 1992","Single",433,"Scss","Completions"
"48825",1992-02-01,"Feb 1992","Semi-Detached",38,"Scss","Completions"
"48825",1992-02-01,"Feb 1992","Row",33,"Scss","Completions"
"48825",1992-02-01,"Feb 1992","Apartment",22,"Scss","Completions"
"48825",1992-02-01,"Feb 1992","All",526,"Scss","Completions"
"48825",1992-03-01,"Mar 1992","Single",272,"Scss","Completions"
"48825",1992-03-01,"Mar 1992","Semi-Detached",28,"Scss","Completions"
"48825",1992-03-01,"Mar 1992","Row",24,"Scss","Completions"
"48825",1992-03-01,"Mar 1992","Apartment",5,"Scss","Completions"
"48825",1992-03-01,"Mar 1992","All",329,"Scss","Completions"
"48825",1992-04-01,"Apr 1992","Single",345,"Scss","Completions"
"48825",1992-04-01,"Apr 1992","Semi-Detached",42,"Scss","Completions"
"48825",1992-04-01,"Apr 1992","Row",41,"Scss","Completions"
"48825",1992-04-01,"Apr 1992","Apartment",28,"Scss","Completions"
"48825",1992-04-01,"Apr 1992","All",456,"Scss","Completions"
"48825",1992-05-01,"May 1992","Single",489,"Scss","Completions"
"48825",1992-05-01,"May 1992","Semi-Detached",16,"Scss","Completions"
"48825",1992-05-01,"May 1992","Row",21,"Scss","Completions"
"48825",1992-05-01,"May 1992","Apartment",5,"Scss","Completions"
"48825",1992-05-01,"May 1992","All",531,"Scss","Completions"
"48825",1992-06-01,"Jun 1992","Single",569,"Scss","Completions"
"48825",1992-06-01,"Jun 1992","Semi-Detached",38,"Scss","Completions"
"48825",1992-06-01,"Jun 1992","Row",59,"Scss","Completions"
"48825",1992-06-01,"Jun 1992","Apartment",35,"Scss","Completions"
"48825",1992-06-01,"Jun 1992","All",701,"Scss","Completions"
"48825",1992-07-01,"Jul 1992","Single",624,"Scss","Completions"
"48825",1992-07-01,"Jul 1992","Semi-Detached",34,"Scss","Completions"
"48825",1992-07-01,"Jul 1992","Row",38,"Scss","Completions"
"48825",1992-07-01,"Jul 1992","Apartment",0,"Scss","Completions"
"48825",1992-07-01,"Jul 1992","All",696,"Scss","Completions"
"48825",1992-08-01,"Aug 1992","Single",527,"Scss","Completions"
"48825",1992-08-01,"Aug 1992","Semi-Detached",28,"Scss","Completions"
"48825",1992-08-01,"Aug 1992","Row",25,"Scss","Completions"
"48825",1992-08-01,"Aug 1992","Apartment",3,"Scss","Completions"
"48825",1992-08-01,"Aug 1992","All",583,"Scss","Completions"
"48825",1992-09-01,"Sep 1992","Single",623,"Scss","Completions"
"48825",1992-09-01,"Sep 1992","Semi-Detached",18,"Scss","Completions"
"48825",1992-09-01,"Sep 1992","Row",22,"Scss","Completions"
"48825",1992-09-01,"Sep 1992","Apartment",0,"Scss","Completions"
"48825",1992-09-01,"Sep 1992","All",663,"Scss","Completions"
"48825",1992-10-01,"Oct 1992","Single",476,"Scss","Completions"
"48825",1992-10-01,"Oct 1992","Semi-Detached",40,"Scss","Completions"
"48825",1992-10-01,"Oct 1992","Row",51,"Scss","Completions"
"48825",1992-10-01,"Oct 1992","Apartment",11,"Scss","Completions"
"48825",1992-10-01,"Oct 1992","All",578,"Scss","Completions"
"48825",1992-11-01,"Nov 1992","Single",488,"Scss","Completions"
"48825",1992-11-01,"Nov 1992","Semi-Detached",16,"Scss","Completions"
"48825",1992-11-01,"Nov 1992","Row",40,"Scss","Completions"
"48825",1992-11-01,"Nov 1992","Apartment",0,"Scss","Completions"
"48825",1992-11-01,"Nov 1992","All",544,"Scss","Completions"
"48825",1992-12-01,"Dec 1992","Single",429,"Scss","Completions"
"48825",1992-12-01,"Dec 1992","Semi-Detached",32,"Scss","Completions"
"48825",1992-12-01,"Dec 1992","Row",24,"Scss","Completions"
"48825",1992-12-01,"Dec 1992","Apartment",39,"Scss","Completions"
"48825",1992-12-01,"Dec 1992","All",524,"Scss","Completions"
"48825",1993-01-01,"Jan 1993","Single",301,"Scss","Completions"
"48825",1993-01-01,"Jan 1993","Semi-Detached",38,"Scss","Completions"
"48825",1993-01-01,"Jan 1993","Row",21,"Scss","Completions"
"48825",1993-01-01,"Jan 1993","Apartment",0,"Scss","Completions"
"48825",1993-01-01,"Jan 1993","All",360,"Scss","Completions"
"48825",1993-02-01,"Feb 1993","Single",381,"Scss","Completions"
"48825",1993-02-01,"Feb 1993","Semi-Detached",16,"Scss","Completions"
"48825",1993-02-01,"Feb 1993","Row",26,"Scss","Completions"
"48825",1993-02-01,"Feb 1993","Apartment",54,"Scss","Completions"
"48825",1993-02-01,"Feb 1993","All",477,"Scss","Completions"
"48825",1993-03-01,"Mar 1993","Single",358,"Scss","Completions"
"48825",1993-03-01,"Mar 1993","Semi-Detached",8,"Scss","Completions"
"48825",1993-03-01,"Mar 1993","Row",14,"Scss","Completions"
"48825",1993-03-01,"Mar 1993","Apartment",0,"Scss","Completions"
"48825",1993-03-01,"Mar 1993","All",380,"Scss","Completions"
"48825",1993-04-01,"Apr 1993","Single",439,"Scss","Completions"
"48825",1993-04-01,"Apr 1993","Semi-Detached",30,"Scss","Completions"
"48825",1993-04-01,"Apr 1993","Row",50,"Scss","Completions"
"48825",1993-04-01,"Apr 1993","Apartment",4,"Scss","Completions"
"48825",1993-04-01,"Apr 1993","All",523,"Scss","Completions"
"48825",1993-05-01,"May 1993","Single",425,"Scss","Completions"
"48825",1993-05-01,"May 1993","Semi-Detached",30,"Scss","Completions"
"48825",1993-05-01,"May 1993","Row",61,"Scss","Completions"
"48825",1993-05-01,"May 1993","Apartment",10,"Scss","Completions"
"48825",1993-05-01,"May 1993","All",526,"Scss","Completions"
"48825",1993-06-01,"Jun 1993","Single",495,"Scss","Completions"
"48825",1993-06-01,"Jun 1993","Semi-Detached",44,"Scss","Completions"
"48825",1993-06-01,"Jun 1993","Row",63,"Scss","Completions"
"48825",1993-06-01,"Jun 1993","Apartment",0,"Scss","Completions"
"48825",1993-06-01,"Jun 1993","All",602,"Scss","Completions"
"48825",1993-07-01,"Jul 1993","Single",506,"Scss","Completions"
"48825",1993-07-01,"Jul 1993","Semi-Detached",22,"Scss","Completions"
"48825",1993-07-01,"Jul 1993","Row",63,"Scss","Completions"
"48825",1993-07-01,"Jul 1993","Apartment",0,"Scss","Completions"
"48825",1993-07-01,"Jul 1993","All",591,"Scss","Completions"
"48825",1993-08-01,"Aug 1993","Single",404,"Scss","Completions"
"48825",1993-08-01,"Aug 1993","Semi-Detached",44,"Scss","Completions"
"48825",1993-08-01,"Aug 1993","Row",50,"Scss","Completions"
"48825",1993-08-01,"Aug 1993","Apartment",0,"Scss","Completions"
"48825",1993-08-01,"Aug 1993","All",498,"Scss","Completions"
"48825",1993-09-01,"Sep 1993","Single",480,"Scss","Completions"
"48825",1993-09-01,"Sep 1993","Semi-Detached",34,"Scss","Completions"
"48825",1993-09-01,"Sep 1993","Row",65,"Scss","Completions"
"48825",1993-09-01,"Sep 1993","Apartment",0,"Scss","Completions"
"48825",1993-09-01,"Sep 1993","All",579,"Scss","Completions"
"48825",1993-10-01,"Oct 1993","Single",564,"Scss","Completions"
"48825",1993-10-01,"Oct 1993","Semi-Detached",34,"Scss","Completions"
"48825",1993-10-01,"Oct 1993","Row",88,"Scss","Completions"
"48825",1993-10-01,"Oct 1993","Apartment",49,"Scss","Completions"
"48825",1993-10-01,"Oct 1993","All",735,"Scss","Completions"
"48825",1993-11-01,"Nov 1993","Single",415,"Scss","Completions"
"48825",1993-11-01,"Nov 1993","Semi-Detached",28,"Scss","Completions"
"48825",1993-11-01,"Nov 1993","Row",39,"Scss","Completions"
"48825",1993-11-01,"Nov 1993","Apartment",3,"Scss","Completions"
"48825",1993-11-01,"Nov 1993","All",485,"Scss","Completions"
"48825",1993-12-01,"Dec 1993","Single",395,"Scss","Completions"
"48825",1993-12-01,"Dec 1993","Semi-Detached",14,"Scss","Completions"
"48825",1993-12-01,"Dec 1993","Row",121,"Scss","Completions"
"48825",1993-12-01,"Dec 1993","Apartment",0,"Scss","Completions"
"48825",1993-12-01,"Dec 1993","All",530,"Scss","Completions"
"48825",1994-01-01,"Jan 1994","Single",392,"Scss","Completions"
"48825",1994-01-01,"Jan 1994","Semi-Detached",16,"Scss","Completions"
"48825",1994-01-01,"Jan 1994","Row",32,"Scss","Completions"
"48825",1994-01-01,"Jan 1994","Apartment",58,"Scss","Completions"
"48825",1994-01-01,"Jan 1994","All",498,"Scss","Completions"
"48825",1994-02-01,"Feb 1994","Single",361,"Scss","Completions"
"48825",1994-02-01,"Feb 1994","Semi-Detached",16,"Scss","Completions"
"48825",1994-02-01,"Feb 1994","Row",57,"Scss","Completions"
"48825",1994-02-01,"Feb 1994","Apartment",10,"Scss","Completions"
"48825",1994-02-01,"Feb 1994","All",444,"Scss","Completions"
"48825",1994-03-01,"Mar 1994","Single",301,"Scss","Completions"
"48825",1994-03-01,"Mar 1994","Semi-Detached",10,"Scss","Completions"
"48825",1994-03-01,"Mar 1994","Row",36,"Scss","Completions"
"48825",1994-03-01,"Mar 1994","Apartment",0,"Scss","Completions"
"48825",1994-03-01,"Mar 1994","All",347,"Scss","Completions"
"48825",1994-04-01,"Apr 1994","Single",515,"Scss","Completions"
"48825",1994-04-01,"Apr 1994","Semi-Detached",32,"Scss","Completions"
"48825",1994-04-01,"Apr 1994","Row",120,"Scss","Completions"
"48825",1994-04-01,"Apr 1994","Apartment",0,"Scss","Completions"
"48825",1994-04-01,"Apr 1994","All",667,"Scss","Completions"
"48825",1994-05-01,"May 1994","Single",508,"Scss","Completions"
"48825",1994-05-01,"May 1994","Semi-Detached",32,"Scss","Completions"
"48825",1994-05-01,"May 1994","Row",91,"Scss","Completions"
"48825",1994-05-01,"May 1994","Apartment",13,"Scss","Completions"
"48825",1994-05-01,"May 1994","All",644,"Scss","Completions"
"48825",1994-06-01,"Jun 1994","Single",540,"Scss","Completions"
"48825",1994-06-01,"Jun 1994","Semi-Detached",44,"Scss","Completions"
"48825",1994-06-01,"Jun 1994","Row",175,"Scss","Completions"
"48825",1994-06-01,"Jun 1994","Apartment",0,"Scss","Completions"
"48825",1994-06-01,"Jun 1994","All",759,"Scss","Completions"
"48825",1994-07-01,"Jul 1994","Single",666,"Scss","Completions"
"48825",1994-07-01,"Jul 1994","Semi-Detached",28,"Scss","Completions"
"48825",1994-07-01,"Jul 1994","Row",84,"Scss","Completions"
"48825",1994-07-01,"Jul 1994","Apartment",13,"Scss","Completions"
"48825",1994-07-01,"Jul 1994","All",791,"Scss","Completions"
"48825",1994-08-01,"Aug 1994","Single",507,"Scss","Completions"
"48825",1994-08-01,"Aug 1994","Semi-Detached",16,"Scss","Completions"
"48825",1994-08-01,"Aug 1994","Row",20,"Scss","Completions"
"48825",1994-08-01,"Aug 1994","Apartment",0,"Scss","Completions"
"48825",1994-08-01,"Aug 1994","All",543,"Scss","Completions"
"48825",1994-09-01,"Sep 1994","Single",641,"Scss","Completions"
"48825",1994-09-01,"Sep 1994","Semi-Detached",40,"Scss","Completions"
"48825",1994-09-01,"Sep 1994","Row",48,"Scss","Completions"
"48825",1994-09-01,"Sep 1994","Apartment",0,"Scss","Completions"
"48825",1994-09-01,"Sep 1994","All",729,"Scss","Completions"
"48825",1994-10-01,"Oct 1994","Single",406,"Scss","Completions"
"48825",1994-10-01,"Oct 1994","Semi-Detached",26,"Scss","Completions"
"48825",1994-10-01,"Oct 1994","Row",34,"Scss","Completions"
"48825",1994-10-01,"Oct 1994","Apartment",4,"Scss","Completions"
"48825",1994-10-01,"Oct 1994","All",470,"Scss","Completions"
"48825",1994-11-01,"Nov 1994","Single",396,"Scss","Completions"
"48825",1994-11-01,"Nov 1994","Semi-Detached",22,"Scss","Completions"
"48825",1994-11-01,"Nov 1994","Row",97,"Scss","Completions"
"48825",1994-11-01,"Nov 1994","Apartment",12,"Scss","Completions"
"48825",1994-11-01,"Nov 1994","All",527,"Scss","Completions"
"48825",1994-12-01,"Dec 1994","Single",351,"Scss","Completions"
"48825",1994-12-01,"Dec 1994","Semi-Detached",28,"Scss","Completions"
"48825",1994-12-01,"Dec 1994","Row",16,"Scss","Completions"
"48825",1994-12-01,"Dec 1994","Apartment",9,"Scss","Completions"
"48825",1994-12-01,"Dec 1994","All",404,"Scss","Completions"
"48825",1995-01-01,"Jan 1995","Single",281,"Scss","Completions"
"48825",1995-01-01,"Jan 1995","Semi-Detached",20,"Scss","Completions"
"48825",1995-01-01,"Jan 1995","Row",30,"Scss","Completions"
"48825",1995-01-01,"Jan 1995","Apartment",9,"Scss","Completions"
"48825",1995-01-01,"Jan 1995","All",340,"Scss","Completions"
"48825",1995-02-01,"Feb 1995","Single",244,"Scss","Completions"
"48825",1995-02-01,"Feb 1995","Semi-Detached",28,"Scss","Completions"
"48825",1995-02-01,"Feb 1995","Row",71,"Scss","Completions"
"48825",1995-02-01,"Feb 1995","Apartment",0,"Scss","Completions"
"48825",1995-02-01,"Feb 1995","All",343,"Scss","Completions"
"48825",1995-03-01,"Mar 1995","Single",272,"Scss","Completions"
"48825",1995-03-01,"Mar 1995","Semi-Detached",4,"Scss","Completions"
"48825",1995-03-01,"Mar 1995","Row",55,"Scss","Completions"
"48825",1995-03-01,"Mar 1995","Apartment",63,"Scss","Completions"
"48825",1995-03-01,"Mar 1995","All",394,"Scss","Completions"
"48825",1995-04-01,"Apr 1995","Single",274,"Scss","Completions"
"48825",1995-04-01,"Apr 1995","Semi-Detached",14,"Scss","Completions"
"48825",1995-04-01,"Apr 1995","Row",38,"Scss","Completions"
"48825",1995-04-01,"Apr 1995","Apartment",63,"Scss","Completions"
"48825",1995-04-01,"Apr 1995","All",389,"Scss","Completions"
"48825",1995-05-01,"May 1995","Single",293,"Scss","Completions"
"48825",1995-05-01,"May 1995","Semi-Detached",16,"Scss","Completions"
"48825",1995-05-01,"May 1995","Row",38,"Scss","Completions"
"48825",1995-05-01,"May 1995","Apartment",50,"Scss","Completions"
"48825",1995-05-01,"May 1995","All",397,"Scss","Completions"
"48825",1995-06-01,"Jun 1995","Single",470,"Scss","Completions"
"48825",1995-06-01,"Jun 1995","Semi-Detached",32,"Scss","Completions"
"48825",1995-06-01,"Jun 1995","Row",42,"Scss","Completions"
"48825",1995-06-01,"Jun 1995","Apartment",0,"Scss","Completions"
"48825",1995-06-01,"Jun 1995","All",544,"Scss","Completions"
"48825",1995-07-01,"Jul 1995","Single",407,"Scss","Completions"
"48825",1995-07-01,"Jul 1995","Semi-Detached",18,"Scss","Completions"
"48825",1995-07-01,"Jul 1995","Row",60,"Scss","Completions"
"48825",1995-07-01,"Jul 1995","Apartment",0,"Scss","Completions"
"48825",1995-07-01,"Jul 1995","All",485,"Scss","Completions"
"48825",1995-08-01,"Aug 1995","Single",378,"Scss","Completions"
"48825",1995-08-01,"Aug 1995","Semi-Detached",34,"Scss","Completions"
"48825",1995-08-01,"Aug 1995","Row",53,"Scss","Completions"
"48825",1995-08-01,"Aug 1995","Apartment",8,"Scss","Completions"
"48825",1995-08-01,"Aug 1995","All",473,"Scss","Completions"
"48825",1995-09-01,"Sep 1995","Single",511,"Scss","Completions"
"48825",1995-09-01,"Sep 1995","Semi-Detached",30,"Scss","Completions"
"48825",1995-09-01,"Sep 1995","Row",50,"Scss","Completions"
"48825",1995-09-01,"Sep 1995","Apartment",0,"Scss","Completions"
"48825",1995-09-01,"Sep 1995","All",591,"Scss","Completions"
"48825",1995-10-01,"Oct 1995","Single",341,"Scss","Completions"
"48825",1995-10-01,"Oct 1995","Semi-Detached",24,"Scss","Completions"
"48825",1995-10-01,"Oct 1995","Row",72,"Scss","Completions"
"48825",1995-10-01,"Oct 1995","Apartment",323,"Scss","Completions"
"48825",1995-10-01,"Oct 1995","All",760,"Scss","Completions"
"48825",1995-11-01,"Nov 1995","Single",358,"Scss","Completions"
"48825",1995-11-01,"Nov 1995","Semi-Detached",22,"Scss","Completions"
"48825",1995-11-01,"Nov 1995","Row",53,"Scss","Completions"
"48825",1995-11-01,"Nov 1995","Apartment",96,"Scss","Completions"
"48825",1995-11-01,"Nov 1995","All",529,"Scss","Completions"
"48825",1995-12-01,"Dec 1995","Single",393,"Scss","Completions"
"48825",1995-12-01,"Dec 1995","Semi-Detached",16,"Scss","Completions"
"48825",1995-12-01,"Dec 1995","Row",20,"Scss","Completions"
"48825",1995-12-01,"Dec 1995","Apartment",0,"Scss","Completions"
"48825",1995-12-01,"Dec 1995","All",429,"Scss","Completions"
"48825",1996-01-01,"Jan 1996","Single",299,"Scss","Completions"
"48825",1996-01-01,"Jan 1996","Semi-Detached",12,"Scss","Completions"
"48825",1996-01-01,"Jan 1996","Row",24,"Scss","Completions"
"48825",1996-01-01,"Jan 1996","Apartment",0,"Scss","Completions"
"48825",1996-01-01,"Jan 1996","All",335,"Scss","Completions"
"48825",1996-02-01,"Feb 1996","Single",259,"Scss","Completions"
"48825",1996-02-01,"Feb 1996","Semi-Detached",20,"Scss","Completions"
"48825",1996-02-01,"Feb 1996","Row",14,"Scss","Completions"
"48825",1996-02-01,"Feb 1996","Apartment",0,"Scss","Completions"
"48825",1996-02-01,"Feb 1996","All",293,"Scss","Completions"
"48825",1996-03-01,"Mar 1996","Single",382,"Scss","Completions"
"48825",1996-03-01,"Mar 1996","Semi-Detached",20,"Scss","Completions"
"48825",1996-03-01,"Mar 1996","Row",23,"Scss","Completions"
"48825",1996-03-01,"Mar 1996","Apartment",0,"Scss","Completions"
"48825",1996-03-01,"Mar 1996","All",425,"Scss","Completions"
"48825",1996-04-01,"Apr 1996","Single",274,"Scss","Completions"
"48825",1996-04-01,"Apr 1996","Semi-Detached",12,"Scss","Completions"
"48825",1996-04-01,"Apr 1996","Row",30,"Scss","Completions"
"48825",1996-04-01,"Apr 1996","Apartment",0,"Scss","Completions"
"48825",1996-04-01,"Apr 1996","All",316,"Scss","Completions"
"48825",1996-05-01,"May 1996","Single",382,"Scss","Completions"
"48825",1996-05-01,"May 1996","Semi-Detached",28,"Scss","Completions"
"48825",1996-05-01,"May 1996","Row",85,"Scss","Completions"
"48825",1996-05-01,"May 1996","Apartment",28,"Scss","Completions"
"48825",1996-05-01,"May 1996","All",523,"Scss","Completions"
"48825",1996-06-01,"Jun 1996","Single",549,"Scss","Completions"
"48825",1996-06-01,"Jun 1996","Semi-Detached",40,"Scss","Completions"
"48825",1996-06-01,"Jun 1996","Row",47,"Scss","Completions"
"48825",1996-06-01,"Jun 1996","Apartment",128,"Scss","Completions"
"48825",1996-06-01,"Jun 1996","All",764,"Scss","Completions"
"48825",1996-07-01,"Jul 1996","Single",575,"Scss","Completions"
"48825",1996-07-01,"Jul 1996","Semi-Detached",24,"Scss","Completions"
"48825",1996-07-01,"Jul 1996","Row",70,"Scss","Completions"
"48825",1996-07-01,"Jul 1996","Apartment",42,"Scss","Completions"
"48825",1996-07-01,"Jul 1996","All",711,"Scss","Completions"
"48825",1996-08-01,"Aug 1996","Single",564,"Scss","Completions"
"48825",1996-08-01,"Aug 1996","Semi-Detached",20,"Scss","Completions"
"48825",1996-08-01,"Aug 1996","Row",62,"Scss","Completions"
"48825",1996-08-01,"Aug 1996","Apartment",66,"Scss","Completions"
"48825",1996-08-01,"Aug 1996","All",712,"Scss","Completions"
"48825",1996-09-01,"Sep 1996","Single",572,"Scss","Completions"
"48825",1996-09-01,"Sep 1996","Semi-Detached",32,"Scss","Completions"
"48825",1996-09-01,"Sep 1996","Row",43,"Scss","Completions"
"48825",1996-09-01,"Sep 1996","Apartment",69,"Scss","Completions"
"48825",1996-09-01,"Sep 1996","All",716,"Scss","Completions"
"48825",1996-10-01,"Oct 1996","Single",544,"Scss","Completions"
"48825",1996-10-01,"Oct 1996","Semi-Detached",16,"Scss","Completions"
"48825",1996-10-01,"Oct 1996","Row",80,"Scss","Completions"
"48825",1996-10-01,"Oct 1996","Apartment",8,"Scss","Completions"
"48825",1996-10-01,"Oct 1996","All",648,"Scss","Completions"
"48825",1996-11-01,"Nov 1996","Single",519,"Scss","Completions"
"48825",1996-11-01,"Nov 1996","Semi-Detached",40,"Scss","Completions"
"48825",1996-11-01,"Nov 1996","Row",85,"Scss","Completions"
"48825",1996-11-01,"Nov 1996","Apartment",0,"Scss","Completions"
"48825",1996-11-01,"Nov 1996","All",644,"Scss","Completions"
"48825",1996-12-01,"Dec 1996","Single",431,"Scss","Completions"
"48825",1996-12-01,"Dec 1996","Semi-Detached",28,"Scss","Completions"
"48825",1996-12-01,"Dec 1996","Row",47,"Scss","Completions"
"48825",1996-12-01,"Dec 1996","Apartment",188,"Scss","Completions"
"48825",1996-12-01,"Dec 1996","All",694,"Scss","Completions"
"48825",1997-01-01,"Jan 1997","Single",359,"Scss","Completions"
"48825",1997-01-01,"Jan 1997","Semi-Detached",14,"Scss","Completions"
"48825",1997-01-01,"Jan 1997","Row",17,"Scss","Completions"
"48825",1997-01-01,"Jan 1997","Apartment",20,"Scss","Completions"
"48825",1997-01-01,"Jan 1997","All",410,"Scss","Completions"
"48825",1997-02-01,"Feb 1997","Single",428,"Scss","Completions"
"48825",1997-02-01,"Feb 1997","Semi-Detached",16,"Scss","Completions"
"48825",1997-02-01,"Feb 1997","Row",26,"Scss","Completions"
"48825",1997-02-01,"Feb 1997","Apartment",172,"Scss","Completions"
"48825",1997-02-01,"Feb 1997","All",642,"Scss","Completions"
"48825",1997-03-01,"Mar 1997","Single",437,"Scss","Completions"
"48825",1997-03-01,"Mar 1997","Semi-Detached",16,"Scss","Completions"
"48825",1997-03-01,"Mar 1997","Row",56,"Scss","Completions"
"48825",1997-03-01,"Mar 1997","Apartment",6,"Scss","Completions"
"48825",1997-03-01,"Mar 1997","All",515,"Scss","Completions"
"48825",1997-04-01,"Apr 1997","Single",497,"Scss","Completions"
"48825",1997-04-01,"Apr 1997","Semi-Detached",22,"Scss","Completions"
"48825",1997-04-01,"Apr 1997","Row",49,"Scss","Completions"
"48825",1997-04-01,"Apr 1997","Apartment",0,"Scss","Completions"
"48825",1997-04-01,"Apr 1997","All",568,"Scss","Completions"
"48825",1997-05-01,"May 1997","Single",684,"Scss","Completions"
"48825",1997-05-01,"May 1997","Semi-Detached",24,"Scss","Completions"
"48825",1997-05-01,"May 1997","Row",49,"Scss","Completions"
"48825",1997-05-01,"May 1997","Apartment",16,"Scss","Completions"
"48825",1997-05-01,"May 1997","All",773,"Scss","Completions"
"48825",1997-06-01,"Jun 1997","Single",657,"Scss","Completions"
"48825",1997-06-01,"Jun 1997","Semi-Detached",32,"Scss","Completions"
"48825",1997-06-01,"Jun 1997","Row",70,"Scss","Completions"
"48825",1997-06-01,"Jun 1997","Apartment",43,"Scss","Completions"
"48825",1997-06-01,"Jun 1997","All",802,"Scss","Completions"
"48825",1997-07-01,"Jul 1997","Single",846,"Scss","Completions"
"48825",1997-07-01,"Jul 1997","Semi-Detached",50,"Scss","Completions"
"48825",1997-07-01,"Jul 1997","Row",60,"Scss","Completions"
"48825",1997-07-01,"Jul 1997","Apartment",6,"Scss","Completions"
"48825",1997-07-01,"Jul 1997","All",962,"Scss","Completions"
"48825",1997-08-01,"Aug 1997","Single",853,"Scss","Completions"
"48825",1997-08-01,"Aug 1997","Semi-Detached",38,"Scss","Completions"
"48825",1997-08-01,"Aug 1997","Row",62,"Scss","Completions"
"48825",1997-08-01,"Aug 1997","Apartment",12,"Scss","Completions"
"48825",1997-08-01,"Aug 1997","All",965,"Scss","Completions"
"48825",1997-09-01,"Sep 1997","Single",735,"Scss","Completions"
"48825",1997-09-01,"Sep 1997","Semi-Detached",66,"Scss","Completions"
"48825",1997-09-01,"Sep 1997","Row",70,"Scss","Completions"
"48825",1997-09-01,"Sep 1997","Apartment",83,"Scss","Completions"
"48825",1997-09-01,"Sep 1997","All",954,"Scss","Completions"
"48825",1997-10-01,"Oct 1997","Single",698,"Scss","Completions"
"48825",1997-10-01,"Oct 1997","Semi-Detached",58,"Scss","Completions"
"48825",1997-10-01,"Oct 1997","Row",43,"Scss","Completions"
"48825",1997-10-01,"Oct 1997","Apartment",0,"Scss","Completions"
"48825",1997-10-01,"Oct 1997","All",799,"Scss","Completions"
"48825",1997-11-01,"Nov 1997","Single",656,"Scss","Completions"
"48825",1997-11-01,"Nov 1997","Semi-Detached",38,"Scss","Completions"
"48825",1997-11-01,"Nov 1997","Row",66,"Scss","Completions"
"48825",1997-11-01,"Nov 1997","Apartment",69,"Scss","Completions"
"48825",1997-11-01,"Nov 1997","All",829,"Scss","Completions"
"48825",1997-12-01,"Dec 1997","Single",734,"Scss","Completions"
"48825",1997-12-01,"Dec 1997","Semi-Detached",48,"Scss","Completions"
"48825",1997-12-01,"Dec 1997","Row",91,"Scss","Completions"
"48825",1997-12-01,"Dec 1997","Apartment",93,"Scss","Completions"
"48825",1997-12-01,"Dec 1997","All",966,"Scss","Completions"
"48825",1998-01-01,"Jan 1998","Single",618,"Scss","Completions"
"48825",1998-01-01,"Jan 1998","Semi-Detached",16,"Scss","Completions"
"48825",1998-01-01,"Jan 1998","Row",69,"Scss","Completions"
"48825",1998-01-01,"Jan 1998","Apartment",80,"Scss","Completions"
"48825",1998-01-01,"Jan 1998","All",783,"Scss","Completions"
"48825",1998-02-01,"Feb 1998","Single",566,"Scss","Completions"
"48825",1998-02-01,"Feb 1998","Semi-Detached",20,"Scss","Completions"
"48825",1998-02-01,"Feb 1998","Row",34,"Scss","Completions"
"48825",1998-02-01,"Feb 1998","Apartment",71,"Scss","Completions"
"48825",1998-02-01,"Feb 1998","All",691,"Scss","Completions"
"48825",1998-03-01,"Mar 1998","Single",612,"Scss","Completions"
"48825",1998-03-01,"Mar 1998","Semi-Detached",44,"Scss","Completions"
"48825",1998-03-01,"Mar 1998","Row",74,"Scss","Completions"
"48825",1998-03-01,"Mar 1998","Apartment",56,"Scss","Completions"
"48825",1998-03-01,"Mar 1998","All",786,"Scss","Completions"
"48825",1998-04-01,"Apr 1998","Single",675,"Scss","Completions"
"48825",1998-04-01,"Apr 1998","Semi-Detached",38,"Scss","Completions"
"48825",1998-04-01,"Apr 1998","Row",66,"Scss","Completions"
"48825",1998-04-01,"Apr 1998","Apartment",178,"Scss","Completions"
"48825",1998-04-01,"Apr 1998","All",957,"Scss","Completions"
"48825",1998-05-01,"May 1998","Single",838,"Scss","Completions"
"48825",1998-05-01,"May 1998","Semi-Detached",42,"Scss","Completions"
"48825",1998-05-01,"May 1998","Row",133,"Scss","Completions"
"48825",1998-05-01,"May 1998","Apartment",183,"Scss","Completions"
"48825",1998-05-01,"May 1998","All",1196,"Scss","Completions"
"48825",1998-06-01,"Jun 1998","Single",753,"Scss","Completions"
"48825",1998-06-01,"Jun 1998","Semi-Detached",40,"Scss","Completions"
"48825",1998-06-01,"Jun 1998","Row",69,"Scss","Completions"
"48825",1998-06-01,"Jun 1998","Apartment",77,"Scss","Completions"
"48825",1998-06-01,"Jun 1998","All",939,"Scss","Completions"
"48825",1998-07-01,"Jul 1998","Single",927,"Scss","Completions"
"48825",1998-07-01,"Jul 1998","Semi-Detached",58,"Scss","Completions"
"48825",1998-07-01,"Jul 1998","Row",85,"Scss","Completions"
"48825",1998-07-01,"Jul 1998","Apartment",82,"Scss","Completions"
"48825",1998-07-01,"Jul 1998","All",1152,"Scss","Completions"
"48825",1998-08-01,"Aug 1998","Single",1014,"Scss","Completions"
"48825",1998-08-01,"Aug 1998","Semi-Detached",34,"Scss","Completions"
"48825",1998-08-01,"Aug 1998","Row",63,"Scss","Completions"
"48825",1998-08-01,"Aug 1998","Apartment",90,"Scss","Completions"
"48825",1998-08-01,"Aug 1998","All",1201,"Scss","Completions"
"48825",1998-09-01,"Sep 1998","Single",942,"Scss","Completions"
"48825",1998-09-01,"Sep 1998","Semi-Detached",46,"Scss","Completions"
"48825",1998-09-01,"Sep 1998","Row",105,"Scss","Completions"
"48825",1998-09-01,"Sep 1998","Apartment",7,"Scss","Completions"
"48825",1998-09-01,"Sep 1998","All",1100,"Scss","Completions"
"48825",1998-10-01,"Oct 1998","Single",949,"Scss","Completions"
"48825",1998-10-01,"Oct 1998","Semi-Detached",50,"Scss","Completions"
"48825",1998-10-01,"Oct 1998","Row",84,"Scss","Completions"
"48825",1998-10-01,"Oct 1998","Apartment",172,"Scss","Completions"
"48825",1998-10-01,"Oct 1998","All",1255,"Scss","Completions"
"48825",1998-11-01,"Nov 1998","Single",825,"Scss","Completions"
"48825",1998-11-01,"Nov 1998","Semi-Detached",36,"Scss","Completions"
"48825",1998-11-01,"Nov 1998","Row",84,"Scss","Completions"
"48825",1998-11-01,"Nov 1998","Apartment",30,"Scss","Completions"
"48825",1998-11-01,"Nov 1998","All",975,"Scss","Completions"
"48825",1998-12-01,"Dec 1998","Single",766,"Scss","Completions"
"48825",1998-12-01,"Dec 1998","Semi-Detached",46,"Scss","Completions"
"48825",1998-12-01,"Dec 1998","Row",48,"Scss","Completions"
"48825",1998-12-01,"Dec 1998","Apartment",216,"Scss","Completions"
"48825",1998-12-01,"Dec 1998","All",1076,"Scss","Completions"
"48825",1999-01-01,"Jan 1999","Single",653,"Scss","Completions"
"48825",1999-01-01,"Jan 1999","Semi-Detached",26,"Scss","Completions"
"48825",1999-01-01,"Jan 1999","Row",38,"Scss","Completions"
"48825",1999-01-01,"Jan 1999","Apartment",65,"Scss","Completions"
"48825",1999-01-01,"Jan 1999","All",782,"Scss","Completions"
"48825",1999-02-01,"Feb 1999","Single",597,"Scss","Completions"
"48825",1999-02-01,"Feb 1999","Semi-Detached",18,"Scss","Completions"
"48825",1999-02-01,"Feb 1999","Row",41,"Scss","Completions"
"48825",1999-02-01,"Feb 1999","Apartment",51,"Scss","Completions"
"48825",1999-02-01,"Feb 1999","All",707,"Scss","Completions"
"48825",1999-03-01,"Mar 1999","Single",552,"Scss","Completions"
"48825",1999-03-01,"Mar 1999","Semi-Detached",28,"Scss","Completions"
"48825",1999-03-01,"Mar 1999","Row",32,"Scss","Completions"
"48825",1999-03-01,"Mar 1999","Apartment",40,"Scss","Completions"
"48825",1999-03-01,"Mar 1999","All",652,"Scss","Completions"
"48825",1999-04-01,"Apr 1999","Single",639,"Scss","Completions"
"48825",1999-04-01,"Apr 1999","Semi-Detached",42,"Scss","Completions"
"48825",1999-04-01,"Apr 1999","Row",47,"Scss","Completions"
"48825",1999-04-01,"Apr 1999","Apartment",60,"Scss","Completions"
"48825",1999-04-01,"Apr 1999","All",788,"Scss","Completions"
"48825",1999-05-01,"May 1999","Single",481,"Scss","Completions"
"48825",1999-05-01,"May 1999","Semi-Detached",50,"Scss","Completions"
"48825",1999-05-01,"May 1999","Row",27,"Scss","Completions"
"48825",1999-05-01,"May 1999","Apartment",106,"Scss","Completions"
"48825",1999-05-01,"May 1999","All",664,"Scss","Completions"
"48825",1999-06-01,"Jun 1999","Single",538,"Scss","Completions"
"48825",1999-06-01,"Jun 1999","Semi-Detached",48,"Scss","Completions"
"48825",1999-06-01,"Jun 1999","Row",57,"Scss","Completions"
"48825",1999-06-01,"Jun 1999","Apartment",105,"Scss","Completions"
"48825",1999-06-01,"Jun 1999","All",748,"Scss","Completions"
"48825",1999-07-01,"Jul 1999","Single",603,"Scss","Completions"
"48825",1999-07-01,"Jul 1999","Semi-Detached",58,"Scss","Completions"
"48825",1999-07-01,"Jul 1999","Row",83,"Scss","Completions"
"48825",1999-07-01,"Jul 1999","Apartment",18,"Scss","Completions"
"48825",1999-07-01,"Jul 1999","All",762,"Scss","Completions"
"48825",1999-08-01,"Aug 1999","Single",706,"Scss","Completions"
"48825",1999-08-01,"Aug 1999","Semi-Detached",24,"Scss","Completions"
"48825",1999-08-01,"Aug 1999","Row",49,"Scss","Completions"
"48825",1999-08-01,"Aug 1999","Apartment",14,"Scss","Completions"
"48825",1999-08-01,"Aug 1999","All",793,"Scss","Completions"
"48825",1999-09-01,"Sep 1999","Single",561,"Scss","Completions"
"48825",1999-09-01,"Sep 1999","Semi-Detached",42,"Scss","Completions"
"48825",1999-09-01,"Sep 1999","Row",65,"Scss","Completions"
"48825",1999-09-01,"Sep 1999","Apartment",282,"Scss","Completions"
"48825",1999-09-01,"Sep 1999","All",950,"Scss","Completions"
"48825",1999-10-01,"Oct 1999","Single",649,"Scss","Completions"
"48825",1999-10-01,"Oct 1999","Semi-Detached",66,"Scss","Completions"
"48825",1999-10-01,"Oct 1999","Row",71,"Scss","Completions"
"48825",1999-10-01,"Oct 1999","Apartment",565,"Scss","Completions"
"48825",1999-10-01,"Oct 1999","All",1351,"Scss","Completions"
"48825",1999-11-01,"Nov 1999","Single",543,"Scss","Completions"
"48825",1999-11-01,"Nov 1999","Semi-Detached",60,"Scss","Completions"
"48825",1999-11-01,"Nov 1999","Row",40,"Scss","Completions"
"48825",1999-11-01,"Nov 1999","Apartment",61,"Scss","Completions"
"48825",1999-11-01,"Nov 1999","All",704,"Scss","Completions"
"48825",1999-12-01,"Dec 1999","Single",593,"Scss","Completions"
"48825",1999-12-01,"Dec 1999","Semi-Detached",48,"Scss","Completions"
"48825",1999-12-01,"Dec 1999","Row",42,"Scss","Completions"
"48825",1999-12-01,"Dec 1999","Apartment",71,"Scss","Completions"
"48825",1999-12-01,"Dec 1999","All",754,"Scss","Completions"
"48825",2000-01-01,"Jan 2000","Single",461,"Scss","Completions"
"48825",2000-01-01,"Jan 2000","Semi-Detached",40,"Scss","Completions"
"48825",2000-01-01,"Jan 2000","Row",50,"Scss","Completions"
"48825",2000-01-01,"Jan 2000","Apartment",17,"Scss","Completions"
"48825",2000-01-01,"Jan 2000","All",568,"Scss","Completions"
"48825",2000-02-01,"Feb 2000","Single",432,"Scss","Completions"
"48825",2000-02-01,"Feb 2000","Semi-Detached",26,"Scss","Completions"
"48825",2000-02-01,"Feb 2000","Row",23,"Scss","Completions"
"48825",2000-02-01,"Feb 2000","Apartment",117,"Scss","Completions"
"48825",2000-02-01,"Feb 2000","All",598,"Scss","Completions"
"48825",2000-03-01,"Mar 2000","Single",483,"Scss","Completions"
"48825",2000-03-01,"Mar 2000","Semi-Detached",48,"Scss","Completions"
"48825",2000-03-01,"Mar 2000","Row",71,"Scss","Completions"
"48825",2000-03-01,"Mar 2000","Apartment",445,"Scss","Completions"
"48825",2000-03-01,"Mar 2000","All",1047,"Scss","Completions"
"48825",2000-04-01,"Apr 2000","Single",508,"Scss","Completions"
"48825",2000-04-01,"Apr 2000","Semi-Detached",30,"Scss","Completions"
"48825",2000-04-01,"Apr 2000","Row",83,"Scss","Completions"
"48825",2000-04-01,"Apr 2000","Apartment",314,"Scss","Completions"
"48825",2000-04-01,"Apr 2000","All",935,"Scss","Completions"
"48825",2000-05-01,"May 2000","Single",581,"Scss","Completions"
"48825",2000-05-01,"May 2000","Semi-Detached",64,"Scss","Completions"
"48825",2000-05-01,"May 2000","Row",100,"Scss","Completions"
"48825",2000-05-01,"May 2000","Apartment",440,"Scss","Completions"
"48825",2000-05-01,"May 2000","All",1185,"Scss","Completions"
"48825",2000-06-01,"Jun 2000","Single",645,"Scss","Completions"
"48825",2000-06-01,"Jun 2000","Semi-Detached",56,"Scss","Completions"
"48825",2000-06-01,"Jun 2000","Row",113,"Scss","Completions"
"48825",2000-06-01,"Jun 2000","Apartment",164,"Scss","Completions"
"48825",2000-06-01,"Jun 2000","All",978,"Scss","Completions"
"48825",2000-07-01,"Jul 2000","Single",683,"Scss","Completions"
"48825",2000-07-01,"Jul 2000","Semi-Detached",62,"Scss","Completions"
"48825",2000-07-01,"Jul 2000","Row",54,"Scss","Completions"
"48825",2000-07-01,"Jul 2000","Apartment",35,"Scss","Completions"
"48825",2000-07-01,"Jul 2000","All",834,"Scss","Completions"
"48825",2000-08-01,"Aug 2000","Single",657,"Scss","Completions"
"48825",2000-08-01,"Aug 2000","Semi-Detached",44,"Scss","Completions"
"48825",2000-08-01,"Aug 2000","Row",42,"Scss","Completions"
"48825",2000-08-01,"Aug 2000","Apartment",256,"Scss","Completions"
"48825",2000-08-01,"Aug 2000","All",999,"Scss","Completions"
"48825",2000-09-01,"Sep 2000","Single",662,"Scss","Completions"
"48825",2000-09-01,"Sep 2000","Semi-Detached",58,"Scss","Completions"
"48825",2000-09-01,"Sep 2000","Row",39,"Scss","Completions"
"48825",2000-09-01,"Sep 2000","Apartment",242,"Scss","Completions"
"48825",2000-09-01,"Sep 2000","All",1001,"Scss","Completions"
"48825",2000-10-01,"Oct 2000","Single",628,"Scss","Completions"
"48825",2000-10-01,"Oct 2000","Semi-Detached",58,"Scss","Completions"
"48825",2000-10-01,"Oct 2000","Row",38,"Scss","Completions"
"48825",2000-10-01,"Oct 2000","Apartment",55,"Scss","Completions"
"48825",2000-10-01,"Oct 2000","All",779,"Scss","Completions"
"48825",2000-11-01,"Nov 2000","Single",523,"Scss","Completions"
"48825",2000-11-01,"Nov 2000","Semi-Detached",62,"Scss","Completions"
"48825",2000-11-01,"Nov 2000","Row",15,"Scss","Completions"
"48825",2000-11-01,"Nov 2000","Apartment",25,"Scss","Completions"
"48825",2000-11-01,"Nov 2000","All",625,"Scss","Completions"
"48825",2000-12-01,"Dec 2000","Single",525,"Scss","Completions"
"48825",2000-12-01,"Dec 2000","Semi-Detached",58,"Scss","Completions"
"48825",2000-12-01,"Dec 2000","Row",22,"Scss","Completions"
"48825",2000-12-01,"Dec 2000","Apartment",575,"Scss","Completions"
"48825",2000-12-01,"Dec 2000","All",1180,"Scss","Completions"
"48825",2001-01-01,"Jan 2001","Single",493,"Scss","Completions"
"48825",2001-01-01,"Jan 2001","Semi-Detached",84,"Scss","Completions"
"48825",2001-01-01,"Jan 2001","Row",179,"Scss","Completions"
"48825",2001-01-01,"Jan 2001","Apartment",441,"Scss","Completions"
"48825",2001-01-01,"Jan 2001","All",1197,"Scss","Completions"
"48825",2001-02-01,"Feb 2001","Single",471,"Scss","Completions"
"48825",2001-02-01,"Feb 2001","Semi-Detached",36,"Scss","Completions"
"48825",2001-02-01,"Feb 2001","Row",77,"Scss","Completions"
"48825",2001-02-01,"Feb 2001","Apartment",411,"Scss","Completions"
"48825",2001-02-01,"Feb 2001","All",995,"Scss","Completions"
"48825",2001-03-01,"Mar 2001","Single",418,"Scss","Completions"
"48825",2001-03-01,"Mar 2001","Semi-Detached",44,"Scss","Completions"
"48825",2001-03-01,"Mar 2001","Row",37,"Scss","Completions"
"48825",2001-03-01,"Mar 2001","Apartment",93,"Scss","Completions"
"48825",2001-03-01,"Mar 2001","All",592,"Scss","Completions"
"48825",2001-04-01,"Apr 2001","Single",532,"Scss","Completions"
"48825",2001-04-01,"Apr 2001","Semi-Detached",72,"Scss","Completions"
"48825",2001-04-01,"Apr 2001","Row",52,"Scss","Completions"
"48825",2001-04-01,"Apr 2001","Apartment",436,"Scss","Completions"
"48825",2001-04-01,"Apr 2001","All",1092,"Scss","Completions"
"48825",2001-05-01,"May 2001","Single",516,"Scss","Completions"
"48825",2001-05-01,"May 2001","Semi-Detached",86,"Scss","Completions"
"48825",2001-05-01,"May 2001","Row",44,"Scss","Completions"
"48825",2001-05-01,"May 2001","Apartment",53,"Scss","Completions"
"48825",2001-05-01,"May 2001","All",699,"Scss","Completions"
"48825",2001-06-01,"Jun 2001","Single",568,"Scss","Completions"
"48825",2001-06-01,"Jun 2001","Semi-Detached",66,"Scss","Completions"
"48825",2001-06-01,"Jun 2001","Row",87,"Scss","Completions"
"48825",2001-06-01,"Jun 2001","Apartment",305,"Scss","Completions"
"48825",2001-06-01,"Jun 2001","All",1026,"Scss","Completions"
"48825",2001-07-01,"Jul 2001","Single",671,"Scss","Completions"
"48825",2001-07-01,"Jul 2001","Semi-Detached",48,"Scss","Completions"
"48825",2001-07-01,"Jul 2001","Row",51,"Scss","Completions"
"48825",2001-07-01,"Jul 2001","Apartment",189,"Scss","Completions"
"48825",2001-07-01,"Jul 2001","All",959,"Scss","Completions"
"48825",2001-08-01,"Aug 2001","Single",528,"Scss","Completions"
"48825",2001-08-01,"Aug 2001","Semi-Detached",38,"Scss","Completions"
"48825",2001-08-01,"Aug 2001","Row",73,"Scss","Completions"
"48825",2001-08-01,"Aug 2001","Apartment",164,"Scss","Completions"
"48825",2001-08-01,"Aug 2001","All",803,"Scss","Completions"
"48825",2001-09-01,"Sep 2001","Single",754,"Scss","Completions"
"48825",2001-09-01,"Sep 2001","Semi-Detached",72,"Scss","Completions"
"48825",2001-09-01,"Sep 2001","Row",72,"Scss","Completions"
"48825",2001-09-01,"Sep 2001","Apartment",307,"Scss","Completions"
"48825",2001-09-01,"Sep 2001","All",1205,"Scss","Completions"
"48825",2001-10-01,"Oct 2001","Single",642,"Scss","Completions"
"48825",2001-10-01,"Oct 2001","Semi-Detached",48,"Scss","Completions"
"48825",2001-10-01,"Oct 2001","Row",42,"Scss","Completions"
"48825",2001-10-01,"Oct 2001","Apartment",91,"Scss","Completions"
"48825",2001-10-01,"Oct 2001","All",823,"Scss","Completions"
"48825",2001-11-01,"Nov 2001","Single",545,"Scss","Completions"
"48825",2001-11-01,"Nov 2001","Semi-Detached",34,"Scss","Completions"
"48825",2001-11-01,"Nov 2001","Row",121,"Scss","Completions"
"48825",2001-11-01,"Nov 2001","Apartment",75,"Scss","Completions"
"48825",2001-11-01,"Nov 2001","All",775,"Scss","Completions"
"48825",2001-12-01,"Dec 2001","Single",652,"Scss","Completions"
"48825",2001-12-01,"Dec 2001","Semi-Detached",76,"Scss","Completions"
"48825",2001-12-01,"Dec 2001","Row",69,"Scss","Completions"
"48825",2001-12-01,"Dec 2001","Apartment",117,"Scss","Completions"
"48825",2001-12-01,"Dec 2001","All",914,"Scss","Completions"
"48825",2002-01-01,"Jan 2002","Single",530,"Scss","Completions"
"48825",2002-01-01,"Jan 2002","Semi-Detached",66,"Scss","Completions"
"48825",2002-01-01,"Jan 2002","Row",64,"Scss","Completions"
"48825",2002-01-01,"Jan 2002","Apartment",266,"Scss","Completions"
"48825",2002-01-01,"Jan 2002","All",926,"Scss","Completions"
"48825",2002-02-01,"Feb 2002","Single",563,"Scss","Completions"
"48825",2002-02-01,"Feb 2002","Semi-Detached",40,"Scss","Completions"
"48825",2002-02-01,"Feb 2002","Row",156,"Scss","Completions"
"48825",2002-02-01,"Feb 2002","Apartment",138,"Scss","Completions"
"48825",2002-02-01,"Feb 2002","All",897,"Scss","Completions"
"48825",2002-03-01,"Mar 2002","Single",619,"Scss","Completions"
"48825",2002-03-01,"Mar 2002","Semi-Detached",26,"Scss","Completions"
"48825",2002-03-01,"Mar 2002","Row",81,"Scss","Completions"
"48825",2002-03-01,"Mar 2002","Apartment",405,"Scss","Completions"
"48825",2002-03-01,"Mar 2002","All",1131,"Scss","Completions"
"48825",2002-04-01,"Apr 2002","Single",615,"Scss","Completions"
"48825",2002-04-01,"Apr 2002","Semi-Detached",26,"Scss","Completions"
"48825",2002-04-01,"Apr 2002","Row",42,"Scss","Completions"
"48825",2002-04-01,"Apr 2002","Apartment",91,"Scss","Completions"
"48825",2002-04-01,"Apr 2002","All",774,"Scss","Completions"
"48825",2002-05-01,"May 2002","Single",644,"Scss","Completions"
"48825",2002-05-01,"May 2002","Semi-Detached",80,"Scss","Completions"
"48825",2002-05-01,"May 2002","Row",91,"Scss","Completions"
"48825",2002-05-01,"May 2002","Apartment",220,"Scss","Completions"
"48825",2002-05-01,"May 2002","All",1035,"Scss","Completions"
"48825",2002-06-01,"Jun 2002","Single",778,"Scss","Completions"
"48825",2002-06-01,"Jun 2002","Semi-Detached",46,"Scss","Completions"
"48825",2002-06-01,"Jun 2002","Row",60,"Scss","Completions"
"48825",2002-06-01,"Jun 2002","Apartment",356,"Scss","Completions"
"48825",2002-06-01,"Jun 2002","All",1240,"Scss","Completions"
"48825",2002-07-01,"Jul 2002","Single",639,"Scss","Completions"
"48825",2002-07-01,"Jul 2002","Semi-Detached",60,"Scss","Completions"
"48825",2002-07-01,"Jul 2002","Row",77,"Scss","Completions"
"48825",2002-07-01,"Jul 2002","Apartment",10,"Scss","Completions"
"48825",2002-07-01,"Jul 2002","All",786,"Scss","Completions"
"48825",2002-08-01,"Aug 2002","Single",872,"Scss","Completions"
"48825",2002-08-01,"Aug 2002","Semi-Detached",44,"Scss","Completions"
"48825",2002-08-01,"Aug 2002","Row",120,"Scss","Completions"
"48825",2002-08-01,"Aug 2002","Apartment",371,"Scss","Completions"
"48825",2002-08-01,"Aug 2002","All",1407,"Scss","Completions"
"48825",2002-09-01,"Sep 2002","Single",885,"Scss","Completions"
"48825",2002-09-01,"Sep 2002","Semi-Detached",86,"Scss","Completions"
"48825",2002-09-01,"Sep 2002","Row",146,"Scss","Completions"
"48825",2002-09-01,"Sep 2002","Apartment",117,"Scss","Completions"
"48825",2002-09-01,"Sep 2002","All",1234,"Scss","Completions"
"48825",2002-10-01,"Oct 2002","Single",749,"Scss","Completions"
"48825",2002-10-01,"Oct 2002","Semi-Detached",66,"Scss","Completions"
"48825",2002-10-01,"Oct 2002","Row",55,"Scss","Completions"
"48825",2002-10-01,"Oct 2002","Apartment",167,"Scss","Completions"
"48825",2002-10-01,"Oct 2002","All",1037,"Scss","Completions"
"48825",2002-11-01,"Nov 2002","Single",816,"Scss","Completions"
"48825",2002-11-01,"Nov 2002","Semi-Detached",40,"Scss","Completions"
"48825",2002-11-01,"Nov 2002","Row",81,"Scss","Completions"
"48825",2002-11-01,"Nov 2002","Apartment",4,"Scss","Completions"
"48825",2002-11-01,"Nov 2002","All",941,"Scss","Completions"
"48825",2002-12-01,"Dec 2002","Single",711,"Scss","Completions"
"48825",2002-12-01,"Dec 2002","Semi-Detached",52,"Scss","Completions"
"48825",2002-12-01,"Dec 2002","Row",80,"Scss","Completions"
"48825",2002-12-01,"Dec 2002","Apartment",379,"Scss","Completions"
"48825",2002-12-01,"Dec 2002","All",1222,"Scss","Completions"
"48825",2003-01-01,"Jan 2003","Single",562,"Scss","Completions"
"48825",2003-01-01,"Jan 2003","Semi-Detached",76,"Scss","Completions"
"48825",2003-01-01,"Jan 2003","Row",62,"Scss","Completions"
"48825",2003-01-01,"Jan 2003","Apartment",318,"Scss","Completions"
"48825",2003-01-01,"Jan 2003","All",1018,"Scss","Completions"
"48825",2003-02-01,"Feb 2003","Single",716,"Scss","Completions"
"48825",2003-02-01,"Feb 2003","Semi-Detached",66,"Scss","Completions"
"48825",2003-02-01,"Feb 2003","Row",52,"Scss","Completions"
"48825",2003-02-01,"Feb 2003","Apartment",681,"Scss","Completions"
"48825",2003-02-01,"Feb 2003","All",1515,"Scss","Completions"
"48825",2003-03-01,"Mar 2003","Single",736,"Scss","Completions"
"48825",2003-03-01,"Mar 2003","Semi-Detached",40,"Scss","Completions"
"48825",2003-03-01,"Mar 2003","Row",76,"Scss","Completions"
"48825",2003-03-01,"Mar 2003","Apartment",99,"Scss","Completions"
"48825",2003-03-01,"Mar 2003","All",951,"Scss","Completions"
"48825",2003-04-01,"Apr 2003","Single",673,"Scss","Completions"
"48825",2003-04-01,"Apr 2003","Semi-Detached",78,"Scss","Completions"
"48825",2003-04-01,"Apr 2003","Row",90,"Scss","Completions"
"48825",2003-04-01,"Apr 2003","Apartment",53,"Scss","Completions"
"48825",2003-04-01,"Apr 2003","All",894,"Scss","Completions"
"48825",2003-05-01,"May 2003","Single",767,"Scss","Completions"
"48825",2003-05-01,"May 2003","Semi-Detached",64,"Scss","Completions"
"48825",2003-05-01,"May 2003","Row",101,"Scss","Completions"
"48825",2003-05-01,"May 2003","Apartment",299,"Scss","Completions"
"48825",2003-05-01,"May 2003","All",1231,"Scss","Completions"
"48825",2003-06-01,"Jun 2003","Single",802,"Scss","Completions"
"48825",2003-06-01,"Jun 2003","Semi-Detached",62,"Scss","Completions"
"48825",2003-06-01,"Jun 2003","Row",109,"Scss","Completions"
"48825",2003-06-01,"Jun 2003","Apartment",170,"Scss","Completions"
"48825",2003-06-01,"Jun 2003","All",1143,"Scss","Completions"
"48825",2003-07-01,"Jul 2003","Single",779,"Scss","Completions"
"48825",2003-07-01,"Jul 2003","Semi-Detached",44,"Scss","Completions"
"48825",2003-07-01,"Jul 2003","Row",133,"Scss","Completions"
"48825",2003-07-01,"Jul 2003","Apartment",288,"Scss","Completions"
"48825",2003-07-01,"Jul 2003","All",1244,"Scss","Completions"
"48825",2003-08-01,"Aug 2003","Single",874,"Scss","Completions"
"48825",2003-08-01,"Aug 2003","Semi-Detached",64,"Scss","Completions"
"48825",2003-08-01,"Aug 2003","Row",126,"Scss","Completions"
"48825",2003-08-01,"Aug 2003","Apartment",304,"Scss","Completions"
"48825",2003-08-01,"Aug 2003","All",1368,"Scss","Completions"
"48825",2003-09-01,"Sep 2003","Single",812,"Scss","Completions"
"48825",2003-09-01,"Sep 2003","Semi-Detached",66,"Scss","Completions"
"48825",2003-09-01,"Sep 2003","Row",94,"Scss","Completions"
"48825",2003-09-01,"Sep 2003","Apartment",446,"Scss","Completions"
"48825",2003-09-01,"Sep 2003","All",1418,"Scss","Completions"
"48825",2003-10-01,"Oct 2003","Single",779,"Scss","Completions"
"48825",2003-10-01,"Oct 2003","Semi-Detached",60,"Scss","Completions"
"48825",2003-10-01,"Oct 2003","Row",154,"Scss","Completions"
"48825",2003-10-01,"Oct 2003","Apartment",86,"Scss","Completions"
"48825",2003-10-01,"Oct 2003","All",1079,"Scss","Completions"
"48825",2003-11-01,"Nov 2003","Single",706,"Scss","Completions"
"48825",2003-11-01,"Nov 2003","Semi-Detached",60,"Scss","Completions"
"48825",2003-11-01,"Nov 2003","Row",139,"Scss","Completions"
"48825",2003-11-01,"Nov 2003","Apartment",204,"Scss","Completions"
"48825",2003-11-01,"Nov 2003","All",1109,"Scss","Completions"
"48825",2003-12-01,"Dec 2003","Single",766,"Scss","Completions"
"48825",2003-12-01,"Dec 2003","Semi-Detached",100,"Scss","Completions"
"48825",2003-12-01,"Dec 2003","Row",145,"Scss","Completions"
"48825",2003-12-01,"Dec 2003","Apartment",306,"Scss","Completions"
"48825",2003-12-01,"Dec 2003","All",1317,"Scss","Completions"
"48825",2004-01-01,"Jan 2004","Single",615,"Scss","Completions"
"48825",2004-01-01,"Jan 2004","Semi-Detached",80,"Scss","Completions"
"48825",2004-01-01,"Jan 2004","Row",157,"Scss","Completions"
"48825",2004-01-01,"Jan 2004","Apartment",267,"Scss","Completions"
"48825",2004-01-01,"Jan 2004","All",1119,"Scss","Completions"
"48825",2004-02-01,"Feb 2004","Single",576,"Scss","Completions"
"48825",2004-02-01,"Feb 2004","Semi-Detached",56,"Scss","Completions"
"48825",2004-02-01,"Feb 2004","Row",59,"Scss","Completions"
"48825",2004-02-01,"Feb 2004","Apartment",419,"Scss","Completions"
"48825",2004-02-01,"Feb 2004","All",1110,"Scss","Completions"
"48825",2004-03-01,"Mar 2004","Single",558,"Scss","Completions"
"48825",2004-03-01,"Mar 2004","Semi-Detached",38,"Scss","Completions"
"48825",2004-03-01,"Mar 2004","Row",78,"Scss","Completions"
"48825",2004-03-01,"Mar 2004","Apartment",109,"Scss","Completions"
"48825",2004-03-01,"Mar 2004","All",783,"Scss","Completions"
"48825",2004-04-01,"Apr 2004","Single",724,"Scss","Completions"
"48825",2004-04-01,"Apr 2004","Semi-Detached",56,"Scss","Completions"
"48825",2004-04-01,"Apr 2004","Row",81,"Scss","Completions"
"48825",2004-04-01,"Apr 2004","Apartment",112,"Scss","Completions"
"48825",2004-04-01,"Apr 2004","All",973,"Scss","Completions"
"48825",2004-05-01,"May 2004","Single",599,"Scss","Completions"
"48825",2004-05-01,"May 2004","Semi-Detached",60,"Scss","Completions"
"48825",2004-05-01,"May 2004","Row",88,"Scss","Completions"
"48825",2004-05-01,"May 2004","Apartment",309,"Scss","Completions"
"48825",2004-05-01,"May 2004","All",1056,"Scss","Completions"
"48825",2004-06-01,"Jun 2004","Single",647,"Scss","Completions"
"48825",2004-06-01,"Jun 2004","Semi-Detached",76,"Scss","Completions"
"48825",2004-06-01,"Jun 2004","Row",178,"Scss","Completions"
"48825",2004-06-01,"Jun 2004","Apartment",19,"Scss","Completions"
"48825",2004-06-01,"Jun 2004","All",920,"Scss","Completions"
"48825",2004-07-01,"Jul 2004","Single",648,"Scss","Completions"
"48825",2004-07-01,"Jul 2004","Semi-Detached",74,"Scss","Completions"
"48825",2004-07-01,"Jul 2004","Row",96,"Scss","Completions"
"48825",2004-07-01,"Jul 2004","Apartment",101,"Scss","Completions"
"48825",2004-07-01,"Jul 2004","All",919,"Scss","Completions"
"48825",2004-08-01,"Aug 2004","Single",908,"Scss","Completions"
"48825",2004-08-01,"Aug 2004","Semi-Detached",106,"Scss","Completions"
"48825",2004-08-01,"Aug 2004","Row",116,"Scss","Completions"
"48825",2004-08-01,"Aug 2004","Apartment",284,"Scss","Completions"
"48825",2004-08-01,"Aug 2004","All",1414,"Scss","Completions"
"48825",2004-09-01,"Sep 2004","Single",814,"Scss","Completions"
"48825",2004-09-01,"Sep 2004","Semi-Detached",72,"Scss","Completions"
"48825",2004-09-01,"Sep 2004","Row",47,"Scss","Completions"
"48825",2004-09-01,"Sep 2004","Apartment",99,"Scss","Completions"
"48825",2004-09-01,"Sep 2004","All",1032,"Scss","Completions"
"48825",2004-10-01,"Oct 2004","Single",706,"Scss","Completions"
"48825",2004-10-01,"Oct 2004","Semi-Detached",64,"Scss","Completions"
"48825",2004-10-01,"Oct 2004","Row",114,"Scss","Completions"
"48825",2004-10-01,"Oct 2004","Apartment",347,"Scss","Completions"
"48825",2004-10-01,"Oct 2004","All",1231,"Scss","Completions"
"48825",2004-11-01,"Nov 2004","Single",789,"Scss","Completions"
"48825",2004-11-01,"Nov 2004","Semi-Detached",92,"Scss","Completions"
"48825",2004-11-01,"Nov 2004","Row",71,"Scss","Completions"
"48825",2004-11-01,"Nov 2004","Apartment",505,"Scss","Completions"
"48825",2004-11-01,"Nov 2004","All",1457,"Scss","Completions"
"48825",2004-12-01,"Dec 2004","Single",707,"Scss","Completions"
"48825",2004-12-01,"Dec 2004","Semi-Detached",58,"Scss","Completions"
"48825",2004-12-01,"Dec 2004","Row",104,"Scss","Completions"
"48825",2004-12-01,"Dec 2004","Apartment",131,"Scss","Completions"
"48825",2004-12-01,"Dec 2004","All",1000,"Scss","Completions"
"48825",2005-01-01,"Jan 2005","Single",631,"Scss","Completions"
"48825",2005-01-01,"Jan 2005","Semi-Detached",74,"Scss","Completions"
"48825",2005-01-01,"Jan 2005","Row",32,"Scss","Completions"
"48825",2005-01-01,"Jan 2005","Apartment",145,"Scss","Completions"
"48825",2005-01-01,"Jan 2005","All",882,"Scss","Completions"
"48825",2005-02-01,"Feb 2005","Single",443,"Scss","Completions"
"48825",2005-02-01,"Feb 2005","Semi-Detached",86,"Scss","Completions"
"48825",2005-02-01,"Feb 2005","Row",102,"Scss","Completions"
"48825",2005-02-01,"Feb 2005","Apartment",218,"Scss","Completions"
"48825",2005-02-01,"Feb 2005","All",849,"Scss","Completions"
"48825",2005-03-01,"Mar 2005","Single",407,"Scss","Completions"
"48825",2005-03-01,"Mar 2005","Semi-Detached",68,"Scss","Completions"
"48825",2005-03-01,"Mar 2005","Row",92,"Scss","Completions"
"48825",2005-03-01,"Mar 2005","Apartment",104,"Scss","Completions"
"48825",2005-03-01,"Mar 2005","All",671,"Scss","Completions"
"48825",2005-04-01,"Apr 2005","Single",834,"Scss","Completions"
"48825",2005-04-01,"Apr 2005","Semi-Detached",134,"Scss","Completions"
"48825",2005-04-01,"Apr 2005","Row",28,"Scss","Completions"
"48825",2005-04-01,"Apr 2005","Apartment",258,"Scss","Completions"
"48825",2005-04-01,"Apr 2005","All",1254,"Scss","Completions"
"48825",2005-05-01,"May 2005","Single",781,"Scss","Completions"
"48825",2005-05-01,"May 2005","Semi-Detached",54,"Scss","Completions"
"48825",2005-05-01,"May 2005","Row",60,"Scss","Completions"
"48825",2005-05-01,"May 2005","Apartment",432,"Scss","Completions"
"48825",2005-05-01,"May 2005","All",1327,"Scss","Completions"
"48825",2005-06-01,"Jun 2005","Single",734,"Scss","Completions"
"48825",2005-06-01,"Jun 2005","Semi-Detached",56,"Scss","Completions"
"48825",2005-06-01,"Jun 2005","Row",87,"Scss","Completions"
"48825",2005-06-01,"Jun 2005","Apartment",130,"Scss","Completions"
"48825",2005-06-01,"Jun 2005","All",1007,"Scss","Completions"
"48825",2005-07-01,"Jul 2005","Single",801,"Scss","Completions"
"48825",2005-07-01,"Jul 2005","Semi-Detached",90,"Scss","Completions"
"48825",2005-07-01,"Jul 2005","Row",98,"Scss","Completions"
"48825",2005-07-01,"Jul 2005","Apartment",321,"Scss","Completions"
"48825",2005-07-01,"Jul 2005","All",1310,"Scss","Completions"
"48825",2005-08-01,"Aug 2005","Single",592,"Scss","Completions"
"48825",2005-08-01,"Aug 2005","Semi-Detached",74,"Scss","Completions"
"48825",2005-08-01,"Aug 2005","Row",71,"Scss","Completions"
"48825",2005-08-01,"Aug 2005","Apartment",433,"Scss","Completions"
"48825",2005-08-01,"Aug 2005","All",1170,"Scss","Completions"
"48825",2005-09-01,"Sep 2005","Single",768,"Scss","Completions"
"48825",2005-09-01,"Sep 2005","Semi-Detached",64,"Scss","Completions"
"48825",2005-09-01,"Sep 2005","Row",108,"Scss","Completions"
"48825",2005-09-01,"Sep 2005","Apartment",490,"Scss","Completions"
"48825",2005-09-01,"Sep 2005","All",1430,"Scss","Completions"
"48825",2005-10-01,"Oct 2005","Single",808,"Scss","Completions"
"48825",2005-10-01,"Oct 2005","Semi-Detached",88,"Scss","Completions"
"48825",2005-10-01,"Oct 2005","Row",99,"Scss","Completions"
"48825",2005-10-01,"Oct 2005","Apartment",415,"Scss","Completions"
"48825",2005-10-01,"Oct 2005","All",1410,"Scss","Completions"
"48825",2005-11-01,"Nov 2005","Single",604,"Scss","Completions"
"48825",2005-11-01,"Nov 2005","Semi-Detached",70,"Scss","Completions"
"48825",2005-11-01,"Nov 2005","Row",41,"Scss","Completions"
"48825",2005-11-01,"Nov 2005","Apartment",28,"Scss","Completions"
"48825",2005-11-01,"Nov 2005","All",743,"Scss","Completions"
"48825",2005-12-01,"Dec 2005","Single",574,"Scss","Completions"
"48825",2005-12-01,"Dec 2005","Semi-Detached",66,"Scss","Completions"
"48825",2005-12-01,"Dec 2005","Row",18,"Scss","Completions"
"48825",2005-12-01,"Dec 2005","Apartment",103,"Scss","Completions"
"48825",2005-12-01,"Dec 2005","All",761,"Scss","Completions"
"48825",2006-01-01,"Jan 2006","Single",488,"Scss","Completions"
"48825",2006-01-01,"Jan 2006","Semi-Detached",56,"Scss","Completions"
"48825",2006-01-01,"Jan 2006","Row",28,"Scss","Completions"
"48825",2006-01-01,"Jan 2006","Apartment",40,"Scss","Completions"
"48825",2006-01-01,"Jan 2006","All",612,"Scss","Completions"
"48825",2006-02-01,"Feb 2006","Single",675,"Scss","Completions"
"48825",2006-02-01,"Feb 2006","Semi-Detached",78,"Scss","Completions"
"48825",2006-02-01,"Feb 2006","Row",11,"Scss","Completions"
"48825",2006-02-01,"Feb 2006","Apartment",3,"Scss","Completions"
"48825",2006-02-01,"Feb 2006","All",767,"Scss","Completions"
"48825",2006-03-01,"Mar 2006","Single",652,"Scss","Completions"
"48825",2006-03-01,"Mar 2006","Semi-Detached",84,"Scss","Completions"
"48825",2006-03-01,"Mar 2006","Row",153,"Scss","Completions"
"48825",2006-03-01,"Mar 2006","Apartment",286,"Scss","Completions"
"48825",2006-03-01,"Mar 2006","All",1175,"Scss","Completions"
"48825",2006-04-01,"Apr 2006","Single",524,"Scss","Completions"
"48825",2006-04-01,"Apr 2006","Semi-Detached",46,"Scss","Completions"
"48825",2006-04-01,"Apr 2006","Row",136,"Scss","Completions"
"48825",2006-04-01,"Apr 2006","Apartment",123,"Scss","Completions"
"48825",2006-04-01,"Apr 2006","All",829,"Scss","Completions"
"48825",2006-05-01,"May 2006","Single",702,"Scss","Completions"
"48825",2006-05-01,"May 2006","Semi-Detached",56,"Scss","Completions"
"48825",2006-05-01,"May 2006","Row",78,"Scss","Completions"
"48825",2006-05-01,"May 2006","Apartment",411,"Scss","Completions"
"48825",2006-05-01,"May 2006","All",1247,"Scss","Completions"
"48825",2006-06-01,"Jun 2006","Single",735,"Scss","Completions"
"48825",2006-06-01,"Jun 2006","Semi-Detached",96,"Scss","Completions"
"48825",2006-06-01,"Jun 2006","Row",30,"Scss","Completions"
"48825",2006-06-01,"Jun 2006","Apartment",144,"Scss","Completions"
"48825",2006-06-01,"Jun 2006","All",1005,"Scss","Completions"
"48825",2006-07-01,"Jul 2006","Single",812,"Scss","Completions"
"48825",2006-07-01,"Jul 2006","Semi-Detached",86,"Scss","Completions"
"48825",2006-07-01,"Jul 2006","Row",74,"Scss","Completions"
"48825",2006-07-01,"Jul 2006","Apartment",30,"Scss","Completions"
"48825",2006-07-01,"Jul 2006","All",1002,"Scss","Completions"
"48825",2006-08-01,"Aug 2006","Single",844,"Scss","Completions"
"48825",2006-08-01,"Aug 2006","Semi-Detached",90,"Scss","Completions"
"48825",2006-08-01,"Aug 2006","Row",105,"Scss","Completions"
"48825",2006-08-01,"Aug 2006","Apartment",44,"Scss","Completions"
"48825",2006-08-01,"Aug 2006","All",1083,"Scss","Completions"
"48825",2006-09-01,"Sep 2006","Single",616,"Scss","Completions"
"48825",2006-09-01,"Sep 2006","Semi-Detached",82,"Scss","Completions"
"48825",2006-09-01,"Sep 2006","Row",66,"Scss","Completions"
"48825",2006-09-01,"Sep 2006","Apartment",334,"Scss","Completions"
"48825",2006-09-01,"Sep 2006","All",1098,"Scss","Completions"
"48825",2006-10-01,"Oct 2006","Single",739,"Scss","Completions"
"48825",2006-10-01,"Oct 2006","Semi-Detached",92,"Scss","Completions"
"48825",2006-10-01,"Oct 2006","Row",56,"Scss","Completions"
"48825",2006-10-01,"Oct 2006","Apartment",314,"Scss","Completions"
"48825",2006-10-01,"Oct 2006","All",1201,"Scss","Completions"
"48825",2006-11-01,"Nov 2006","Single",841,"Scss","Completions"
"48825",2006-11-01,"Nov 2006","Semi-Detached",94,"Scss","Completions"
"48825",2006-11-01,"Nov 2006","Row",7,"Scss","Completions"
"48825",2006-11-01,"Nov 2006","Apartment",114,"Scss","Completions"
"48825",2006-11-01,"Nov 2006","All",1056,"Scss","Completions"
"48825",2006-12-01,"Dec 2006","Single",553,"Scss","Completions"
"48825",2006-12-01,"Dec 2006","Semi-Detached",58,"Scss","Completions"
"48825",2006-12-01,"Dec 2006","Row",31,"Scss","Completions"
"48825",2006-12-01,"Dec 2006","Apartment",973,"Scss","Completions"
"48825",2006-12-01,"Dec 2006","All",1615,"Scss","Completions"
"48825",2007-01-01,"Jan 2007","Single",670,"Scss","Completions"
"48825",2007-01-01,"Jan 2007","Semi-Detached",36,"Scss","Completions"
"48825",2007-01-01,"Jan 2007","Row",89,"Scss","Completions"
"48825",2007-01-01,"Jan 2007","Apartment",172,"Scss","Completions"
"48825",2007-01-01,"Jan 2007","All",967,"Scss","Completions"
"48825",2007-02-01,"Feb 2007","Single",817,"Scss","Completions"
"48825",2007-02-01,"Feb 2007","Semi-Detached",84,"Scss","Completions"
"48825",2007-02-01,"Feb 2007","Row",98,"Scss","Completions"
"48825",2007-02-01,"Feb 2007","Apartment",71,"Scss","Completions"
"48825",2007-02-01,"Feb 2007","All",1070,"Scss","Completions"
"48825",2007-03-01,"Mar 2007","Single",525,"Scss","Completions"
"48825",2007-03-01,"Mar 2007","Semi-Detached",70,"Scss","Completions"
"48825",2007-03-01,"Mar 2007","Row",89,"Scss","Completions"
"48825",2007-03-01,"Mar 2007","Apartment",1,"Scss","Completions"
"48825",2007-03-01,"Mar 2007","All",685,"Scss","Completions"
"48825",2007-04-01,"Apr 2007","Single",798,"Scss","Completions"
"48825",2007-04-01,"Apr 2007","Semi-Detached",68,"Scss","Completions"
"48825",2007-04-01,"Apr 2007","Row",70,"Scss","Completions"
"48825",2007-04-01,"Apr 2007","Apartment",86,"Scss","Completions"
"48825",2007-04-01,"Apr 2007","All",1022,"Scss","Completions"
"48825",2007-05-01,"May 2007","Single",875,"Scss","Completions"
"48825",2007-05-01,"May 2007","Semi-Detached",124,"Scss","Completions"
"48825",2007-05-01,"May 2007","Row",116,"Scss","Completions"
"48825",2007-05-01,"May 2007","Apartment",579,"Scss","Completions"
"48825",2007-05-01,"May 2007","All",1694,"Scss","Completions"
"48825",2007-06-01,"Jun 2007","Single",890,"Scss","Completions"
"48825",2007-06-01,"Jun 2007","Semi-Detached",88,"Scss","Completions"
"48825",2007-06-01,"Jun 2007","Row",74,"Scss","Completions"
"48825",2007-06-01,"Jun 2007","Apartment",286,"Scss","Completions"
"48825",2007-06-01,"Jun 2007","All",1338,"Scss","Completions"
"48825",2007-07-01,"Jul 2007","Single",789,"Scss","Completions"
"48825",2007-07-01,"Jul 2007","Semi-Detached",80,"Scss","Completions"
"48825",2007-07-01,"Jul 2007","Row",144,"Scss","Completions"
"48825",2007-07-01,"Jul 2007","Apartment",171,"Scss","Completions"
"48825",2007-07-01,"Jul 2007","All",1184,"Scss","Completions"
"48825",2007-08-01,"Aug 2007","Single",825,"Scss","Completions"
"48825",2007-08-01,"Aug 2007","Semi-Detached",80,"Scss","Completions"
"48825",2007-08-01,"Aug 2007","Row",66,"Scss","Completions"
"48825",2007-08-01,"Aug 2007","Apartment",156,"Scss","Completions"
"48825",2007-08-01,"Aug 2007","All",1127,"Scss","Completions"
"48825",2007-09-01,"Sep 2007","Single",620,"Scss","Completions"
"48825",2007-09-01,"Sep 2007","Semi-Detached",76,"Scss","Completions"
"48825",2007-09-01,"Sep 2007","Row",47,"Scss","Completions"
"48825",2007-09-01,"Sep 2007","Apartment",236,"Scss","Completions"
"48825",2007-09-01,"Sep 2007","All",979,"Scss","Completions"
"48825",2007-10-01,"Oct 2007","Single",677,"Scss","Completions"
"48825",2007-10-01,"Oct 2007","Semi-Detached",78,"Scss","Completions"
"48825",2007-10-01,"Oct 2007","Row",89,"Scss","Completions"
"48825",2007-10-01,"Oct 2007","Apartment",186,"Scss","Completions"
"48825",2007-10-01,"Oct 2007","All",1030,"Scss","Completions"
"48825",2007-11-01,"Nov 2007","Single",783,"Scss","Completions"
"48825",2007-11-01,"Nov 2007","Semi-Detached",94,"Scss","Completions"
"48825",2007-11-01,"Nov 2007","Row",71,"Scss","Completions"
"48825",2007-11-01,"Nov 2007","Apartment",15,"Scss","Completions"
"48825",2007-11-01,"Nov 2007","All",963,"Scss","Completions"
"48825",2007-12-01,"Dec 2007","Single",880,"Scss","Completions"
"48825",2007-12-01,"Dec 2007","Semi-Detached",74,"Scss","Completions"
"48825",2007-12-01,"Dec 2007","Row",44,"Scss","Completions"
"48825",2007-12-01,"Dec 2007","Apartment",55,"Scss","Completions"
"48825",2007-12-01,"Dec 2007","All",1053,"Scss","Completions"
"48825",2008-01-01,"Jan 2008","Single",747,"Scss","Completions"
"48825",2008-01-01,"Jan 2008","Semi-Detached",100,"Scss","Completions"
"48825",2008-01-01,"Jan 2008","Row",79,"Scss","Completions"
"48825",2008-01-01,"Jan 2008","Apartment",579,"Scss","Completions"
"48825",2008-01-01,"Jan 2008","All",1505,"Scss","Completions"
"48825",2008-02-01,"Feb 2008","Single",814,"Scss","Completions"
"48825",2008-02-01,"Feb 2008","Semi-Detached",174,"Scss","Completions"
"48825",2008-02-01,"Feb 2008","Row",233,"Scss","Completions"
"48825",2008-02-01,"Feb 2008","Apartment",361,"Scss","Completions"
"48825",2008-02-01,"Feb 2008","All",1582,"Scss","Completions"
"48825",2008-03-01,"Mar 2008","Single",729,"Scss","Completions"
"48825",2008-03-01,"Mar 2008","Semi-Detached",36,"Scss","Completions"
"48825",2008-03-01,"Mar 2008","Row",159,"Scss","Completions"
"48825",2008-03-01,"Mar 2008","Apartment",108,"Scss","Completions"
"48825",2008-03-01,"Mar 2008","All",1032,"Scss","Completions"
"48825",2008-04-01,"Apr 2008","Single",516,"Scss","Completions"
"48825",2008-04-01,"Apr 2008","Semi-Detached",88,"Scss","Completions"
"48825",2008-04-01,"Apr 2008","Row",176,"Scss","Completions"
"48825",2008-04-01,"Apr 2008","Apartment",309,"Scss","Completions"
"48825",2008-04-01,"Apr 2008","All",1089,"Scss","Completions"
"48825",2008-05-01,"May 2008","Single",615,"Scss","Completions"
"48825",2008-05-01,"May 2008","Semi-Detached",68,"Scss","Completions"
"48825",2008-05-01,"May 2008","Row",11,"Scss","Completions"
"48825",2008-05-01,"May 2008","Apartment",576,"Scss","Completions"
"48825",2008-05-01,"May 2008","All",1270,"Scss","Completions"
"48825",2008-06-01,"Jun 2008","Single",572,"Scss","Completions"
"48825",2008-06-01,"Jun 2008","Semi-Detached",90,"Scss","Completions"
"48825",2008-06-01,"Jun 2008","Row",170,"Scss","Completions"
"48825",2008-06-01,"Jun 2008","Apartment",108,"Scss","Completions"
"48825",2008-06-01,"Jun 2008","All",940,"Scss","Completions"
"48825",2008-07-01,"Jul 2008","Single",499,"Scss","Completions"
"48825",2008-07-01,"Jul 2008","Semi-Detached",60,"Scss","Completions"
"48825",2008-07-01,"Jul 2008","Row",39,"Scss","Completions"
"48825",2008-07-01,"Jul 2008","Apartment",279,"Scss","Completions"
"48825",2008-07-01,"Jul 2008","All",877,"Scss","Completions"
"48825",2008-08-01,"Aug 2008","Single",593,"Scss","Completions"
"48825",2008-08-01,"Aug 2008","Semi-Detached",86,"Scss","Completions"
"48825",2008-08-01,"Aug 2008","Row",21,"Scss","Completions"
"48825",2008-08-01,"Aug 2008","Apartment",708,"Scss","Completions"
"48825",2008-08-01,"Aug 2008","All",1408,"Scss","Completions"
"48825",2008-09-01,"Sep 2008","Single",494,"Scss","Completions"
"48825",2008-09-01,"Sep 2008","Semi-Detached",78,"Scss","Completions"
"48825",2008-09-01,"Sep 2008","Row",187,"Scss","Completions"
"48825",2008-09-01,"Sep 2008","Apartment",261,"Scss","Completions"
"48825",2008-09-01,"Sep 2008","All",1020,"Scss","Completions"
"48825",2008-10-01,"Oct 2008","Single",520,"Scss","Completions"
"48825",2008-10-01,"Oct 2008","Semi-Detached",124,"Scss","Completions"
"48825",2008-10-01,"Oct 2008","Row",77,"Scss","Completions"
"48825",2008-10-01,"Oct 2008","Apartment",1117,"Scss","Completions"
"48825",2008-10-01,"Oct 2008","All",1838,"Scss","Completions"
"48825",2008-11-01,"Nov 2008","Single",353,"Scss","Completions"
"48825",2008-11-01,"Nov 2008","Semi-Detached",56,"Scss","Completions"
"48825",2008-11-01,"Nov 2008","Row",176,"Scss","Completions"
"48825",2008-11-01,"Nov 2008","Apartment",222,"Scss","Completions"
"48825",2008-11-01,"Nov 2008","All",807,"Scss","Completions"
"48825",2008-12-01,"Dec 2008","Single",456,"Scss","Completions"
"48825",2008-12-01,"Dec 2008","Semi-Detached",62,"Scss","Completions"
"48825",2008-12-01,"Dec 2008","Row",38,"Scss","Completions"
"48825",2008-12-01,"Dec 2008","Apartment",271,"Scss","Completions"
"48825",2008-12-01,"Dec 2008","All",827,"Scss","Completions"
"48825",2009-01-01,"Jan 2009","Single",413,"Scss","Completions"
"48825",2009-01-01,"Jan 2009","Semi-Detached",26,"Scss","Completions"
"48825",2009-01-01,"Jan 2009","Row",76,"Scss","Completions"
"48825",2009-01-01,"Jan 2009","Apartment",217,"Scss","Completions"
"48825",2009-01-01,"Jan 2009","All",732,"Scss","Completions"
"48825",2009-02-01,"Feb 2009","Single",293,"Scss","Completions"
"48825",2009-02-01,"Feb 2009","Semi-Detached",86,"Scss","Completions"
"48825",2009-02-01,"Feb 2009","Row",44,"Scss","Completions"
"48825",2009-02-01,"Feb 2009","Apartment",196,"Scss","Completions"
"48825",2009-02-01,"Feb 2009","All",619,"Scss","Completions"
"48825",2009-03-01,"Mar 2009","Single",309,"Scss","Completions"
"48825",2009-03-01,"Mar 2009","Semi-Detached",58,"Scss","Completions"
"48825",2009-03-01,"Mar 2009","Row",136,"Scss","Completions"
"48825",2009-03-01,"Mar 2009","Apartment",164,"Scss","Completions"
"48825",2009-03-01,"Mar 2009","All",667,"Scss","Completions"
"48825",2009-04-01,"Apr 2009","Single",322,"Scss","Completions"
"48825",2009-04-01,"Apr 2009","Semi-Detached",100,"Scss","Completions"
"48825",2009-04-01,"Apr 2009","Row",108,"Scss","Completions"
"48825",2009-04-01,"Apr 2009","Apartment",24,"Scss","Completions"
"48825",2009-04-01,"Apr 2009","All",554,"Scss","Completions"
"48825",2009-05-01,"May 2009","Single",380,"Scss","Completions"
"48825",2009-05-01,"May 2009","Semi-Detached",42,"Scss","Completions"
"48825",2009-05-01,"May 2009","Row",102,"Scss","Completions"
"48825",2009-05-01,"May 2009","Apartment",152,"Scss","Completions"
"48825",2009-05-01,"May 2009","All",676,"Scss","Completions"
"48825",2009-06-01,"Jun 2009","Single",362,"Scss","Completions"
"48825",2009-06-01,"Jun 2009","Semi-Detached",58,"Scss","Completions"
"48825",2009-06-01,"Jun 2009","Row",6,"Scss","Completions"
"48825",2009-06-01,"Jun 2009","Apartment",484,"Scss","Completions"
"48825",2009-06-01,"Jun 2009","All",910,"Scss","Completions"
"48825",2009-07-01,"Jul 2009","Single",474,"Scss","Completions"
"48825",2009-07-01,"Jul 2009","Semi-Detached",124,"Scss","Completions"
"48825",2009-07-01,"Jul 2009","Row",118,"Scss","Completions"
"48825",2009-07-01,"Jul 2009","Apartment",110,"Scss","Completions"
"48825",2009-07-01,"Jul 2009","All",826,"Scss","Completions"
"48825",2009-08-01,"Aug 2009","Single",185,"Scss","Completions"
"48825",2009-08-01,"Aug 2009","Semi-Detached",58,"Scss","Completions"
"48825",2009-08-01,"Aug 2009","Row",23,"Scss","Completions"
"48825",2009-08-01,"Aug 2009","Apartment",177,"Scss","Completions"
"48825",2009-08-01,"Aug 2009","All",443,"Scss","Completions"
"48825",2009-09-01,"Sep 2009","Single",293,"Scss","Completions"
"48825",2009-09-01,"Sep 2009","Semi-Detached",72,"Scss","Completions"
"48825",2009-09-01,"Sep 2009","Row",75,"Scss","Completions"
"48825",2009-09-01,"Sep 2009","Apartment",496,"Scss","Completions"
"48825",2009-09-01,"Sep 2009","All",936,"Scss","Completions"
"48825",2009-10-01,"Oct 2009","Single",391,"Scss","Completions"
"48825",2009-10-01,"Oct 2009","Semi-Detached",84,"Scss","Completions"
"48825",2009-10-01,"Oct 2009","Row",20,"Scss","Completions"
"48825",2009-10-01,"Oct 2009","Apartment",73,"Scss","Completions"
"48825",2009-10-01,"Oct 2009","All",568,"Scss","Completions"
"48825",2009-11-01,"Nov 2009","Single",442,"Scss","Completions"
"48825",2009-11-01,"Nov 2009","Semi-Detached",106,"Scss","Completions"
"48825",2009-11-01,"Nov 2009","Row",51,"Scss","Completions"
"48825",2009-11-01,"Nov 2009","Apartment",182,"Scss","Completions"
"48825",2009-11-01,"Nov 2009","All",781,"Scss","Completions"
"48825",2009-12-01,"Dec 2009","Single",427,"Scss","Completions"
"48825",2009-12-01,"Dec 2009","Semi-Detached",72,"Scss","Completions"
"48825",2009-12-01,"Dec 2009","Row",4,"Scss","Completions"
"48825",2009-12-01,"Dec 2009","Apartment",23,"Scss","Completions"
"48825",2009-12-01,"Dec 2009","All",526,"Scss","Completions"
"48825",2010-01-01,"Jan 2010","Single",226,"Scss","Completions"
"48825",2010-01-01,"Jan 2010","Semi-Detached",28,"Scss","Completions"
"48825",2010-01-01,"Jan 2010","Row",35,"Scss","Completions"
"48825",2010-01-01,"Jan 2010","Apartment",4,"Scss","Completions"
"48825",2010-01-01,"Jan 2010","All",293,"Scss","Completions"
"48825",2010-02-01,"Feb 2010","Single",421,"Scss","Completions"
"48825",2010-02-01,"Feb 2010","Semi-Detached",74,"Scss","Completions"
"48825",2010-02-01,"Feb 2010","Row",44,"Scss","Completions"
"48825",2010-02-01,"Feb 2010","Apartment",561,"Scss","Completions"
"48825",2010-02-01,"Feb 2010","All",1100,"Scss","Completions"
"48825",2010-03-01,"Mar 2010","Single",460,"Scss","Completions"
"48825",2010-03-01,"Mar 2010","Semi-Detached",50,"Scss","Completions"
"48825",2010-03-01,"Mar 2010","Row",53,"Scss","Completions"
"48825",2010-03-01,"Mar 2010","Apartment",259,"Scss","Completions"
"48825",2010-03-01,"Mar 2010","All",822,"Scss","Completions"
"48825",2010-04-01,"Apr 2010","Single",550,"Scss","Completions"
"48825",2010-04-01,"Apr 2010","Semi-Detached",60,"Scss","Completions"
"48825",2010-04-01,"Apr 2010","Row",41,"Scss","Completions"
"48825",2010-04-01,"Apr 2010","Apartment",0,"Scss","Completions"
"48825",2010-04-01,"Apr 2010","All",651,"Scss","Completions"
"48825",2010-05-01,"May 2010","Single",472,"Scss","Completions"
"48825",2010-05-01,"May 2010","Semi-Detached",40,"Scss","Completions"
"48825",2010-05-01,"May 2010","Row",46,"Scss","Completions"
"48825",2010-05-01,"May 2010","Apartment",82,"Scss","Completions"
"48825",2010-05-01,"May 2010","All",640,"Scss","Completions"
"48825",2010-06-01,"Jun 2010","Single",659,"Scss","Completions"
"48825",2010-06-01,"Jun 2010","Semi-Detached",104,"Scss","Completions"
"48825",2010-06-01,"Jun 2010","Row",35,"Scss","Completions"
"48825",2010-06-01,"Jun 2010","Apartment",446,"Scss","Completions"
"48825",2010-06-01,"Jun 2010","All",1244,"Scss","Completions"
"48825",2010-07-01,"Jul 2010","Single",614,"Scss","Completions"
"48825",2010-07-01,"Jul 2010","Semi-Detached",52,"Scss","Completions"
"48825",2010-07-01,"Jul 2010","Row",112,"Scss","Completions"
"48825",2010-07-01,"Jul 2010","Apartment",627,"Scss","Completions"
"48825",2010-07-01,"Jul 2010","All",1405,"Scss","Completions"
"48825",2010-08-01,"Aug 2010","Single",523,"Scss","Completions"
"48825",2010-08-01,"Aug 2010","Semi-Detached",98,"Scss","Completions"
"48825",2010-08-01,"Aug 2010","Row",69,"Scss","Completions"
"48825",2010-08-01,"Aug 2010","Apartment",491,"Scss","Completions"
"48825",2010-08-01,"Aug 2010","All",1181,"Scss","Completions"
"48825",2010-09-01,"Sep 2010","Single",567,"Scss","Completions"
"48825",2010-09-01,"Sep 2010","Semi-Detached",66,"Scss","Completions"
"48825",2010-09-01,"Sep 2010","Row",48,"Scss","Completions"
"48825",2010-09-01,"Sep 2010","Apartment",4,"Scss","Completions"
"48825",2010-09-01,"Sep 2010","All",685,"Scss","Completions"
"48825",2010-10-01,"Oct 2010","Single",661,"Scss","Completions"
"48825",2010-10-01,"Oct 2010","Semi-Detached",118,"Scss","Completions"
"48825",2010-10-01,"Oct 2010","Row",127,"Scss","Completions"
"48825",2010-10-01,"Oct 2010","Apartment",36,"Scss","Completions"
"48825",2010-10-01,"Oct 2010","All",942,"Scss","Completions"
"48825",2010-11-01,"Nov 2010","Single",670,"Scss","Completions"
"48825",2010-11-01,"Nov 2010","Semi-Detached",66,"Scss","Completions"
"48825",2010-11-01,"Nov 2010","Row",64,"Scss","Completions"
"48825",2010-11-01,"Nov 2010","Apartment",429,"Scss","Completions"
"48825",2010-11-01,"Nov 2010","All",1229,"Scss","Completions"
"48825",2010-12-01,"Dec 2010","Single",541,"Scss","Completions"
"48825",2010-12-01,"Dec 2010","Semi-Detached",90,"Scss","Completions"
"48825",2010-12-01,"Dec 2010","Row",98,"Scss","Completions"
"48825",2010-12-01,"Dec 2010","Apartment",70,"Scss","Completions"
"48825",2010-12-01,"Dec 2010","All",799,"Scss","Completions"
"48825",2011-01-01,"Jan 2011","Single",333,"Scss","Completions"
"48825",2011-01-01,"Jan 2011","Semi-Detached",34,"Scss","Completions"
"48825",2011-01-01,"Jan 2011","Row",67,"Scss","Completions"
"48825",2011-01-01,"Jan 2011","Apartment",80,"Scss","Completions"
"48825",2011-01-01,"Jan 2011","All",514,"Scss","Completions"
"48825",2011-02-01,"Feb 2011","Single",380,"Scss","Completions"
"48825",2011-02-01,"Feb 2011","Semi-Detached",42,"Scss","Completions"
"48825",2011-02-01,"Feb 2011","Row",76,"Scss","Completions"
"48825",2011-02-01,"Feb 2011","Apartment",135,"Scss","Completions"
"48825",2011-02-01,"Feb 2011","All",633,"Scss","Completions"
"48825",2011-03-01,"Mar 2011","Single",257,"Scss","Completions"
"48825",2011-03-01,"Mar 2011","Semi-Detached",56,"Scss","Completions"
"48825",2011-03-01,"Mar 2011","Row",64,"Scss","Completions"
"48825",2011-03-01,"Mar 2011","Apartment",32,"Scss","Completions"
"48825",2011-03-01,"Mar 2011","All",409,"Scss","Completions"
"48825",2011-04-01,"Apr 2011","Single",439,"Scss","Completions"
"48825",2011-04-01,"Apr 2011","Semi-Detached",76,"Scss","Completions"
"48825",2011-04-01,"Apr 2011","Row",123,"Scss","Completions"
"48825",2011-04-01,"Apr 2011","Apartment",0,"Scss","Completions"
"48825",2011-04-01,"Apr 2011","All",638,"Scss","Completions"
"48825",2011-05-01,"May 2011","Single",411,"Scss","Completions"
"48825",2011-05-01,"May 2011","Semi-Detached",76,"Scss","Completions"
"48825",2011-05-01,"May 2011","Row",103,"Scss","Completions"
"48825",2011-05-01,"May 2011","Apartment",0,"Scss","Completions"
"48825",2011-05-01,"May 2011","All",590,"Scss","Completions"
"48825",2011-06-01,"Jun 2011","Single",386,"Scss","Completions"
"48825",2011-06-01,"Jun 2011","Semi-Detached",50,"Scss","Completions"
"48825",2011-06-01,"Jun 2011","Row",128,"Scss","Completions"
"48825",2011-06-01,"Jun 2011","Apartment",39,"Scss","Completions"
"48825",2011-06-01,"Jun 2011","All",603,"Scss","Completions"
"48825",2011-07-01,"Jul 2011","Single",312,"Scss","Completions"
"48825",2011-07-01,"Jul 2011","Semi-Detached",66,"Scss","Completions"
"48825",2011-07-01,"Jul 2011","Row",31,"Scss","Completions"
"48825",2011-07-01,"Jul 2011","Apartment",51,"Scss","Completions"
"48825",2011-07-01,"Jul 2011","All",460,"Scss","Completions"
"48825",2011-08-01,"Aug 2011","Single",431,"Scss","Completions"
"48825",2011-08-01,"Aug 2011","Semi-Detached",68,"Scss","Completions"
"48825",2011-08-01,"Aug 2011","Row",205,"Scss","Completions"
"48825",2011-08-01,"Aug 2011","Apartment",107,"Scss","Completions"
"48825",2011-08-01,"Aug 2011","All",811,"Scss","Completions"
"48825",2011-09-01,"Sep 2011","Single",467,"Scss","Completions"
"48825",2011-09-01,"Sep 2011","Semi-Detached",102,"Scss","Completions"
"48825",2011-09-01,"Sep 2011","Row",39,"Scss","Completions"
"48825",2011-09-01,"Sep 2011","Apartment",113,"Scss","Completions"
"48825",2011-09-01,"Sep 2011","All",721,"Scss","Completions"
"48825",2011-10-01,"Oct 2011","Single",435,"Scss","Completions"
"48825",2011-10-01,"Oct 2011","Semi-Detached",102,"Scss","Completions"
"48825",2011-10-01,"Oct 2011","Row",106,"Scss","Completions"
"48825",2011-10-01,"Oct 2011","Apartment",89,"Scss","Completions"
"48825",2011-10-01,"Oct 2011","All",732,"Scss","Completions"
"48825",2011-11-01,"Nov 2011","Single",524,"Scss","Completions"
"48825",2011-11-01,"Nov 2011","Semi-Detached",78,"Scss","Completions"
"48825",2011-11-01,"Nov 2011","Row",96,"Scss","Completions"
"48825",2011-11-01,"Nov 2011","Apartment",81,"Scss","Completions"
"48825",2011-11-01,"Nov 2011","All",779,"Scss","Completions"
"48825",2011-12-01,"Dec 2011","Single",449,"Scss","Completions"
"48825",2011-12-01,"Dec 2011","Semi-Detached",100,"Scss","Completions"
"48825",2011-12-01,"Dec 2011","Row",73,"Scss","Completions"
"48825",2011-12-01,"Dec 2011","Apartment",177,"Scss","Completions"
"48825",2011-12-01,"Dec 2011","All",799,"Scss","Completions"
"48825",2012-01-01,"Jan 2012","Single",327,"Scss","Completions"
"48825",2012-01-01,"Jan 2012","Semi-Detached",52,"Scss","Completions"
"48825",2012-01-01,"Jan 2012","Row",81,"Scss","Completions"
"48825",2012-01-01,"Jan 2012","Apartment",177,"Scss","Completions"
"48825",2012-01-01,"Jan 2012","All",637,"Scss","Completions"
"48825",2012-02-01,"Feb 2012","Single",441,"Scss","Completions"
"48825",2012-02-01,"Feb 2012","Semi-Detached",62,"Scss","Completions"
"48825",2012-02-01,"Feb 2012","Row",77,"Scss","Completions"
"48825",2012-02-01,"Feb 2012","Apartment",10,"Scss","Completions"
"48825",2012-02-01,"Feb 2012","All",590,"Scss","Completions"
"48825",2012-03-01,"Mar 2012","Single",390,"Scss","Completions"
"48825",2012-03-01,"Mar 2012","Semi-Detached",56,"Scss","Completions"
"48825",2012-03-01,"Mar 2012","Row",65,"Scss","Completions"
"48825",2012-03-01,"Mar 2012","Apartment",304,"Scss","Completions"
"48825",2012-03-01,"Mar 2012","All",815,"Scss","Completions"
"48825",2012-04-01,"Apr 2012","Single",487,"Scss","Completions"
"48825",2012-04-01,"Apr 2012","Semi-Detached",86,"Scss","Completions"
"48825",2012-04-01,"Apr 2012","Row",121,"Scss","Completions"
"48825",2012-04-01,"Apr 2012","Apartment",4,"Scss","Completions"
"48825",2012-04-01,"Apr 2012","All",698,"Scss","Completions"
"48825",2012-05-01,"May 2012","Single",344,"Scss","Completions"
"48825",2012-05-01,"May 2012","Semi-Detached",56,"Scss","Completions"
"48825",2012-05-01,"May 2012","Row",144,"Scss","Completions"
"48825",2012-05-01,"May 2012","Apartment",105,"Scss","Completions"
"48825",2012-05-01,"May 2012","All",649,"Scss","Completions"
"48825",2012-06-01,"Jun 2012","Single",566,"Scss","Completions"
"48825",2012-06-01,"Jun 2012","Semi-Detached",98,"Scss","Completions"
"48825",2012-06-01,"Jun 2012","Row",103,"Scss","Completions"
"48825",2012-06-01,"Jun 2012","Apartment",349,"Scss","Completions"
"48825",2012-06-01,"Jun 2012","All",1116,"Scss","Completions"
"48825",2012-07-01,"Jul 2012","Single",529,"Scss","Completions"
"48825",2012-07-01,"Jul 2012","Semi-Detached",94,"Scss","Completions"
"48825",2012-07-01,"Jul 2012","Row",91,"Scss","Completions"
"48825",2012-07-01,"Jul 2012","Apartment",119,"Scss","Completions"
"48825",2012-07-01,"Jul 2012","All",833,"Scss","Completions"
"48825",2012-08-01,"Aug 2012","Single",392,"Scss","Completions"
"48825",2012-08-01,"Aug 2012","Semi-Detached",88,"Scss","Completions"
"48825",2012-08-01,"Aug 2012","Row",52,"Scss","Completions"
"48825",2012-08-01,"Aug 2012","Apartment",283,"Scss","Completions"
"48825",2012-08-01,"Aug 2012","All",815,"Scss","Completions"
"48825",2012-09-01,"Sep 2012","Single",535,"Scss","Completions"
"48825",2012-09-01,"Sep 2012","Semi-Detached",88,"Scss","Completions"
"48825",2012-09-01,"Sep 2012","Row",47,"Scss","Completions"
"48825",2012-09-01,"Sep 2012","Apartment",100,"Scss","Completions"
"48825",2012-09-01,"Sep 2012","All",770,"Scss","Completions"
"48825",2012-10-01,"Oct 2012","Single",527,"Scss","Completions"
"48825",2012-10-01,"Oct 2012","Semi-Detached",104,"Scss","Completions"
"48825",2012-10-01,"Oct 2012","Row",122,"Scss","Completions"
"48825",2012-10-01,"Oct 2012","Apartment",267,"Scss","Completions"
"48825",2012-10-01,"Oct 2012","All",1020,"Scss","Completions"
"48825",2012-11-01,"Nov 2012","Single",454,"Scss","Completions"
"48825",2012-11-01,"Nov 2012","Semi-Detached",86,"Scss","Completions"
"48825",2012-11-01,"Nov 2012","Row",174,"Scss","Completions"
"48825",2012-11-01,"Nov 2012","Apartment",103,"Scss","Completions"
"48825",2012-11-01,"Nov 2012","All",817,"Scss","Completions"
"48825",2012-12-01,"Dec 2012","Single",379,"Scss","Completions"
"48825",2012-12-01,"Dec 2012","Semi-Detached",84,"Scss","Completions"
"48825",2012-12-01,"Dec 2012","Row",250,"Scss","Completions"
"48825",2012-12-01,"Dec 2012","Apartment",120,"Scss","Completions"
"48825",2012-12-01,"Dec 2012","All",833,"Scss","Completions"
"48825",2013-01-01,"Jan 2013","Single",385,"Scss","Completions"
"48825",2013-01-01,"Jan 2013","Semi-Detached",32,"Scss","Completions"
"48825",2013-01-01,"Jan 2013","Row",108,"Scss","Completions"
"48825",2013-01-01,"Jan 2013","Apartment",56,"Scss","Completions"
"48825",2013-01-01,"Jan 2013","All",581,"Scss","Completions"
"48825",2013-02-01,"Feb 2013","Single",404,"Scss","Completions"
"48825",2013-02-01,"Feb 2013","Semi-Detached",90,"Scss","Completions"
"48825",2013-02-01,"Feb 2013","Row",206,"Scss","Completions"
"48825",2013-02-01,"Feb 2013","Apartment",208,"Scss","Completions"
"48825",2013-02-01,"Feb 2013","All",908,"Scss","Completions"
"48825",2013-03-01,"Mar 2013","Single",432,"Scss","Completions"
"48825",2013-03-01,"Mar 2013","Semi-Detached",72,"Scss","Completions"
"48825",2013-03-01,"Mar 2013","Row",108,"Scss","Completions"
"48825",2013-03-01,"Mar 2013","Apartment",128,"Scss","Completions"
"48825",2013-03-01,"Mar 2013","All",740,"Scss","Completions"
"48825",2013-04-01,"Apr 2013","Single",433,"Scss","Completions"
"48825",2013-04-01,"Apr 2013","Semi-Detached",52,"Scss","Completions"
"48825",2013-04-01,"Apr 2013","Row",180,"Scss","Completions"
"48825",2013-04-01,"Apr 2013","Apartment",273,"Scss","Completions"
"48825",2013-04-01,"Apr 2013","All",938,"Scss","Completions"
"48825",2013-05-01,"May 2013","Single",535,"Scss","Completions"
"48825",2013-05-01,"May 2013","Semi-Detached",68,"Scss","Completions"
"48825",2013-05-01,"May 2013","Row",194,"Scss","Completions"
"48825",2013-05-01,"May 2013","Apartment",345,"Scss","Completions"
"48825",2013-05-01,"May 2013","All",1142,"Scss","Completions"
"48825",2013-06-01,"Jun 2013","Single",543,"Scss","Completions"
"48825",2013-06-01,"Jun 2013","Semi-Detached",118,"Scss","Completions"
"48825",2013-06-01,"Jun 2013","Row",209,"Scss","Completions"
"48825",2013-06-01,"Jun 2013","Apartment",786,"Scss","Completions"
"48825",2013-06-01,"Jun 2013","All",1656,"Scss","Completions"
"48825",2013-07-01,"Jul 2013","Single",532,"Scss","Completions"
"48825",2013-07-01,"Jul 2013","Semi-Detached",136,"Scss","Completions"
"48825",2013-07-01,"Jul 2013","Row",94,"Scss","Completions"
"48825",2013-07-01,"Jul 2013","Apartment",88,"Scss","Completions"
"48825",2013-07-01,"Jul 2013","All",850,"Scss","Completions"
"48825",2013-08-01,"Aug 2013","Single",450,"Scss","Completions"
"48825",2013-08-01,"Aug 2013","Semi-Detached",60,"Scss","Completions"
"48825",2013-08-01,"Aug 2013","Row",210,"Scss","Completions"
"48825",2013-08-01,"Aug 2013","Apartment",164,"Scss","Completions"
"48825",2013-08-01,"Aug 2013","All",884,"Scss","Completions"
"48825",2013-09-01,"Sep 2013","Single",620,"Scss","Completions"
"48825",2013-09-01,"Sep 2013","Semi-Detached",160,"Scss","Completions"
"48825",2013-09-01,"Sep 2013","Row",58,"Scss","Completions"
"48825",2013-09-01,"Sep 2013","Apartment",208,"Scss","Completions"
"48825",2013-09-01,"Sep 2013","All",1046,"Scss","Completions"
"48825",2013-10-01,"Oct 2013","Single",644,"Scss","Completions"
"48825",2013-10-01,"Oct 2013","Semi-Detached",204,"Scss","Completions"
"48825",2013-10-01,"Oct 2013","Row",214,"Scss","Completions"
"48825",2013-10-01,"Oct 2013","Apartment",348,"Scss","Completions"
"48825",2013-10-01,"Oct 2013","All",1410,"Scss","Completions"
"48825",2013-11-01,"Nov 2013","Single",658,"Scss","Completions"
"48825",2013-11-01,"Nov 2013","Semi-Detached",102,"Scss","Completions"
"48825",2013-11-01,"Nov 2013","Row",84,"Scss","Completions"
"48825",2013-11-01,"Nov 2013","Apartment",308,"Scss","Completions"
"48825",2013-11-01,"Nov 2013","All",1152,"Scss","Completions"
"48825",2013-12-01,"Dec 2013","Single",470,"Scss","Completions"
"48825",2013-12-01,"Dec 2013","Semi-Detached",74,"Scss","Completions"
"48825",2013-12-01,"Dec 2013","Row",59,"Scss","Completions"
"48825",2013-12-01,"Dec 2013","Apartment",146,"Scss","Completions"
"48825",2013-12-01,"Dec 2013","All",749,"Scss","Completions"
"48825",2014-01-01,"Jan 2014","Single",449,"Scss","Completions"
"48825",2014-01-01,"Jan 2014","Semi-Detached",98,"Scss","Completions"
"48825",2014-01-01,"Jan 2014","Row",266,"Scss","Completions"
"48825",2014-01-01,"Jan 2014","Apartment",976,"Scss","Completions"
"48825",2014-01-01,"Jan 2014","All",1789,"Scss","Completions"
"48825",2014-02-01,"Feb 2014","Single",590,"Scss","Completions"
"48825",2014-02-01,"Feb 2014","Semi-Detached",132,"Scss","Completions"
"48825",2014-02-01,"Feb 2014","Row",65,"Scss","Completions"
"48825",2014-02-01,"Feb 2014","Apartment",78,"Scss","Completions"
"48825",2014-02-01,"Feb 2014","All",865,"Scss","Completions"
"48825",2014-03-01,"Mar 2014","Single",377,"Scss","Completions"
"48825",2014-03-01,"Mar 2014","Semi-Detached",72,"Scss","Completions"
"48825",2014-03-01,"Mar 2014","Row",101,"Scss","Completions"
"48825",2014-03-01,"Mar 2014","Apartment",578,"Scss","Completions"
"48825",2014-03-01,"Mar 2014","All",1128,"Scss","Completions"
"48825",2014-04-01,"Apr 2014","Single",494,"Scss","Completions"
"48825",2014-04-01,"Apr 2014","Semi-Detached",120,"Scss","Completions"
"48825",2014-04-01,"Apr 2014","Row",139,"Scss","Completions"
"48825",2014-04-01,"Apr 2014","Apartment",1010,"Scss","Completions"
"48825",2014-04-01,"Apr 2014","All",1763,"Scss","Completions"
"48825",2014-05-01,"May 2014","Single",443,"Scss","Completions"
"48825",2014-05-01,"May 2014","Semi-Detached",88,"Scss","Completions"
"48825",2014-05-01,"May 2014","Row",165,"Scss","Completions"
"48825",2014-05-01,"May 2014","Apartment",24,"Scss","Completions"
"48825",2014-05-01,"May 2014","All",720,"Scss","Completions"
"48825",2014-06-01,"Jun 2014","Single",526,"Scss","Completions"
"48825",2014-06-01,"Jun 2014","Semi-Detached",106,"Scss","Completions"
"48825",2014-06-01,"Jun 2014","Row",132,"Scss","Completions"
"48825",2014-06-01,"Jun 2014","Apartment",117,"Scss","Completions"
"48825",2014-06-01,"Jun 2014","All",881,"Scss","Completions"
"48825",2014-07-01,"Jul 2014","Single",606,"Scss","Completions"
"48825",2014-07-01,"Jul 2014","Semi-Detached",110,"Scss","Completions"
"48825",2014-07-01,"Jul 2014","Row",113,"Scss","Completions"
"48825",2014-07-01,"Jul 2014","Apartment",90,"Scss","Completions"
"48825",2014-07-01,"Jul 2014","All",919,"Scss","Completions"
"48825",2014-08-01,"Aug 2014","Single",606,"Scss","Completions"
"48825",2014-08-01,"Aug 2014","Semi-Detached",120,"Scss","Completions"
"48825",2014-08-01,"Aug 2014","Row",83,"Scss","Completions"
"48825",2014-08-01,"Aug 2014","Apartment",336,"Scss","Completions"
"48825",2014-08-01,"Aug 2014","All",1145,"Scss","Completions"
"48825",2014-09-01,"Sep 2014","Single",579,"Scss","Completions"
"48825",2014-09-01,"Sep 2014","Semi-Detached",104,"Scss","Completions"
"48825",2014-09-01,"Sep 2014","Row",212,"Scss","Completions"
"48825",2014-09-01,"Sep 2014","Apartment",85,"Scss","Completions"
"48825",2014-09-01,"Sep 2014","All",980,"Scss","Completions"
"48825",2014-10-01,"Oct 2014","Single",714,"Scss","Completions"
"48825",2014-10-01,"Oct 2014","Semi-Detached",186,"Scss","Completions"
"48825",2014-10-01,"Oct 2014","Row",224,"Scss","Completions"
"48825",2014-10-01,"Oct 2014","Apartment",277,"Scss","Completions"
"48825",2014-10-01,"Oct 2014","All",1401,"Scss","Completions"
"48825",2014-11-01,"Nov 2014","Single",522,"Scss","Completions"
"48825",2014-11-01,"Nov 2014","Semi-Detached",54,"Scss","Completions"
"48825",2014-11-01,"Nov 2014","Row",288,"Scss","Completions"
"48825",2014-11-01,"Nov 2014","Apartment",198,"Scss","Completions"
"48825",2014-11-01,"Nov 2014","All",1062,"Scss","Completions"
"48825",2014-12-01,"Dec 2014","Single",502,"Scss","Completions"
"48825",2014-12-01,"Dec 2014","Semi-Detached",164,"Scss","Completions"
"48825",2014-12-01,"Dec 2014","Row",145,"Scss","Completions"
"48825",2014-12-01,"Dec 2014","Apartment",289,"Scss","Completions"
"48825",2014-12-01,"Dec 2014","All",1100,"Scss","Completions"
"48825",2015-01-01,"Jan 2015","Single",438,"Scss","Completions"
"48825",2015-01-01,"Jan 2015","Semi-Detached",56,"Scss","Completions"
"48825",2015-01-01,"Jan 2015","Row",74,"Scss","Completions"
"48825",2015-01-01,"Jan 2015","Apartment",59,"Scss","Completions"
"48825",2015-01-01,"Jan 2015","All",627,"Scss","Completions"
"48825",2015-02-01,"Feb 2015","Single",477,"Scss","Completions"
"48825",2015-02-01,"Feb 2015","Semi-Detached",118,"Scss","Completions"
"48825",2015-02-01,"Feb 2015","Row",229,"Scss","Completions"
"48825",2015-02-01,"Feb 2015","Apartment",184,"Scss","Completions"
"48825",2015-02-01,"Feb 2015","All",1008,"Scss","Completions"
"48825",2015-03-01,"Mar 2015","Single",483,"Scss","Completions"
"48825",2015-03-01,"Mar 2015","Semi-Detached",120,"Scss","Completions"
"48825",2015-03-01,"Mar 2015","Row",181,"Scss","Completions"
"48825",2015-03-01,"Mar 2015","Apartment",720,"Scss","Completions"
"48825",2015-03-01,"Mar 2015","All",1504,"Scss","Completions"
"48825",2015-04-01,"Apr 2015","Single",426,"Scss","Completions"
"48825",2015-04-01,"Apr 2015","Semi-Detached",102,"Scss","Completions"
"48825",2015-04-01,"Apr 2015","Row",220,"Scss","Completions"
"48825",2015-04-01,"Apr 2015","Apartment",805,"Scss","Completions"
"48825",2015-04-01,"Apr 2015","All",1553,"Scss","Completions"
"48825",2015-05-01,"May 2015","Single",435,"Scss","Completions"
"48825",2015-05-01,"May 2015","Semi-Detached",96,"Scss","Completions"
"48825",2015-05-01,"May 2015","Row",304,"Scss","Completions"
"48825",2015-05-01,"May 2015","Apartment",302,"Scss","Completions"
"48825",2015-05-01,"May 2015","All",1137,"Scss","Completions"
"48825",2015-06-01,"Jun 2015","Single",496,"Scss","Completions"
"48825",2015-06-01,"Jun 2015","Semi-Detached",170,"Scss","Completions"
"48825",2015-06-01,"Jun 2015","Row",220,"Scss","Completions"
"48825",2015-06-01,"Jun 2015","Apartment",396,"Scss","Completions"
"48825",2015-06-01,"Jun 2015","All",1282,"Scss","Completions"
"48825",2015-07-01,"Jul 2015","Single",432,"Scss","Completions"
"48825",2015-07-01,"Jul 2015","Semi-Detached",106,"Scss","Completions"
"48825",2015-07-01,"Jul 2015","Row",153,"Scss","Completions"
"48825",2015-07-01,"Jul 2015","Apartment",172,"Scss","Completions"
"48825",2015-07-01,"Jul 2015","All",863,"Scss","Completions"
"48825",2015-08-01,"Aug 2015","Single",514,"Scss","Completions"
"48825",2015-08-01,"Aug 2015","Semi-Detached",112,"Scss","Completions"
"48825",2015-08-01,"Aug 2015","Row",268,"Scss","Completions"
"48825",2015-08-01,"Aug 2015","Apartment",727,"Scss","Completions"
"48825",2015-08-01,"Aug 2015","All",1621,"Scss","Completions"
"48825",2015-09-01,"Sep 2015","Single",447,"Scss","Completions"
"48825",2015-09-01,"Sep 2015","Semi-Detached",116,"Scss","Completions"
"48825",2015-09-01,"Sep 2015","Row",119,"Scss","Completions"
"48825",2015-09-01,"Sep 2015","Apartment",568,"Scss","Completions"
"48825",2015-09-01,"Sep 2015","All",1250,"Scss","Completions"
"48825",2015-10-01,"Oct 2015","Single",459,"Scss","Completions"
"48825",2015-10-01,"Oct 2015","Semi-Detached",152,"Scss","Completions"
"48825",2015-10-01,"Oct 2015","Row",204,"Scss","Completions"
"48825",2015-10-01,"Oct 2015","Apartment",416,"Scss","Completions"
"48825",2015-10-01,"Oct 2015","All",1231,"Scss","Completions"
"48825",2015-11-01,"Nov 2015","Single",427,"Scss","Completions"
"48825",2015-11-01,"Nov 2015","Semi-Detached",132,"Scss","Completions"
"48825",2015-11-01,"Nov 2015","Row",412,"Scss","Completions"
"48825",2015-11-01,"Nov 2015","Apartment",482,"Scss","Completions"
"48825",2015-11-01,"Nov 2015","All",1453,"Scss","Completions"
"48825",2015-12-01,"Dec 2015","Single",391,"Scss","Completions"
"48825",2015-12-01,"Dec 2015","Semi-Detached",170,"Scss","Completions"
"48825",2015-12-01,"Dec 2015","Row",213,"Scss","Completions"
"48825",2015-12-01,"Dec 2015","Apartment",240,"Scss","Completions"
"48825",2015-12-01,"Dec 2015","All",1014,"Scss","Completions"
"48825",2016-01-01,"Jan 2016","Single",225,"Scss","Completions"
"48825",2016-01-01,"Jan 2016","Semi-Detached",44,"Scss","Completions"
"48825",2016-01-01,"Jan 2016","Row",182,"Scss","Completions"
"48825",2016-01-01,"Jan 2016","Apartment",329,"Scss","Completions"
"48825",2016-01-01,"Jan 2016","All",780,"Scss","Completions"
"48825",2016-02-01,"Feb 2016","Single",215,"Scss","Completions"
"48825",2016-02-01,"Feb 2016","Semi-Detached",78,"Scss","Completions"
"48825",2016-02-01,"Feb 2016","Row",147,"Scss","Completions"
"48825",2016-02-01,"Feb 2016","Apartment",537,"Scss","Completions"
"48825",2016-02-01,"Feb 2016","All",977,"Scss","Completions"
"48825",2016-03-01,"Mar 2016","Single",239,"Scss","Completions"
"48825",2016-03-01,"Mar 2016","Semi-Detached",54,"Scss","Completions"
"48825",2016-03-01,"Mar 2016","Row",128,"Scss","Completions"
"48825",2016-03-01,"Mar 2016","Apartment",414,"Scss","Completions"
"48825",2016-03-01,"Mar 2016","All",835,"Scss","Completions"
"48825",2016-04-01,"Apr 2016","Single",405,"Scss","Completions"
"48825",2016-04-01,"Apr 2016","Semi-Detached",100,"Scss","Completions"
"48825",2016-04-01,"Apr 2016","Row",124,"Scss","Completions"
"48825",2016-04-01,"Apr 2016","Apartment",869,"Scss","Completions"
"48825",2016-04-01,"Apr 2016","All",1498,"Scss","Completions"
"48825",2016-05-01,"May 2016","Single",307,"Scss","Completions"
"48825",2016-05-01,"May 2016","Semi-Detached",82,"Scss","Completions"
"48825",2016-05-01,"May 2016","Row",132,"Scss","Completions"
"48825",2016-05-01,"May 2016","Apartment",175,"Scss","Completions"
"48825",2016-05-01,"May 2016","All",696,"Scss","Completions"
"48825",2016-06-01,"Jun 2016","Single",433,"Scss","Completions"
"48825",2016-06-01,"Jun 2016","Semi-Detached",136,"Scss","Completions"
"48825",2016-06-01,"Jun 2016","Row",155,"Scss","Completions"
"48825",2016-06-01,"Jun 2016","Apartment",1042,"Scss","Completions"
"48825",2016-06-01,"Jun 2016","All",1766,"Scss","Completions"
"48825",2016-07-01,"Jul 2016","Single",280,"Scss","Completions"
"48825",2016-07-01,"Jul 2016","Semi-Detached",76,"Scss","Completions"
"48825",2016-07-01,"Jul 2016","Row",135,"Scss","Completions"
"48825",2016-07-01,"Jul 2016","Apartment",524,"Scss","Completions"
"48825",2016-07-01,"Jul 2016","All",1015,"Scss","Completions"
"48825",2016-08-01,"Aug 2016","Single",291,"Scss","Completions"
"48825",2016-08-01,"Aug 2016","Semi-Detached",68,"Scss","Completions"
"48825",2016-08-01,"Aug 2016","Row",84,"Scss","Completions"
"48825",2016-08-01,"Aug 2016","Apartment",506,"Scss","Completions"
"48825",2016-08-01,"Aug 2016","All",949,"Scss","Completions"
"48825",2016-09-01,"Sep 2016","Single",324,"Scss","Completions"
"48825",2016-09-01,"Sep 2016","Semi-Detached",72,"Scss","Completions"
"48825",2016-09-01,"Sep 2016","Row",94,"Scss","Completions"
"48825",2016-09-01,"Sep 2016","Apartment",717,"Scss","Completions"
"48825",2016-09-01,"Sep 2016","All",1207,"Scss","Completions"
"48825",2016-10-01,"Oct 2016","Single",198,"Scss","Completions"
"48825",2016-10-01,"Oct 2016","Semi-Detached",94,"Scss","Completions"
"48825",2016-10-01,"Oct 2016","Row",174,"Scss","Completions"
"48825",2016-10-01,"Oct 2016","Apartment",868,"Scss","Completions"
"48825",2016-10-01,"Oct 2016","All",1334,"Scss","Completions"
"48825",2016-11-01,"Nov 2016","Single",475,"Scss","Completions"
"48825",2016-11-01,"Nov 2016","Semi-Detached",128,"Scss","Completions"
"48825",2016-11-01,"Nov 2016","Row",95,"Scss","Completions"
"48825",2016-11-01,"Nov 2016","Apartment",789,"Scss","Completions"
"48825",2016-11-01,"Nov 2016","All",1487,"Scss","Completions"
"48825",2016-12-01,"Dec 2016","Single",248,"Scss","Completions"
"48825",2016-12-01,"Dec 2016","Semi-Detached",104,"Scss","Completions"
"48825",2016-12-01,"Dec 2016","Row",113,"Scss","Completions"
"48825",2016-12-01,"Dec 2016","Apartment",230,"Scss","Completions"
"48825",2016-12-01,"Dec 2016","All",695,"Scss","Completions"
"48825",2017-01-01,"Jan 2017","Single",174,"Scss","Completions"
"48825",2017-01-01,"Jan 2017","Semi-Detached",46,"Scss","Completions"
"48825",2017-01-01,"Jan 2017","Row",36,"Scss","Completions"
"48825",2017-01-01,"Jan 2017","Apartment",436,"Scss","Completions"
"48825",2017-01-01,"Jan 2017","All",692,"Scss","Completions"
"48825",2017-02-01,"Feb 2017","Single",323,"Scss","Completions"
"48825",2017-02-01,"Feb 2017","Semi-Detached",132,"Scss","Completions"
"48825",2017-02-01,"Feb 2017","Row",91,"Scss","Completions"
"48825",2017-02-01,"Feb 2017","Apartment",593,"Scss","Completions"
"48825",2017-02-01,"Feb 2017","All",1139,"Scss","Completions"
"48825",2017-03-01,"Mar 2017","Single",346,"Scss","Completions"
"48825",2017-03-01,"Mar 2017","Semi-Detached",54,"Scss","Completions"
"48825",2017-03-01,"Mar 2017","Row",151,"Scss","Completions"
"48825",2017-03-01,"Mar 2017","Apartment",685,"Scss","Completions"
"48825",2017-03-01,"Mar 2017","All",1236,"Scss","Completions"
"48825",2017-04-01,"Apr 2017","Single",308,"Scss","Completions"
"48825",2017-04-01,"Apr 2017","Semi-Detached",80,"Scss","Completions"
"48825",2017-04-01,"Apr 2017","Row",114,"Scss","Completions"
"48825",2017-04-01,"Apr 2017","Apartment",339,"Scss","Completions"
"48825",2017-04-01,"Apr 2017","All",841,"Scss","Completions"
"48825",2017-05-01,"May 2017","Single",252,"Scss","Completions"
"48825",2017-05-01,"May 2017","Semi-Detached",74,"Scss","Completions"
"48825",2017-05-01,"May 2017","Row",98,"Scss","Completions"
"48825",2017-05-01,"May 2017","Apartment",294,"Scss","Completions"
"48825",2017-05-01,"May 2017","All",718,"Scss","Completions"
"48825",2017-06-01,"Jun 2017","Single",339,"Scss","Completions"
"48825",2017-06-01,"Jun 2017","Semi-Detached",128,"Scss","Completions"
"48825",2017-06-01,"Jun 2017","Row",147,"Scss","Completions"
"48825",2017-06-01,"Jun 2017","Apartment",81,"Scss","Completions"
"48825",2017-06-01,"Jun 2017","All",695,"Scss","Completions"
"48825",2017-07-01,"Jul 2017","Single",381,"Scss","Completions"
"48825",2017-07-01,"Jul 2017","Semi-Detached",94,"Scss","Completions"
"48825",2017-07-01,"Jul 2017","Row",92,"Scss","Completions"
"48825",2017-07-01,"Jul 2017","Apartment",94,"Scss","Completions"
"48825",2017-07-01,"Jul 2017","All",661,"Scss","Completions"
"48825",2017-08-01,"Aug 2017","Single",341,"Scss","Completions"
"48825",2017-08-01,"Aug 2017","Semi-Detached",86,"Scss","Completions"
"48825",2017-08-01,"Aug 2017","Row",111,"Scss","Completions"
"48825",2017-08-01,"Aug 2017","Apartment",117,"Scss","Completions"
"48825",2017-08-01,"Aug 2017","All",655,"Scss","Completions"
"48825",2017-09-01,"Sep 2017","Single",388,"Scss","Completions"
"48825",2017-09-01,"Sep 2017","Semi-Detached",128,"Scss","Completions"
"48825",2017-09-01,"Sep 2017","Row",88,"Scss","Completions"
"48825",2017-09-01,"Sep 2017","Apartment",410,"Scss","Completions"
"48825",2017-09-01,"Sep 2017","All",1014,"Scss","Completions"
"48825",2017-10-01,"Oct 2017","Single",144,"Scss","Completions"
"48825",2017-10-01,"Oct 2017","Semi-Detached",72,"Scss","Completions"
"48825",2017-10-01,"Oct 2017","Row",135,"Scss","Completions"
"48825",2017-10-01,"Oct 2017","Apartment",113,"Scss","Completions"
"48825",2017-10-01,"Oct 2017","All",464,"Scss","Completions"
"48825",2017-11-01,"Nov 2017","Single",616,"Scss","Completions"
"48825",2017-11-01,"Nov 2017","Semi-Detached",176,"Scss","Completions"
"48825",2017-11-01,"Nov 2017","Row",125,"Scss","Completions"
"48825",2017-11-01,"Nov 2017","Apartment",621,"Scss","Completions"
"48825",2017-11-01,"Nov 2017","All",1538,"Scss","Completions"
"48825",2017-12-01,"Dec 2017","Single",402,"Scss","Completions"
"48825",2017-12-01,"Dec 2017","Semi-Detached",90,"Scss","Completions"
"48825",2017-12-01,"Dec 2017","Row",139,"Scss","Completions"
"48825",2017-12-01,"Dec 2017","Apartment",730,"Scss","Completions"
"48825",2017-12-01,"Dec 2017","All",1361,"Scss","Completions"
"48825",2018-01-01,"Jan 2018","Single",333,"Scss","Completions"
"48825",2018-01-01,"Jan 2018","Semi-Detached",134,"Scss","Completions"
"48825",2018-01-01,"Jan 2018","Row",41,"Scss","Completions"
"48825",2018-01-01,"Jan 2018","Apartment",84,"Scss","Completions"
"48825",2018-01-01,"Jan 2018","All",592,"Scss","Completions"
"48825",2018-02-01,"Feb 2018","Single",302,"Scss","Completions"
"48825",2018-02-01,"Feb 2018","Semi-Detached",102,"Scss","Completions"
"48825",2018-02-01,"Feb 2018","Row",118,"Scss","Completions"
"48825",2018-02-01,"Feb 2018","Apartment",328,"Scss","Completions"
"48825",2018-02-01,"Feb 2018","All",850,"Scss","Completions"
"48825",2018-03-01,"Mar 2018","Single",364,"Scss","Completions"
"48825",2018-03-01,"Mar 2018","Semi-Detached",102,"Scss","Completions"
"48825",2018-03-01,"Mar 2018","Row",197,"Scss","Completions"
"48825",2018-03-01,"Mar 2018","Apartment",52,"Scss","Completions"
"48825",2018-03-01,"Mar 2018","All",715,"Scss","Completions"
"48825",2018-04-01,"Apr 2018","Single",415,"Scss","Completions"
"48825",2018-04-01,"Apr 2018","Semi-Detached",68,"Scss","Completions"
"48825",2018-04-01,"Apr 2018","Row",74,"Scss","Completions"
"48825",2018-04-01,"Apr 2018","Apartment",166,"Scss","Completions"
"48825",2018-04-01,"Apr 2018","All",723,"Scss","Completions"
"48825",2018-05-01,"May 2018","Single",399,"Scss","Completions"
"48825",2018-05-01,"May 2018","Semi-Detached",100,"Scss","Completions"
"48825",2018-05-01,"May 2018","Row",164,"Scss","Completions"
"48825",2018-05-01,"May 2018","Apartment",257,"Scss","Completions"
"48825",2018-05-01,"May 2018","All",920,"Scss","Completions"
"48825",2018-06-01,"Jun 2018","Single",341,"Scss","Completions"
"48825",2018-06-01,"Jun 2018","Semi-Detached",84,"Scss","Completions"
"48825",2018-06-01,"Jun 2018","Row",116,"Scss","Completions"
"48825",2018-06-01,"Jun 2018","Apartment",75,"Scss","Completions"
"48825",2018-06-01,"Jun 2018","All",616,"Scss","Completions"
"48825",2018-07-01,"Jul 2018","Single",257,"Scss","Completions"
"48825",2018-07-01,"Jul 2018","Semi-Detached",116,"Scss","Completions"
"48825",2018-07-01,"Jul 2018","Row",73,"Scss","Completions"
"48825",2018-07-01,"Jul 2018","Apartment",15,"Scss","Completions"
"48825",2018-07-01,"Jul 2018","All",461,"Scss","Completions"
"48825",2018-08-01,"Aug 2018","Single",486,"Scss","Completions"
"48825",2018-08-01,"Aug 2018","Semi-Detached",106,"Scss","Completions"
"48825",2018-08-01,"Aug 2018","Row",90,"Scss","Completions"
"48825",2018-08-01,"Aug 2018","Apartment",417,"Scss","Completions"
"48825",2018-08-01,"Aug 2018","All",1099,"Scss","Completions"
"48825",2018-09-01,"Sep 2018","Single",314,"Scss","Completions"
"48825",2018-09-01,"Sep 2018","Semi-Detached",88,"Scss","Completions"
"48825",2018-09-01,"Sep 2018","Row",116,"Scss","Completions"
"48825",2018-09-01,"Sep 2018","Apartment",406,"Scss","Completions"
"48825",2018-09-01,"Sep 2018","All",924,"Scss","Completions"
"48825",2018-10-01,"Oct 2018","Single",395,"Scss","Completions"
"48825",2018-10-01,"Oct 2018","Semi-Detached",166,"Scss","Completions"
"48825",2018-10-01,"Oct 2018","Row",82,"Scss","Completions"
"48825",2018-10-01,"Oct 2018","Apartment",367,"Scss","Completions"
"48825",2018-10-01,"Oct 2018","All",1010,"Scss","Completions"
"48825",2018-11-01,"Nov 2018","Single",458,"Scss","Completions"
"48825",2018-11-01,"Nov 2018","Semi-Detached",124,"Scss","Completions"
"48825",2018-11-01,"Nov 2018","Row",161,"Scss","Completions"
"48825",2018-11-01,"Nov 2018","Apartment",236,"Scss","Completions"
"48825",2018-11-01,"Nov 2018","All",979,"Scss","Completions"
"48825",2018-12-01,"Dec 2018","Single",201,"Scss","Completions"
"48825",2018-12-01,"Dec 2018","Semi-Detached",64,"Scss","Completions"
"48825",2018-12-01,"Dec 2018","Row",187,"Scss","Completions"
"48825",2018-12-01,"Dec 2018","Apartment",391,"Scss","Completions"
"48825",2018-12-01,"Dec 2018","All",843,"Scss","Completions"
"48825",2019-01-01,"Jan 2019","Single",278,"Scss","Completions"
"48825",2019-01-01,"Jan 2019","Semi-Detached",128,"Scss","Completions"
"48825",2019-01-01,"Jan 2019","Row",146,"Scss","Completions"
"48825",2019-01-01,"Jan 2019","Apartment",485,"Scss","Completions"
"48825",2019-01-01,"Jan 2019","All",1037,"Scss","Completions"
"48825",2019-02-01,"Feb 2019","Single",224,"Scss","Completions"
"48825",2019-02-01,"Feb 2019","Semi-Detached",80,"Scss","Completions"
"48825",2019-02-01,"Feb 2019","Row",94,"Scss","Completions"
"48825",2019-02-01,"Feb 2019","Apartment",164,"Scss","Completions"
"48825",2019-02-01,"Feb 2019","All",562,"Scss","Completions"
"48825",2019-03-01,"Mar 2019","Single",303,"Scss","Completions"
"48825",2019-03-01,"Mar 2019","Semi-Detached",80,"Scss","Completions"
"48825",2019-03-01,"Mar 2019","Row",114,"Scss","Completions"
"48825",2019-03-01,"Mar 2019","Apartment",399,"Scss","Completions"
"48825",2019-03-01,"Mar 2019","All",896,"Scss","Completions"
"48825",2019-04-01,"Apr 2019","Single",309,"Scss","Completions"
"48825",2019-04-01,"Apr 2019","Semi-Detached",68,"Scss","Completions"
"48825",2019-04-01,"Apr 2019","Row",90,"Scss","Completions"
"48825",2019-04-01,"Apr 2019","Apartment",186,"Scss","Completions"
"48825",2019-04-01,"Apr 2019","All",653,"Scss","Completions"
"48825",2019-05-01,"May 2019","Single",276,"Scss","Completions"
"48825",2019-05-01,"May 2019","Semi-Detached",84,"Scss","Completions"
"48825",2019-05-01,"May 2019","Row",81,"Scss","Completions"
"48825",2019-05-01,"May 2019","Apartment",547,"Scss","Completions"
"48825",2019-05-01,"May 2019","All",988,"Scss","Completions"
"48825",2019-06-01,"Jun 2019","Single",408,"Scss","Completions"
"48825",2019-06-01,"Jun 2019","Semi-Detached",104,"Scss","Completions"
"48825",2019-06-01,"Jun 2019","Row",274,"Scss","Completions"
"48825",2019-06-01,"Jun 2019","Apartment",262,"Scss","Completions"
"48825",2019-06-01,"Jun 2019","All",1048,"Scss","Completions"
"48825",2019-07-01,"Jul 2019","Single",323,"Scss","Completions"
"48825",2019-07-01,"Jul 2019","Semi-Detached",126,"Scss","Completions"
"48825",2019-07-01,"Jul 2019","Row",131,"Scss","Completions"
"48825",2019-07-01,"Jul 2019","Apartment",767,"Scss","Completions"
"48825",2019-07-01,"Jul 2019","All",1347,"Scss","Completions"
"48825",2019-08-01,"Aug 2019","Single",271,"Scss","Completions"
"48825",2019-08-01,"Aug 2019","Semi-Detached",128,"Scss","Completions"
"48825",2019-08-01,"Aug 2019","Row",203,"Scss","Completions"
"48825",2019-08-01,"Aug 2019","Apartment",516,"Scss","Completions"
"48825",2019-08-01,"Aug 2019","All",1118,"Scss","Completions"
"48825",2019-09-01,"Sep 2019","Single",296,"Scss","Completions"
"48825",2019-09-01,"Sep 2019","Semi-Detached",122,"Scss","Completions"
"48825",2019-09-01,"Sep 2019","Row",143,"Scss","Completions"
"48825",2019-09-01,"Sep 2019","Apartment",96,"Scss","Completions"
"48825",2019-09-01,"Sep 2019","All",657,"Scss","Completions"
"48825",2019-10-01,"Oct 2019","Single",275,"Scss","Completions"
"48825",2019-10-01,"Oct 2019","Semi-Detached",96,"Scss","Completions"
"48825",2019-10-01,"Oct 2019","Row",151,"Scss","Completions"
"48825",2019-10-01,"Oct 2019","Apartment",539,"Scss","Completions"
"48825",2019-10-01,"Oct 2019","All",1061,"Scss","Completions"
"48825",2019-11-01,"Nov 2019","Single",320,"Scss","Completions"
"48825",2019-11-01,"Nov 2019","Semi-Detached",92,"Scss","Completions"
"48825",2019-11-01,"Nov 2019","Row",145,"Scss","Completions"
"48825",2019-11-01,"Nov 2019","Apartment",104,"Scss","Completions"
"48825",2019-11-01,"Nov 2019","All",661,"Scss","Completions"
"48825",2019-12-01,"Dec 2019","Single",221,"Scss","Completions"
"48825",2019-12-01,"Dec 2019","Semi-Detached",92,"Scss","Completions"
"48825",2019-12-01,"Dec 2019","Row",155,"Scss","Completions"
"48825",2019-12-01,"Dec 2019","Apartment",638,"Scss","Completions"
"48825",2019-12-01,"Dec 2019","All",1106,"Scss","Completions"
"48825",2020-01-01,"Jan 2020","Single",354,"Scss","Completions"
"48825",2020-01-01,"Jan 2020","Semi-Detached",90,"Scss","Completions"
"48825",2020-01-01,"Jan 2020","Row",102,"Scss","Completions"
"48825",2020-01-01,"Jan 2020","Apartment",301,"Scss","Completions"
"48825",2020-01-01,"Jan 2020","All",847,"Scss","Completions"
"48825",2020-02-01,"Feb 2020","Single",272,"Scss","Completions"
"48825",2020-02-01,"Feb 2020","Semi-Detached",78,"Scss","Completions"
"48825",2020-02-01,"Feb 2020","Row",167,"Scss","Completions"
"48825",2020-02-01,"Feb 2020","Apartment",371,"Scss","Completions"
"48825",2020-02-01,"Feb 2020","All",888,"Scss","Completions"
"48825",2020-03-01,"Mar 2020","Single",251,"Scss","Completions"
"48825",2020-03-01,"Mar 2020","Semi-Detached",88,"Scss","Completions"
"48825",2020-03-01,"Mar 2020","Row",115,"Scss","Completions"
"48825",2020-03-01,"Mar 2020","Apartment",285,"Scss","Completions"
"48825",2020-03-01,"Mar 2020","All",739,"Scss","Completions"
"48825",2020-04-01,"Apr 2020","Single",304,"Scss","Completions"
"48825",2020-04-01,"Apr 2020","Semi-Detached",128,"Scss","Completions"
"48825",2020-04-01,"Apr 2020","Row",117,"Scss","Completions"
"48825",2020-04-01,"Apr 2020","Apartment",348,"Scss","Completions"
"48825",2020-04-01,"Apr 2020","All",897,"Scss","Completions"
"48825",2020-05-01,"May 2020","Single",303,"Scss","Completions"
"48825",2020-05-01,"May 2020","Semi-Detached",88,"Scss","Completions"
"48825",2020-05-01,"May 2020","Row",134,"Scss","Completions"
"48825",2020-05-01,"May 2020","Apartment",84,"Scss","Completions"
"48825",2020-05-01,"May 2020","All",609,"Scss","Completions"
"48825",2020-06-01,"Jun 2020","Single",386,"Scss","Completions"
"48825",2020-06-01,"Jun 2020","Semi-Detached",94,"Scss","Completions"
"48825",2020-06-01,"Jun 2020","Row",143,"Scss","Completions"
"48825",2020-06-01,"Jun 2020","Apartment",205,"Scss","Completions"
"48825",2020-06-01,"Jun 2020","All",828,"Scss","Completions"
"48825",2020-07-01,"Jul 2020","Single",318,"Scss","Completions"
"48825",2020-07-01,"Jul 2020","Semi-Detached",118,"Scss","Completions"
"48825",2020-07-01,"Jul 2020","Row",152,"Scss","Completions"
"48825",2020-07-01,"Jul 2020","Apartment",47,"Scss","Completions"
"48825",2020-07-01,"Jul 2020","All",635,"Scss","Completions"
"48825",2020-08-01,"Aug 2020","Single",369,"Scss","Completions"
"48825",2020-08-01,"Aug 2020","Semi-Detached",108,"Scss","Completions"
"48825",2020-08-01,"Aug 2020","Row",161,"Scss","Completions"
"48825",2020-08-01,"Aug 2020","Apartment",667,"Scss","Completions"
"48825",2020-08-01,"Aug 2020","All",1305,"Scss","Completions"
"48825",2020-09-01,"Sep 2020","Single",305,"Scss","Completions"
"48825",2020-09-01,"Sep 2020","Semi-Detached",108,"Scss","Completions"
"48825",2020-09-01,"Sep 2020","Row",142,"Scss","Completions"
"48825",2020-09-01,"Sep 2020","Apartment",691,"Scss","Completions"
"48825",2020-09-01,"Sep 2020","All",1246,"Scss","Completions"
"48825",2020-10-01,"Oct 2020","Single",298,"Scss","Completions"
"48825",2020-10-01,"Oct 2020","Semi-Detached",94,"Scss","Completions"
"48825",2020-10-01,"Oct 2020","Row",115,"Scss","Completions"
"48825",2020-10-01,"Oct 2020","Apartment",439,"Scss","Completions"
"48825",2020-10-01,"Oct 2020","All",946,"Scss","Completions"
"48825",2020-11-01,"Nov 2020","Single",327,"Scss","Completions"
"48825",2020-11-01,"Nov 2020","Semi-Detached",90,"Scss","Completions"
"48825",2020-11-01,"Nov 2020","Row",158,"Scss","Completions"
"48825",2020-11-01,"Nov 2020","Apartment",403,"Scss","Completions"
"48825",2020-11-01,"Nov 2020","All",978,"Scss","Completions"
"48825",2020-12-01,"Dec 2020","Single",263,"Scss","Completions"
"48825",2020-12-01,"Dec 2020","Semi-Detached",56,"Scss","Completions"
"48825",2020-12-01,"Dec 2020","Row",129,"Scss","Completions"
"48825",2020-12-01,"Dec 2020","Apartment",339,"Scss","Completions"
"48825",2020-12-01,"Dec 2020","All",787,"Scss","Completions"
"48825",2021-01-01,"Jan 2021","Single",257,"Scss","Completions"
"48825",2021-01-01,"Jan 2021","Semi-Detached",76,"Scss","Completions"
"48825",2021-01-01,"Jan 2021","Row",55,"Scss","Completions"
"48825",2021-01-01,"Jan 2021","Apartment",121,"Scss","Completions"
"48825",2021-01-01,"Jan 2021","All",509,"Scss","Completions"
"48825",2021-02-01,"Feb 2021","Single",241,"Scss","Completions"
"48825",2021-02-01,"Feb 2021","Semi-Detached",78,"Scss","Completions"
"48825",2021-02-01,"Feb 2021","Row",91,"Scss","Completions"
"48825",2021-02-01,"Feb 2021","Apartment",45,"Scss","Completions"
"48825",2021-02-01,"Feb 2021","All",455,"Scss","Completions"
"48825",2021-03-01,"Mar 2021","Single",279,"Scss","Completions"
"48825",2021-03-01,"Mar 2021","Semi-Detached",92,"Scss","Completions"
"48825",2021-03-01,"Mar 2021","Row",121,"Scss","Completions"
"48825",2021-03-01,"Mar 2021","Apartment",263,"Scss","Completions"
"48825",2021-03-01,"Mar 2021","All",755,"Scss","Completions"
"48825",2021-04-01,"Apr 2021","Single",289,"Scss","Completions"
"48825",2021-04-01,"Apr 2021","Semi-Detached",86,"Scss","Completions"
"48825",2021-04-01,"Apr 2021","Row",138,"Scss","Completions"
"48825",2021-04-01,"Apr 2021","Apartment",521,"Scss","Completions"
"48825",2021-04-01,"Apr 2021","All",1034,"Scss","Completions"
"48825",2021-05-01,"May 2021","Single",378,"Scss","Completions"
"48825",2021-05-01,"May 2021","Semi-Detached",80,"Scss","Completions"
"48825",2021-05-01,"May 2021","Row",96,"Scss","Completions"
"48825",2021-05-01,"May 2021","Apartment",195,"Scss","Completions"
"48825",2021-05-01,"May 2021","All",749,"Scss","Completions"
"48825",2021-06-01,"Jun 2021","Single",416,"Scss","Completions"
"48825",2021-06-01,"Jun 2021","Semi-Detached",98,"Scss","Completions"
"48825",2021-06-01,"Jun 2021","Row",121,"Scss","Completions"
"48825",2021-06-01,"Jun 2021","Apartment",631,"Scss","Completions"
"48825",2021-06-01,"Jun 2021","All",1266,"Scss","Completions"
"48825",2021-07-01,"Jul 2021","Single",426,"Scss","Completions"
"48825",2021-07-01,"Jul 2021","Semi-Detached",102,"Scss","Completions"
"48825",2021-07-01,"Jul 2021","Row",199,"Scss","Completions"
"48825",2021-07-01,"Jul 2021","Apartment",147,"Scss","Completions"
"48825",2021-07-01,"Jul 2021","All",874,"Scss","Completions"
"48825",2021-08-01,"Aug 2021","Single",338,"Scss","Completions"
"48825",2021-08-01,"Aug 2021","Semi-Detached",110,"Scss","Completions"
"48825",2021-08-01,"Aug 2021","Row",139,"Scss","Completions"
"48825",2021-08-01,"Aug 2021","Apartment",401,"Scss","Completions"
"48825",2021-08-01,"Aug 2021","All",988,"Scss","Completions"
"48825",2021-09-01,"Sep 2021","Single",392,"Scss","Completions"
"48825",2021-09-01,"Sep 2021","Semi-Detached",122,"Scss","Completions"
"48825",2021-09-01,"Sep 2021","Row",76,"Scss","Completions"
"48825",2021-09-01,"Sep 2021","Apartment",278,"Scss","Completions"
"48825",2021-09-01,"Sep 2021","All",868,"Scss","Completions"
"48825",2021-10-01,"Oct 2021","Single",267,"Scss","Completions"
"48825",2021-10-01,"Oct 2021","Semi-Detached",74,"Scss","Completions"
"48825",2021-10-01,"Oct 2021","Row",99,"Scss","Completions"
"48825",2021-10-01,"Oct 2021","Apartment",358,"Scss","Completions"
"48825",2021-10-01,"Oct 2021","All",798,"Scss","Completions"
"48825",2021-11-01,"Nov 2021","Single",493,"Scss","Completions"
"48825",2021-11-01,"Nov 2021","Semi-Detached",104,"Scss","Completions"
"48825",2021-11-01,"Nov 2021","Row",133,"Scss","Completions"
"48825",2021-11-01,"Nov 2021","Apartment",362,"Scss","Completions"
"48825",2021-11-01,"Nov 2021","All",1092,"Scss","Completions"
"48825",2021-12-01,"Dec 2021","Single",309,"Scss","Completions"
"48825",2021-12-01,"Dec 2021","Semi-Detached",96,"Scss","Completions"
"48825",2021-12-01,"Dec 2021","Row",121,"Scss","Completions"
"48825",2021-12-01,"Dec 2021","Apartment",860,"Scss","Completions"
"48825",2021-12-01,"Dec 2021","All",1386,"Scss","Completions"
"48825",2022-01-01,"Jan 2022","Single",390,"Scss","Completions"
"48825",2022-01-01,"Jan 2022","Semi-Detached",90,"Scss","Completions"
"48825",2022-01-01,"Jan 2022","Row",101,"Scss","Completions"
"48825",2022-01-01,"Jan 2022","Apartment",274,"Scss","Completions"
"48825",2022-01-01,"Jan 2022","All",855,"Scss","Completions"
"48825",2022-02-01,"Feb 2022","Single",270,"Scss","Completions"
"48825",2022-02-01,"Feb 2022","Semi-Detached",102,"Scss","Completions"
"48825",2022-02-01,"Feb 2022","Row",162,"Scss","Completions"
"48825",2022-02-01,"Feb 2022","Apartment",355,"Scss","Completions"
"48825",2022-02-01,"Feb 2022","All",889,"Scss","Completions"
"48825",2022-03-01,"Mar 2022","Single",326,"Scss","Completions"
"48825",2022-03-01,"Mar 2022","Semi-Detached",110,"Scss","Completions"
"48825",2022-03-01,"Mar 2022","Row",151,"Scss","Completions"
"48825",2022-03-01,"Mar 2022","Apartment",336,"Scss","Completions"
"48825",2022-03-01,"Mar 2022","All",923,"Scss","Completions"
"48825",2022-04-01,"Apr 2022","Single",395,"Scss","Completions"
"48825",2022-04-01,"Apr 2022","Semi-Detached",82,"Scss","Completions"
"48825",2022-04-01,"Apr 2022","Row",130,"Scss","Completions"
"48825",2022-04-01,"Apr 2022","Apartment",293,"Scss","Completions"
"48825",2022-04-01,"Apr 2022","All",900,"Scss","Completions"
"48825",2022-05-01,"May 2022","Single",399,"Scss","Completions"
"48825",2022-05-01,"May 2022","Semi-Detached",76,"Scss","Completions"
"48825",2022-05-01,"May 2022","Row",137,"Scss","Completions"
"48825",2022-05-01,"May 2022","Apartment",665,"Scss","Completions"
"48825",2022-05-01,"May 2022","All",1277,"Scss","Completions"
"48825",2022-06-01,"Jun 2022","Single",421,"Scss","Completions"
"48825",2022-06-01,"Jun 2022","Semi-Detached",78,"Scss","Completions"
"48825",2022-06-01,"Jun 2022","Row",117,"Scss","Completions"
"48825",2022-06-01,"Jun 2022","Apartment",763,"Scss","Completions"
"48825",2022-06-01,"Jun 2022","All",1379,"Scss","Completions"
"48825",2022-07-01,"Jul 2022","Single",450,"Scss","Completions"
"48825",2022-07-01,"Jul 2022","Semi-Detached",128,"Scss","Completions"
"48825",2022-07-01,"Jul 2022","Row",113,"Scss","Completions"
"48825",2022-07-01,"Jul 2022","Apartment",201,"Scss","Completions"
"48825",2022-07-01,"Jul 2022","All",892,"Scss","Completions"
"48825",2022-08-01,"Aug 2022","Single",381,"Scss","Completions"
"48825",2022-08-01,"Aug 2022","Semi-Detached",102,"Scss","Completions"
"48825",2022-08-01,"Aug 2022","Row",70,"Scss","Completions"
"48825",2022-08-01,"Aug 2022","Apartment",1397,"Scss","Completions"
"48825",2022-08-01,"Aug 2022","All",1950,"Scss","Completions"
"48825",2022-09-01,"Sep 2022","Single",494,"Scss","Completions"
"48825",2022-09-01,"Sep 2022","Semi-Detached",126,"Scss","Completions"
"48825",2022-09-01,"Sep 2022","Row",130,"Scss","Completions"
"48825",2022-09-01,"Sep 2022","Apartment",480,"Scss","Completions"
"48825",2022-09-01,"Sep 2022","All",1230,"Scss","Completions"
"48825",2022-10-01,"Oct 2022","Single",346,"Scss","Completions"
"48825",2022-10-01,"Oct 2022","Semi-Detached",94,"Scss","Completions"
"48825",2022-10-01,"Oct 2022","Row",140,"Scss","Completions"
"48825",2022-10-01,"Oct 2022","Apartment",374,"Scss","Completions"
"48825",2022-10-01,"Oct 2022","All",954,"Scss","Completions"
"48825",2022-11-01,"Nov 2022","Single",634,"Scss","Completions"
"48825",2022-11-01,"Nov 2022","Semi-Detached",94,"Scss","Completions"
"48825",2022-11-01,"Nov 2022","Row",155,"Scss","Completions"
"48825",2022-11-01,"Nov 2022","Apartment",235,"Scss","Completions"
"48825",2022-11-01,"Nov 2022","All",1118,"Scss","Completions"
"48825",2022-12-01,"Dec 2022","Single",423,"Scss","Completions"
"48825",2022-12-01,"Dec 2022","Semi-Detached",112,"Scss","Completions"
"48825",2022-12-01,"Dec 2022","Row",137,"Scss","Completions"
"48825",2022-12-01,"Dec 2022","Apartment",602,"Scss","Completions"
"48825",2022-12-01,"Dec 2022","All",1274,"Scss","Completions"
"48825",2023-01-01,"Jan 2023","Single",447,"Scss","Completions"
"48825",2023-01-01,"Jan 2023","Semi-Detached",88,"Scss","Completions"
"48825",2023-01-01,"Jan 2023","Row",102,"Scss","Completions"
"48825",2023-01-01,"Jan 2023","Apartment",225,"Scss","Completions"
"48825",2023-01-01,"Jan 2023","All",862,"Scss","Completions"
"48825",2023-02-01,"Feb 2023","Single",465,"Scss","Completions"
"48825",2023-02-01,"Feb 2023","Semi-Detached",128,"Scss","Completions"
"48825",2023-02-01,"Feb 2023","Row",119,"Scss","Completions"
"48825",2023-02-01,"Feb 2023","Apartment",319,"Scss","Completions"
"48825",2023-02-01,"Feb 2023","All",1031,"Scss","Completions"
"48825",2023-03-01,"Mar 2023","Single",433,"Scss","Completions"
"48825",2023-03-01,"Mar 2023","Semi-Detached",102,"Scss","Completions"
"48825",2023-03-01,"Mar 2023","Row",126,"Scss","Completions"
"48825",2023-03-01,"Mar 2023","Apartment",299,"Scss","Completions"
"48825",2023-03-01,"Mar 2023","All",960,"Scss","Completions"
"48825",2023-04-01,"Apr 2023","Single",500,"Scss","Completions"
"48825",2023-04-01,"Apr 2023","Semi-Detached",108,"Scss","Completions"
"48825",2023-04-01,"Apr 2023","Row",186,"Scss","Completions"
"48825",2023-04-01,"Apr 2023","Apartment",290,"Scss","Completions"
"48825",2023-04-01,"Apr 2023","All",1084,"Scss","Completions"
"48825",2023-05-01,"May 2023","Single",416,"Scss","Completions"
"48825",2023-05-01,"May 2023","Semi-Detached",128,"Scss","Completions"
"48825",2023-05-01,"May 2023","Row",162,"Scss","Completions"
"48825",2023-05-01,"May 2023","Apartment",706,"Scss","Completions"
"48825",2023-05-01,"May 2023","All",1412,"Scss","Completions"
"48825",2023-06-01,"Jun 2023","Single",503,"Scss","Completions"
"48825",2023-06-01,"Jun 2023","Semi-Detached",124,"Scss","Completions"
"48825",2023-06-01,"Jun 2023","Row",233,"Scss","Completions"
"48825",2023-06-01,"Jun 2023","Apartment",433,"Scss","Completions"
"48825",2023-06-01,"Jun 2023","All",1293,"Scss","Completions"
"48825",2023-07-01,"Jul 2023","Single",517,"Scss","Completions"
"48825",2023-07-01,"Jul 2023","Semi-Detached",172,"Scss","Completions"
"48825",2023-07-01,"Jul 2023","Row",196,"Scss","Completions"
"48825",2023-07-01,"Jul 2023","Apartment",193,"Scss","Completions"
"48825",2023-07-01,"Jul 2023","All",1078,"Scss","Completions"
"48825",2023-08-01,"Aug 2023","Single",543,"Scss","Completions"
"48825",2023-08-01,"Aug 2023","Semi-Detached",188,"Scss","Completions"
"48825",2023-08-01,"Aug 2023","Row",178,"Scss","Completions"
"48825",2023-08-01,"Aug 2023","Apartment",788,"Scss","Completions"
"48825",2023-08-01,"Aug 2023","All",1697,"Scss","Completions"
"48825",2023-09-01,"Sep 2023","Single",478,"Scss","Completions"
"48825",2023-09-01,"Sep 2023","Semi-Detached",128,"Scss","Completions"
"48825",2023-09-01,"Sep 2023","Row",310,"Scss","Completions"
"48825",2023-09-01,"Sep 2023","Apartment",330,"Scss","Completions"
"48825",2023-09-01,"Sep 2023","All",1246,"Scss","Completions"
"48825",2023-10-01,"Oct 2023","Single",408,"Scss","Completions"
"48825",2023-10-01,"Oct 2023","Semi-Detached",154,"Scss","Completions"
"48825",2023-10-01,"Oct 2023","Row",268,"Scss","Completions"
"48825",2023-10-01,"Oct 2023","Apartment",883,"Scss","Completions"
"48825",2023-10-01,"Oct 2023","All",1713,"Scss","Completions"
"48825",2023-11-01,"Nov 2023","Single",715,"Scss","Completions"
"48825",2023-11-01,"Nov 2023","Semi-Detached",186,"Scss","Completions"
"48825",2023-11-01,"Nov 2023","Row",241,"Scss","Completions"
"48825",2023-11-01,"Nov 2023","Apartment",299,"Scss","Completions"
"48825",2023-11-01,"Nov 2023","All",1441,"Scss","Completions"
"48825",2023-12-01,"Dec 2023","Single",397,"Scss","Completions"
"48825",2023-12-01,"Dec 2023","Semi-Detached",114,"Scss","Completions"
"48825",2023-12-01,"Dec 2023","Row",286,"Scss","Completions"
"48825",2023-12-01,"Dec 2023","Apartment",497,"Scss","Completions"
"48825",2023-12-01,"Dec 2023","All",1294,"Scss","Completions"
"48825",2024-01-01,"Jan 2024","Single",503,"Scss","Completions"
"48825",2024-01-01,"Jan 2024","Semi-Detached",150,"Scss","Completions"
"48825",2024-01-01,"Jan 2024","Row",250,"Scss","Completions"
"48825",2024-01-01,"Jan 2024","Apartment",750,"Scss","Completions"
"48825",2024-01-01,"Jan 2024","All",1653,"Scss","Completions"
"48825",2024-02-01,"Feb 2024","Single",487,"Scss","Completions"
"48825",2024-02-01,"Feb 2024","Semi-Detached",162,"Scss","Completions"
"48825",2024-02-01,"Feb 2024","Row",331,"Scss","Completions"
"48825",2024-02-01,"Feb 2024","Apartment",248,"Scss","Completions"
"48825",2024-02-01,"Feb 2024","All",1228,"Scss","Completions"
"48825",2024-03-01,"Mar 2024","Single",520,"Scss","Completions"
"48825",2024-03-01,"Mar 2024","Semi-Detached",142,"Scss","Completions"
"48825",2024-03-01,"Mar 2024","Row",342,"Scss","Completions"
"48825",2024-03-01,"Mar 2024","Apartment",1840,"Scss","Completions"
"48825",2024-03-01,"Mar 2024","All",2844,"Scss","Completions"
"48825",2024-04-01,"Apr 2024","Single",508,"Scss","Completions"
"48825",2024-04-01,"Apr 2024","Semi-Detached",100,"Scss","Completions"
"48825",2024-04-01,"Apr 2024","Row",197,"Scss","Completions"
"48825",2024-04-01,"Apr 2024","Apartment",1680,"Scss","Completions"
"48825",2024-04-01,"Apr 2024","All",2485,"Scss","Completions"
"48825",2024-05-01,"May 2024","Single",523,"Scss","Completions"
"48825",2024-05-01,"May 2024","Semi-Detached",148,"Scss","Completions"
"48825",2024-05-01,"May 2024","Row",199,"Scss","Completions"
"48825",2024-05-01,"May 2024","Apartment",819,"Scss","Completions"
"48825",2024-05-01,"May 2024","All",1689,"Scss","Completions"
"48825",2024-06-01,"Jun 2024","Single",541,"Scss","Completions"
"48825",2024-06-01,"Jun 2024","Semi-Detached",110,"Scss","Completions"
"48825",2024-06-01,"Jun 2024","Row",280,"Scss","Completions"
"48825",2024-06-01,"Jun 2024","Apartment",776,"Scss","Completions"
"48825",2024-06-01,"Jun 2024","All",1707,"Scss","Completions"
"48825",2024-07-01,"Jul 2024","Single",603,"Scss","Completions"
"48825",2024-07-01,"Jul 2024","Semi-Detached",158,"Scss","Completions"
"48825",2024-07-01,"Jul 2024","Row",169,"Scss","Completions"
"48825",2024-07-01,"Jul 2024","Apartment",896,"Scss","Completions"
"48825",2024-07-01,"Jul 2024","All",1826,"Scss","Completions"
"48825",2024-08-01,"Aug 2024","Single",559,"Scss","Completions"
"48825",2024-08-01,"Aug 2024","Semi-Detached",168,"Scss","Completions"
"48825",2024-08-01,"Aug 2024","Row",303,"Scss","Completions"
"48825",2024-08-01,"Aug 2024","Apartment",1488,"Scss","Completions"
"48825",2024-08-01,"Aug 2024","All",2518,"Scss","Completions"
"48825",2024-09-01,"Sep 2024","Single",670,"Scss","Completions"
"48825",2024-09-01,"Sep 2024","Semi-Detached",204,"Scss","Completions"
"48825",2024-09-01,"Sep 2024","Row",187,"Scss","Completions"
"48825",2024-09-01,"Sep 2024","Apartment",752,"Scss","Completions"
"48825",2024-09-01,"Sep 2024","All",1813,"Scss","Completions"
"48825",2024-10-01,"Oct 2024","Single",396,"Scss","Completions"
"48825",2024-10-01,"Oct 2024","Semi-Detached",146,"Scss","Completions"
"48825",2024-10-01,"Oct 2024","Row",307,"Scss","Completions"
"48825",2024-10-01,"Oct 2024","Apartment",1410,"Scss","Completions"
"48825",2024-10-01,"Oct 2024","All",2259,"Scss","Completions"
"48825",2024-11-01,"Nov 2024","Single",806,"Scss","Completions"
"48825",2024-11-01,"Nov 2024","Semi-Detached",278,"Scss","Completions"
"48825",2024-11-01,"Nov 2024","Row",349,"Scss","Completions"
"48825",2024-11-01,"Nov 2024","Apartment",1108,"Scss","Completions"
"48825",2024-11-01,"Nov 2024","All",2541,"Scss","Completions"
"48825",2024-12-01,"Dec 2024","Single",508,"Scss","Completions"
"48825",2024-12-01,"Dec 2024","Semi-Detached",198,"Scss","Completions"
"48825",2024-12-01,"Dec 2024","Row",307,"Scss","Completions"
"48825",2024-12-01,"Dec 2024","Apartment",1156,"Scss","Completions"
"48825",2024-12-01,"Dec 2024","All",2169,"Scss","Completions"
"48825",2025-01-01,"Jan 2025","Single",746,"Scss","Completions"
"48825",2025-01-01,"Jan 2025","Semi-Detached",176,"Scss","Completions"
"48825",2025-01-01,"Jan 2025","Row",254,"Scss","Completions"
"48825",2025-01-01,"Jan 2025","Apartment",786,"Scss","Completions"
"48825",2025-01-01,"Jan 2025","All",1962,"Scss","Completions"
"48825",2025-02-01,"Feb 2025","Single",591,"Scss","Completions"
"48825",2025-02-01,"Feb 2025","Semi-Detached",206,"Scss","Completions"
"48825",2025-02-01,"Feb 2025","Row",299,"Scss","Completions"
"48825",2025-02-01,"Feb 2025","Apartment",726,"Scss","Completions"
"48825",2025-02-01,"Feb 2025","All",1822,"Scss","Completions"
"48825",2025-03-01,"Mar 2025","Single",590,"Scss","Completions"
"48825",2025-03-01,"Mar 2025","Semi-Detached",206,"Scss","Completions"
"48825",2025-03-01,"Mar 2025","Row",221,"Scss","Completions"
"48825",2025-03-01,"Mar 2025","Apartment",723,"Scss","Completions"
"48825",2025-03-01,"Mar 2025","All",1740,"Scss","Completions"
"48825",2025-04-01,"Apr 2025","Single",500,"Scss","Completions"
"48825",2025-04-01,"Apr 2025","Semi-Detached",198,"Scss","Completions"
"48825",2025-04-01,"Apr 2025","Row",255,"Scss","Completions"
"48825",2025-04-01,"Apr 2025","Apartment",715,"Scss","Completions"
"48825",2025-04-01,"Apr 2025","All",1668,"Scss","Completions"
"48825",2025-05-01,"May 2025","Single",642,"Scss","Completions"
"48825",2025-05-01,"May 2025","Semi-Detached",196,"Scss","Completions"
"48825",2025-05-01,"May 2025","Row",176,"Scss","Completions"
"48825",2025-05-01,"May 2025","Apartment",848,"Scss","Completions"
"48825",2025-05-01,"May 2025","All",1862,"Scss","Completions"
"48825",2025-06-01,"Jun 2025","Single",639,"Scss","Completions"
"48825",2025-06-01,"Jun 2025","Semi-Detached",224,"Scss","Completions"
"48825",2025-06-01,"Jun 2025","Row",266,"Scss","Completions"
"48825",2025-06-01,"Jun 2025","Apartment",1427,"Scss","Completions"
"48825",2025-06-01,"Jun 2025","All",2556,"Scss","Completions"
"48825",2025-07-01,"Jul 2025","Single",742,"Scss","Completions"
"48825",2025-07-01,"Jul 2025","Semi-Detached",222,"Scss","Completions"
"48825",2025-07-01,"Jul 2025","Row",325,"Scss","Completions"
"48825",2025-07-01,"Jul 2025","Apartment",823,"Scss","Completions"
"48825",2025-07-01,"Jul 2025","All",2112,"Scss","Completions"
"48825",2025-08-01,"Aug 2025","Single",559,"Scss","Completions"
"48825",2025-08-01,"Aug 2025","Semi-Detached",200,"Scss","Completions"
"48825",2025-08-01,"Aug 2025","Row",243,"Scss","Completions"
"48825",2025-08-01,"Aug 2025","Apartment",718,"Scss","Completions"
"48825",2025-08-01,"Aug 2025","All",1720,"Scss","Completions"
"48825",2025-09-01,"Sep 2025","Single",538,"Scss","Completions"
"48825",2025-09-01,"Sep 2025","Semi-Detached",198,"Scss","Completions"
"48825",2025-09-01,"Sep 2025","Row",330,"Scss","Completions"
"48825",2025-09-01,"Sep 2025","Apartment",2091,"Scss","Completions"
"48825",2025-09-01,"Sep 2025","All",3157,"Scss","Completions"
"48825",2025-10-01,"Oct 2025","Single",659,"Scss","Completions"
"48825",2025-10-01,"Oct 2025","Semi-Detached",194,"Scss","Completions"
"48825",2025-10-01,"Oct 2025","Row",376,"Scss","Completions"
"48825",2025-10-01,"Oct 2025","Apartment",1014,"Scss","Completions"
"48825",2025-10-01,"Oct 2025","All",2243,"Scss","Completions"
"48825",2025-11-01,"Nov 2025","Single",1035,"Scss","Completions"
"48825",2025-11-01,"Nov 2025","Semi-Detached",312,"Scss","Completions"
"48825",2025-11-01,"Nov 2025","Row",313,"Scss","Completions"
"48825",2025-11-01,"Nov 2025","Apartment",1328,"Scss","Completions"
"48825",2025-11-01,"Nov 2025","All",2988,"Scss","Completions"
"48825",2025-12-01,"Dec 2025","Single",262,"Scss","Completions"
"48825",2025-12-01,"Dec 2025","Semi-Detached",80,"Scss","Completions"
"48825",2025-12-01,"Dec 2025","Row",267,"Scss","Completions"
"48825",2025-12-01,"Dec 2025","Apartment",397,"Scss","Completions"
"48825",2025-12-01,"Dec 2025","All",1006,"Scss","Completions"
"48825",2026-01-01,"Jan 2026","Single",606,"Scss","Completions"
"48825",2026-01-01,"Jan 2026","Semi-Detached",214,"Scss","Completions"
"48825",2026-01-01,"Jan 2026","Row",232,"Scss","Completions"
"48825",2026-01-01,"Jan 2026","Apartment",681,"Scss","Completions"
"48825",2026-01-01,"Jan 2026","All",1733,"Scss","Completions"
"48825",2026-02-01,"Feb 2026","Single",518,"Scss","Completions"
"48825",2026-02-01,"Feb 2026","Semi-Detached",130,"Scss","Completions"
"48825",2026-02-01,"Feb 2026","Row",178,"Scss","Completions"
"48825",2026-02-01,"Feb 2026","Apartment",1121,"Scss","Completions"
"48825",2026-02-01,"Feb 2026","All",1947,"Scss","Completions"
