"GeoUID","Date","DateString","Dwelling Type","Value","Survey","Series"
"24462",1998-01-01,"Jan 1998","Single",255,"Scss","Completions"
"24462",1998-01-01,"Jan 1998","Semi-Detached",26,"Scss","Completions"
"24462",1998-01-01,"Jan 1998","Row",31,"Scss","Completions"
"24462",1998-01-01,"Jan 1998","Apartment",80,"Scss","Completions"
"24462",1998-01-01,"Jan 1998","All",392,"Scss","Completions"
"24462",1998-02-01,"Feb 1998","Single",247,"Scss","Completions"
"24462",1998-02-01,"Feb 1998","Semi-Detached",42,"Scss","Completions"
"24462",1998-02-01,"Feb 1998","Row",44,"Scss","Completions"
"24462",1998-02-01,"Feb 1998","Apartment",148,"Scss","Completions"
"24462",1998-02-01,"Feb 1998","All",481,"Scss","Completions"
"24462",1998-03-01,"Mar 1998","Single",157,"Scss","Completions"
"24462",1998-03-01,"Mar 1998","Semi-Detached",18,"Scss","Completions"
"24462",1998-03-01,"Mar 1998","Row",30,"Scss","Completions"
"24462",1998-03-01,"Mar 1998","Apartment",94,"Scss","Completions"
"24462",1998-03-01,"Mar 1998","All",299,"Scss","Completions"
"24462",1998-04-01,"Apr 1998","Single",217,"Scss","Completions"
"24462",1998-04-01,"Apr 1998","Semi-Detached",38,"Scss","Completions"
"24462",1998-04-01,"Apr 1998","Row",20,"Scss","Completions"
"24462",1998-04-01,"Apr 1998","Apartment",154,"Scss","Completions"
"24462",1998-04-01,"Apr 1998","All",429,"Scss","Completions"
"24462",1998-05-01,"May 1998","Single",326,"Scss","Completions"
"24462",1998-05-01,"May 1998","Semi-Detached",46,"Scss","Completions"
"24462",1998-05-01,"May 1998","Row",34,"Scss","Completions"
"24462",1998-05-01,"May 1998","Apartment",88,"Scss","Completions"
"24462",1998-05-01,"May 1998","All",494,"Scss","Completions"
"24462",1998-06-01,"Jun 1998","Single",742,"Scss","Completions"
"24462",1998-06-01,"Jun 1998","Semi-Detached",140,"Scss","Completions"
"24462",1998-06-01,"Jun 1998","Row",102,"Scss","Completions"
"24462",1998-06-01,"Jun 1998","Apartment",310,"Scss","Completions"
"24462",1998-06-01,"Jun 1998","All",1294,"Scss","Completions"
"24462",1998-07-01,"Jul 1998","Single",1473,"Scss","Completions"
"24462",1998-07-01,"Jul 1998","Semi-Detached",284,"Scss","Completions"
"24462",1998-07-01,"Jul 1998","Row",225,"Scss","Completions"
"24462",1998-07-01,"Jul 1998","Apartment",1092,"Scss","Completions"
"24462",1998-07-01,"Jul 1998","All",3074,"Scss","Completions"
"24462",1998-08-01,"Aug 1998","Single",433,"Scss","Completions"
"24462",1998-08-01,"Aug 1998","Semi-Detached",78,"Scss","Completions"
"24462",1998-08-01,"Aug 1998","Row",103,"Scss","Completions"
"24462",1998-08-01,"Aug 1998","Apartment",272,"Scss","Completions"
"24462",1998-08-01,"Aug 1998","All",886,"Scss","Completions"
"24462",1998-09-01,"Sep 1998","Single",416,"Scss","Completions"
"24462",1998-09-01,"Sep 1998","Semi-Detached",44,"Scss","Completions"
"24462",1998-09-01,"Sep 1998","Row",88,"Scss","Completions"
"24462",1998-09-01,"Sep 1998","Apartment",189,"Scss","Completions"
"24462",1998-09-01,"Sep 1998","All",737,"Scss","Completions"
"24462",1998-10-01,"Oct 1998","Single",435,"Scss","Completions"
"24462",1998-10-01,"Oct 1998","Semi-Detached",50,"Scss","Completions"
"24462",1998-10-01,"Oct 1998","Row",61,"Scss","Completions"
"24462",1998-10-01,"Oct 1998","Apartment",250,"Scss","Completions"
"24462",1998-10-01,"Oct 1998","All",796,"Scss","Completions"
"24462",1998-11-01,"Nov 1998","Single",444,"Scss","Completions"
"24462",1998-11-01,"Nov 1998","Semi-Detached",38,"Scss","Completions"
"24462",1998-11-01,"Nov 1998","Row",102,"Scss","Completions"
"24462",1998-11-01,"Nov 1998","Apartment",144,"Scss","Completions"
"24462",1998-11-01,"Nov 1998","All",728,"Scss","Completions"
"24462",1998-12-01,"Dec 1998","Single",381,"Scss","Completions"
"24462",1998-12-01,"Dec 1998","Semi-Detached",28,"Scss","Completions"
"24462",1998-12-01,"Dec 1998","Row",41,"Scss","Completions"
"24462",1998-12-01,"Dec 1998","Apartment",175,"Scss","Completions"
"24462",1998-12-01,"Dec 1998","All",625,"Scss","Completions"
"24462",1999-01-01,"Jan 1999","Single",340,"Scss","Completions"
"24462",1999-01-01,"Jan 1999","Semi-Detached",52,"Scss","Completions"
"24462",1999-01-01,"Jan 1999","Row",11,"Scss","Completions"
"24462",1999-01-01,"Jan 1999","Apartment",142,"Scss","Completions"
"24462",1999-01-01,"Jan 1999","All",545,"Scss","Completions"
"24462",1999-02-01,"Feb 1999","Single",185,"Scss","Completions"
"24462",1999-02-01,"Feb 1999","Semi-Detached",28,"Scss","Completions"
"24462",1999-02-01,"Feb 1999","Row",17,"Scss","Completions"
"24462",1999-02-01,"Feb 1999","Apartment",153,"Scss","Completions"
"24462",1999-02-01,"Feb 1999","All",383,"Scss","Completions"
"24462",1999-03-01,"Mar 1999","Single",204,"Scss","Completions"
"24462",1999-03-01,"Mar 1999","Semi-Detached",24,"Scss","Completions"
"24462",1999-03-01,"Mar 1999","Row",19,"Scss","Completions"
"24462",1999-03-01,"Mar 1999","Apartment",109,"Scss","Completions"
"24462",1999-03-01,"Mar 1999","All",356,"Scss","Completions"
"24462",1999-04-01,"Apr 1999","Single",362,"Scss","Completions"
"24462",1999-04-01,"Apr 1999","Semi-Detached",46,"Scss","Completions"
"24462",1999-04-01,"Apr 1999","Row",32,"Scss","Completions"
"24462",1999-04-01,"Apr 1999","Apartment",79,"Scss","Completions"
"24462",1999-04-01,"Apr 1999","All",519,"Scss","Completions"
"24462",1999-05-01,"May 1999","Single",564,"Scss","Completions"
"24462",1999-05-01,"May 1999","Semi-Detached",60,"Scss","Completions"
"24462",1999-05-01,"May 1999","Row",42,"Scss","Completions"
"24462",1999-05-01,"May 1999","Apartment",148,"Scss","Completions"
"24462",1999-05-01,"May 1999","All",814,"Scss","Completions"
"24462",1999-06-01,"Jun 1999","Single",838,"Scss","Completions"
"24462",1999-06-01,"Jun 1999","Semi-Detached",122,"Scss","Completions"
"24462",1999-06-01,"Jun 1999","Row",124,"Scss","Completions"
"24462",1999-06-01,"Jun 1999","Apartment",442,"Scss","Completions"
"24462",1999-06-01,"Jun 1999","All",1526,"Scss","Completions"
"24462",1999-07-01,"Jul 1999","Single",1495,"Scss","Completions"
"24462",1999-07-01,"Jul 1999","Semi-Detached",176,"Scss","Completions"
"24462",1999-07-01,"Jul 1999","Row",272,"Scss","Completions"
"24462",1999-07-01,"Jul 1999","Apartment",1036,"Scss","Completions"
"24462",1999-07-01,"Jul 1999","All",2979,"Scss","Completions"
"24462",1999-08-01,"Aug 1999","Single",520,"Scss","Completions"
"24462",1999-08-01,"Aug 1999","Semi-Detached",60,"Scss","Completions"
"24462",1999-08-01,"Aug 1999","Row",28,"Scss","Completions"
"24462",1999-08-01,"Aug 1999","Apartment",178,"Scss","Completions"
"24462",1999-08-01,"Aug 1999","All",786,"Scss","Completions"
"24462",1999-09-01,"Sep 1999","Single",636,"Scss","Completions"
"24462",1999-09-01,"Sep 1999","Semi-Detached",92,"Scss","Completions"
"24462",1999-09-01,"Sep 1999","Row",95,"Scss","Completions"
"24462",1999-09-01,"Sep 1999","Apartment",515,"Scss","Completions"
"24462",1999-09-01,"Sep 1999","All",1338,"Scss","Completions"
"24462",1999-10-01,"Oct 1999","Single",595,"Scss","Completions"
"24462",1999-10-01,"Oct 1999","Semi-Detached",66,"Scss","Completions"
"24462",1999-10-01,"Oct 1999","Row",83,"Scss","Completions"
"24462",1999-10-01,"Oct 1999","Apartment",230,"Scss","Completions"
"24462",1999-10-01,"Oct 1999","All",974,"Scss","Completions"
"24462",1999-11-01,"Nov 1999","Single",477,"Scss","Completions"
"24462",1999-11-01,"Nov 1999","Semi-Detached",52,"Scss","Completions"
"24462",1999-11-01,"Nov 1999","Row",49,"Scss","Completions"
"24462",1999-11-01,"Nov 1999","Apartment",168,"Scss","Completions"
"24462",1999-11-01,"Nov 1999","All",746,"Scss","Completions"
"24462",1999-12-01,"Dec 1999","Single",458,"Scss","Completions"
"24462",1999-12-01,"Dec 1999","Semi-Detached",40,"Scss","Completions"
"24462",1999-12-01,"Dec 1999","Row",31,"Scss","Completions"
"24462",1999-12-01,"Dec 1999","Apartment",177,"Scss","Completions"
"24462",1999-12-01,"Dec 1999","All",706,"Scss","Completions"
"24462",2000-01-01,"Jan 2000","Single",288,"Scss","Completions"
"24462",2000-01-01,"Jan 2000","Semi-Detached",16,"Scss","Completions"
"24462",2000-01-01,"Jan 2000","Row",17,"Scss","Completions"
"24462",2000-01-01,"Jan 2000","Apartment",70,"Scss","Completions"
"24462",2000-01-01,"Jan 2000","All",391,"Scss","Completions"
"24462",2000-02-01,"Feb 2000","Single",226,"Scss","Completions"
"24462",2000-02-01,"Feb 2000","Semi-Detached",12,"Scss","Completions"
"24462",2000-02-01,"Feb 2000","Row",18,"Scss","Completions"
"24462",2000-02-01,"Feb 2000","Apartment",200,"Scss","Completions"
"24462",2000-02-01,"Feb 2000","All",456,"Scss","Completions"
"24462",2000-03-01,"Mar 2000","Single",335,"Scss","Completions"
"24462",2000-03-01,"Mar 2000","Semi-Detached",38,"Scss","Completions"
"24462",2000-03-01,"Mar 2000","Row",6,"Scss","Completions"
"24462",2000-03-01,"Mar 2000","Apartment",109,"Scss","Completions"
"24462",2000-03-01,"Mar 2000","All",488,"Scss","Completions"
"24462",2000-04-01,"Apr 2000","Single",274,"Scss","Completions"
"24462",2000-04-01,"Apr 2000","Semi-Detached",42,"Scss","Completions"
"24462",2000-04-01,"Apr 2000","Row",27,"Scss","Completions"
"24462",2000-04-01,"Apr 2000","Apartment",241,"Scss","Completions"
"24462",2000-04-01,"Apr 2000","All",584,"Scss","Completions"
"24462",2000-05-01,"May 2000","Single",535,"Scss","Completions"
"24462",2000-05-01,"May 2000","Semi-Detached",50,"Scss","Completions"
"24462",2000-05-01,"May 2000","Row",45,"Scss","Completions"
"24462",2000-05-01,"May 2000","Apartment",239,"Scss","Completions"
"24462",2000-05-01,"May 2000","All",869,"Scss","Completions"
"24462",2000-06-01,"Jun 2000","Single",893,"Scss","Completions"
"24462",2000-06-01,"Jun 2000","Semi-Detached",54,"Scss","Completions"
"24462",2000-06-01,"Jun 2000","Row",117,"Scss","Completions"
"24462",2000-06-01,"Jun 2000","Apartment",233,"Scss","Completions"
"24462",2000-06-01,"Jun 2000","All",1297,"Scss","Completions"
"24462",2000-07-01,"Jul 2000","Single",1374,"Scss","Completions"
"24462",2000-07-01,"Jul 2000","Semi-Detached",118,"Scss","Completions"
"24462",2000-07-01,"Jul 2000","Row",218,"Scss","Completions"
"24462",2000-07-01,"Jul 2000","Apartment",979,"Scss","Completions"
"24462",2000-07-01,"Jul 2000","All",2689,"Scss","Completions"
"24462",2000-08-01,"Aug 2000","Single",691,"Scss","Completions"
"24462",2000-08-01,"Aug 2000","Semi-Detached",78,"Scss","Completions"
"24462",2000-08-01,"Aug 2000","Row",106,"Scss","Completions"
"24462",2000-08-01,"Aug 2000","Apartment",913,"Scss","Completions"
"24462",2000-08-01,"Aug 2000","All",1788,"Scss","Completions"
"24462",2000-09-01,"Sep 2000","Single",618,"Scss","Completions"
"24462",2000-09-01,"Sep 2000","Semi-Detached",44,"Scss","Completions"
"24462",2000-09-01,"Sep 2000","Row",35,"Scss","Completions"
"24462",2000-09-01,"Sep 2000","Apartment",211,"Scss","Completions"
"24462",2000-09-01,"Sep 2000","All",908,"Scss","Completions"
"24462",2000-10-01,"Oct 2000","Single",488,"Scss","Completions"
"24462",2000-10-01,"Oct 2000","Semi-Detached",38,"Scss","Completions"
"24462",2000-10-01,"Oct 2000","Row",93,"Scss","Completions"
"24462",2000-10-01,"Oct 2000","Apartment",280,"Scss","Completions"
"24462",2000-10-01,"Oct 2000","All",899,"Scss","Completions"
"24462",2000-11-01,"Nov 2000","Single",469,"Scss","Completions"
"24462",2000-11-01,"Nov 2000","Semi-Detached",64,"Scss","Completions"
"24462",2000-11-01,"Nov 2000","Row",87,"Scss","Completions"
"24462",2000-11-01,"Nov 2000","Apartment",273,"Scss","Completions"
"24462",2000-11-01,"Nov 2000","All",893,"Scss","Completions"
"24462",2000-12-01,"Dec 2000","Single",416,"Scss","Completions"
"24462",2000-12-01,"Dec 2000","Semi-Detached",8,"Scss","Completions"
"24462",2000-12-01,"Dec 2000","Row",6,"Scss","Completions"
"24462",2000-12-01,"Dec 2000","Apartment",110,"Scss","Completions"
"24462",2000-12-01,"Dec 2000","All",540,"Scss","Completions"
"24462",2001-01-01,"Jan 2001","Single",284,"Scss","Completions"
"24462",2001-01-01,"Jan 2001","Semi-Detached",20,"Scss","Completions"
"24462",2001-01-01,"Jan 2001","Row",17,"Scss","Completions"
"24462",2001-01-01,"Jan 2001","Apartment",227,"Scss","Completions"
"24462",2001-01-01,"Jan 2001","All",548,"Scss","Completions"
"24462",2001-02-01,"Feb 2001","Single",330,"Scss","Completions"
"24462",2001-02-01,"Feb 2001","Semi-Detached",28,"Scss","Completions"
"24462",2001-02-01,"Feb 2001","Row",86,"Scss","Completions"
"24462",2001-02-01,"Feb 2001","Apartment",156,"Scss","Completions"
"24462",2001-02-01,"Feb 2001","All",600,"Scss","Completions"
"24462",2001-03-01,"Mar 2001","Single",309,"Scss","Completions"
"24462",2001-03-01,"Mar 2001","Semi-Detached",17,"Scss","Completions"
"24462",2001-03-01,"Mar 2001","Row",14,"Scss","Completions"
"24462",2001-03-01,"Mar 2001","Apartment",149,"Scss","Completions"
"24462",2001-03-01,"Mar 2001","All",489,"Scss","Completions"
"24462",2001-04-01,"Apr 2001","Single",452,"Scss","Completions"
"24462",2001-04-01,"Apr 2001","Semi-Detached",48,"Scss","Completions"
"24462",2001-04-01,"Apr 2001","Row",9,"Scss","Completions"
"24462",2001-04-01,"Apr 2001","Apartment",142,"Scss","Completions"
"24462",2001-04-01,"Apr 2001","All",651,"Scss","Completions"
"24462",2001-05-01,"May 2001","Single",578,"Scss","Completions"
"24462",2001-05-01,"May 2001","Semi-Detached",50,"Scss","Completions"
"24462",2001-05-01,"May 2001","Row",68,"Scss","Completions"
"24462",2001-05-01,"May 2001","Apartment",286,"Scss","Completions"
"24462",2001-05-01,"May 2001","All",982,"Scss","Completions"
"24462",2001-06-01,"Jun 2001","Single",1118,"Scss","Completions"
"24462",2001-06-01,"Jun 2001","Semi-Detached",98,"Scss","Completions"
"24462",2001-06-01,"Jun 2001","Row",85,"Scss","Completions"
"24462",2001-06-01,"Jun 2001","Apartment",381,"Scss","Completions"
"24462",2001-06-01,"Jun 2001","All",1682,"Scss","Completions"
"24462",2001-07-01,"Jul 2001","Single",1423,"Scss","Completions"
"24462",2001-07-01,"Jul 2001","Semi-Detached",170,"Scss","Completions"
"24462",2001-07-01,"Jul 2001","Row",112,"Scss","Completions"
"24462",2001-07-01,"Jul 2001","Apartment",1283,"Scss","Completions"
"24462",2001-07-01,"Jul 2001","All",2988,"Scss","Completions"
"24462",2001-08-01,"Aug 2001","Single",524,"Scss","Completions"
"24462",2001-08-01,"Aug 2001","Semi-Detached",36,"Scss","Completions"
"24462",2001-08-01,"Aug 2001","Row",108,"Scss","Completions"
"24462",2001-08-01,"Aug 2001","Apartment",331,"Scss","Completions"
"24462",2001-08-01,"Aug 2001","All",999,"Scss","Completions"
"24462",2001-09-01,"Sep 2001","Single",610,"Scss","Completions"
"24462",2001-09-01,"Sep 2001","Semi-Detached",70,"Scss","Completions"
"24462",2001-09-01,"Sep 2001","Row",93,"Scss","Completions"
"24462",2001-09-01,"Sep 2001","Apartment",596,"Scss","Completions"
"24462",2001-09-01,"Sep 2001","All",1369,"Scss","Completions"
"24462",2001-10-01,"Oct 2001","Single",521,"Scss","Completions"
"24462",2001-10-01,"Oct 2001","Semi-Detached",32,"Scss","Completions"
"24462",2001-10-01,"Oct 2001","Row",36,"Scss","Completions"
"24462",2001-10-01,"Oct 2001","Apartment",365,"Scss","Completions"
"24462",2001-10-01,"Oct 2001","All",954,"Scss","Completions"
"24462",2001-11-01,"Nov 2001","Single",588,"Scss","Completions"
"24462",2001-11-01,"Nov 2001","Semi-Detached",52,"Scss","Completions"
"24462",2001-11-01,"Nov 2001","Row",42,"Scss","Completions"
"24462",2001-11-01,"Nov 2001","Apartment",783,"Scss","Completions"
"24462",2001-11-01,"Nov 2001","All",1465,"Scss","Completions"
"24462",2001-12-01,"Dec 2001","Single",449,"Scss","Completions"
"24462",2001-12-01,"Dec 2001","Semi-Detached",50,"Scss","Completions"
"24462",2001-12-01,"Dec 2001","Row",48,"Scss","Completions"
"24462",2001-12-01,"Dec 2001","Apartment",683,"Scss","Completions"
"24462",2001-12-01,"Dec 2001","All",1230,"Scss","Completions"
"24462",2002-01-01,"Jan 2002","Single",494,"Scss","Completions"
"24462",2002-01-01,"Jan 2002","Semi-Detached",36,"Scss","Completions"
"24462",2002-01-01,"Jan 2002","Row",47,"Scss","Completions"
"24462",2002-01-01,"Jan 2002","Apartment",333,"Scss","Completions"
"24462",2002-01-01,"Jan 2002","All",910,"Scss","Completions"
"24462",2002-02-01,"Feb 2002","Single",353,"Scss","Completions"
"24462",2002-02-01,"Feb 2002","Semi-Detached",28,"Scss","Completions"
"24462",2002-02-01,"Feb 2002","Row",30,"Scss","Completions"
"24462",2002-02-01,"Feb 2002","Apartment",120,"Scss","Completions"
"24462",2002-02-01,"Feb 2002","All",531,"Scss","Completions"
"24462",2002-03-01,"Mar 2002","Single",318,"Scss","Completions"
"24462",2002-03-01,"Mar 2002","Semi-Detached",36,"Scss","Completions"
"24462",2002-03-01,"Mar 2002","Row",28,"Scss","Completions"
"24462",2002-03-01,"Mar 2002","Apartment",292,"Scss","Completions"
"24462",2002-03-01,"Mar 2002","All",674,"Scss","Completions"
"24462",2002-04-01,"Apr 2002","Single",489,"Scss","Completions"
"24462",2002-04-01,"Apr 2002","Semi-Detached",24,"Scss","Completions"
"24462",2002-04-01,"Apr 2002","Row",29,"Scss","Completions"
"24462",2002-04-01,"Apr 2002","Apartment",318,"Scss","Completions"
"24462",2002-04-01,"Apr 2002","All",860,"Scss","Completions"
"24462",2002-05-01,"May 2002","Single",718,"Scss","Completions"
"24462",2002-05-01,"May 2002","Semi-Detached",52,"Scss","Completions"
"24462",2002-05-01,"May 2002","Row",13,"Scss","Completions"
"24462",2002-05-01,"May 2002","Apartment",217,"Scss","Completions"
"24462",2002-05-01,"May 2002","All",1000,"Scss","Completions"
"24462",2002-06-01,"Jun 2002","Single",1298,"Scss","Completions"
"24462",2002-06-01,"Jun 2002","Semi-Detached",86,"Scss","Completions"
"24462",2002-06-01,"Jun 2002","Row",99,"Scss","Completions"
"24462",2002-06-01,"Jun 2002","Apartment",647,"Scss","Completions"
"24462",2002-06-01,"Jun 2002","All",2130,"Scss","Completions"
"24462",2002-07-01,"Jul 2002","Single",1131,"Scss","Completions"
"24462",2002-07-01,"Jul 2002","Semi-Detached",88,"Scss","Completions"
"24462",2002-07-01,"Jul 2002","Row",177,"Scss","Completions"
"24462",2002-07-01,"Jul 2002","Apartment",917,"Scss","Completions"
"24462",2002-07-01,"Jul 2002","All",2313,"Scss","Completions"
"24462",2002-08-01,"Aug 2002","Single",1516,"Scss","Completions"
"24462",2002-08-01,"Aug 2002","Semi-Detached",128,"Scss","Completions"
"24462",2002-08-01,"Aug 2002","Row",111,"Scss","Completions"
"24462",2002-08-01,"Aug 2002","Apartment",904,"Scss","Completions"
"24462",2002-08-01,"Aug 2002","All",2659,"Scss","Completions"
"24462",2002-09-01,"Sep 2002","Single",942,"Scss","Completions"
"24462",2002-09-01,"Sep 2002","Semi-Detached",76,"Scss","Completions"
"24462",2002-09-01,"Sep 2002","Row",89,"Scss","Completions"
"24462",2002-09-01,"Sep 2002","Apartment",401,"Scss","Completions"
"24462",2002-09-01,"Sep 2002","All",1508,"Scss","Completions"
"24462",2002-10-01,"Oct 2002","Single",796,"Scss","Completions"
"24462",2002-10-01,"Oct 2002","Semi-Detached",50,"Scss","Completions"
"24462",2002-10-01,"Oct 2002","Row",19,"Scss","Completions"
"24462",2002-10-01,"Oct 2002","Apartment",512,"Scss","Completions"
"24462",2002-10-01,"Oct 2002","All",1377,"Scss","Completions"
"24462",2002-11-01,"Nov 2002","Single",867,"Scss","Completions"
"24462",2002-11-01,"Nov 2002","Semi-Detached",80,"Scss","Completions"
"24462",2002-11-01,"Nov 2002","Row",33,"Scss","Completions"
"24462",2002-11-01,"Nov 2002","Apartment",650,"Scss","Completions"
"24462",2002-11-01,"Nov 2002","All",1630,"Scss","Completions"
"24462",2002-12-01,"Dec 2002","Single",699,"Scss","Completions"
"24462",2002-12-01,"Dec 2002","Semi-Detached",58,"Scss","Completions"
"24462",2002-12-01,"Dec 2002","Row",53,"Scss","Completions"
"24462",2002-12-01,"Dec 2002","Apartment",291,"Scss","Completions"
"24462",2002-12-01,"Dec 2002","All",1101,"Scss","Completions"
"24462",2003-01-01,"Jan 2003","Single",685,"Scss","Completions"
"24462",2003-01-01,"Jan 2003","Semi-Detached",46,"Scss","Completions"
"24462",2003-01-01,"Jan 2003","Row",46,"Scss","Completions"
"24462",2003-01-01,"Jan 2003","Apartment",586,"Scss","Completions"
"24462",2003-01-01,"Jan 2003","All",1363,"Scss","Completions"
"24462",2003-02-01,"Feb 2003","Single",398,"Scss","Completions"
"24462",2003-02-01,"Feb 2003","Semi-Detached",24,"Scss","Completions"
"24462",2003-02-01,"Feb 2003","Row",35,"Scss","Completions"
"24462",2003-02-01,"Feb 2003","Apartment",342,"Scss","Completions"
"24462",2003-02-01,"Feb 2003","All",799,"Scss","Completions"
"24462",2003-03-01,"Mar 2003","Single",442,"Scss","Completions"
"24462",2003-03-01,"Mar 2003","Semi-Detached",32,"Scss","Completions"
"24462",2003-03-01,"Mar 2003","Row",35,"Scss","Completions"
"24462",2003-03-01,"Mar 2003","Apartment",487,"Scss","Completions"
"24462",2003-03-01,"Mar 2003","All",996,"Scss","Completions"
"24462",2003-04-01,"Apr 2003","Single",559,"Scss","Completions"
"24462",2003-04-01,"Apr 2003","Semi-Detached",52,"Scss","Completions"
"24462",2003-04-01,"Apr 2003","Row",41,"Scss","Completions"
"24462",2003-04-01,"Apr 2003","Apartment",449,"Scss","Completions"
"24462",2003-04-01,"Apr 2003","All",1101,"Scss","Completions"
"24462",2003-05-01,"May 2003","Single",822,"Scss","Completions"
"24462",2003-05-01,"May 2003","Semi-Detached",58,"Scss","Completions"
"24462",2003-05-01,"May 2003","Row",50,"Scss","Completions"
"24462",2003-05-01,"May 2003","Apartment",724,"Scss","Completions"
"24462",2003-05-01,"May 2003","All",1654,"Scss","Completions"
"24462",2003-06-01,"Jun 2003","Single",1375,"Scss","Completions"
"24462",2003-06-01,"Jun 2003","Semi-Detached",114,"Scss","Completions"
"24462",2003-06-01,"Jun 2003","Row",92,"Scss","Completions"
"24462",2003-06-01,"Jun 2003","Apartment",1051,"Scss","Completions"
"24462",2003-06-01,"Jun 2003","All",2632,"Scss","Completions"
"24462",2003-07-01,"Jul 2003","Single",1987,"Scss","Completions"
"24462",2003-07-01,"Jul 2003","Semi-Detached",224,"Scss","Completions"
"24462",2003-07-01,"Jul 2003","Row",102,"Scss","Completions"
"24462",2003-07-01,"Jul 2003","Apartment",911,"Scss","Completions"
"24462",2003-07-01,"Jul 2003","All",3224,"Scss","Completions"
"24462",2003-08-01,"Aug 2003","Single",646,"Scss","Completions"
"24462",2003-08-01,"Aug 2003","Semi-Detached",66,"Scss","Completions"
"24462",2003-08-01,"Aug 2003","Row",29,"Scss","Completions"
"24462",2003-08-01,"Aug 2003","Apartment",1070,"Scss","Completions"
"24462",2003-08-01,"Aug 2003","All",1811,"Scss","Completions"
"24462",2003-09-01,"Sep 2003","Single",1064,"Scss","Completions"
"24462",2003-09-01,"Sep 2003","Semi-Detached",84,"Scss","Completions"
"24462",2003-09-01,"Sep 2003","Row",88,"Scss","Completions"
"24462",2003-09-01,"Sep 2003","Apartment",649,"Scss","Completions"
"24462",2003-09-01,"Sep 2003","All",1885,"Scss","Completions"
"24462",2003-10-01,"Oct 2003","Single",888,"Scss","Completions"
"24462",2003-10-01,"Oct 2003","Semi-Detached",72,"Scss","Completions"
"24462",2003-10-01,"Oct 2003","Row",114,"Scss","Completions"
"24462",2003-10-01,"Oct 2003","Apartment",1049,"Scss","Completions"
"24462",2003-10-01,"Oct 2003","All",2123,"Scss","Completions"
"24462",2003-11-01,"Nov 2003","Single",901,"Scss","Completions"
"24462",2003-11-01,"Nov 2003","Semi-Detached",88,"Scss","Completions"
"24462",2003-11-01,"Nov 2003","Row",55,"Scss","Completions"
"24462",2003-11-01,"Nov 2003","Apartment",1039,"Scss","Completions"
"24462",2003-11-01,"Nov 2003","All",2083,"Scss","Completions"
"24462",2003-12-01,"Dec 2003","Single",747,"Scss","Completions"
"24462",2003-12-01,"Dec 2003","Semi-Detached",64,"Scss","Completions"
"24462",2003-12-01,"Dec 2003","Row",11,"Scss","Completions"
"24462",2003-12-01,"Dec 2003","Apartment",642,"Scss","Completions"
"24462",2003-12-01,"Dec 2003","All",1464,"Scss","Completions"
"24462",2004-01-01,"Jan 2004","Single",757,"Scss","Completions"
"24462",2004-01-01,"Jan 2004","Semi-Detached",38,"Scss","Completions"
"24462",2004-01-01,"Jan 2004","Row",33,"Scss","Completions"
"24462",2004-01-01,"Jan 2004","Apartment",510,"Scss","Completions"
"24462",2004-01-01,"Jan 2004","All",1338,"Scss","Completions"
"24462",2004-02-01,"Feb 2004","Single",471,"Scss","Completions"
"24462",2004-02-01,"Feb 2004","Semi-Detached",36,"Scss","Completions"
"24462",2004-02-01,"Feb 2004","Row",16,"Scss","Completions"
"24462",2004-02-01,"Feb 2004","Apartment",528,"Scss","Completions"
"24462",2004-02-01,"Feb 2004","All",1051,"Scss","Completions"
"24462",2004-03-01,"Mar 2004","Single",578,"Scss","Completions"
"24462",2004-03-01,"Mar 2004","Semi-Detached",60,"Scss","Completions"
"24462",2004-03-01,"Mar 2004","Row",12,"Scss","Completions"
"24462",2004-03-01,"Mar 2004","Apartment",907,"Scss","Completions"
"24462",2004-03-01,"Mar 2004","All",1557,"Scss","Completions"
"24462",2004-04-01,"Apr 2004","Single",697,"Scss","Completions"
"24462",2004-04-01,"Apr 2004","Semi-Detached",78,"Scss","Completions"
"24462",2004-04-01,"Apr 2004","Row",32,"Scss","Completions"
"24462",2004-04-01,"Apr 2004","Apartment",650,"Scss","Completions"
"24462",2004-04-01,"Apr 2004","All",1457,"Scss","Completions"
"24462",2004-05-01,"May 2004","Single",953,"Scss","Completions"
"24462",2004-05-01,"May 2004","Semi-Detached",100,"Scss","Completions"
"24462",2004-05-01,"May 2004","Row",7,"Scss","Completions"
"24462",2004-05-01,"May 2004","Apartment",138,"Scss","Completions"
"24462",2004-05-01,"May 2004","All",1198,"Scss","Completions"
"24462",2004-06-01,"Jun 2004","Single",1336,"Scss","Completions"
"24462",2004-06-01,"Jun 2004","Semi-Detached",106,"Scss","Completions"
"24462",2004-06-01,"Jun 2004","Row",30,"Scss","Completions"
"24462",2004-06-01,"Jun 2004","Apartment",1021,"Scss","Completions"
"24462",2004-06-01,"Jun 2004","All",2493,"Scss","Completions"
"24462",2004-07-01,"Jul 2004","Single",1745,"Scss","Completions"
"24462",2004-07-01,"Jul 2004","Semi-Detached",214,"Scss","Completions"
"24462",2004-07-01,"Jul 2004","Row",132,"Scss","Completions"
"24462",2004-07-01,"Jul 2004","Apartment",2916,"Scss","Completions"
"24462",2004-07-01,"Jul 2004","All",5007,"Scss","Completions"
"24462",2004-08-01,"Aug 2004","Single",1019,"Scss","Completions"
"24462",2004-08-01,"Aug 2004","Semi-Detached",162,"Scss","Completions"
"24462",2004-08-01,"Aug 2004","Row",76,"Scss","Completions"
"24462",2004-08-01,"Aug 2004","Apartment",1229,"Scss","Completions"
"24462",2004-08-01,"Aug 2004","All",2486,"Scss","Completions"
"24462",2004-09-01,"Sep 2004","Single",843,"Scss","Completions"
"24462",2004-09-01,"Sep 2004","Semi-Detached",78,"Scss","Completions"
"24462",2004-09-01,"Sep 2004","Row",62,"Scss","Completions"
"24462",2004-09-01,"Sep 2004","Apartment",1509,"Scss","Completions"
"24462",2004-09-01,"Sep 2004","All",2492,"Scss","Completions"
"24462",2004-10-01,"Oct 2004","Single",1050,"Scss","Completions"
"24462",2004-10-01,"Oct 2004","Semi-Detached",100,"Scss","Completions"
"24462",2004-10-01,"Oct 2004","Row",47,"Scss","Completions"
"24462",2004-10-01,"Oct 2004","Apartment",1119,"Scss","Completions"
"24462",2004-10-01,"Oct 2004","All",2316,"Scss","Completions"
"24462",2004-11-01,"Nov 2004","Single",874,"Scss","Completions"
"24462",2004-11-01,"Nov 2004","Semi-Detached",92,"Scss","Completions"
"24462",2004-11-01,"Nov 2004","Row",64,"Scss","Completions"
"24462",2004-11-01,"Nov 2004","Apartment",1054,"Scss","Completions"
"24462",2004-11-01,"Nov 2004","All",2084,"Scss","Completions"
"24462",2004-12-01,"Dec 2004","Single",861,"Scss","Completions"
"24462",2004-12-01,"Dec 2004","Semi-Detached",120,"Scss","Completions"
"24462",2004-12-01,"Dec 2004","Row",37,"Scss","Completions"
"24462",2004-12-01,"Dec 2004","Apartment",1508,"Scss","Completions"
"24462",2004-12-01,"Dec 2004","All",2526,"Scss","Completions"
"24462",2005-01-01,"Jan 2005","Single",740,"Scss","Completions"
"24462",2005-01-01,"Jan 2005","Semi-Detached",84,"Scss","Completions"
"24462",2005-01-01,"Jan 2005","Row",55,"Scss","Completions"
"24462",2005-01-01,"Jan 2005","Apartment",476,"Scss","Completions"
"24462",2005-01-01,"Jan 2005","All",1355,"Scss","Completions"
"24462",2005-02-01,"Feb 2005","Single",538,"Scss","Completions"
"24462",2005-02-01,"Feb 2005","Semi-Detached",54,"Scss","Completions"
"24462",2005-02-01,"Feb 2005","Row",25,"Scss","Completions"
"24462",2005-02-01,"Feb 2005","Apartment",964,"Scss","Completions"
"24462",2005-02-01,"Feb 2005","All",1581,"Scss","Completions"
"24462",2005-03-01,"Mar 2005","Single",596,"Scss","Completions"
"24462",2005-03-01,"Mar 2005","Semi-Detached",50,"Scss","Completions"
"24462",2005-03-01,"Mar 2005","Row",52,"Scss","Completions"
"24462",2005-03-01,"Mar 2005","Apartment",700,"Scss","Completions"
"24462",2005-03-01,"Mar 2005","All",1398,"Scss","Completions"
"24462",2005-04-01,"Apr 2005","Single",719,"Scss","Completions"
"24462",2005-04-01,"Apr 2005","Semi-Detached",60,"Scss","Completions"
"24462",2005-04-01,"Apr 2005","Row",35,"Scss","Completions"
"24462",2005-04-01,"Apr 2005","Apartment",1659,"Scss","Completions"
"24462",2005-04-01,"Apr 2005","All",2473,"Scss","Completions"
"24462",2005-05-01,"May 2005","Single",755,"Scss","Completions"
"24462",2005-05-01,"May 2005","Semi-Detached",84,"Scss","Completions"
"24462",2005-05-01,"May 2005","Row",83,"Scss","Completions"
"24462",2005-05-01,"May 2005","Apartment",963,"Scss","Completions"
"24462",2005-05-01,"May 2005","All",1885,"Scss","Completions"
"24462",2005-06-01,"Jun 2005","Single",1232,"Scss","Completions"
"24462",2005-06-01,"Jun 2005","Semi-Detached",146,"Scss","Completions"
"24462",2005-06-01,"Jun 2005","Row",101,"Scss","Completions"
"24462",2005-06-01,"Jun 2005","Apartment",1021,"Scss","Completions"
"24462",2005-06-01,"Jun 2005","All",2500,"Scss","Completions"
"24462",2005-07-01,"Jul 2005","Single",1664,"Scss","Completions"
"24462",2005-07-01,"Jul 2005","Semi-Detached",234,"Scss","Completions"
"24462",2005-07-01,"Jul 2005","Row",189,"Scss","Completions"
"24462",2005-07-01,"Jul 2005","Apartment",3389,"Scss","Completions"
"24462",2005-07-01,"Jul 2005","All",5476,"Scss","Completions"
"24462",2005-08-01,"Aug 2005","Single",621,"Scss","Completions"
"24462",2005-08-01,"Aug 2005","Semi-Detached",82,"Scss","Completions"
"24462",2005-08-01,"Aug 2005","Row",100,"Scss","Completions"
"24462",2005-08-01,"Aug 2005","Apartment",1450,"Scss","Completions"
"24462",2005-08-01,"Aug 2005","All",2253,"Scss","Completions"
"24462",2005-09-01,"Sep 2005","Single",944,"Scss","Completions"
"24462",2005-09-01,"Sep 2005","Semi-Detached",94,"Scss","Completions"
"24462",2005-09-01,"Sep 2005","Row",61,"Scss","Completions"
"24462",2005-09-01,"Sep 2005","Apartment",1061,"Scss","Completions"
"24462",2005-09-01,"Sep 2005","All",2160,"Scss","Completions"
"24462",2005-10-01,"Oct 2005","Single",691,"Scss","Completions"
"24462",2005-10-01,"Oct 2005","Semi-Detached",62,"Scss","Completions"
"24462",2005-10-01,"Oct 2005","Row",60,"Scss","Completions"
"24462",2005-10-01,"Oct 2005","Apartment",772,"Scss","Completions"
"24462",2005-10-01,"Oct 2005","All",1585,"Scss","Completions"
"24462",2005-11-01,"Nov 2005","Single",759,"Scss","Completions"
"24462",2005-11-01,"Nov 2005","Semi-Detached",64,"Scss","Completions"
"24462",2005-11-01,"Nov 2005","Row",58,"Scss","Completions"
"24462",2005-11-01,"Nov 2005","Apartment",1313,"Scss","Completions"
"24462",2005-11-01,"Nov 2005","All",2194,"Scss","Completions"
"24462",2005-12-01,"Dec 2005","Single",733,"Scss","Completions"
"24462",2005-12-01,"Dec 2005","Semi-Detached",100,"Scss","Completions"
"24462",2005-12-01,"Dec 2005","Row",105,"Scss","Completions"
"24462",2005-12-01,"Dec 2005","Apartment",968,"Scss","Completions"
"24462",2005-12-01,"Dec 2005","All",1906,"Scss","Completions"
"24462",2006-01-01,"Jan 2006","Single",686,"Scss","Completions"
"24462",2006-01-01,"Jan 2006","Semi-Detached",62,"Scss","Completions"
"24462",2006-01-01,"Jan 2006","Row",59,"Scss","Completions"
"24462",2006-01-01,"Jan 2006","Apartment",699,"Scss","Completions"
"24462",2006-01-01,"Jan 2006","All",1506,"Scss","Completions"
"24462",2006-02-01,"Feb 2006","Single",380,"Scss","Completions"
"24462",2006-02-01,"Feb 2006","Semi-Detached",40,"Scss","Completions"
"24462",2006-02-01,"Feb 2006","Row",15,"Scss","Completions"
"24462",2006-02-01,"Feb 2006","Apartment",854,"Scss","Completions"
"24462",2006-02-01,"Feb 2006","All",1289,"Scss","Completions"
"24462",2006-03-01,"Mar 2006","Single",465,"Scss","Completions"
"24462",2006-03-01,"Mar 2006","Semi-Detached",48,"Scss","Completions"
"24462",2006-03-01,"Mar 2006","Row",34,"Scss","Completions"
"24462",2006-03-01,"Mar 2006","Apartment",598,"Scss","Completions"
"24462",2006-03-01,"Mar 2006","All",1145,"Scss","Completions"
"24462",2006-04-01,"Apr 2006","Single",579,"Scss","Completions"
"24462",2006-04-01,"Apr 2006","Semi-Detached",80,"Scss","Completions"
"24462",2006-04-01,"Apr 2006","Row",46,"Scss","Completions"
"24462",2006-04-01,"Apr 2006","Apartment",1298,"Scss","Completions"
"24462",2006-04-01,"Apr 2006","All",2003,"Scss","Completions"
"24462",2006-05-01,"May 2006","Single",855,"Scss","Completions"
"24462",2006-05-01,"May 2006","Semi-Detached",68,"Scss","Completions"
"24462",2006-05-01,"May 2006","Row",43,"Scss","Completions"
"24462",2006-05-01,"May 2006","Apartment",779,"Scss","Completions"
"24462",2006-05-01,"May 2006","All",1745,"Scss","Completions"
"24462",2006-06-01,"Jun 2006","Single",1140,"Scss","Completions"
"24462",2006-06-01,"Jun 2006","Semi-Detached",112,"Scss","Completions"
"24462",2006-06-01,"Jun 2006","Row",96,"Scss","Completions"
"24462",2006-06-01,"Jun 2006","Apartment",1430,"Scss","Completions"
"24462",2006-06-01,"Jun 2006","All",2778,"Scss","Completions"
"24462",2006-07-01,"Jul 2006","Single",1197,"Scss","Completions"
"24462",2006-07-01,"Jul 2006","Semi-Detached",122,"Scss","Completions"
"24462",2006-07-01,"Jul 2006","Row",125,"Scss","Completions"
"24462",2006-07-01,"Jul 2006","Apartment",1604,"Scss","Completions"
"24462",2006-07-01,"Jul 2006","All",3048,"Scss","Completions"
"24462",2006-08-01,"Aug 2006","Single",752,"Scss","Completions"
"24462",2006-08-01,"Aug 2006","Semi-Detached",70,"Scss","Completions"
"24462",2006-08-01,"Aug 2006","Row",94,"Scss","Completions"
"24462",2006-08-01,"Aug 2006","Apartment",1362,"Scss","Completions"
"24462",2006-08-01,"Aug 2006","All",2278,"Scss","Completions"
"24462",2006-09-01,"Sep 2006","Single",787,"Scss","Completions"
"24462",2006-09-01,"Sep 2006","Semi-Detached",74,"Scss","Completions"
"24462",2006-09-01,"Sep 2006","Row",61,"Scss","Completions"
"24462",2006-09-01,"Sep 2006","Apartment",889,"Scss","Completions"
"24462",2006-09-01,"Sep 2006","All",1811,"Scss","Completions"
"24462",2006-10-01,"Oct 2006","Single",820,"Scss","Completions"
"24462",2006-10-01,"Oct 2006","Semi-Detached",58,"Scss","Completions"
"24462",2006-10-01,"Oct 2006","Row",37,"Scss","Completions"
"24462",2006-10-01,"Oct 2006","Apartment",1604,"Scss","Completions"
"24462",2006-10-01,"Oct 2006","All",2519,"Scss","Completions"
"24462",2006-11-01,"Nov 2006","Single",747,"Scss","Completions"
"24462",2006-11-01,"Nov 2006","Semi-Detached",84,"Scss","Completions"
"24462",2006-11-01,"Nov 2006","Row",84,"Scss","Completions"
"24462",2006-11-01,"Nov 2006","Apartment",2015,"Scss","Completions"
"24462",2006-11-01,"Nov 2006","All",2930,"Scss","Completions"
"24462",2006-12-01,"Dec 2006","Single",718,"Scss","Completions"
"24462",2006-12-01,"Dec 2006","Semi-Detached",62,"Scss","Completions"
"24462",2006-12-01,"Dec 2006","Row",65,"Scss","Completions"
"24462",2006-12-01,"Dec 2006","Apartment",1329,"Scss","Completions"
"24462",2006-12-01,"Dec 2006","All",2174,"Scss","Completions"
"24462",2007-01-01,"Jan 2007","Single",423,"Scss","Completions"
"24462",2007-01-01,"Jan 2007","Semi-Detached",36,"Scss","Completions"
"24462",2007-01-01,"Jan 2007","Row",30,"Scss","Completions"
"24462",2007-01-01,"Jan 2007","Apartment",855,"Scss","Completions"
"24462",2007-01-01,"Jan 2007","All",1344,"Scss","Completions"
"24462",2007-02-01,"Feb 2007","Single",437,"Scss","Completions"
"24462",2007-02-01,"Feb 2007","Semi-Detached",60,"Scss","Completions"
"24462",2007-02-01,"Feb 2007","Row",41,"Scss","Completions"
"24462",2007-02-01,"Feb 2007","Apartment",1751,"Scss","Completions"
"24462",2007-02-01,"Feb 2007","All",2289,"Scss","Completions"
"24462",2007-03-01,"Mar 2007","Single",451,"Scss","Completions"
"24462",2007-03-01,"Mar 2007","Semi-Detached",24,"Scss","Completions"
"24462",2007-03-01,"Mar 2007","Row",36,"Scss","Completions"
"24462",2007-03-01,"Mar 2007","Apartment",1032,"Scss","Completions"
"24462",2007-03-01,"Mar 2007","All",1543,"Scss","Completions"
"24462",2007-04-01,"Apr 2007","Single",477,"Scss","Completions"
"24462",2007-04-01,"Apr 2007","Semi-Detached",52,"Scss","Completions"
"24462",2007-04-01,"Apr 2007","Row",66,"Scss","Completions"
"24462",2007-04-01,"Apr 2007","Apartment",720,"Scss","Completions"
"24462",2007-04-01,"Apr 2007","All",1315,"Scss","Completions"
"24462",2007-05-01,"May 2007","Single",727,"Scss","Completions"
"24462",2007-05-01,"May 2007","Semi-Detached",50,"Scss","Completions"
"24462",2007-05-01,"May 2007","Row",32,"Scss","Completions"
"24462",2007-05-01,"May 2007","Apartment",1611,"Scss","Completions"
"24462",2007-05-01,"May 2007","All",2420,"Scss","Completions"
"24462",2007-06-01,"Jun 2007","Single",1110,"Scss","Completions"
"24462",2007-06-01,"Jun 2007","Semi-Detached",112,"Scss","Completions"
"24462",2007-06-01,"Jun 2007","Row",99,"Scss","Completions"
"24462",2007-06-01,"Jun 2007","Apartment",2243,"Scss","Completions"
"24462",2007-06-01,"Jun 2007","All",3564,"Scss","Completions"
"24462",2007-07-01,"Jul 2007","Single",1268,"Scss","Completions"
"24462",2007-07-01,"Jul 2007","Semi-Detached",138,"Scss","Completions"
"24462",2007-07-01,"Jul 2007","Row",103,"Scss","Completions"
"24462",2007-07-01,"Jul 2007","Apartment",2367,"Scss","Completions"
"24462",2007-07-01,"Jul 2007","All",3876,"Scss","Completions"
"24462",2007-08-01,"Aug 2007","Single",613,"Scss","Completions"
"24462",2007-08-01,"Aug 2007","Semi-Detached",108,"Scss","Completions"
"24462",2007-08-01,"Aug 2007","Row",118,"Scss","Completions"
"24462",2007-08-01,"Aug 2007","Apartment",1084,"Scss","Completions"
"24462",2007-08-01,"Aug 2007","All",1923,"Scss","Completions"
"24462",2007-09-01,"Sep 2007","Single",758,"Scss","Completions"
"24462",2007-09-01,"Sep 2007","Semi-Detached",52,"Scss","Completions"
"24462",2007-09-01,"Sep 2007","Row",85,"Scss","Completions"
"24462",2007-09-01,"Sep 2007","Apartment",985,"Scss","Completions"
"24462",2007-09-01,"Sep 2007","All",1880,"Scss","Completions"
"24462",2007-10-01,"Oct 2007","Single",767,"Scss","Completions"
"24462",2007-10-01,"Oct 2007","Semi-Detached",88,"Scss","Completions"
"24462",2007-10-01,"Oct 2007","Row",59,"Scss","Completions"
"24462",2007-10-01,"Oct 2007","Apartment",1093,"Scss","Completions"
"24462",2007-10-01,"Oct 2007","All",2007,"Scss","Completions"
"24462",2007-11-01,"Nov 2007","Single",681,"Scss","Completions"
"24462",2007-11-01,"Nov 2007","Semi-Detached",64,"Scss","Completions"
"24462",2007-11-01,"Nov 2007","Row",105,"Scss","Completions"
"24462",2007-11-01,"Nov 2007","Apartment",907,"Scss","Completions"
"24462",2007-11-01,"Nov 2007","All",1757,"Scss","Completions"
"24462",2007-12-01,"Dec 2007","Single",728,"Scss","Completions"
"24462",2007-12-01,"Dec 2007","Semi-Detached",58,"Scss","Completions"
"24462",2007-12-01,"Dec 2007","Row",72,"Scss","Completions"
"24462",2007-12-01,"Dec 2007","Apartment",819,"Scss","Completions"
"24462",2007-12-01,"Dec 2007","All",1677,"Scss","Completions"
"24462",2008-01-01,"Jan 2008","Single",474,"Scss","Completions"
"24462",2008-01-01,"Jan 2008","Semi-Detached",42,"Scss","Completions"
"24462",2008-01-01,"Jan 2008","Row",41,"Scss","Completions"
"24462",2008-01-01,"Jan 2008","Apartment",675,"Scss","Completions"
"24462",2008-01-01,"Jan 2008","All",1232,"Scss","Completions"
"24462",2008-02-01,"Feb 2008","Single",434,"Scss","Completions"
"24462",2008-02-01,"Feb 2008","Semi-Detached",62,"Scss","Completions"
"24462",2008-02-01,"Feb 2008","Row",151,"Scss","Completions"
"24462",2008-02-01,"Feb 2008","Apartment",878,"Scss","Completions"
"24462",2008-02-01,"Feb 2008","All",1525,"Scss","Completions"
"24462",2008-03-01,"Mar 2008","Single",507,"Scss","Completions"
"24462",2008-03-01,"Mar 2008","Semi-Detached",40,"Scss","Completions"
"24462",2008-03-01,"Mar 2008","Row",61,"Scss","Completions"
"24462",2008-03-01,"Mar 2008","Apartment",739,"Scss","Completions"
"24462",2008-03-01,"Mar 2008","All",1347,"Scss","Completions"
"24462",2008-04-01,"Apr 2008","Single",482,"Scss","Completions"
"24462",2008-04-01,"Apr 2008","Semi-Detached",74,"Scss","Completions"
"24462",2008-04-01,"Apr 2008","Row",63,"Scss","Completions"
"24462",2008-04-01,"Apr 2008","Apartment",774,"Scss","Completions"
"24462",2008-04-01,"Apr 2008","All",1393,"Scss","Completions"
"24462",2008-05-01,"May 2008","Single",620,"Scss","Completions"
"24462",2008-05-01,"May 2008","Semi-Detached",86,"Scss","Completions"
"24462",2008-05-01,"May 2008","Row",63,"Scss","Completions"
"24462",2008-05-01,"May 2008","Apartment",1358,"Scss","Completions"
"24462",2008-05-01,"May 2008","All",2127,"Scss","Completions"
"24462",2008-06-01,"Jun 2008","Single",940,"Scss","Completions"
"24462",2008-06-01,"Jun 2008","Semi-Detached",136,"Scss","Completions"
"24462",2008-06-01,"Jun 2008","Row",170,"Scss","Completions"
"24462",2008-06-01,"Jun 2008","Apartment",953,"Scss","Completions"
"24462",2008-06-01,"Jun 2008","All",2199,"Scss","Completions"
"24462",2008-07-01,"Jul 2008","Single",1154,"Scss","Completions"
"24462",2008-07-01,"Jul 2008","Semi-Detached",188,"Scss","Completions"
"24462",2008-07-01,"Jul 2008","Row",179,"Scss","Completions"
"24462",2008-07-01,"Jul 2008","Apartment",1855,"Scss","Completions"
"24462",2008-07-01,"Jul 2008","All",3376,"Scss","Completions"
"24462",2008-08-01,"Aug 2008","Single",631,"Scss","Completions"
"24462",2008-08-01,"Aug 2008","Semi-Detached",134,"Scss","Completions"
"24462",2008-08-01,"Aug 2008","Row",113,"Scss","Completions"
"24462",2008-08-01,"Aug 2008","Apartment",2114,"Scss","Completions"
"24462",2008-08-01,"Aug 2008","All",2992,"Scss","Completions"
"24462",2008-09-01,"Sep 2008","Single",706,"Scss","Completions"
"24462",2008-09-01,"Sep 2008","Semi-Detached",74,"Scss","Completions"
"24462",2008-09-01,"Sep 2008","Row",77,"Scss","Completions"
"24462",2008-09-01,"Sep 2008","Apartment",1350,"Scss","Completions"
"24462",2008-09-01,"Sep 2008","All",2207,"Scss","Completions"
"24462",2008-10-01,"Oct 2008","Single",653,"Scss","Completions"
"24462",2008-10-01,"Oct 2008","Semi-Detached",72,"Scss","Completions"
"24462",2008-10-01,"Oct 2008","Row",103,"Scss","Completions"
"24462",2008-10-01,"Oct 2008","Apartment",1437,"Scss","Completions"
"24462",2008-10-01,"Oct 2008","All",2265,"Scss","Completions"
"24462",2008-11-01,"Nov 2008","Single",659,"Scss","Completions"
"24462",2008-11-01,"Nov 2008","Semi-Detached",70,"Scss","Completions"
"24462",2008-11-01,"Nov 2008","Row",147,"Scss","Completions"
"24462",2008-11-01,"Nov 2008","Apartment",1286,"Scss","Completions"
"24462",2008-11-01,"Nov 2008","All",2162,"Scss","Completions"
"24462",2008-12-01,"Dec 2008","Single",608,"Scss","Completions"
"24462",2008-12-01,"Dec 2008","Semi-Detached",92,"Scss","Completions"
"24462",2008-12-01,"Dec 2008","Row",71,"Scss","Completions"
"24462",2008-12-01,"Dec 2008","Apartment",969,"Scss","Completions"
"24462",2008-12-01,"Dec 2008","All",1740,"Scss","Completions"
"24462",2009-01-01,"Jan 2009","Single",437,"Scss","Completions"
"24462",2009-01-01,"Jan 2009","Semi-Detached",48,"Scss","Completions"
"24462",2009-01-01,"Jan 2009","Row",77,"Scss","Completions"
"24462",2009-01-01,"Jan 2009","Apartment",855,"Scss","Completions"
"24462",2009-01-01,"Jan 2009","All",1417,"Scss","Completions"
"24462",2009-02-01,"Feb 2009","Single",358,"Scss","Completions"
"24462",2009-02-01,"Feb 2009","Semi-Detached",36,"Scss","Completions"
"24462",2009-02-01,"Feb 2009","Row",46,"Scss","Completions"
"24462",2009-02-01,"Feb 2009","Apartment",402,"Scss","Completions"
"24462",2009-02-01,"Feb 2009","All",842,"Scss","Completions"
"24462",2009-03-01,"Mar 2009","Single",387,"Scss","Completions"
"24462",2009-03-01,"Mar 2009","Semi-Detached",58,"Scss","Completions"
"24462",2009-03-01,"Mar 2009","Row",75,"Scss","Completions"
"24462",2009-03-01,"Mar 2009","Apartment",516,"Scss","Completions"
"24462",2009-03-01,"Mar 2009","All",1036,"Scss","Completions"
"24462",2009-04-01,"Apr 2009","Single",332,"Scss","Completions"
"24462",2009-04-01,"Apr 2009","Semi-Detached",56,"Scss","Completions"
"24462",2009-04-01,"Apr 2009","Row",105,"Scss","Completions"
"24462",2009-04-01,"Apr 2009","Apartment",776,"Scss","Completions"
"24462",2009-04-01,"Apr 2009","All",1269,"Scss","Completions"
"24462",2009-05-01,"May 2009","Single",410,"Scss","Completions"
"24462",2009-05-01,"May 2009","Semi-Detached",66,"Scss","Completions"
"24462",2009-05-01,"May 2009","Row",77,"Scss","Completions"
"24462",2009-05-01,"May 2009","Apartment",832,"Scss","Completions"
"24462",2009-05-01,"May 2009","All",1385,"Scss","Completions"
"24462",2009-06-01,"Jun 2009","Single",576,"Scss","Completions"
"24462",2009-06-01,"Jun 2009","Semi-Detached",92,"Scss","Completions"
"24462",2009-06-01,"Jun 2009","Row",122,"Scss","Completions"
"24462",2009-06-01,"Jun 2009","Apartment",1058,"Scss","Completions"
"24462",2009-06-01,"Jun 2009","All",1848,"Scss","Completions"
"24462",2009-07-01,"Jul 2009","Single",620,"Scss","Completions"
"24462",2009-07-01,"Jul 2009","Semi-Detached",130,"Scss","Completions"
"24462",2009-07-01,"Jul 2009","Row",139,"Scss","Completions"
"24462",2009-07-01,"Jul 2009","Apartment",2183,"Scss","Completions"
"24462",2009-07-01,"Jul 2009","All",3072,"Scss","Completions"
"24462",2009-08-01,"Aug 2009","Single",426,"Scss","Completions"
"24462",2009-08-01,"Aug 2009","Semi-Detached",106,"Scss","Completions"
"24462",2009-08-01,"Aug 2009","Row",102,"Scss","Completions"
"24462",2009-08-01,"Aug 2009","Apartment",1965,"Scss","Completions"
"24462",2009-08-01,"Aug 2009","All",2599,"Scss","Completions"
"24462",2009-09-01,"Sep 2009","Single",496,"Scss","Completions"
"24462",2009-09-01,"Sep 2009","Semi-Detached",80,"Scss","Completions"
"24462",2009-09-01,"Sep 2009","Row",63,"Scss","Completions"
"24462",2009-09-01,"Sep 2009","Apartment",1135,"Scss","Completions"
"24462",2009-09-01,"Sep 2009","All",1774,"Scss","Completions"
"24462",2009-10-01,"Oct 2009","Single",511,"Scss","Completions"
"24462",2009-10-01,"Oct 2009","Semi-Detached",108,"Scss","Completions"
"24462",2009-10-01,"Oct 2009","Row",122,"Scss","Completions"
"24462",2009-10-01,"Oct 2009","Apartment",773,"Scss","Completions"
"24462",2009-10-01,"Oct 2009","All",1514,"Scss","Completions"
"24462",2009-11-01,"Nov 2009","Single",466,"Scss","Completions"
"24462",2009-11-01,"Nov 2009","Semi-Detached",62,"Scss","Completions"
"24462",2009-11-01,"Nov 2009","Row",97,"Scss","Completions"
"24462",2009-11-01,"Nov 2009","Apartment",935,"Scss","Completions"
"24462",2009-11-01,"Nov 2009","All",1560,"Scss","Completions"
"24462",2009-12-01,"Dec 2009","Single",532,"Scss","Completions"
"24462",2009-12-01,"Dec 2009","Semi-Detached",124,"Scss","Completions"
"24462",2009-12-01,"Dec 2009","Row",65,"Scss","Completions"
"24462",2009-12-01,"Dec 2009","Apartment",1015,"Scss","Completions"
"24462",2009-12-01,"Dec 2009","All",1736,"Scss","Completions"
"24462",2010-01-01,"Jan 2010","Single",484,"Scss","Completions"
"24462",2010-01-01,"Jan 2010","Semi-Detached",74,"Scss","Completions"
"24462",2010-01-01,"Jan 2010","Row",54,"Scss","Completions"
"24462",2010-01-01,"Jan 2010","Apartment",837,"Scss","Completions"
"24462",2010-01-01,"Jan 2010","All",1449,"Scss","Completions"
"24462",2010-02-01,"Feb 2010","Single",288,"Scss","Completions"
"24462",2010-02-01,"Feb 2010","Semi-Detached",40,"Scss","Completions"
"24462",2010-02-01,"Feb 2010","Row",63,"Scss","Completions"
"24462",2010-02-01,"Feb 2010","Apartment",510,"Scss","Completions"
"24462",2010-02-01,"Feb 2010","All",901,"Scss","Completions"
"24462",2010-03-01,"Mar 2010","Single",414,"Scss","Completions"
"24462",2010-03-01,"Mar 2010","Semi-Detached",58,"Scss","Completions"
"24462",2010-03-01,"Mar 2010","Row",63,"Scss","Completions"
"24462",2010-03-01,"Mar 2010","Apartment",633,"Scss","Completions"
"24462",2010-03-01,"Mar 2010","All",1168,"Scss","Completions"
"24462",2010-04-01,"Apr 2010","Single",424,"Scss","Completions"
"24462",2010-04-01,"Apr 2010","Semi-Detached",68,"Scss","Completions"
"24462",2010-04-01,"Apr 2010","Row",76,"Scss","Completions"
"24462",2010-04-01,"Apr 2010","Apartment",622,"Scss","Completions"
"24462",2010-04-01,"Apr 2010","All",1190,"Scss","Completions"
"24462",2010-05-01,"May 2010","Single",536,"Scss","Completions"
"24462",2010-05-01,"May 2010","Semi-Detached",104,"Scss","Completions"
"24462",2010-05-01,"May 2010","Row",125,"Scss","Completions"
"24462",2010-05-01,"May 2010","Apartment",860,"Scss","Completions"
"24462",2010-05-01,"May 2010","All",1625,"Scss","Completions"
"24462",2010-06-01,"Jun 2010","Single",776,"Scss","Completions"
"24462",2010-06-01,"Jun 2010","Semi-Detached",148,"Scss","Completions"
"24462",2010-06-01,"Jun 2010","Row",113,"Scss","Completions"
"24462",2010-06-01,"Jun 2010","Apartment",1476,"Scss","Completions"
"24462",2010-06-01,"Jun 2010","All",2513,"Scss","Completions"
"24462",2010-07-01,"Jul 2010","Single",884,"Scss","Completions"
"24462",2010-07-01,"Jul 2010","Semi-Detached",168,"Scss","Completions"
"24462",2010-07-01,"Jul 2010","Row",173,"Scss","Completions"
"24462",2010-07-01,"Jul 2010","Apartment",2195,"Scss","Completions"
"24462",2010-07-01,"Jul 2010","All",3420,"Scss","Completions"
"24462",2010-08-01,"Aug 2010","Single",517,"Scss","Completions"
"24462",2010-08-01,"Aug 2010","Semi-Detached",106,"Scss","Completions"
"24462",2010-08-01,"Aug 2010","Row",55,"Scss","Completions"
"24462",2010-08-01,"Aug 2010","Apartment",1023,"Scss","Completions"
"24462",2010-08-01,"Aug 2010","All",1701,"Scss","Completions"
"24462",2010-09-01,"Sep 2010","Single",593,"Scss","Completions"
"24462",2010-09-01,"Sep 2010","Semi-Detached",76,"Scss","Completions"
"24462",2010-09-01,"Sep 2010","Row",103,"Scss","Completions"
"24462",2010-09-01,"Sep 2010","Apartment",1036,"Scss","Completions"
"24462",2010-09-01,"Sep 2010","All",1808,"Scss","Completions"
"24462",2010-10-01,"Oct 2010","Single",539,"Scss","Completions"
"24462",2010-10-01,"Oct 2010","Semi-Detached",108,"Scss","Completions"
"24462",2010-10-01,"Oct 2010","Row",71,"Scss","Completions"
"24462",2010-10-01,"Oct 2010","Apartment",1098,"Scss","Completions"
"24462",2010-10-01,"Oct 2010","All",1816,"Scss","Completions"
"24462",2010-11-01,"Nov 2010","Single",461,"Scss","Completions"
"24462",2010-11-01,"Nov 2010","Semi-Detached",82,"Scss","Completions"
"24462",2010-11-01,"Nov 2010","Row",73,"Scss","Completions"
"24462",2010-11-01,"Nov 2010","Apartment",492,"Scss","Completions"
"24462",2010-11-01,"Nov 2010","All",1108,"Scss","Completions"
"24462",2010-12-01,"Dec 2010","Single",573,"Scss","Completions"
"24462",2010-12-01,"Dec 2010","Semi-Detached",88,"Scss","Completions"
"24462",2010-12-01,"Dec 2010","Row",123,"Scss","Completions"
"24462",2010-12-01,"Dec 2010","Apartment",1160,"Scss","Completions"
"24462",2010-12-01,"Dec 2010","All",1944,"Scss","Completions"
"24462",2011-01-01,"Jan 2011","Single",418,"Scss","Completions"
"24462",2011-01-01,"Jan 2011","Semi-Detached",138,"Scss","Completions"
"24462",2011-01-01,"Jan 2011","Row",35,"Scss","Completions"
"24462",2011-01-01,"Jan 2011","Apartment",781,"Scss","Completions"
"24462",2011-01-01,"Jan 2011","All",1372,"Scss","Completions"
"24462",2011-02-01,"Feb 2011","Single",312,"Scss","Completions"
"24462",2011-02-01,"Feb 2011","Semi-Detached",54,"Scss","Completions"
"24462",2011-02-01,"Feb 2011","Row",82,"Scss","Completions"
"24462",2011-02-01,"Feb 2011","Apartment",655,"Scss","Completions"
"24462",2011-02-01,"Feb 2011","All",1103,"Scss","Completions"
"24462",2011-03-01,"Mar 2011","Single",364,"Scss","Completions"
"24462",2011-03-01,"Mar 2011","Semi-Detached",60,"Scss","Completions"
"24462",2011-03-01,"Mar 2011","Row",46,"Scss","Completions"
"24462",2011-03-01,"Mar 2011","Apartment",795,"Scss","Completions"
"24462",2011-03-01,"Mar 2011","All",1265,"Scss","Completions"
"24462",2011-04-01,"Apr 2011","Single",299,"Scss","Completions"
"24462",2011-04-01,"Apr 2011","Semi-Detached",50,"Scss","Completions"
"24462",2011-04-01,"Apr 2011","Row",68,"Scss","Completions"
"24462",2011-04-01,"Apr 2011","Apartment",666,"Scss","Completions"
"24462",2011-04-01,"Apr 2011","All",1083,"Scss","Completions"
"24462",2011-05-01,"May 2011","Single",405,"Scss","Completions"
"24462",2011-05-01,"May 2011","Semi-Detached",110,"Scss","Completions"
"24462",2011-05-01,"May 2011","Row",71,"Scss","Completions"
"24462",2011-05-01,"May 2011","Apartment",571,"Scss","Completions"
"24462",2011-05-01,"May 2011","All",1157,"Scss","Completions"
"24462",2011-06-01,"Jun 2011","Single",562,"Scss","Completions"
"24462",2011-06-01,"Jun 2011","Semi-Detached",184,"Scss","Completions"
"24462",2011-06-01,"Jun 2011","Row",162,"Scss","Completions"
"24462",2011-06-01,"Jun 2011","Apartment",1576,"Scss","Completions"
"24462",2011-06-01,"Jun 2011","All",2484,"Scss","Completions"
"24462",2011-07-01,"Jul 2011","Single",691,"Scss","Completions"
"24462",2011-07-01,"Jul 2011","Semi-Detached",210,"Scss","Completions"
"24462",2011-07-01,"Jul 2011","Row",189,"Scss","Completions"
"24462",2011-07-01,"Jul 2011","Apartment",1444,"Scss","Completions"
"24462",2011-07-01,"Jul 2011","All",2534,"Scss","Completions"
"24462",2011-08-01,"Aug 2011","Single",519,"Scss","Completions"
"24462",2011-08-01,"Aug 2011","Semi-Detached",120,"Scss","Completions"
"24462",2011-08-01,"Aug 2011","Row",85,"Scss","Completions"
"24462",2011-08-01,"Aug 2011","Apartment",1673,"Scss","Completions"
"24462",2011-08-01,"Aug 2011","All",2397,"Scss","Completions"
"24462",2011-09-01,"Sep 2011","Single",446,"Scss","Completions"
"24462",2011-09-01,"Sep 2011","Semi-Detached",104,"Scss","Completions"
"24462",2011-09-01,"Sep 2011","Row",85,"Scss","Completions"
"24462",2011-09-01,"Sep 2011","Apartment",1429,"Scss","Completions"
"24462",2011-09-01,"Sep 2011","All",2064,"Scss","Completions"
"24462",2011-10-01,"Oct 2011","Single",400,"Scss","Completions"
"24462",2011-10-01,"Oct 2011","Semi-Detached",64,"Scss","Completions"
"24462",2011-10-01,"Oct 2011","Row",73,"Scss","Completions"
"24462",2011-10-01,"Oct 2011","Apartment",992,"Scss","Completions"
"24462",2011-10-01,"Oct 2011","All",1529,"Scss","Completions"
"24462",2011-11-01,"Nov 2011","Single",456,"Scss","Completions"
"24462",2011-11-01,"Nov 2011","Semi-Detached",118,"Scss","Completions"
"24462",2011-11-01,"Nov 2011","Row",114,"Scss","Completions"
"24462",2011-11-01,"Nov 2011","Apartment",1000,"Scss","Completions"
"24462",2011-11-01,"Nov 2011","All",1688,"Scss","Completions"
"24462",2011-12-01,"Dec 2011","Single",418,"Scss","Completions"
"24462",2011-12-01,"Dec 2011","Semi-Detached",112,"Scss","Completions"
"24462",2011-12-01,"Dec 2011","Row",122,"Scss","Completions"
"24462",2011-12-01,"Dec 2011","Apartment",1338,"Scss","Completions"
"24462",2011-12-01,"Dec 2011","All",1990,"Scss","Completions"
"24462",2012-01-01,"Jan 2012","Single",373,"Scss","Completions"
"24462",2012-01-01,"Jan 2012","Semi-Detached",102,"Scss","Completions"
"24462",2012-01-01,"Jan 2012","Row",79,"Scss","Completions"
"24462",2012-01-01,"Jan 2012","Apartment",701,"Scss","Completions"
"24462",2012-01-01,"Jan 2012","All",1255,"Scss","Completions"
"24462",2012-02-01,"Feb 2012","Single",278,"Scss","Completions"
"24462",2012-02-01,"Feb 2012","Semi-Detached",54,"Scss","Completions"
"24462",2012-02-01,"Feb 2012","Row",37,"Scss","Completions"
"24462",2012-02-01,"Feb 2012","Apartment",680,"Scss","Completions"
"24462",2012-02-01,"Feb 2012","All",1049,"Scss","Completions"
"24462",2012-03-01,"Mar 2012","Single",300,"Scss","Completions"
"24462",2012-03-01,"Mar 2012","Semi-Detached",40,"Scss","Completions"
"24462",2012-03-01,"Mar 2012","Row",39,"Scss","Completions"
"24462",2012-03-01,"Mar 2012","Apartment",969,"Scss","Completions"
"24462",2012-03-01,"Mar 2012","All",1348,"Scss","Completions"
"24462",2012-04-01,"Apr 2012","Single",329,"Scss","Completions"
"24462",2012-04-01,"Apr 2012","Semi-Detached",76,"Scss","Completions"
"24462",2012-04-01,"Apr 2012","Row",65,"Scss","Completions"
"24462",2012-04-01,"Apr 2012","Apartment",767,"Scss","Completions"
"24462",2012-04-01,"Apr 2012","All",1237,"Scss","Completions"
"24462",2012-05-01,"May 2012","Single",334,"Scss","Completions"
"24462",2012-05-01,"May 2012","Semi-Detached",68,"Scss","Completions"
"24462",2012-05-01,"May 2012","Row",68,"Scss","Completions"
"24462",2012-05-01,"May 2012","Apartment",1001,"Scss","Completions"
"24462",2012-05-01,"May 2012","All",1471,"Scss","Completions"
"24462",2012-06-01,"Jun 2012","Single",461,"Scss","Completions"
"24462",2012-06-01,"Jun 2012","Semi-Detached",140,"Scss","Completions"
"24462",2012-06-01,"Jun 2012","Row",91,"Scss","Completions"
"24462",2012-06-01,"Jun 2012","Apartment",1265,"Scss","Completions"
"24462",2012-06-01,"Jun 2012","All",1957,"Scss","Completions"
"24462",2012-07-01,"Jul 2012","Single",586,"Scss","Completions"
"24462",2012-07-01,"Jul 2012","Semi-Detached",182,"Scss","Completions"
"24462",2012-07-01,"Jul 2012","Row",93,"Scss","Completions"
"24462",2012-07-01,"Jul 2012","Apartment",1939,"Scss","Completions"
"24462",2012-07-01,"Jul 2012","All",2800,"Scss","Completions"
"24462",2012-08-01,"Aug 2012","Single",424,"Scss","Completions"
"24462",2012-08-01,"Aug 2012","Semi-Detached",102,"Scss","Completions"
"24462",2012-08-01,"Aug 2012","Row",46,"Scss","Completions"
"24462",2012-08-01,"Aug 2012","Apartment",1254,"Scss","Completions"
"24462",2012-08-01,"Aug 2012","All",1826,"Scss","Completions"
"24462",2012-09-01,"Sep 2012","Single",366,"Scss","Completions"
"24462",2012-09-01,"Sep 2012","Semi-Detached",58,"Scss","Completions"
"24462",2012-09-01,"Sep 2012","Row",51,"Scss","Completions"
"24462",2012-09-01,"Sep 2012","Apartment",1082,"Scss","Completions"
"24462",2012-09-01,"Sep 2012","All",1557,"Scss","Completions"
"24462",2012-10-01,"Oct 2012","Single",330,"Scss","Completions"
"24462",2012-10-01,"Oct 2012","Semi-Detached",74,"Scss","Completions"
"24462",2012-10-01,"Oct 2012","Row",47,"Scss","Completions"
"24462",2012-10-01,"Oct 2012","Apartment",1219,"Scss","Completions"
"24462",2012-10-01,"Oct 2012","All",1670,"Scss","Completions"
"24462",2012-11-01,"Nov 2012","Single",431,"Scss","Completions"
"24462",2012-11-01,"Nov 2012","Semi-Detached",100,"Scss","Completions"
"24462",2012-11-01,"Nov 2012","Row",125,"Scss","Completions"
"24462",2012-11-01,"Nov 2012","Apartment",1380,"Scss","Completions"
"24462",2012-11-01,"Nov 2012","All",2036,"Scss","Completions"
"24462",2012-12-01,"Dec 2012","Single",378,"Scss","Completions"
"24462",2012-12-01,"Dec 2012","Semi-Detached",70,"Scss","Completions"
"24462",2012-12-01,"Dec 2012","Row",105,"Scss","Completions"
"24462",2012-12-01,"Dec 2012","Apartment",1390,"Scss","Completions"
"24462",2012-12-01,"Dec 2012","All",1943,"Scss","Completions"
"24462",2013-01-01,"Jan 2013","Single",301,"Scss","Completions"
"24462",2013-01-01,"Jan 2013","Semi-Detached",50,"Scss","Completions"
"24462",2013-01-01,"Jan 2013","Row",54,"Scss","Completions"
"24462",2013-01-01,"Jan 2013","Apartment",814,"Scss","Completions"
"24462",2013-01-01,"Jan 2013","All",1219,"Scss","Completions"
"24462",2013-02-01,"Feb 2013","Single",273,"Scss","Completions"
"24462",2013-02-01,"Feb 2013","Semi-Detached",46,"Scss","Completions"
"24462",2013-02-01,"Feb 2013","Row",43,"Scss","Completions"
"24462",2013-02-01,"Feb 2013","Apartment",947,"Scss","Completions"
"24462",2013-02-01,"Feb 2013","All",1309,"Scss","Completions"
"24462",2013-03-01,"Mar 2013","Single",234,"Scss","Completions"
"24462",2013-03-01,"Mar 2013","Semi-Detached",44,"Scss","Completions"
"24462",2013-03-01,"Mar 2013","Row",50,"Scss","Completions"
"24462",2013-03-01,"Mar 2013","Apartment",546,"Scss","Completions"
"24462",2013-03-01,"Mar 2013","All",874,"Scss","Completions"
"24462",2013-04-01,"Apr 2013","Single",244,"Scss","Completions"
"24462",2013-04-01,"Apr 2013","Semi-Detached",38,"Scss","Completions"
"24462",2013-04-01,"Apr 2013","Row",60,"Scss","Completions"
"24462",2013-04-01,"Apr 2013","Apartment",753,"Scss","Completions"
"24462",2013-04-01,"Apr 2013","All",1095,"Scss","Completions"
"24462",2013-05-01,"May 2013","Single",302,"Scss","Completions"
"24462",2013-05-01,"May 2013","Semi-Detached",52,"Scss","Completions"
"24462",2013-05-01,"May 2013","Row",53,"Scss","Completions"
"24462",2013-05-01,"May 2013","Apartment",1316,"Scss","Completions"
"24462",2013-05-01,"May 2013","All",1723,"Scss","Completions"
"24462",2013-06-01,"Jun 2013","Single",402,"Scss","Completions"
"24462",2013-06-01,"Jun 2013","Semi-Detached",73,"Scss","Completions"
"24462",2013-06-01,"Jun 2013","Row",93,"Scss","Completions"
"24462",2013-06-01,"Jun 2013","Apartment",1128,"Scss","Completions"
"24462",2013-06-01,"Jun 2013","All",1696,"Scss","Completions"
"24462",2013-07-01,"Jul 2013","Single",398,"Scss","Completions"
"24462",2013-07-01,"Jul 2013","Semi-Detached",96,"Scss","Completions"
"24462",2013-07-01,"Jul 2013","Row",134,"Scss","Completions"
"24462",2013-07-01,"Jul 2013","Apartment",1283,"Scss","Completions"
"24462",2013-07-01,"Jul 2013","All",1911,"Scss","Completions"
"24462",2013-08-01,"Aug 2013","Single",388,"Scss","Completions"
"24462",2013-08-01,"Aug 2013","Semi-Detached",108,"Scss","Completions"
"24462",2013-08-01,"Aug 2013","Row",162,"Scss","Completions"
"24462",2013-08-01,"Aug 2013","Apartment",1660,"Scss","Completions"
"24462",2013-08-01,"Aug 2013","All",2318,"Scss","Completions"
"24462",2013-09-01,"Sep 2013","Single",345,"Scss","Completions"
"24462",2013-09-01,"Sep 2013","Semi-Detached",90,"Scss","Completions"
"24462",2013-09-01,"Sep 2013","Row",57,"Scss","Completions"
"24462",2013-09-01,"Sep 2013","Apartment",933,"Scss","Completions"
"24462",2013-09-01,"Sep 2013","All",1425,"Scss","Completions"
"24462",2013-10-01,"Oct 2013","Single",261,"Scss","Completions"
"24462",2013-10-01,"Oct 2013","Semi-Detached",66,"Scss","Completions"
"24462",2013-10-01,"Oct 2013","Row",70,"Scss","Completions"
"24462",2013-10-01,"Oct 2013","Apartment",1034,"Scss","Completions"
"24462",2013-10-01,"Oct 2013","All",1431,"Scss","Completions"
"24462",2013-11-01,"Nov 2013","Single",327,"Scss","Completions"
"24462",2013-11-01,"Nov 2013","Semi-Detached",64,"Scss","Completions"
"24462",2013-11-01,"Nov 2013","Row",36,"Scss","Completions"
"24462",2013-11-01,"Nov 2013","Apartment",1593,"Scss","Completions"
"24462",2013-11-01,"Nov 2013","All",2020,"Scss","Completions"
"24462",2013-12-01,"Dec 2013","Single",285,"Scss","Completions"
"24462",2013-12-01,"Dec 2013","Semi-Detached",90,"Scss","Completions"
"24462",2013-12-01,"Dec 2013","Row",26,"Scss","Completions"
"24462",2013-12-01,"Dec 2013","Apartment",807,"Scss","Completions"
"24462",2013-12-01,"Dec 2013","All",1208,"Scss","Completions"
"24462",2014-01-01,"Jan 2014","Single",222,"Scss","Completions"
"24462",2014-01-01,"Jan 2014","Semi-Detached",40,"Scss","Completions"
"24462",2014-01-01,"Jan 2014","Row",15,"Scss","Completions"
"24462",2014-01-01,"Jan 2014","Apartment",973,"Scss","Completions"
"24462",2014-01-01,"Jan 2014","All",1250,"Scss","Completions"
"24462",2014-02-01,"Feb 2014","Single",228,"Scss","Completions"
"24462",2014-02-01,"Feb 2014","Semi-Detached",68,"Scss","Completions"
"24462",2014-02-01,"Feb 2014","Row",25,"Scss","Completions"
"24462",2014-02-01,"Feb 2014","Apartment",729,"Scss","Completions"
"24462",2014-02-01,"Feb 2014","All",1050,"Scss","Completions"
"24462",2014-03-01,"Mar 2014","Single",182,"Scss","Completions"
"24462",2014-03-01,"Mar 2014","Semi-Detached",40,"Scss","Completions"
"24462",2014-03-01,"Mar 2014","Row",7,"Scss","Completions"
"24462",2014-03-01,"Mar 2014","Apartment",685,"Scss","Completions"
"24462",2014-03-01,"Mar 2014","All",914,"Scss","Completions"
"24462",2014-04-01,"Apr 2014","Single",203,"Scss","Completions"
"24462",2014-04-01,"Apr 2014","Semi-Detached",40,"Scss","Completions"
"24462",2014-04-01,"Apr 2014","Row",86,"Scss","Completions"
"24462",2014-04-01,"Apr 2014","Apartment",678,"Scss","Completions"
"24462",2014-04-01,"Apr 2014","All",1007,"Scss","Completions"
"24462",2014-05-01,"May 2014","Single",219,"Scss","Completions"
"24462",2014-05-01,"May 2014","Semi-Detached",48,"Scss","Completions"
"24462",2014-05-01,"May 2014","Row",54,"Scss","Completions"
"24462",2014-05-01,"May 2014","Apartment",1213,"Scss","Completions"
"24462",2014-05-01,"May 2014","All",1534,"Scss","Completions"
"24462",2014-06-01,"Jun 2014","Single",304,"Scss","Completions"
"24462",2014-06-01,"Jun 2014","Semi-Detached",92,"Scss","Completions"
"24462",2014-06-01,"Jun 2014","Row",48,"Scss","Completions"
"24462",2014-06-01,"Jun 2014","Apartment",1708,"Scss","Completions"
"24462",2014-06-01,"Jun 2014","All",2152,"Scss","Completions"
"24462",2014-07-01,"Jul 2014","Single",551,"Scss","Completions"
"24462",2014-07-01,"Jul 2014","Semi-Detached",184,"Scss","Completions"
"24462",2014-07-01,"Jul 2014","Row",101,"Scss","Completions"
"24462",2014-07-01,"Jul 2014","Apartment",1925,"Scss","Completions"
"24462",2014-07-01,"Jul 2014","All",2761,"Scss","Completions"
"24462",2014-08-01,"Aug 2014","Single",212,"Scss","Completions"
"24462",2014-08-01,"Aug 2014","Semi-Detached",52,"Scss","Completions"
"24462",2014-08-01,"Aug 2014","Row",71,"Scss","Completions"
"24462",2014-08-01,"Aug 2014","Apartment",1799,"Scss","Completions"
"24462",2014-08-01,"Aug 2014","All",2134,"Scss","Completions"
"24462",2014-09-01,"Sep 2014","Single",330,"Scss","Completions"
"24462",2014-09-01,"Sep 2014","Semi-Detached",80,"Scss","Completions"
"24462",2014-09-01,"Sep 2014","Row",133,"Scss","Completions"
"24462",2014-09-01,"Sep 2014","Apartment",1461,"Scss","Completions"
"24462",2014-09-01,"Sep 2014","All",2004,"Scss","Completions"
"24462",2014-10-01,"Oct 2014","Single",267,"Scss","Completions"
"24462",2014-10-01,"Oct 2014","Semi-Detached",94,"Scss","Completions"
"24462",2014-10-01,"Oct 2014","Row",40,"Scss","Completions"
"24462",2014-10-01,"Oct 2014","Apartment",1258,"Scss","Completions"
"24462",2014-10-01,"Oct 2014","All",1659,"Scss","Completions"
"24462",2014-11-01,"Nov 2014","Single",239,"Scss","Completions"
"24462",2014-11-01,"Nov 2014","Semi-Detached",65,"Scss","Completions"
"24462",2014-11-01,"Nov 2014","Row",47,"Scss","Completions"
"24462",2014-11-01,"Nov 2014","Apartment",808,"Scss","Completions"
"24462",2014-11-01,"Nov 2014","All",1159,"Scss","Completions"
"24462",2014-12-01,"Dec 2014","Single",231,"Scss","Completions"
"24462",2014-12-01,"Dec 2014","Semi-Detached",48,"Scss","Completions"
"24462",2014-12-01,"Dec 2014","Row",81,"Scss","Completions"
"24462",2014-12-01,"Dec 2014","Apartment",1627,"Scss","Completions"
"24462",2014-12-01,"Dec 2014","All",1987,"Scss","Completions"
"24462",2015-01-01,"Jan 2015","Single",239,"Scss","Completions"
"24462",2015-01-01,"Jan 2015","Semi-Detached",48,"Scss","Completions"
"24462",2015-01-01,"Jan 2015","Row",49,"Scss","Completions"
"24462",2015-01-01,"Jan 2015","Apartment",1016,"Scss","Completions"
"24462",2015-01-01,"Jan 2015","All",1352,"Scss","Completions"
"24462",2015-02-01,"Feb 2015","Single",167,"Scss","Completions"
"24462",2015-02-01,"Feb 2015","Semi-Detached",28,"Scss","Completions"
"24462",2015-02-01,"Feb 2015","Row",43,"Scss","Completions"
"24462",2015-02-01,"Feb 2015","Apartment",674,"Scss","Completions"
"24462",2015-02-01,"Feb 2015","All",912,"Scss","Completions"
"24462",2015-03-01,"Mar 2015","Single",223,"Scss","Completions"
"24462",2015-03-01,"Mar 2015","Semi-Detached",42,"Scss","Completions"
"24462",2015-03-01,"Mar 2015","Row",46,"Scss","Completions"
"24462",2015-03-01,"Mar 2015","Apartment",667,"Scss","Completions"
"24462",2015-03-01,"Mar 2015","All",978,"Scss","Completions"
"24462",2015-04-01,"Apr 2015","Single",141,"Scss","Completions"
"24462",2015-04-01,"Apr 2015","Semi-Detached",40,"Scss","Completions"
"24462",2015-04-01,"Apr 2015","Row",94,"Scss","Completions"
"24462",2015-04-01,"Apr 2015","Apartment",345,"Scss","Completions"
"24462",2015-04-01,"Apr 2015","All",620,"Scss","Completions"
"24462",2015-05-01,"May 2015","Single",206,"Scss","Completions"
"24462",2015-05-01,"May 2015","Semi-Detached",50,"Scss","Completions"
"24462",2015-05-01,"May 2015","Row",86,"Scss","Completions"
"24462",2015-05-01,"May 2015","Apartment",440,"Scss","Completions"
"24462",2015-05-01,"May 2015","All",782,"Scss","Completions"
"24462",2015-06-01,"Jun 2015","Single",254,"Scss","Completions"
"24462",2015-06-01,"Jun 2015","Semi-Detached",66,"Scss","Completions"
"24462",2015-06-01,"Jun 2015","Row",82,"Scss","Completions"
"24462",2015-06-01,"Jun 2015","Apartment",1056,"Scss","Completions"
"24462",2015-06-01,"Jun 2015","All",1458,"Scss","Completions"
"24462",2015-07-01,"Jul 2015","Single",290,"Scss","Completions"
"24462",2015-07-01,"Jul 2015","Semi-Detached",104,"Scss","Completions"
"24462",2015-07-01,"Jul 2015","Row",175,"Scss","Completions"
"24462",2015-07-01,"Jul 2015","Apartment",1779,"Scss","Completions"
"24462",2015-07-01,"Jul 2015","All",2348,"Scss","Completions"
"24462",2015-08-01,"Aug 2015","Single",211,"Scss","Completions"
"24462",2015-08-01,"Aug 2015","Semi-Detached",52,"Scss","Completions"
"24462",2015-08-01,"Aug 2015","Row",152,"Scss","Completions"
"24462",2015-08-01,"Aug 2015","Apartment",834,"Scss","Completions"
"24462",2015-08-01,"Aug 2015","All",1249,"Scss","Completions"
"24462",2015-09-01,"Sep 2015","Single",289,"Scss","Completions"
"24462",2015-09-01,"Sep 2015","Semi-Detached",60,"Scss","Completions"
"24462",2015-09-01,"Sep 2015","Row",65,"Scss","Completions"
"24462",2015-09-01,"Sep 2015","Apartment",841,"Scss","Completions"
"24462",2015-09-01,"Sep 2015","All",1255,"Scss","Completions"
"24462",2015-10-01,"Oct 2015","Single",263,"Scss","Completions"
"24462",2015-10-01,"Oct 2015","Semi-Detached",44,"Scss","Completions"
"24462",2015-10-01,"Oct 2015","Row",44,"Scss","Completions"
"24462",2015-10-01,"Oct 2015","Apartment",879,"Scss","Completions"
"24462",2015-10-01,"Oct 2015","All",1230,"Scss","Completions"
"24462",2015-11-01,"Nov 2015","Single",300,"Scss","Completions"
"24462",2015-11-01,"Nov 2015","Semi-Detached",80,"Scss","Completions"
"24462",2015-11-01,"Nov 2015","Row",50,"Scss","Completions"
"24462",2015-11-01,"Nov 2015","Apartment",1443,"Scss","Completions"
"24462",2015-11-01,"Nov 2015","All",1873,"Scss","Completions"
"24462",2015-12-01,"Dec 2015","Single",261,"Scss","Completions"
"24462",2015-12-01,"Dec 2015","Semi-Detached",82,"Scss","Completions"
"24462",2015-12-01,"Dec 2015","Row",44,"Scss","Completions"
"24462",2015-12-01,"Dec 2015","Apartment",879,"Scss","Completions"
"24462",2015-12-01,"Dec 2015","All",1266,"Scss","Completions"
"24462",2016-01-01,"Jan 2016","Single",154,"Scss","Completions"
"24462",2016-01-01,"Jan 2016","Semi-Detached",22,"Scss","Completions"
"24462",2016-01-01,"Jan 2016","Row",33,"Scss","Completions"
"24462",2016-01-01,"Jan 2016","Apartment",545,"Scss","Completions"
"24462",2016-01-01,"Jan 2016","All",754,"Scss","Completions"
"24462",2016-02-01,"Feb 2016","Single",162,"Scss","Completions"
"24462",2016-02-01,"Feb 2016","Semi-Detached",24,"Scss","Completions"
"24462",2016-02-01,"Feb 2016","Row",53,"Scss","Completions"
"24462",2016-02-01,"Feb 2016","Apartment",1245,"Scss","Completions"
"24462",2016-02-01,"Feb 2016","All",1484,"Scss","Completions"
"24462",2016-03-01,"Mar 2016","Single",152,"Scss","Completions"
"24462",2016-03-01,"Mar 2016","Semi-Detached",42,"Scss","Completions"
"24462",2016-03-01,"Mar 2016","Row",40,"Scss","Completions"
"24462",2016-03-01,"Mar 2016","Apartment",630,"Scss","Completions"
"24462",2016-03-01,"Mar 2016","All",864,"Scss","Completions"
"24462",2016-04-01,"Apr 2016","Single",144,"Scss","Completions"
"24462",2016-04-01,"Apr 2016","Semi-Detached",60,"Scss","Completions"
"24462",2016-04-01,"Apr 2016","Row",63,"Scss","Completions"
"24462",2016-04-01,"Apr 2016","Apartment",628,"Scss","Completions"
"24462",2016-04-01,"Apr 2016","All",895,"Scss","Completions"
"24462",2016-05-01,"May 2016","Single",179,"Scss","Completions"
"24462",2016-05-01,"May 2016","Semi-Detached",74,"Scss","Completions"
"24462",2016-05-01,"May 2016","Row",105,"Scss","Completions"
"24462",2016-05-01,"May 2016","Apartment",1696,"Scss","Completions"
"24462",2016-05-01,"May 2016","All",2054,"Scss","Completions"
"24462",2016-06-01,"Jun 2016","Single",319,"Scss","Completions"
"24462",2016-06-01,"Jun 2016","Semi-Detached",90,"Scss","Completions"
"24462",2016-06-01,"Jun 2016","Row",142,"Scss","Completions"
"24462",2016-06-01,"Jun 2016","Apartment",2415,"Scss","Completions"
"24462",2016-06-01,"Jun 2016","All",2966,"Scss","Completions"
"24462",2016-07-01,"Jul 2016","Single",262,"Scss","Completions"
"24462",2016-07-01,"Jul 2016","Semi-Detached",104,"Scss","Completions"
"24462",2016-07-01,"Jul 2016","Row",165,"Scss","Completions"
"24462",2016-07-01,"Jul 2016","Apartment",2171,"Scss","Completions"
"24462",2016-07-01,"Jul 2016","All",2702,"Scss","Completions"
"24462",2016-08-01,"Aug 2016","Single",224,"Scss","Completions"
"24462",2016-08-01,"Aug 2016","Semi-Detached",72,"Scss","Completions"
"24462",2016-08-01,"Aug 2016","Row",93,"Scss","Completions"
"24462",2016-08-01,"Aug 2016","Apartment",477,"Scss","Completions"
"24462",2016-08-01,"Aug 2016","All",866,"Scss","Completions"
"24462",2016-09-01,"Sep 2016","Single",284,"Scss","Completions"
"24462",2016-09-01,"Sep 2016","Semi-Detached",64,"Scss","Completions"
"24462",2016-09-01,"Sep 2016","Row",111,"Scss","Completions"
"24462",2016-09-01,"Sep 2016","Apartment",1148,"Scss","Completions"
"24462",2016-09-01,"Sep 2016","All",1607,"Scss","Completions"
"24462",2016-10-01,"Oct 2016","Single",235,"Scss","Completions"
"24462",2016-10-01,"Oct 2016","Semi-Detached",76,"Scss","Completions"
"24462",2016-10-01,"Oct 2016","Row",109,"Scss","Completions"
"24462",2016-10-01,"Oct 2016","Apartment",1210,"Scss","Completions"
"24462",2016-10-01,"Oct 2016","All",1630,"Scss","Completions"
"24462",2016-11-01,"Nov 2016","Single",222,"Scss","Completions"
"24462",2016-11-01,"Nov 2016","Semi-Detached",70,"Scss","Completions"
"24462",2016-11-01,"Nov 2016","Row",150,"Scss","Completions"
"24462",2016-11-01,"Nov 2016","Apartment",1683,"Scss","Completions"
"24462",2016-11-01,"Nov 2016","All",2125,"Scss","Completions"
"24462",2016-12-01,"Dec 2016","Single",280,"Scss","Completions"
"24462",2016-12-01,"Dec 2016","Semi-Detached",68,"Scss","Completions"
"24462",2016-12-01,"Dec 2016","Row",73,"Scss","Completions"
"24462",2016-12-01,"Dec 2016","Apartment",1202,"Scss","Completions"
"24462",2016-12-01,"Dec 2016","All",1623,"Scss","Completions"
"24462",2017-01-01,"Jan 2017","Single",158,"Scss","Completions"
"24462",2017-01-01,"Jan 2017","Semi-Detached",36,"Scss","Completions"
"24462",2017-01-01,"Jan 2017","Row",72,"Scss","Completions"
"24462",2017-01-01,"Jan 2017","Apartment",220,"Scss","Completions"
"24462",2017-01-01,"Jan 2017","All",486,"Scss","Completions"
"24462",2017-02-01,"Feb 2017","Single",176,"Scss","Completions"
"24462",2017-02-01,"Feb 2017","Semi-Detached",52,"Scss","Completions"
"24462",2017-02-01,"Feb 2017","Row",72,"Scss","Completions"
"24462",2017-02-01,"Feb 2017","Apartment",874,"Scss","Completions"
"24462",2017-02-01,"Feb 2017","All",1174,"Scss","Completions"
"24462",2017-03-01,"Mar 2017","Single",178,"Scss","Completions"
"24462",2017-03-01,"Mar 2017","Semi-Detached",36,"Scss","Completions"
"24462",2017-03-01,"Mar 2017","Row",54,"Scss","Completions"
"24462",2017-03-01,"Mar 2017","Apartment",300,"Scss","Completions"
"24462",2017-03-01,"Mar 2017","All",568,"Scss","Completions"
"24462",2017-04-01,"Apr 2017","Single",172,"Scss","Completions"
"24462",2017-04-01,"Apr 2017","Semi-Detached",64,"Scss","Completions"
"24462",2017-04-01,"Apr 2017","Row",103,"Scss","Completions"
"24462",2017-04-01,"Apr 2017","Apartment",1070,"Scss","Completions"
"24462",2017-04-01,"Apr 2017","All",1409,"Scss","Completions"
"24462",2017-05-01,"May 2017","Single",183,"Scss","Completions"
"24462",2017-05-01,"May 2017","Semi-Detached",70,"Scss","Completions"
"24462",2017-05-01,"May 2017","Row",95,"Scss","Completions"
"24462",2017-05-01,"May 2017","Apartment",1406,"Scss","Completions"
"24462",2017-05-01,"May 2017","All",1754,"Scss","Completions"
"24462",2017-06-01,"Jun 2017","Single",235,"Scss","Completions"
"24462",2017-06-01,"Jun 2017","Semi-Detached",98,"Scss","Completions"
"24462",2017-06-01,"Jun 2017","Row",132,"Scss","Completions"
"24462",2017-06-01,"Jun 2017","Apartment",1168,"Scss","Completions"
"24462",2017-06-01,"Jun 2017","All",1633,"Scss","Completions"
"24462",2017-07-01,"Jul 2017","Single",299,"Scss","Completions"
"24462",2017-07-01,"Jul 2017","Semi-Detached",120,"Scss","Completions"
"24462",2017-07-01,"Jul 2017","Row",247,"Scss","Completions"
"24462",2017-07-01,"Jul 2017","Apartment",2573,"Scss","Completions"
"24462",2017-07-01,"Jul 2017","All",3239,"Scss","Completions"
"24462",2017-08-01,"Aug 2017","Single",256,"Scss","Completions"
"24462",2017-08-01,"Aug 2017","Semi-Detached",62,"Scss","Completions"
"24462",2017-08-01,"Aug 2017","Row",161,"Scss","Completions"
"24462",2017-08-01,"Aug 2017","Apartment",2301,"Scss","Completions"
"24462",2017-08-01,"Aug 2017","All",2780,"Scss","Completions"
"24462",2017-09-01,"Sep 2017","Single",278,"Scss","Completions"
"24462",2017-09-01,"Sep 2017","Semi-Detached",68,"Scss","Completions"
"24462",2017-09-01,"Sep 2017","Row",102,"Scss","Completions"
"24462",2017-09-01,"Sep 2017","Apartment",1096,"Scss","Completions"
"24462",2017-09-01,"Sep 2017","All",1544,"Scss","Completions"
"24462",2017-10-01,"Oct 2017","Single",222,"Scss","Completions"
"24462",2017-10-01,"Oct 2017","Semi-Detached",80,"Scss","Completions"
"24462",2017-10-01,"Oct 2017","Row",138,"Scss","Completions"
"24462",2017-10-01,"Oct 2017","Apartment",1643,"Scss","Completions"
"24462",2017-10-01,"Oct 2017","All",2083,"Scss","Completions"
"24462",2017-11-01,"Nov 2017","Single",259,"Scss","Completions"
"24462",2017-11-01,"Nov 2017","Semi-Detached",62,"Scss","Completions"
"24462",2017-11-01,"Nov 2017","Row",82,"Scss","Completions"
"24462",2017-11-01,"Nov 2017","Apartment",1538,"Scss","Completions"
"24462",2017-11-01,"Nov 2017","All",1941,"Scss","Completions"
"24462",2017-12-01,"Dec 2017","Single",265,"Scss","Completions"
"24462",2017-12-01,"Dec 2017","Semi-Detached",82,"Scss","Completions"
"24462",2017-12-01,"Dec 2017","Row",90,"Scss","Completions"
"24462",2017-12-01,"Dec 2017","Apartment",1510,"Scss","Completions"
"24462",2017-12-01,"Dec 2017","All",1947,"Scss","Completions"
"24462",2018-01-01,"Jan 2018","Single",201,"Scss","Completions"
"24462",2018-01-01,"Jan 2018","Semi-Detached",52,"Scss","Completions"
"24462",2018-01-01,"Jan 2018","Row",94,"Scss","Completions"
"24462",2018-01-01,"Jan 2018","Apartment",976,"Scss","Completions"
"24462",2018-01-01,"Jan 2018","All",1323,"Scss","Completions"
"24462",2018-02-01,"Feb 2018","Single",175,"Scss","Completions"
"24462",2018-02-01,"Feb 2018","Semi-Detached",44,"Scss","Completions"
"24462",2018-02-01,"Feb 2018","Row",49,"Scss","Completions"
"24462",2018-02-01,"Feb 2018","Apartment",1104,"Scss","Completions"
"24462",2018-02-01,"Feb 2018","All",1372,"Scss","Completions"
"24462",2018-03-01,"Mar 2018","Single",152,"Scss","Completions"
"24462",2018-03-01,"Mar 2018","Semi-Detached",34,"Scss","Completions"
"24462",2018-03-01,"Mar 2018","Row",80,"Scss","Completions"
"24462",2018-03-01,"Mar 2018","Apartment",582,"Scss","Completions"
"24462",2018-03-01,"Mar 2018","All",848,"Scss","Completions"
"24462",2018-04-01,"Apr 2018","Single",165,"Scss","Completions"
"24462",2018-04-01,"Apr 2018","Semi-Detached",56,"Scss","Completions"
"24462",2018-04-01,"Apr 2018","Row",85,"Scss","Completions"
"24462",2018-04-01,"Apr 2018","Apartment",785,"Scss","Completions"
"24462",2018-04-01,"Apr 2018","All",1091,"Scss","Completions"
"24462",2018-05-01,"May 2018","Single",209,"Scss","Completions"
"24462",2018-05-01,"May 2018","Semi-Detached",82,"Scss","Completions"
"24462",2018-05-01,"May 2018","Row",189,"Scss","Completions"
"24462",2018-05-01,"May 2018","Apartment",1383,"Scss","Completions"
"24462",2018-05-01,"May 2018","All",1863,"Scss","Completions"
"24462",2018-06-01,"Jun 2018","Single",228,"Scss","Completions"
"24462",2018-06-01,"Jun 2018","Semi-Detached",96,"Scss","Completions"
"24462",2018-06-01,"Jun 2018","Row",192,"Scss","Completions"
"24462",2018-06-01,"Jun 2018","Apartment",2022,"Scss","Completions"
"24462",2018-06-01,"Jun 2018","All",2538,"Scss","Completions"
"24462",2018-07-01,"Jul 2018","Single",287,"Scss","Completions"
"24462",2018-07-01,"Jul 2018","Semi-Detached",120,"Scss","Completions"
"24462",2018-07-01,"Jul 2018","Row",161,"Scss","Completions"
"24462",2018-07-01,"Jul 2018","Apartment",2827,"Scss","Completions"
"24462",2018-07-01,"Jul 2018","All",3395,"Scss","Completions"
"24462",2018-08-01,"Aug 2018","Single",181,"Scss","Completions"
"24462",2018-08-01,"Aug 2018","Semi-Detached",92,"Scss","Completions"
"24462",2018-08-01,"Aug 2018","Row",107,"Scss","Completions"
"24462",2018-08-01,"Aug 2018","Apartment",1003,"Scss","Completions"
"24462",2018-08-01,"Aug 2018","All",1383,"Scss","Completions"
"24462",2018-09-01,"Sep 2018","Single",268,"Scss","Completions"
"24462",2018-09-01,"Sep 2018","Semi-Detached",84,"Scss","Completions"
"24462",2018-09-01,"Sep 2018","Row",126,"Scss","Completions"
"24462",2018-09-01,"Sep 2018","Apartment",1245,"Scss","Completions"
"24462",2018-09-01,"Sep 2018","All",1723,"Scss","Completions"
"24462",2018-10-01,"Oct 2018","Single",228,"Scss","Completions"
"24462",2018-10-01,"Oct 2018","Semi-Detached",60,"Scss","Completions"
"24462",2018-10-01,"Oct 2018","Row",90,"Scss","Completions"
"24462",2018-10-01,"Oct 2018","Apartment",1184,"Scss","Completions"
"24462",2018-10-01,"Oct 2018","All",1562,"Scss","Completions"
"24462",2018-11-01,"Nov 2018","Single",224,"Scss","Completions"
"24462",2018-11-01,"Nov 2018","Semi-Detached",46,"Scss","Completions"
"24462",2018-11-01,"Nov 2018","Row",113,"Scss","Completions"
"24462",2018-11-01,"Nov 2018","Apartment",1553,"Scss","Completions"
"24462",2018-11-01,"Nov 2018","All",1936,"Scss","Completions"
"24462",2018-12-01,"Dec 2018","Single",231,"Scss","Completions"
"24462",2018-12-01,"Dec 2018","Semi-Detached",44,"Scss","Completions"
"24462",2018-12-01,"Dec 2018","Row",134,"Scss","Completions"
"24462",2018-12-01,"Dec 2018","Apartment",2207,"Scss","Completions"
"24462",2018-12-01,"Dec 2018","All",2616,"Scss","Completions"
"24462",2019-01-01,"Jan 2019","Single",152,"Scss","Completions"
"24462",2019-01-01,"Jan 2019","Semi-Detached",38,"Scss","Completions"
"24462",2019-01-01,"Jan 2019","Row",54,"Scss","Completions"
"24462",2019-01-01,"Jan 2019","Apartment",1490,"Scss","Completions"
"24462",2019-01-01,"Jan 2019","All",1734,"Scss","Completions"
"24462",2019-02-01,"Feb 2019","Single",165,"Scss","Completions"
"24462",2019-02-01,"Feb 2019","Semi-Detached",34,"Scss","Completions"
"24462",2019-02-01,"Feb 2019","Row",67,"Scss","Completions"
"24462",2019-02-01,"Feb 2019","Apartment",892,"Scss","Completions"
"24462",2019-02-01,"Feb 2019","All",1158,"Scss","Completions"
"24462",2019-03-01,"Mar 2019","Single",141,"Scss","Completions"
"24462",2019-03-01,"Mar 2019","Semi-Detached",36,"Scss","Completions"
"24462",2019-03-01,"Mar 2019","Row",105,"Scss","Completions"
"24462",2019-03-01,"Mar 2019","Apartment",489,"Scss","Completions"
"24462",2019-03-01,"Mar 2019","All",771,"Scss","Completions"
"24462",2019-04-01,"Apr 2019","Single",145,"Scss","Completions"
"24462",2019-04-01,"Apr 2019","Semi-Detached",57,"Scss","Completions"
"24462",2019-04-01,"Apr 2019","Row",73,"Scss","Completions"
"24462",2019-04-01,"Apr 2019","Apartment",1585,"Scss","Completions"
"24462",2019-04-01,"Apr 2019","All",1860,"Scss","Completions"
"24462",2019-05-01,"May 2019","Single",171,"Scss","Completions"
"24462",2019-05-01,"May 2019","Semi-Detached",54,"Scss","Completions"
"24462",2019-05-01,"May 2019","Row",86,"Scss","Completions"
"24462",2019-05-01,"May 2019","Apartment",1531,"Scss","Completions"
"24462",2019-05-01,"May 2019","All",1842,"Scss","Completions"
"24462",2019-06-01,"Jun 2019","Single",253,"Scss","Completions"
"24462",2019-06-01,"Jun 2019","Semi-Detached",94,"Scss","Completions"
"24462",2019-06-01,"Jun 2019","Row",179,"Scss","Completions"
"24462",2019-06-01,"Jun 2019","Apartment",1952,"Scss","Completions"
"24462",2019-06-01,"Jun 2019","All",2478,"Scss","Completions"
"24462",2019-07-01,"Jul 2019","Single",267,"Scss","Completions"
"24462",2019-07-01,"Jul 2019","Semi-Detached",120,"Scss","Completions"
"24462",2019-07-01,"Jul 2019","Row",177,"Scss","Completions"
"24462",2019-07-01,"Jul 2019","Apartment",3146,"Scss","Completions"
"24462",2019-07-01,"Jul 2019","All",3710,"Scss","Completions"
"24462",2019-08-01,"Aug 2019","Single",230,"Scss","Completions"
"24462",2019-08-01,"Aug 2019","Semi-Detached",90,"Scss","Completions"
"24462",2019-08-01,"Aug 2019","Row",118,"Scss","Completions"
"24462",2019-08-01,"Aug 2019","Apartment",2250,"Scss","Completions"
"24462",2019-08-01,"Aug 2019","All",2688,"Scss","Completions"
"24462",2019-09-01,"Sep 2019","Single",241,"Scss","Completions"
"24462",2019-09-01,"Sep 2019","Semi-Detached",60,"Scss","Completions"
"24462",2019-09-01,"Sep 2019","Row",101,"Scss","Completions"
"24462",2019-09-01,"Sep 2019","Apartment",1736,"Scss","Completions"
"24462",2019-09-01,"Sep 2019","All",2138,"Scss","Completions"
"24462",2019-10-01,"Oct 2019","Single",219,"Scss","Completions"
"24462",2019-10-01,"Oct 2019","Semi-Detached",67,"Scss","Completions"
"24462",2019-10-01,"Oct 2019","Row",113,"Scss","Completions"
"24462",2019-10-01,"Oct 2019","Apartment",1053,"Scss","Completions"
"24462",2019-10-01,"Oct 2019","All",1452,"Scss","Completions"
"24462",2019-11-01,"Nov 2019","Single",210,"Scss","Completions"
"24462",2019-11-01,"Nov 2019","Semi-Detached",76,"Scss","Completions"
"24462",2019-11-01,"Nov 2019","Row",98,"Scss","Completions"
"24462",2019-11-01,"Nov 2019","Apartment",981,"Scss","Completions"
"24462",2019-11-01,"Nov 2019","All",1365,"Scss","Completions"
"24462",2019-12-01,"Dec 2019","Single",196,"Scss","Completions"
"24462",2019-12-01,"Dec 2019","Semi-Detached",50,"Scss","Completions"
"24462",2019-12-01,"Dec 2019","Row",117,"Scss","Completions"
"24462",2019-12-01,"Dec 2019","Apartment",1465,"Scss","Completions"
"24462",2019-12-01,"Dec 2019","All",1828,"Scss","Completions"
"24462",2020-01-01,"Jan 2020","Single",196,"Scss","Completions"
"24462",2020-01-01,"Jan 2020","Semi-Detached",82,"Scss","Completions"
"24462",2020-01-01,"Jan 2020","Row",57,"Scss","Completions"
"24462",2020-01-01,"Jan 2020","Apartment",1198,"Scss","Completions"
"24462",2020-01-01,"Jan 2020","All",1533,"Scss","Completions"
"24462",2020-02-01,"Feb 2020","Single",134,"Scss","Completions"
"24462",2020-02-01,"Feb 2020","Semi-Detached",40,"Scss","Completions"
"24462",2020-02-01,"Feb 2020","Row",92,"Scss","Completions"
"24462",2020-02-01,"Feb 2020","Apartment",1254,"Scss","Completions"
"24462",2020-02-01,"Feb 2020","All",1520,"Scss","Completions"
"24462",2020-03-01,"Mar 2020","Single",148,"Scss","Completions"
"24462",2020-03-01,"Mar 2020","Semi-Detached",56,"Scss","Completions"
"24462",2020-03-01,"Mar 2020","Row",73,"Scss","Completions"
"24462",2020-03-01,"Mar 2020","Apartment",1382,"Scss","Completions"
"24462",2020-03-01,"Mar 2020","All",1659,"Scss","Completions"
"24462",2020-04-01,"Apr 2020","Single",3,"Scss","Completions"
"24462",2020-04-01,"Apr 2020","Semi-Detached",4,"Scss","Completions"
"24462",2020-04-01,"Apr 2020","Row",18,"Scss","Completions"
"24462",2020-04-01,"Apr 2020","Apartment",257,"Scss","Completions"
"24462",2020-04-01,"Apr 2020","All",282,"Scss","Completions"
"24462",2020-05-01,"May 2020","Single",286,"Scss","Completions"
"24462",2020-05-01,"May 2020","Semi-Detached",94,"Scss","Completions"
"24462",2020-05-01,"May 2020","Row",137,"Scss","Completions"
"24462",2020-05-01,"May 2020","Apartment",1745,"Scss","Completions"
"24462",2020-05-01,"May 2020","All",2262,"Scss","Completions"
"24462",2020-06-01,"Jun 2020","Single",197,"Scss","Completions"
"24462",2020-06-01,"Jun 2020","Semi-Detached",54,"Scss","Completions"
"24462",2020-06-01,"Jun 2020","Row",137,"Scss","Completions"
"24462",2020-06-01,"Jun 2020","Apartment",1393,"Scss","Completions"
"24462",2020-06-01,"Jun 2020","All",1781,"Scss","Completions"
"24462",2020-07-01,"Jul 2020","Single",218,"Scss","Completions"
"24462",2020-07-01,"Jul 2020","Semi-Detached",90,"Scss","Completions"
"24462",2020-07-01,"Jul 2020","Row",174,"Scss","Completions"
"24462",2020-07-01,"Jul 2020","Apartment",3167,"Scss","Completions"
"24462",2020-07-01,"Jul 2020","All",3649,"Scss","Completions"
"24462",2020-08-01,"Aug 2020","Single",229,"Scss","Completions"
"24462",2020-08-01,"Aug 2020","Semi-Detached",62,"Scss","Completions"
"24462",2020-08-01,"Aug 2020","Row",85,"Scss","Completions"
"24462",2020-08-01,"Aug 2020","Apartment",2181,"Scss","Completions"
"24462",2020-08-01,"Aug 2020","All",2557,"Scss","Completions"
"24462",2020-09-01,"Sep 2020","Single",226,"Scss","Completions"
"24462",2020-09-01,"Sep 2020","Semi-Detached",100,"Scss","Completions"
"24462",2020-09-01,"Sep 2020","Row",167,"Scss","Completions"
"24462",2020-09-01,"Sep 2020","Apartment",1817,"Scss","Completions"
"24462",2020-09-01,"Sep 2020","All",2310,"Scss","Completions"
"24462",2020-10-01,"Oct 2020","Single",219,"Scss","Completions"
"24462",2020-10-01,"Oct 2020","Semi-Detached",62,"Scss","Completions"
"24462",2020-10-01,"Oct 2020","Row",135,"Scss","Completions"
"24462",2020-10-01,"Oct 2020","Apartment",1017,"Scss","Completions"
"24462",2020-10-01,"Oct 2020","All",1433,"Scss","Completions"
"24462",2020-11-01,"Nov 2020","Single",212,"Scss","Completions"
"24462",2020-11-01,"Nov 2020","Semi-Detached",50,"Scss","Completions"
"24462",2020-11-01,"Nov 2020","Row",146,"Scss","Completions"
"24462",2020-11-01,"Nov 2020","Apartment",1558,"Scss","Completions"
"24462",2020-11-01,"Nov 2020","All",1966,"Scss","Completions"
"24462",2020-12-01,"Dec 2020","Single",239,"Scss","Completions"
"24462",2020-12-01,"Dec 2020","Semi-Detached",55,"Scss","Completions"
"24462",2020-12-01,"Dec 2020","Row",68,"Scss","Completions"
"24462",2020-12-01,"Dec 2020","Apartment",3062,"Scss","Completions"
"24462",2020-12-01,"Dec 2020","All",3424,"Scss","Completions"
"24462",2021-01-01,"Jan 2021","Single",231,"Scss","Completions"
"24462",2021-01-01,"Jan 2021","Semi-Detached",66,"Scss","Completions"
"24462",2021-01-01,"Jan 2021","Row",83,"Scss","Completions"
"24462",2021-01-01,"Jan 2021","Apartment",826,"Scss","Completions"
"24462",2021-01-01,"Jan 2021","All",1206,"Scss","Completions"
"24462",2021-02-01,"Feb 2021","Single",170,"Scss","Completions"
"24462",2021-02-01,"Feb 2021","Semi-Detached",60,"Scss","Completions"
"24462",2021-02-01,"Feb 2021","Row",63,"Scss","Completions"
"24462",2021-02-01,"Feb 2021","Apartment",1014,"Scss","Completions"
"24462",2021-02-01,"Feb 2021","All",1307,"Scss","Completions"
"24462",2021-03-01,"Mar 2021","Single",185,"Scss","Completions"
"24462",2021-03-01,"Mar 2021","Semi-Detached",83,"Scss","Completions"
"24462",2021-03-01,"Mar 2021","Row",103,"Scss","Completions"
"24462",2021-03-01,"Mar 2021","Apartment",695,"Scss","Completions"
"24462",2021-03-01,"Mar 2021","All",1066,"Scss","Completions"
"24462",2021-04-01,"Apr 2021","Single",237,"Scss","Completions"
"24462",2021-04-01,"Apr 2021","Semi-Detached",50,"Scss","Completions"
"24462",2021-04-01,"Apr 2021","Row",145,"Scss","Completions"
"24462",2021-04-01,"Apr 2021","Apartment",1683,"Scss","Completions"
"24462",2021-04-01,"Apr 2021","All",2115,"Scss","Completions"
"24462",2021-05-01,"May 2021","Single",219,"Scss","Completions"
"24462",2021-05-01,"May 2021","Semi-Detached",68,"Scss","Completions"
"24462",2021-05-01,"May 2021","Row",60,"Scss","Completions"
"24462",2021-05-01,"May 2021","Apartment",1219,"Scss","Completions"
"24462",2021-05-01,"May 2021","All",1566,"Scss","Completions"
"24462",2021-06-01,"Jun 2021","Single",253,"Scss","Completions"
"24462",2021-06-01,"Jun 2021","Semi-Detached",60,"Scss","Completions"
"24462",2021-06-01,"Jun 2021","Row",188,"Scss","Completions"
"24462",2021-06-01,"Jun 2021","Apartment",2943,"Scss","Completions"
"24462",2021-06-01,"Jun 2021","All",3444,"Scss","Completions"
"24462",2021-07-01,"Jul 2021","Single",281,"Scss","Completions"
"24462",2021-07-01,"Jul 2021","Semi-Detached",82,"Scss","Completions"
"24462",2021-07-01,"Jul 2021","Row",165,"Scss","Completions"
"24462",2021-07-01,"Jul 2021","Apartment",1397,"Scss","Completions"
"24462",2021-07-01,"Jul 2021","All",1925,"Scss","Completions"
"24462",2021-08-01,"Aug 2021","Single",242,"Scss","Completions"
"24462",2021-08-01,"Aug 2021","Semi-Detached",40,"Scss","Completions"
"24462",2021-08-01,"Aug 2021","Row",171,"Scss","Completions"
"24462",2021-08-01,"Aug 2021","Apartment",2468,"Scss","Completions"
"24462",2021-08-01,"Aug 2021","All",2921,"Scss","Completions"
"24462",2021-09-01,"Sep 2021","Single",240,"Scss","Completions"
"24462",2021-09-01,"Sep 2021","Semi-Detached",70,"Scss","Completions"
"24462",2021-09-01,"Sep 2021","Row",62,"Scss","Completions"
"24462",2021-09-01,"Sep 2021","Apartment",2512,"Scss","Completions"
"24462",2021-09-01,"Sep 2021","All",2884,"Scss","Completions"
"24462",2021-10-01,"Oct 2021","Single",265,"Scss","Completions"
"24462",2021-10-01,"Oct 2021","Semi-Detached",82,"Scss","Completions"
"24462",2021-10-01,"Oct 2021","Row",160,"Scss","Completions"
"24462",2021-10-01,"Oct 2021","Apartment",944,"Scss","Completions"
"24462",2021-10-01,"Oct 2021","All",1451,"Scss","Completions"
"24462",2021-11-01,"Nov 2021","Single",238,"Scss","Completions"
"24462",2021-11-01,"Nov 2021","Semi-Detached",58,"Scss","Completions"
"24462",2021-11-01,"Nov 2021","Row",137,"Scss","Completions"
"24462",2021-11-01,"Nov 2021","Apartment",701,"Scss","Completions"
"24462",2021-11-01,"Nov 2021","All",1134,"Scss","Completions"
"24462",2021-12-01,"Dec 2021","Single",208,"Scss","Completions"
"24462",2021-12-01,"Dec 2021","Semi-Detached",68,"Scss","Completions"
"24462",2021-12-01,"Dec 2021","Row",81,"Scss","Completions"
"24462",2021-12-01,"Dec 2021","Apartment",1846,"Scss","Completions"
"24462",2021-12-01,"Dec 2021","All",2203,"Scss","Completions"
"24462",2022-01-01,"Jan 2022","Single",210,"Scss","Completions"
"24462",2022-01-01,"Jan 2022","Semi-Detached",50,"Scss","Completions"
"24462",2022-01-01,"Jan 2022","Row",86,"Scss","Completions"
"24462",2022-01-01,"Jan 2022","Apartment",1968,"Scss","Completions"
"24462",2022-01-01,"Jan 2022","All",2314,"Scss","Completions"
"24462",2022-02-01,"Feb 2022","Single",148,"Scss","Completions"
"24462",2022-02-01,"Feb 2022","Semi-Detached",58,"Scss","Completions"
"24462",2022-02-01,"Feb 2022","Row",56,"Scss","Completions"
"24462",2022-02-01,"Feb 2022","Apartment",744,"Scss","Completions"
"24462",2022-02-01,"Feb 2022","All",1006,"Scss","Completions"
"24462",2022-03-01,"Mar 2022","Single",125,"Scss","Completions"
"24462",2022-03-01,"Mar 2022","Semi-Detached",56,"Scss","Completions"
"24462",2022-03-01,"Mar 2022","Row",70,"Scss","Completions"
"24462",2022-03-01,"Mar 2022","Apartment",1326,"Scss","Completions"
"24462",2022-03-01,"Mar 2022","All",1577,"Scss","Completions"
"24462",2022-04-01,"Apr 2022","Single",154,"Scss","Completions"
"24462",2022-04-01,"Apr 2022","Semi-Detached",48,"Scss","Completions"
"24462",2022-04-01,"Apr 2022","Row",98,"Scss","Completions"
"24462",2022-04-01,"Apr 2022","Apartment",1173,"Scss","Completions"
"24462",2022-04-01,"Apr 2022","All",1473,"Scss","Completions"
"24462",2022-05-01,"May 2022","Single",196,"Scss","Completions"
"24462",2022-05-01,"May 2022","Semi-Detached",66,"Scss","Completions"
"24462",2022-05-01,"May 2022","Row",94,"Scss","Completions"
"24462",2022-05-01,"May 2022","Apartment",2160,"Scss","Completions"
"24462",2022-05-01,"May 2022","All",2516,"Scss","Completions"
"24462",2022-06-01,"Jun 2022","Single",210,"Scss","Completions"
"24462",2022-06-01,"Jun 2022","Semi-Detached",56,"Scss","Completions"
"24462",2022-06-01,"Jun 2022","Row",143,"Scss","Completions"
"24462",2022-06-01,"Jun 2022","Apartment",1933,"Scss","Completions"
"24462",2022-06-01,"Jun 2022","All",2342,"Scss","Completions"
"24462",2022-07-01,"Jul 2022","Single",175,"Scss","Completions"
"24462",2022-07-01,"Jul 2022","Semi-Detached",68,"Scss","Completions"
"24462",2022-07-01,"Jul 2022","Row",114,"Scss","Completions"
"24462",2022-07-01,"Jul 2022","Apartment",1944,"Scss","Completions"
"24462",2022-07-01,"Jul 2022","All",2301,"Scss","Completions"
"24462",2022-08-01,"Aug 2022","Single",189,"Scss","Completions"
"24462",2022-08-01,"Aug 2022","Semi-Detached",54,"Scss","Completions"
"24462",2022-08-01,"Aug 2022","Row",94,"Scss","Completions"
"24462",2022-08-01,"Aug 2022","Apartment",2160,"Scss","Completions"
"24462",2022-08-01,"Aug 2022","All",2497,"Scss","Completions"
"24462",2022-09-01,"Sep 2022","Single",133,"Scss","Completions"
"24462",2022-09-01,"Sep 2022","Semi-Detached",46,"Scss","Completions"
"24462",2022-09-01,"Sep 2022","Row",63,"Scss","Completions"
"24462",2022-09-01,"Sep 2022","Apartment",1465,"Scss","Completions"
"24462",2022-09-01,"Sep 2022","All",1707,"Scss","Completions"
"24462",2022-10-01,"Oct 2022","Single",235,"Scss","Completions"
"24462",2022-10-01,"Oct 2022","Semi-Detached",54,"Scss","Completions"
"24462",2022-10-01,"Oct 2022","Row",120,"Scss","Completions"
"24462",2022-10-01,"Oct 2022","Apartment",2061,"Scss","Completions"
"24462",2022-10-01,"Oct 2022","All",2470,"Scss","Completions"
"24462",2022-11-01,"Nov 2022","Single",180,"Scss","Completions"
"24462",2022-11-01,"Nov 2022","Semi-Detached",42,"Scss","Completions"
"24462",2022-11-01,"Nov 2022","Row",99,"Scss","Completions"
"24462",2022-11-01,"Nov 2022","Apartment",1741,"Scss","Completions"
"24462",2022-11-01,"Nov 2022","All",2062,"Scss","Completions"
"24462",2022-12-01,"Dec 2022","Single",191,"Scss","Completions"
"24462",2022-12-01,"Dec 2022","Semi-Detached",46,"Scss","Completions"
"24462",2022-12-01,"Dec 2022","Row",105,"Scss","Completions"
"24462",2022-12-01,"Dec 2022","Apartment",3133,"Scss","Completions"
"24462",2022-12-01,"Dec 2022","All",3475,"Scss","Completions"
"24462",2023-01-01,"Jan 2023","Single",106,"Scss","Completions"
"24462",2023-01-01,"Jan 2023","Semi-Detached",28,"Scss","Completions"
"24462",2023-01-01,"Jan 2023","Row",62,"Scss","Completions"
"24462",2023-01-01,"Jan 2023","Apartment",1027,"Scss","Completions"
"24462",2023-01-01,"Jan 2023","All",1223,"Scss","Completions"
"24462",2023-02-01,"Feb 2023","Single",120,"Scss","Completions"
"24462",2023-02-01,"Feb 2023","Semi-Detached",18,"Scss","Completions"
"24462",2023-02-01,"Feb 2023","Row",76,"Scss","Completions"
"24462",2023-02-01,"Feb 2023","Apartment",1210,"Scss","Completions"
"24462",2023-02-01,"Feb 2023","All",1424,"Scss","Completions"
"24462",2023-03-01,"Mar 2023","Single",135,"Scss","Completions"
"24462",2023-03-01,"Mar 2023","Semi-Detached",36,"Scss","Completions"
"24462",2023-03-01,"Mar 2023","Row",59,"Scss","Completions"
"24462",2023-03-01,"Mar 2023","Apartment",1859,"Scss","Completions"
"24462",2023-03-01,"Mar 2023","All",2089,"Scss","Completions"
"24462",2023-04-01,"Apr 2023","Single",72,"Scss","Completions"
"24462",2023-04-01,"Apr 2023","Semi-Detached",30,"Scss","Completions"
"24462",2023-04-01,"Apr 2023","Row",52,"Scss","Completions"
"24462",2023-04-01,"Apr 2023","Apartment",1393,"Scss","Completions"
"24462",2023-04-01,"Apr 2023","All",1547,"Scss","Completions"
"24462",2023-05-01,"May 2023","Single",106,"Scss","Completions"
"24462",2023-05-01,"May 2023","Semi-Detached",8,"Scss","Completions"
"24462",2023-05-01,"May 2023","Row",27,"Scss","Completions"
"24462",2023-05-01,"May 2023","Apartment",1668,"Scss","Completions"
"24462",2023-05-01,"May 2023","All",1809,"Scss","Completions"
"24462",2023-06-01,"Jun 2023","Single",130,"Scss","Completions"
"24462",2023-06-01,"Jun 2023","Semi-Detached",22,"Scss","Completions"
"24462",2023-06-01,"Jun 2023","Row",73,"Scss","Completions"
"24462",2023-06-01,"Jun 2023","Apartment",1991,"Scss","Completions"
"24462",2023-06-01,"Jun 2023","All",2216,"Scss","Completions"
"24462",2023-07-01,"Jul 2023","Single",108,"Scss","Completions"
"24462",2023-07-01,"Jul 2023","Semi-Detached",42,"Scss","Completions"
"24462",2023-07-01,"Jul 2023","Row",57,"Scss","Completions"
"24462",2023-07-01,"Jul 2023","Apartment",1797,"Scss","Completions"
"24462",2023-07-01,"Jul 2023","All",2004,"Scss","Completions"
"24462",2023-08-01,"Aug 2023","Single",86,"Scss","Completions"
"24462",2023-08-01,"Aug 2023","Semi-Detached",16,"Scss","Completions"
"24462",2023-08-01,"Aug 2023","Row",23,"Scss","Completions"
"24462",2023-08-01,"Aug 2023","Apartment",1951,"Scss","Completions"
"24462",2023-08-01,"Aug 2023","All",2076,"Scss","Completions"
"24462",2023-09-01,"Sep 2023","Single",133,"Scss","Completions"
"24462",2023-09-01,"Sep 2023","Semi-Detached",32,"Scss","Completions"
"24462",2023-09-01,"Sep 2023","Row",48,"Scss","Completions"
"24462",2023-09-01,"Sep 2023","Apartment",1033,"Scss","Completions"
"24462",2023-09-01,"Sep 2023","All",1246,"Scss","Completions"
"24462",2023-10-01,"Oct 2023","Single",109,"Scss","Completions"
"24462",2023-10-01,"Oct 2023","Semi-Detached",14,"Scss","Completions"
"24462",2023-10-01,"Oct 2023","Row",8,"Scss","Completions"
"24462",2023-10-01,"Oct 2023","Apartment",1580,"Scss","Completions"
"24462",2023-10-01,"Oct 2023","All",1711,"Scss","Completions"
"24462",2023-11-01,"Nov 2023","Single",115,"Scss","Completions"
"24462",2023-11-01,"Nov 2023","Semi-Detached",22,"Scss","Completions"
"24462",2023-11-01,"Nov 2023","Row",24,"Scss","Completions"
"24462",2023-11-01,"Nov 2023","Apartment",1483,"Scss","Completions"
"24462",2023-11-01,"Nov 2023","All",1644,"Scss","Completions"
"24462",2023-12-01,"Dec 2023","Single",83,"Scss","Completions"
"24462",2023-12-01,"Dec 2023","Semi-Detached",16,"Scss","Completions"
"24462",2023-12-01,"Dec 2023","Row",22,"Scss","Completions"
"24462",2023-12-01,"Dec 2023","Apartment",1707,"Scss","Completions"
"24462",2023-12-01,"Dec 2023","All",1828,"Scss","Completions"
"24462",2024-01-01,"Jan 2024","Single",84,"Scss","Completions"
"24462",2024-01-01,"Jan 2024","Semi-Detached",16,"Scss","Completions"
"24462",2024-01-01,"Jan 2024","Row",18,"Scss","Completions"
"24462",2024-01-01,"Jan 2024","Apartment",1355,"Scss","Completions"
"24462",2024-01-01,"Jan 2024","All",1473,"Scss","Completions"
"24462",2024-02-01,"Feb 2024","Single",77,"Scss","Completions"
"24462",2024-02-01,"Feb 2024","Semi-Detached",22,"Scss","Completions"
"24462",2024-02-01,"Feb 2024","Row",39,"Scss","Completions"
"24462",2024-02-01,"Feb 2024","Apartment",1848,"Scss","Completions"
"24462",2024-02-01,"Feb 2024","All",1986,"Scss","Completions"
"24462",2024-03-01,"Mar 2024","Single",86,"Scss","Completions"
"24462",2024-03-01,"Mar 2024","Semi-Detached",16,"Scss","Completions"
"24462",2024-03-01,"Mar 2024","Row",58,"Scss","Completions"
"24462",2024-03-01,"Mar 2024","Apartment",1346,"Scss","Completions"
"24462",2024-03-01,"Mar 2024","All",1506,"Scss","Completions"
"24462",2024-04-01,"Apr 2024","Single",57,"Scss","Completions"
"24462",2024-04-01,"Apr 2024","Semi-Detached",16,"Scss","Completions"
"24462",2024-04-01,"Apr 2024","Row",23,"Scss","Completions"
"24462",2024-04-01,"Apr 2024","Apartment",649,"Scss","Completions"
"24462",2024-04-01,"Apr 2024","All",745,"Scss","Completions"
"24462",2024-05-01,"May 2024","Single",72,"Scss","Completions"
"24462",2024-05-01,"May 2024","Semi-Detached",12,"Scss","Completions"
"24462",2024-05-01,"May 2024","Row",64,"Scss","Completions"
"24462",2024-05-01,"May 2024","Apartment",1150,"Scss","Completions"
"24462",2024-05-01,"May 2024","All",1298,"Scss","Completions"
"24462",2024-06-01,"Jun 2024","Single",88,"Scss","Completions"
"24462",2024-06-01,"Jun 2024","Semi-Detached",40,"Scss","Completions"
"24462",2024-06-01,"Jun 2024","Row",30,"Scss","Completions"
"24462",2024-06-01,"Jun 2024","Apartment",3227,"Scss","Completions"
"24462",2024-06-01,"Jun 2024","All",3385,"Scss","Completions"
"24462",2024-07-01,"Jul 2024","Single",134,"Scss","Completions"
"24462",2024-07-01,"Jul 2024","Semi-Detached",32,"Scss","Completions"
"24462",2024-07-01,"Jul 2024","Row",29,"Scss","Completions"
"24462",2024-07-01,"Jul 2024","Apartment",1353,"Scss","Completions"
"24462",2024-07-01,"Jul 2024","All",1548,"Scss","Completions"
"24462",2024-08-01,"Aug 2024","Single",92,"Scss","Completions"
"24462",2024-08-01,"Aug 2024","Semi-Detached",12,"Scss","Completions"
"24462",2024-08-01,"Aug 2024","Row",71,"Scss","Completions"
"24462",2024-08-01,"Aug 2024","Apartment",1649,"Scss","Completions"
"24462",2024-08-01,"Aug 2024","All",1824,"Scss","Completions"
"24462",2024-09-01,"Sep 2024","Single",92,"Scss","Completions"
"24462",2024-09-01,"Sep 2024","Semi-Detached",20,"Scss","Completions"
"24462",2024-09-01,"Sep 2024","Row",81,"Scss","Completions"
"24462",2024-09-01,"Sep 2024","Apartment",3434,"Scss","Completions"
"24462",2024-09-01,"Sep 2024","All",3627,"Scss","Completions"
"24462",2024-10-01,"Oct 2024","Single",99,"Scss","Completions"
"24462",2024-10-01,"Oct 2024","Semi-Detached",22,"Scss","Completions"
"24462",2024-10-01,"Oct 2024","Row",19,"Scss","Completions"
"24462",2024-10-01,"Oct 2024","Apartment",1962,"Scss","Completions"
"24462",2024-10-01,"Oct 2024","All",2102,"Scss","Completions"
"24462",2024-11-01,"Nov 2024","Single",96,"Scss","Completions"
"24462",2024-11-01,"Nov 2024","Semi-Detached",12,"Scss","Completions"
"24462",2024-11-01,"Nov 2024","Row",48,"Scss","Completions"
"24462",2024-11-01,"Nov 2024","Apartment",1762,"Scss","Completions"
"24462",2024-11-01,"Nov 2024","All",1918,"Scss","Completions"
"24462",2024-12-01,"Dec 2024","Single",76,"Scss","Completions"
"24462",2024-12-01,"Dec 2024","Semi-Detached",30,"Scss","Completions"
"24462",2024-12-01,"Dec 2024","Row",22,"Scss","Completions"
"24462",2024-12-01,"Dec 2024","Apartment",1447,"Scss","Completions"
"24462",2024-12-01,"Dec 2024","All",1575,"Scss","Completions"
"24462",2025-01-01,"Jan 2025","Single",69,"Scss","Completions"
"24462",2025-01-01,"Jan 2025","Semi-Detached",30,"Scss","Completions"
"24462",2025-01-01,"Jan 2025","Row",29,"Scss","Completions"
"24462",2025-01-01,"Jan 2025","Apartment",1322,"Scss","Completions"
"24462",2025-01-01,"Jan 2025","All",1450,"Scss","Completions"
"24462",2025-02-01,"Feb 2025","Single",118,"Scss","Completions"
"24462",2025-02-01,"Feb 2025","Semi-Detached",4,"Scss","Completions"
"24462",2025-02-01,"Feb 2025","Row",24,"Scss","Completions"
"24462",2025-02-01,"Feb 2025","Apartment",788,"Scss","Completions"
"24462",2025-02-01,"Feb 2025","All",934,"Scss","Completions"
"24462",2025-03-01,"Mar 2025","Single",71,"Scss","Completions"
"24462",2025-03-01,"Mar 2025","Semi-Detached",26,"Scss","Completions"
"24462",2025-03-01,"Mar 2025","Row",44,"Scss","Completions"
"24462",2025-03-01,"Mar 2025","Apartment",1083,"Scss","Completions"
"24462",2025-03-01,"Mar 2025","All",1224,"Scss","Completions"
"24462",2025-04-01,"Apr 2025","Single",86,"Scss","Completions"
"24462",2025-04-01,"Apr 2025","Semi-Detached",14,"Scss","Completions"
"24462",2025-04-01,"Apr 2025","Row",41,"Scss","Completions"
"24462",2025-04-01,"Apr 2025","Apartment",1556,"Scss","Completions"
"24462",2025-04-01,"Apr 2025","All",1697,"Scss","Completions"
"24462",2025-05-01,"May 2025","Single",81,"Scss","Completions"
"24462",2025-05-01,"May 2025","Semi-Detached",28,"Scss","Completions"
"24462",2025-05-01,"May 2025","Row",61,"Scss","Completions"
"24462",2025-05-01,"May 2025","Apartment",1499,"Scss","Completions"
"24462",2025-05-01,"May 2025","All",1669,"Scss","Completions"
"24462",2025-06-01,"Jun 2025","Single",148,"Scss","Completions"
"24462",2025-06-01,"Jun 2025","Semi-Detached",60,"Scss","Completions"
"24462",2025-06-01,"Jun 2025","Row",54,"Scss","Completions"
"24462",2025-06-01,"Jun 2025","Apartment",1749,"Scss","Completions"
"24462",2025-06-01,"Jun 2025","All",2011,"Scss","Completions"
"24462",2025-07-01,"Jul 2025","Single",105,"Scss","Completions"
"24462",2025-07-01,"Jul 2025","Semi-Detached",38,"Scss","Completions"
"24462",2025-07-01,"Jul 2025","Row",90,"Scss","Completions"
"24462",2025-07-01,"Jul 2025","Apartment",2950,"Scss","Completions"
"24462",2025-07-01,"Jul 2025","All",3183,"Scss","Completions"
"24462",2025-08-01,"Aug 2025","Single",93,"Scss","Completions"
"24462",2025-08-01,"Aug 2025","Semi-Detached",40,"Scss","Completions"
"24462",2025-08-01,"Aug 2025","Row",77,"Scss","Completions"
"24462",2025-08-01,"Aug 2025","Apartment",1666,"Scss","Completions"
"24462",2025-08-01,"Aug 2025","All",1876,"Scss","Completions"
"24462",2025-09-01,"Sep 2025","Single",117,"Scss","Completions"
"24462",2025-09-01,"Sep 2025","Semi-Detached",25,"Scss","Completions"
"24462",2025-09-01,"Sep 2025","Row",59,"Scss","Completions"
"24462",2025-09-01,"Sep 2025","Apartment",1064,"Scss","Completions"
"24462",2025-09-01,"Sep 2025","All",1265,"Scss","Completions"
"24462",2025-10-01,"Oct 2025","Single",117,"Scss","Completions"
"24462",2025-10-01,"Oct 2025","Semi-Detached",28,"Scss","Completions"
"24462",2025-10-01,"Oct 2025","Row",68,"Scss","Completions"
"24462",2025-10-01,"Oct 2025","Apartment",1525,"Scss","Completions"
"24462",2025-10-01,"Oct 2025","All",1738,"Scss","Completions"
"24462",2025-11-01,"Nov 2025","Single",136,"Scss","Completions"
"24462",2025-11-01,"Nov 2025","Semi-Detached",18,"Scss","Completions"
"24462",2025-11-01,"Nov 2025","Row",89,"Scss","Completions"
"24462",2025-11-01,"Nov 2025","Apartment",2046,"Scss","Completions"
"24462",2025-11-01,"Nov 2025","All",2289,"Scss","Completions"
"24462",2025-12-01,"Dec 2025","Single",114,"Scss","Completions"
"24462",2025-12-01,"Dec 2025","Semi-Detached",20,"Scss","Completions"
"24462",2025-12-01,"Dec 2025","Row",64,"Scss","Completions"
"24462",2025-12-01,"Dec 2025","Apartment",2056,"Scss","Completions"
"24462",2025-12-01,"Dec 2025","All",2254,"Scss","Completions"
"24462",2026-01-01,"Jan 2026","Single",84,"Scss","Completions"
"24462",2026-01-01,"Jan 2026","Semi-Detached",25,"Scss","Completions"
"24462",2026-01-01,"Jan 2026","Row",23,"Scss","Completions"
"24462",2026-01-01,"Jan 2026","Apartment",1126,"Scss","Completions"
"24462",2026-01-01,"Jan 2026","All",1258,"Scss","Completions"
"24462",2026-02-01,"Feb 2026","Single",100,"Scss","Completions"
"24462",2026-02-01,"Feb 2026","Semi-Detached",44,"Scss","Completions"
"24462",2026-02-01,"Feb 2026","Row",74,"Scss","Completions"
"24462",2026-02-01,"Feb 2026","Apartment",1719,"Scss","Completions"
"24462",2026-02-01,"Feb 2026","All",1937,"Scss","Completions"
