"GeoUID","Date","DateString","Dwelling Type","Value","Survey","Series"
"59933",1990-01-01,"Jan 1990","Single",875,"Scss","Completions"
"59933",1990-01-01,"Jan 1990","Semi-Detached",26,"Scss","Completions"
"59933",1990-01-01,"Jan 1990","Row",287,"Scss","Completions"
"59933",1990-01-01,"Jan 1990","Apartment",447,"Scss","Completions"
"59933",1990-01-01,"Jan 1990","All",1635,"Scss","Completions"
"59933",1990-02-01,"Feb 1990","Single",617,"Scss","Completions"
"59933",1990-02-01,"Feb 1990","Semi-Detached",40,"Scss","Completions"
"59933",1990-02-01,"Feb 1990","Row",259,"Scss","Completions"
"59933",1990-02-01,"Feb 1990","Apartment",561,"Scss","Completions"
"59933",1990-02-01,"Feb 1990","All",1477,"Scss","Completions"
"59933",1990-03-01,"Mar 1990","Single",660,"Scss","Completions"
"59933",1990-03-01,"Mar 1990","Semi-Detached",74,"Scss","Completions"
"59933",1990-03-01,"Mar 1990","Row",292,"Scss","Completions"
"59933",1990-03-01,"Mar 1990","Apartment",609,"Scss","Completions"
"59933",1990-03-01,"Mar 1990","All",1635,"Scss","Completions"
"59933",1990-04-01,"Apr 1990","Single",786,"Scss","Completions"
"59933",1990-04-01,"Apr 1990","Semi-Detached",74,"Scss","Completions"
"59933",1990-04-01,"Apr 1990","Row",214,"Scss","Completions"
"59933",1990-04-01,"Apr 1990","Apartment",584,"Scss","Completions"
"59933",1990-04-01,"Apr 1990","All",1658,"Scss","Completions"
"59933",1990-05-01,"May 1990","Single",817,"Scss","Completions"
"59933",1990-05-01,"May 1990","Semi-Detached",38,"Scss","Completions"
"59933",1990-05-01,"May 1990","Row",145,"Scss","Completions"
"59933",1990-05-01,"May 1990","Apartment",834,"Scss","Completions"
"59933",1990-05-01,"May 1990","All",1834,"Scss","Completions"
"59933",1990-06-01,"Jun 1990","Single",1033,"Scss","Completions"
"59933",1990-06-01,"Jun 1990","Semi-Detached",96,"Scss","Completions"
"59933",1990-06-01,"Jun 1990","Row",94,"Scss","Completions"
"59933",1990-06-01,"Jun 1990","Apartment",566,"Scss","Completions"
"59933",1990-06-01,"Jun 1990","All",1789,"Scss","Completions"
"59933",1990-07-01,"Jul 1990","Single",801,"Scss","Completions"
"59933",1990-07-01,"Jul 1990","Semi-Detached",96,"Scss","Completions"
"59933",1990-07-01,"Jul 1990","Row",234,"Scss","Completions"
"59933",1990-07-01,"Jul 1990","Apartment",481,"Scss","Completions"
"59933",1990-07-01,"Jul 1990","All",1612,"Scss","Completions"
"59933",1990-08-01,"Aug 1990","Single",661,"Scss","Completions"
"59933",1990-08-01,"Aug 1990","Semi-Detached",76,"Scss","Completions"
"59933",1990-08-01,"Aug 1990","Row",191,"Scss","Completions"
"59933",1990-08-01,"Aug 1990","Apartment",533,"Scss","Completions"
"59933",1990-08-01,"Aug 1990","All",1461,"Scss","Completions"
"59933",1990-09-01,"Sep 1990","Single",553,"Scss","Completions"
"59933",1990-09-01,"Sep 1990","Semi-Detached",48,"Scss","Completions"
"59933",1990-09-01,"Sep 1990","Row",336,"Scss","Completions"
"59933",1990-09-01,"Sep 1990","Apartment",916,"Scss","Completions"
"59933",1990-09-01,"Sep 1990","All",1853,"Scss","Completions"
"59933",1990-10-01,"Oct 1990","Single",516,"Scss","Completions"
"59933",1990-10-01,"Oct 1990","Semi-Detached",84,"Scss","Completions"
"59933",1990-10-01,"Oct 1990","Row",268,"Scss","Completions"
"59933",1990-10-01,"Oct 1990","Apartment",688,"Scss","Completions"
"59933",1990-10-01,"Oct 1990","All",1556,"Scss","Completions"
"59933",1990-11-01,"Nov 1990","Single",518,"Scss","Completions"
"59933",1990-11-01,"Nov 1990","Semi-Detached",50,"Scss","Completions"
"59933",1990-11-01,"Nov 1990","Row",268,"Scss","Completions"
"59933",1990-11-01,"Nov 1990","Apartment",382,"Scss","Completions"
"59933",1990-11-01,"Nov 1990","All",1218,"Scss","Completions"
"59933",1990-12-01,"Dec 1990","Single",549,"Scss","Completions"
"59933",1990-12-01,"Dec 1990","Semi-Detached",68,"Scss","Completions"
"59933",1990-12-01,"Dec 1990","Row",254,"Scss","Completions"
"59933",1990-12-01,"Dec 1990","Apartment",1326,"Scss","Completions"
"59933",1990-12-01,"Dec 1990","All",2197,"Scss","Completions"
"59933",1991-01-01,"Jan 1991","Single",440,"Scss","Completions"
"59933",1991-01-01,"Jan 1991","Semi-Detached",58,"Scss","Completions"
"59933",1991-01-01,"Jan 1991","Row",254,"Scss","Completions"
"59933",1991-01-01,"Jan 1991","Apartment",923,"Scss","Completions"
"59933",1991-01-01,"Jan 1991","All",1675,"Scss","Completions"
"59933",1991-02-01,"Feb 1991","Single",436,"Scss","Completions"
"59933",1991-02-01,"Feb 1991","Semi-Detached",32,"Scss","Completions"
"59933",1991-02-01,"Feb 1991","Row",236,"Scss","Completions"
"59933",1991-02-01,"Feb 1991","Apartment",361,"Scss","Completions"
"59933",1991-02-01,"Feb 1991","All",1065,"Scss","Completions"
"59933",1991-03-01,"Mar 1991","Single",399,"Scss","Completions"
"59933",1991-03-01,"Mar 1991","Semi-Detached",26,"Scss","Completions"
"59933",1991-03-01,"Mar 1991","Row",191,"Scss","Completions"
"59933",1991-03-01,"Mar 1991","Apartment",308,"Scss","Completions"
"59933",1991-03-01,"Mar 1991","All",924,"Scss","Completions"
"59933",1991-04-01,"Apr 1991","Single",458,"Scss","Completions"
"59933",1991-04-01,"Apr 1991","Semi-Detached",36,"Scss","Completions"
"59933",1991-04-01,"Apr 1991","Row",176,"Scss","Completions"
"59933",1991-04-01,"Apr 1991","Apartment",828,"Scss","Completions"
"59933",1991-04-01,"Apr 1991","All",1498,"Scss","Completions"
"59933",1991-05-01,"May 1991","Single",406,"Scss","Completions"
"59933",1991-05-01,"May 1991","Semi-Detached",24,"Scss","Completions"
"59933",1991-05-01,"May 1991","Row",162,"Scss","Completions"
"59933",1991-05-01,"May 1991","Apartment",368,"Scss","Completions"
"59933",1991-05-01,"May 1991","All",960,"Scss","Completions"
"59933",1991-06-01,"Jun 1991","Single",462,"Scss","Completions"
"59933",1991-06-01,"Jun 1991","Semi-Detached",10,"Scss","Completions"
"59933",1991-06-01,"Jun 1991","Row",93,"Scss","Completions"
"59933",1991-06-01,"Jun 1991","Apartment",784,"Scss","Completions"
"59933",1991-06-01,"Jun 1991","All",1349,"Scss","Completions"
"59933",1991-07-01,"Jul 1991","Single",482,"Scss","Completions"
"59933",1991-07-01,"Jul 1991","Semi-Detached",28,"Scss","Completions"
"59933",1991-07-01,"Jul 1991","Row",101,"Scss","Completions"
"59933",1991-07-01,"Jul 1991","Apartment",599,"Scss","Completions"
"59933",1991-07-01,"Jul 1991","All",1210,"Scss","Completions"
"59933",1991-08-01,"Aug 1991","Single",591,"Scss","Completions"
"59933",1991-08-01,"Aug 1991","Semi-Detached",40,"Scss","Completions"
"59933",1991-08-01,"Aug 1991","Row",147,"Scss","Completions"
"59933",1991-08-01,"Aug 1991","Apartment",129,"Scss","Completions"
"59933",1991-08-01,"Aug 1991","All",907,"Scss","Completions"
"59933",1991-09-01,"Sep 1991","Single",611,"Scss","Completions"
"59933",1991-09-01,"Sep 1991","Semi-Detached",68,"Scss","Completions"
"59933",1991-09-01,"Sep 1991","Row",82,"Scss","Completions"
"59933",1991-09-01,"Sep 1991","Apartment",557,"Scss","Completions"
"59933",1991-09-01,"Sep 1991","All",1318,"Scss","Completions"
"59933",1991-10-01,"Oct 1991","Single",744,"Scss","Completions"
"59933",1991-10-01,"Oct 1991","Semi-Detached",82,"Scss","Completions"
"59933",1991-10-01,"Oct 1991","Row",175,"Scss","Completions"
"59933",1991-10-01,"Oct 1991","Apartment",379,"Scss","Completions"
"59933",1991-10-01,"Oct 1991","All",1380,"Scss","Completions"
"59933",1991-11-01,"Nov 1991","Single",541,"Scss","Completions"
"59933",1991-11-01,"Nov 1991","Semi-Detached",18,"Scss","Completions"
"59933",1991-11-01,"Nov 1991","Row",71,"Scss","Completions"
"59933",1991-11-01,"Nov 1991","Apartment",255,"Scss","Completions"
"59933",1991-11-01,"Nov 1991","All",885,"Scss","Completions"
"59933",1991-12-01,"Dec 1991","Single",646,"Scss","Completions"
"59933",1991-12-01,"Dec 1991","Semi-Detached",44,"Scss","Completions"
"59933",1991-12-01,"Dec 1991","Row",103,"Scss","Completions"
"59933",1991-12-01,"Dec 1991","Apartment",666,"Scss","Completions"
"59933",1991-12-01,"Dec 1991","All",1459,"Scss","Completions"
"59933",1992-01-01,"Jan 1992","Single",608,"Scss","Completions"
"59933",1992-01-01,"Jan 1992","Semi-Detached",42,"Scss","Completions"
"59933",1992-01-01,"Jan 1992","Row",84,"Scss","Completions"
"59933",1992-01-01,"Jan 1992","Apartment",668,"Scss","Completions"
"59933",1992-01-01,"Jan 1992","All",1402,"Scss","Completions"
"59933",1992-02-01,"Feb 1992","Single",473,"Scss","Completions"
"59933",1992-02-01,"Feb 1992","Semi-Detached",34,"Scss","Completions"
"59933",1992-02-01,"Feb 1992","Row",116,"Scss","Completions"
"59933",1992-02-01,"Feb 1992","Apartment",489,"Scss","Completions"
"59933",1992-02-01,"Feb 1992","All",1112,"Scss","Completions"
"59933",1992-03-01,"Mar 1992","Single",605,"Scss","Completions"
"59933",1992-03-01,"Mar 1992","Semi-Detached",26,"Scss","Completions"
"59933",1992-03-01,"Mar 1992","Row",173,"Scss","Completions"
"59933",1992-03-01,"Mar 1992","Apartment",638,"Scss","Completions"
"59933",1992-03-01,"Mar 1992","All",1442,"Scss","Completions"
"59933",1992-04-01,"Apr 1992","Single",620,"Scss","Completions"
"59933",1992-04-01,"Apr 1992","Semi-Detached",36,"Scss","Completions"
"59933",1992-04-01,"Apr 1992","Row",155,"Scss","Completions"
"59933",1992-04-01,"Apr 1992","Apartment",507,"Scss","Completions"
"59933",1992-04-01,"Apr 1992","All",1318,"Scss","Completions"
"59933",1992-05-01,"May 1992","Single",648,"Scss","Completions"
"59933",1992-05-01,"May 1992","Semi-Detached",54,"Scss","Completions"
"59933",1992-05-01,"May 1992","Row",298,"Scss","Completions"
"59933",1992-05-01,"May 1992","Apartment",529,"Scss","Completions"
"59933",1992-05-01,"May 1992","All",1529,"Scss","Completions"
"59933",1992-06-01,"Jun 1992","Single",525,"Scss","Completions"
"59933",1992-06-01,"Jun 1992","Semi-Detached",78,"Scss","Completions"
"59933",1992-06-01,"Jun 1992","Row",200,"Scss","Completions"
"59933",1992-06-01,"Jun 1992","Apartment",358,"Scss","Completions"
"59933",1992-06-01,"Jun 1992","All",1161,"Scss","Completions"
"59933",1992-07-01,"Jul 1992","Single",672,"Scss","Completions"
"59933",1992-07-01,"Jul 1992","Semi-Detached",44,"Scss","Completions"
"59933",1992-07-01,"Jul 1992","Row",225,"Scss","Completions"
"59933",1992-07-01,"Jul 1992","Apartment",897,"Scss","Completions"
"59933",1992-07-01,"Jul 1992","All",1838,"Scss","Completions"
"59933",1992-08-01,"Aug 1992","Single",713,"Scss","Completions"
"59933",1992-08-01,"Aug 1992","Semi-Detached",50,"Scss","Completions"
"59933",1992-08-01,"Aug 1992","Row",207,"Scss","Completions"
"59933",1992-08-01,"Aug 1992","Apartment",721,"Scss","Completions"
"59933",1992-08-01,"Aug 1992","All",1691,"Scss","Completions"
"59933",1992-09-01,"Sep 1992","Single",622,"Scss","Completions"
"59933",1992-09-01,"Sep 1992","Semi-Detached",98,"Scss","Completions"
"59933",1992-09-01,"Sep 1992","Row",276,"Scss","Completions"
"59933",1992-09-01,"Sep 1992","Apartment",606,"Scss","Completions"
"59933",1992-09-01,"Sep 1992","All",1602,"Scss","Completions"
"59933",1992-10-01,"Oct 1992","Single",618,"Scss","Completions"
"59933",1992-10-01,"Oct 1992","Semi-Detached",78,"Scss","Completions"
"59933",1992-10-01,"Oct 1992","Row",157,"Scss","Completions"
"59933",1992-10-01,"Oct 1992","Apartment",366,"Scss","Completions"
"59933",1992-10-01,"Oct 1992","All",1219,"Scss","Completions"
"59933",1992-11-01,"Nov 1992","Single",570,"Scss","Completions"
"59933",1992-11-01,"Nov 1992","Semi-Detached",42,"Scss","Completions"
"59933",1992-11-01,"Nov 1992","Row",181,"Scss","Completions"
"59933",1992-11-01,"Nov 1992","Apartment",305,"Scss","Completions"
"59933",1992-11-01,"Nov 1992","All",1098,"Scss","Completions"
"59933",1992-12-01,"Dec 1992","Single",744,"Scss","Completions"
"59933",1992-12-01,"Dec 1992","Semi-Detached",68,"Scss","Completions"
"59933",1992-12-01,"Dec 1992","Row",121,"Scss","Completions"
"59933",1992-12-01,"Dec 1992","Apartment",142,"Scss","Completions"
"59933",1992-12-01,"Dec 1992","All",1075,"Scss","Completions"
"59933",1993-01-01,"Jan 1993","Single",485,"Scss","Completions"
"59933",1993-01-01,"Jan 1993","Semi-Detached",28,"Scss","Completions"
"59933",1993-01-01,"Jan 1993","Row",78,"Scss","Completions"
"59933",1993-01-01,"Jan 1993","Apartment",464,"Scss","Completions"
"59933",1993-01-01,"Jan 1993","All",1055,"Scss","Completions"
"59933",1993-02-01,"Feb 1993","Single",464,"Scss","Completions"
"59933",1993-02-01,"Feb 1993","Semi-Detached",56,"Scss","Completions"
"59933",1993-02-01,"Feb 1993","Row",245,"Scss","Completions"
"59933",1993-02-01,"Feb 1993","Apartment",391,"Scss","Completions"
"59933",1993-02-01,"Feb 1993","All",1156,"Scss","Completions"
"59933",1993-03-01,"Mar 1993","Single",595,"Scss","Completions"
"59933",1993-03-01,"Mar 1993","Semi-Detached",88,"Scss","Completions"
"59933",1993-03-01,"Mar 1993","Row",132,"Scss","Completions"
"59933",1993-03-01,"Mar 1993","Apartment",686,"Scss","Completions"
"59933",1993-03-01,"Mar 1993","All",1501,"Scss","Completions"
"59933",1993-04-01,"Apr 1993","Single",540,"Scss","Completions"
"59933",1993-04-01,"Apr 1993","Semi-Detached",80,"Scss","Completions"
"59933",1993-04-01,"Apr 1993","Row",175,"Scss","Completions"
"59933",1993-04-01,"Apr 1993","Apartment",627,"Scss","Completions"
"59933",1993-04-01,"Apr 1993","All",1422,"Scss","Completions"
"59933",1993-05-01,"May 1993","Single",516,"Scss","Completions"
"59933",1993-05-01,"May 1993","Semi-Detached",28,"Scss","Completions"
"59933",1993-05-01,"May 1993","Row",209,"Scss","Completions"
"59933",1993-05-01,"May 1993","Apartment",820,"Scss","Completions"
"59933",1993-05-01,"May 1993","All",1573,"Scss","Completions"
"59933",1993-06-01,"Jun 1993","Single",562,"Scss","Completions"
"59933",1993-06-01,"Jun 1993","Semi-Detached",40,"Scss","Completions"
"59933",1993-06-01,"Jun 1993","Row",232,"Scss","Completions"
"59933",1993-06-01,"Jun 1993","Apartment",715,"Scss","Completions"
"59933",1993-06-01,"Jun 1993","All",1549,"Scss","Completions"
"59933",1993-07-01,"Jul 1993","Single",654,"Scss","Completions"
"59933",1993-07-01,"Jul 1993","Semi-Detached",56,"Scss","Completions"
"59933",1993-07-01,"Jul 1993","Row",210,"Scss","Completions"
"59933",1993-07-01,"Jul 1993","Apartment",797,"Scss","Completions"
"59933",1993-07-01,"Jul 1993","All",1717,"Scss","Completions"
"59933",1993-08-01,"Aug 1993","Single",628,"Scss","Completions"
"59933",1993-08-01,"Aug 1993","Semi-Detached",82,"Scss","Completions"
"59933",1993-08-01,"Aug 1993","Row",190,"Scss","Completions"
"59933",1993-08-01,"Aug 1993","Apartment",1100,"Scss","Completions"
"59933",1993-08-01,"Aug 1993","All",2000,"Scss","Completions"
"59933",1993-09-01,"Sep 1993","Single",621,"Scss","Completions"
"59933",1993-09-01,"Sep 1993","Semi-Detached",106,"Scss","Completions"
"59933",1993-09-01,"Sep 1993","Row",250,"Scss","Completions"
"59933",1993-09-01,"Sep 1993","Apartment",1122,"Scss","Completions"
"59933",1993-09-01,"Sep 1993","All",2099,"Scss","Completions"
"59933",1993-10-01,"Oct 1993","Single",572,"Scss","Completions"
"59933",1993-10-01,"Oct 1993","Semi-Detached",176,"Scss","Completions"
"59933",1993-10-01,"Oct 1993","Row",325,"Scss","Completions"
"59933",1993-10-01,"Oct 1993","Apartment",691,"Scss","Completions"
"59933",1993-10-01,"Oct 1993","All",1764,"Scss","Completions"
"59933",1993-11-01,"Nov 1993","Single",662,"Scss","Completions"
"59933",1993-11-01,"Nov 1993","Semi-Detached",34,"Scss","Completions"
"59933",1993-11-01,"Nov 1993","Row",136,"Scss","Completions"
"59933",1993-11-01,"Nov 1993","Apartment",1267,"Scss","Completions"
"59933",1993-11-01,"Nov 1993","All",2099,"Scss","Completions"
"59933",1993-12-01,"Dec 1993","Single",580,"Scss","Completions"
"59933",1993-12-01,"Dec 1993","Semi-Detached",40,"Scss","Completions"
"59933",1993-12-01,"Dec 1993","Row",240,"Scss","Completions"
"59933",1993-12-01,"Dec 1993","Apartment",942,"Scss","Completions"
"59933",1993-12-01,"Dec 1993","All",1802,"Scss","Completions"
"59933",1994-01-01,"Jan 1994","Single",526,"Scss","Completions"
"59933",1994-01-01,"Jan 1994","Semi-Detached",52,"Scss","Completions"
"59933",1994-01-01,"Jan 1994","Row",94,"Scss","Completions"
"59933",1994-01-01,"Jan 1994","Apartment",634,"Scss","Completions"
"59933",1994-01-01,"Jan 1994","All",1306,"Scss","Completions"
"59933",1994-02-01,"Feb 1994","Single",485,"Scss","Completions"
"59933",1994-02-01,"Feb 1994","Semi-Detached",86,"Scss","Completions"
"59933",1994-02-01,"Feb 1994","Row",141,"Scss","Completions"
"59933",1994-02-01,"Feb 1994","Apartment",700,"Scss","Completions"
"59933",1994-02-01,"Feb 1994","All",1412,"Scss","Completions"
"59933",1994-03-01,"Mar 1994","Single",487,"Scss","Completions"
"59933",1994-03-01,"Mar 1994","Semi-Detached",36,"Scss","Completions"
"59933",1994-03-01,"Mar 1994","Row",139,"Scss","Completions"
"59933",1994-03-01,"Mar 1994","Apartment",497,"Scss","Completions"
"59933",1994-03-01,"Mar 1994","All",1159,"Scss","Completions"
"59933",1994-04-01,"Apr 1994","Single",533,"Scss","Completions"
"59933",1994-04-01,"Apr 1994","Semi-Detached",66,"Scss","Completions"
"59933",1994-04-01,"Apr 1994","Row",176,"Scss","Completions"
"59933",1994-04-01,"Apr 1994","Apartment",858,"Scss","Completions"
"59933",1994-04-01,"Apr 1994","All",1633,"Scss","Completions"
"59933",1994-05-01,"May 1994","Single",488,"Scss","Completions"
"59933",1994-05-01,"May 1994","Semi-Detached",116,"Scss","Completions"
"59933",1994-05-01,"May 1994","Row",255,"Scss","Completions"
"59933",1994-05-01,"May 1994","Apartment",573,"Scss","Completions"
"59933",1994-05-01,"May 1994","All",1432,"Scss","Completions"
"59933",1994-06-01,"Jun 1994","Single",547,"Scss","Completions"
"59933",1994-06-01,"Jun 1994","Semi-Detached",62,"Scss","Completions"
"59933",1994-06-01,"Jun 1994","Row",342,"Scss","Completions"
"59933",1994-06-01,"Jun 1994","Apartment",1274,"Scss","Completions"
"59933",1994-06-01,"Jun 1994","All",2225,"Scss","Completions"
"59933",1994-07-01,"Jul 1994","Single",468,"Scss","Completions"
"59933",1994-07-01,"Jul 1994","Semi-Detached",28,"Scss","Completions"
"59933",1994-07-01,"Jul 1994","Row",314,"Scss","Completions"
"59933",1994-07-01,"Jul 1994","Apartment",625,"Scss","Completions"
"59933",1994-07-01,"Jul 1994","All",1435,"Scss","Completions"
"59933",1994-08-01,"Aug 1994","Single",509,"Scss","Completions"
"59933",1994-08-01,"Aug 1994","Semi-Detached",74,"Scss","Completions"
"59933",1994-08-01,"Aug 1994","Row",453,"Scss","Completions"
"59933",1994-08-01,"Aug 1994","Apartment",829,"Scss","Completions"
"59933",1994-08-01,"Aug 1994","All",1865,"Scss","Completions"
"59933",1994-09-01,"Sep 1994","Single",600,"Scss","Completions"
"59933",1994-09-01,"Sep 1994","Semi-Detached",60,"Scss","Completions"
"59933",1994-09-01,"Sep 1994","Row",206,"Scss","Completions"
"59933",1994-09-01,"Sep 1994","Apartment",1512,"Scss","Completions"
"59933",1994-09-01,"Sep 1994","All",2378,"Scss","Completions"
"59933",1994-10-01,"Oct 1994","Single",612,"Scss","Completions"
"59933",1994-10-01,"Oct 1994","Semi-Detached",92,"Scss","Completions"
"59933",1994-10-01,"Oct 1994","Row",161,"Scss","Completions"
"59933",1994-10-01,"Oct 1994","Apartment",1034,"Scss","Completions"
"59933",1994-10-01,"Oct 1994","All",1899,"Scss","Completions"
"59933",1994-11-01,"Nov 1994","Single",607,"Scss","Completions"
"59933",1994-11-01,"Nov 1994","Semi-Detached",102,"Scss","Completions"
"59933",1994-11-01,"Nov 1994","Row",217,"Scss","Completions"
"59933",1994-11-01,"Nov 1994","Apartment",1156,"Scss","Completions"
"59933",1994-11-01,"Nov 1994","All",2082,"Scss","Completions"
"59933",1994-12-01,"Dec 1994","Single",542,"Scss","Completions"
"59933",1994-12-01,"Dec 1994","Semi-Detached",78,"Scss","Completions"
"59933",1994-12-01,"Dec 1994","Row",269,"Scss","Completions"
"59933",1994-12-01,"Dec 1994","Apartment",672,"Scss","Completions"
"59933",1994-12-01,"Dec 1994","All",1561,"Scss","Completions"
"59933",1995-01-01,"Jan 1995","Single",490,"Scss","Completions"
"59933",1995-01-01,"Jan 1995","Semi-Detached",28,"Scss","Completions"
"59933",1995-01-01,"Jan 1995","Row",213,"Scss","Completions"
"59933",1995-01-01,"Jan 1995","Apartment",1266,"Scss","Completions"
"59933",1995-01-01,"Jan 1995","All",1997,"Scss","Completions"
"59933",1995-02-01,"Feb 1995","Single",500,"Scss","Completions"
"59933",1995-02-01,"Feb 1995","Semi-Detached",116,"Scss","Completions"
"59933",1995-02-01,"Feb 1995","Row",291,"Scss","Completions"
"59933",1995-02-01,"Feb 1995","Apartment",948,"Scss","Completions"
"59933",1995-02-01,"Feb 1995","All",1855,"Scss","Completions"
"59933",1995-03-01,"Mar 1995","Single",454,"Scss","Completions"
"59933",1995-03-01,"Mar 1995","Semi-Detached",56,"Scss","Completions"
"59933",1995-03-01,"Mar 1995","Row",181,"Scss","Completions"
"59933",1995-03-01,"Mar 1995","Apartment",697,"Scss","Completions"
"59933",1995-03-01,"Mar 1995","All",1388,"Scss","Completions"
"59933",1995-04-01,"Apr 1995","Single",523,"Scss","Completions"
"59933",1995-04-01,"Apr 1995","Semi-Detached",48,"Scss","Completions"
"59933",1995-04-01,"Apr 1995","Row",179,"Scss","Completions"
"59933",1995-04-01,"Apr 1995","Apartment",1456,"Scss","Completions"
"59933",1995-04-01,"Apr 1995","All",2206,"Scss","Completions"
"59933",1995-05-01,"May 1995","Single",430,"Scss","Completions"
"59933",1995-05-01,"May 1995","Semi-Detached",48,"Scss","Completions"
"59933",1995-05-01,"May 1995","Row",111,"Scss","Completions"
"59933",1995-05-01,"May 1995","Apartment",625,"Scss","Completions"
"59933",1995-05-01,"May 1995","All",1214,"Scss","Completions"
"59933",1995-06-01,"Jun 1995","Single",448,"Scss","Completions"
"59933",1995-06-01,"Jun 1995","Semi-Detached",34,"Scss","Completions"
"59933",1995-06-01,"Jun 1995","Row",157,"Scss","Completions"
"59933",1995-06-01,"Jun 1995","Apartment",743,"Scss","Completions"
"59933",1995-06-01,"Jun 1995","All",1382,"Scss","Completions"
"59933",1995-07-01,"Jul 1995","Single",444,"Scss","Completions"
"59933",1995-07-01,"Jul 1995","Semi-Detached",126,"Scss","Completions"
"59933",1995-07-01,"Jul 1995","Row",280,"Scss","Completions"
"59933",1995-07-01,"Jul 1995","Apartment",1097,"Scss","Completions"
"59933",1995-07-01,"Jul 1995","All",1947,"Scss","Completions"
"59933",1995-08-01,"Aug 1995","Single",485,"Scss","Completions"
"59933",1995-08-01,"Aug 1995","Semi-Detached",78,"Scss","Completions"
"59933",1995-08-01,"Aug 1995","Row",149,"Scss","Completions"
"59933",1995-08-01,"Aug 1995","Apartment",648,"Scss","Completions"
"59933",1995-08-01,"Aug 1995","All",1360,"Scss","Completions"
"59933",1995-09-01,"Sep 1995","Single",420,"Scss","Completions"
"59933",1995-09-01,"Sep 1995","Semi-Detached",64,"Scss","Completions"
"59933",1995-09-01,"Sep 1995","Row",142,"Scss","Completions"
"59933",1995-09-01,"Sep 1995","Apartment",475,"Scss","Completions"
"59933",1995-09-01,"Sep 1995","All",1101,"Scss","Completions"
"59933",1995-10-01,"Oct 1995","Single",425,"Scss","Completions"
"59933",1995-10-01,"Oct 1995","Semi-Detached",46,"Scss","Completions"
"59933",1995-10-01,"Oct 1995","Row",127,"Scss","Completions"
"59933",1995-10-01,"Oct 1995","Apartment",848,"Scss","Completions"
"59933",1995-10-01,"Oct 1995","All",1446,"Scss","Completions"
"59933",1995-11-01,"Nov 1995","Single",397,"Scss","Completions"
"59933",1995-11-01,"Nov 1995","Semi-Detached",30,"Scss","Completions"
"59933",1995-11-01,"Nov 1995","Row",196,"Scss","Completions"
"59933",1995-11-01,"Nov 1995","Apartment",1098,"Scss","Completions"
"59933",1995-11-01,"Nov 1995","All",1721,"Scss","Completions"
"59933",1995-12-01,"Dec 1995","Single",372,"Scss","Completions"
"59933",1995-12-01,"Dec 1995","Semi-Detached",38,"Scss","Completions"
"59933",1995-12-01,"Dec 1995","Row",116,"Scss","Completions"
"59933",1995-12-01,"Dec 1995","Apartment",1694,"Scss","Completions"
"59933",1995-12-01,"Dec 1995","All",2220,"Scss","Completions"
"59933",1996-01-01,"Jan 1996","Single",365,"Scss","Completions"
"59933",1996-01-01,"Jan 1996","Semi-Detached",50,"Scss","Completions"
"59933",1996-01-01,"Jan 1996","Row",158,"Scss","Completions"
"59933",1996-01-01,"Jan 1996","Apartment",599,"Scss","Completions"
"59933",1996-01-01,"Jan 1996","All",1172,"Scss","Completions"
"59933",1996-02-01,"Feb 1996","Single",293,"Scss","Completions"
"59933",1996-02-01,"Feb 1996","Semi-Detached",32,"Scss","Completions"
"59933",1996-02-01,"Feb 1996","Row",232,"Scss","Completions"
"59933",1996-02-01,"Feb 1996","Apartment",390,"Scss","Completions"
"59933",1996-02-01,"Feb 1996","All",947,"Scss","Completions"
"59933",1996-03-01,"Mar 1996","Single",371,"Scss","Completions"
"59933",1996-03-01,"Mar 1996","Semi-Detached",24,"Scss","Completions"
"59933",1996-03-01,"Mar 1996","Row",141,"Scss","Completions"
"59933",1996-03-01,"Mar 1996","Apartment",542,"Scss","Completions"
"59933",1996-03-01,"Mar 1996","All",1078,"Scss","Completions"
"59933",1996-04-01,"Apr 1996","Single",421,"Scss","Completions"
"59933",1996-04-01,"Apr 1996","Semi-Detached",64,"Scss","Completions"
"59933",1996-04-01,"Apr 1996","Row",70,"Scss","Completions"
"59933",1996-04-01,"Apr 1996","Apartment",534,"Scss","Completions"
"59933",1996-04-01,"Apr 1996","All",1089,"Scss","Completions"
"59933",1996-05-01,"May 1996","Single",322,"Scss","Completions"
"59933",1996-05-01,"May 1996","Semi-Detached",38,"Scss","Completions"
"59933",1996-05-01,"May 1996","Row",41,"Scss","Completions"
"59933",1996-05-01,"May 1996","Apartment",236,"Scss","Completions"
"59933",1996-05-01,"May 1996","All",637,"Scss","Completions"
"59933",1996-06-01,"Jun 1996","Single",376,"Scss","Completions"
"59933",1996-06-01,"Jun 1996","Semi-Detached",60,"Scss","Completions"
"59933",1996-06-01,"Jun 1996","Row",232,"Scss","Completions"
"59933",1996-06-01,"Jun 1996","Apartment",563,"Scss","Completions"
"59933",1996-06-01,"Jun 1996","All",1231,"Scss","Completions"
"59933",1996-07-01,"Jul 1996","Single",347,"Scss","Completions"
"59933",1996-07-01,"Jul 1996","Semi-Detached",34,"Scss","Completions"
"59933",1996-07-01,"Jul 1996","Row",102,"Scss","Completions"
"59933",1996-07-01,"Jul 1996","Apartment",988,"Scss","Completions"
"59933",1996-07-01,"Jul 1996","All",1471,"Scss","Completions"
"59933",1996-08-01,"Aug 1996","Single",489,"Scss","Completions"
"59933",1996-08-01,"Aug 1996","Semi-Detached",42,"Scss","Completions"
"59933",1996-08-01,"Aug 1996","Row",182,"Scss","Completions"
"59933",1996-08-01,"Aug 1996","Apartment",517,"Scss","Completions"
"59933",1996-08-01,"Aug 1996","All",1230,"Scss","Completions"
"59933",1996-09-01,"Sep 1996","Single",415,"Scss","Completions"
"59933",1996-09-01,"Sep 1996","Semi-Detached",58,"Scss","Completions"
"59933",1996-09-01,"Sep 1996","Row",139,"Scss","Completions"
"59933",1996-09-01,"Sep 1996","Apartment",1329,"Scss","Completions"
"59933",1996-09-01,"Sep 1996","All",1941,"Scss","Completions"
"59933",1996-10-01,"Oct 1996","Single",477,"Scss","Completions"
"59933",1996-10-01,"Oct 1996","Semi-Detached",26,"Scss","Completions"
"59933",1996-10-01,"Oct 1996","Row",228,"Scss","Completions"
"59933",1996-10-01,"Oct 1996","Apartment",596,"Scss","Completions"
"59933",1996-10-01,"Oct 1996","All",1327,"Scss","Completions"
"59933",1996-11-01,"Nov 1996","Single",478,"Scss","Completions"
"59933",1996-11-01,"Nov 1996","Semi-Detached",68,"Scss","Completions"
"59933",1996-11-01,"Nov 1996","Row",109,"Scss","Completions"
"59933",1996-11-01,"Nov 1996","Apartment",412,"Scss","Completions"
"59933",1996-11-01,"Nov 1996","All",1067,"Scss","Completions"
"59933",1996-12-01,"Dec 1996","Single",405,"Scss","Completions"
"59933",1996-12-01,"Dec 1996","Semi-Detached",42,"Scss","Completions"
"59933",1996-12-01,"Dec 1996","Row",97,"Scss","Completions"
"59933",1996-12-01,"Dec 1996","Apartment",183,"Scss","Completions"
"59933",1996-12-01,"Dec 1996","All",727,"Scss","Completions"
"59933",1997-01-01,"Jan 1997","Single",449,"Scss","Completions"
"59933",1997-01-01,"Jan 1997","Semi-Detached",46,"Scss","Completions"
"59933",1997-01-01,"Jan 1997","Row",96,"Scss","Completions"
"59933",1997-01-01,"Jan 1997","Apartment",305,"Scss","Completions"
"59933",1997-01-01,"Jan 1997","All",896,"Scss","Completions"
"59933",1997-02-01,"Feb 1997","Single",327,"Scss","Completions"
"59933",1997-02-01,"Feb 1997","Semi-Detached",38,"Scss","Completions"
"59933",1997-02-01,"Feb 1997","Row",99,"Scss","Completions"
"59933",1997-02-01,"Feb 1997","Apartment",323,"Scss","Completions"
"59933",1997-02-01,"Feb 1997","All",787,"Scss","Completions"
"59933",1997-03-01,"Mar 1997","Single",374,"Scss","Completions"
"59933",1997-03-01,"Mar 1997","Semi-Detached",48,"Scss","Completions"
"59933",1997-03-01,"Mar 1997","Row",146,"Scss","Completions"
"59933",1997-03-01,"Mar 1997","Apartment",767,"Scss","Completions"
"59933",1997-03-01,"Mar 1997","All",1335,"Scss","Completions"
"59933",1997-04-01,"Apr 1997","Single",415,"Scss","Completions"
"59933",1997-04-01,"Apr 1997","Semi-Detached",68,"Scss","Completions"
"59933",1997-04-01,"Apr 1997","Row",166,"Scss","Completions"
"59933",1997-04-01,"Apr 1997","Apartment",895,"Scss","Completions"
"59933",1997-04-01,"Apr 1997","All",1544,"Scss","Completions"
"59933",1997-05-01,"May 1997","Single",412,"Scss","Completions"
"59933",1997-05-01,"May 1997","Semi-Detached",44,"Scss","Completions"
"59933",1997-05-01,"May 1997","Row",175,"Scss","Completions"
"59933",1997-05-01,"May 1997","Apartment",949,"Scss","Completions"
"59933",1997-05-01,"May 1997","All",1580,"Scss","Completions"
"59933",1997-06-01,"Jun 1997","Single",409,"Scss","Completions"
"59933",1997-06-01,"Jun 1997","Semi-Detached",40,"Scss","Completions"
"59933",1997-06-01,"Jun 1997","Row",115,"Scss","Completions"
"59933",1997-06-01,"Jun 1997","Apartment",257,"Scss","Completions"
"59933",1997-06-01,"Jun 1997","All",821,"Scss","Completions"
"59933",1997-07-01,"Jul 1997","Single",452,"Scss","Completions"
"59933",1997-07-01,"Jul 1997","Semi-Detached",46,"Scss","Completions"
"59933",1997-07-01,"Jul 1997","Row",173,"Scss","Completions"
"59933",1997-07-01,"Jul 1997","Apartment",425,"Scss","Completions"
"59933",1997-07-01,"Jul 1997","All",1096,"Scss","Completions"
"59933",1997-08-01,"Aug 1997","Single",345,"Scss","Completions"
"59933",1997-08-01,"Aug 1997","Semi-Detached",32,"Scss","Completions"
"59933",1997-08-01,"Aug 1997","Row",106,"Scss","Completions"
"59933",1997-08-01,"Aug 1997","Apartment",490,"Scss","Completions"
"59933",1997-08-01,"Aug 1997","All",973,"Scss","Completions"
"59933",1997-09-01,"Sep 1997","Single",460,"Scss","Completions"
"59933",1997-09-01,"Sep 1997","Semi-Detached",54,"Scss","Completions"
"59933",1997-09-01,"Sep 1997","Row",215,"Scss","Completions"
"59933",1997-09-01,"Sep 1997","Apartment",1135,"Scss","Completions"
"59933",1997-09-01,"Sep 1997","All",1864,"Scss","Completions"
"59933",1997-10-01,"Oct 1997","Single",420,"Scss","Completions"
"59933",1997-10-01,"Oct 1997","Semi-Detached",66,"Scss","Completions"
"59933",1997-10-01,"Oct 1997","Row",250,"Scss","Completions"
"59933",1997-10-01,"Oct 1997","Apartment",782,"Scss","Completions"
"59933",1997-10-01,"Oct 1997","All",1518,"Scss","Completions"
"59933",1997-11-01,"Nov 1997","Single",480,"Scss","Completions"
"59933",1997-11-01,"Nov 1997","Semi-Detached",52,"Scss","Completions"
"59933",1997-11-01,"Nov 1997","Row",98,"Scss","Completions"
"59933",1997-11-01,"Nov 1997","Apartment",1062,"Scss","Completions"
"59933",1997-11-01,"Nov 1997","All",1692,"Scss","Completions"
"59933",1997-12-01,"Dec 1997","Single",436,"Scss","Completions"
"59933",1997-12-01,"Dec 1997","Semi-Detached",48,"Scss","Completions"
"59933",1997-12-01,"Dec 1997","Row",144,"Scss","Completions"
"59933",1997-12-01,"Dec 1997","Apartment",1307,"Scss","Completions"
"59933",1997-12-01,"Dec 1997","All",1935,"Scss","Completions"
"59933",1998-01-01,"Jan 1998","Single",360,"Scss","Completions"
"59933",1998-01-01,"Jan 1998","Semi-Detached",42,"Scss","Completions"
"59933",1998-01-01,"Jan 1998","Row",73,"Scss","Completions"
"59933",1998-01-01,"Jan 1998","Apartment",379,"Scss","Completions"
"59933",1998-01-01,"Jan 1998","All",854,"Scss","Completions"
"59933",1998-02-01,"Feb 1998","Single",309,"Scss","Completions"
"59933",1998-02-01,"Feb 1998","Semi-Detached",48,"Scss","Completions"
"59933",1998-02-01,"Feb 1998","Row",197,"Scss","Completions"
"59933",1998-02-01,"Feb 1998","Apartment",800,"Scss","Completions"
"59933",1998-02-01,"Feb 1998","All",1354,"Scss","Completions"
"59933",1998-03-01,"Mar 1998","Single",360,"Scss","Completions"
"59933",1998-03-01,"Mar 1998","Semi-Detached",60,"Scss","Completions"
"59933",1998-03-01,"Mar 1998","Row",68,"Scss","Completions"
"59933",1998-03-01,"Mar 1998","Apartment",410,"Scss","Completions"
"59933",1998-03-01,"Mar 1998","All",898,"Scss","Completions"
"59933",1998-04-01,"Apr 1998","Single",280,"Scss","Completions"
"59933",1998-04-01,"Apr 1998","Semi-Detached",48,"Scss","Completions"
"59933",1998-04-01,"Apr 1998","Row",114,"Scss","Completions"
"59933",1998-04-01,"Apr 1998","Apartment",879,"Scss","Completions"
"59933",1998-04-01,"Apr 1998","All",1321,"Scss","Completions"
"59933",1998-05-01,"May 1998","Single",394,"Scss","Completions"
"59933",1998-05-01,"May 1998","Semi-Detached",120,"Scss","Completions"
"59933",1998-05-01,"May 1998","Row",114,"Scss","Completions"
"59933",1998-05-01,"May 1998","Apartment",197,"Scss","Completions"
"59933",1998-05-01,"May 1998","All",825,"Scss","Completions"
"59933",1998-06-01,"Jun 1998","Single",365,"Scss","Completions"
"59933",1998-06-01,"Jun 1998","Semi-Detached",114,"Scss","Completions"
"59933",1998-06-01,"Jun 1998","Row",86,"Scss","Completions"
"59933",1998-06-01,"Jun 1998","Apartment",839,"Scss","Completions"
"59933",1998-06-01,"Jun 1998","All",1404,"Scss","Completions"
"59933",1998-07-01,"Jul 1998","Single",369,"Scss","Completions"
"59933",1998-07-01,"Jul 1998","Semi-Detached",82,"Scss","Completions"
"59933",1998-07-01,"Jul 1998","Row",337,"Scss","Completions"
"59933",1998-07-01,"Jul 1998","Apartment",874,"Scss","Completions"
"59933",1998-07-01,"Jul 1998","All",1662,"Scss","Completions"
"59933",1998-08-01,"Aug 1998","Single",240,"Scss","Completions"
"59933",1998-08-01,"Aug 1998","Semi-Detached",72,"Scss","Completions"
"59933",1998-08-01,"Aug 1998","Row",102,"Scss","Completions"
"59933",1998-08-01,"Aug 1998","Apartment",578,"Scss","Completions"
"59933",1998-08-01,"Aug 1998","All",992,"Scss","Completions"
"59933",1998-09-01,"Sep 1998","Single",412,"Scss","Completions"
"59933",1998-09-01,"Sep 1998","Semi-Detached",48,"Scss","Completions"
"59933",1998-09-01,"Sep 1998","Row",59,"Scss","Completions"
"59933",1998-09-01,"Sep 1998","Apartment",430,"Scss","Completions"
"59933",1998-09-01,"Sep 1998","All",949,"Scss","Completions"
"59933",1998-10-01,"Oct 1998","Single",301,"Scss","Completions"
"59933",1998-10-01,"Oct 1998","Semi-Detached",102,"Scss","Completions"
"59933",1998-10-01,"Oct 1998","Row",103,"Scss","Completions"
"59933",1998-10-01,"Oct 1998","Apartment",732,"Scss","Completions"
"59933",1998-10-01,"Oct 1998","All",1238,"Scss","Completions"
"59933",1998-11-01,"Nov 1998","Single",249,"Scss","Completions"
"59933",1998-11-01,"Nov 1998","Semi-Detached",24,"Scss","Completions"
"59933",1998-11-01,"Nov 1998","Row",167,"Scss","Completions"
"59933",1998-11-01,"Nov 1998","Apartment",622,"Scss","Completions"
"59933",1998-11-01,"Nov 1998","All",1062,"Scss","Completions"
"59933",1998-12-01,"Dec 1998","Single",297,"Scss","Completions"
"59933",1998-12-01,"Dec 1998","Semi-Detached",26,"Scss","Completions"
"59933",1998-12-01,"Dec 1998","Row",147,"Scss","Completions"
"59933",1998-12-01,"Dec 1998","Apartment",898,"Scss","Completions"
"59933",1998-12-01,"Dec 1998","All",1368,"Scss","Completions"
"59933",1999-01-01,"Jan 1999","Single",240,"Scss","Completions"
"59933",1999-01-01,"Jan 1999","Semi-Detached",70,"Scss","Completions"
"59933",1999-01-01,"Jan 1999","Row",114,"Scss","Completions"
"59933",1999-01-01,"Jan 1999","Apartment",409,"Scss","Completions"
"59933",1999-01-01,"Jan 1999","All",833,"Scss","Completions"
"59933",1999-02-01,"Feb 1999","Single",218,"Scss","Completions"
"59933",1999-02-01,"Feb 1999","Semi-Detached",76,"Scss","Completions"
"59933",1999-02-01,"Feb 1999","Row",149,"Scss","Completions"
"59933",1999-02-01,"Feb 1999","Apartment",162,"Scss","Completions"
"59933",1999-02-01,"Feb 1999","All",605,"Scss","Completions"
"59933",1999-03-01,"Mar 1999","Single",241,"Scss","Completions"
"59933",1999-03-01,"Mar 1999","Semi-Detached",42,"Scss","Completions"
"59933",1999-03-01,"Mar 1999","Row",41,"Scss","Completions"
"59933",1999-03-01,"Mar 1999","Apartment",624,"Scss","Completions"
"59933",1999-03-01,"Mar 1999","All",948,"Scss","Completions"
"59933",1999-04-01,"Apr 1999","Single",323,"Scss","Completions"
"59933",1999-04-01,"Apr 1999","Semi-Detached",78,"Scss","Completions"
"59933",1999-04-01,"Apr 1999","Row",114,"Scss","Completions"
"59933",1999-04-01,"Apr 1999","Apartment",137,"Scss","Completions"
"59933",1999-04-01,"Apr 1999","All",652,"Scss","Completions"
"59933",1999-05-01,"May 1999","Single",274,"Scss","Completions"
"59933",1999-05-01,"May 1999","Semi-Detached",34,"Scss","Completions"
"59933",1999-05-01,"May 1999","Row",42,"Scss","Completions"
"59933",1999-05-01,"May 1999","Apartment",220,"Scss","Completions"
"59933",1999-05-01,"May 1999","All",570,"Scss","Completions"
"59933",1999-06-01,"Jun 1999","Single",236,"Scss","Completions"
"59933",1999-06-01,"Jun 1999","Semi-Detached",30,"Scss","Completions"
"59933",1999-06-01,"Jun 1999","Row",36,"Scss","Completions"
"59933",1999-06-01,"Jun 1999","Apartment",994,"Scss","Completions"
"59933",1999-06-01,"Jun 1999","All",1296,"Scss","Completions"
"59933",1999-07-01,"Jul 1999","Single",266,"Scss","Completions"
"59933",1999-07-01,"Jul 1999","Semi-Detached",36,"Scss","Completions"
"59933",1999-07-01,"Jul 1999","Row",114,"Scss","Completions"
"59933",1999-07-01,"Jul 1999","Apartment",285,"Scss","Completions"
"59933",1999-07-01,"Jul 1999","All",701,"Scss","Completions"
"59933",1999-08-01,"Aug 1999","Single",323,"Scss","Completions"
"59933",1999-08-01,"Aug 1999","Semi-Detached",38,"Scss","Completions"
"59933",1999-08-01,"Aug 1999","Row",35,"Scss","Completions"
"59933",1999-08-01,"Aug 1999","Apartment",593,"Scss","Completions"
"59933",1999-08-01,"Aug 1999","All",989,"Scss","Completions"
"59933",1999-09-01,"Sep 1999","Single",325,"Scss","Completions"
"59933",1999-09-01,"Sep 1999","Semi-Detached",32,"Scss","Completions"
"59933",1999-09-01,"Sep 1999","Row",117,"Scss","Completions"
"59933",1999-09-01,"Sep 1999","Apartment",1355,"Scss","Completions"
"59933",1999-09-01,"Sep 1999","All",1829,"Scss","Completions"
"59933",1999-10-01,"Oct 1999","Single",358,"Scss","Completions"
"59933",1999-10-01,"Oct 1999","Semi-Detached",24,"Scss","Completions"
"59933",1999-10-01,"Oct 1999","Row",75,"Scss","Completions"
"59933",1999-10-01,"Oct 1999","Apartment",285,"Scss","Completions"
"59933",1999-10-01,"Oct 1999","All",742,"Scss","Completions"
"59933",1999-11-01,"Nov 1999","Single",360,"Scss","Completions"
"59933",1999-11-01,"Nov 1999","Semi-Detached",46,"Scss","Completions"
"59933",1999-11-01,"Nov 1999","Row",180,"Scss","Completions"
"59933",1999-11-01,"Nov 1999","Apartment",711,"Scss","Completions"
"59933",1999-11-01,"Nov 1999","All",1297,"Scss","Completions"
"59933",1999-12-01,"Dec 1999","Single",336,"Scss","Completions"
"59933",1999-12-01,"Dec 1999","Semi-Detached",30,"Scss","Completions"
"59933",1999-12-01,"Dec 1999","Row",88,"Scss","Completions"
"59933",1999-12-01,"Dec 1999","Apartment",186,"Scss","Completions"
"59933",1999-12-01,"Dec 1999","All",640,"Scss","Completions"
"59933",2000-01-01,"Jan 2000","Single",299,"Scss","Completions"
"59933",2000-01-01,"Jan 2000","Semi-Detached",48,"Scss","Completions"
"59933",2000-01-01,"Jan 2000","Row",81,"Scss","Completions"
"59933",2000-01-01,"Jan 2000","Apartment",925,"Scss","Completions"
"59933",2000-01-01,"Jan 2000","All",1353,"Scss","Completions"
"59933",2000-02-01,"Feb 2000","Single",252,"Scss","Completions"
"59933",2000-02-01,"Feb 2000","Semi-Detached",30,"Scss","Completions"
"59933",2000-02-01,"Feb 2000","Row",34,"Scss","Completions"
"59933",2000-02-01,"Feb 2000","Apartment",352,"Scss","Completions"
"59933",2000-02-01,"Feb 2000","All",668,"Scss","Completions"
"59933",2000-03-01,"Mar 2000","Single",263,"Scss","Completions"
"59933",2000-03-01,"Mar 2000","Semi-Detached",42,"Scss","Completions"
"59933",2000-03-01,"Mar 2000","Row",27,"Scss","Completions"
"59933",2000-03-01,"Mar 2000","Apartment",265,"Scss","Completions"
"59933",2000-03-01,"Mar 2000","All",597,"Scss","Completions"
"59933",2000-04-01,"Apr 2000","Single",239,"Scss","Completions"
"59933",2000-04-01,"Apr 2000","Semi-Detached",22,"Scss","Completions"
"59933",2000-04-01,"Apr 2000","Row",64,"Scss","Completions"
"59933",2000-04-01,"Apr 2000","Apartment",666,"Scss","Completions"
"59933",2000-04-01,"Apr 2000","All",991,"Scss","Completions"
"59933",2000-05-01,"May 2000","Single",304,"Scss","Completions"
"59933",2000-05-01,"May 2000","Semi-Detached",26,"Scss","Completions"
"59933",2000-05-01,"May 2000","Row",79,"Scss","Completions"
"59933",2000-05-01,"May 2000","Apartment",202,"Scss","Completions"
"59933",2000-05-01,"May 2000","All",611,"Scss","Completions"
"59933",2000-06-01,"Jun 2000","Single",205,"Scss","Completions"
"59933",2000-06-01,"Jun 2000","Semi-Detached",16,"Scss","Completions"
"59933",2000-06-01,"Jun 2000","Row",51,"Scss","Completions"
"59933",2000-06-01,"Jun 2000","Apartment",291,"Scss","Completions"
"59933",2000-06-01,"Jun 2000","All",563,"Scss","Completions"
"59933",2000-07-01,"Jul 2000","Single",263,"Scss","Completions"
"59933",2000-07-01,"Jul 2000","Semi-Detached",34,"Scss","Completions"
"59933",2000-07-01,"Jul 2000","Row",57,"Scss","Completions"
"59933",2000-07-01,"Jul 2000","Apartment",411,"Scss","Completions"
"59933",2000-07-01,"Jul 2000","All",765,"Scss","Completions"
"59933",2000-08-01,"Aug 2000","Single",284,"Scss","Completions"
"59933",2000-08-01,"Aug 2000","Semi-Detached",34,"Scss","Completions"
"59933",2000-08-01,"Aug 2000","Row",116,"Scss","Completions"
"59933",2000-08-01,"Aug 2000","Apartment",301,"Scss","Completions"
"59933",2000-08-01,"Aug 2000","All",735,"Scss","Completions"
"59933",2000-09-01,"Sep 2000","Single",280,"Scss","Completions"
"59933",2000-09-01,"Sep 2000","Semi-Detached",64,"Scss","Completions"
"59933",2000-09-01,"Sep 2000","Row",121,"Scss","Completions"
"59933",2000-09-01,"Sep 2000","Apartment",177,"Scss","Completions"
"59933",2000-09-01,"Sep 2000","All",642,"Scss","Completions"
"59933",2000-10-01,"Oct 2000","Single",272,"Scss","Completions"
"59933",2000-10-01,"Oct 2000","Semi-Detached",34,"Scss","Completions"
"59933",2000-10-01,"Oct 2000","Row",85,"Scss","Completions"
"59933",2000-10-01,"Oct 2000","Apartment",179,"Scss","Completions"
"59933",2000-10-01,"Oct 2000","All",570,"Scss","Completions"
"59933",2000-11-01,"Nov 2000","Single",315,"Scss","Completions"
"59933",2000-11-01,"Nov 2000","Semi-Detached",60,"Scss","Completions"
"59933",2000-11-01,"Nov 2000","Row",130,"Scss","Completions"
"59933",2000-11-01,"Nov 2000","Apartment",129,"Scss","Completions"
"59933",2000-11-01,"Nov 2000","All",634,"Scss","Completions"
"59933",2000-12-01,"Dec 2000","Single",321,"Scss","Completions"
"59933",2000-12-01,"Dec 2000","Semi-Detached",42,"Scss","Completions"
"59933",2000-12-01,"Dec 2000","Row",123,"Scss","Completions"
"59933",2000-12-01,"Dec 2000","Apartment",491,"Scss","Completions"
"59933",2000-12-01,"Dec 2000","All",977,"Scss","Completions"
"59933",2001-01-01,"Jan 2001","Single",287,"Scss","Completions"
"59933",2001-01-01,"Jan 2001","Semi-Detached",38,"Scss","Completions"
"59933",2001-01-01,"Jan 2001","Row",142,"Scss","Completions"
"59933",2001-01-01,"Jan 2001","Apartment",241,"Scss","Completions"
"59933",2001-01-01,"Jan 2001","All",708,"Scss","Completions"
"59933",2001-02-01,"Feb 2001","Single",254,"Scss","Completions"
"59933",2001-02-01,"Feb 2001","Semi-Detached",28,"Scss","Completions"
"59933",2001-02-01,"Feb 2001","Row",70,"Scss","Completions"
"59933",2001-02-01,"Feb 2001","Apartment",107,"Scss","Completions"
"59933",2001-02-01,"Feb 2001","All",459,"Scss","Completions"
"59933",2001-03-01,"Mar 2001","Single",239,"Scss","Completions"
"59933",2001-03-01,"Mar 2001","Semi-Detached",48,"Scss","Completions"
"59933",2001-03-01,"Mar 2001","Row",81,"Scss","Completions"
"59933",2001-03-01,"Mar 2001","Apartment",201,"Scss","Completions"
"59933",2001-03-01,"Mar 2001","All",569,"Scss","Completions"
"59933",2001-04-01,"Apr 2001","Single",254,"Scss","Completions"
"59933",2001-04-01,"Apr 2001","Semi-Detached",54,"Scss","Completions"
"59933",2001-04-01,"Apr 2001","Row",209,"Scss","Completions"
"59933",2001-04-01,"Apr 2001","Apartment",322,"Scss","Completions"
"59933",2001-04-01,"Apr 2001","All",839,"Scss","Completions"
"59933",2001-05-01,"May 2001","Single",243,"Scss","Completions"
"59933",2001-05-01,"May 2001","Semi-Detached",50,"Scss","Completions"
"59933",2001-05-01,"May 2001","Row",100,"Scss","Completions"
"59933",2001-05-01,"May 2001","Apartment",465,"Scss","Completions"
"59933",2001-05-01,"May 2001","All",858,"Scss","Completions"
"59933",2001-06-01,"Jun 2001","Single",219,"Scss","Completions"
"59933",2001-06-01,"Jun 2001","Semi-Detached",30,"Scss","Completions"
"59933",2001-06-01,"Jun 2001","Row",91,"Scss","Completions"
"59933",2001-06-01,"Jun 2001","Apartment",178,"Scss","Completions"
"59933",2001-06-01,"Jun 2001","All",518,"Scss","Completions"
"59933",2001-07-01,"Jul 2001","Single",245,"Scss","Completions"
"59933",2001-07-01,"Jul 2001","Semi-Detached",48,"Scss","Completions"
"59933",2001-07-01,"Jul 2001","Row",178,"Scss","Completions"
"59933",2001-07-01,"Jul 2001","Apartment",387,"Scss","Completions"
"59933",2001-07-01,"Jul 2001","All",858,"Scss","Completions"
"59933",2001-08-01,"Aug 2001","Single",325,"Scss","Completions"
"59933",2001-08-01,"Aug 2001","Semi-Detached",52,"Scss","Completions"
"59933",2001-08-01,"Aug 2001","Row",169,"Scss","Completions"
"59933",2001-08-01,"Aug 2001","Apartment",187,"Scss","Completions"
"59933",2001-08-01,"Aug 2001","All",733,"Scss","Completions"
"59933",2001-09-01,"Sep 2001","Single",244,"Scss","Completions"
"59933",2001-09-01,"Sep 2001","Semi-Detached",24,"Scss","Completions"
"59933",2001-09-01,"Sep 2001","Row",77,"Scss","Completions"
"59933",2001-09-01,"Sep 2001","Apartment",396,"Scss","Completions"
"59933",2001-09-01,"Sep 2001","All",741,"Scss","Completions"
"59933",2001-10-01,"Oct 2001","Single",335,"Scss","Completions"
"59933",2001-10-01,"Oct 2001","Semi-Detached",62,"Scss","Completions"
"59933",2001-10-01,"Oct 2001","Row",52,"Scss","Completions"
"59933",2001-10-01,"Oct 2001","Apartment",194,"Scss","Completions"
"59933",2001-10-01,"Oct 2001","All",643,"Scss","Completions"
"59933",2001-11-01,"Nov 2001","Single",321,"Scss","Completions"
"59933",2001-11-01,"Nov 2001","Semi-Detached",36,"Scss","Completions"
"59933",2001-11-01,"Nov 2001","Row",64,"Scss","Completions"
"59933",2001-11-01,"Nov 2001","Apartment",168,"Scss","Completions"
"59933",2001-11-01,"Nov 2001","All",589,"Scss","Completions"
"59933",2001-12-01,"Dec 2001","Single",276,"Scss","Completions"
"59933",2001-12-01,"Dec 2001","Semi-Detached",24,"Scss","Completions"
"59933",2001-12-01,"Dec 2001","Row",59,"Scss","Completions"
"59933",2001-12-01,"Dec 2001","Apartment",130,"Scss","Completions"
"59933",2001-12-01,"Dec 2001","All",489,"Scss","Completions"
"59933",2002-01-01,"Jan 2002","Single",360,"Scss","Completions"
"59933",2002-01-01,"Jan 2002","Semi-Detached",30,"Scss","Completions"
"59933",2002-01-01,"Jan 2002","Row",100,"Scss","Completions"
"59933",2002-01-01,"Jan 2002","Apartment",792,"Scss","Completions"
"59933",2002-01-01,"Jan 2002","All",1282,"Scss","Completions"
"59933",2002-02-01,"Feb 2002","Single",262,"Scss","Completions"
"59933",2002-02-01,"Feb 2002","Semi-Detached",94,"Scss","Completions"
"59933",2002-02-01,"Feb 2002","Row",104,"Scss","Completions"
"59933",2002-02-01,"Feb 2002","Apartment",393,"Scss","Completions"
"59933",2002-02-01,"Feb 2002","All",853,"Scss","Completions"
"59933",2002-03-01,"Mar 2002","Single",317,"Scss","Completions"
"59933",2002-03-01,"Mar 2002","Semi-Detached",44,"Scss","Completions"
"59933",2002-03-01,"Mar 2002","Row",33,"Scss","Completions"
"59933",2002-03-01,"Mar 2002","Apartment",262,"Scss","Completions"
"59933",2002-03-01,"Mar 2002","All",656,"Scss","Completions"
"59933",2002-04-01,"Apr 2002","Single",264,"Scss","Completions"
"59933",2002-04-01,"Apr 2002","Semi-Detached",66,"Scss","Completions"
"59933",2002-04-01,"Apr 2002","Row",107,"Scss","Completions"
"59933",2002-04-01,"Apr 2002","Apartment",310,"Scss","Completions"
"59933",2002-04-01,"Apr 2002","All",747,"Scss","Completions"
"59933",2002-05-01,"May 2002","Single",307,"Scss","Completions"
"59933",2002-05-01,"May 2002","Semi-Detached",64,"Scss","Completions"
"59933",2002-05-01,"May 2002","Row",161,"Scss","Completions"
"59933",2002-05-01,"May 2002","Apartment",427,"Scss","Completions"
"59933",2002-05-01,"May 2002","All",959,"Scss","Completions"
"59933",2002-06-01,"Jun 2002","Single",305,"Scss","Completions"
"59933",2002-06-01,"Jun 2002","Semi-Detached",34,"Scss","Completions"
"59933",2002-06-01,"Jun 2002","Row",51,"Scss","Completions"
"59933",2002-06-01,"Jun 2002","Apartment",225,"Scss","Completions"
"59933",2002-06-01,"Jun 2002","All",615,"Scss","Completions"
"59933",2002-07-01,"Jul 2002","Single",380,"Scss","Completions"
"59933",2002-07-01,"Jul 2002","Semi-Detached",28,"Scss","Completions"
"59933",2002-07-01,"Jul 2002","Row",106,"Scss","Completions"
"59933",2002-07-01,"Jul 2002","Apartment",150,"Scss","Completions"
"59933",2002-07-01,"Jul 2002","All",664,"Scss","Completions"
"59933",2002-08-01,"Aug 2002","Single",426,"Scss","Completions"
"59933",2002-08-01,"Aug 2002","Semi-Detached",56,"Scss","Completions"
"59933",2002-08-01,"Aug 2002","Row",105,"Scss","Completions"
"59933",2002-08-01,"Aug 2002","Apartment",963,"Scss","Completions"
"59933",2002-08-01,"Aug 2002","All",1550,"Scss","Completions"
"59933",2002-09-01,"Sep 2002","Single",338,"Scss","Completions"
"59933",2002-09-01,"Sep 2002","Semi-Detached",52,"Scss","Completions"
"59933",2002-09-01,"Sep 2002","Row",103,"Scss","Completions"
"59933",2002-09-01,"Sep 2002","Apartment",412,"Scss","Completions"
"59933",2002-09-01,"Sep 2002","All",905,"Scss","Completions"
"59933",2002-10-01,"Oct 2002","Single",355,"Scss","Completions"
"59933",2002-10-01,"Oct 2002","Semi-Detached",60,"Scss","Completions"
"59933",2002-10-01,"Oct 2002","Row",88,"Scss","Completions"
"59933",2002-10-01,"Oct 2002","Apartment",784,"Scss","Completions"
"59933",2002-10-01,"Oct 2002","All",1287,"Scss","Completions"
"59933",2002-11-01,"Nov 2002","Single",366,"Scss","Completions"
"59933",2002-11-01,"Nov 2002","Semi-Detached",66,"Scss","Completions"
"59933",2002-11-01,"Nov 2002","Row",132,"Scss","Completions"
"59933",2002-11-01,"Nov 2002","Apartment",362,"Scss","Completions"
"59933",2002-11-01,"Nov 2002","All",926,"Scss","Completions"
"59933",2002-12-01,"Dec 2002","Single",380,"Scss","Completions"
"59933",2002-12-01,"Dec 2002","Semi-Detached",74,"Scss","Completions"
"59933",2002-12-01,"Dec 2002","Row",218,"Scss","Completions"
"59933",2002-12-01,"Dec 2002","Apartment",952,"Scss","Completions"
"59933",2002-12-01,"Dec 2002","All",1624,"Scss","Completions"
"59933",2003-01-01,"Jan 2003","Single",471,"Scss","Completions"
"59933",2003-01-01,"Jan 2003","Semi-Detached",38,"Scss","Completions"
"59933",2003-01-01,"Jan 2003","Row",113,"Scss","Completions"
"59933",2003-01-01,"Jan 2003","Apartment",407,"Scss","Completions"
"59933",2003-01-01,"Jan 2003","All",1029,"Scss","Completions"
"59933",2003-02-01,"Feb 2003","Single",324,"Scss","Completions"
"59933",2003-02-01,"Feb 2003","Semi-Detached",16,"Scss","Completions"
"59933",2003-02-01,"Feb 2003","Row",111,"Scss","Completions"
"59933",2003-02-01,"Feb 2003","Apartment",144,"Scss","Completions"
"59933",2003-02-01,"Feb 2003","All",595,"Scss","Completions"
"59933",2003-03-01,"Mar 2003","Single",377,"Scss","Completions"
"59933",2003-03-01,"Mar 2003","Semi-Detached",76,"Scss","Completions"
"59933",2003-03-01,"Mar 2003","Row",129,"Scss","Completions"
"59933",2003-03-01,"Mar 2003","Apartment",330,"Scss","Completions"
"59933",2003-03-01,"Mar 2003","All",912,"Scss","Completions"
"59933",2003-04-01,"Apr 2003","Single",378,"Scss","Completions"
"59933",2003-04-01,"Apr 2003","Semi-Detached",46,"Scss","Completions"
"59933",2003-04-01,"Apr 2003","Row",173,"Scss","Completions"
"59933",2003-04-01,"Apr 2003","Apartment",410,"Scss","Completions"
"59933",2003-04-01,"Apr 2003","All",1007,"Scss","Completions"
"59933",2003-05-01,"May 2003","Single",508,"Scss","Completions"
"59933",2003-05-01,"May 2003","Semi-Detached",104,"Scss","Completions"
"59933",2003-05-01,"May 2003","Row",193,"Scss","Completions"
"59933",2003-05-01,"May 2003","Apartment",811,"Scss","Completions"
"59933",2003-05-01,"May 2003","All",1616,"Scss","Completions"
"59933",2003-06-01,"Jun 2003","Single",469,"Scss","Completions"
"59933",2003-06-01,"Jun 2003","Semi-Detached",118,"Scss","Completions"
"59933",2003-06-01,"Jun 2003","Row",193,"Scss","Completions"
"59933",2003-06-01,"Jun 2003","Apartment",116,"Scss","Completions"
"59933",2003-06-01,"Jun 2003","All",896,"Scss","Completions"
"59933",2003-07-01,"Jul 2003","Single",512,"Scss","Completions"
"59933",2003-07-01,"Jul 2003","Semi-Detached",28,"Scss","Completions"
"59933",2003-07-01,"Jul 2003","Row",166,"Scss","Completions"
"59933",2003-07-01,"Jul 2003","Apartment",624,"Scss","Completions"
"59933",2003-07-01,"Jul 2003","All",1330,"Scss","Completions"
"59933",2003-08-01,"Aug 2003","Single",459,"Scss","Completions"
"59933",2003-08-01,"Aug 2003","Semi-Detached",32,"Scss","Completions"
"59933",2003-08-01,"Aug 2003","Row",155,"Scss","Completions"
"59933",2003-08-01,"Aug 2003","Apartment",559,"Scss","Completions"
"59933",2003-08-01,"Aug 2003","All",1205,"Scss","Completions"
"59933",2003-09-01,"Sep 2003","Single",494,"Scss","Completions"
"59933",2003-09-01,"Sep 2003","Semi-Detached",70,"Scss","Completions"
"59933",2003-09-01,"Sep 2003","Row",270,"Scss","Completions"
"59933",2003-09-01,"Sep 2003","Apartment",506,"Scss","Completions"
"59933",2003-09-01,"Sep 2003","All",1340,"Scss","Completions"
"59933",2003-10-01,"Oct 2003","Single",474,"Scss","Completions"
"59933",2003-10-01,"Oct 2003","Semi-Detached",44,"Scss","Completions"
"59933",2003-10-01,"Oct 2003","Row",282,"Scss","Completions"
"59933",2003-10-01,"Oct 2003","Apartment",704,"Scss","Completions"
"59933",2003-10-01,"Oct 2003","All",1504,"Scss","Completions"
"59933",2003-11-01,"Nov 2003","Single",451,"Scss","Completions"
"59933",2003-11-01,"Nov 2003","Semi-Detached",54,"Scss","Completions"
"59933",2003-11-01,"Nov 2003","Row",96,"Scss","Completions"
"59933",2003-11-01,"Nov 2003","Apartment",199,"Scss","Completions"
"59933",2003-11-01,"Nov 2003","All",800,"Scss","Completions"
"59933",2003-12-01,"Dec 2003","Single",358,"Scss","Completions"
"59933",2003-12-01,"Dec 2003","Semi-Detached",48,"Scss","Completions"
"59933",2003-12-01,"Dec 2003","Row",151,"Scss","Completions"
"59933",2003-12-01,"Dec 2003","Apartment",603,"Scss","Completions"
"59933",2003-12-01,"Dec 2003","All",1160,"Scss","Completions"
"59933",2004-01-01,"Jan 2004","Single",414,"Scss","Completions"
"59933",2004-01-01,"Jan 2004","Semi-Detached",46,"Scss","Completions"
"59933",2004-01-01,"Jan 2004","Row",185,"Scss","Completions"
"59933",2004-01-01,"Jan 2004","Apartment",503,"Scss","Completions"
"59933",2004-01-01,"Jan 2004","All",1148,"Scss","Completions"
"59933",2004-02-01,"Feb 2004","Single",394,"Scss","Completions"
"59933",2004-02-01,"Feb 2004","Semi-Detached",30,"Scss","Completions"
"59933",2004-02-01,"Feb 2004","Row",138,"Scss","Completions"
"59933",2004-02-01,"Feb 2004","Apartment",439,"Scss","Completions"
"59933",2004-02-01,"Feb 2004","All",1001,"Scss","Completions"
"59933",2004-03-01,"Mar 2004","Single",389,"Scss","Completions"
"59933",2004-03-01,"Mar 2004","Semi-Detached",48,"Scss","Completions"
"59933",2004-03-01,"Mar 2004","Row",151,"Scss","Completions"
"59933",2004-03-01,"Mar 2004","Apartment",327,"Scss","Completions"
"59933",2004-03-01,"Mar 2004","All",915,"Scss","Completions"
"59933",2004-04-01,"Apr 2004","Single",434,"Scss","Completions"
"59933",2004-04-01,"Apr 2004","Semi-Detached",102,"Scss","Completions"
"59933",2004-04-01,"Apr 2004","Row",232,"Scss","Completions"
"59933",2004-04-01,"Apr 2004","Apartment",388,"Scss","Completions"
"59933",2004-04-01,"Apr 2004","All",1156,"Scss","Completions"
"59933",2004-05-01,"May 2004","Single",418,"Scss","Completions"
"59933",2004-05-01,"May 2004","Semi-Detached",52,"Scss","Completions"
"59933",2004-05-01,"May 2004","Row",257,"Scss","Completions"
"59933",2004-05-01,"May 2004","Apartment",342,"Scss","Completions"
"59933",2004-05-01,"May 2004","All",1069,"Scss","Completions"
"59933",2004-06-01,"Jun 2004","Single",358,"Scss","Completions"
"59933",2004-06-01,"Jun 2004","Semi-Detached",86,"Scss","Completions"
"59933",2004-06-01,"Jun 2004","Row",249,"Scss","Completions"
"59933",2004-06-01,"Jun 2004","Apartment",536,"Scss","Completions"
"59933",2004-06-01,"Jun 2004","All",1229,"Scss","Completions"
"59933",2004-07-01,"Jul 2004","Single",454,"Scss","Completions"
"59933",2004-07-01,"Jul 2004","Semi-Detached",56,"Scss","Completions"
"59933",2004-07-01,"Jul 2004","Row",161,"Scss","Completions"
"59933",2004-07-01,"Jul 2004","Apartment",347,"Scss","Completions"
"59933",2004-07-01,"Jul 2004","All",1018,"Scss","Completions"
"59933",2004-08-01,"Aug 2004","Single",456,"Scss","Completions"
"59933",2004-08-01,"Aug 2004","Semi-Detached",84,"Scss","Completions"
"59933",2004-08-01,"Aug 2004","Row",227,"Scss","Completions"
"59933",2004-08-01,"Aug 2004","Apartment",1246,"Scss","Completions"
"59933",2004-08-01,"Aug 2004","All",2013,"Scss","Completions"
"59933",2004-09-01,"Sep 2004","Single",536,"Scss","Completions"
"59933",2004-09-01,"Sep 2004","Semi-Detached",48,"Scss","Completions"
"59933",2004-09-01,"Sep 2004","Row",196,"Scss","Completions"
"59933",2004-09-01,"Sep 2004","Apartment",145,"Scss","Completions"
"59933",2004-09-01,"Sep 2004","All",925,"Scss","Completions"
"59933",2004-10-01,"Oct 2004","Single",520,"Scss","Completions"
"59933",2004-10-01,"Oct 2004","Semi-Detached",66,"Scss","Completions"
"59933",2004-10-01,"Oct 2004","Row",194,"Scss","Completions"
"59933",2004-10-01,"Oct 2004","Apartment",284,"Scss","Completions"
"59933",2004-10-01,"Oct 2004","All",1064,"Scss","Completions"
"59933",2004-11-01,"Nov 2004","Single",411,"Scss","Completions"
"59933",2004-11-01,"Nov 2004","Semi-Detached",58,"Scss","Completions"
"59933",2004-11-01,"Nov 2004","Row",187,"Scss","Completions"
"59933",2004-11-01,"Nov 2004","Apartment",342,"Scss","Completions"
"59933",2004-11-01,"Nov 2004","All",998,"Scss","Completions"
"59933",2004-12-01,"Dec 2004","Single",488,"Scss","Completions"
"59933",2004-12-01,"Dec 2004","Semi-Detached",82,"Scss","Completions"
"59933",2004-12-01,"Dec 2004","Row",274,"Scss","Completions"
"59933",2004-12-01,"Dec 2004","Apartment",922,"Scss","Completions"
"59933",2004-12-01,"Dec 2004","All",1766,"Scss","Completions"
"59933",2005-01-01,"Jan 2005","Single",457,"Scss","Completions"
"59933",2005-01-01,"Jan 2005","Semi-Detached",44,"Scss","Completions"
"59933",2005-01-01,"Jan 2005","Row",170,"Scss","Completions"
"59933",2005-01-01,"Jan 2005","Apartment",633,"Scss","Completions"
"59933",2005-01-01,"Jan 2005","All",1304,"Scss","Completions"
"59933",2005-02-01,"Feb 2005","Single",328,"Scss","Completions"
"59933",2005-02-01,"Feb 2005","Semi-Detached",60,"Scss","Completions"
"59933",2005-02-01,"Feb 2005","Row",162,"Scss","Completions"
"59933",2005-02-01,"Feb 2005","Apartment",558,"Scss","Completions"
"59933",2005-02-01,"Feb 2005","All",1108,"Scss","Completions"
"59933",2005-03-01,"Mar 2005","Single",363,"Scss","Completions"
"59933",2005-03-01,"Mar 2005","Semi-Detached",54,"Scss","Completions"
"59933",2005-03-01,"Mar 2005","Row",375,"Scss","Completions"
"59933",2005-03-01,"Mar 2005","Apartment",591,"Scss","Completions"
"59933",2005-03-01,"Mar 2005","All",1383,"Scss","Completions"
"59933",2005-04-01,"Apr 2005","Single",426,"Scss","Completions"
"59933",2005-04-01,"Apr 2005","Semi-Detached",50,"Scss","Completions"
"59933",2005-04-01,"Apr 2005","Row",153,"Scss","Completions"
"59933",2005-04-01,"Apr 2005","Apartment",1609,"Scss","Completions"
"59933",2005-04-01,"Apr 2005","All",2238,"Scss","Completions"
"59933",2005-05-01,"May 2005","Single",353,"Scss","Completions"
"59933",2005-05-01,"May 2005","Semi-Detached",94,"Scss","Completions"
"59933",2005-05-01,"May 2005","Row",248,"Scss","Completions"
"59933",2005-05-01,"May 2005","Apartment",813,"Scss","Completions"
"59933",2005-05-01,"May 2005","All",1508,"Scss","Completions"
"59933",2005-06-01,"Jun 2005","Single",427,"Scss","Completions"
"59933",2005-06-01,"Jun 2005","Semi-Detached",86,"Scss","Completions"
"59933",2005-06-01,"Jun 2005","Row",285,"Scss","Completions"
"59933",2005-06-01,"Jun 2005","Apartment",356,"Scss","Completions"
"59933",2005-06-01,"Jun 2005","All",1154,"Scss","Completions"
"59933",2005-07-01,"Jul 2005","Single",383,"Scss","Completions"
"59933",2005-07-01,"Jul 2005","Semi-Detached",70,"Scss","Completions"
"59933",2005-07-01,"Jul 2005","Row",349,"Scss","Completions"
"59933",2005-07-01,"Jul 2005","Apartment",357,"Scss","Completions"
"59933",2005-07-01,"Jul 2005","All",1159,"Scss","Completions"
"59933",2005-08-01,"Aug 2005","Single",379,"Scss","Completions"
"59933",2005-08-01,"Aug 2005","Semi-Detached",112,"Scss","Completions"
"59933",2005-08-01,"Aug 2005","Row",308,"Scss","Completions"
"59933",2005-08-01,"Aug 2005","Apartment",160,"Scss","Completions"
"59933",2005-08-01,"Aug 2005","All",959,"Scss","Completions"
"59933",2005-09-01,"Sep 2005","Single",419,"Scss","Completions"
"59933",2005-09-01,"Sep 2005","Semi-Detached",64,"Scss","Completions"
"59933",2005-09-01,"Sep 2005","Row",193,"Scss","Completions"
"59933",2005-09-01,"Sep 2005","Apartment",601,"Scss","Completions"
"59933",2005-09-01,"Sep 2005","All",1277,"Scss","Completions"
"59933",2005-10-01,"Oct 2005","Single",345,"Scss","Completions"
"59933",2005-10-01,"Oct 2005","Semi-Detached",60,"Scss","Completions"
"59933",2005-10-01,"Oct 2005","Row",382,"Scss","Completions"
"59933",2005-10-01,"Oct 2005","Apartment",896,"Scss","Completions"
"59933",2005-10-01,"Oct 2005","All",1683,"Scss","Completions"
"59933",2005-11-01,"Nov 2005","Single",369,"Scss","Completions"
"59933",2005-11-01,"Nov 2005","Semi-Detached",52,"Scss","Completions"
"59933",2005-11-01,"Nov 2005","Row",181,"Scss","Completions"
"59933",2005-11-01,"Nov 2005","Apartment",136,"Scss","Completions"
"59933",2005-11-01,"Nov 2005","All",738,"Scss","Completions"
"59933",2005-12-01,"Dec 2005","Single",443,"Scss","Completions"
"59933",2005-12-01,"Dec 2005","Semi-Detached",48,"Scss","Completions"
"59933",2005-12-01,"Dec 2005","Row",329,"Scss","Completions"
"59933",2005-12-01,"Dec 2005","Apartment",503,"Scss","Completions"
"59933",2005-12-01,"Dec 2005","All",1323,"Scss","Completions"
"59933",2006-01-01,"Jan 2006","Single",366,"Scss","Completions"
"59933",2006-01-01,"Jan 2006","Semi-Detached",100,"Scss","Completions"
"59933",2006-01-01,"Jan 2006","Row",196,"Scss","Completions"
"59933",2006-01-01,"Jan 2006","Apartment",93,"Scss","Completions"
"59933",2006-01-01,"Jan 2006","All",755,"Scss","Completions"
"59933",2006-02-01,"Feb 2006","Single",436,"Scss","Completions"
"59933",2006-02-01,"Feb 2006","Semi-Detached",74,"Scss","Completions"
"59933",2006-02-01,"Feb 2006","Row",462,"Scss","Completions"
"59933",2006-02-01,"Feb 2006","Apartment",3090,"Scss","Completions"
"59933",2006-02-01,"Feb 2006","All",4062,"Scss","Completions"
"59933",2006-03-01,"Mar 2006","Single",465,"Scss","Completions"
"59933",2006-03-01,"Mar 2006","Semi-Detached",66,"Scss","Completions"
"59933",2006-03-01,"Mar 2006","Row",302,"Scss","Completions"
"59933",2006-03-01,"Mar 2006","Apartment",70,"Scss","Completions"
"59933",2006-03-01,"Mar 2006","All",903,"Scss","Completions"
"59933",2006-04-01,"Apr 2006","Single",497,"Scss","Completions"
"59933",2006-04-01,"Apr 2006","Semi-Detached",114,"Scss","Completions"
"59933",2006-04-01,"Apr 2006","Row",245,"Scss","Completions"
"59933",2006-04-01,"Apr 2006","Apartment",762,"Scss","Completions"
"59933",2006-04-01,"Apr 2006","All",1618,"Scss","Completions"
"59933",2006-05-01,"May 2006","Single",470,"Scss","Completions"
"59933",2006-05-01,"May 2006","Semi-Detached",50,"Scss","Completions"
"59933",2006-05-01,"May 2006","Row",242,"Scss","Completions"
"59933",2006-05-01,"May 2006","Apartment",690,"Scss","Completions"
"59933",2006-05-01,"May 2006","All",1452,"Scss","Completions"
"59933",2006-06-01,"Jun 2006","Single",438,"Scss","Completions"
"59933",2006-06-01,"Jun 2006","Semi-Detached",46,"Scss","Completions"
"59933",2006-06-01,"Jun 2006","Row",366,"Scss","Completions"
"59933",2006-06-01,"Jun 2006","Apartment",459,"Scss","Completions"
"59933",2006-06-01,"Jun 2006","All",1309,"Scss","Completions"
"59933",2006-07-01,"Jul 2006","Single",445,"Scss","Completions"
"59933",2006-07-01,"Jul 2006","Semi-Detached",66,"Scss","Completions"
"59933",2006-07-01,"Jul 2006","Row",198,"Scss","Completions"
"59933",2006-07-01,"Jul 2006","Apartment",827,"Scss","Completions"
"59933",2006-07-01,"Jul 2006","All",1536,"Scss","Completions"
"59933",2006-08-01,"Aug 2006","Single",429,"Scss","Completions"
"59933",2006-08-01,"Aug 2006","Semi-Detached",74,"Scss","Completions"
"59933",2006-08-01,"Aug 2006","Row",136,"Scss","Completions"
"59933",2006-08-01,"Aug 2006","Apartment",613,"Scss","Completions"
"59933",2006-08-01,"Aug 2006","All",1252,"Scss","Completions"
"59933",2006-09-01,"Sep 2006","Single",502,"Scss","Completions"
"59933",2006-09-01,"Sep 2006","Semi-Detached",62,"Scss","Completions"
"59933",2006-09-01,"Sep 2006","Row",142,"Scss","Completions"
"59933",2006-09-01,"Sep 2006","Apartment",542,"Scss","Completions"
"59933",2006-09-01,"Sep 2006","All",1248,"Scss","Completions"
"59933",2006-10-01,"Oct 2006","Single",430,"Scss","Completions"
"59933",2006-10-01,"Oct 2006","Semi-Detached",50,"Scss","Completions"
"59933",2006-10-01,"Oct 2006","Row",261,"Scss","Completions"
"59933",2006-10-01,"Oct 2006","Apartment",525,"Scss","Completions"
"59933",2006-10-01,"Oct 2006","All",1266,"Scss","Completions"
"59933",2006-11-01,"Nov 2006","Single",420,"Scss","Completions"
"59933",2006-11-01,"Nov 2006","Semi-Detached",46,"Scss","Completions"
"59933",2006-11-01,"Nov 2006","Row",224,"Scss","Completions"
"59933",2006-11-01,"Nov 2006","Apartment",540,"Scss","Completions"
"59933",2006-11-01,"Nov 2006","All",1230,"Scss","Completions"
"59933",2006-12-01,"Dec 2006","Single",408,"Scss","Completions"
"59933",2006-12-01,"Dec 2006","Semi-Detached",50,"Scss","Completions"
"59933",2006-12-01,"Dec 2006","Row",173,"Scss","Completions"
"59933",2006-12-01,"Dec 2006","Apartment",810,"Scss","Completions"
"59933",2006-12-01,"Dec 2006","All",1441,"Scss","Completions"
"59933",2007-01-01,"Jan 2007","Single",411,"Scss","Completions"
"59933",2007-01-01,"Jan 2007","Semi-Detached",52,"Scss","Completions"
"59933",2007-01-01,"Jan 2007","Row",159,"Scss","Completions"
"59933",2007-01-01,"Jan 2007","Apartment",1310,"Scss","Completions"
"59933",2007-01-01,"Jan 2007","All",1932,"Scss","Completions"
"59933",2007-02-01,"Feb 2007","Single",400,"Scss","Completions"
"59933",2007-02-01,"Feb 2007","Semi-Detached",40,"Scss","Completions"
"59933",2007-02-01,"Feb 2007","Row",180,"Scss","Completions"
"59933",2007-02-01,"Feb 2007","Apartment",860,"Scss","Completions"
"59933",2007-02-01,"Feb 2007","All",1480,"Scss","Completions"
"59933",2007-03-01,"Mar 2007","Single",347,"Scss","Completions"
"59933",2007-03-01,"Mar 2007","Semi-Detached",36,"Scss","Completions"
"59933",2007-03-01,"Mar 2007","Row",147,"Scss","Completions"
"59933",2007-03-01,"Mar 2007","Apartment",672,"Scss","Completions"
"59933",2007-03-01,"Mar 2007","All",1202,"Scss","Completions"
"59933",2007-04-01,"Apr 2007","Single",393,"Scss","Completions"
"59933",2007-04-01,"Apr 2007","Semi-Detached",60,"Scss","Completions"
"59933",2007-04-01,"Apr 2007","Row",195,"Scss","Completions"
"59933",2007-04-01,"Apr 2007","Apartment",740,"Scss","Completions"
"59933",2007-04-01,"Apr 2007","All",1388,"Scss","Completions"
"59933",2007-05-01,"May 2007","Single",412,"Scss","Completions"
"59933",2007-05-01,"May 2007","Semi-Detached",60,"Scss","Completions"
"59933",2007-05-01,"May 2007","Row",445,"Scss","Completions"
"59933",2007-05-01,"May 2007","Apartment",1344,"Scss","Completions"
"59933",2007-05-01,"May 2007","All",2261,"Scss","Completions"
"59933",2007-06-01,"Jun 2007","Single",395,"Scss","Completions"
"59933",2007-06-01,"Jun 2007","Semi-Detached",34,"Scss","Completions"
"59933",2007-06-01,"Jun 2007","Row",185,"Scss","Completions"
"59933",2007-06-01,"Jun 2007","Apartment",684,"Scss","Completions"
"59933",2007-06-01,"Jun 2007","All",1298,"Scss","Completions"
"59933",2007-07-01,"Jul 2007","Single",370,"Scss","Completions"
"59933",2007-07-01,"Jul 2007","Semi-Detached",50,"Scss","Completions"
"59933",2007-07-01,"Jul 2007","Row",224,"Scss","Completions"
"59933",2007-07-01,"Jul 2007","Apartment",890,"Scss","Completions"
"59933",2007-07-01,"Jul 2007","All",1534,"Scss","Completions"
"59933",2007-08-01,"Aug 2007","Single",405,"Scss","Completions"
"59933",2007-08-01,"Aug 2007","Semi-Detached",56,"Scss","Completions"
"59933",2007-08-01,"Aug 2007","Row",305,"Scss","Completions"
"59933",2007-08-01,"Aug 2007","Apartment",620,"Scss","Completions"
"59933",2007-08-01,"Aug 2007","All",1386,"Scss","Completions"
"59933",2007-09-01,"Sep 2007","Single",353,"Scss","Completions"
"59933",2007-09-01,"Sep 2007","Semi-Detached",66,"Scss","Completions"
"59933",2007-09-01,"Sep 2007","Row",234,"Scss","Completions"
"59933",2007-09-01,"Sep 2007","Apartment",815,"Scss","Completions"
"59933",2007-09-01,"Sep 2007","All",1468,"Scss","Completions"
"59933",2007-10-01,"Oct 2007","Single",291,"Scss","Completions"
"59933",2007-10-01,"Oct 2007","Semi-Detached",34,"Scss","Completions"
"59933",2007-10-01,"Oct 2007","Row",193,"Scss","Completions"
"59933",2007-10-01,"Oct 2007","Apartment",549,"Scss","Completions"
"59933",2007-10-01,"Oct 2007","All",1067,"Scss","Completions"
"59933",2007-11-01,"Nov 2007","Single",422,"Scss","Completions"
"59933",2007-11-01,"Nov 2007","Semi-Detached",84,"Scss","Completions"
"59933",2007-11-01,"Nov 2007","Row",412,"Scss","Completions"
"59933",2007-11-01,"Nov 2007","Apartment",548,"Scss","Completions"
"59933",2007-11-01,"Nov 2007","All",1466,"Scss","Completions"
"59933",2007-12-01,"Dec 2007","Single",353,"Scss","Completions"
"59933",2007-12-01,"Dec 2007","Semi-Detached",76,"Scss","Completions"
"59933",2007-12-01,"Dec 2007","Row",271,"Scss","Completions"
"59933",2007-12-01,"Dec 2007","Apartment",634,"Scss","Completions"
"59933",2007-12-01,"Dec 2007","All",1334,"Scss","Completions"
"59933",2008-01-01,"Jan 2008","Single",352,"Scss","Completions"
"59933",2008-01-01,"Jan 2008","Semi-Detached",58,"Scss","Completions"
"59933",2008-01-01,"Jan 2008","Row",96,"Scss","Completions"
"59933",2008-01-01,"Jan 2008","Apartment",332,"Scss","Completions"
"59933",2008-01-01,"Jan 2008","All",838,"Scss","Completions"
"59933",2008-02-01,"Feb 2008","Single",336,"Scss","Completions"
"59933",2008-02-01,"Feb 2008","Semi-Detached",18,"Scss","Completions"
"59933",2008-02-01,"Feb 2008","Row",241,"Scss","Completions"
"59933",2008-02-01,"Feb 2008","Apartment",889,"Scss","Completions"
"59933",2008-02-01,"Feb 2008","All",1484,"Scss","Completions"
"59933",2008-03-01,"Mar 2008","Single",276,"Scss","Completions"
"59933",2008-03-01,"Mar 2008","Semi-Detached",52,"Scss","Completions"
"59933",2008-03-01,"Mar 2008","Row",145,"Scss","Completions"
"59933",2008-03-01,"Mar 2008","Apartment",417,"Scss","Completions"
"59933",2008-03-01,"Mar 2008","All",890,"Scss","Completions"
"59933",2008-04-01,"Apr 2008","Single",282,"Scss","Completions"
"59933",2008-04-01,"Apr 2008","Semi-Detached",30,"Scss","Completions"
"59933",2008-04-01,"Apr 2008","Row",132,"Scss","Completions"
"59933",2008-04-01,"Apr 2008","Apartment",1884,"Scss","Completions"
"59933",2008-04-01,"Apr 2008","All",2328,"Scss","Completions"
"59933",2008-05-01,"May 2008","Single",314,"Scss","Completions"
"59933",2008-05-01,"May 2008","Semi-Detached",40,"Scss","Completions"
"59933",2008-05-01,"May 2008","Row",126,"Scss","Completions"
"59933",2008-05-01,"May 2008","Apartment",1216,"Scss","Completions"
"59933",2008-05-01,"May 2008","All",1696,"Scss","Completions"
"59933",2008-06-01,"Jun 2008","Single",320,"Scss","Completions"
"59933",2008-06-01,"Jun 2008","Semi-Detached",48,"Scss","Completions"
"59933",2008-06-01,"Jun 2008","Row",187,"Scss","Completions"
"59933",2008-06-01,"Jun 2008","Apartment",1045,"Scss","Completions"
"59933",2008-06-01,"Jun 2008","All",1600,"Scss","Completions"
"59933",2008-07-01,"Jul 2008","Single",310,"Scss","Completions"
"59933",2008-07-01,"Jul 2008","Semi-Detached",92,"Scss","Completions"
"59933",2008-07-01,"Jul 2008","Row",317,"Scss","Completions"
"59933",2008-07-01,"Jul 2008","Apartment",1443,"Scss","Completions"
"59933",2008-07-01,"Jul 2008","All",2162,"Scss","Completions"
"59933",2008-08-01,"Aug 2008","Single",317,"Scss","Completions"
"59933",2008-08-01,"Aug 2008","Semi-Detached",26,"Scss","Completions"
"59933",2008-08-01,"Aug 2008","Row",219,"Scss","Completions"
"59933",2008-08-01,"Aug 2008","Apartment",896,"Scss","Completions"
"59933",2008-08-01,"Aug 2008","All",1458,"Scss","Completions"
"59933",2008-09-01,"Sep 2008","Single",327,"Scss","Completions"
"59933",2008-09-01,"Sep 2008","Semi-Detached",80,"Scss","Completions"
"59933",2008-09-01,"Sep 2008","Row",228,"Scss","Completions"
"59933",2008-09-01,"Sep 2008","Apartment",926,"Scss","Completions"
"59933",2008-09-01,"Sep 2008","All",1561,"Scss","Completions"
"59933",2008-10-01,"Oct 2008","Single",325,"Scss","Completions"
"59933",2008-10-01,"Oct 2008","Semi-Detached",48,"Scss","Completions"
"59933",2008-10-01,"Oct 2008","Row",160,"Scss","Completions"
"59933",2008-10-01,"Oct 2008","Apartment",1367,"Scss","Completions"
"59933",2008-10-01,"Oct 2008","All",1900,"Scss","Completions"
"59933",2008-11-01,"Nov 2008","Single",298,"Scss","Completions"
"59933",2008-11-01,"Nov 2008","Semi-Detached",44,"Scss","Completions"
"59933",2008-11-01,"Nov 2008","Row",271,"Scss","Completions"
"59933",2008-11-01,"Nov 2008","Apartment",1015,"Scss","Completions"
"59933",2008-11-01,"Nov 2008","All",1628,"Scss","Completions"
"59933",2008-12-01,"Dec 2008","Single",259,"Scss","Completions"
"59933",2008-12-01,"Dec 2008","Semi-Detached",26,"Scss","Completions"
"59933",2008-12-01,"Dec 2008","Row",115,"Scss","Completions"
"59933",2008-12-01,"Dec 2008","Apartment",1205,"Scss","Completions"
"59933",2008-12-01,"Dec 2008","All",1605,"Scss","Completions"
"59933",2009-01-01,"Jan 2009","Single",254,"Scss","Completions"
"59933",2009-01-01,"Jan 2009","Semi-Detached",50,"Scss","Completions"
"59933",2009-01-01,"Jan 2009","Row",102,"Scss","Completions"
"59933",2009-01-01,"Jan 2009","Apartment",1025,"Scss","Completions"
"59933",2009-01-01,"Jan 2009","All",1431,"Scss","Completions"
"59933",2009-02-01,"Feb 2009","Single",280,"Scss","Completions"
"59933",2009-02-01,"Feb 2009","Semi-Detached",50,"Scss","Completions"
"59933",2009-02-01,"Feb 2009","Row",173,"Scss","Completions"
"59933",2009-02-01,"Feb 2009","Apartment",738,"Scss","Completions"
"59933",2009-02-01,"Feb 2009","All",1241,"Scss","Completions"
"59933",2009-03-01,"Mar 2009","Single",264,"Scss","Completions"
"59933",2009-03-01,"Mar 2009","Semi-Detached",38,"Scss","Completions"
"59933",2009-03-01,"Mar 2009","Row",178,"Scss","Completions"
"59933",2009-03-01,"Mar 2009","Apartment",680,"Scss","Completions"
"59933",2009-03-01,"Mar 2009","All",1160,"Scss","Completions"
"59933",2009-04-01,"Apr 2009","Single",229,"Scss","Completions"
"59933",2009-04-01,"Apr 2009","Semi-Detached",64,"Scss","Completions"
"59933",2009-04-01,"Apr 2009","Row",289,"Scss","Completions"
"59933",2009-04-01,"Apr 2009","Apartment",963,"Scss","Completions"
"59933",2009-04-01,"Apr 2009","All",1545,"Scss","Completions"
"59933",2009-05-01,"May 2009","Single",305,"Scss","Completions"
"59933",2009-05-01,"May 2009","Semi-Detached",24,"Scss","Completions"
"59933",2009-05-01,"May 2009","Row",208,"Scss","Completions"
"59933",2009-05-01,"May 2009","Apartment",1248,"Scss","Completions"
"59933",2009-05-01,"May 2009","All",1785,"Scss","Completions"
"59933",2009-06-01,"Jun 2009","Single",341,"Scss","Completions"
"59933",2009-06-01,"Jun 2009","Semi-Detached",94,"Scss","Completions"
"59933",2009-06-01,"Jun 2009","Row",192,"Scss","Completions"
"59933",2009-06-01,"Jun 2009","Apartment",1422,"Scss","Completions"
"59933",2009-06-01,"Jun 2009","All",2049,"Scss","Completions"
"59933",2009-07-01,"Jul 2009","Single",285,"Scss","Completions"
"59933",2009-07-01,"Jul 2009","Semi-Detached",76,"Scss","Completions"
"59933",2009-07-01,"Jul 2009","Row",315,"Scss","Completions"
"59933",2009-07-01,"Jul 2009","Apartment",249,"Scss","Completions"
"59933",2009-07-01,"Jul 2009","All",925,"Scss","Completions"
"59933",2009-08-01,"Aug 2009","Single",317,"Scss","Completions"
"59933",2009-08-01,"Aug 2009","Semi-Detached",28,"Scss","Completions"
"59933",2009-08-01,"Aug 2009","Row",138,"Scss","Completions"
"59933",2009-08-01,"Aug 2009","Apartment",744,"Scss","Completions"
"59933",2009-08-01,"Aug 2009","All",1227,"Scss","Completions"
"59933",2009-09-01,"Sep 2009","Single",256,"Scss","Completions"
"59933",2009-09-01,"Sep 2009","Semi-Detached",17,"Scss","Completions"
"59933",2009-09-01,"Sep 2009","Row",190,"Scss","Completions"
"59933",2009-09-01,"Sep 2009","Apartment",491,"Scss","Completions"
"59933",2009-09-01,"Sep 2009","All",954,"Scss","Completions"
"59933",2009-10-01,"Oct 2009","Single",210,"Scss","Completions"
"59933",2009-10-01,"Oct 2009","Semi-Detached",38,"Scss","Completions"
"59933",2009-10-01,"Oct 2009","Row",156,"Scss","Completions"
"59933",2009-10-01,"Oct 2009","Apartment",755,"Scss","Completions"
"59933",2009-10-01,"Oct 2009","All",1159,"Scss","Completions"
"59933",2009-11-01,"Nov 2009","Single",259,"Scss","Completions"
"59933",2009-11-01,"Nov 2009","Semi-Detached",30,"Scss","Completions"
"59933",2009-11-01,"Nov 2009","Row",126,"Scss","Completions"
"59933",2009-11-01,"Nov 2009","Apartment",935,"Scss","Completions"
"59933",2009-11-01,"Nov 2009","All",1350,"Scss","Completions"
"59933",2009-12-01,"Dec 2009","Single",338,"Scss","Completions"
"59933",2009-12-01,"Dec 2009","Semi-Detached",10,"Scss","Completions"
"59933",2009-12-01,"Dec 2009","Row",135,"Scss","Completions"
"59933",2009-12-01,"Dec 2009","Apartment",1479,"Scss","Completions"
"59933",2009-12-01,"Dec 2009","All",1962,"Scss","Completions"
"59933",2010-01-01,"Jan 2010","Single",247,"Scss","Completions"
"59933",2010-01-01,"Jan 2010","Semi-Detached",34,"Scss","Completions"
"59933",2010-01-01,"Jan 2010","Row",134,"Scss","Completions"
"59933",2010-01-01,"Jan 2010","Apartment",2618,"Scss","Completions"
"59933",2010-01-01,"Jan 2010","All",3033,"Scss","Completions"
"59933",2010-02-01,"Feb 2010","Single",273,"Scss","Completions"
"59933",2010-02-01,"Feb 2010","Semi-Detached",16,"Scss","Completions"
"59933",2010-02-01,"Feb 2010","Row",176,"Scss","Completions"
"59933",2010-02-01,"Feb 2010","Apartment",640,"Scss","Completions"
"59933",2010-02-01,"Feb 2010","All",1105,"Scss","Completions"
"59933",2010-03-01,"Mar 2010","Single",208,"Scss","Completions"
"59933",2010-03-01,"Mar 2010","Semi-Detached",34,"Scss","Completions"
"59933",2010-03-01,"Mar 2010","Row",117,"Scss","Completions"
"59933",2010-03-01,"Mar 2010","Apartment",299,"Scss","Completions"
"59933",2010-03-01,"Mar 2010","All",658,"Scss","Completions"
"59933",2010-04-01,"Apr 2010","Single",292,"Scss","Completions"
"59933",2010-04-01,"Apr 2010","Semi-Detached",30,"Scss","Completions"
"59933",2010-04-01,"Apr 2010","Row",238,"Scss","Completions"
"59933",2010-04-01,"Apr 2010","Apartment",823,"Scss","Completions"
"59933",2010-04-01,"Apr 2010","All",1383,"Scss","Completions"
"59933",2010-05-01,"May 2010","Single",284,"Scss","Completions"
"59933",2010-05-01,"May 2010","Semi-Detached",64,"Scss","Completions"
"59933",2010-05-01,"May 2010","Row",190,"Scss","Completions"
"59933",2010-05-01,"May 2010","Apartment",1315,"Scss","Completions"
"59933",2010-05-01,"May 2010","All",1853,"Scss","Completions"
"59933",2010-06-01,"Jun 2010","Single",332,"Scss","Completions"
"59933",2010-06-01,"Jun 2010","Semi-Detached",50,"Scss","Completions"
"59933",2010-06-01,"Jun 2010","Row",282,"Scss","Completions"
"59933",2010-06-01,"Jun 2010","Apartment",692,"Scss","Completions"
"59933",2010-06-01,"Jun 2010","All",1356,"Scss","Completions"
"59933",2010-07-01,"Jul 2010","Single",369,"Scss","Completions"
"59933",2010-07-01,"Jul 2010","Semi-Detached",18,"Scss","Completions"
"59933",2010-07-01,"Jul 2010","Row",263,"Scss","Completions"
"59933",2010-07-01,"Jul 2010","Apartment",692,"Scss","Completions"
"59933",2010-07-01,"Jul 2010","All",1342,"Scss","Completions"
"59933",2010-08-01,"Aug 2010","Single",406,"Scss","Completions"
"59933",2010-08-01,"Aug 2010","Semi-Detached",30,"Scss","Completions"
"59933",2010-08-01,"Aug 2010","Row",129,"Scss","Completions"
"59933",2010-08-01,"Aug 2010","Apartment",118,"Scss","Completions"
"59933",2010-08-01,"Aug 2010","All",683,"Scss","Completions"
"59933",2010-09-01,"Sep 2010","Single",401,"Scss","Completions"
"59933",2010-09-01,"Sep 2010","Semi-Detached",98,"Scss","Completions"
"59933",2010-09-01,"Sep 2010","Row",131,"Scss","Completions"
"59933",2010-09-01,"Sep 2010","Apartment",664,"Scss","Completions"
"59933",2010-09-01,"Sep 2010","All",1294,"Scss","Completions"
"59933",2010-10-01,"Oct 2010","Single",320,"Scss","Completions"
"59933",2010-10-01,"Oct 2010","Semi-Detached",50,"Scss","Completions"
"59933",2010-10-01,"Oct 2010","Row",158,"Scss","Completions"
"59933",2010-10-01,"Oct 2010","Apartment",775,"Scss","Completions"
"59933",2010-10-01,"Oct 2010","All",1303,"Scss","Completions"
"59933",2010-11-01,"Nov 2010","Single",481,"Scss","Completions"
"59933",2010-11-01,"Nov 2010","Semi-Detached",66,"Scss","Completions"
"59933",2010-11-01,"Nov 2010","Row",327,"Scss","Completions"
"59933",2010-11-01,"Nov 2010","Apartment",529,"Scss","Completions"
"59933",2010-11-01,"Nov 2010","All",1403,"Scss","Completions"
"59933",2010-12-01,"Dec 2010","Single",322,"Scss","Completions"
"59933",2010-12-01,"Dec 2010","Semi-Detached",42,"Scss","Completions"
"59933",2010-12-01,"Dec 2010","Row",147,"Scss","Completions"
"59933",2010-12-01,"Dec 2010","Apartment",550,"Scss","Completions"
"59933",2010-12-01,"Dec 2010","All",1061,"Scss","Completions"
"59933",2011-01-01,"Jan 2011","Single",285,"Scss","Completions"
"59933",2011-01-01,"Jan 2011","Semi-Detached",52,"Scss","Completions"
"59933",2011-01-01,"Jan 2011","Row",159,"Scss","Completions"
"59933",2011-01-01,"Jan 2011","Apartment",431,"Scss","Completions"
"59933",2011-01-01,"Jan 2011","All",927,"Scss","Completions"
"59933",2011-02-01,"Feb 2011","Single",257,"Scss","Completions"
"59933",2011-02-01,"Feb 2011","Semi-Detached",20,"Scss","Completions"
"59933",2011-02-01,"Feb 2011","Row",80,"Scss","Completions"
"59933",2011-02-01,"Feb 2011","Apartment",455,"Scss","Completions"
"59933",2011-02-01,"Feb 2011","All",812,"Scss","Completions"
"59933",2011-03-01,"Mar 2011","Single",297,"Scss","Completions"
"59933",2011-03-01,"Mar 2011","Semi-Detached",24,"Scss","Completions"
"59933",2011-03-01,"Mar 2011","Row",97,"Scss","Completions"
"59933",2011-03-01,"Mar 2011","Apartment",187,"Scss","Completions"
"59933",2011-03-01,"Mar 2011","All",605,"Scss","Completions"
"59933",2011-04-01,"Apr 2011","Single",299,"Scss","Completions"
"59933",2011-04-01,"Apr 2011","Semi-Detached",24,"Scss","Completions"
"59933",2011-04-01,"Apr 2011","Row",280,"Scss","Completions"
"59933",2011-04-01,"Apr 2011","Apartment",375,"Scss","Completions"
"59933",2011-04-01,"Apr 2011","All",978,"Scss","Completions"
"59933",2011-05-01,"May 2011","Single",319,"Scss","Completions"
"59933",2011-05-01,"May 2011","Semi-Detached",14,"Scss","Completions"
"59933",2011-05-01,"May 2011","Row",221,"Scss","Completions"
"59933",2011-05-01,"May 2011","Apartment",1247,"Scss","Completions"
"59933",2011-05-01,"May 2011","All",1801,"Scss","Completions"
"59933",2011-06-01,"Jun 2011","Single",340,"Scss","Completions"
"59933",2011-06-01,"Jun 2011","Semi-Detached",24,"Scss","Completions"
"59933",2011-06-01,"Jun 2011","Row",286,"Scss","Completions"
"59933",2011-06-01,"Jun 2011","Apartment",580,"Scss","Completions"
"59933",2011-06-01,"Jun 2011","All",1230,"Scss","Completions"
"59933",2011-07-01,"Jul 2011","Single",398,"Scss","Completions"
"59933",2011-07-01,"Jul 2011","Semi-Detached",36,"Scss","Completions"
"59933",2011-07-01,"Jul 2011","Row",154,"Scss","Completions"
"59933",2011-07-01,"Jul 2011","Apartment",373,"Scss","Completions"
"59933",2011-07-01,"Jul 2011","All",961,"Scss","Completions"
"59933",2011-08-01,"Aug 2011","Single",403,"Scss","Completions"
"59933",2011-08-01,"Aug 2011","Semi-Detached",34,"Scss","Completions"
"59933",2011-08-01,"Aug 2011","Row",127,"Scss","Completions"
"59933",2011-08-01,"Aug 2011","Apartment",600,"Scss","Completions"
"59933",2011-08-01,"Aug 2011","All",1164,"Scss","Completions"
"59933",2011-09-01,"Sep 2011","Single",277,"Scss","Completions"
"59933",2011-09-01,"Sep 2011","Semi-Detached",36,"Scss","Completions"
"59933",2011-09-01,"Sep 2011","Row",174,"Scss","Completions"
"59933",2011-09-01,"Sep 2011","Apartment",441,"Scss","Completions"
"59933",2011-09-01,"Sep 2011","All",928,"Scss","Completions"
"59933",2011-10-01,"Oct 2011","Single",250,"Scss","Completions"
"59933",2011-10-01,"Oct 2011","Semi-Detached",48,"Scss","Completions"
"59933",2011-10-01,"Oct 2011","Row",386,"Scss","Completions"
"59933",2011-10-01,"Oct 2011","Apartment",265,"Scss","Completions"
"59933",2011-10-01,"Oct 2011","All",949,"Scss","Completions"
"59933",2011-11-01,"Nov 2011","Single",214,"Scss","Completions"
"59933",2011-11-01,"Nov 2011","Semi-Detached",30,"Scss","Completions"
"59933",2011-11-01,"Nov 2011","Row",175,"Scss","Completions"
"59933",2011-11-01,"Nov 2011","Apartment",602,"Scss","Completions"
"59933",2011-11-01,"Nov 2011","All",1021,"Scss","Completions"
"59933",2011-12-01,"Dec 2011","Single",215,"Scss","Completions"
"59933",2011-12-01,"Dec 2011","Semi-Detached",42,"Scss","Completions"
"59933",2011-12-01,"Dec 2011","Row",140,"Scss","Completions"
"59933",2011-12-01,"Dec 2011","Apartment",1146,"Scss","Completions"
"59933",2011-12-01,"Dec 2011","All",1543,"Scss","Completions"
"59933",2012-01-01,"Jan 2012","Single",234,"Scss","Completions"
"59933",2012-01-01,"Jan 2012","Semi-Detached",16,"Scss","Completions"
"59933",2012-01-01,"Jan 2012","Row",270,"Scss","Completions"
"59933",2012-01-01,"Jan 2012","Apartment",1389,"Scss","Completions"
"59933",2012-01-01,"Jan 2012","All",1909,"Scss","Completions"
"59933",2012-02-01,"Feb 2012","Single",346,"Scss","Completions"
"59933",2012-02-01,"Feb 2012","Semi-Detached",36,"Scss","Completions"
"59933",2012-02-01,"Feb 2012","Row",305,"Scss","Completions"
"59933",2012-02-01,"Feb 2012","Apartment",460,"Scss","Completions"
"59933",2012-02-01,"Feb 2012","All",1147,"Scss","Completions"
"59933",2012-03-01,"Mar 2012","Single",189,"Scss","Completions"
"59933",2012-03-01,"Mar 2012","Semi-Detached",62,"Scss","Completions"
"59933",2012-03-01,"Mar 2012","Row",132,"Scss","Completions"
"59933",2012-03-01,"Mar 2012","Apartment",654,"Scss","Completions"
"59933",2012-03-01,"Mar 2012","All",1037,"Scss","Completions"
"59933",2012-04-01,"Apr 2012","Single",190,"Scss","Completions"
"59933",2012-04-01,"Apr 2012","Semi-Detached",24,"Scss","Completions"
"59933",2012-04-01,"Apr 2012","Row",348,"Scss","Completions"
"59933",2012-04-01,"Apr 2012","Apartment",805,"Scss","Completions"
"59933",2012-04-01,"Apr 2012","All",1367,"Scss","Completions"
"59933",2012-05-01,"May 2012","Single",203,"Scss","Completions"
"59933",2012-05-01,"May 2012","Semi-Detached",68,"Scss","Completions"
"59933",2012-05-01,"May 2012","Row",213,"Scss","Completions"
"59933",2012-05-01,"May 2012","Apartment",873,"Scss","Completions"
"59933",2012-05-01,"May 2012","All",1357,"Scss","Completions"
"59933",2012-06-01,"Jun 2012","Single",293,"Scss","Completions"
"59933",2012-06-01,"Jun 2012","Semi-Detached",20,"Scss","Completions"
"59933",2012-06-01,"Jun 2012","Row",158,"Scss","Completions"
"59933",2012-06-01,"Jun 2012","Apartment",336,"Scss","Completions"
"59933",2012-06-01,"Jun 2012","All",807,"Scss","Completions"
"59933",2012-07-01,"Jul 2012","Single",335,"Scss","Completions"
"59933",2012-07-01,"Jul 2012","Semi-Detached",52,"Scss","Completions"
"59933",2012-07-01,"Jul 2012","Row",245,"Scss","Completions"
"59933",2012-07-01,"Jul 2012","Apartment",745,"Scss","Completions"
"59933",2012-07-01,"Jul 2012","All",1377,"Scss","Completions"
"59933",2012-08-01,"Aug 2012","Single",413,"Scss","Completions"
"59933",2012-08-01,"Aug 2012","Semi-Detached",48,"Scss","Completions"
"59933",2012-08-01,"Aug 2012","Row",270,"Scss","Completions"
"59933",2012-08-01,"Aug 2012","Apartment",1311,"Scss","Completions"
"59933",2012-08-01,"Aug 2012","All",2042,"Scss","Completions"
"59933",2012-09-01,"Sep 2012","Single",396,"Scss","Completions"
"59933",2012-09-01,"Sep 2012","Semi-Detached",34,"Scss","Completions"
"59933",2012-09-01,"Sep 2012","Row",215,"Scss","Completions"
"59933",2012-09-01,"Sep 2012","Apartment",885,"Scss","Completions"
"59933",2012-09-01,"Sep 2012","All",1530,"Scss","Completions"
"59933",2012-10-01,"Oct 2012","Single",289,"Scss","Completions"
"59933",2012-10-01,"Oct 2012","Semi-Detached",28,"Scss","Completions"
"59933",2012-10-01,"Oct 2012","Row",297,"Scss","Completions"
"59933",2012-10-01,"Oct 2012","Apartment",1096,"Scss","Completions"
"59933",2012-10-01,"Oct 2012","All",1710,"Scss","Completions"
"59933",2012-11-01,"Nov 2012","Single",356,"Scss","Completions"
"59933",2012-11-01,"Nov 2012","Semi-Detached",32,"Scss","Completions"
"59933",2012-11-01,"Nov 2012","Row",140,"Scss","Completions"
"59933",2012-11-01,"Nov 2012","Apartment",524,"Scss","Completions"
"59933",2012-11-01,"Nov 2012","All",1052,"Scss","Completions"
"59933",2012-12-01,"Dec 2012","Single",341,"Scss","Completions"
"59933",2012-12-01,"Dec 2012","Semi-Detached",48,"Scss","Completions"
"59933",2012-12-01,"Dec 2012","Row",304,"Scss","Completions"
"59933",2012-12-01,"Dec 2012","Apartment",930,"Scss","Completions"
"59933",2012-12-01,"Dec 2012","All",1623,"Scss","Completions"
"59933",2013-01-01,"Jan 2013","Single",331,"Scss","Completions"
"59933",2013-01-01,"Jan 2013","Semi-Detached",34,"Scss","Completions"
"59933",2013-01-01,"Jan 2013","Row",165,"Scss","Completions"
"59933",2013-01-01,"Jan 2013","Apartment",578,"Scss","Completions"
"59933",2013-01-01,"Jan 2013","All",1108,"Scss","Completions"
"59933",2013-02-01,"Feb 2013","Single",307,"Scss","Completions"
"59933",2013-02-01,"Feb 2013","Semi-Detached",20,"Scss","Completions"
"59933",2013-02-01,"Feb 2013","Row",197,"Scss","Completions"
"59933",2013-02-01,"Feb 2013","Apartment",674,"Scss","Completions"
"59933",2013-02-01,"Feb 2013","All",1198,"Scss","Completions"
"59933",2013-03-01,"Mar 2013","Single",310,"Scss","Completions"
"59933",2013-03-01,"Mar 2013","Semi-Detached",24,"Scss","Completions"
"59933",2013-03-01,"Mar 2013","Row",259,"Scss","Completions"
"59933",2013-03-01,"Mar 2013","Apartment",1213,"Scss","Completions"
"59933",2013-03-01,"Mar 2013","All",1806,"Scss","Completions"
"59933",2013-04-01,"Apr 2013","Single",346,"Scss","Completions"
"59933",2013-04-01,"Apr 2013","Semi-Detached",32,"Scss","Completions"
"59933",2013-04-01,"Apr 2013","Row",155,"Scss","Completions"
"59933",2013-04-01,"Apr 2013","Apartment",726,"Scss","Completions"
"59933",2013-04-01,"Apr 2013","All",1259,"Scss","Completions"
"59933",2013-05-01,"May 2013","Single",442,"Scss","Completions"
"59933",2013-05-01,"May 2013","Semi-Detached",46,"Scss","Completions"
"59933",2013-05-01,"May 2013","Row",135,"Scss","Completions"
"59933",2013-05-01,"May 2013","Apartment",1171,"Scss","Completions"
"59933",2013-05-01,"May 2013","All",1794,"Scss","Completions"
"59933",2013-06-01,"Jun 2013","Single",453,"Scss","Completions"
"59933",2013-06-01,"Jun 2013","Semi-Detached",36,"Scss","Completions"
"59933",2013-06-01,"Jun 2013","Row",193,"Scss","Completions"
"59933",2013-06-01,"Jun 2013","Apartment",1314,"Scss","Completions"
"59933",2013-06-01,"Jun 2013","All",1996,"Scss","Completions"
"59933",2013-07-01,"Jul 2013","Single",339,"Scss","Completions"
"59933",2013-07-01,"Jul 2013","Semi-Detached",30,"Scss","Completions"
"59933",2013-07-01,"Jul 2013","Row",182,"Scss","Completions"
"59933",2013-07-01,"Jul 2013","Apartment",878,"Scss","Completions"
"59933",2013-07-01,"Jul 2013","All",1429,"Scss","Completions"
"59933",2013-08-01,"Aug 2013","Single",410,"Scss","Completions"
"59933",2013-08-01,"Aug 2013","Semi-Detached",46,"Scss","Completions"
"59933",2013-08-01,"Aug 2013","Row",206,"Scss","Completions"
"59933",2013-08-01,"Aug 2013","Apartment",720,"Scss","Completions"
"59933",2013-08-01,"Aug 2013","All",1382,"Scss","Completions"
"59933",2013-09-01,"Sep 2013","Single",366,"Scss","Completions"
"59933",2013-09-01,"Sep 2013","Semi-Detached",46,"Scss","Completions"
"59933",2013-09-01,"Sep 2013","Row",231,"Scss","Completions"
"59933",2013-09-01,"Sep 2013","Apartment",1084,"Scss","Completions"
"59933",2013-09-01,"Sep 2013","All",1727,"Scss","Completions"
"59933",2013-10-01,"Oct 2013","Single",415,"Scss","Completions"
"59933",2013-10-01,"Oct 2013","Semi-Detached",36,"Scss","Completions"
"59933",2013-10-01,"Oct 2013","Row",168,"Scss","Completions"
"59933",2013-10-01,"Oct 2013","Apartment",667,"Scss","Completions"
"59933",2013-10-01,"Oct 2013","All",1286,"Scss","Completions"
"59933",2013-11-01,"Nov 2013","Single",390,"Scss","Completions"
"59933",2013-11-01,"Nov 2013","Semi-Detached",42,"Scss","Completions"
"59933",2013-11-01,"Nov 2013","Row",139,"Scss","Completions"
"59933",2013-11-01,"Nov 2013","Apartment",1237,"Scss","Completions"
"59933",2013-11-01,"Nov 2013","All",1808,"Scss","Completions"
"59933",2013-12-01,"Dec 2013","Single",489,"Scss","Completions"
"59933",2013-12-01,"Dec 2013","Semi-Detached",48,"Scss","Completions"
"59933",2013-12-01,"Dec 2013","Row",181,"Scss","Completions"
"59933",2013-12-01,"Dec 2013","Apartment",881,"Scss","Completions"
"59933",2013-12-01,"Dec 2013","All",1599,"Scss","Completions"
"59933",2014-01-01,"Jan 2014","Single",388,"Scss","Completions"
"59933",2014-01-01,"Jan 2014","Semi-Detached",74,"Scss","Completions"
"59933",2014-01-01,"Jan 2014","Row",152,"Scss","Completions"
"59933",2014-01-01,"Jan 2014","Apartment",811,"Scss","Completions"
"59933",2014-01-01,"Jan 2014","All",1425,"Scss","Completions"
"59933",2014-02-01,"Feb 2014","Single",354,"Scss","Completions"
"59933",2014-02-01,"Feb 2014","Semi-Detached",86,"Scss","Completions"
"59933",2014-02-01,"Feb 2014","Row",122,"Scss","Completions"
"59933",2014-02-01,"Feb 2014","Apartment",1154,"Scss","Completions"
"59933",2014-02-01,"Feb 2014","All",1716,"Scss","Completions"
"59933",2014-03-01,"Mar 2014","Single",297,"Scss","Completions"
"59933",2014-03-01,"Mar 2014","Semi-Detached",24,"Scss","Completions"
"59933",2014-03-01,"Mar 2014","Row",157,"Scss","Completions"
"59933",2014-03-01,"Mar 2014","Apartment",979,"Scss","Completions"
"59933",2014-03-01,"Mar 2014","All",1457,"Scss","Completions"
"59933",2014-04-01,"Apr 2014","Single",253,"Scss","Completions"
"59933",2014-04-01,"Apr 2014","Semi-Detached",26,"Scss","Completions"
"59933",2014-04-01,"Apr 2014","Row",182,"Scss","Completions"
"59933",2014-04-01,"Apr 2014","Apartment",532,"Scss","Completions"
"59933",2014-04-01,"Apr 2014","All",993,"Scss","Completions"
"59933",2014-05-01,"May 2014","Single",274,"Scss","Completions"
"59933",2014-05-01,"May 2014","Semi-Detached",44,"Scss","Completions"
"59933",2014-05-01,"May 2014","Row",212,"Scss","Completions"
"59933",2014-05-01,"May 2014","Apartment",615,"Scss","Completions"
"59933",2014-05-01,"May 2014","All",1145,"Scss","Completions"
"59933",2014-06-01,"Jun 2014","Single",350,"Scss","Completions"
"59933",2014-06-01,"Jun 2014","Semi-Detached",16,"Scss","Completions"
"59933",2014-06-01,"Jun 2014","Row",258,"Scss","Completions"
"59933",2014-06-01,"Jun 2014","Apartment",543,"Scss","Completions"
"59933",2014-06-01,"Jun 2014","All",1167,"Scss","Completions"
"59933",2014-07-01,"Jul 2014","Single",385,"Scss","Completions"
"59933",2014-07-01,"Jul 2014","Semi-Detached",90,"Scss","Completions"
"59933",2014-07-01,"Jul 2014","Row",234,"Scss","Completions"
"59933",2014-07-01,"Jul 2014","Apartment",1253,"Scss","Completions"
"59933",2014-07-01,"Jul 2014","All",1962,"Scss","Completions"
"59933",2014-08-01,"Aug 2014","Single",379,"Scss","Completions"
"59933",2014-08-01,"Aug 2014","Semi-Detached",46,"Scss","Completions"
"59933",2014-08-01,"Aug 2014","Row",225,"Scss","Completions"
"59933",2014-08-01,"Aug 2014","Apartment",616,"Scss","Completions"
"59933",2014-08-01,"Aug 2014","All",1266,"Scss","Completions"
"59933",2014-09-01,"Sep 2014","Single",366,"Scss","Completions"
"59933",2014-09-01,"Sep 2014","Semi-Detached",24,"Scss","Completions"
"59933",2014-09-01,"Sep 2014","Row",100,"Scss","Completions"
"59933",2014-09-01,"Sep 2014","Apartment",734,"Scss","Completions"
"59933",2014-09-01,"Sep 2014","All",1224,"Scss","Completions"
"59933",2014-10-01,"Oct 2014","Single",327,"Scss","Completions"
"59933",2014-10-01,"Oct 2014","Semi-Detached",58,"Scss","Completions"
"59933",2014-10-01,"Oct 2014","Row",316,"Scss","Completions"
"59933",2014-10-01,"Oct 2014","Apartment",1083,"Scss","Completions"
"59933",2014-10-01,"Oct 2014","All",1784,"Scss","Completions"
"59933",2014-11-01,"Nov 2014","Single",305,"Scss","Completions"
"59933",2014-11-01,"Nov 2014","Semi-Detached",22,"Scss","Completions"
"59933",2014-11-01,"Nov 2014","Row",316,"Scss","Completions"
"59933",2014-11-01,"Nov 2014","Apartment",902,"Scss","Completions"
"59933",2014-11-01,"Nov 2014","All",1545,"Scss","Completions"
"59933",2014-12-01,"Dec 2014","Single",436,"Scss","Completions"
"59933",2014-12-01,"Dec 2014","Semi-Detached",68,"Scss","Completions"
"59933",2014-12-01,"Dec 2014","Row",230,"Scss","Completions"
"59933",2014-12-01,"Dec 2014","Apartment",1313,"Scss","Completions"
"59933",2014-12-01,"Dec 2014","All",2047,"Scss","Completions"
"59933",2015-01-01,"Jan 2015","Single",271,"Scss","Completions"
"59933",2015-01-01,"Jan 2015","Semi-Detached",34,"Scss","Completions"
"59933",2015-01-01,"Jan 2015","Row",128,"Scss","Completions"
"59933",2015-01-01,"Jan 2015","Apartment",475,"Scss","Completions"
"59933",2015-01-01,"Jan 2015","All",908,"Scss","Completions"
"59933",2015-02-01,"Feb 2015","Single",315,"Scss","Completions"
"59933",2015-02-01,"Feb 2015","Semi-Detached",40,"Scss","Completions"
"59933",2015-02-01,"Feb 2015","Row",225,"Scss","Completions"
"59933",2015-02-01,"Feb 2015","Apartment",807,"Scss","Completions"
"59933",2015-02-01,"Feb 2015","All",1387,"Scss","Completions"
"59933",2015-03-01,"Mar 2015","Single",265,"Scss","Completions"
"59933",2015-03-01,"Mar 2015","Semi-Detached",36,"Scss","Completions"
"59933",2015-03-01,"Mar 2015","Row",180,"Scss","Completions"
"59933",2015-03-01,"Mar 2015","Apartment",518,"Scss","Completions"
"59933",2015-03-01,"Mar 2015","All",999,"Scss","Completions"
"59933",2015-04-01,"Apr 2015","Single",312,"Scss","Completions"
"59933",2015-04-01,"Apr 2015","Semi-Detached",62,"Scss","Completions"
"59933",2015-04-01,"Apr 2015","Row",313,"Scss","Completions"
"59933",2015-04-01,"Apr 2015","Apartment",496,"Scss","Completions"
"59933",2015-04-01,"Apr 2015","All",1183,"Scss","Completions"
"59933",2015-05-01,"May 2015","Single",345,"Scss","Completions"
"59933",2015-05-01,"May 2015","Semi-Detached",46,"Scss","Completions"
"59933",2015-05-01,"May 2015","Row",209,"Scss","Completions"
"59933",2015-05-01,"May 2015","Apartment",1179,"Scss","Completions"
"59933",2015-05-01,"May 2015","All",1779,"Scss","Completions"
"59933",2015-06-01,"Jun 2015","Single",398,"Scss","Completions"
"59933",2015-06-01,"Jun 2015","Semi-Detached",56,"Scss","Completions"
"59933",2015-06-01,"Jun 2015","Row",157,"Scss","Completions"
"59933",2015-06-01,"Jun 2015","Apartment",887,"Scss","Completions"
"59933",2015-06-01,"Jun 2015","All",1498,"Scss","Completions"
"59933",2015-07-01,"Jul 2015","Single",466,"Scss","Completions"
"59933",2015-07-01,"Jul 2015","Semi-Detached",36,"Scss","Completions"
"59933",2015-07-01,"Jul 2015","Row",196,"Scss","Completions"
"59933",2015-07-01,"Jul 2015","Apartment",1464,"Scss","Completions"
"59933",2015-07-01,"Jul 2015","All",2162,"Scss","Completions"
"59933",2015-08-01,"Aug 2015","Single",381,"Scss","Completions"
"59933",2015-08-01,"Aug 2015","Semi-Detached",44,"Scss","Completions"
"59933",2015-08-01,"Aug 2015","Row",215,"Scss","Completions"
"59933",2015-08-01,"Aug 2015","Apartment",1041,"Scss","Completions"
"59933",2015-08-01,"Aug 2015","All",1681,"Scss","Completions"
"59933",2015-09-01,"Sep 2015","Single",365,"Scss","Completions"
"59933",2015-09-01,"Sep 2015","Semi-Detached",32,"Scss","Completions"
"59933",2015-09-01,"Sep 2015","Row",209,"Scss","Completions"
"59933",2015-09-01,"Sep 2015","Apartment",509,"Scss","Completions"
"59933",2015-09-01,"Sep 2015","All",1115,"Scss","Completions"
"59933",2015-10-01,"Oct 2015","Single",368,"Scss","Completions"
"59933",2015-10-01,"Oct 2015","Semi-Detached",40,"Scss","Completions"
"59933",2015-10-01,"Oct 2015","Row",111,"Scss","Completions"
"59933",2015-10-01,"Oct 2015","Apartment",1032,"Scss","Completions"
"59933",2015-10-01,"Oct 2015","All",1551,"Scss","Completions"
"59933",2015-11-01,"Nov 2015","Single",379,"Scss","Completions"
"59933",2015-11-01,"Nov 2015","Semi-Detached",80,"Scss","Completions"
"59933",2015-11-01,"Nov 2015","Row",194,"Scss","Completions"
"59933",2015-11-01,"Nov 2015","Apartment",843,"Scss","Completions"
"59933",2015-11-01,"Nov 2015","All",1496,"Scss","Completions"
"59933",2015-12-01,"Dec 2015","Single",380,"Scss","Completions"
"59933",2015-12-01,"Dec 2015","Semi-Detached",48,"Scss","Completions"
"59933",2015-12-01,"Dec 2015","Row",144,"Scss","Completions"
"59933",2015-12-01,"Dec 2015","Apartment",1015,"Scss","Completions"
"59933",2015-12-01,"Dec 2015","All",1587,"Scss","Completions"
"59933",2016-01-01,"Jan 2016","Single",381,"Scss","Completions"
"59933",2016-01-01,"Jan 2016","Semi-Detached",28,"Scss","Completions"
"59933",2016-01-01,"Jan 2016","Row",160,"Scss","Completions"
"59933",2016-01-01,"Jan 2016","Apartment",1883,"Scss","Completions"
"59933",2016-01-01,"Jan 2016","All",2452,"Scss","Completions"
"59933",2016-02-01,"Feb 2016","Single",351,"Scss","Completions"
"59933",2016-02-01,"Feb 2016","Semi-Detached",52,"Scss","Completions"
"59933",2016-02-01,"Feb 2016","Row",289,"Scss","Completions"
"59933",2016-02-01,"Feb 2016","Apartment",1250,"Scss","Completions"
"59933",2016-02-01,"Feb 2016","All",1942,"Scss","Completions"
"59933",2016-03-01,"Mar 2016","Single",348,"Scss","Completions"
"59933",2016-03-01,"Mar 2016","Semi-Detached",30,"Scss","Completions"
"59933",2016-03-01,"Mar 2016","Row",169,"Scss","Completions"
"59933",2016-03-01,"Mar 2016","Apartment",826,"Scss","Completions"
"59933",2016-03-01,"Mar 2016","All",1373,"Scss","Completions"
"59933",2016-04-01,"Apr 2016","Single",333,"Scss","Completions"
"59933",2016-04-01,"Apr 2016","Semi-Detached",42,"Scss","Completions"
"59933",2016-04-01,"Apr 2016","Row",239,"Scss","Completions"
"59933",2016-04-01,"Apr 2016","Apartment",503,"Scss","Completions"
"59933",2016-04-01,"Apr 2016","All",1117,"Scss","Completions"
"59933",2016-05-01,"May 2016","Single",322,"Scss","Completions"
"59933",2016-05-01,"May 2016","Semi-Detached",36,"Scss","Completions"
"59933",2016-05-01,"May 2016","Row",174,"Scss","Completions"
"59933",2016-05-01,"May 2016","Apartment",1141,"Scss","Completions"
"59933",2016-05-01,"May 2016","All",1673,"Scss","Completions"
"59933",2016-06-01,"Jun 2016","Single",391,"Scss","Completions"
"59933",2016-06-01,"Jun 2016","Semi-Detached",42,"Scss","Completions"
"59933",2016-06-01,"Jun 2016","Row",351,"Scss","Completions"
"59933",2016-06-01,"Jun 2016","Apartment",897,"Scss","Completions"
"59933",2016-06-01,"Jun 2016","All",1681,"Scss","Completions"
"59933",2016-07-01,"Jul 2016","Single",424,"Scss","Completions"
"59933",2016-07-01,"Jul 2016","Semi-Detached",34,"Scss","Completions"
"59933",2016-07-01,"Jul 2016","Row",199,"Scss","Completions"
"59933",2016-07-01,"Jul 2016","Apartment",697,"Scss","Completions"
"59933",2016-07-01,"Jul 2016","All",1354,"Scss","Completions"
"59933",2016-08-01,"Aug 2016","Single",354,"Scss","Completions"
"59933",2016-08-01,"Aug 2016","Semi-Detached",20,"Scss","Completions"
"59933",2016-08-01,"Aug 2016","Row",221,"Scss","Completions"
"59933",2016-08-01,"Aug 2016","Apartment",645,"Scss","Completions"
"59933",2016-08-01,"Aug 2016","All",1240,"Scss","Completions"
"59933",2016-09-01,"Sep 2016","Single",362,"Scss","Completions"
"59933",2016-09-01,"Sep 2016","Semi-Detached",22,"Scss","Completions"
"59933",2016-09-01,"Sep 2016","Row",268,"Scss","Completions"
"59933",2016-09-01,"Sep 2016","Apartment",449,"Scss","Completions"
"59933",2016-09-01,"Sep 2016","All",1101,"Scss","Completions"
"59933",2016-10-01,"Oct 2016","Single",433,"Scss","Completions"
"59933",2016-10-01,"Oct 2016","Semi-Detached",28,"Scss","Completions"
"59933",2016-10-01,"Oct 2016","Row",199,"Scss","Completions"
"59933",2016-10-01,"Oct 2016","Apartment",268,"Scss","Completions"
"59933",2016-10-01,"Oct 2016","All",928,"Scss","Completions"
"59933",2016-11-01,"Nov 2016","Single",388,"Scss","Completions"
"59933",2016-11-01,"Nov 2016","Semi-Detached",38,"Scss","Completions"
"59933",2016-11-01,"Nov 2016","Row",309,"Scss","Completions"
"59933",2016-11-01,"Nov 2016","Apartment",551,"Scss","Completions"
"59933",2016-11-01,"Nov 2016","All",1286,"Scss","Completions"
"59933",2016-12-01,"Dec 2016","Single",246,"Scss","Completions"
"59933",2016-12-01,"Dec 2016","Semi-Detached",18,"Scss","Completions"
"59933",2016-12-01,"Dec 2016","Row",240,"Scss","Completions"
"59933",2016-12-01,"Dec 2016","Apartment",1497,"Scss","Completions"
"59933",2016-12-01,"Dec 2016","All",2001,"Scss","Completions"
"59933",2017-01-01,"Jan 2017","Single",253,"Scss","Completions"
"59933",2017-01-01,"Jan 2017","Semi-Detached",14,"Scss","Completions"
"59933",2017-01-01,"Jan 2017","Row",206,"Scss","Completions"
"59933",2017-01-01,"Jan 2017","Apartment",1384,"Scss","Completions"
"59933",2017-01-01,"Jan 2017","All",1857,"Scss","Completions"
"59933",2017-02-01,"Feb 2017","Single",299,"Scss","Completions"
"59933",2017-02-01,"Feb 2017","Semi-Detached",42,"Scss","Completions"
"59933",2017-02-01,"Feb 2017","Row",182,"Scss","Completions"
"59933",2017-02-01,"Feb 2017","Apartment",775,"Scss","Completions"
"59933",2017-02-01,"Feb 2017","All",1298,"Scss","Completions"
"59933",2017-03-01,"Mar 2017","Single",368,"Scss","Completions"
"59933",2017-03-01,"Mar 2017","Semi-Detached",28,"Scss","Completions"
"59933",2017-03-01,"Mar 2017","Row",145,"Scss","Completions"
"59933",2017-03-01,"Mar 2017","Apartment",1041,"Scss","Completions"
"59933",2017-03-01,"Mar 2017","All",1582,"Scss","Completions"
"59933",2017-04-01,"Apr 2017","Single",372,"Scss","Completions"
"59933",2017-04-01,"Apr 2017","Semi-Detached",36,"Scss","Completions"
"59933",2017-04-01,"Apr 2017","Row",275,"Scss","Completions"
"59933",2017-04-01,"Apr 2017","Apartment",1411,"Scss","Completions"
"59933",2017-04-01,"Apr 2017","All",2094,"Scss","Completions"
"59933",2017-05-01,"May 2017","Single",295,"Scss","Completions"
"59933",2017-05-01,"May 2017","Semi-Detached",30,"Scss","Completions"
"59933",2017-05-01,"May 2017","Row",281,"Scss","Completions"
"59933",2017-05-01,"May 2017","Apartment",1151,"Scss","Completions"
"59933",2017-05-01,"May 2017","All",1757,"Scss","Completions"
"59933",2017-06-01,"Jun 2017","Single",372,"Scss","Completions"
"59933",2017-06-01,"Jun 2017","Semi-Detached",20,"Scss","Completions"
"59933",2017-06-01,"Jun 2017","Row",389,"Scss","Completions"
"59933",2017-06-01,"Jun 2017","Apartment",1893,"Scss","Completions"
"59933",2017-06-01,"Jun 2017","All",2674,"Scss","Completions"
"59933",2017-07-01,"Jul 2017","Single",471,"Scss","Completions"
"59933",2017-07-01,"Jul 2017","Semi-Detached",38,"Scss","Completions"
"59933",2017-07-01,"Jul 2017","Row",144,"Scss","Completions"
"59933",2017-07-01,"Jul 2017","Apartment",686,"Scss","Completions"
"59933",2017-07-01,"Jul 2017","All",1339,"Scss","Completions"
"59933",2017-08-01,"Aug 2017","Single",479,"Scss","Completions"
"59933",2017-08-01,"Aug 2017","Semi-Detached",20,"Scss","Completions"
"59933",2017-08-01,"Aug 2017","Row",145,"Scss","Completions"
"59933",2017-08-01,"Aug 2017","Apartment",766,"Scss","Completions"
"59933",2017-08-01,"Aug 2017","All",1410,"Scss","Completions"
"59933",2017-09-01,"Sep 2017","Single",395,"Scss","Completions"
"59933",2017-09-01,"Sep 2017","Semi-Detached",46,"Scss","Completions"
"59933",2017-09-01,"Sep 2017","Row",346,"Scss","Completions"
"59933",2017-09-01,"Sep 2017","Apartment",1259,"Scss","Completions"
"59933",2017-09-01,"Sep 2017","All",2046,"Scss","Completions"
"59933",2017-10-01,"Oct 2017","Single",429,"Scss","Completions"
"59933",2017-10-01,"Oct 2017","Semi-Detached",42,"Scss","Completions"
"59933",2017-10-01,"Oct 2017","Row",295,"Scss","Completions"
"59933",2017-10-01,"Oct 2017","Apartment",946,"Scss","Completions"
"59933",2017-10-01,"Oct 2017","All",1712,"Scss","Completions"
"59933",2017-11-01,"Nov 2017","Single",580,"Scss","Completions"
"59933",2017-11-01,"Nov 2017","Semi-Detached",90,"Scss","Completions"
"59933",2017-11-01,"Nov 2017","Row",522,"Scss","Completions"
"59933",2017-11-01,"Nov 2017","Apartment",1303,"Scss","Completions"
"59933",2017-11-01,"Nov 2017","All",2495,"Scss","Completions"
"59933",2017-12-01,"Dec 2017","Single",332,"Scss","Completions"
"59933",2017-12-01,"Dec 2017","Semi-Detached",50,"Scss","Completions"
"59933",2017-12-01,"Dec 2017","Row",174,"Scss","Completions"
"59933",2017-12-01,"Dec 2017","Apartment",986,"Scss","Completions"
"59933",2017-12-01,"Dec 2017","All",1542,"Scss","Completions"
"59933",2018-01-01,"Jan 2018","Single",555,"Scss","Completions"
"59933",2018-01-01,"Jan 2018","Semi-Detached",28,"Scss","Completions"
"59933",2018-01-01,"Jan 2018","Row",241,"Scss","Completions"
"59933",2018-01-01,"Jan 2018","Apartment",1673,"Scss","Completions"
"59933",2018-01-01,"Jan 2018","All",2497,"Scss","Completions"
"59933",2018-02-01,"Feb 2018","Single",448,"Scss","Completions"
"59933",2018-02-01,"Feb 2018","Semi-Detached",32,"Scss","Completions"
"59933",2018-02-01,"Feb 2018","Row",282,"Scss","Completions"
"59933",2018-02-01,"Feb 2018","Apartment",1713,"Scss","Completions"
"59933",2018-02-01,"Feb 2018","All",2475,"Scss","Completions"
"59933",2018-03-01,"Mar 2018","Single",324,"Scss","Completions"
"59933",2018-03-01,"Mar 2018","Semi-Detached",22,"Scss","Completions"
"59933",2018-03-01,"Mar 2018","Row",370,"Scss","Completions"
"59933",2018-03-01,"Mar 2018","Apartment",801,"Scss","Completions"
"59933",2018-03-01,"Mar 2018","All",1517,"Scss","Completions"
"59933",2018-04-01,"Apr 2018","Single",374,"Scss","Completions"
"59933",2018-04-01,"Apr 2018","Semi-Detached",22,"Scss","Completions"
"59933",2018-04-01,"Apr 2018","Row",252,"Scss","Completions"
"59933",2018-04-01,"Apr 2018","Apartment",843,"Scss","Completions"
"59933",2018-04-01,"Apr 2018","All",1491,"Scss","Completions"
"59933",2018-05-01,"May 2018","Single",374,"Scss","Completions"
"59933",2018-05-01,"May 2018","Semi-Detached",42,"Scss","Completions"
"59933",2018-05-01,"May 2018","Row",333,"Scss","Completions"
"59933",2018-05-01,"May 2018","Apartment",1141,"Scss","Completions"
"59933",2018-05-01,"May 2018","All",1890,"Scss","Completions"
"59933",2018-06-01,"Jun 2018","Single",365,"Scss","Completions"
"59933",2018-06-01,"Jun 2018","Semi-Detached",20,"Scss","Completions"
"59933",2018-06-01,"Jun 2018","Row",184,"Scss","Completions"
"59933",2018-06-01,"Jun 2018","Apartment",1467,"Scss","Completions"
"59933",2018-06-01,"Jun 2018","All",2036,"Scss","Completions"
"59933",2018-07-01,"Jul 2018","Single",364,"Scss","Completions"
"59933",2018-07-01,"Jul 2018","Semi-Detached",34,"Scss","Completions"
"59933",2018-07-01,"Jul 2018","Row",123,"Scss","Completions"
"59933",2018-07-01,"Jul 2018","Apartment",1490,"Scss","Completions"
"59933",2018-07-01,"Jul 2018","All",2011,"Scss","Completions"
"59933",2018-08-01,"Aug 2018","Single",548,"Scss","Completions"
"59933",2018-08-01,"Aug 2018","Semi-Detached",30,"Scss","Completions"
"59933",2018-08-01,"Aug 2018","Row",180,"Scss","Completions"
"59933",2018-08-01,"Aug 2018","Apartment",677,"Scss","Completions"
"59933",2018-08-01,"Aug 2018","All",1435,"Scss","Completions"
"59933",2018-09-01,"Sep 2018","Single",408,"Scss","Completions"
"59933",2018-09-01,"Sep 2018","Semi-Detached",36,"Scss","Completions"
"59933",2018-09-01,"Sep 2018","Row",275,"Scss","Completions"
"59933",2018-09-01,"Sep 2018","Apartment",2273,"Scss","Completions"
"59933",2018-09-01,"Sep 2018","All",2992,"Scss","Completions"
"59933",2018-10-01,"Oct 2018","Single",296,"Scss","Completions"
"59933",2018-10-01,"Oct 2018","Semi-Detached",22,"Scss","Completions"
"59933",2018-10-01,"Oct 2018","Row",155,"Scss","Completions"
"59933",2018-10-01,"Oct 2018","Apartment",1998,"Scss","Completions"
"59933",2018-10-01,"Oct 2018","All",2471,"Scss","Completions"
"59933",2018-11-01,"Nov 2018","Single",553,"Scss","Completions"
"59933",2018-11-01,"Nov 2018","Semi-Detached",36,"Scss","Completions"
"59933",2018-11-01,"Nov 2018","Row",137,"Scss","Completions"
"59933",2018-11-01,"Nov 2018","Apartment",1429,"Scss","Completions"
"59933",2018-11-01,"Nov 2018","All",2155,"Scss","Completions"
"59933",2018-12-01,"Dec 2018","Single",347,"Scss","Completions"
"59933",2018-12-01,"Dec 2018","Semi-Detached",30,"Scss","Completions"
"59933",2018-12-01,"Dec 2018","Row",231,"Scss","Completions"
"59933",2018-12-01,"Dec 2018","Apartment",977,"Scss","Completions"
"59933",2018-12-01,"Dec 2018","All",1585,"Scss","Completions"
"59933",2019-01-01,"Jan 2019","Single",414,"Scss","Completions"
"59933",2019-01-01,"Jan 2019","Semi-Detached",20,"Scss","Completions"
"59933",2019-01-01,"Jan 2019","Row",227,"Scss","Completions"
"59933",2019-01-01,"Jan 2019","Apartment",1459,"Scss","Completions"
"59933",2019-01-01,"Jan 2019","All",2120,"Scss","Completions"
"59933",2019-02-01,"Feb 2019","Single",297,"Scss","Completions"
"59933",2019-02-01,"Feb 2019","Semi-Detached",32,"Scss","Completions"
"59933",2019-02-01,"Feb 2019","Row",201,"Scss","Completions"
"59933",2019-02-01,"Feb 2019","Apartment",520,"Scss","Completions"
"59933",2019-02-01,"Feb 2019","All",1050,"Scss","Completions"
"59933",2019-03-01,"Mar 2019","Single",278,"Scss","Completions"
"59933",2019-03-01,"Mar 2019","Semi-Detached",38,"Scss","Completions"
"59933",2019-03-01,"Mar 2019","Row",223,"Scss","Completions"
"59933",2019-03-01,"Mar 2019","Apartment",902,"Scss","Completions"
"59933",2019-03-01,"Mar 2019","All",1441,"Scss","Completions"
"59933",2019-04-01,"Apr 2019","Single",284,"Scss","Completions"
"59933",2019-04-01,"Apr 2019","Semi-Detached",26,"Scss","Completions"
"59933",2019-04-01,"Apr 2019","Row",169,"Scss","Completions"
"59933",2019-04-01,"Apr 2019","Apartment",2228,"Scss","Completions"
"59933",2019-04-01,"Apr 2019","All",2707,"Scss","Completions"
"59933",2019-05-01,"May 2019","Single",305,"Scss","Completions"
"59933",2019-05-01,"May 2019","Semi-Detached",18,"Scss","Completions"
"59933",2019-05-01,"May 2019","Row",159,"Scss","Completions"
"59933",2019-05-01,"May 2019","Apartment",1025,"Scss","Completions"
"59933",2019-05-01,"May 2019","All",1507,"Scss","Completions"
"59933",2019-06-01,"Jun 2019","Single",498,"Scss","Completions"
"59933",2019-06-01,"Jun 2019","Semi-Detached",24,"Scss","Completions"
"59933",2019-06-01,"Jun 2019","Row",222,"Scss","Completions"
"59933",2019-06-01,"Jun 2019","Apartment",1917,"Scss","Completions"
"59933",2019-06-01,"Jun 2019","All",2661,"Scss","Completions"
"59933",2019-07-01,"Jul 2019","Single",394,"Scss","Completions"
"59933",2019-07-01,"Jul 2019","Semi-Detached",34,"Scss","Completions"
"59933",2019-07-01,"Jul 2019","Row",258,"Scss","Completions"
"59933",2019-07-01,"Jul 2019","Apartment",1120,"Scss","Completions"
"59933",2019-07-01,"Jul 2019","All",1806,"Scss","Completions"
"59933",2019-08-01,"Aug 2019","Single",277,"Scss","Completions"
"59933",2019-08-01,"Aug 2019","Semi-Detached",38,"Scss","Completions"
"59933",2019-08-01,"Aug 2019","Row",161,"Scss","Completions"
"59933",2019-08-01,"Aug 2019","Apartment",1153,"Scss","Completions"
"59933",2019-08-01,"Aug 2019","All",1629,"Scss","Completions"
"59933",2019-09-01,"Sep 2019","Single",422,"Scss","Completions"
"59933",2019-09-01,"Sep 2019","Semi-Detached",32,"Scss","Completions"
"59933",2019-09-01,"Sep 2019","Row",149,"Scss","Completions"
"59933",2019-09-01,"Sep 2019","Apartment",2393,"Scss","Completions"
"59933",2019-09-01,"Sep 2019","All",2996,"Scss","Completions"
"59933",2019-10-01,"Oct 2019","Single",295,"Scss","Completions"
"59933",2019-10-01,"Oct 2019","Semi-Detached",42,"Scss","Completions"
"59933",2019-10-01,"Oct 2019","Row",204,"Scss","Completions"
"59933",2019-10-01,"Oct 2019","Apartment",569,"Scss","Completions"
"59933",2019-10-01,"Oct 2019","All",1110,"Scss","Completions"
"59933",2019-11-01,"Nov 2019","Single",338,"Scss","Completions"
"59933",2019-11-01,"Nov 2019","Semi-Detached",28,"Scss","Completions"
"59933",2019-11-01,"Nov 2019","Row",217,"Scss","Completions"
"59933",2019-11-01,"Nov 2019","Apartment",537,"Scss","Completions"
"59933",2019-11-01,"Nov 2019","All",1120,"Scss","Completions"
"59933",2019-12-01,"Dec 2019","Single",479,"Scss","Completions"
"59933",2019-12-01,"Dec 2019","Semi-Detached",62,"Scss","Completions"
"59933",2019-12-01,"Dec 2019","Row",271,"Scss","Completions"
"59933",2019-12-01,"Dec 2019","Apartment",1644,"Scss","Completions"
"59933",2019-12-01,"Dec 2019","All",2456,"Scss","Completions"
"59933",2020-01-01,"Jan 2020","Single",216,"Scss","Completions"
"59933",2020-01-01,"Jan 2020","Semi-Detached",30,"Scss","Completions"
"59933",2020-01-01,"Jan 2020","Row",198,"Scss","Completions"
"59933",2020-01-01,"Jan 2020","Apartment",1792,"Scss","Completions"
"59933",2020-01-01,"Jan 2020","All",2236,"Scss","Completions"
"59933",2020-02-01,"Feb 2020","Single",345,"Scss","Completions"
"59933",2020-02-01,"Feb 2020","Semi-Detached",30,"Scss","Completions"
"59933",2020-02-01,"Feb 2020","Row",162,"Scss","Completions"
"59933",2020-02-01,"Feb 2020","Apartment",1348,"Scss","Completions"
"59933",2020-02-01,"Feb 2020","All",1885,"Scss","Completions"
"59933",2020-03-01,"Mar 2020","Single",324,"Scss","Completions"
"59933",2020-03-01,"Mar 2020","Semi-Detached",28,"Scss","Completions"
"59933",2020-03-01,"Mar 2020","Row",208,"Scss","Completions"
"59933",2020-03-01,"Mar 2020","Apartment",1357,"Scss","Completions"
"59933",2020-03-01,"Mar 2020","All",1917,"Scss","Completions"
"59933",2020-04-01,"Apr 2020","Single",235,"Scss","Completions"
"59933",2020-04-01,"Apr 2020","Semi-Detached",50,"Scss","Completions"
"59933",2020-04-01,"Apr 2020","Row",172,"Scss","Completions"
"59933",2020-04-01,"Apr 2020","Apartment",2119,"Scss","Completions"
"59933",2020-04-01,"Apr 2020","All",2576,"Scss","Completions"
"59933",2020-05-01,"May 2020","Single",320,"Scss","Completions"
"59933",2020-05-01,"May 2020","Semi-Detached",48,"Scss","Completions"
"59933",2020-05-01,"May 2020","Row",191,"Scss","Completions"
"59933",2020-05-01,"May 2020","Apartment",1544,"Scss","Completions"
"59933",2020-05-01,"May 2020","All",2103,"Scss","Completions"
"59933",2020-06-01,"Jun 2020","Single",310,"Scss","Completions"
"59933",2020-06-01,"Jun 2020","Semi-Detached",60,"Scss","Completions"
"59933",2020-06-01,"Jun 2020","Row",174,"Scss","Completions"
"59933",2020-06-01,"Jun 2020","Apartment",1247,"Scss","Completions"
"59933",2020-06-01,"Jun 2020","All",1791,"Scss","Completions"
"59933",2020-07-01,"Jul 2020","Single",340,"Scss","Completions"
"59933",2020-07-01,"Jul 2020","Semi-Detached",78,"Scss","Completions"
"59933",2020-07-01,"Jul 2020","Row",310,"Scss","Completions"
"59933",2020-07-01,"Jul 2020","Apartment",1275,"Scss","Completions"
"59933",2020-07-01,"Jul 2020","All",2003,"Scss","Completions"
"59933",2020-08-01,"Aug 2020","Single",258,"Scss","Completions"
"59933",2020-08-01,"Aug 2020","Semi-Detached",30,"Scss","Completions"
"59933",2020-08-01,"Aug 2020","Row",285,"Scss","Completions"
"59933",2020-08-01,"Aug 2020","Apartment",1496,"Scss","Completions"
"59933",2020-08-01,"Aug 2020","All",2069,"Scss","Completions"
"59933",2020-09-01,"Sep 2020","Single",251,"Scss","Completions"
"59933",2020-09-01,"Sep 2020","Semi-Detached",82,"Scss","Completions"
"59933",2020-09-01,"Sep 2020","Row",272,"Scss","Completions"
"59933",2020-09-01,"Sep 2020","Apartment",1289,"Scss","Completions"
"59933",2020-09-01,"Sep 2020","All",1894,"Scss","Completions"
"59933",2020-10-01,"Oct 2020","Single",363,"Scss","Completions"
"59933",2020-10-01,"Oct 2020","Semi-Detached",54,"Scss","Completions"
"59933",2020-10-01,"Oct 2020","Row",253,"Scss","Completions"
"59933",2020-10-01,"Oct 2020","Apartment",1127,"Scss","Completions"
"59933",2020-10-01,"Oct 2020","All",1797,"Scss","Completions"
"59933",2020-11-01,"Nov 2020","Single",305,"Scss","Completions"
"59933",2020-11-01,"Nov 2020","Semi-Detached",40,"Scss","Completions"
"59933",2020-11-01,"Nov 2020","Row",228,"Scss","Completions"
"59933",2020-11-01,"Nov 2020","Apartment",1379,"Scss","Completions"
"59933",2020-11-01,"Nov 2020","All",1952,"Scss","Completions"
"59933",2020-12-01,"Dec 2020","Single",415,"Scss","Completions"
"59933",2020-12-01,"Dec 2020","Semi-Detached",58,"Scss","Completions"
"59933",2020-12-01,"Dec 2020","Row",249,"Scss","Completions"
"59933",2020-12-01,"Dec 2020","Apartment",1094,"Scss","Completions"
"59933",2020-12-01,"Dec 2020","All",1816,"Scss","Completions"
"59933",2021-01-01,"Jan 2021","Single",263,"Scss","Completions"
"59933",2021-01-01,"Jan 2021","Semi-Detached",32,"Scss","Completions"
"59933",2021-01-01,"Jan 2021","Row",247,"Scss","Completions"
"59933",2021-01-01,"Jan 2021","Apartment",1011,"Scss","Completions"
"59933",2021-01-01,"Jan 2021","All",1553,"Scss","Completions"
"59933",2021-02-01,"Feb 2021","Single",272,"Scss","Completions"
"59933",2021-02-01,"Feb 2021","Semi-Detached",54,"Scss","Completions"
"59933",2021-02-01,"Feb 2021","Row",226,"Scss","Completions"
"59933",2021-02-01,"Feb 2021","Apartment",412,"Scss","Completions"
"59933",2021-02-01,"Feb 2021","All",964,"Scss","Completions"
"59933",2021-03-01,"Mar 2021","Single",265,"Scss","Completions"
"59933",2021-03-01,"Mar 2021","Semi-Detached",50,"Scss","Completions"
"59933",2021-03-01,"Mar 2021","Row",193,"Scss","Completions"
"59933",2021-03-01,"Mar 2021","Apartment",1397,"Scss","Completions"
"59933",2021-03-01,"Mar 2021","All",1905,"Scss","Completions"
"59933",2021-04-01,"Apr 2021","Single",293,"Scss","Completions"
"59933",2021-04-01,"Apr 2021","Semi-Detached",58,"Scss","Completions"
"59933",2021-04-01,"Apr 2021","Row",262,"Scss","Completions"
"59933",2021-04-01,"Apr 2021","Apartment",1587,"Scss","Completions"
"59933",2021-04-01,"Apr 2021","All",2200,"Scss","Completions"
"59933",2021-05-01,"May 2021","Single",217,"Scss","Completions"
"59933",2021-05-01,"May 2021","Semi-Detached",40,"Scss","Completions"
"59933",2021-05-01,"May 2021","Row",145,"Scss","Completions"
"59933",2021-05-01,"May 2021","Apartment",854,"Scss","Completions"
"59933",2021-05-01,"May 2021","All",1256,"Scss","Completions"
"59933",2021-06-01,"Jun 2021","Single",295,"Scss","Completions"
"59933",2021-06-01,"Jun 2021","Semi-Detached",62,"Scss","Completions"
"59933",2021-06-01,"Jun 2021","Row",254,"Scss","Completions"
"59933",2021-06-01,"Jun 2021","Apartment",2469,"Scss","Completions"
"59933",2021-06-01,"Jun 2021","All",3080,"Scss","Completions"
"59933",2021-07-01,"Jul 2021","Single",288,"Scss","Completions"
"59933",2021-07-01,"Jul 2021","Semi-Detached",62,"Scss","Completions"
"59933",2021-07-01,"Jul 2021","Row",306,"Scss","Completions"
"59933",2021-07-01,"Jul 2021","Apartment",1745,"Scss","Completions"
"59933",2021-07-01,"Jul 2021","All",2401,"Scss","Completions"
"59933",2021-08-01,"Aug 2021","Single",266,"Scss","Completions"
"59933",2021-08-01,"Aug 2021","Semi-Detached",40,"Scss","Completions"
"59933",2021-08-01,"Aug 2021","Row",263,"Scss","Completions"
"59933",2021-08-01,"Aug 2021","Apartment",2452,"Scss","Completions"
"59933",2021-08-01,"Aug 2021","All",3021,"Scss","Completions"
"59933",2021-09-01,"Sep 2021","Single",210,"Scss","Completions"
"59933",2021-09-01,"Sep 2021","Semi-Detached",64,"Scss","Completions"
"59933",2021-09-01,"Sep 2021","Row",320,"Scss","Completions"
"59933",2021-09-01,"Sep 2021","Apartment",2070,"Scss","Completions"
"59933",2021-09-01,"Sep 2021","All",2664,"Scss","Completions"
"59933",2021-10-01,"Oct 2021","Single",299,"Scss","Completions"
"59933",2021-10-01,"Oct 2021","Semi-Detached",60,"Scss","Completions"
"59933",2021-10-01,"Oct 2021","Row",197,"Scss","Completions"
"59933",2021-10-01,"Oct 2021","Apartment",540,"Scss","Completions"
"59933",2021-10-01,"Oct 2021","All",1096,"Scss","Completions"
"59933",2021-11-01,"Nov 2021","Single",259,"Scss","Completions"
"59933",2021-11-01,"Nov 2021","Semi-Detached",48,"Scss","Completions"
"59933",2021-11-01,"Nov 2021","Row",310,"Scss","Completions"
"59933",2021-11-01,"Nov 2021","Apartment",2202,"Scss","Completions"
"59933",2021-11-01,"Nov 2021","All",2819,"Scss","Completions"
"59933",2021-12-01,"Dec 2021","Single",371,"Scss","Completions"
"59933",2021-12-01,"Dec 2021","Semi-Detached",28,"Scss","Completions"
"59933",2021-12-01,"Dec 2021","Row",223,"Scss","Completions"
"59933",2021-12-01,"Dec 2021","Apartment",1648,"Scss","Completions"
"59933",2021-12-01,"Dec 2021","All",2270,"Scss","Completions"
"59933",2022-01-01,"Jan 2022","Single",191,"Scss","Completions"
"59933",2022-01-01,"Jan 2022","Semi-Detached",36,"Scss","Completions"
"59933",2022-01-01,"Jan 2022","Row",140,"Scss","Completions"
"59933",2022-01-01,"Jan 2022","Apartment",772,"Scss","Completions"
"59933",2022-01-01,"Jan 2022","All",1139,"Scss","Completions"
"59933",2022-02-01,"Feb 2022","Single",172,"Scss","Completions"
"59933",2022-02-01,"Feb 2022","Semi-Detached",34,"Scss","Completions"
"59933",2022-02-01,"Feb 2022","Row",175,"Scss","Completions"
"59933",2022-02-01,"Feb 2022","Apartment",1289,"Scss","Completions"
"59933",2022-02-01,"Feb 2022","All",1670,"Scss","Completions"
"59933",2022-03-01,"Mar 2022","Single",278,"Scss","Completions"
"59933",2022-03-01,"Mar 2022","Semi-Detached",62,"Scss","Completions"
"59933",2022-03-01,"Mar 2022","Row",232,"Scss","Completions"
"59933",2022-03-01,"Mar 2022","Apartment",2235,"Scss","Completions"
"59933",2022-03-01,"Mar 2022","All",2807,"Scss","Completions"
"59933",2022-04-01,"Apr 2022","Single",214,"Scss","Completions"
"59933",2022-04-01,"Apr 2022","Semi-Detached",36,"Scss","Completions"
"59933",2022-04-01,"Apr 2022","Row",256,"Scss","Completions"
"59933",2022-04-01,"Apr 2022","Apartment",1192,"Scss","Completions"
"59933",2022-04-01,"Apr 2022","All",1698,"Scss","Completions"
"59933",2022-05-01,"May 2022","Single",213,"Scss","Completions"
"59933",2022-05-01,"May 2022","Semi-Detached",64,"Scss","Completions"
"59933",2022-05-01,"May 2022","Row",190,"Scss","Completions"
"59933",2022-05-01,"May 2022","Apartment",3236,"Scss","Completions"
"59933",2022-05-01,"May 2022","All",3703,"Scss","Completions"
"59933",2022-06-01,"Jun 2022","Single",230,"Scss","Completions"
"59933",2022-06-01,"Jun 2022","Semi-Detached",32,"Scss","Completions"
"59933",2022-06-01,"Jun 2022","Row",128,"Scss","Completions"
"59933",2022-06-01,"Jun 2022","Apartment",850,"Scss","Completions"
"59933",2022-06-01,"Jun 2022","All",1240,"Scss","Completions"
"59933",2022-07-01,"Jul 2022","Single",187,"Scss","Completions"
"59933",2022-07-01,"Jul 2022","Semi-Detached",52,"Scss","Completions"
"59933",2022-07-01,"Jul 2022","Row",227,"Scss","Completions"
"59933",2022-07-01,"Jul 2022","Apartment",1414,"Scss","Completions"
"59933",2022-07-01,"Jul 2022","All",1880,"Scss","Completions"
"59933",2022-08-01,"Aug 2022","Single",177,"Scss","Completions"
"59933",2022-08-01,"Aug 2022","Semi-Detached",42,"Scss","Completions"
"59933",2022-08-01,"Aug 2022","Row",246,"Scss","Completions"
"59933",2022-08-01,"Aug 2022","Apartment",418,"Scss","Completions"
"59933",2022-08-01,"Aug 2022","All",883,"Scss","Completions"
"59933",2022-09-01,"Sep 2022","Single",288,"Scss","Completions"
"59933",2022-09-01,"Sep 2022","Semi-Detached",64,"Scss","Completions"
"59933",2022-09-01,"Sep 2022","Row",228,"Scss","Completions"
"59933",2022-09-01,"Sep 2022","Apartment",1170,"Scss","Completions"
"59933",2022-09-01,"Sep 2022","All",1750,"Scss","Completions"
"59933",2022-10-01,"Oct 2022","Single",193,"Scss","Completions"
"59933",2022-10-01,"Oct 2022","Semi-Detached",42,"Scss","Completions"
"59933",2022-10-01,"Oct 2022","Row",90,"Scss","Completions"
"59933",2022-10-01,"Oct 2022","Apartment",622,"Scss","Completions"
"59933",2022-10-01,"Oct 2022","All",947,"Scss","Completions"
"59933",2022-11-01,"Nov 2022","Single",213,"Scss","Completions"
"59933",2022-11-01,"Nov 2022","Semi-Detached",30,"Scss","Completions"
"59933",2022-11-01,"Nov 2022","Row",177,"Scss","Completions"
"59933",2022-11-01,"Nov 2022","Apartment",1678,"Scss","Completions"
"59933",2022-11-01,"Nov 2022","All",2098,"Scss","Completions"
"59933",2022-12-01,"Dec 2022","Single",311,"Scss","Completions"
"59933",2022-12-01,"Dec 2022","Semi-Detached",76,"Scss","Completions"
"59933",2022-12-01,"Dec 2022","Row",97,"Scss","Completions"
"59933",2022-12-01,"Dec 2022","Apartment",1141,"Scss","Completions"
"59933",2022-12-01,"Dec 2022","All",1625,"Scss","Completions"
"59933",2023-01-01,"Jan 2023","Single",215,"Scss","Completions"
"59933",2023-01-01,"Jan 2023","Semi-Detached",82,"Scss","Completions"
"59933",2023-01-01,"Jan 2023","Row",215,"Scss","Completions"
"59933",2023-01-01,"Jan 2023","Apartment",1518,"Scss","Completions"
"59933",2023-01-01,"Jan 2023","All",2030,"Scss","Completions"
"59933",2023-02-01,"Feb 2023","Single",231,"Scss","Completions"
"59933",2023-02-01,"Feb 2023","Semi-Detached",62,"Scss","Completions"
"59933",2023-02-01,"Feb 2023","Row",142,"Scss","Completions"
"59933",2023-02-01,"Feb 2023","Apartment",662,"Scss","Completions"
"59933",2023-02-01,"Feb 2023","All",1097,"Scss","Completions"
"59933",2023-03-01,"Mar 2023","Single",185,"Scss","Completions"
"59933",2023-03-01,"Mar 2023","Semi-Detached",58,"Scss","Completions"
"59933",2023-03-01,"Mar 2023","Row",205,"Scss","Completions"
"59933",2023-03-01,"Mar 2023","Apartment",1595,"Scss","Completions"
"59933",2023-03-01,"Mar 2023","All",2043,"Scss","Completions"
"59933",2023-04-01,"Apr 2023","Single",167,"Scss","Completions"
"59933",2023-04-01,"Apr 2023","Semi-Detached",94,"Scss","Completions"
"59933",2023-04-01,"Apr 2023","Row",205,"Scss","Completions"
"59933",2023-04-01,"Apr 2023","Apartment",1032,"Scss","Completions"
"59933",2023-04-01,"Apr 2023","All",1498,"Scss","Completions"
"59933",2023-05-01,"May 2023","Single",238,"Scss","Completions"
"59933",2023-05-01,"May 2023","Semi-Detached",86,"Scss","Completions"
"59933",2023-05-01,"May 2023","Row",199,"Scss","Completions"
"59933",2023-05-01,"May 2023","Apartment",665,"Scss","Completions"
"59933",2023-05-01,"May 2023","All",1188,"Scss","Completions"
"59933",2023-06-01,"Jun 2023","Single",335,"Scss","Completions"
"59933",2023-06-01,"Jun 2023","Semi-Detached",110,"Scss","Completions"
"59933",2023-06-01,"Jun 2023","Row",297,"Scss","Completions"
"59933",2023-06-01,"Jun 2023","Apartment",1240,"Scss","Completions"
"59933",2023-06-01,"Jun 2023","All",1982,"Scss","Completions"
"59933",2023-07-01,"Jul 2023","Single",220,"Scss","Completions"
"59933",2023-07-01,"Jul 2023","Semi-Detached",84,"Scss","Completions"
"59933",2023-07-01,"Jul 2023","Row",120,"Scss","Completions"
"59933",2023-07-01,"Jul 2023","Apartment",675,"Scss","Completions"
"59933",2023-07-01,"Jul 2023","All",1099,"Scss","Completions"
"59933",2023-08-01,"Aug 2023","Single",222,"Scss","Completions"
"59933",2023-08-01,"Aug 2023","Semi-Detached",78,"Scss","Completions"
"59933",2023-08-01,"Aug 2023","Row",263,"Scss","Completions"
"59933",2023-08-01,"Aug 2023","Apartment",2768,"Scss","Completions"
"59933",2023-08-01,"Aug 2023","All",3331,"Scss","Completions"
"59933",2023-09-01,"Sep 2023","Single",298,"Scss","Completions"
"59933",2023-09-01,"Sep 2023","Semi-Detached",72,"Scss","Completions"
"59933",2023-09-01,"Sep 2023","Row",96,"Scss","Completions"
"59933",2023-09-01,"Sep 2023","Apartment",1033,"Scss","Completions"
"59933",2023-09-01,"Sep 2023","All",1499,"Scss","Completions"
"59933",2023-10-01,"Oct 2023","Single",312,"Scss","Completions"
"59933",2023-10-01,"Oct 2023","Semi-Detached",52,"Scss","Completions"
"59933",2023-10-01,"Oct 2023","Row",179,"Scss","Completions"
"59933",2023-10-01,"Oct 2023","Apartment",913,"Scss","Completions"
"59933",2023-10-01,"Oct 2023","All",1456,"Scss","Completions"
"59933",2023-11-01,"Nov 2023","Single",283,"Scss","Completions"
"59933",2023-11-01,"Nov 2023","Semi-Detached",90,"Scss","Completions"
"59933",2023-11-01,"Nov 2023","Row",318,"Scss","Completions"
"59933",2023-11-01,"Nov 2023","Apartment",1551,"Scss","Completions"
"59933",2023-11-01,"Nov 2023","All",2242,"Scss","Completions"
"59933",2023-12-01,"Dec 2023","Single",357,"Scss","Completions"
"59933",2023-12-01,"Dec 2023","Semi-Detached",112,"Scss","Completions"
"59933",2023-12-01,"Dec 2023","Row",136,"Scss","Completions"
"59933",2023-12-01,"Dec 2023","Apartment",727,"Scss","Completions"
"59933",2023-12-01,"Dec 2023","All",1332,"Scss","Completions"
"59933",2024-01-01,"Jan 2024","Single",212,"Scss","Completions"
"59933",2024-01-01,"Jan 2024","Semi-Detached",52,"Scss","Completions"
"59933",2024-01-01,"Jan 2024","Row",58,"Scss","Completions"
"59933",2024-01-01,"Jan 2024","Apartment",924,"Scss","Completions"
"59933",2024-01-01,"Jan 2024","All",1246,"Scss","Completions"
"59933",2024-02-01,"Feb 2024","Single",218,"Scss","Completions"
"59933",2024-02-01,"Feb 2024","Semi-Detached",62,"Scss","Completions"
"59933",2024-02-01,"Feb 2024","Row",78,"Scss","Completions"
"59933",2024-02-01,"Feb 2024","Apartment",1946,"Scss","Completions"
"59933",2024-02-01,"Feb 2024","All",2304,"Scss","Completions"
"59933",2024-03-01,"Mar 2024","Single",249,"Scss","Completions"
"59933",2024-03-01,"Mar 2024","Semi-Detached",70,"Scss","Completions"
"59933",2024-03-01,"Mar 2024","Row",173,"Scss","Completions"
"59933",2024-03-01,"Mar 2024","Apartment",1238,"Scss","Completions"
"59933",2024-03-01,"Mar 2024","All",1730,"Scss","Completions"
"59933",2024-04-01,"Apr 2024","Single",223,"Scss","Completions"
"59933",2024-04-01,"Apr 2024","Semi-Detached",102,"Scss","Completions"
"59933",2024-04-01,"Apr 2024","Row",181,"Scss","Completions"
"59933",2024-04-01,"Apr 2024","Apartment",1538,"Scss","Completions"
"59933",2024-04-01,"Apr 2024","All",2044,"Scss","Completions"
"59933",2024-05-01,"May 2024","Single",203,"Scss","Completions"
"59933",2024-05-01,"May 2024","Semi-Detached",66,"Scss","Completions"
"59933",2024-05-01,"May 2024","Row",118,"Scss","Completions"
"59933",2024-05-01,"May 2024","Apartment",735,"Scss","Completions"
"59933",2024-05-01,"May 2024","All",1122,"Scss","Completions"
"59933",2024-06-01,"Jun 2024","Single",287,"Scss","Completions"
"59933",2024-06-01,"Jun 2024","Semi-Detached",80,"Scss","Completions"
"59933",2024-06-01,"Jun 2024","Row",217,"Scss","Completions"
"59933",2024-06-01,"Jun 2024","Apartment",1698,"Scss","Completions"
"59933",2024-06-01,"Jun 2024","All",2282,"Scss","Completions"
"59933",2024-07-01,"Jul 2024","Single",231,"Scss","Completions"
"59933",2024-07-01,"Jul 2024","Semi-Detached",84,"Scss","Completions"
"59933",2024-07-01,"Jul 2024","Row",186,"Scss","Completions"
"59933",2024-07-01,"Jul 2024","Apartment",1465,"Scss","Completions"
"59933",2024-07-01,"Jul 2024","All",1966,"Scss","Completions"
"59933",2024-08-01,"Aug 2024","Single",259,"Scss","Completions"
"59933",2024-08-01,"Aug 2024","Semi-Detached",106,"Scss","Completions"
"59933",2024-08-01,"Aug 2024","Row",268,"Scss","Completions"
"59933",2024-08-01,"Aug 2024","Apartment",1316,"Scss","Completions"
"59933",2024-08-01,"Aug 2024","All",1949,"Scss","Completions"
"59933",2024-09-01,"Sep 2024","Single",258,"Scss","Completions"
"59933",2024-09-01,"Sep 2024","Semi-Detached",68,"Scss","Completions"
"59933",2024-09-01,"Sep 2024","Row",253,"Scss","Completions"
"59933",2024-09-01,"Sep 2024","Apartment",1946,"Scss","Completions"
"59933",2024-09-01,"Sep 2024","All",2525,"Scss","Completions"
"59933",2024-10-01,"Oct 2024","Single",254,"Scss","Completions"
"59933",2024-10-01,"Oct 2024","Semi-Detached",70,"Scss","Completions"
"59933",2024-10-01,"Oct 2024","Row",110,"Scss","Completions"
"59933",2024-10-01,"Oct 2024","Apartment",1792,"Scss","Completions"
"59933",2024-10-01,"Oct 2024","All",2226,"Scss","Completions"
"59933",2024-11-01,"Nov 2024","Single",217,"Scss","Completions"
"59933",2024-11-01,"Nov 2024","Semi-Detached",84,"Scss","Completions"
"59933",2024-11-01,"Nov 2024","Row",116,"Scss","Completions"
"59933",2024-11-01,"Nov 2024","Apartment",1531,"Scss","Completions"
"59933",2024-11-01,"Nov 2024","All",1948,"Scss","Completions"
"59933",2024-12-01,"Dec 2024","Single",308,"Scss","Completions"
"59933",2024-12-01,"Dec 2024","Semi-Detached",90,"Scss","Completions"
"59933",2024-12-01,"Dec 2024","Row",195,"Scss","Completions"
"59933",2024-12-01,"Dec 2024","Apartment",3679,"Scss","Completions"
"59933",2024-12-01,"Dec 2024","All",4272,"Scss","Completions"
"59933",2025-01-01,"Jan 2025","Single",124,"Scss","Completions"
"59933",2025-01-01,"Jan 2025","Semi-Detached",32,"Scss","Completions"
"59933",2025-01-01,"Jan 2025","Row",173,"Scss","Completions"
"59933",2025-01-01,"Jan 2025","Apartment",1055,"Scss","Completions"
"59933",2025-01-01,"Jan 2025","All",1384,"Scss","Completions"
"59933",2025-02-01,"Feb 2025","Single",184,"Scss","Completions"
"59933",2025-02-01,"Feb 2025","Semi-Detached",82,"Scss","Completions"
"59933",2025-02-01,"Feb 2025","Row",131,"Scss","Completions"
"59933",2025-02-01,"Feb 2025","Apartment",1750,"Scss","Completions"
"59933",2025-02-01,"Feb 2025","All",2147,"Scss","Completions"
"59933",2025-03-01,"Mar 2025","Single",189,"Scss","Completions"
"59933",2025-03-01,"Mar 2025","Semi-Detached",76,"Scss","Completions"
"59933",2025-03-01,"Mar 2025","Row",233,"Scss","Completions"
"59933",2025-03-01,"Mar 2025","Apartment",1701,"Scss","Completions"
"59933",2025-03-01,"Mar 2025","All",2199,"Scss","Completions"
"59933",2025-04-01,"Apr 2025","Single",193,"Scss","Completions"
"59933",2025-04-01,"Apr 2025","Semi-Detached",88,"Scss","Completions"
"59933",2025-04-01,"Apr 2025","Row",224,"Scss","Completions"
"59933",2025-04-01,"Apr 2025","Apartment",1562,"Scss","Completions"
"59933",2025-04-01,"Apr 2025","All",2067,"Scss","Completions"
"59933",2025-05-01,"May 2025","Single",225,"Scss","Completions"
"59933",2025-05-01,"May 2025","Semi-Detached",108,"Scss","Completions"
"59933",2025-05-01,"May 2025","Row",130,"Scss","Completions"
"59933",2025-05-01,"May 2025","Apartment",2223,"Scss","Completions"
"59933",2025-05-01,"May 2025","All",2686,"Scss","Completions"
"59933",2025-06-01,"Jun 2025","Single",239,"Scss","Completions"
"59933",2025-06-01,"Jun 2025","Semi-Detached",78,"Scss","Completions"
"59933",2025-06-01,"Jun 2025","Row",99,"Scss","Completions"
"59933",2025-06-01,"Jun 2025","Apartment",3031,"Scss","Completions"
"59933",2025-06-01,"Jun 2025","All",3447,"Scss","Completions"
"59933",2025-07-01,"Jul 2025","Single",159,"Scss","Completions"
"59933",2025-07-01,"Jul 2025","Semi-Detached",56,"Scss","Completions"
"59933",2025-07-01,"Jul 2025","Row",195,"Scss","Completions"
"59933",2025-07-01,"Jul 2025","Apartment",1496,"Scss","Completions"
"59933",2025-07-01,"Jul 2025","All",1906,"Scss","Completions"
"59933",2025-08-01,"Aug 2025","Single",188,"Scss","Completions"
"59933",2025-08-01,"Aug 2025","Semi-Detached",100,"Scss","Completions"
"59933",2025-08-01,"Aug 2025","Row",169,"Scss","Completions"
"59933",2025-08-01,"Aug 2025","Apartment",1533,"Scss","Completions"
"59933",2025-08-01,"Aug 2025","All",1990,"Scss","Completions"
"59933",2025-09-01,"Sep 2025","Single",139,"Scss","Completions"
"59933",2025-09-01,"Sep 2025","Semi-Detached",52,"Scss","Completions"
"59933",2025-09-01,"Sep 2025","Row",185,"Scss","Completions"
"59933",2025-09-01,"Sep 2025","Apartment",2962,"Scss","Completions"
"59933",2025-09-01,"Sep 2025","All",3338,"Scss","Completions"
"59933",2025-10-01,"Oct 2025","Single",199,"Scss","Completions"
"59933",2025-10-01,"Oct 2025","Semi-Detached",60,"Scss","Completions"
"59933",2025-10-01,"Oct 2025","Row",218,"Scss","Completions"
"59933",2025-10-01,"Oct 2025","Apartment",2678,"Scss","Completions"
"59933",2025-10-01,"Oct 2025","All",3155,"Scss","Completions"
"59933",2025-11-01,"Nov 2025","Single",173,"Scss","Completions"
"59933",2025-11-01,"Nov 2025","Semi-Detached",80,"Scss","Completions"
"59933",2025-11-01,"Nov 2025","Row",164,"Scss","Completions"
"59933",2025-11-01,"Nov 2025","Apartment",2595,"Scss","Completions"
"59933",2025-11-01,"Nov 2025","All",3012,"Scss","Completions"
"59933",2025-12-01,"Dec 2025","Single",320,"Scss","Completions"
"59933",2025-12-01,"Dec 2025","Semi-Detached",82,"Scss","Completions"
"59933",2025-12-01,"Dec 2025","Row",86,"Scss","Completions"
"59933",2025-12-01,"Dec 2025","Apartment",3036,"Scss","Completions"
"59933",2025-12-01,"Dec 2025","All",3524,"Scss","Completions"
"59933",2026-01-01,"Jan 2026","Single",114,"Scss","Completions"
"59933",2026-01-01,"Jan 2026","Semi-Detached",70,"Scss","Completions"
"59933",2026-01-01,"Jan 2026","Row",110,"Scss","Completions"
"59933",2026-01-01,"Jan 2026","Apartment",1050,"Scss","Completions"
"59933",2026-01-01,"Jan 2026","All",1344,"Scss","Completions"
"59933",2026-02-01,"Feb 2026","Single",138,"Scss","Completions"
"59933",2026-02-01,"Feb 2026","Semi-Detached",84,"Scss","Completions"
"59933",2026-02-01,"Feb 2026","Row",117,"Scss","Completions"
"59933",2026-02-01,"Feb 2026","Apartment",819,"Scss","Completions"
"59933",2026-02-01,"Feb 2026","All",1158,"Scss","Completions"
