"GeoUID","Date","DateString","Dwelling Type","Value","Survey","Series"
"24505",1990-01-01,"Jan 1990","Single",91,"Scss","Completions"
"24505",1990-01-01,"Jan 1990","Semi-Detached",56,"Scss","Completions"
"24505",1990-01-01,"Jan 1990","Row",12,"Scss","Completions"
"24505",1990-01-01,"Jan 1990","Apartment",61,"Scss","Completions"
"24505",1990-01-01,"Jan 1990","All",220,"Scss","Completions"
"24505",1990-02-01,"Feb 1990","Single",76,"Scss","Completions"
"24505",1990-02-01,"Feb 1990","Semi-Detached",20,"Scss","Completions"
"24505",1990-02-01,"Feb 1990","Row",14,"Scss","Completions"
"24505",1990-02-01,"Feb 1990","Apartment",104,"Scss","Completions"
"24505",1990-02-01,"Feb 1990","All",214,"Scss","Completions"
"24505",1990-03-01,"Mar 1990","Single",69,"Scss","Completions"
"24505",1990-03-01,"Mar 1990","Semi-Detached",70,"Scss","Completions"
"24505",1990-03-01,"Mar 1990","Row",16,"Scss","Completions"
"24505",1990-03-01,"Mar 1990","Apartment",78,"Scss","Completions"
"24505",1990-03-01,"Mar 1990","All",233,"Scss","Completions"
"24505",1990-04-01,"Apr 1990","Single",59,"Scss","Completions"
"24505",1990-04-01,"Apr 1990","Semi-Detached",70,"Scss","Completions"
"24505",1990-04-01,"Apr 1990","Row",60,"Scss","Completions"
"24505",1990-04-01,"Apr 1990","Apartment",127,"Scss","Completions"
"24505",1990-04-01,"Apr 1990","All",316,"Scss","Completions"
"24505",1990-05-01,"May 1990","Single",36,"Scss","Completions"
"24505",1990-05-01,"May 1990","Semi-Detached",50,"Scss","Completions"
"24505",1990-05-01,"May 1990","Row",9,"Scss","Completions"
"24505",1990-05-01,"May 1990","Apartment",26,"Scss","Completions"
"24505",1990-05-01,"May 1990","All",121,"Scss","Completions"
"24505",1990-06-01,"Jun 1990","Single",139,"Scss","Completions"
"24505",1990-06-01,"Jun 1990","Semi-Detached",108,"Scss","Completions"
"24505",1990-06-01,"Jun 1990","Row",46,"Scss","Completions"
"24505",1990-06-01,"Jun 1990","Apartment",145,"Scss","Completions"
"24505",1990-06-01,"Jun 1990","All",438,"Scss","Completions"
"24505",1990-07-01,"Jul 1990","Single",241,"Scss","Completions"
"24505",1990-07-01,"Jul 1990","Semi-Detached",200,"Scss","Completions"
"24505",1990-07-01,"Jul 1990","Row",14,"Scss","Completions"
"24505",1990-07-01,"Jul 1990","Apartment",93,"Scss","Completions"
"24505",1990-07-01,"Jul 1990","All",548,"Scss","Completions"
"24505",1990-08-01,"Aug 1990","Single",106,"Scss","Completions"
"24505",1990-08-01,"Aug 1990","Semi-Detached",76,"Scss","Completions"
"24505",1990-08-01,"Aug 1990","Row",19,"Scss","Completions"
"24505",1990-08-01,"Aug 1990","Apartment",85,"Scss","Completions"
"24505",1990-08-01,"Aug 1990","All",286,"Scss","Completions"
"24505",1990-09-01,"Sep 1990","Single",183,"Scss","Completions"
"24505",1990-09-01,"Sep 1990","Semi-Detached",106,"Scss","Completions"
"24505",1990-09-01,"Sep 1990","Row",7,"Scss","Completions"
"24505",1990-09-01,"Sep 1990","Apartment",75,"Scss","Completions"
"24505",1990-09-01,"Sep 1990","All",371,"Scss","Completions"
"24505",1990-10-01,"Oct 1990","Single",131,"Scss","Completions"
"24505",1990-10-01,"Oct 1990","Semi-Detached",70,"Scss","Completions"
"24505",1990-10-01,"Oct 1990","Row",17,"Scss","Completions"
"24505",1990-10-01,"Oct 1990","Apartment",55,"Scss","Completions"
"24505",1990-10-01,"Oct 1990","All",273,"Scss","Completions"
"24505",1990-11-01,"Nov 1990","Single",102,"Scss","Completions"
"24505",1990-11-01,"Nov 1990","Semi-Detached",66,"Scss","Completions"
"24505",1990-11-01,"Nov 1990","Row",0,"Scss","Completions"
"24505",1990-11-01,"Nov 1990","Apartment",180,"Scss","Completions"
"24505",1990-11-01,"Nov 1990","All",348,"Scss","Completions"
"24505",1990-12-01,"Dec 1990","Single",142,"Scss","Completions"
"24505",1990-12-01,"Dec 1990","Semi-Detached",80,"Scss","Completions"
"24505",1990-12-01,"Dec 1990","Row",4,"Scss","Completions"
"24505",1990-12-01,"Dec 1990","Apartment",101,"Scss","Completions"
"24505",1990-12-01,"Dec 1990","All",327,"Scss","Completions"
"24505",1991-01-01,"Jan 1991","Single",57,"Scss","Completions"
"24505",1991-01-01,"Jan 1991","Semi-Detached",38,"Scss","Completions"
"24505",1991-01-01,"Jan 1991","Row",10,"Scss","Completions"
"24505",1991-01-01,"Jan 1991","Apartment",81,"Scss","Completions"
"24505",1991-01-01,"Jan 1991","All",186,"Scss","Completions"
"24505",1991-02-01,"Feb 1991","Single",56,"Scss","Completions"
"24505",1991-02-01,"Feb 1991","Semi-Detached",46,"Scss","Completions"
"24505",1991-02-01,"Feb 1991","Row",0,"Scss","Completions"
"24505",1991-02-01,"Feb 1991","Apartment",67,"Scss","Completions"
"24505",1991-02-01,"Feb 1991","All",169,"Scss","Completions"
"24505",1991-03-01,"Mar 1991","Single",9,"Scss","Completions"
"24505",1991-03-01,"Mar 1991","Semi-Detached",6,"Scss","Completions"
"24505",1991-03-01,"Mar 1991","Row",17,"Scss","Completions"
"24505",1991-03-01,"Mar 1991","Apartment",41,"Scss","Completions"
"24505",1991-03-01,"Mar 1991","All",73,"Scss","Completions"
"24505",1991-04-01,"Apr 1991","Single",23,"Scss","Completions"
"24505",1991-04-01,"Apr 1991","Semi-Detached",12,"Scss","Completions"
"24505",1991-04-01,"Apr 1991","Row",4,"Scss","Completions"
"24505",1991-04-01,"Apr 1991","Apartment",61,"Scss","Completions"
"24505",1991-04-01,"Apr 1991","All",100,"Scss","Completions"
"24505",1991-05-01,"May 1991","Single",37,"Scss","Completions"
"24505",1991-05-01,"May 1991","Semi-Detached",64,"Scss","Completions"
"24505",1991-05-01,"May 1991","Row",3,"Scss","Completions"
"24505",1991-05-01,"May 1991","Apartment",24,"Scss","Completions"
"24505",1991-05-01,"May 1991","All",128,"Scss","Completions"
"24505",1991-06-01,"Jun 1991","Single",55,"Scss","Completions"
"24505",1991-06-01,"Jun 1991","Semi-Detached",192,"Scss","Completions"
"24505",1991-06-01,"Jun 1991","Row",27,"Scss","Completions"
"24505",1991-06-01,"Jun 1991","Apartment",41,"Scss","Completions"
"24505",1991-06-01,"Jun 1991","All",315,"Scss","Completions"
"24505",1991-07-01,"Jul 1991","Single",65,"Scss","Completions"
"24505",1991-07-01,"Jul 1991","Semi-Detached",132,"Scss","Completions"
"24505",1991-07-01,"Jul 1991","Row",19,"Scss","Completions"
"24505",1991-07-01,"Jul 1991","Apartment",69,"Scss","Completions"
"24505",1991-07-01,"Jul 1991","All",285,"Scss","Completions"
"24505",1991-08-01,"Aug 1991","Single",96,"Scss","Completions"
"24505",1991-08-01,"Aug 1991","Semi-Detached",114,"Scss","Completions"
"24505",1991-08-01,"Aug 1991","Row",20,"Scss","Completions"
"24505",1991-08-01,"Aug 1991","Apartment",106,"Scss","Completions"
"24505",1991-08-01,"Aug 1991","All",336,"Scss","Completions"
"24505",1991-09-01,"Sep 1991","Single",79,"Scss","Completions"
"24505",1991-09-01,"Sep 1991","Semi-Detached",86,"Scss","Completions"
"24505",1991-09-01,"Sep 1991","Row",0,"Scss","Completions"
"24505",1991-09-01,"Sep 1991","Apartment",33,"Scss","Completions"
"24505",1991-09-01,"Sep 1991","All",198,"Scss","Completions"
"24505",1991-10-01,"Oct 1991","Single",116,"Scss","Completions"
"24505",1991-10-01,"Oct 1991","Semi-Detached",112,"Scss","Completions"
"24505",1991-10-01,"Oct 1991","Row",21,"Scss","Completions"
"24505",1991-10-01,"Oct 1991","Apartment",107,"Scss","Completions"
"24505",1991-10-01,"Oct 1991","All",356,"Scss","Completions"
"24505",1991-11-01,"Nov 1991","Single",96,"Scss","Completions"
"24505",1991-11-01,"Nov 1991","Semi-Detached",190,"Scss","Completions"
"24505",1991-11-01,"Nov 1991","Row",17,"Scss","Completions"
"24505",1991-11-01,"Nov 1991","Apartment",32,"Scss","Completions"
"24505",1991-11-01,"Nov 1991","All",335,"Scss","Completions"
"24505",1991-12-01,"Dec 1991","Single",133,"Scss","Completions"
"24505",1991-12-01,"Dec 1991","Semi-Detached",194,"Scss","Completions"
"24505",1991-12-01,"Dec 1991","Row",10,"Scss","Completions"
"24505",1991-12-01,"Dec 1991","Apartment",52,"Scss","Completions"
"24505",1991-12-01,"Dec 1991","All",389,"Scss","Completions"
"24505",1992-01-01,"Jan 1992","Single",68,"Scss","Completions"
"24505",1992-01-01,"Jan 1992","Semi-Detached",166,"Scss","Completions"
"24505",1992-01-01,"Jan 1992","Row",29,"Scss","Completions"
"24505",1992-01-01,"Jan 1992","Apartment",71,"Scss","Completions"
"24505",1992-01-01,"Jan 1992","All",334,"Scss","Completions"
"24505",1992-02-01,"Feb 1992","Single",63,"Scss","Completions"
"24505",1992-02-01,"Feb 1992","Semi-Detached",88,"Scss","Completions"
"24505",1992-02-01,"Feb 1992","Row",4,"Scss","Completions"
"24505",1992-02-01,"Feb 1992","Apartment",8,"Scss","Completions"
"24505",1992-02-01,"Feb 1992","All",163,"Scss","Completions"
"24505",1992-03-01,"Mar 1992","Single",52,"Scss","Completions"
"24505",1992-03-01,"Mar 1992","Semi-Detached",126,"Scss","Completions"
"24505",1992-03-01,"Mar 1992","Row",19,"Scss","Completions"
"24505",1992-03-01,"Mar 1992","Apartment",15,"Scss","Completions"
"24505",1992-03-01,"Mar 1992","All",212,"Scss","Completions"
"24505",1992-04-01,"Apr 1992","Single",39,"Scss","Completions"
"24505",1992-04-01,"Apr 1992","Semi-Detached",126,"Scss","Completions"
"24505",1992-04-01,"Apr 1992","Row",36,"Scss","Completions"
"24505",1992-04-01,"Apr 1992","Apartment",35,"Scss","Completions"
"24505",1992-04-01,"Apr 1992","All",236,"Scss","Completions"
"24505",1992-05-01,"May 1992","Single",44,"Scss","Completions"
"24505",1992-05-01,"May 1992","Semi-Detached",64,"Scss","Completions"
"24505",1992-05-01,"May 1992","Row",11,"Scss","Completions"
"24505",1992-05-01,"May 1992","Apartment",45,"Scss","Completions"
"24505",1992-05-01,"May 1992","All",164,"Scss","Completions"
"24505",1992-06-01,"Jun 1992","Single",52,"Scss","Completions"
"24505",1992-06-01,"Jun 1992","Semi-Detached",64,"Scss","Completions"
"24505",1992-06-01,"Jun 1992","Row",10,"Scss","Completions"
"24505",1992-06-01,"Jun 1992","Apartment",64,"Scss","Completions"
"24505",1992-06-01,"Jun 1992","All",190,"Scss","Completions"
"24505",1992-07-01,"Jul 1992","Single",73,"Scss","Completions"
"24505",1992-07-01,"Jul 1992","Semi-Detached",68,"Scss","Completions"
"24505",1992-07-01,"Jul 1992","Row",9,"Scss","Completions"
"24505",1992-07-01,"Jul 1992","Apartment",52,"Scss","Completions"
"24505",1992-07-01,"Jul 1992","All",202,"Scss","Completions"
"24505",1992-08-01,"Aug 1992","Single",49,"Scss","Completions"
"24505",1992-08-01,"Aug 1992","Semi-Detached",54,"Scss","Completions"
"24505",1992-08-01,"Aug 1992","Row",9,"Scss","Completions"
"24505",1992-08-01,"Aug 1992","Apartment",17,"Scss","Completions"
"24505",1992-08-01,"Aug 1992","All",129,"Scss","Completions"
"24505",1992-09-01,"Sep 1992","Single",142,"Scss","Completions"
"24505",1992-09-01,"Sep 1992","Semi-Detached",114,"Scss","Completions"
"24505",1992-09-01,"Sep 1992","Row",16,"Scss","Completions"
"24505",1992-09-01,"Sep 1992","Apartment",42,"Scss","Completions"
"24505",1992-09-01,"Sep 1992","All",314,"Scss","Completions"
"24505",1992-10-01,"Oct 1992","Single",93,"Scss","Completions"
"24505",1992-10-01,"Oct 1992","Semi-Detached",46,"Scss","Completions"
"24505",1992-10-01,"Oct 1992","Row",29,"Scss","Completions"
"24505",1992-10-01,"Oct 1992","Apartment",57,"Scss","Completions"
"24505",1992-10-01,"Oct 1992","All",225,"Scss","Completions"
"24505",1992-11-01,"Nov 1992","Single",89,"Scss","Completions"
"24505",1992-11-01,"Nov 1992","Semi-Detached",54,"Scss","Completions"
"24505",1992-11-01,"Nov 1992","Row",7,"Scss","Completions"
"24505",1992-11-01,"Nov 1992","Apartment",98,"Scss","Completions"
"24505",1992-11-01,"Nov 1992","All",248,"Scss","Completions"
"24505",1992-12-01,"Dec 1992","Single",105,"Scss","Completions"
"24505",1992-12-01,"Dec 1992","Semi-Detached",86,"Scss","Completions"
"24505",1992-12-01,"Dec 1992","Row",14,"Scss","Completions"
"24505",1992-12-01,"Dec 1992","Apartment",141,"Scss","Completions"
"24505",1992-12-01,"Dec 1992","All",346,"Scss","Completions"
"24505",1993-01-01,"Jan 1993","Single",44,"Scss","Completions"
"24505",1993-01-01,"Jan 1993","Semi-Detached",28,"Scss","Completions"
"24505",1993-01-01,"Jan 1993","Row",13,"Scss","Completions"
"24505",1993-01-01,"Jan 1993","Apartment",74,"Scss","Completions"
"24505",1993-01-01,"Jan 1993","All",159,"Scss","Completions"
"24505",1993-02-01,"Feb 1993","Single",54,"Scss","Completions"
"24505",1993-02-01,"Feb 1993","Semi-Detached",44,"Scss","Completions"
"24505",1993-02-01,"Feb 1993","Row",0,"Scss","Completions"
"24505",1993-02-01,"Feb 1993","Apartment",45,"Scss","Completions"
"24505",1993-02-01,"Feb 1993","All",143,"Scss","Completions"
"24505",1993-03-01,"Mar 1993","Single",47,"Scss","Completions"
"24505",1993-03-01,"Mar 1993","Semi-Detached",34,"Scss","Completions"
"24505",1993-03-01,"Mar 1993","Row",8,"Scss","Completions"
"24505",1993-03-01,"Mar 1993","Apartment",29,"Scss","Completions"
"24505",1993-03-01,"Mar 1993","All",118,"Scss","Completions"
"24505",1993-04-01,"Apr 1993","Single",57,"Scss","Completions"
"24505",1993-04-01,"Apr 1993","Semi-Detached",50,"Scss","Completions"
"24505",1993-04-01,"Apr 1993","Row",10,"Scss","Completions"
"24505",1993-04-01,"Apr 1993","Apartment",20,"Scss","Completions"
"24505",1993-04-01,"Apr 1993","All",137,"Scss","Completions"
"24505",1993-05-01,"May 1993","Single",55,"Scss","Completions"
"24505",1993-05-01,"May 1993","Semi-Detached",40,"Scss","Completions"
"24505",1993-05-01,"May 1993","Row",12,"Scss","Completions"
"24505",1993-05-01,"May 1993","Apartment",125,"Scss","Completions"
"24505",1993-05-01,"May 1993","All",232,"Scss","Completions"
"24505",1993-06-01,"Jun 1993","Single",52,"Scss","Completions"
"24505",1993-06-01,"Jun 1993","Semi-Detached",70,"Scss","Completions"
"24505",1993-06-01,"Jun 1993","Row",8,"Scss","Completions"
"24505",1993-06-01,"Jun 1993","Apartment",17,"Scss","Completions"
"24505",1993-06-01,"Jun 1993","All",147,"Scss","Completions"
"24505",1993-07-01,"Jul 1993","Single",92,"Scss","Completions"
"24505",1993-07-01,"Jul 1993","Semi-Detached",106,"Scss","Completions"
"24505",1993-07-01,"Jul 1993","Row",11,"Scss","Completions"
"24505",1993-07-01,"Jul 1993","Apartment",22,"Scss","Completions"
"24505",1993-07-01,"Jul 1993","All",231,"Scss","Completions"
"24505",1993-08-01,"Aug 1993","Single",87,"Scss","Completions"
"24505",1993-08-01,"Aug 1993","Semi-Detached",60,"Scss","Completions"
"24505",1993-08-01,"Aug 1993","Row",37,"Scss","Completions"
"24505",1993-08-01,"Aug 1993","Apartment",21,"Scss","Completions"
"24505",1993-08-01,"Aug 1993","All",205,"Scss","Completions"
"24505",1993-09-01,"Sep 1993","Single",146,"Scss","Completions"
"24505",1993-09-01,"Sep 1993","Semi-Detached",80,"Scss","Completions"
"24505",1993-09-01,"Sep 1993","Row",22,"Scss","Completions"
"24505",1993-09-01,"Sep 1993","Apartment",54,"Scss","Completions"
"24505",1993-09-01,"Sep 1993","All",302,"Scss","Completions"
"24505",1993-10-01,"Oct 1993","Single",99,"Scss","Completions"
"24505",1993-10-01,"Oct 1993","Semi-Detached",50,"Scss","Completions"
"24505",1993-10-01,"Oct 1993","Row",47,"Scss","Completions"
"24505",1993-10-01,"Oct 1993","Apartment",17,"Scss","Completions"
"24505",1993-10-01,"Oct 1993","All",213,"Scss","Completions"
"24505",1993-11-01,"Nov 1993","Single",114,"Scss","Completions"
"24505",1993-11-01,"Nov 1993","Semi-Detached",48,"Scss","Completions"
"24505",1993-11-01,"Nov 1993","Row",55,"Scss","Completions"
"24505",1993-11-01,"Nov 1993","Apartment",37,"Scss","Completions"
"24505",1993-11-01,"Nov 1993","All",254,"Scss","Completions"
"24505",1993-12-01,"Dec 1993","Single",108,"Scss","Completions"
"24505",1993-12-01,"Dec 1993","Semi-Detached",64,"Scss","Completions"
"24505",1993-12-01,"Dec 1993","Row",19,"Scss","Completions"
"24505",1993-12-01,"Dec 1993","Apartment",128,"Scss","Completions"
"24505",1993-12-01,"Dec 1993","All",319,"Scss","Completions"
"24505",1994-01-01,"Jan 1994","Single",68,"Scss","Completions"
"24505",1994-01-01,"Jan 1994","Semi-Detached",26,"Scss","Completions"
"24505",1994-01-01,"Jan 1994","Row",20,"Scss","Completions"
"24505",1994-01-01,"Jan 1994","Apartment",36,"Scss","Completions"
"24505",1994-01-01,"Jan 1994","All",150,"Scss","Completions"
"24505",1994-02-01,"Feb 1994","Single",49,"Scss","Completions"
"24505",1994-02-01,"Feb 1994","Semi-Detached",10,"Scss","Completions"
"24505",1994-02-01,"Feb 1994","Row",0,"Scss","Completions"
"24505",1994-02-01,"Feb 1994","Apartment",94,"Scss","Completions"
"24505",1994-02-01,"Feb 1994","All",153,"Scss","Completions"
"24505",1994-03-01,"Mar 1994","Single",44,"Scss","Completions"
"24505",1994-03-01,"Mar 1994","Semi-Detached",22,"Scss","Completions"
"24505",1994-03-01,"Mar 1994","Row",0,"Scss","Completions"
"24505",1994-03-01,"Mar 1994","Apartment",20,"Scss","Completions"
"24505",1994-03-01,"Mar 1994","All",86,"Scss","Completions"
"24505",1994-04-01,"Apr 1994","Single",47,"Scss","Completions"
"24505",1994-04-01,"Apr 1994","Semi-Detached",22,"Scss","Completions"
"24505",1994-04-01,"Apr 1994","Row",4,"Scss","Completions"
"24505",1994-04-01,"Apr 1994","Apartment",43,"Scss","Completions"
"24505",1994-04-01,"Apr 1994","All",116,"Scss","Completions"
"24505",1994-05-01,"May 1994","Single",41,"Scss","Completions"
"24505",1994-05-01,"May 1994","Semi-Detached",40,"Scss","Completions"
"24505",1994-05-01,"May 1994","Row",5,"Scss","Completions"
"24505",1994-05-01,"May 1994","Apartment",49,"Scss","Completions"
"24505",1994-05-01,"May 1994","All",135,"Scss","Completions"
"24505",1994-06-01,"Jun 1994","Single",97,"Scss","Completions"
"24505",1994-06-01,"Jun 1994","Semi-Detached",58,"Scss","Completions"
"24505",1994-06-01,"Jun 1994","Row",0,"Scss","Completions"
"24505",1994-06-01,"Jun 1994","Apartment",26,"Scss","Completions"
"24505",1994-06-01,"Jun 1994","All",181,"Scss","Completions"
"24505",1994-07-01,"Jul 1994","Single",123,"Scss","Completions"
"24505",1994-07-01,"Jul 1994","Semi-Detached",122,"Scss","Completions"
"24505",1994-07-01,"Jul 1994","Row",16,"Scss","Completions"
"24505",1994-07-01,"Jul 1994","Apartment",76,"Scss","Completions"
"24505",1994-07-01,"Jul 1994","All",337,"Scss","Completions"
"24505",1994-08-01,"Aug 1994","Single",166,"Scss","Completions"
"24505",1994-08-01,"Aug 1994","Semi-Detached",82,"Scss","Completions"
"24505",1994-08-01,"Aug 1994","Row",0,"Scss","Completions"
"24505",1994-08-01,"Aug 1994","Apartment",65,"Scss","Completions"
"24505",1994-08-01,"Aug 1994","All",313,"Scss","Completions"
"24505",1994-09-01,"Sep 1994","Single",106,"Scss","Completions"
"24505",1994-09-01,"Sep 1994","Semi-Detached",42,"Scss","Completions"
"24505",1994-09-01,"Sep 1994","Row",15,"Scss","Completions"
"24505",1994-09-01,"Sep 1994","Apartment",45,"Scss","Completions"
"24505",1994-09-01,"Sep 1994","All",208,"Scss","Completions"
"24505",1994-10-01,"Oct 1994","Single",72,"Scss","Completions"
"24505",1994-10-01,"Oct 1994","Semi-Detached",20,"Scss","Completions"
"24505",1994-10-01,"Oct 1994","Row",0,"Scss","Completions"
"24505",1994-10-01,"Oct 1994","Apartment",0,"Scss","Completions"
"24505",1994-10-01,"Oct 1994","All",92,"Scss","Completions"
"24505",1994-11-01,"Nov 1994","Single",81,"Scss","Completions"
"24505",1994-11-01,"Nov 1994","Semi-Detached",34,"Scss","Completions"
"24505",1994-11-01,"Nov 1994","Row",4,"Scss","Completions"
"24505",1994-11-01,"Nov 1994","Apartment",14,"Scss","Completions"
"24505",1994-11-01,"Nov 1994","All",133,"Scss","Completions"
"24505",1994-12-01,"Dec 1994","Single",81,"Scss","Completions"
"24505",1994-12-01,"Dec 1994","Semi-Detached",24,"Scss","Completions"
"24505",1994-12-01,"Dec 1994","Row",30,"Scss","Completions"
"24505",1994-12-01,"Dec 1994","Apartment",149,"Scss","Completions"
"24505",1994-12-01,"Dec 1994","All",284,"Scss","Completions"
"24505",1995-01-01,"Jan 1995","Single",66,"Scss","Completions"
"24505",1995-01-01,"Jan 1995","Semi-Detached",22,"Scss","Completions"
"24505",1995-01-01,"Jan 1995","Row",17,"Scss","Completions"
"24505",1995-01-01,"Jan 1995","Apartment",77,"Scss","Completions"
"24505",1995-01-01,"Jan 1995","All",182,"Scss","Completions"
"24505",1995-02-01,"Feb 1995","Single",78,"Scss","Completions"
"24505",1995-02-01,"Feb 1995","Semi-Detached",46,"Scss","Completions"
"24505",1995-02-01,"Feb 1995","Row",0,"Scss","Completions"
"24505",1995-02-01,"Feb 1995","Apartment",33,"Scss","Completions"
"24505",1995-02-01,"Feb 1995","All",157,"Scss","Completions"
"24505",1995-03-01,"Mar 1995","Single",25,"Scss","Completions"
"24505",1995-03-01,"Mar 1995","Semi-Detached",8,"Scss","Completions"
"24505",1995-03-01,"Mar 1995","Row",0,"Scss","Completions"
"24505",1995-03-01,"Mar 1995","Apartment",5,"Scss","Completions"
"24505",1995-03-01,"Mar 1995","All",38,"Scss","Completions"
"24505",1995-04-01,"Apr 1995","Single",32,"Scss","Completions"
"24505",1995-04-01,"Apr 1995","Semi-Detached",8,"Scss","Completions"
"24505",1995-04-01,"Apr 1995","Row",0,"Scss","Completions"
"24505",1995-04-01,"Apr 1995","Apartment",0,"Scss","Completions"
"24505",1995-04-01,"Apr 1995","All",40,"Scss","Completions"
"24505",1995-05-01,"May 1995","Single",23,"Scss","Completions"
"24505",1995-05-01,"May 1995","Semi-Detached",16,"Scss","Completions"
"24505",1995-05-01,"May 1995","Row",4,"Scss","Completions"
"24505",1995-05-01,"May 1995","Apartment",4,"Scss","Completions"
"24505",1995-05-01,"May 1995","All",47,"Scss","Completions"
"24505",1995-06-01,"Jun 1995","Single",33,"Scss","Completions"
"24505",1995-06-01,"Jun 1995","Semi-Detached",24,"Scss","Completions"
"24505",1995-06-01,"Jun 1995","Row",14,"Scss","Completions"
"24505",1995-06-01,"Jun 1995","Apartment",50,"Scss","Completions"
"24505",1995-06-01,"Jun 1995","All",121,"Scss","Completions"
"24505",1995-07-01,"Jul 1995","Single",71,"Scss","Completions"
"24505",1995-07-01,"Jul 1995","Semi-Detached",80,"Scss","Completions"
"24505",1995-07-01,"Jul 1995","Row",6,"Scss","Completions"
"24505",1995-07-01,"Jul 1995","Apartment",32,"Scss","Completions"
"24505",1995-07-01,"Jul 1995","All",189,"Scss","Completions"
"24505",1995-08-01,"Aug 1995","Single",78,"Scss","Completions"
"24505",1995-08-01,"Aug 1995","Semi-Detached",46,"Scss","Completions"
"24505",1995-08-01,"Aug 1995","Row",17,"Scss","Completions"
"24505",1995-08-01,"Aug 1995","Apartment",25,"Scss","Completions"
"24505",1995-08-01,"Aug 1995","All",166,"Scss","Completions"
"24505",1995-09-01,"Sep 1995","Single",60,"Scss","Completions"
"24505",1995-09-01,"Sep 1995","Semi-Detached",60,"Scss","Completions"
"24505",1995-09-01,"Sep 1995","Row",7,"Scss","Completions"
"24505",1995-09-01,"Sep 1995","Apartment",6,"Scss","Completions"
"24505",1995-09-01,"Sep 1995","All",133,"Scss","Completions"
"24505",1995-10-01,"Oct 1995","Single",51,"Scss","Completions"
"24505",1995-10-01,"Oct 1995","Semi-Detached",32,"Scss","Completions"
"24505",1995-10-01,"Oct 1995","Row",7,"Scss","Completions"
"24505",1995-10-01,"Oct 1995","Apartment",36,"Scss","Completions"
"24505",1995-10-01,"Oct 1995","All",126,"Scss","Completions"
"24505",1995-11-01,"Nov 1995","Single",34,"Scss","Completions"
"24505",1995-11-01,"Nov 1995","Semi-Detached",26,"Scss","Completions"
"24505",1995-11-01,"Nov 1995","Row",0,"Scss","Completions"
"24505",1995-11-01,"Nov 1995","Apartment",2,"Scss","Completions"
"24505",1995-11-01,"Nov 1995","All",62,"Scss","Completions"
"24505",1995-12-01,"Dec 1995","Single",43,"Scss","Completions"
"24505",1995-12-01,"Dec 1995","Semi-Detached",22,"Scss","Completions"
"24505",1995-12-01,"Dec 1995","Row",5,"Scss","Completions"
"24505",1995-12-01,"Dec 1995","Apartment",39,"Scss","Completions"
"24505",1995-12-01,"Dec 1995","All",109,"Scss","Completions"
"24505",1996-01-01,"Jan 1996","Single",44,"Scss","Completions"
"24505",1996-01-01,"Jan 1996","Semi-Detached",16,"Scss","Completions"
"24505",1996-01-01,"Jan 1996","Row",0,"Scss","Completions"
"24505",1996-01-01,"Jan 1996","Apartment",0,"Scss","Completions"
"24505",1996-01-01,"Jan 1996","All",60,"Scss","Completions"
"24505",1996-02-01,"Feb 1996","Single",30,"Scss","Completions"
"24505",1996-02-01,"Feb 1996","Semi-Detached",10,"Scss","Completions"
"24505",1996-02-01,"Feb 1996","Row",8,"Scss","Completions"
"24505",1996-02-01,"Feb 1996","Apartment",40,"Scss","Completions"
"24505",1996-02-01,"Feb 1996","All",88,"Scss","Completions"
"24505",1996-03-01,"Mar 1996","Single",24,"Scss","Completions"
"24505",1996-03-01,"Mar 1996","Semi-Detached",10,"Scss","Completions"
"24505",1996-03-01,"Mar 1996","Row",6,"Scss","Completions"
"24505",1996-03-01,"Mar 1996","Apartment",9,"Scss","Completions"
"24505",1996-03-01,"Mar 1996","All",49,"Scss","Completions"
"24505",1996-04-01,"Apr 1996","Single",8,"Scss","Completions"
"24505",1996-04-01,"Apr 1996","Semi-Detached",18,"Scss","Completions"
"24505",1996-04-01,"Apr 1996","Row",4,"Scss","Completions"
"24505",1996-04-01,"Apr 1996","Apartment",13,"Scss","Completions"
"24505",1996-04-01,"Apr 1996","All",43,"Scss","Completions"
"24505",1996-05-01,"May 1996","Single",28,"Scss","Completions"
"24505",1996-05-01,"May 1996","Semi-Detached",16,"Scss","Completions"
"24505",1996-05-01,"May 1996","Row",4,"Scss","Completions"
"24505",1996-05-01,"May 1996","Apartment",7,"Scss","Completions"
"24505",1996-05-01,"May 1996","All",55,"Scss","Completions"
"24505",1996-06-01,"Jun 1996","Single",53,"Scss","Completions"
"24505",1996-06-01,"Jun 1996","Semi-Detached",74,"Scss","Completions"
"24505",1996-06-01,"Jun 1996","Row",7,"Scss","Completions"
"24505",1996-06-01,"Jun 1996","Apartment",11,"Scss","Completions"
"24505",1996-06-01,"Jun 1996","All",145,"Scss","Completions"
"24505",1996-07-01,"Jul 1996","Single",85,"Scss","Completions"
"24505",1996-07-01,"Jul 1996","Semi-Detached",50,"Scss","Completions"
"24505",1996-07-01,"Jul 1996","Row",8,"Scss","Completions"
"24505",1996-07-01,"Jul 1996","Apartment",9,"Scss","Completions"
"24505",1996-07-01,"Jul 1996","All",152,"Scss","Completions"
"24505",1996-08-01,"Aug 1996","Single",71,"Scss","Completions"
"24505",1996-08-01,"Aug 1996","Semi-Detached",24,"Scss","Completions"
"24505",1996-08-01,"Aug 1996","Row",8,"Scss","Completions"
"24505",1996-08-01,"Aug 1996","Apartment",20,"Scss","Completions"
"24505",1996-08-01,"Aug 1996","All",123,"Scss","Completions"
"24505",1996-09-01,"Sep 1996","Single",49,"Scss","Completions"
"24505",1996-09-01,"Sep 1996","Semi-Detached",26,"Scss","Completions"
"24505",1996-09-01,"Sep 1996","Row",10,"Scss","Completions"
"24505",1996-09-01,"Sep 1996","Apartment",26,"Scss","Completions"
"24505",1996-09-01,"Sep 1996","All",111,"Scss","Completions"
"24505",1996-10-01,"Oct 1996","Single",65,"Scss","Completions"
"24505",1996-10-01,"Oct 1996","Semi-Detached",30,"Scss","Completions"
"24505",1996-10-01,"Oct 1996","Row",8,"Scss","Completions"
"24505",1996-10-01,"Oct 1996","Apartment",23,"Scss","Completions"
"24505",1996-10-01,"Oct 1996","All",126,"Scss","Completions"
"24505",1996-11-01,"Nov 1996","Single",33,"Scss","Completions"
"24505",1996-11-01,"Nov 1996","Semi-Detached",10,"Scss","Completions"
"24505",1996-11-01,"Nov 1996","Row",10,"Scss","Completions"
"24505",1996-11-01,"Nov 1996","Apartment",4,"Scss","Completions"
"24505",1996-11-01,"Nov 1996","All",57,"Scss","Completions"
"24505",1996-12-01,"Dec 1996","Single",74,"Scss","Completions"
"24505",1996-12-01,"Dec 1996","Semi-Detached",26,"Scss","Completions"
"24505",1996-12-01,"Dec 1996","Row",6,"Scss","Completions"
"24505",1996-12-01,"Dec 1996","Apartment",4,"Scss","Completions"
"24505",1996-12-01,"Dec 1996","All",110,"Scss","Completions"
"24505",1997-01-01,"Jan 1997","Single",22,"Scss","Completions"
"24505",1997-01-01,"Jan 1997","Semi-Detached",4,"Scss","Completions"
"24505",1997-01-01,"Jan 1997","Row",4,"Scss","Completions"
"24505",1997-01-01,"Jan 1997","Apartment",3,"Scss","Completions"
"24505",1997-01-01,"Jan 1997","All",33,"Scss","Completions"
"24505",1997-02-01,"Feb 1997","Single",22,"Scss","Completions"
"24505",1997-02-01,"Feb 1997","Semi-Detached",10,"Scss","Completions"
"24505",1997-02-01,"Feb 1997","Row",4,"Scss","Completions"
"24505",1997-02-01,"Feb 1997","Apartment",8,"Scss","Completions"
"24505",1997-02-01,"Feb 1997","All",44,"Scss","Completions"
"24505",1997-03-01,"Mar 1997","Single",13,"Scss","Completions"
"24505",1997-03-01,"Mar 1997","Semi-Detached",14,"Scss","Completions"
"24505",1997-03-01,"Mar 1997","Row",0,"Scss","Completions"
"24505",1997-03-01,"Mar 1997","Apartment",3,"Scss","Completions"
"24505",1997-03-01,"Mar 1997","All",30,"Scss","Completions"
"24505",1997-04-01,"Apr 1997","Single",19,"Scss","Completions"
"24505",1997-04-01,"Apr 1997","Semi-Detached",18,"Scss","Completions"
"24505",1997-04-01,"Apr 1997","Row",8,"Scss","Completions"
"24505",1997-04-01,"Apr 1997","Apartment",6,"Scss","Completions"
"24505",1997-04-01,"Apr 1997","All",51,"Scss","Completions"
"24505",1997-05-01,"May 1997","Single",52,"Scss","Completions"
"24505",1997-05-01,"May 1997","Semi-Detached",26,"Scss","Completions"
"24505",1997-05-01,"May 1997","Row",10,"Scss","Completions"
"24505",1997-05-01,"May 1997","Apartment",31,"Scss","Completions"
"24505",1997-05-01,"May 1997","All",119,"Scss","Completions"
"24505",1997-06-01,"Jun 1997","Single",72,"Scss","Completions"
"24505",1997-06-01,"Jun 1997","Semi-Detached",40,"Scss","Completions"
"24505",1997-06-01,"Jun 1997","Row",8,"Scss","Completions"
"24505",1997-06-01,"Jun 1997","Apartment",5,"Scss","Completions"
"24505",1997-06-01,"Jun 1997","All",125,"Scss","Completions"
"24505",1997-07-01,"Jul 1997","Single",96,"Scss","Completions"
"24505",1997-07-01,"Jul 1997","Semi-Detached",64,"Scss","Completions"
"24505",1997-07-01,"Jul 1997","Row",8,"Scss","Completions"
"24505",1997-07-01,"Jul 1997","Apartment",33,"Scss","Completions"
"24505",1997-07-01,"Jul 1997","All",201,"Scss","Completions"
"24505",1997-08-01,"Aug 1997","Single",80,"Scss","Completions"
"24505",1997-08-01,"Aug 1997","Semi-Detached",58,"Scss","Completions"
"24505",1997-08-01,"Aug 1997","Row",31,"Scss","Completions"
"24505",1997-08-01,"Aug 1997","Apartment",8,"Scss","Completions"
"24505",1997-08-01,"Aug 1997","All",177,"Scss","Completions"
"24505",1997-09-01,"Sep 1997","Single",81,"Scss","Completions"
"24505",1997-09-01,"Sep 1997","Semi-Detached",28,"Scss","Completions"
"24505",1997-09-01,"Sep 1997","Row",0,"Scss","Completions"
"24505",1997-09-01,"Sep 1997","Apartment",17,"Scss","Completions"
"24505",1997-09-01,"Sep 1997","All",126,"Scss","Completions"
"24505",1997-10-01,"Oct 1997","Single",62,"Scss","Completions"
"24505",1997-10-01,"Oct 1997","Semi-Detached",36,"Scss","Completions"
"24505",1997-10-01,"Oct 1997","Row",18,"Scss","Completions"
"24505",1997-10-01,"Oct 1997","Apartment",15,"Scss","Completions"
"24505",1997-10-01,"Oct 1997","All",131,"Scss","Completions"
"24505",1997-11-01,"Nov 1997","Single",71,"Scss","Completions"
"24505",1997-11-01,"Nov 1997","Semi-Detached",14,"Scss","Completions"
"24505",1997-11-01,"Nov 1997","Row",16,"Scss","Completions"
"24505",1997-11-01,"Nov 1997","Apartment",23,"Scss","Completions"
"24505",1997-11-01,"Nov 1997","All",124,"Scss","Completions"
"24505",1997-12-01,"Dec 1997","Single",58,"Scss","Completions"
"24505",1997-12-01,"Dec 1997","Semi-Detached",10,"Scss","Completions"
"24505",1997-12-01,"Dec 1997","Row",12,"Scss","Completions"
"24505",1997-12-01,"Dec 1997","Apartment",18,"Scss","Completions"
"24505",1997-12-01,"Dec 1997","All",98,"Scss","Completions"
"24505",1998-01-01,"Jan 1998","Single",24,"Scss","Completions"
"24505",1998-01-01,"Jan 1998","Semi-Detached",16,"Scss","Completions"
"24505",1998-01-01,"Jan 1998","Row",0,"Scss","Completions"
"24505",1998-01-01,"Jan 1998","Apartment",4,"Scss","Completions"
"24505",1998-01-01,"Jan 1998","All",44,"Scss","Completions"
"24505",1998-02-01,"Feb 1998","Single",32,"Scss","Completions"
"24505",1998-02-01,"Feb 1998","Semi-Detached",8,"Scss","Completions"
"24505",1998-02-01,"Feb 1998","Row",0,"Scss","Completions"
"24505",1998-02-01,"Feb 1998","Apartment",4,"Scss","Completions"
"24505",1998-02-01,"Feb 1998","All",44,"Scss","Completions"
"24505",1998-03-01,"Mar 1998","Single",50,"Scss","Completions"
"24505",1998-03-01,"Mar 1998","Semi-Detached",4,"Scss","Completions"
"24505",1998-03-01,"Mar 1998","Row",0,"Scss","Completions"
"24505",1998-03-01,"Mar 1998","Apartment",12,"Scss","Completions"
"24505",1998-03-01,"Mar 1998","All",66,"Scss","Completions"
"24505",1998-04-01,"Apr 1998","Single",20,"Scss","Completions"
"24505",1998-04-01,"Apr 1998","Semi-Detached",8,"Scss","Completions"
"24505",1998-04-01,"Apr 1998","Row",4,"Scss","Completions"
"24505",1998-04-01,"Apr 1998","Apartment",32,"Scss","Completions"
"24505",1998-04-01,"Apr 1998","All",64,"Scss","Completions"
"24505",1998-05-01,"May 1998","Single",52,"Scss","Completions"
"24505",1998-05-01,"May 1998","Semi-Detached",24,"Scss","Completions"
"24505",1998-05-01,"May 1998","Row",8,"Scss","Completions"
"24505",1998-05-01,"May 1998","Apartment",8,"Scss","Completions"
"24505",1998-05-01,"May 1998","All",92,"Scss","Completions"
"24505",1998-06-01,"Jun 1998","Single",68,"Scss","Completions"
"24505",1998-06-01,"Jun 1998","Semi-Detached",38,"Scss","Completions"
"24505",1998-06-01,"Jun 1998","Row",16,"Scss","Completions"
"24505",1998-06-01,"Jun 1998","Apartment",0,"Scss","Completions"
"24505",1998-06-01,"Jun 1998","All",122,"Scss","Completions"
"24505",1998-07-01,"Jul 1998","Single",102,"Scss","Completions"
"24505",1998-07-01,"Jul 1998","Semi-Detached",34,"Scss","Completions"
"24505",1998-07-01,"Jul 1998","Row",32,"Scss","Completions"
"24505",1998-07-01,"Jul 1998","Apartment",9,"Scss","Completions"
"24505",1998-07-01,"Jul 1998","All",177,"Scss","Completions"
"24505",1998-08-01,"Aug 1998","Single",76,"Scss","Completions"
"24505",1998-08-01,"Aug 1998","Semi-Detached",14,"Scss","Completions"
"24505",1998-08-01,"Aug 1998","Row",34,"Scss","Completions"
"24505",1998-08-01,"Aug 1998","Apartment",53,"Scss","Completions"
"24505",1998-08-01,"Aug 1998","All",177,"Scss","Completions"
"24505",1998-09-01,"Sep 1998","Single",75,"Scss","Completions"
"24505",1998-09-01,"Sep 1998","Semi-Detached",20,"Scss","Completions"
"24505",1998-09-01,"Sep 1998","Row",24,"Scss","Completions"
"24505",1998-09-01,"Sep 1998","Apartment",16,"Scss","Completions"
"24505",1998-09-01,"Sep 1998","All",135,"Scss","Completions"
"24505",1998-10-01,"Oct 1998","Single",59,"Scss","Completions"
"24505",1998-10-01,"Oct 1998","Semi-Detached",8,"Scss","Completions"
"24505",1998-10-01,"Oct 1998","Row",5,"Scss","Completions"
"24505",1998-10-01,"Oct 1998","Apartment",8,"Scss","Completions"
"24505",1998-10-01,"Oct 1998","All",80,"Scss","Completions"
"24505",1998-11-01,"Nov 1998","Single",54,"Scss","Completions"
"24505",1998-11-01,"Nov 1998","Semi-Detached",16,"Scss","Completions"
"24505",1998-11-01,"Nov 1998","Row",0,"Scss","Completions"
"24505",1998-11-01,"Nov 1998","Apartment",34,"Scss","Completions"
"24505",1998-11-01,"Nov 1998","All",104,"Scss","Completions"
"24505",1998-12-01,"Dec 1998","Single",39,"Scss","Completions"
"24505",1998-12-01,"Dec 1998","Semi-Detached",12,"Scss","Completions"
"24505",1998-12-01,"Dec 1998","Row",5,"Scss","Completions"
"24505",1998-12-01,"Dec 1998","Apartment",0,"Scss","Completions"
"24505",1998-12-01,"Dec 1998","All",56,"Scss","Completions"
"24505",1999-01-01,"Jan 1999","Single",27,"Scss","Completions"
"24505",1999-01-01,"Jan 1999","Semi-Detached",10,"Scss","Completions"
"24505",1999-01-01,"Jan 1999","Row",0,"Scss","Completions"
"24505",1999-01-01,"Jan 1999","Apartment",17,"Scss","Completions"
"24505",1999-01-01,"Jan 1999","All",54,"Scss","Completions"
"24505",1999-02-01,"Feb 1999","Single",47,"Scss","Completions"
"24505",1999-02-01,"Feb 1999","Semi-Detached",14,"Scss","Completions"
"24505",1999-02-01,"Feb 1999","Row",4,"Scss","Completions"
"24505",1999-02-01,"Feb 1999","Apartment",5,"Scss","Completions"
"24505",1999-02-01,"Feb 1999","All",70,"Scss","Completions"
"24505",1999-03-01,"Mar 1999","Single",15,"Scss","Completions"
"24505",1999-03-01,"Mar 1999","Semi-Detached",6,"Scss","Completions"
"24505",1999-03-01,"Mar 1999","Row",4,"Scss","Completions"
"24505",1999-03-01,"Mar 1999","Apartment",0,"Scss","Completions"
"24505",1999-03-01,"Mar 1999","All",25,"Scss","Completions"
"24505",1999-04-01,"Apr 1999","Single",27,"Scss","Completions"
"24505",1999-04-01,"Apr 1999","Semi-Detached",10,"Scss","Completions"
"24505",1999-04-01,"Apr 1999","Row",8,"Scss","Completions"
"24505",1999-04-01,"Apr 1999","Apartment",14,"Scss","Completions"
"24505",1999-04-01,"Apr 1999","All",59,"Scss","Completions"
"24505",1999-05-01,"May 1999","Single",33,"Scss","Completions"
"24505",1999-05-01,"May 1999","Semi-Detached",10,"Scss","Completions"
"24505",1999-05-01,"May 1999","Row",13,"Scss","Completions"
"24505",1999-05-01,"May 1999","Apartment",11,"Scss","Completions"
"24505",1999-05-01,"May 1999","All",67,"Scss","Completions"
"24505",1999-06-01,"Jun 1999","Single",55,"Scss","Completions"
"24505",1999-06-01,"Jun 1999","Semi-Detached",14,"Scss","Completions"
"24505",1999-06-01,"Jun 1999","Row",4,"Scss","Completions"
"24505",1999-06-01,"Jun 1999","Apartment",57,"Scss","Completions"
"24505",1999-06-01,"Jun 1999","All",130,"Scss","Completions"
"24505",1999-07-01,"Jul 1999","Single",91,"Scss","Completions"
"24505",1999-07-01,"Jul 1999","Semi-Detached",42,"Scss","Completions"
"24505",1999-07-01,"Jul 1999","Row",0,"Scss","Completions"
"24505",1999-07-01,"Jul 1999","Apartment",14,"Scss","Completions"
"24505",1999-07-01,"Jul 1999","All",147,"Scss","Completions"
"24505",1999-08-01,"Aug 1999","Single",78,"Scss","Completions"
"24505",1999-08-01,"Aug 1999","Semi-Detached",24,"Scss","Completions"
"24505",1999-08-01,"Aug 1999","Row",3,"Scss","Completions"
"24505",1999-08-01,"Aug 1999","Apartment",4,"Scss","Completions"
"24505",1999-08-01,"Aug 1999","All",109,"Scss","Completions"
"24505",1999-09-01,"Sep 1999","Single",79,"Scss","Completions"
"24505",1999-09-01,"Sep 1999","Semi-Detached",18,"Scss","Completions"
"24505",1999-09-01,"Sep 1999","Row",0,"Scss","Completions"
"24505",1999-09-01,"Sep 1999","Apartment",59,"Scss","Completions"
"24505",1999-09-01,"Sep 1999","All",156,"Scss","Completions"
"24505",1999-10-01,"Oct 1999","Single",67,"Scss","Completions"
"24505",1999-10-01,"Oct 1999","Semi-Detached",6,"Scss","Completions"
"24505",1999-10-01,"Oct 1999","Row",0,"Scss","Completions"
"24505",1999-10-01,"Oct 1999","Apartment",47,"Scss","Completions"
"24505",1999-10-01,"Oct 1999","All",120,"Scss","Completions"
"24505",1999-11-01,"Nov 1999","Single",60,"Scss","Completions"
"24505",1999-11-01,"Nov 1999","Semi-Detached",14,"Scss","Completions"
"24505",1999-11-01,"Nov 1999","Row",6,"Scss","Completions"
"24505",1999-11-01,"Nov 1999","Apartment",33,"Scss","Completions"
"24505",1999-11-01,"Nov 1999","All",113,"Scss","Completions"
"24505",1999-12-01,"Dec 1999","Single",54,"Scss","Completions"
"24505",1999-12-01,"Dec 1999","Semi-Detached",6,"Scss","Completions"
"24505",1999-12-01,"Dec 1999","Row",0,"Scss","Completions"
"24505",1999-12-01,"Dec 1999","Apartment",11,"Scss","Completions"
"24505",1999-12-01,"Dec 1999","All",71,"Scss","Completions"
"24505",2000-01-01,"Jan 2000","Single",32,"Scss","Completions"
"24505",2000-01-01,"Jan 2000","Semi-Detached",2,"Scss","Completions"
"24505",2000-01-01,"Jan 2000","Row",0,"Scss","Completions"
"24505",2000-01-01,"Jan 2000","Apartment",6,"Scss","Completions"
"24505",2000-01-01,"Jan 2000","All",40,"Scss","Completions"
"24505",2000-02-01,"Feb 2000","Single",24,"Scss","Completions"
"24505",2000-02-01,"Feb 2000","Semi-Detached",6,"Scss","Completions"
"24505",2000-02-01,"Feb 2000","Row",8,"Scss","Completions"
"24505",2000-02-01,"Feb 2000","Apartment",18,"Scss","Completions"
"24505",2000-02-01,"Feb 2000","All",56,"Scss","Completions"
"24505",2000-03-01,"Mar 2000","Single",41,"Scss","Completions"
"24505",2000-03-01,"Mar 2000","Semi-Detached",4,"Scss","Completions"
"24505",2000-03-01,"Mar 2000","Row",8,"Scss","Completions"
"24505",2000-03-01,"Mar 2000","Apartment",10,"Scss","Completions"
"24505",2000-03-01,"Mar 2000","All",63,"Scss","Completions"
"24505",2000-04-01,"Apr 2000","Single",34,"Scss","Completions"
"24505",2000-04-01,"Apr 2000","Semi-Detached",4,"Scss","Completions"
"24505",2000-04-01,"Apr 2000","Row",3,"Scss","Completions"
"24505",2000-04-01,"Apr 2000","Apartment",29,"Scss","Completions"
"24505",2000-04-01,"Apr 2000","All",70,"Scss","Completions"
"24505",2000-05-01,"May 2000","Single",38,"Scss","Completions"
"24505",2000-05-01,"May 2000","Semi-Detached",10,"Scss","Completions"
"24505",2000-05-01,"May 2000","Row",0,"Scss","Completions"
"24505",2000-05-01,"May 2000","Apartment",148,"Scss","Completions"
"24505",2000-05-01,"May 2000","All",196,"Scss","Completions"
"24505",2000-06-01,"Jun 2000","Single",56,"Scss","Completions"
"24505",2000-06-01,"Jun 2000","Semi-Detached",20,"Scss","Completions"
"24505",2000-06-01,"Jun 2000","Row",0,"Scss","Completions"
"24505",2000-06-01,"Jun 2000","Apartment",6,"Scss","Completions"
"24505",2000-06-01,"Jun 2000","All",82,"Scss","Completions"
"24505",2000-07-01,"Jul 2000","Single",86,"Scss","Completions"
"24505",2000-07-01,"Jul 2000","Semi-Detached",8,"Scss","Completions"
"24505",2000-07-01,"Jul 2000","Row",0,"Scss","Completions"
"24505",2000-07-01,"Jul 2000","Apartment",18,"Scss","Completions"
"24505",2000-07-01,"Jul 2000","All",112,"Scss","Completions"
"24505",2000-08-01,"Aug 2000","Single",72,"Scss","Completions"
"24505",2000-08-01,"Aug 2000","Semi-Detached",16,"Scss","Completions"
"24505",2000-08-01,"Aug 2000","Row",0,"Scss","Completions"
"24505",2000-08-01,"Aug 2000","Apartment",4,"Scss","Completions"
"24505",2000-08-01,"Aug 2000","All",92,"Scss","Completions"
"24505",2000-09-01,"Sep 2000","Single",57,"Scss","Completions"
"24505",2000-09-01,"Sep 2000","Semi-Detached",8,"Scss","Completions"
"24505",2000-09-01,"Sep 2000","Row",0,"Scss","Completions"
"24505",2000-09-01,"Sep 2000","Apartment",18,"Scss","Completions"
"24505",2000-09-01,"Sep 2000","All",83,"Scss","Completions"
"24505",2000-10-01,"Oct 2000","Single",91,"Scss","Completions"
"24505",2000-10-01,"Oct 2000","Semi-Detached",12,"Scss","Completions"
"24505",2000-10-01,"Oct 2000","Row",3,"Scss","Completions"
"24505",2000-10-01,"Oct 2000","Apartment",28,"Scss","Completions"
"24505",2000-10-01,"Oct 2000","All",134,"Scss","Completions"
"24505",2000-11-01,"Nov 2000","Single",61,"Scss","Completions"
"24505",2000-11-01,"Nov 2000","Semi-Detached",8,"Scss","Completions"
"24505",2000-11-01,"Nov 2000","Row",0,"Scss","Completions"
"24505",2000-11-01,"Nov 2000","Apartment",34,"Scss","Completions"
"24505",2000-11-01,"Nov 2000","All",103,"Scss","Completions"
"24505",2000-12-01,"Dec 2000","Single",68,"Scss","Completions"
"24505",2000-12-01,"Dec 2000","Semi-Detached",24,"Scss","Completions"
"24505",2000-12-01,"Dec 2000","Row",0,"Scss","Completions"
"24505",2000-12-01,"Dec 2000","Apartment",11,"Scss","Completions"
"24505",2000-12-01,"Dec 2000","All",103,"Scss","Completions"
"24505",2001-01-01,"Jan 2001","Single",46,"Scss","Completions"
"24505",2001-01-01,"Jan 2001","Semi-Detached",4,"Scss","Completions"
"24505",2001-01-01,"Jan 2001","Row",0,"Scss","Completions"
"24505",2001-01-01,"Jan 2001","Apartment",21,"Scss","Completions"
"24505",2001-01-01,"Jan 2001","All",71,"Scss","Completions"
"24505",2001-02-01,"Feb 2001","Single",46,"Scss","Completions"
"24505",2001-02-01,"Feb 2001","Semi-Detached",12,"Scss","Completions"
"24505",2001-02-01,"Feb 2001","Row",4,"Scss","Completions"
"24505",2001-02-01,"Feb 2001","Apartment",13,"Scss","Completions"
"24505",2001-02-01,"Feb 2001","All",75,"Scss","Completions"
"24505",2001-03-01,"Mar 2001","Single",51,"Scss","Completions"
"24505",2001-03-01,"Mar 2001","Semi-Detached",10,"Scss","Completions"
"24505",2001-03-01,"Mar 2001","Row",0,"Scss","Completions"
"24505",2001-03-01,"Mar 2001","Apartment",40,"Scss","Completions"
"24505",2001-03-01,"Mar 2001","All",101,"Scss","Completions"
"24505",2001-04-01,"Apr 2001","Single",29,"Scss","Completions"
"24505",2001-04-01,"Apr 2001","Semi-Detached",4,"Scss","Completions"
"24505",2001-04-01,"Apr 2001","Row",0,"Scss","Completions"
"24505",2001-04-01,"Apr 2001","Apartment",27,"Scss","Completions"
"24505",2001-04-01,"Apr 2001","All",60,"Scss","Completions"
"24505",2001-05-01,"May 2001","Single",62,"Scss","Completions"
"24505",2001-05-01,"May 2001","Semi-Detached",16,"Scss","Completions"
"24505",2001-05-01,"May 2001","Row",0,"Scss","Completions"
"24505",2001-05-01,"May 2001","Apartment",10,"Scss","Completions"
"24505",2001-05-01,"May 2001","All",88,"Scss","Completions"
"24505",2001-06-01,"Jun 2001","Single",62,"Scss","Completions"
"24505",2001-06-01,"Jun 2001","Semi-Detached",34,"Scss","Completions"
"24505",2001-06-01,"Jun 2001","Row",0,"Scss","Completions"
"24505",2001-06-01,"Jun 2001","Apartment",31,"Scss","Completions"
"24505",2001-06-01,"Jun 2001","All",127,"Scss","Completions"
"24505",2001-07-01,"Jul 2001","Single",109,"Scss","Completions"
"24505",2001-07-01,"Jul 2001","Semi-Detached",16,"Scss","Completions"
"24505",2001-07-01,"Jul 2001","Row",0,"Scss","Completions"
"24505",2001-07-01,"Jul 2001","Apartment",6,"Scss","Completions"
"24505",2001-07-01,"Jul 2001","All",131,"Scss","Completions"
"24505",2001-08-01,"Aug 2001","Single",105,"Scss","Completions"
"24505",2001-08-01,"Aug 2001","Semi-Detached",12,"Scss","Completions"
"24505",2001-08-01,"Aug 2001","Row",0,"Scss","Completions"
"24505",2001-08-01,"Aug 2001","Apartment",24,"Scss","Completions"
"24505",2001-08-01,"Aug 2001","All",141,"Scss","Completions"
"24505",2001-09-01,"Sep 2001","Single",51,"Scss","Completions"
"24505",2001-09-01,"Sep 2001","Semi-Detached",18,"Scss","Completions"
"24505",2001-09-01,"Sep 2001","Row",0,"Scss","Completions"
"24505",2001-09-01,"Sep 2001","Apartment",0,"Scss","Completions"
"24505",2001-09-01,"Sep 2001","All",69,"Scss","Completions"
"24505",2001-10-01,"Oct 2001","Single",116,"Scss","Completions"
"24505",2001-10-01,"Oct 2001","Semi-Detached",14,"Scss","Completions"
"24505",2001-10-01,"Oct 2001","Row",4,"Scss","Completions"
"24505",2001-10-01,"Oct 2001","Apartment",12,"Scss","Completions"
"24505",2001-10-01,"Oct 2001","All",146,"Scss","Completions"
"24505",2001-11-01,"Nov 2001","Single",120,"Scss","Completions"
"24505",2001-11-01,"Nov 2001","Semi-Detached",6,"Scss","Completions"
"24505",2001-11-01,"Nov 2001","Row",0,"Scss","Completions"
"24505",2001-11-01,"Nov 2001","Apartment",12,"Scss","Completions"
"24505",2001-11-01,"Nov 2001","All",138,"Scss","Completions"
"24505",2001-12-01,"Dec 2001","Single",72,"Scss","Completions"
"24505",2001-12-01,"Dec 2001","Semi-Detached",4,"Scss","Completions"
"24505",2001-12-01,"Dec 2001","Row",0,"Scss","Completions"
"24505",2001-12-01,"Dec 2001","Apartment",0,"Scss","Completions"
"24505",2001-12-01,"Dec 2001","All",76,"Scss","Completions"
"24505",2002-01-01,"Jan 2002","Single",125,"Scss","Completions"
"24505",2002-01-01,"Jan 2002","Semi-Detached",20,"Scss","Completions"
"24505",2002-01-01,"Jan 2002","Row",0,"Scss","Completions"
"24505",2002-01-01,"Jan 2002","Apartment",179,"Scss","Completions"
"24505",2002-01-01,"Jan 2002","All",324,"Scss","Completions"
"24505",2002-02-01,"Feb 2002","Single",89,"Scss","Completions"
"24505",2002-02-01,"Feb 2002","Semi-Detached",0,"Scss","Completions"
"24505",2002-02-01,"Feb 2002","Row",0,"Scss","Completions"
"24505",2002-02-01,"Feb 2002","Apartment",0,"Scss","Completions"
"24505",2002-02-01,"Feb 2002","All",89,"Scss","Completions"
"24505",2002-03-01,"Mar 2002","Single",66,"Scss","Completions"
"24505",2002-03-01,"Mar 2002","Semi-Detached",0,"Scss","Completions"
"24505",2002-03-01,"Mar 2002","Row",0,"Scss","Completions"
"24505",2002-03-01,"Mar 2002","Apartment",2,"Scss","Completions"
"24505",2002-03-01,"Mar 2002","All",68,"Scss","Completions"
"24505",2002-04-01,"Apr 2002","Single",86,"Scss","Completions"
"24505",2002-04-01,"Apr 2002","Semi-Detached",8,"Scss","Completions"
"24505",2002-04-01,"Apr 2002","Row",0,"Scss","Completions"
"24505",2002-04-01,"Apr 2002","Apartment",21,"Scss","Completions"
"24505",2002-04-01,"Apr 2002","All",115,"Scss","Completions"
"24505",2002-05-01,"May 2002","Single",41,"Scss","Completions"
"24505",2002-05-01,"May 2002","Semi-Detached",12,"Scss","Completions"
"24505",2002-05-01,"May 2002","Row",4,"Scss","Completions"
"24505",2002-05-01,"May 2002","Apartment",0,"Scss","Completions"
"24505",2002-05-01,"May 2002","All",57,"Scss","Completions"
"24505",2002-06-01,"Jun 2002","Single",123,"Scss","Completions"
"24505",2002-06-01,"Jun 2002","Semi-Detached",52,"Scss","Completions"
"24505",2002-06-01,"Jun 2002","Row",0,"Scss","Completions"
"24505",2002-06-01,"Jun 2002","Apartment",60,"Scss","Completions"
"24505",2002-06-01,"Jun 2002","All",235,"Scss","Completions"
"24505",2002-07-01,"Jul 2002","Single",40,"Scss","Completions"
"24505",2002-07-01,"Jul 2002","Semi-Detached",20,"Scss","Completions"
"24505",2002-07-01,"Jul 2002","Row",0,"Scss","Completions"
"24505",2002-07-01,"Jul 2002","Apartment",44,"Scss","Completions"
"24505",2002-07-01,"Jul 2002","All",104,"Scss","Completions"
"24505",2002-08-01,"Aug 2002","Single",139,"Scss","Completions"
"24505",2002-08-01,"Aug 2002","Semi-Detached",20,"Scss","Completions"
"24505",2002-08-01,"Aug 2002","Row",5,"Scss","Completions"
"24505",2002-08-01,"Aug 2002","Apartment",63,"Scss","Completions"
"24505",2002-08-01,"Aug 2002","All",227,"Scss","Completions"
"24505",2002-09-01,"Sep 2002","Single",124,"Scss","Completions"
"24505",2002-09-01,"Sep 2002","Semi-Detached",34,"Scss","Completions"
"24505",2002-09-01,"Sep 2002","Row",3,"Scss","Completions"
"24505",2002-09-01,"Sep 2002","Apartment",18,"Scss","Completions"
"24505",2002-09-01,"Sep 2002","All",179,"Scss","Completions"
"24505",2002-10-01,"Oct 2002","Single",203,"Scss","Completions"
"24505",2002-10-01,"Oct 2002","Semi-Detached",26,"Scss","Completions"
"24505",2002-10-01,"Oct 2002","Row",4,"Scss","Completions"
"24505",2002-10-01,"Oct 2002","Apartment",27,"Scss","Completions"
"24505",2002-10-01,"Oct 2002","All",260,"Scss","Completions"
"24505",2002-11-01,"Nov 2002","Single",111,"Scss","Completions"
"24505",2002-11-01,"Nov 2002","Semi-Detached",26,"Scss","Completions"
"24505",2002-11-01,"Nov 2002","Row",7,"Scss","Completions"
"24505",2002-11-01,"Nov 2002","Apartment",9,"Scss","Completions"
"24505",2002-11-01,"Nov 2002","All",153,"Scss","Completions"
"24505",2002-12-01,"Dec 2002","Single",158,"Scss","Completions"
"24505",2002-12-01,"Dec 2002","Semi-Detached",18,"Scss","Completions"
"24505",2002-12-01,"Dec 2002","Row",0,"Scss","Completions"
"24505",2002-12-01,"Dec 2002","Apartment",76,"Scss","Completions"
"24505",2002-12-01,"Dec 2002","All",252,"Scss","Completions"
"24505",2003-01-01,"Jan 2003","Single",54,"Scss","Completions"
"24505",2003-01-01,"Jan 2003","Semi-Detached",16,"Scss","Completions"
"24505",2003-01-01,"Jan 2003","Row",3,"Scss","Completions"
"24505",2003-01-01,"Jan 2003","Apartment",19,"Scss","Completions"
"24505",2003-01-01,"Jan 2003","All",92,"Scss","Completions"
"24505",2003-02-01,"Feb 2003","Single",120,"Scss","Completions"
"24505",2003-02-01,"Feb 2003","Semi-Detached",8,"Scss","Completions"
"24505",2003-02-01,"Feb 2003","Row",0,"Scss","Completions"
"24505",2003-02-01,"Feb 2003","Apartment",0,"Scss","Completions"
"24505",2003-02-01,"Feb 2003","All",128,"Scss","Completions"
"24505",2003-03-01,"Mar 2003","Single",252,"Scss","Completions"
"24505",2003-03-01,"Mar 2003","Semi-Detached",28,"Scss","Completions"
"24505",2003-03-01,"Mar 2003","Row",0,"Scss","Completions"
"24505",2003-03-01,"Mar 2003","Apartment",0,"Scss","Completions"
"24505",2003-03-01,"Mar 2003","All",280,"Scss","Completions"
"24505",2003-04-01,"Apr 2003","Single",150,"Scss","Completions"
"24505",2003-04-01,"Apr 2003","Semi-Detached",28,"Scss","Completions"
"24505",2003-04-01,"Apr 2003","Row",7,"Scss","Completions"
"24505",2003-04-01,"Apr 2003","Apartment",154,"Scss","Completions"
"24505",2003-04-01,"Apr 2003","All",339,"Scss","Completions"
"24505",2003-05-01,"May 2003","Single",134,"Scss","Completions"
"24505",2003-05-01,"May 2003","Semi-Detached",8,"Scss","Completions"
"24505",2003-05-01,"May 2003","Row",4,"Scss","Completions"
"24505",2003-05-01,"May 2003","Apartment",116,"Scss","Completions"
"24505",2003-05-01,"May 2003","All",262,"Scss","Completions"
"24505",2003-06-01,"Jun 2003","Single",98,"Scss","Completions"
"24505",2003-06-01,"Jun 2003","Semi-Detached",10,"Scss","Completions"
"24505",2003-06-01,"Jun 2003","Row",0,"Scss","Completions"
"24505",2003-06-01,"Jun 2003","Apartment",0,"Scss","Completions"
"24505",2003-06-01,"Jun 2003","All",108,"Scss","Completions"
"24505",2003-07-01,"Jul 2003","Single",146,"Scss","Completions"
"24505",2003-07-01,"Jul 2003","Semi-Detached",52,"Scss","Completions"
"24505",2003-07-01,"Jul 2003","Row",0,"Scss","Completions"
"24505",2003-07-01,"Jul 2003","Apartment",80,"Scss","Completions"
"24505",2003-07-01,"Jul 2003","All",278,"Scss","Completions"
"24505",2003-08-01,"Aug 2003","Single",178,"Scss","Completions"
"24505",2003-08-01,"Aug 2003","Semi-Detached",38,"Scss","Completions"
"24505",2003-08-01,"Aug 2003","Row",8,"Scss","Completions"
"24505",2003-08-01,"Aug 2003","Apartment",65,"Scss","Completions"
"24505",2003-08-01,"Aug 2003","All",289,"Scss","Completions"
"24505",2003-09-01,"Sep 2003","Single",241,"Scss","Completions"
"24505",2003-09-01,"Sep 2003","Semi-Detached",16,"Scss","Completions"
"24505",2003-09-01,"Sep 2003","Row",24,"Scss","Completions"
"24505",2003-09-01,"Sep 2003","Apartment",289,"Scss","Completions"
"24505",2003-09-01,"Sep 2003","All",570,"Scss","Completions"
"24505",2003-10-01,"Oct 2003","Single",107,"Scss","Completions"
"24505",2003-10-01,"Oct 2003","Semi-Detached",28,"Scss","Completions"
"24505",2003-10-01,"Oct 2003","Row",0,"Scss","Completions"
"24505",2003-10-01,"Oct 2003","Apartment",4,"Scss","Completions"
"24505",2003-10-01,"Oct 2003","All",139,"Scss","Completions"
"24505",2003-11-01,"Nov 2003","Single",154,"Scss","Completions"
"24505",2003-11-01,"Nov 2003","Semi-Detached",4,"Scss","Completions"
"24505",2003-11-01,"Nov 2003","Row",0,"Scss","Completions"
"24505",2003-11-01,"Nov 2003","Apartment",36,"Scss","Completions"
"24505",2003-11-01,"Nov 2003","All",194,"Scss","Completions"
"24505",2003-12-01,"Dec 2003","Single",182,"Scss","Completions"
"24505",2003-12-01,"Dec 2003","Semi-Detached",88,"Scss","Completions"
"24505",2003-12-01,"Dec 2003","Row",6,"Scss","Completions"
"24505",2003-12-01,"Dec 2003","Apartment",222,"Scss","Completions"
"24505",2003-12-01,"Dec 2003","All",498,"Scss","Completions"
"24505",2004-01-01,"Jan 2004","Single",326,"Scss","Completions"
"24505",2004-01-01,"Jan 2004","Semi-Detached",36,"Scss","Completions"
"24505",2004-01-01,"Jan 2004","Row",0,"Scss","Completions"
"24505",2004-01-01,"Jan 2004","Apartment",57,"Scss","Completions"
"24505",2004-01-01,"Jan 2004","All",419,"Scss","Completions"
"24505",2004-02-01,"Feb 2004","Single",63,"Scss","Completions"
"24505",2004-02-01,"Feb 2004","Semi-Detached",16,"Scss","Completions"
"24505",2004-02-01,"Feb 2004","Row",0,"Scss","Completions"
"24505",2004-02-01,"Feb 2004","Apartment",73,"Scss","Completions"
"24505",2004-02-01,"Feb 2004","All",152,"Scss","Completions"
"24505",2004-03-01,"Mar 2004","Single",99,"Scss","Completions"
"24505",2004-03-01,"Mar 2004","Semi-Detached",16,"Scss","Completions"
"24505",2004-03-01,"Mar 2004","Row",30,"Scss","Completions"
"24505",2004-03-01,"Mar 2004","Apartment",27,"Scss","Completions"
"24505",2004-03-01,"Mar 2004","All",172,"Scss","Completions"
"24505",2004-04-01,"Apr 2004","Single",36,"Scss","Completions"
"24505",2004-04-01,"Apr 2004","Semi-Detached",6,"Scss","Completions"
"24505",2004-04-01,"Apr 2004","Row",0,"Scss","Completions"
"24505",2004-04-01,"Apr 2004","Apartment",0,"Scss","Completions"
"24505",2004-04-01,"Apr 2004","All",42,"Scss","Completions"
"24505",2004-05-01,"May 2004","Single",77,"Scss","Completions"
"24505",2004-05-01,"May 2004","Semi-Detached",16,"Scss","Completions"
"24505",2004-05-01,"May 2004","Row",13,"Scss","Completions"
"24505",2004-05-01,"May 2004","Apartment",182,"Scss","Completions"
"24505",2004-05-01,"May 2004","All",288,"Scss","Completions"
"24505",2004-06-01,"Jun 2004","Single",90,"Scss","Completions"
"24505",2004-06-01,"Jun 2004","Semi-Detached",26,"Scss","Completions"
"24505",2004-06-01,"Jun 2004","Row",5,"Scss","Completions"
"24505",2004-06-01,"Jun 2004","Apartment",39,"Scss","Completions"
"24505",2004-06-01,"Jun 2004","All",160,"Scss","Completions"
"24505",2004-07-01,"Jul 2004","Single",89,"Scss","Completions"
"24505",2004-07-01,"Jul 2004","Semi-Detached",56,"Scss","Completions"
"24505",2004-07-01,"Jul 2004","Row",7,"Scss","Completions"
"24505",2004-07-01,"Jul 2004","Apartment",89,"Scss","Completions"
"24505",2004-07-01,"Jul 2004","All",241,"Scss","Completions"
"24505",2004-08-01,"Aug 2004","Single",156,"Scss","Completions"
"24505",2004-08-01,"Aug 2004","Semi-Detached",68,"Scss","Completions"
"24505",2004-08-01,"Aug 2004","Row",24,"Scss","Completions"
"24505",2004-08-01,"Aug 2004","Apartment",244,"Scss","Completions"
"24505",2004-08-01,"Aug 2004","All",492,"Scss","Completions"
"24505",2004-09-01,"Sep 2004","Single",84,"Scss","Completions"
"24505",2004-09-01,"Sep 2004","Semi-Detached",24,"Scss","Completions"
"24505",2004-09-01,"Sep 2004","Row",27,"Scss","Completions"
"24505",2004-09-01,"Sep 2004","Apartment",105,"Scss","Completions"
"24505",2004-09-01,"Sep 2004","All",240,"Scss","Completions"
"24505",2004-10-01,"Oct 2004","Single",103,"Scss","Completions"
"24505",2004-10-01,"Oct 2004","Semi-Detached",24,"Scss","Completions"
"24505",2004-10-01,"Oct 2004","Row",0,"Scss","Completions"
"24505",2004-10-01,"Oct 2004","Apartment",160,"Scss","Completions"
"24505",2004-10-01,"Oct 2004","All",287,"Scss","Completions"
"24505",2004-11-01,"Nov 2004","Single",184,"Scss","Completions"
"24505",2004-11-01,"Nov 2004","Semi-Detached",50,"Scss","Completions"
"24505",2004-11-01,"Nov 2004","Row",0,"Scss","Completions"
"24505",2004-11-01,"Nov 2004","Apartment",3,"Scss","Completions"
"24505",2004-11-01,"Nov 2004","All",237,"Scss","Completions"
"24505",2004-12-01,"Dec 2004","Single",147,"Scss","Completions"
"24505",2004-12-01,"Dec 2004","Semi-Detached",24,"Scss","Completions"
"24505",2004-12-01,"Dec 2004","Row",0,"Scss","Completions"
"24505",2004-12-01,"Dec 2004","Apartment",161,"Scss","Completions"
"24505",2004-12-01,"Dec 2004","All",332,"Scss","Completions"
"24505",2005-01-01,"Jan 2005","Single",108,"Scss","Completions"
"24505",2005-01-01,"Jan 2005","Semi-Detached",16,"Scss","Completions"
"24505",2005-01-01,"Jan 2005","Row",0,"Scss","Completions"
"24505",2005-01-01,"Jan 2005","Apartment",67,"Scss","Completions"
"24505",2005-01-01,"Jan 2005","All",191,"Scss","Completions"
"24505",2005-02-01,"Feb 2005","Single",93,"Scss","Completions"
"24505",2005-02-01,"Feb 2005","Semi-Detached",30,"Scss","Completions"
"24505",2005-02-01,"Feb 2005","Row",0,"Scss","Completions"
"24505",2005-02-01,"Feb 2005","Apartment",19,"Scss","Completions"
"24505",2005-02-01,"Feb 2005","All",142,"Scss","Completions"
"24505",2005-03-01,"Mar 2005","Single",91,"Scss","Completions"
"24505",2005-03-01,"Mar 2005","Semi-Detached",34,"Scss","Completions"
"24505",2005-03-01,"Mar 2005","Row",0,"Scss","Completions"
"24505",2005-03-01,"Mar 2005","Apartment",89,"Scss","Completions"
"24505",2005-03-01,"Mar 2005","All",214,"Scss","Completions"
"24505",2005-04-01,"Apr 2005","Single",102,"Scss","Completions"
"24505",2005-04-01,"Apr 2005","Semi-Detached",4,"Scss","Completions"
"24505",2005-04-01,"Apr 2005","Row",0,"Scss","Completions"
"24505",2005-04-01,"Apr 2005","Apartment",17,"Scss","Completions"
"24505",2005-04-01,"Apr 2005","All",123,"Scss","Completions"
"24505",2005-05-01,"May 2005","Single",92,"Scss","Completions"
"24505",2005-05-01,"May 2005","Semi-Detached",4,"Scss","Completions"
"24505",2005-05-01,"May 2005","Row",0,"Scss","Completions"
"24505",2005-05-01,"May 2005","Apartment",14,"Scss","Completions"
"24505",2005-05-01,"May 2005","All",110,"Scss","Completions"
"24505",2005-06-01,"Jun 2005","Single",112,"Scss","Completions"
"24505",2005-06-01,"Jun 2005","Semi-Detached",18,"Scss","Completions"
"24505",2005-06-01,"Jun 2005","Row",0,"Scss","Completions"
"24505",2005-06-01,"Jun 2005","Apartment",86,"Scss","Completions"
"24505",2005-06-01,"Jun 2005","All",216,"Scss","Completions"
"24505",2005-07-01,"Jul 2005","Single",197,"Scss","Completions"
"24505",2005-07-01,"Jul 2005","Semi-Detached",10,"Scss","Completions"
"24505",2005-07-01,"Jul 2005","Row",0,"Scss","Completions"
"24505",2005-07-01,"Jul 2005","Apartment",114,"Scss","Completions"
"24505",2005-07-01,"Jul 2005","All",321,"Scss","Completions"
"24505",2005-08-01,"Aug 2005","Single",111,"Scss","Completions"
"24505",2005-08-01,"Aug 2005","Semi-Detached",4,"Scss","Completions"
"24505",2005-08-01,"Aug 2005","Row",0,"Scss","Completions"
"24505",2005-08-01,"Aug 2005","Apartment",59,"Scss","Completions"
"24505",2005-08-01,"Aug 2005","All",174,"Scss","Completions"
"24505",2005-09-01,"Sep 2005","Single",165,"Scss","Completions"
"24505",2005-09-01,"Sep 2005","Semi-Detached",54,"Scss","Completions"
"24505",2005-09-01,"Sep 2005","Row",0,"Scss","Completions"
"24505",2005-09-01,"Sep 2005","Apartment",63,"Scss","Completions"
"24505",2005-09-01,"Sep 2005","All",282,"Scss","Completions"
"24505",2005-10-01,"Oct 2005","Single",121,"Scss","Completions"
"24505",2005-10-01,"Oct 2005","Semi-Detached",50,"Scss","Completions"
"24505",2005-10-01,"Oct 2005","Row",0,"Scss","Completions"
"24505",2005-10-01,"Oct 2005","Apartment",42,"Scss","Completions"
"24505",2005-10-01,"Oct 2005","All",213,"Scss","Completions"
"24505",2005-11-01,"Nov 2005","Single",69,"Scss","Completions"
"24505",2005-11-01,"Nov 2005","Semi-Detached",28,"Scss","Completions"
"24505",2005-11-01,"Nov 2005","Row",0,"Scss","Completions"
"24505",2005-11-01,"Nov 2005","Apartment",37,"Scss","Completions"
"24505",2005-11-01,"Nov 2005","All",134,"Scss","Completions"
"24505",2005-12-01,"Dec 2005","Single",98,"Scss","Completions"
"24505",2005-12-01,"Dec 2005","Semi-Detached",14,"Scss","Completions"
"24505",2005-12-01,"Dec 2005","Row",0,"Scss","Completions"
"24505",2005-12-01,"Dec 2005","Apartment",12,"Scss","Completions"
"24505",2005-12-01,"Dec 2005","All",124,"Scss","Completions"
"24505",2006-01-01,"Jan 2006","Single",181,"Scss","Completions"
"24505",2006-01-01,"Jan 2006","Semi-Detached",20,"Scss","Completions"
"24505",2006-01-01,"Jan 2006","Row",0,"Scss","Completions"
"24505",2006-01-01,"Jan 2006","Apartment",195,"Scss","Completions"
"24505",2006-01-01,"Jan 2006","All",396,"Scss","Completions"
"24505",2006-02-01,"Feb 2006","Single",100,"Scss","Completions"
"24505",2006-02-01,"Feb 2006","Semi-Detached",18,"Scss","Completions"
"24505",2006-02-01,"Feb 2006","Row",0,"Scss","Completions"
"24505",2006-02-01,"Feb 2006","Apartment",66,"Scss","Completions"
"24505",2006-02-01,"Feb 2006","All",184,"Scss","Completions"
"24505",2006-03-01,"Mar 2006","Single",79,"Scss","Completions"
"24505",2006-03-01,"Mar 2006","Semi-Detached",46,"Scss","Completions"
"24505",2006-03-01,"Mar 2006","Row",0,"Scss","Completions"
"24505",2006-03-01,"Mar 2006","Apartment",42,"Scss","Completions"
"24505",2006-03-01,"Mar 2006","All",167,"Scss","Completions"
"24505",2006-04-01,"Apr 2006","Single",84,"Scss","Completions"
"24505",2006-04-01,"Apr 2006","Semi-Detached",30,"Scss","Completions"
"24505",2006-04-01,"Apr 2006","Row",0,"Scss","Completions"
"24505",2006-04-01,"Apr 2006","Apartment",155,"Scss","Completions"
"24505",2006-04-01,"Apr 2006","All",269,"Scss","Completions"
"24505",2006-05-01,"May 2006","Single",58,"Scss","Completions"
"24505",2006-05-01,"May 2006","Semi-Detached",36,"Scss","Completions"
"24505",2006-05-01,"May 2006","Row",0,"Scss","Completions"
"24505",2006-05-01,"May 2006","Apartment",204,"Scss","Completions"
"24505",2006-05-01,"May 2006","All",298,"Scss","Completions"
"24505",2006-06-01,"Jun 2006","Single",79,"Scss","Completions"
"24505",2006-06-01,"Jun 2006","Semi-Detached",14,"Scss","Completions"
"24505",2006-06-01,"Jun 2006","Row",0,"Scss","Completions"
"24505",2006-06-01,"Jun 2006","Apartment",35,"Scss","Completions"
"24505",2006-06-01,"Jun 2006","All",128,"Scss","Completions"
"24505",2006-07-01,"Jul 2006","Single",101,"Scss","Completions"
"24505",2006-07-01,"Jul 2006","Semi-Detached",34,"Scss","Completions"
"24505",2006-07-01,"Jul 2006","Row",16,"Scss","Completions"
"24505",2006-07-01,"Jul 2006","Apartment",36,"Scss","Completions"
"24505",2006-07-01,"Jul 2006","All",187,"Scss","Completions"
"24505",2006-08-01,"Aug 2006","Single",77,"Scss","Completions"
"24505",2006-08-01,"Aug 2006","Semi-Detached",54,"Scss","Completions"
"24505",2006-08-01,"Aug 2006","Row",8,"Scss","Completions"
"24505",2006-08-01,"Aug 2006","Apartment",45,"Scss","Completions"
"24505",2006-08-01,"Aug 2006","All",184,"Scss","Completions"
"24505",2006-09-01,"Sep 2006","Single",112,"Scss","Completions"
"24505",2006-09-01,"Sep 2006","Semi-Detached",66,"Scss","Completions"
"24505",2006-09-01,"Sep 2006","Row",0,"Scss","Completions"
"24505",2006-09-01,"Sep 2006","Apartment",38,"Scss","Completions"
"24505",2006-09-01,"Sep 2006","All",216,"Scss","Completions"
"24505",2006-10-01,"Oct 2006","Single",144,"Scss","Completions"
"24505",2006-10-01,"Oct 2006","Semi-Detached",26,"Scss","Completions"
"24505",2006-10-01,"Oct 2006","Row",32,"Scss","Completions"
"24505",2006-10-01,"Oct 2006","Apartment",72,"Scss","Completions"
"24505",2006-10-01,"Oct 2006","All",274,"Scss","Completions"
"24505",2006-11-01,"Nov 2006","Single",107,"Scss","Completions"
"24505",2006-11-01,"Nov 2006","Semi-Detached",56,"Scss","Completions"
"24505",2006-11-01,"Nov 2006","Row",16,"Scss","Completions"
"24505",2006-11-01,"Nov 2006","Apartment",101,"Scss","Completions"
"24505",2006-11-01,"Nov 2006","All",280,"Scss","Completions"
"24505",2006-12-01,"Dec 2006","Single",127,"Scss","Completions"
"24505",2006-12-01,"Dec 2006","Semi-Detached",56,"Scss","Completions"
"24505",2006-12-01,"Dec 2006","Row",28,"Scss","Completions"
"24505",2006-12-01,"Dec 2006","Apartment",104,"Scss","Completions"
"24505",2006-12-01,"Dec 2006","All",315,"Scss","Completions"
"24505",2007-01-01,"Jan 2007","Single",77,"Scss","Completions"
"24505",2007-01-01,"Jan 2007","Semi-Detached",38,"Scss","Completions"
"24505",2007-01-01,"Jan 2007","Row",11,"Scss","Completions"
"24505",2007-01-01,"Jan 2007","Apartment",55,"Scss","Completions"
"24505",2007-01-01,"Jan 2007","All",181,"Scss","Completions"
"24505",2007-02-01,"Feb 2007","Single",112,"Scss","Completions"
"24505",2007-02-01,"Feb 2007","Semi-Detached",60,"Scss","Completions"
"24505",2007-02-01,"Feb 2007","Row",4,"Scss","Completions"
"24505",2007-02-01,"Feb 2007","Apartment",31,"Scss","Completions"
"24505",2007-02-01,"Feb 2007","All",207,"Scss","Completions"
"24505",2007-03-01,"Mar 2007","Single",72,"Scss","Completions"
"24505",2007-03-01,"Mar 2007","Semi-Detached",32,"Scss","Completions"
"24505",2007-03-01,"Mar 2007","Row",0,"Scss","Completions"
"24505",2007-03-01,"Mar 2007","Apartment",70,"Scss","Completions"
"24505",2007-03-01,"Mar 2007","All",174,"Scss","Completions"
"24505",2007-04-01,"Apr 2007","Single",75,"Scss","Completions"
"24505",2007-04-01,"Apr 2007","Semi-Detached",48,"Scss","Completions"
"24505",2007-04-01,"Apr 2007","Row",8,"Scss","Completions"
"24505",2007-04-01,"Apr 2007","Apartment",17,"Scss","Completions"
"24505",2007-04-01,"Apr 2007","All",148,"Scss","Completions"
"24505",2007-05-01,"May 2007","Single",63,"Scss","Completions"
"24505",2007-05-01,"May 2007","Semi-Detached",32,"Scss","Completions"
"24505",2007-05-01,"May 2007","Row",10,"Scss","Completions"
"24505",2007-05-01,"May 2007","Apartment",225,"Scss","Completions"
"24505",2007-05-01,"May 2007","All",330,"Scss","Completions"
"24505",2007-06-01,"Jun 2007","Single",76,"Scss","Completions"
"24505",2007-06-01,"Jun 2007","Semi-Detached",26,"Scss","Completions"
"24505",2007-06-01,"Jun 2007","Row",20,"Scss","Completions"
"24505",2007-06-01,"Jun 2007","Apartment",50,"Scss","Completions"
"24505",2007-06-01,"Jun 2007","All",172,"Scss","Completions"
"24505",2007-07-01,"Jul 2007","Single",91,"Scss","Completions"
"24505",2007-07-01,"Jul 2007","Semi-Detached",50,"Scss","Completions"
"24505",2007-07-01,"Jul 2007","Row",20,"Scss","Completions"
"24505",2007-07-01,"Jul 2007","Apartment",26,"Scss","Completions"
"24505",2007-07-01,"Jul 2007","All",187,"Scss","Completions"
"24505",2007-08-01,"Aug 2007","Single",57,"Scss","Completions"
"24505",2007-08-01,"Aug 2007","Semi-Detached",28,"Scss","Completions"
"24505",2007-08-01,"Aug 2007","Row",16,"Scss","Completions"
"24505",2007-08-01,"Aug 2007","Apartment",75,"Scss","Completions"
"24505",2007-08-01,"Aug 2007","All",176,"Scss","Completions"
"24505",2007-09-01,"Sep 2007","Single",148,"Scss","Completions"
"24505",2007-09-01,"Sep 2007","Semi-Detached",50,"Scss","Completions"
"24505",2007-09-01,"Sep 2007","Row",61,"Scss","Completions"
"24505",2007-09-01,"Sep 2007","Apartment",120,"Scss","Completions"
"24505",2007-09-01,"Sep 2007","All",379,"Scss","Completions"
"24505",2007-10-01,"Oct 2007","Single",102,"Scss","Completions"
"24505",2007-10-01,"Oct 2007","Semi-Detached",28,"Scss","Completions"
"24505",2007-10-01,"Oct 2007","Row",14,"Scss","Completions"
"24505",2007-10-01,"Oct 2007","Apartment",17,"Scss","Completions"
"24505",2007-10-01,"Oct 2007","All",161,"Scss","Completions"
"24505",2007-11-01,"Nov 2007","Single",86,"Scss","Completions"
"24505",2007-11-01,"Nov 2007","Semi-Detached",60,"Scss","Completions"
"24505",2007-11-01,"Nov 2007","Row",42,"Scss","Completions"
"24505",2007-11-01,"Nov 2007","Apartment",50,"Scss","Completions"
"24505",2007-11-01,"Nov 2007","All",238,"Scss","Completions"
"24505",2007-12-01,"Dec 2007","Single",107,"Scss","Completions"
"24505",2007-12-01,"Dec 2007","Semi-Detached",10,"Scss","Completions"
"24505",2007-12-01,"Dec 2007","Row",56,"Scss","Completions"
"24505",2007-12-01,"Dec 2007","Apartment",106,"Scss","Completions"
"24505",2007-12-01,"Dec 2007","All",279,"Scss","Completions"
"24505",2008-01-01,"Jan 2008","Single",67,"Scss","Completions"
"24505",2008-01-01,"Jan 2008","Semi-Detached",30,"Scss","Completions"
"24505",2008-01-01,"Jan 2008","Row",8,"Scss","Completions"
"24505",2008-01-01,"Jan 2008","Apartment",54,"Scss","Completions"
"24505",2008-01-01,"Jan 2008","All",159,"Scss","Completions"
"24505",2008-02-01,"Feb 2008","Single",68,"Scss","Completions"
"24505",2008-02-01,"Feb 2008","Semi-Detached",24,"Scss","Completions"
"24505",2008-02-01,"Feb 2008","Row",5,"Scss","Completions"
"24505",2008-02-01,"Feb 2008","Apartment",270,"Scss","Completions"
"24505",2008-02-01,"Feb 2008","All",367,"Scss","Completions"
"24505",2008-03-01,"Mar 2008","Single",68,"Scss","Completions"
"24505",2008-03-01,"Mar 2008","Semi-Detached",94,"Scss","Completions"
"24505",2008-03-01,"Mar 2008","Row",23,"Scss","Completions"
"24505",2008-03-01,"Mar 2008","Apartment",20,"Scss","Completions"
"24505",2008-03-01,"Mar 2008","All",205,"Scss","Completions"
"24505",2008-04-01,"Apr 2008","Single",90,"Scss","Completions"
"24505",2008-04-01,"Apr 2008","Semi-Detached",24,"Scss","Completions"
"24505",2008-04-01,"Apr 2008","Row",0,"Scss","Completions"
"24505",2008-04-01,"Apr 2008","Apartment",423,"Scss","Completions"
"24505",2008-04-01,"Apr 2008","All",537,"Scss","Completions"
"24505",2008-05-01,"May 2008","Single",127,"Scss","Completions"
"24505",2008-05-01,"May 2008","Semi-Detached",36,"Scss","Completions"
"24505",2008-05-01,"May 2008","Row",4,"Scss","Completions"
"24505",2008-05-01,"May 2008","Apartment",25,"Scss","Completions"
"24505",2008-05-01,"May 2008","All",192,"Scss","Completions"
"24505",2008-06-01,"Jun 2008","Single",80,"Scss","Completions"
"24505",2008-06-01,"Jun 2008","Semi-Detached",14,"Scss","Completions"
"24505",2008-06-01,"Jun 2008","Row",32,"Scss","Completions"
"24505",2008-06-01,"Jun 2008","Apartment",18,"Scss","Completions"
"24505",2008-06-01,"Jun 2008","All",144,"Scss","Completions"
"24505",2008-07-01,"Jul 2008","Single",110,"Scss","Completions"
"24505",2008-07-01,"Jul 2008","Semi-Detached",74,"Scss","Completions"
"24505",2008-07-01,"Jul 2008","Row",33,"Scss","Completions"
"24505",2008-07-01,"Jul 2008","Apartment",77,"Scss","Completions"
"24505",2008-07-01,"Jul 2008","All",294,"Scss","Completions"
"24505",2008-08-01,"Aug 2008","Single",67,"Scss","Completions"
"24505",2008-08-01,"Aug 2008","Semi-Detached",52,"Scss","Completions"
"24505",2008-08-01,"Aug 2008","Row",14,"Scss","Completions"
"24505",2008-08-01,"Aug 2008","Apartment",36,"Scss","Completions"
"24505",2008-08-01,"Aug 2008","All",169,"Scss","Completions"
"24505",2008-09-01,"Sep 2008","Single",70,"Scss","Completions"
"24505",2008-09-01,"Sep 2008","Semi-Detached",26,"Scss","Completions"
"24505",2008-09-01,"Sep 2008","Row",4,"Scss","Completions"
"24505",2008-09-01,"Sep 2008","Apartment",26,"Scss","Completions"
"24505",2008-09-01,"Sep 2008","All",126,"Scss","Completions"
"24505",2008-10-01,"Oct 2008","Single",116,"Scss","Completions"
"24505",2008-10-01,"Oct 2008","Semi-Detached",78,"Scss","Completions"
"24505",2008-10-01,"Oct 2008","Row",4,"Scss","Completions"
"24505",2008-10-01,"Oct 2008","Apartment",37,"Scss","Completions"
"24505",2008-10-01,"Oct 2008","All",235,"Scss","Completions"
"24505",2008-11-01,"Nov 2008","Single",162,"Scss","Completions"
"24505",2008-11-01,"Nov 2008","Semi-Detached",90,"Scss","Completions"
"24505",2008-11-01,"Nov 2008","Row",17,"Scss","Completions"
"24505",2008-11-01,"Nov 2008","Apartment",146,"Scss","Completions"
"24505",2008-11-01,"Nov 2008","All",415,"Scss","Completions"
"24505",2008-12-01,"Dec 2008","Single",104,"Scss","Completions"
"24505",2008-12-01,"Dec 2008","Semi-Detached",60,"Scss","Completions"
"24505",2008-12-01,"Dec 2008","Row",49,"Scss","Completions"
"24505",2008-12-01,"Dec 2008","Apartment",51,"Scss","Completions"
"24505",2008-12-01,"Dec 2008","All",264,"Scss","Completions"
"24505",2009-01-01,"Jan 2009","Single",92,"Scss","Completions"
"24505",2009-01-01,"Jan 2009","Semi-Detached",64,"Scss","Completions"
"24505",2009-01-01,"Jan 2009","Row",16,"Scss","Completions"
"24505",2009-01-01,"Jan 2009","Apartment",74,"Scss","Completions"
"24505",2009-01-01,"Jan 2009","All",246,"Scss","Completions"
"24505",2009-02-01,"Feb 2009","Single",94,"Scss","Completions"
"24505",2009-02-01,"Feb 2009","Semi-Detached",64,"Scss","Completions"
"24505",2009-02-01,"Feb 2009","Row",4,"Scss","Completions"
"24505",2009-02-01,"Feb 2009","Apartment",311,"Scss","Completions"
"24505",2009-02-01,"Feb 2009","All",473,"Scss","Completions"
"24505",2009-03-01,"Mar 2009","Single",85,"Scss","Completions"
"24505",2009-03-01,"Mar 2009","Semi-Detached",92,"Scss","Completions"
"24505",2009-03-01,"Mar 2009","Row",23,"Scss","Completions"
"24505",2009-03-01,"Mar 2009","Apartment",414,"Scss","Completions"
"24505",2009-03-01,"Mar 2009","All",614,"Scss","Completions"
"24505",2009-04-01,"Apr 2009","Single",72,"Scss","Completions"
"24505",2009-04-01,"Apr 2009","Semi-Detached",30,"Scss","Completions"
"24505",2009-04-01,"Apr 2009","Row",4,"Scss","Completions"
"24505",2009-04-01,"Apr 2009","Apartment",98,"Scss","Completions"
"24505",2009-04-01,"Apr 2009","All",204,"Scss","Completions"
"24505",2009-05-01,"May 2009","Single",83,"Scss","Completions"
"24505",2009-05-01,"May 2009","Semi-Detached",58,"Scss","Completions"
"24505",2009-05-01,"May 2009","Row",20,"Scss","Completions"
"24505",2009-05-01,"May 2009","Apartment",71,"Scss","Completions"
"24505",2009-05-01,"May 2009","All",232,"Scss","Completions"
"24505",2009-06-01,"Jun 2009","Single",71,"Scss","Completions"
"24505",2009-06-01,"Jun 2009","Semi-Detached",80,"Scss","Completions"
"24505",2009-06-01,"Jun 2009","Row",16,"Scss","Completions"
"24505",2009-06-01,"Jun 2009","Apartment",69,"Scss","Completions"
"24505",2009-06-01,"Jun 2009","All",236,"Scss","Completions"
"24505",2009-07-01,"Jul 2009","Single",95,"Scss","Completions"
"24505",2009-07-01,"Jul 2009","Semi-Detached",72,"Scss","Completions"
"24505",2009-07-01,"Jul 2009","Row",3,"Scss","Completions"
"24505",2009-07-01,"Jul 2009","Apartment",150,"Scss","Completions"
"24505",2009-07-01,"Jul 2009","All",320,"Scss","Completions"
"24505",2009-08-01,"Aug 2009","Single",65,"Scss","Completions"
"24505",2009-08-01,"Aug 2009","Semi-Detached",70,"Scss","Completions"
"24505",2009-08-01,"Aug 2009","Row",18,"Scss","Completions"
"24505",2009-08-01,"Aug 2009","Apartment",25,"Scss","Completions"
"24505",2009-08-01,"Aug 2009","All",178,"Scss","Completions"
"24505",2009-09-01,"Sep 2009","Single",140,"Scss","Completions"
"24505",2009-09-01,"Sep 2009","Semi-Detached",68,"Scss","Completions"
"24505",2009-09-01,"Sep 2009","Row",28,"Scss","Completions"
"24505",2009-09-01,"Sep 2009","Apartment",79,"Scss","Completions"
"24505",2009-09-01,"Sep 2009","All",315,"Scss","Completions"
"24505",2009-10-01,"Oct 2009","Single",103,"Scss","Completions"
"24505",2009-10-01,"Oct 2009","Semi-Detached",36,"Scss","Completions"
"24505",2009-10-01,"Oct 2009","Row",38,"Scss","Completions"
"24505",2009-10-01,"Oct 2009","Apartment",77,"Scss","Completions"
"24505",2009-10-01,"Oct 2009","All",254,"Scss","Completions"
"24505",2009-11-01,"Nov 2009","Single",86,"Scss","Completions"
"24505",2009-11-01,"Nov 2009","Semi-Detached",50,"Scss","Completions"
"24505",2009-11-01,"Nov 2009","Row",42,"Scss","Completions"
"24505",2009-11-01,"Nov 2009","Apartment",105,"Scss","Completions"
"24505",2009-11-01,"Nov 2009","All",283,"Scss","Completions"
"24505",2009-12-01,"Dec 2009","Single",62,"Scss","Completions"
"24505",2009-12-01,"Dec 2009","Semi-Detached",74,"Scss","Completions"
"24505",2009-12-01,"Dec 2009","Row",10,"Scss","Completions"
"24505",2009-12-01,"Dec 2009","Apartment",52,"Scss","Completions"
"24505",2009-12-01,"Dec 2009","All",198,"Scss","Completions"
"24505",2010-01-01,"Jan 2010","Single",72,"Scss","Completions"
"24505",2010-01-01,"Jan 2010","Semi-Detached",66,"Scss","Completions"
"24505",2010-01-01,"Jan 2010","Row",47,"Scss","Completions"
"24505",2010-01-01,"Jan 2010","Apartment",58,"Scss","Completions"
"24505",2010-01-01,"Jan 2010","All",243,"Scss","Completions"
"24505",2010-02-01,"Feb 2010","Single",53,"Scss","Completions"
"24505",2010-02-01,"Feb 2010","Semi-Detached",24,"Scss","Completions"
"24505",2010-02-01,"Feb 2010","Row",16,"Scss","Completions"
"24505",2010-02-01,"Feb 2010","Apartment",73,"Scss","Completions"
"24505",2010-02-01,"Feb 2010","All",166,"Scss","Completions"
"24505",2010-03-01,"Mar 2010","Single",86,"Scss","Completions"
"24505",2010-03-01,"Mar 2010","Semi-Detached",24,"Scss","Completions"
"24505",2010-03-01,"Mar 2010","Row",8,"Scss","Completions"
"24505",2010-03-01,"Mar 2010","Apartment",9,"Scss","Completions"
"24505",2010-03-01,"Mar 2010","All",127,"Scss","Completions"
"24505",2010-04-01,"Apr 2010","Single",105,"Scss","Completions"
"24505",2010-04-01,"Apr 2010","Semi-Detached",70,"Scss","Completions"
"24505",2010-04-01,"Apr 2010","Row",38,"Scss","Completions"
"24505",2010-04-01,"Apr 2010","Apartment",147,"Scss","Completions"
"24505",2010-04-01,"Apr 2010","All",360,"Scss","Completions"
"24505",2010-05-01,"May 2010","Single",56,"Scss","Completions"
"24505",2010-05-01,"May 2010","Semi-Detached",104,"Scss","Completions"
"24505",2010-05-01,"May 2010","Row",6,"Scss","Completions"
"24505",2010-05-01,"May 2010","Apartment",31,"Scss","Completions"
"24505",2010-05-01,"May 2010","All",197,"Scss","Completions"
"24505",2010-06-01,"Jun 2010","Single",66,"Scss","Completions"
"24505",2010-06-01,"Jun 2010","Semi-Detached",74,"Scss","Completions"
"24505",2010-06-01,"Jun 2010","Row",29,"Scss","Completions"
"24505",2010-06-01,"Jun 2010","Apartment",128,"Scss","Completions"
"24505",2010-06-01,"Jun 2010","All",297,"Scss","Completions"
"24505",2010-07-01,"Jul 2010","Single",104,"Scss","Completions"
"24505",2010-07-01,"Jul 2010","Semi-Detached",92,"Scss","Completions"
"24505",2010-07-01,"Jul 2010","Row",38,"Scss","Completions"
"24505",2010-07-01,"Jul 2010","Apartment",70,"Scss","Completions"
"24505",2010-07-01,"Jul 2010","All",304,"Scss","Completions"
"24505",2010-08-01,"Aug 2010","Single",67,"Scss","Completions"
"24505",2010-08-01,"Aug 2010","Semi-Detached",36,"Scss","Completions"
"24505",2010-08-01,"Aug 2010","Row",9,"Scss","Completions"
"24505",2010-08-01,"Aug 2010","Apartment",38,"Scss","Completions"
"24505",2010-08-01,"Aug 2010","All",150,"Scss","Completions"
"24505",2010-09-01,"Sep 2010","Single",105,"Scss","Completions"
"24505",2010-09-01,"Sep 2010","Semi-Detached",86,"Scss","Completions"
"24505",2010-09-01,"Sep 2010","Row",18,"Scss","Completions"
"24505",2010-09-01,"Sep 2010","Apartment",35,"Scss","Completions"
"24505",2010-09-01,"Sep 2010","All",244,"Scss","Completions"
"24505",2010-10-01,"Oct 2010","Single",90,"Scss","Completions"
"24505",2010-10-01,"Oct 2010","Semi-Detached",96,"Scss","Completions"
"24505",2010-10-01,"Oct 2010","Row",8,"Scss","Completions"
"24505",2010-10-01,"Oct 2010","Apartment",41,"Scss","Completions"
"24505",2010-10-01,"Oct 2010","All",235,"Scss","Completions"
"24505",2010-11-01,"Nov 2010","Single",87,"Scss","Completions"
"24505",2010-11-01,"Nov 2010","Semi-Detached",64,"Scss","Completions"
"24505",2010-11-01,"Nov 2010","Row",6,"Scss","Completions"
"24505",2010-11-01,"Nov 2010","Apartment",96,"Scss","Completions"
"24505",2010-11-01,"Nov 2010","All",253,"Scss","Completions"
"24505",2010-12-01,"Dec 2010","Single",81,"Scss","Completions"
"24505",2010-12-01,"Dec 2010","Semi-Detached",40,"Scss","Completions"
"24505",2010-12-01,"Dec 2010","Row",23,"Scss","Completions"
"24505",2010-12-01,"Dec 2010","Apartment",35,"Scss","Completions"
"24505",2010-12-01,"Dec 2010","All",179,"Scss","Completions"
"24505",2011-01-01,"Jan 2011","Single",66,"Scss","Completions"
"24505",2011-01-01,"Jan 2011","Semi-Detached",40,"Scss","Completions"
"24505",2011-01-01,"Jan 2011","Row",29,"Scss","Completions"
"24505",2011-01-01,"Jan 2011","Apartment",102,"Scss","Completions"
"24505",2011-01-01,"Jan 2011","All",237,"Scss","Completions"
"24505",2011-02-01,"Feb 2011","Single",47,"Scss","Completions"
"24505",2011-02-01,"Feb 2011","Semi-Detached",46,"Scss","Completions"
"24505",2011-02-01,"Feb 2011","Row",6,"Scss","Completions"
"24505",2011-02-01,"Feb 2011","Apartment",113,"Scss","Completions"
"24505",2011-02-01,"Feb 2011","All",212,"Scss","Completions"
"24505",2011-03-01,"Mar 2011","Single",53,"Scss","Completions"
"24505",2011-03-01,"Mar 2011","Semi-Detached",18,"Scss","Completions"
"24505",2011-03-01,"Mar 2011","Row",3,"Scss","Completions"
"24505",2011-03-01,"Mar 2011","Apartment",51,"Scss","Completions"
"24505",2011-03-01,"Mar 2011","All",125,"Scss","Completions"
"24505",2011-04-01,"Apr 2011","Single",57,"Scss","Completions"
"24505",2011-04-01,"Apr 2011","Semi-Detached",18,"Scss","Completions"
"24505",2011-04-01,"Apr 2011","Row",19,"Scss","Completions"
"24505",2011-04-01,"Apr 2011","Apartment",69,"Scss","Completions"
"24505",2011-04-01,"Apr 2011","All",163,"Scss","Completions"
"24505",2011-05-01,"May 2011","Single",43,"Scss","Completions"
"24505",2011-05-01,"May 2011","Semi-Detached",30,"Scss","Completions"
"24505",2011-05-01,"May 2011","Row",28,"Scss","Completions"
"24505",2011-05-01,"May 2011","Apartment",77,"Scss","Completions"
"24505",2011-05-01,"May 2011","All",178,"Scss","Completions"
"24505",2011-06-01,"Jun 2011","Single",89,"Scss","Completions"
"24505",2011-06-01,"Jun 2011","Semi-Detached",54,"Scss","Completions"
"24505",2011-06-01,"Jun 2011","Row",8,"Scss","Completions"
"24505",2011-06-01,"Jun 2011","Apartment",76,"Scss","Completions"
"24505",2011-06-01,"Jun 2011","All",227,"Scss","Completions"
"24505",2011-07-01,"Jul 2011","Single",73,"Scss","Completions"
"24505",2011-07-01,"Jul 2011","Semi-Detached",44,"Scss","Completions"
"24505",2011-07-01,"Jul 2011","Row",12,"Scss","Completions"
"24505",2011-07-01,"Jul 2011","Apartment",72,"Scss","Completions"
"24505",2011-07-01,"Jul 2011","All",201,"Scss","Completions"
"24505",2011-08-01,"Aug 2011","Single",79,"Scss","Completions"
"24505",2011-08-01,"Aug 2011","Semi-Detached",30,"Scss","Completions"
"24505",2011-08-01,"Aug 2011","Row",15,"Scss","Completions"
"24505",2011-08-01,"Aug 2011","Apartment",142,"Scss","Completions"
"24505",2011-08-01,"Aug 2011","All",266,"Scss","Completions"
"24505",2011-09-01,"Sep 2011","Single",77,"Scss","Completions"
"24505",2011-09-01,"Sep 2011","Semi-Detached",64,"Scss","Completions"
"24505",2011-09-01,"Sep 2011","Row",38,"Scss","Completions"
"24505",2011-09-01,"Sep 2011","Apartment",34,"Scss","Completions"
"24505",2011-09-01,"Sep 2011","All",213,"Scss","Completions"
"24505",2011-10-01,"Oct 2011","Single",83,"Scss","Completions"
"24505",2011-10-01,"Oct 2011","Semi-Detached",14,"Scss","Completions"
"24505",2011-10-01,"Oct 2011","Row",39,"Scss","Completions"
"24505",2011-10-01,"Oct 2011","Apartment",54,"Scss","Completions"
"24505",2011-10-01,"Oct 2011","All",190,"Scss","Completions"
"24505",2011-11-01,"Nov 2011","Single",73,"Scss","Completions"
"24505",2011-11-01,"Nov 2011","Semi-Detached",28,"Scss","Completions"
"24505",2011-11-01,"Nov 2011","Row",4,"Scss","Completions"
"24505",2011-11-01,"Nov 2011","Apartment",106,"Scss","Completions"
"24505",2011-11-01,"Nov 2011","All",211,"Scss","Completions"
"24505",2011-12-01,"Dec 2011","Single",91,"Scss","Completions"
"24505",2011-12-01,"Dec 2011","Semi-Detached",26,"Scss","Completions"
"24505",2011-12-01,"Dec 2011","Row",4,"Scss","Completions"
"24505",2011-12-01,"Dec 2011","Apartment",58,"Scss","Completions"
"24505",2011-12-01,"Dec 2011","All",179,"Scss","Completions"
"24505",2012-01-01,"Jan 2012","Single",53,"Scss","Completions"
"24505",2012-01-01,"Jan 2012","Semi-Detached",24,"Scss","Completions"
"24505",2012-01-01,"Jan 2012","Row",24,"Scss","Completions"
"24505",2012-01-01,"Jan 2012","Apartment",16,"Scss","Completions"
"24505",2012-01-01,"Jan 2012","All",117,"Scss","Completions"
"24505",2012-02-01,"Feb 2012","Single",64,"Scss","Completions"
"24505",2012-02-01,"Feb 2012","Semi-Detached",28,"Scss","Completions"
"24505",2012-02-01,"Feb 2012","Row",25,"Scss","Completions"
"24505",2012-02-01,"Feb 2012","Apartment",48,"Scss","Completions"
"24505",2012-02-01,"Feb 2012","All",165,"Scss","Completions"
"24505",2012-03-01,"Mar 2012","Single",29,"Scss","Completions"
"24505",2012-03-01,"Mar 2012","Semi-Detached",22,"Scss","Completions"
"24505",2012-03-01,"Mar 2012","Row",8,"Scss","Completions"
"24505",2012-03-01,"Mar 2012","Apartment",18,"Scss","Completions"
"24505",2012-03-01,"Mar 2012","All",77,"Scss","Completions"
"24505",2012-04-01,"Apr 2012","Single",55,"Scss","Completions"
"24505",2012-04-01,"Apr 2012","Semi-Detached",44,"Scss","Completions"
"24505",2012-04-01,"Apr 2012","Row",26,"Scss","Completions"
"24505",2012-04-01,"Apr 2012","Apartment",72,"Scss","Completions"
"24505",2012-04-01,"Apr 2012","All",197,"Scss","Completions"
"24505",2012-05-01,"May 2012","Single",36,"Scss","Completions"
"24505",2012-05-01,"May 2012","Semi-Detached",26,"Scss","Completions"
"24505",2012-05-01,"May 2012","Row",16,"Scss","Completions"
"24505",2012-05-01,"May 2012","Apartment",170,"Scss","Completions"
"24505",2012-05-01,"May 2012","All",248,"Scss","Completions"
"24505",2012-06-01,"Jun 2012","Single",66,"Scss","Completions"
"24505",2012-06-01,"Jun 2012","Semi-Detached",68,"Scss","Completions"
"24505",2012-06-01,"Jun 2012","Row",47,"Scss","Completions"
"24505",2012-06-01,"Jun 2012","Apartment",165,"Scss","Completions"
"24505",2012-06-01,"Jun 2012","All",346,"Scss","Completions"
"24505",2012-07-01,"Jul 2012","Single",59,"Scss","Completions"
"24505",2012-07-01,"Jul 2012","Semi-Detached",76,"Scss","Completions"
"24505",2012-07-01,"Jul 2012","Row",4,"Scss","Completions"
"24505",2012-07-01,"Jul 2012","Apartment",211,"Scss","Completions"
"24505",2012-07-01,"Jul 2012","All",350,"Scss","Completions"
"24505",2012-08-01,"Aug 2012","Single",46,"Scss","Completions"
"24505",2012-08-01,"Aug 2012","Semi-Detached",28,"Scss","Completions"
"24505",2012-08-01,"Aug 2012","Row",12,"Scss","Completions"
"24505",2012-08-01,"Aug 2012","Apartment",65,"Scss","Completions"
"24505",2012-08-01,"Aug 2012","All",151,"Scss","Completions"
"24505",2012-09-01,"Sep 2012","Single",68,"Scss","Completions"
"24505",2012-09-01,"Sep 2012","Semi-Detached",56,"Scss","Completions"
"24505",2012-09-01,"Sep 2012","Row",4,"Scss","Completions"
"24505",2012-09-01,"Sep 2012","Apartment",165,"Scss","Completions"
"24505",2012-09-01,"Sep 2012","All",293,"Scss","Completions"
"24505",2012-10-01,"Oct 2012","Single",92,"Scss","Completions"
"24505",2012-10-01,"Oct 2012","Semi-Detached",44,"Scss","Completions"
"24505",2012-10-01,"Oct 2012","Row",13,"Scss","Completions"
"24505",2012-10-01,"Oct 2012","Apartment",105,"Scss","Completions"
"24505",2012-10-01,"Oct 2012","All",254,"Scss","Completions"
"24505",2012-11-01,"Nov 2012","Single",54,"Scss","Completions"
"24505",2012-11-01,"Nov 2012","Semi-Detached",32,"Scss","Completions"
"24505",2012-11-01,"Nov 2012","Row",20,"Scss","Completions"
"24505",2012-11-01,"Nov 2012","Apartment",100,"Scss","Completions"
"24505",2012-11-01,"Nov 2012","All",206,"Scss","Completions"
"24505",2012-12-01,"Dec 2012","Single",77,"Scss","Completions"
"24505",2012-12-01,"Dec 2012","Semi-Detached",42,"Scss","Completions"
"24505",2012-12-01,"Dec 2012","Row",16,"Scss","Completions"
"24505",2012-12-01,"Dec 2012","Apartment",46,"Scss","Completions"
"24505",2012-12-01,"Dec 2012","All",181,"Scss","Completions"
"24505",2013-01-01,"Jan 2013","Single",47,"Scss","Completions"
"24505",2013-01-01,"Jan 2013","Semi-Detached",22,"Scss","Completions"
"24505",2013-01-01,"Jan 2013","Row",25,"Scss","Completions"
"24505",2013-01-01,"Jan 2013","Apartment",39,"Scss","Completions"
"24505",2013-01-01,"Jan 2013","All",133,"Scss","Completions"
"24505",2013-02-01,"Feb 2013","Single",49,"Scss","Completions"
"24505",2013-02-01,"Feb 2013","Semi-Detached",6,"Scss","Completions"
"24505",2013-02-01,"Feb 2013","Row",6,"Scss","Completions"
"24505",2013-02-01,"Feb 2013","Apartment",64,"Scss","Completions"
"24505",2013-02-01,"Feb 2013","All",125,"Scss","Completions"
"24505",2013-03-01,"Mar 2013","Single",24,"Scss","Completions"
"24505",2013-03-01,"Mar 2013","Semi-Detached",24,"Scss","Completions"
"24505",2013-03-01,"Mar 2013","Row",3,"Scss","Completions"
"24505",2013-03-01,"Mar 2013","Apartment",35,"Scss","Completions"
"24505",2013-03-01,"Mar 2013","All",86,"Scss","Completions"
"24505",2013-04-01,"Apr 2013","Single",47,"Scss","Completions"
"24505",2013-04-01,"Apr 2013","Semi-Detached",24,"Scss","Completions"
"24505",2013-04-01,"Apr 2013","Row",20,"Scss","Completions"
"24505",2013-04-01,"Apr 2013","Apartment",39,"Scss","Completions"
"24505",2013-04-01,"Apr 2013","All",130,"Scss","Completions"
"24505",2013-05-01,"May 2013","Single",37,"Scss","Completions"
"24505",2013-05-01,"May 2013","Semi-Detached",32,"Scss","Completions"
"24505",2013-05-01,"May 2013","Row",15,"Scss","Completions"
"24505",2013-05-01,"May 2013","Apartment",95,"Scss","Completions"
"24505",2013-05-01,"May 2013","All",179,"Scss","Completions"
"24505",2013-06-01,"Jun 2013","Single",25,"Scss","Completions"
"24505",2013-06-01,"Jun 2013","Semi-Detached",14,"Scss","Completions"
"24505",2013-06-01,"Jun 2013","Row",8,"Scss","Completions"
"24505",2013-06-01,"Jun 2013","Apartment",27,"Scss","Completions"
"24505",2013-06-01,"Jun 2013","All",74,"Scss","Completions"
"24505",2013-07-01,"Jul 2013","Single",41,"Scss","Completions"
"24505",2013-07-01,"Jul 2013","Semi-Detached",22,"Scss","Completions"
"24505",2013-07-01,"Jul 2013","Row",13,"Scss","Completions"
"24505",2013-07-01,"Jul 2013","Apartment",93,"Scss","Completions"
"24505",2013-07-01,"Jul 2013","All",169,"Scss","Completions"
"24505",2013-08-01,"Aug 2013","Single",44,"Scss","Completions"
"24505",2013-08-01,"Aug 2013","Semi-Detached",16,"Scss","Completions"
"24505",2013-08-01,"Aug 2013","Row",13,"Scss","Completions"
"24505",2013-08-01,"Aug 2013","Apartment",39,"Scss","Completions"
"24505",2013-08-01,"Aug 2013","All",112,"Scss","Completions"
"24505",2013-09-01,"Sep 2013","Single",51,"Scss","Completions"
"24505",2013-09-01,"Sep 2013","Semi-Detached",16,"Scss","Completions"
"24505",2013-09-01,"Sep 2013","Row",20,"Scss","Completions"
"24505",2013-09-01,"Sep 2013","Apartment",47,"Scss","Completions"
"24505",2013-09-01,"Sep 2013","All",134,"Scss","Completions"
"24505",2013-10-01,"Oct 2013","Single",62,"Scss","Completions"
"24505",2013-10-01,"Oct 2013","Semi-Detached",46,"Scss","Completions"
"24505",2013-10-01,"Oct 2013","Row",57,"Scss","Completions"
"24505",2013-10-01,"Oct 2013","Apartment",225,"Scss","Completions"
"24505",2013-10-01,"Oct 2013","All",390,"Scss","Completions"
"24505",2013-11-01,"Nov 2013","Single",50,"Scss","Completions"
"24505",2013-11-01,"Nov 2013","Semi-Detached",22,"Scss","Completions"
"24505",2013-11-01,"Nov 2013","Row",10,"Scss","Completions"
"24505",2013-11-01,"Nov 2013","Apartment",132,"Scss","Completions"
"24505",2013-11-01,"Nov 2013","All",214,"Scss","Completions"
"24505",2013-12-01,"Dec 2013","Single",44,"Scss","Completions"
"24505",2013-12-01,"Dec 2013","Semi-Detached",10,"Scss","Completions"
"24505",2013-12-01,"Dec 2013","Row",29,"Scss","Completions"
"24505",2013-12-01,"Dec 2013","Apartment",85,"Scss","Completions"
"24505",2013-12-01,"Dec 2013","All",168,"Scss","Completions"
"24505",2014-01-01,"Jan 2014","Single",45,"Scss","Completions"
"24505",2014-01-01,"Jan 2014","Semi-Detached",6,"Scss","Completions"
"24505",2014-01-01,"Jan 2014","Row",0,"Scss","Completions"
"24505",2014-01-01,"Jan 2014","Apartment",23,"Scss","Completions"
"24505",2014-01-01,"Jan 2014","All",74,"Scss","Completions"
"24505",2014-02-01,"Feb 2014","Single",44,"Scss","Completions"
"24505",2014-02-01,"Feb 2014","Semi-Detached",4,"Scss","Completions"
"24505",2014-02-01,"Feb 2014","Row",12,"Scss","Completions"
"24505",2014-02-01,"Feb 2014","Apartment",130,"Scss","Completions"
"24505",2014-02-01,"Feb 2014","All",190,"Scss","Completions"
"24505",2014-03-01,"Mar 2014","Single",26,"Scss","Completions"
"24505",2014-03-01,"Mar 2014","Semi-Detached",4,"Scss","Completions"
"24505",2014-03-01,"Mar 2014","Row",15,"Scss","Completions"
"24505",2014-03-01,"Mar 2014","Apartment",122,"Scss","Completions"
"24505",2014-03-01,"Mar 2014","All",167,"Scss","Completions"
"24505",2014-04-01,"Apr 2014","Single",21,"Scss","Completions"
"24505",2014-04-01,"Apr 2014","Semi-Detached",12,"Scss","Completions"
"24505",2014-04-01,"Apr 2014","Row",17,"Scss","Completions"
"24505",2014-04-01,"Apr 2014","Apartment",255,"Scss","Completions"
"24505",2014-04-01,"Apr 2014","All",305,"Scss","Completions"
"24505",2014-05-01,"May 2014","Single",31,"Scss","Completions"
"24505",2014-05-01,"May 2014","Semi-Detached",4,"Scss","Completions"
"24505",2014-05-01,"May 2014","Row",4,"Scss","Completions"
"24505",2014-05-01,"May 2014","Apartment",94,"Scss","Completions"
"24505",2014-05-01,"May 2014","All",133,"Scss","Completions"
"24505",2014-06-01,"Jun 2014","Single",21,"Scss","Completions"
"24505",2014-06-01,"Jun 2014","Semi-Detached",30,"Scss","Completions"
"24505",2014-06-01,"Jun 2014","Row",4,"Scss","Completions"
"24505",2014-06-01,"Jun 2014","Apartment",176,"Scss","Completions"
"24505",2014-06-01,"Jun 2014","All",231,"Scss","Completions"
"24505",2014-07-01,"Jul 2014","Single",41,"Scss","Completions"
"24505",2014-07-01,"Jul 2014","Semi-Detached",46,"Scss","Completions"
"24505",2014-07-01,"Jul 2014","Row",21,"Scss","Completions"
"24505",2014-07-01,"Jul 2014","Apartment",48,"Scss","Completions"
"24505",2014-07-01,"Jul 2014","All",156,"Scss","Completions"
"24505",2014-08-01,"Aug 2014","Single",39,"Scss","Completions"
"24505",2014-08-01,"Aug 2014","Semi-Detached",20,"Scss","Completions"
"24505",2014-08-01,"Aug 2014","Row",20,"Scss","Completions"
"24505",2014-08-01,"Aug 2014","Apartment",136,"Scss","Completions"
"24505",2014-08-01,"Aug 2014","All",215,"Scss","Completions"
"24505",2014-09-01,"Sep 2014","Single",47,"Scss","Completions"
"24505",2014-09-01,"Sep 2014","Semi-Detached",20,"Scss","Completions"
"24505",2014-09-01,"Sep 2014","Row",25,"Scss","Completions"
"24505",2014-09-01,"Sep 2014","Apartment",61,"Scss","Completions"
"24505",2014-09-01,"Sep 2014","All",153,"Scss","Completions"
"24505",2014-10-01,"Oct 2014","Single",46,"Scss","Completions"
"24505",2014-10-01,"Oct 2014","Semi-Detached",26,"Scss","Completions"
"24505",2014-10-01,"Oct 2014","Row",53,"Scss","Completions"
"24505",2014-10-01,"Oct 2014","Apartment",56,"Scss","Completions"
"24505",2014-10-01,"Oct 2014","All",181,"Scss","Completions"
"24505",2014-11-01,"Nov 2014","Single",51,"Scss","Completions"
"24505",2014-11-01,"Nov 2014","Semi-Detached",18,"Scss","Completions"
"24505",2014-11-01,"Nov 2014","Row",16,"Scss","Completions"
"24505",2014-11-01,"Nov 2014","Apartment",171,"Scss","Completions"
"24505",2014-11-01,"Nov 2014","All",256,"Scss","Completions"
"24505",2014-12-01,"Dec 2014","Single",48,"Scss","Completions"
"24505",2014-12-01,"Dec 2014","Semi-Detached",34,"Scss","Completions"
"24505",2014-12-01,"Dec 2014","Row",6,"Scss","Completions"
"24505",2014-12-01,"Dec 2014","Apartment",56,"Scss","Completions"
"24505",2014-12-01,"Dec 2014","All",144,"Scss","Completions"
"24505",2015-01-01,"Jan 2015","Single",48,"Scss","Completions"
"24505",2015-01-01,"Jan 2015","Semi-Detached",22,"Scss","Completions"
"24505",2015-01-01,"Jan 2015","Row",10,"Scss","Completions"
"24505",2015-01-01,"Jan 2015","Apartment",12,"Scss","Completions"
"24505",2015-01-01,"Jan 2015","All",92,"Scss","Completions"
"24505",2015-02-01,"Feb 2015","Single",28,"Scss","Completions"
"24505",2015-02-01,"Feb 2015","Semi-Detached",18,"Scss","Completions"
"24505",2015-02-01,"Feb 2015","Row",8,"Scss","Completions"
"24505",2015-02-01,"Feb 2015","Apartment",66,"Scss","Completions"
"24505",2015-02-01,"Feb 2015","All",120,"Scss","Completions"
"24505",2015-03-01,"Mar 2015","Single",19,"Scss","Completions"
"24505",2015-03-01,"Mar 2015","Semi-Detached",20,"Scss","Completions"
"24505",2015-03-01,"Mar 2015","Row",20,"Scss","Completions"
"24505",2015-03-01,"Mar 2015","Apartment",29,"Scss","Completions"
"24505",2015-03-01,"Mar 2015","All",88,"Scss","Completions"
"24505",2015-04-01,"Apr 2015","Single",26,"Scss","Completions"
"24505",2015-04-01,"Apr 2015","Semi-Detached",20,"Scss","Completions"
"24505",2015-04-01,"Apr 2015","Row",10,"Scss","Completions"
"24505",2015-04-01,"Apr 2015","Apartment",20,"Scss","Completions"
"24505",2015-04-01,"Apr 2015","All",76,"Scss","Completions"
"24505",2015-05-01,"May 2015","Single",27,"Scss","Completions"
"24505",2015-05-01,"May 2015","Semi-Detached",34,"Scss","Completions"
"24505",2015-05-01,"May 2015","Row",6,"Scss","Completions"
"24505",2015-05-01,"May 2015","Apartment",141,"Scss","Completions"
"24505",2015-05-01,"May 2015","All",208,"Scss","Completions"
"24505",2015-06-01,"Jun 2015","Single",34,"Scss","Completions"
"24505",2015-06-01,"Jun 2015","Semi-Detached",54,"Scss","Completions"
"24505",2015-06-01,"Jun 2015","Row",4,"Scss","Completions"
"24505",2015-06-01,"Jun 2015","Apartment",45,"Scss","Completions"
"24505",2015-06-01,"Jun 2015","All",137,"Scss","Completions"
"24505",2015-07-01,"Jul 2015","Single",46,"Scss","Completions"
"24505",2015-07-01,"Jul 2015","Semi-Detached",44,"Scss","Completions"
"24505",2015-07-01,"Jul 2015","Row",0,"Scss","Completions"
"24505",2015-07-01,"Jul 2015","Apartment",250,"Scss","Completions"
"24505",2015-07-01,"Jul 2015","All",340,"Scss","Completions"
"24505",2015-08-01,"Aug 2015","Single",32,"Scss","Completions"
"24505",2015-08-01,"Aug 2015","Semi-Detached",30,"Scss","Completions"
"24505",2015-08-01,"Aug 2015","Row",10,"Scss","Completions"
"24505",2015-08-01,"Aug 2015","Apartment",15,"Scss","Completions"
"24505",2015-08-01,"Aug 2015","All",87,"Scss","Completions"
"24505",2015-09-01,"Sep 2015","Single",36,"Scss","Completions"
"24505",2015-09-01,"Sep 2015","Semi-Detached",22,"Scss","Completions"
"24505",2015-09-01,"Sep 2015","Row",18,"Scss","Completions"
"24505",2015-09-01,"Sep 2015","Apartment",66,"Scss","Completions"
"24505",2015-09-01,"Sep 2015","All",142,"Scss","Completions"
"24505",2015-10-01,"Oct 2015","Single",37,"Scss","Completions"
"24505",2015-10-01,"Oct 2015","Semi-Detached",30,"Scss","Completions"
"24505",2015-10-01,"Oct 2015","Row",20,"Scss","Completions"
"24505",2015-10-01,"Oct 2015","Apartment",48,"Scss","Completions"
"24505",2015-10-01,"Oct 2015","All",135,"Scss","Completions"
"24505",2015-11-01,"Nov 2015","Single",58,"Scss","Completions"
"24505",2015-11-01,"Nov 2015","Semi-Detached",36,"Scss","Completions"
"24505",2015-11-01,"Nov 2015","Row",4,"Scss","Completions"
"24505",2015-11-01,"Nov 2015","Apartment",91,"Scss","Completions"
"24505",2015-11-01,"Nov 2015","All",189,"Scss","Completions"
"24505",2015-12-01,"Dec 2015","Single",47,"Scss","Completions"
"24505",2015-12-01,"Dec 2015","Semi-Detached",10,"Scss","Completions"
"24505",2015-12-01,"Dec 2015","Row",22,"Scss","Completions"
"24505",2015-12-01,"Dec 2015","Apartment",52,"Scss","Completions"
"24505",2015-12-01,"Dec 2015","All",131,"Scss","Completions"
"24505",2016-01-01,"Jan 2016","Single",21,"Scss","Completions"
"24505",2016-01-01,"Jan 2016","Semi-Detached",10,"Scss","Completions"
"24505",2016-01-01,"Jan 2016","Row",4,"Scss","Completions"
"24505",2016-01-01,"Jan 2016","Apartment",14,"Scss","Completions"
"24505",2016-01-01,"Jan 2016","All",49,"Scss","Completions"
"24505",2016-02-01,"Feb 2016","Single",24,"Scss","Completions"
"24505",2016-02-01,"Feb 2016","Semi-Detached",22,"Scss","Completions"
"24505",2016-02-01,"Feb 2016","Row",13,"Scss","Completions"
"24505",2016-02-01,"Feb 2016","Apartment",50,"Scss","Completions"
"24505",2016-02-01,"Feb 2016","All",109,"Scss","Completions"
"24505",2016-03-01,"Mar 2016","Single",19,"Scss","Completions"
"24505",2016-03-01,"Mar 2016","Semi-Detached",12,"Scss","Completions"
"24505",2016-03-01,"Mar 2016","Row",5,"Scss","Completions"
"24505",2016-03-01,"Mar 2016","Apartment",26,"Scss","Completions"
"24505",2016-03-01,"Mar 2016","All",62,"Scss","Completions"
"24505",2016-04-01,"Apr 2016","Single",13,"Scss","Completions"
"24505",2016-04-01,"Apr 2016","Semi-Detached",14,"Scss","Completions"
"24505",2016-04-01,"Apr 2016","Row",0,"Scss","Completions"
"24505",2016-04-01,"Apr 2016","Apartment",18,"Scss","Completions"
"24505",2016-04-01,"Apr 2016","All",45,"Scss","Completions"
"24505",2016-05-01,"May 2016","Single",33,"Scss","Completions"
"24505",2016-05-01,"May 2016","Semi-Detached",16,"Scss","Completions"
"24505",2016-05-01,"May 2016","Row",8,"Scss","Completions"
"24505",2016-05-01,"May 2016","Apartment",61,"Scss","Completions"
"24505",2016-05-01,"May 2016","All",118,"Scss","Completions"
"24505",2016-06-01,"Jun 2016","Single",28,"Scss","Completions"
"24505",2016-06-01,"Jun 2016","Semi-Detached",18,"Scss","Completions"
"24505",2016-06-01,"Jun 2016","Row",8,"Scss","Completions"
"24505",2016-06-01,"Jun 2016","Apartment",100,"Scss","Completions"
"24505",2016-06-01,"Jun 2016","All",154,"Scss","Completions"
"24505",2016-07-01,"Jul 2016","Single",19,"Scss","Completions"
"24505",2016-07-01,"Jul 2016","Semi-Detached",30,"Scss","Completions"
"24505",2016-07-01,"Jul 2016","Row",9,"Scss","Completions"
"24505",2016-07-01,"Jul 2016","Apartment",125,"Scss","Completions"
"24505",2016-07-01,"Jul 2016","All",183,"Scss","Completions"
"24505",2016-08-01,"Aug 2016","Single",20,"Scss","Completions"
"24505",2016-08-01,"Aug 2016","Semi-Detached",16,"Scss","Completions"
"24505",2016-08-01,"Aug 2016","Row",4,"Scss","Completions"
"24505",2016-08-01,"Aug 2016","Apartment",145,"Scss","Completions"
"24505",2016-08-01,"Aug 2016","All",185,"Scss","Completions"
"24505",2016-09-01,"Sep 2016","Single",37,"Scss","Completions"
"24505",2016-09-01,"Sep 2016","Semi-Detached",34,"Scss","Completions"
"24505",2016-09-01,"Sep 2016","Row",0,"Scss","Completions"
"24505",2016-09-01,"Sep 2016","Apartment",108,"Scss","Completions"
"24505",2016-09-01,"Sep 2016","All",179,"Scss","Completions"
"24505",2016-10-01,"Oct 2016","Single",23,"Scss","Completions"
"24505",2016-10-01,"Oct 2016","Semi-Detached",16,"Scss","Completions"
"24505",2016-10-01,"Oct 2016","Row",0,"Scss","Completions"
"24505",2016-10-01,"Oct 2016","Apartment",96,"Scss","Completions"
"24505",2016-10-01,"Oct 2016","All",135,"Scss","Completions"
"24505",2016-11-01,"Nov 2016","Single",16,"Scss","Completions"
"24505",2016-11-01,"Nov 2016","Semi-Detached",10,"Scss","Completions"
"24505",2016-11-01,"Nov 2016","Row",12,"Scss","Completions"
"24505",2016-11-01,"Nov 2016","Apartment",46,"Scss","Completions"
"24505",2016-11-01,"Nov 2016","All",84,"Scss","Completions"
"24505",2016-12-01,"Dec 2016","Single",129,"Scss","Completions"
"24505",2016-12-01,"Dec 2016","Semi-Detached",36,"Scss","Completions"
"24505",2016-12-01,"Dec 2016","Row",0,"Scss","Completions"
"24505",2016-12-01,"Dec 2016","Apartment",51,"Scss","Completions"
"24505",2016-12-01,"Dec 2016","All",216,"Scss","Completions"
"24505",2017-01-01,"Jan 2017","Single",6,"Scss","Completions"
"24505",2017-01-01,"Jan 2017","Semi-Detached",14,"Scss","Completions"
"24505",2017-01-01,"Jan 2017","Row",4,"Scss","Completions"
"24505",2017-01-01,"Jan 2017","Apartment",9,"Scss","Completions"
"24505",2017-01-01,"Jan 2017","All",33,"Scss","Completions"
"24505",2017-02-01,"Feb 2017","Single",22,"Scss","Completions"
"24505",2017-02-01,"Feb 2017","Semi-Detached",12,"Scss","Completions"
"24505",2017-02-01,"Feb 2017","Row",12,"Scss","Completions"
"24505",2017-02-01,"Feb 2017","Apartment",60,"Scss","Completions"
"24505",2017-02-01,"Feb 2017","All",106,"Scss","Completions"
"24505",2017-03-01,"Mar 2017","Single",42,"Scss","Completions"
"24505",2017-03-01,"Mar 2017","Semi-Detached",8,"Scss","Completions"
"24505",2017-03-01,"Mar 2017","Row",8,"Scss","Completions"
"24505",2017-03-01,"Mar 2017","Apartment",23,"Scss","Completions"
"24505",2017-03-01,"Mar 2017","All",81,"Scss","Completions"
"24505",2017-04-01,"Apr 2017","Single",4,"Scss","Completions"
"24505",2017-04-01,"Apr 2017","Semi-Detached",2,"Scss","Completions"
"24505",2017-04-01,"Apr 2017","Row",4,"Scss","Completions"
"24505",2017-04-01,"Apr 2017","Apartment",134,"Scss","Completions"
"24505",2017-04-01,"Apr 2017","All",144,"Scss","Completions"
"24505",2017-05-01,"May 2017","Single",8,"Scss","Completions"
"24505",2017-05-01,"May 2017","Semi-Detached",18,"Scss","Completions"
"24505",2017-05-01,"May 2017","Row",0,"Scss","Completions"
"24505",2017-05-01,"May 2017","Apartment",0,"Scss","Completions"
"24505",2017-05-01,"May 2017","All",26,"Scss","Completions"
"24505",2017-06-01,"Jun 2017","Single",13,"Scss","Completions"
"24505",2017-06-01,"Jun 2017","Semi-Detached",36,"Scss","Completions"
"24505",2017-06-01,"Jun 2017","Row",13,"Scss","Completions"
"24505",2017-06-01,"Jun 2017","Apartment",23,"Scss","Completions"
"24505",2017-06-01,"Jun 2017","All",85,"Scss","Completions"
"24505",2017-07-01,"Jul 2017","Single",22,"Scss","Completions"
"24505",2017-07-01,"Jul 2017","Semi-Detached",26,"Scss","Completions"
"24505",2017-07-01,"Jul 2017","Row",24,"Scss","Completions"
"24505",2017-07-01,"Jul 2017","Apartment",233,"Scss","Completions"
"24505",2017-07-01,"Jul 2017","All",305,"Scss","Completions"
"24505",2017-08-01,"Aug 2017","Single",1,"Scss","Completions"
"24505",2017-08-01,"Aug 2017","Semi-Detached",12,"Scss","Completions"
"24505",2017-08-01,"Aug 2017","Row",0,"Scss","Completions"
"24505",2017-08-01,"Aug 2017","Apartment",26,"Scss","Completions"
"24505",2017-08-01,"Aug 2017","All",39,"Scss","Completions"
"24505",2017-09-01,"Sep 2017","Single",5,"Scss","Completions"
"24505",2017-09-01,"Sep 2017","Semi-Detached",10,"Scss","Completions"
"24505",2017-09-01,"Sep 2017","Row",4,"Scss","Completions"
"24505",2017-09-01,"Sep 2017","Apartment",93,"Scss","Completions"
"24505",2017-09-01,"Sep 2017","All",112,"Scss","Completions"
"24505",2017-10-01,"Oct 2017","Single",66,"Scss","Completions"
"24505",2017-10-01,"Oct 2017","Semi-Detached",34,"Scss","Completions"
"24505",2017-10-01,"Oct 2017","Row",34,"Scss","Completions"
"24505",2017-10-01,"Oct 2017","Apartment",50,"Scss","Completions"
"24505",2017-10-01,"Oct 2017","All",184,"Scss","Completions"
"24505",2017-11-01,"Nov 2017","Single",36,"Scss","Completions"
"24505",2017-11-01,"Nov 2017","Semi-Detached",8,"Scss","Completions"
"24505",2017-11-01,"Nov 2017","Row",0,"Scss","Completions"
"24505",2017-11-01,"Nov 2017","Apartment",132,"Scss","Completions"
"24505",2017-11-01,"Nov 2017","All",176,"Scss","Completions"
"24505",2017-12-01,"Dec 2017","Single",53,"Scss","Completions"
"24505",2017-12-01,"Dec 2017","Semi-Detached",20,"Scss","Completions"
"24505",2017-12-01,"Dec 2017","Row",8,"Scss","Completions"
"24505",2017-12-01,"Dec 2017","Apartment",55,"Scss","Completions"
"24505",2017-12-01,"Dec 2017","All",136,"Scss","Completions"
"24505",2018-01-01,"Jan 2018","Single",85,"Scss","Completions"
"24505",2018-01-01,"Jan 2018","Semi-Detached",12,"Scss","Completions"
"24505",2018-01-01,"Jan 2018","Row",20,"Scss","Completions"
"24505",2018-01-01,"Jan 2018","Apartment",94,"Scss","Completions"
"24505",2018-01-01,"Jan 2018","All",211,"Scss","Completions"
"24505",2018-02-01,"Feb 2018","Single",46,"Scss","Completions"
"24505",2018-02-01,"Feb 2018","Semi-Detached",8,"Scss","Completions"
"24505",2018-02-01,"Feb 2018","Row",8,"Scss","Completions"
"24505",2018-02-01,"Feb 2018","Apartment",178,"Scss","Completions"
"24505",2018-02-01,"Feb 2018","All",240,"Scss","Completions"
"24505",2018-03-01,"Mar 2018","Single",18,"Scss","Completions"
"24505",2018-03-01,"Mar 2018","Semi-Detached",12,"Scss","Completions"
"24505",2018-03-01,"Mar 2018","Row",0,"Scss","Completions"
"24505",2018-03-01,"Mar 2018","Apartment",77,"Scss","Completions"
"24505",2018-03-01,"Mar 2018","All",107,"Scss","Completions"
"24505",2018-04-01,"Apr 2018","Single",10,"Scss","Completions"
"24505",2018-04-01,"Apr 2018","Semi-Detached",6,"Scss","Completions"
"24505",2018-04-01,"Apr 2018","Row",5,"Scss","Completions"
"24505",2018-04-01,"Apr 2018","Apartment",50,"Scss","Completions"
"24505",2018-04-01,"Apr 2018","All",71,"Scss","Completions"
"24505",2018-05-01,"May 2018","Single",5,"Scss","Completions"
"24505",2018-05-01,"May 2018","Semi-Detached",6,"Scss","Completions"
"24505",2018-05-01,"May 2018","Row",6,"Scss","Completions"
"24505",2018-05-01,"May 2018","Apartment",35,"Scss","Completions"
"24505",2018-05-01,"May 2018","All",52,"Scss","Completions"
"24505",2018-06-01,"Jun 2018","Single",44,"Scss","Completions"
"24505",2018-06-01,"Jun 2018","Semi-Detached",24,"Scss","Completions"
"24505",2018-06-01,"Jun 2018","Row",17,"Scss","Completions"
"24505",2018-06-01,"Jun 2018","Apartment",187,"Scss","Completions"
"24505",2018-06-01,"Jun 2018","All",272,"Scss","Completions"
"24505",2018-07-01,"Jul 2018","Single",53,"Scss","Completions"
"24505",2018-07-01,"Jul 2018","Semi-Detached",24,"Scss","Completions"
"24505",2018-07-01,"Jul 2018","Row",0,"Scss","Completions"
"24505",2018-07-01,"Jul 2018","Apartment",106,"Scss","Completions"
"24505",2018-07-01,"Jul 2018","All",183,"Scss","Completions"
"24505",2018-08-01,"Aug 2018","Single",8,"Scss","Completions"
"24505",2018-08-01,"Aug 2018","Semi-Detached",12,"Scss","Completions"
"24505",2018-08-01,"Aug 2018","Row",0,"Scss","Completions"
"24505",2018-08-01,"Aug 2018","Apartment",53,"Scss","Completions"
"24505",2018-08-01,"Aug 2018","All",73,"Scss","Completions"
"24505",2018-09-01,"Sep 2018","Single",50,"Scss","Completions"
"24505",2018-09-01,"Sep 2018","Semi-Detached",8,"Scss","Completions"
"24505",2018-09-01,"Sep 2018","Row",0,"Scss","Completions"
"24505",2018-09-01,"Sep 2018","Apartment",32,"Scss","Completions"
"24505",2018-09-01,"Sep 2018","All",90,"Scss","Completions"
"24505",2018-10-01,"Oct 2018","Single",23,"Scss","Completions"
"24505",2018-10-01,"Oct 2018","Semi-Detached",20,"Scss","Completions"
"24505",2018-10-01,"Oct 2018","Row",0,"Scss","Completions"
"24505",2018-10-01,"Oct 2018","Apartment",3,"Scss","Completions"
"24505",2018-10-01,"Oct 2018","All",46,"Scss","Completions"
"24505",2018-11-01,"Nov 2018","Single",15,"Scss","Completions"
"24505",2018-11-01,"Nov 2018","Semi-Detached",16,"Scss","Completions"
"24505",2018-11-01,"Nov 2018","Row",0,"Scss","Completions"
"24505",2018-11-01,"Nov 2018","Apartment",140,"Scss","Completions"
"24505",2018-11-01,"Nov 2018","All",171,"Scss","Completions"
"24505",2018-12-01,"Dec 2018","Single",57,"Scss","Completions"
"24505",2018-12-01,"Dec 2018","Semi-Detached",6,"Scss","Completions"
"24505",2018-12-01,"Dec 2018","Row",6,"Scss","Completions"
"24505",2018-12-01,"Dec 2018","Apartment",73,"Scss","Completions"
"24505",2018-12-01,"Dec 2018","All",142,"Scss","Completions"
"24505",2019-01-01,"Jan 2019","Single",49,"Scss","Completions"
"24505",2019-01-01,"Jan 2019","Semi-Detached",26,"Scss","Completions"
"24505",2019-01-01,"Jan 2019","Row",0,"Scss","Completions"
"24505",2019-01-01,"Jan 2019","Apartment",47,"Scss","Completions"
"24505",2019-01-01,"Jan 2019","All",122,"Scss","Completions"
"24505",2019-02-01,"Feb 2019","Single",26,"Scss","Completions"
"24505",2019-02-01,"Feb 2019","Semi-Detached",22,"Scss","Completions"
"24505",2019-02-01,"Feb 2019","Row",13,"Scss","Completions"
"24505",2019-02-01,"Feb 2019","Apartment",520,"Scss","Completions"
"24505",2019-02-01,"Feb 2019","All",581,"Scss","Completions"
"24505",2019-03-01,"Mar 2019","Single",20,"Scss","Completions"
"24505",2019-03-01,"Mar 2019","Semi-Detached",28,"Scss","Completions"
"24505",2019-03-01,"Mar 2019","Row",0,"Scss","Completions"
"24505",2019-03-01,"Mar 2019","Apartment",106,"Scss","Completions"
"24505",2019-03-01,"Mar 2019","All",154,"Scss","Completions"
"24505",2019-04-01,"Apr 2019","Single",54,"Scss","Completions"
"24505",2019-04-01,"Apr 2019","Semi-Detached",50,"Scss","Completions"
"24505",2019-04-01,"Apr 2019","Row",8,"Scss","Completions"
"24505",2019-04-01,"Apr 2019","Apartment",198,"Scss","Completions"
"24505",2019-04-01,"Apr 2019","All",310,"Scss","Completions"
"24505",2019-05-01,"May 2019","Single",28,"Scss","Completions"
"24505",2019-05-01,"May 2019","Semi-Detached",34,"Scss","Completions"
"24505",2019-05-01,"May 2019","Row",13,"Scss","Completions"
"24505",2019-05-01,"May 2019","Apartment",189,"Scss","Completions"
"24505",2019-05-01,"May 2019","All",264,"Scss","Completions"
"24505",2019-06-01,"Jun 2019","Single",8,"Scss","Completions"
"24505",2019-06-01,"Jun 2019","Semi-Detached",2,"Scss","Completions"
"24505",2019-06-01,"Jun 2019","Row",0,"Scss","Completions"
"24505",2019-06-01,"Jun 2019","Apartment",46,"Scss","Completions"
"24505",2019-06-01,"Jun 2019","All",56,"Scss","Completions"
"24505",2019-07-01,"Jul 2019","Single",16,"Scss","Completions"
"24505",2019-07-01,"Jul 2019","Semi-Detached",34,"Scss","Completions"
"24505",2019-07-01,"Jul 2019","Row",4,"Scss","Completions"
"24505",2019-07-01,"Jul 2019","Apartment",66,"Scss","Completions"
"24505",2019-07-01,"Jul 2019","All",120,"Scss","Completions"
"24505",2019-08-01,"Aug 2019","Single",33,"Scss","Completions"
"24505",2019-08-01,"Aug 2019","Semi-Detached",24,"Scss","Completions"
"24505",2019-08-01,"Aug 2019","Row",10,"Scss","Completions"
"24505",2019-08-01,"Aug 2019","Apartment",153,"Scss","Completions"
"24505",2019-08-01,"Aug 2019","All",220,"Scss","Completions"
"24505",2019-09-01,"Sep 2019","Single",26,"Scss","Completions"
"24505",2019-09-01,"Sep 2019","Semi-Detached",16,"Scss","Completions"
"24505",2019-09-01,"Sep 2019","Row",4,"Scss","Completions"
"24505",2019-09-01,"Sep 2019","Apartment",188,"Scss","Completions"
"24505",2019-09-01,"Sep 2019","All",234,"Scss","Completions"
"24505",2019-10-01,"Oct 2019","Single",31,"Scss","Completions"
"24505",2019-10-01,"Oct 2019","Semi-Detached",46,"Scss","Completions"
"24505",2019-10-01,"Oct 2019","Row",6,"Scss","Completions"
"24505",2019-10-01,"Oct 2019","Apartment",244,"Scss","Completions"
"24505",2019-10-01,"Oct 2019","All",327,"Scss","Completions"
"24505",2019-11-01,"Nov 2019","Single",38,"Scss","Completions"
"24505",2019-11-01,"Nov 2019","Semi-Detached",16,"Scss","Completions"
"24505",2019-11-01,"Nov 2019","Row",12,"Scss","Completions"
"24505",2019-11-01,"Nov 2019","Apartment",136,"Scss","Completions"
"24505",2019-11-01,"Nov 2019","All",202,"Scss","Completions"
"24505",2019-12-01,"Dec 2019","Single",42,"Scss","Completions"
"24505",2019-12-01,"Dec 2019","Semi-Detached",18,"Scss","Completions"
"24505",2019-12-01,"Dec 2019","Row",4,"Scss","Completions"
"24505",2019-12-01,"Dec 2019","Apartment",174,"Scss","Completions"
"24505",2019-12-01,"Dec 2019","All",238,"Scss","Completions"
"24505",2020-01-01,"Jan 2020","Single",54,"Scss","Completions"
"24505",2020-01-01,"Jan 2020","Semi-Detached",32,"Scss","Completions"
"24505",2020-01-01,"Jan 2020","Row",10,"Scss","Completions"
"24505",2020-01-01,"Jan 2020","Apartment",121,"Scss","Completions"
"24505",2020-01-01,"Jan 2020","All",217,"Scss","Completions"
"24505",2020-02-01,"Feb 2020","Single",57,"Scss","Completions"
"24505",2020-02-01,"Feb 2020","Semi-Detached",30,"Scss","Completions"
"24505",2020-02-01,"Feb 2020","Row",8,"Scss","Completions"
"24505",2020-02-01,"Feb 2020","Apartment",79,"Scss","Completions"
"24505",2020-02-01,"Feb 2020","All",174,"Scss","Completions"
"24505",2020-03-01,"Mar 2020","Single",17,"Scss","Completions"
"24505",2020-03-01,"Mar 2020","Semi-Detached",30,"Scss","Completions"
"24505",2020-03-01,"Mar 2020","Row",10,"Scss","Completions"
"24505",2020-03-01,"Mar 2020","Apartment",162,"Scss","Completions"
"24505",2020-03-01,"Mar 2020","All",219,"Scss","Completions"
"24505",2020-04-01,"Apr 2020","Single",1,"Scss","Completions"
"24505",2020-04-01,"Apr 2020","Semi-Detached",0,"Scss","Completions"
"24505",2020-04-01,"Apr 2020","Row",0,"Scss","Completions"
"24505",2020-04-01,"Apr 2020","Apartment",0,"Scss","Completions"
"24505",2020-04-01,"Apr 2020","All",1,"Scss","Completions"
"24505",2020-05-01,"May 2020","Single",35,"Scss","Completions"
"24505",2020-05-01,"May 2020","Semi-Detached",32,"Scss","Completions"
"24505",2020-05-01,"May 2020","Row",25,"Scss","Completions"
"24505",2020-05-01,"May 2020","Apartment",151,"Scss","Completions"
"24505",2020-05-01,"May 2020","All",243,"Scss","Completions"
"24505",2020-06-01,"Jun 2020","Single",18,"Scss","Completions"
"24505",2020-06-01,"Jun 2020","Semi-Detached",32,"Scss","Completions"
"24505",2020-06-01,"Jun 2020","Row",12,"Scss","Completions"
"24505",2020-06-01,"Jun 2020","Apartment",162,"Scss","Completions"
"24505",2020-06-01,"Jun 2020","All",224,"Scss","Completions"
"24505",2020-07-01,"Jul 2020","Single",32,"Scss","Completions"
"24505",2020-07-01,"Jul 2020","Semi-Detached",36,"Scss","Completions"
"24505",2020-07-01,"Jul 2020","Row",16,"Scss","Completions"
"24505",2020-07-01,"Jul 2020","Apartment",171,"Scss","Completions"
"24505",2020-07-01,"Jul 2020","All",255,"Scss","Completions"
"24505",2020-08-01,"Aug 2020","Single",11,"Scss","Completions"
"24505",2020-08-01,"Aug 2020","Semi-Detached",20,"Scss","Completions"
"24505",2020-08-01,"Aug 2020","Row",0,"Scss","Completions"
"24505",2020-08-01,"Aug 2020","Apartment",147,"Scss","Completions"
"24505",2020-08-01,"Aug 2020","All",178,"Scss","Completions"
"24505",2020-09-01,"Sep 2020","Single",44,"Scss","Completions"
"24505",2020-09-01,"Sep 2020","Semi-Detached",34,"Scss","Completions"
"24505",2020-09-01,"Sep 2020","Row",11,"Scss","Completions"
"24505",2020-09-01,"Sep 2020","Apartment",235,"Scss","Completions"
"24505",2020-09-01,"Sep 2020","All",324,"Scss","Completions"
"24505",2020-10-01,"Oct 2020","Single",47,"Scss","Completions"
"24505",2020-10-01,"Oct 2020","Semi-Detached",34,"Scss","Completions"
"24505",2020-10-01,"Oct 2020","Row",11,"Scss","Completions"
"24505",2020-10-01,"Oct 2020","Apartment",145,"Scss","Completions"
"24505",2020-10-01,"Oct 2020","All",237,"Scss","Completions"
"24505",2020-11-01,"Nov 2020","Single",46,"Scss","Completions"
"24505",2020-11-01,"Nov 2020","Semi-Detached",24,"Scss","Completions"
"24505",2020-11-01,"Nov 2020","Row",12,"Scss","Completions"
"24505",2020-11-01,"Nov 2020","Apartment",173,"Scss","Completions"
"24505",2020-11-01,"Nov 2020","All",255,"Scss","Completions"
"24505",2020-12-01,"Dec 2020","Single",67,"Scss","Completions"
"24505",2020-12-01,"Dec 2020","Semi-Detached",38,"Scss","Completions"
"24505",2020-12-01,"Dec 2020","Row",12,"Scss","Completions"
"24505",2020-12-01,"Dec 2020","Apartment",87,"Scss","Completions"
"24505",2020-12-01,"Dec 2020","All",204,"Scss","Completions"
"24505",2021-01-01,"Jan 2021","Single",32,"Scss","Completions"
"24505",2021-01-01,"Jan 2021","Semi-Detached",34,"Scss","Completions"
"24505",2021-01-01,"Jan 2021","Row",5,"Scss","Completions"
"24505",2021-01-01,"Jan 2021","Apartment",80,"Scss","Completions"
"24505",2021-01-01,"Jan 2021","All",151,"Scss","Completions"
"24505",2021-02-01,"Feb 2021","Single",51,"Scss","Completions"
"24505",2021-02-01,"Feb 2021","Semi-Detached",26,"Scss","Completions"
"24505",2021-02-01,"Feb 2021","Row",14,"Scss","Completions"
"24505",2021-02-01,"Feb 2021","Apartment",49,"Scss","Completions"
"24505",2021-02-01,"Feb 2021","All",140,"Scss","Completions"
"24505",2021-03-01,"Mar 2021","Single",100,"Scss","Completions"
"24505",2021-03-01,"Mar 2021","Semi-Detached",24,"Scss","Completions"
"24505",2021-03-01,"Mar 2021","Row",20,"Scss","Completions"
"24505",2021-03-01,"Mar 2021","Apartment",71,"Scss","Completions"
"24505",2021-03-01,"Mar 2021","All",215,"Scss","Completions"
"24505",2021-04-01,"Apr 2021","Single",62,"Scss","Completions"
"24505",2021-04-01,"Apr 2021","Semi-Detached",30,"Scss","Completions"
"24505",2021-04-01,"Apr 2021","Row",9,"Scss","Completions"
"24505",2021-04-01,"Apr 2021","Apartment",84,"Scss","Completions"
"24505",2021-04-01,"Apr 2021","All",185,"Scss","Completions"
"24505",2021-05-01,"May 2021","Single",45,"Scss","Completions"
"24505",2021-05-01,"May 2021","Semi-Detached",22,"Scss","Completions"
"24505",2021-05-01,"May 2021","Row",11,"Scss","Completions"
"24505",2021-05-01,"May 2021","Apartment",312,"Scss","Completions"
"24505",2021-05-01,"May 2021","All",390,"Scss","Completions"
"24505",2021-06-01,"Jun 2021","Single",27,"Scss","Completions"
"24505",2021-06-01,"Jun 2021","Semi-Detached",44,"Scss","Completions"
"24505",2021-06-01,"Jun 2021","Row",15,"Scss","Completions"
"24505",2021-06-01,"Jun 2021","Apartment",82,"Scss","Completions"
"24505",2021-06-01,"Jun 2021","All",168,"Scss","Completions"
"24505",2021-07-01,"Jul 2021","Single",46,"Scss","Completions"
"24505",2021-07-01,"Jul 2021","Semi-Detached",40,"Scss","Completions"
"24505",2021-07-01,"Jul 2021","Row",17,"Scss","Completions"
"24505",2021-07-01,"Jul 2021","Apartment",118,"Scss","Completions"
"24505",2021-07-01,"Jul 2021","All",221,"Scss","Completions"
"24505",2021-08-01,"Aug 2021","Single",39,"Scss","Completions"
"24505",2021-08-01,"Aug 2021","Semi-Detached",38,"Scss","Completions"
"24505",2021-08-01,"Aug 2021","Row",0,"Scss","Completions"
"24505",2021-08-01,"Aug 2021","Apartment",131,"Scss","Completions"
"24505",2021-08-01,"Aug 2021","All",208,"Scss","Completions"
"24505",2021-09-01,"Sep 2021","Single",46,"Scss","Completions"
"24505",2021-09-01,"Sep 2021","Semi-Detached",30,"Scss","Completions"
"24505",2021-09-01,"Sep 2021","Row",0,"Scss","Completions"
"24505",2021-09-01,"Sep 2021","Apartment",193,"Scss","Completions"
"24505",2021-09-01,"Sep 2021","All",269,"Scss","Completions"
"24505",2021-10-01,"Oct 2021","Single",88,"Scss","Completions"
"24505",2021-10-01,"Oct 2021","Semi-Detached",38,"Scss","Completions"
"24505",2021-10-01,"Oct 2021","Row",15,"Scss","Completions"
"24505",2021-10-01,"Oct 2021","Apartment",283,"Scss","Completions"
"24505",2021-10-01,"Oct 2021","All",424,"Scss","Completions"
"24505",2021-11-01,"Nov 2021","Single",33,"Scss","Completions"
"24505",2021-11-01,"Nov 2021","Semi-Detached",32,"Scss","Completions"
"24505",2021-11-01,"Nov 2021","Row",10,"Scss","Completions"
"24505",2021-11-01,"Nov 2021","Apartment",65,"Scss","Completions"
"24505",2021-11-01,"Nov 2021","All",140,"Scss","Completions"
"24505",2021-12-01,"Dec 2021","Single",26,"Scss","Completions"
"24505",2021-12-01,"Dec 2021","Semi-Detached",32,"Scss","Completions"
"24505",2021-12-01,"Dec 2021","Row",0,"Scss","Completions"
"24505",2021-12-01,"Dec 2021","Apartment",283,"Scss","Completions"
"24505",2021-12-01,"Dec 2021","All",341,"Scss","Completions"
"24505",2022-01-01,"Jan 2022","Single",65,"Scss","Completions"
"24505",2022-01-01,"Jan 2022","Semi-Detached",10,"Scss","Completions"
"24505",2022-01-01,"Jan 2022","Row",11,"Scss","Completions"
"24505",2022-01-01,"Jan 2022","Apartment",35,"Scss","Completions"
"24505",2022-01-01,"Jan 2022","All",121,"Scss","Completions"
"24505",2022-02-01,"Feb 2022","Single",15,"Scss","Completions"
"24505",2022-02-01,"Feb 2022","Semi-Detached",4,"Scss","Completions"
"24505",2022-02-01,"Feb 2022","Row",0,"Scss","Completions"
"24505",2022-02-01,"Feb 2022","Apartment",77,"Scss","Completions"
"24505",2022-02-01,"Feb 2022","All",96,"Scss","Completions"
"24505",2022-03-01,"Mar 2022","Single",115,"Scss","Completions"
"24505",2022-03-01,"Mar 2022","Semi-Detached",4,"Scss","Completions"
"24505",2022-03-01,"Mar 2022","Row",0,"Scss","Completions"
"24505",2022-03-01,"Mar 2022","Apartment",37,"Scss","Completions"
"24505",2022-03-01,"Mar 2022","All",156,"Scss","Completions"
"24505",2022-04-01,"Apr 2022","Single",103,"Scss","Completions"
"24505",2022-04-01,"Apr 2022","Semi-Detached",16,"Scss","Completions"
"24505",2022-04-01,"Apr 2022","Row",0,"Scss","Completions"
"24505",2022-04-01,"Apr 2022","Apartment",321,"Scss","Completions"
"24505",2022-04-01,"Apr 2022","All",440,"Scss","Completions"
"24505",2022-05-01,"May 2022","Single",69,"Scss","Completions"
"24505",2022-05-01,"May 2022","Semi-Detached",8,"Scss","Completions"
"24505",2022-05-01,"May 2022","Row",4,"Scss","Completions"
"24505",2022-05-01,"May 2022","Apartment",295,"Scss","Completions"
"24505",2022-05-01,"May 2022","All",376,"Scss","Completions"
"24505",2022-06-01,"Jun 2022","Single",85,"Scss","Completions"
"24505",2022-06-01,"Jun 2022","Semi-Detached",0,"Scss","Completions"
"24505",2022-06-01,"Jun 2022","Row",0,"Scss","Completions"
"24505",2022-06-01,"Jun 2022","Apartment",35,"Scss","Completions"
"24505",2022-06-01,"Jun 2022","All",120,"Scss","Completions"
"24505",2022-07-01,"Jul 2022","Single",51,"Scss","Completions"
"24505",2022-07-01,"Jul 2022","Semi-Detached",2,"Scss","Completions"
"24505",2022-07-01,"Jul 2022","Row",4,"Scss","Completions"
"24505",2022-07-01,"Jul 2022","Apartment",278,"Scss","Completions"
"24505",2022-07-01,"Jul 2022","All",335,"Scss","Completions"
"24505",2022-08-01,"Aug 2022","Single",67,"Scss","Completions"
"24505",2022-08-01,"Aug 2022","Semi-Detached",8,"Scss","Completions"
"24505",2022-08-01,"Aug 2022","Row",8,"Scss","Completions"
"24505",2022-08-01,"Aug 2022","Apartment",128,"Scss","Completions"
"24505",2022-08-01,"Aug 2022","All",211,"Scss","Completions"
"24505",2022-09-01,"Sep 2022","Single",72,"Scss","Completions"
"24505",2022-09-01,"Sep 2022","Semi-Detached",5,"Scss","Completions"
"24505",2022-09-01,"Sep 2022","Row",4,"Scss","Completions"
"24505",2022-09-01,"Sep 2022","Apartment",310,"Scss","Completions"
"24505",2022-09-01,"Sep 2022","All",391,"Scss","Completions"
"24505",2022-10-01,"Oct 2022","Single",74,"Scss","Completions"
"24505",2022-10-01,"Oct 2022","Semi-Detached",8,"Scss","Completions"
"24505",2022-10-01,"Oct 2022","Row",0,"Scss","Completions"
"24505",2022-10-01,"Oct 2022","Apartment",79,"Scss","Completions"
"24505",2022-10-01,"Oct 2022","All",161,"Scss","Completions"
"24505",2022-11-01,"Nov 2022","Single",25,"Scss","Completions"
"24505",2022-11-01,"Nov 2022","Semi-Detached",18,"Scss","Completions"
"24505",2022-11-01,"Nov 2022","Row",4,"Scss","Completions"
"24505",2022-11-01,"Nov 2022","Apartment",196,"Scss","Completions"
"24505",2022-11-01,"Nov 2022","All",243,"Scss","Completions"
"24505",2022-12-01,"Dec 2022","Single",12,"Scss","Completions"
"24505",2022-12-01,"Dec 2022","Semi-Detached",6,"Scss","Completions"
"24505",2022-12-01,"Dec 2022","Row",0,"Scss","Completions"
"24505",2022-12-01,"Dec 2022","Apartment",224,"Scss","Completions"
"24505",2022-12-01,"Dec 2022","All",242,"Scss","Completions"
"24505",2023-01-01,"Jan 2023","Single",2,"Scss","Completions"
"24505",2023-01-01,"Jan 2023","Semi-Detached",6,"Scss","Completions"
"24505",2023-01-01,"Jan 2023","Row",0,"Scss","Completions"
"24505",2023-01-01,"Jan 2023","Apartment",4,"Scss","Completions"
"24505",2023-01-01,"Jan 2023","All",12,"Scss","Completions"
"24505",2023-02-01,"Feb 2023","Single",30,"Scss","Completions"
"24505",2023-02-01,"Feb 2023","Semi-Detached",10,"Scss","Completions"
"24505",2023-02-01,"Feb 2023","Row",0,"Scss","Completions"
"24505",2023-02-01,"Feb 2023","Apartment",189,"Scss","Completions"
"24505",2023-02-01,"Feb 2023","All",229,"Scss","Completions"
"24505",2023-03-01,"Mar 2023","Single",34,"Scss","Completions"
"24505",2023-03-01,"Mar 2023","Semi-Detached",6,"Scss","Completions"
"24505",2023-03-01,"Mar 2023","Row",0,"Scss","Completions"
"24505",2023-03-01,"Mar 2023","Apartment",212,"Scss","Completions"
"24505",2023-03-01,"Mar 2023","All",252,"Scss","Completions"
"24505",2023-04-01,"Apr 2023","Single",36,"Scss","Completions"
"24505",2023-04-01,"Apr 2023","Semi-Detached",12,"Scss","Completions"
"24505",2023-04-01,"Apr 2023","Row",0,"Scss","Completions"
"24505",2023-04-01,"Apr 2023","Apartment",146,"Scss","Completions"
"24505",2023-04-01,"Apr 2023","All",194,"Scss","Completions"
"24505",2023-05-01,"May 2023","Single",48,"Scss","Completions"
"24505",2023-05-01,"May 2023","Semi-Detached",8,"Scss","Completions"
"24505",2023-05-01,"May 2023","Row",4,"Scss","Completions"
"24505",2023-05-01,"May 2023","Apartment",62,"Scss","Completions"
"24505",2023-05-01,"May 2023","All",122,"Scss","Completions"
"24505",2023-06-01,"Jun 2023","Single",12,"Scss","Completions"
"24505",2023-06-01,"Jun 2023","Semi-Detached",4,"Scss","Completions"
"24505",2023-06-01,"Jun 2023","Row",0,"Scss","Completions"
"24505",2023-06-01,"Jun 2023","Apartment",367,"Scss","Completions"
"24505",2023-06-01,"Jun 2023","All",383,"Scss","Completions"
"24505",2023-07-01,"Jul 2023","Single",92,"Scss","Completions"
"24505",2023-07-01,"Jul 2023","Semi-Detached",8,"Scss","Completions"
"24505",2023-07-01,"Jul 2023","Row",0,"Scss","Completions"
"24505",2023-07-01,"Jul 2023","Apartment",122,"Scss","Completions"
"24505",2023-07-01,"Jul 2023","All",222,"Scss","Completions"
"24505",2023-08-01,"Aug 2023","Single",23,"Scss","Completions"
"24505",2023-08-01,"Aug 2023","Semi-Detached",0,"Scss","Completions"
"24505",2023-08-01,"Aug 2023","Row",0,"Scss","Completions"
"24505",2023-08-01,"Aug 2023","Apartment",2,"Scss","Completions"
"24505",2023-08-01,"Aug 2023","All",25,"Scss","Completions"
"24505",2023-09-01,"Sep 2023","Single",39,"Scss","Completions"
"24505",2023-09-01,"Sep 2023","Semi-Detached",26,"Scss","Completions"
"24505",2023-09-01,"Sep 2023","Row",0,"Scss","Completions"
"24505",2023-09-01,"Sep 2023","Apartment",320,"Scss","Completions"
"24505",2023-09-01,"Sep 2023","All",385,"Scss","Completions"
"24505",2023-10-01,"Oct 2023","Single",71,"Scss","Completions"
"24505",2023-10-01,"Oct 2023","Semi-Detached",22,"Scss","Completions"
"24505",2023-10-01,"Oct 2023","Row",0,"Scss","Completions"
"24505",2023-10-01,"Oct 2023","Apartment",21,"Scss","Completions"
"24505",2023-10-01,"Oct 2023","All",114,"Scss","Completions"
"24505",2023-11-01,"Nov 2023","Single",32,"Scss","Completions"
"24505",2023-11-01,"Nov 2023","Semi-Detached",10,"Scss","Completions"
"24505",2023-11-01,"Nov 2023","Row",0,"Scss","Completions"
"24505",2023-11-01,"Nov 2023","Apartment",225,"Scss","Completions"
"24505",2023-11-01,"Nov 2023","All",267,"Scss","Completions"
"24505",2023-12-01,"Dec 2023","Single",10,"Scss","Completions"
"24505",2023-12-01,"Dec 2023","Semi-Detached",20,"Scss","Completions"
"24505",2023-12-01,"Dec 2023","Row",0,"Scss","Completions"
"24505",2023-12-01,"Dec 2023","Apartment",137,"Scss","Completions"
"24505",2023-12-01,"Dec 2023","All",167,"Scss","Completions"
"24505",2024-01-01,"Jan 2024","Single",1,"Scss","Completions"
"24505",2024-01-01,"Jan 2024","Semi-Detached",4,"Scss","Completions"
"24505",2024-01-01,"Jan 2024","Row",0,"Scss","Completions"
"24505",2024-01-01,"Jan 2024","Apartment",126,"Scss","Completions"
"24505",2024-01-01,"Jan 2024","All",131,"Scss","Completions"
"24505",2024-02-01,"Feb 2024","Single",8,"Scss","Completions"
"24505",2024-02-01,"Feb 2024","Semi-Detached",6,"Scss","Completions"
"24505",2024-02-01,"Feb 2024","Row",12,"Scss","Completions"
"24505",2024-02-01,"Feb 2024","Apartment",15,"Scss","Completions"
"24505",2024-02-01,"Feb 2024","All",41,"Scss","Completions"
"24505",2024-03-01,"Mar 2024","Single",46,"Scss","Completions"
"24505",2024-03-01,"Mar 2024","Semi-Detached",22,"Scss","Completions"
"24505",2024-03-01,"Mar 2024","Row",16,"Scss","Completions"
"24505",2024-03-01,"Mar 2024","Apartment",37,"Scss","Completions"
"24505",2024-03-01,"Mar 2024","All",121,"Scss","Completions"
"24505",2024-04-01,"Apr 2024","Single",57,"Scss","Completions"
"24505",2024-04-01,"Apr 2024","Semi-Detached",14,"Scss","Completions"
"24505",2024-04-01,"Apr 2024","Row",4,"Scss","Completions"
"24505",2024-04-01,"Apr 2024","Apartment",95,"Scss","Completions"
"24505",2024-04-01,"Apr 2024","All",170,"Scss","Completions"
"24505",2024-05-01,"May 2024","Single",31,"Scss","Completions"
"24505",2024-05-01,"May 2024","Semi-Detached",8,"Scss","Completions"
"24505",2024-05-01,"May 2024","Row",6,"Scss","Completions"
"24505",2024-05-01,"May 2024","Apartment",11,"Scss","Completions"
"24505",2024-05-01,"May 2024","All",56,"Scss","Completions"
"24505",2024-06-01,"Jun 2024","Single",37,"Scss","Completions"
"24505",2024-06-01,"Jun 2024","Semi-Detached",8,"Scss","Completions"
"24505",2024-06-01,"Jun 2024","Row",3,"Scss","Completions"
"24505",2024-06-01,"Jun 2024","Apartment",76,"Scss","Completions"
"24505",2024-06-01,"Jun 2024","All",124,"Scss","Completions"
"24505",2024-07-01,"Jul 2024","Single",39,"Scss","Completions"
"24505",2024-07-01,"Jul 2024","Semi-Detached",2,"Scss","Completions"
"24505",2024-07-01,"Jul 2024","Row",0,"Scss","Completions"
"24505",2024-07-01,"Jul 2024","Apartment",76,"Scss","Completions"
"24505",2024-07-01,"Jul 2024","All",117,"Scss","Completions"
"24505",2024-08-01,"Aug 2024","Single",40,"Scss","Completions"
"24505",2024-08-01,"Aug 2024","Semi-Detached",5,"Scss","Completions"
"24505",2024-08-01,"Aug 2024","Row",17,"Scss","Completions"
"24505",2024-08-01,"Aug 2024","Apartment",589,"Scss","Completions"
"24505",2024-08-01,"Aug 2024","All",651,"Scss","Completions"
"24505",2024-09-01,"Sep 2024","Single",24,"Scss","Completions"
"24505",2024-09-01,"Sep 2024","Semi-Detached",8,"Scss","Completions"
"24505",2024-09-01,"Sep 2024","Row",4,"Scss","Completions"
"24505",2024-09-01,"Sep 2024","Apartment",70,"Scss","Completions"
"24505",2024-09-01,"Sep 2024","All",106,"Scss","Completions"
"24505",2024-10-01,"Oct 2024","Single",34,"Scss","Completions"
"24505",2024-10-01,"Oct 2024","Semi-Detached",12,"Scss","Completions"
"24505",2024-10-01,"Oct 2024","Row",0,"Scss","Completions"
"24505",2024-10-01,"Oct 2024","Apartment",461,"Scss","Completions"
"24505",2024-10-01,"Oct 2024","All",507,"Scss","Completions"
"24505",2024-11-01,"Nov 2024","Single",14,"Scss","Completions"
"24505",2024-11-01,"Nov 2024","Semi-Detached",2,"Scss","Completions"
"24505",2024-11-01,"Nov 2024","Row",3,"Scss","Completions"
"24505",2024-11-01,"Nov 2024","Apartment",404,"Scss","Completions"
"24505",2024-11-01,"Nov 2024","All",423,"Scss","Completions"
"24505",2024-12-01,"Dec 2024","Single",4,"Scss","Completions"
"24505",2024-12-01,"Dec 2024","Semi-Detached",2,"Scss","Completions"
"24505",2024-12-01,"Dec 2024","Row",0,"Scss","Completions"
"24505",2024-12-01,"Dec 2024","Apartment",607,"Scss","Completions"
"24505",2024-12-01,"Dec 2024","All",613,"Scss","Completions"
"24505",2025-01-01,"Jan 2025","Single",13,"Scss","Completions"
"24505",2025-01-01,"Jan 2025","Semi-Detached",4,"Scss","Completions"
"24505",2025-01-01,"Jan 2025","Row",0,"Scss","Completions"
"24505",2025-01-01,"Jan 2025","Apartment",72,"Scss","Completions"
"24505",2025-01-01,"Jan 2025","All",89,"Scss","Completions"
"24505",2025-02-01,"Feb 2025","Single",69,"Scss","Completions"
"24505",2025-02-01,"Feb 2025","Semi-Detached",20,"Scss","Completions"
"24505",2025-02-01,"Feb 2025","Row",0,"Scss","Completions"
"24505",2025-02-01,"Feb 2025","Apartment",103,"Scss","Completions"
"24505",2025-02-01,"Feb 2025","All",192,"Scss","Completions"
"24505",2025-03-01,"Mar 2025","Single",47,"Scss","Completions"
"24505",2025-03-01,"Mar 2025","Semi-Detached",8,"Scss","Completions"
"24505",2025-03-01,"Mar 2025","Row",4,"Scss","Completions"
"24505",2025-03-01,"Mar 2025","Apartment",161,"Scss","Completions"
"24505",2025-03-01,"Mar 2025","All",220,"Scss","Completions"
"24505",2025-04-01,"Apr 2025","Single",28,"Scss","Completions"
"24505",2025-04-01,"Apr 2025","Semi-Detached",0,"Scss","Completions"
"24505",2025-04-01,"Apr 2025","Row",0,"Scss","Completions"
"24505",2025-04-01,"Apr 2025","Apartment",60,"Scss","Completions"
"24505",2025-04-01,"Apr 2025","All",88,"Scss","Completions"
"24505",2025-05-01,"May 2025","Single",88,"Scss","Completions"
"24505",2025-05-01,"May 2025","Semi-Detached",16,"Scss","Completions"
"24505",2025-05-01,"May 2025","Row",40,"Scss","Completions"
"24505",2025-05-01,"May 2025","Apartment",385,"Scss","Completions"
"24505",2025-05-01,"May 2025","All",529,"Scss","Completions"
"24505",2025-06-01,"Jun 2025","Single",13,"Scss","Completions"
"24505",2025-06-01,"Jun 2025","Semi-Detached",4,"Scss","Completions"
"24505",2025-06-01,"Jun 2025","Row",6,"Scss","Completions"
"24505",2025-06-01,"Jun 2025","Apartment",92,"Scss","Completions"
"24505",2025-06-01,"Jun 2025","All",115,"Scss","Completions"
"24505",2025-07-01,"Jul 2025","Single",14,"Scss","Completions"
"24505",2025-07-01,"Jul 2025","Semi-Detached",8,"Scss","Completions"
"24505",2025-07-01,"Jul 2025","Row",5,"Scss","Completions"
"24505",2025-07-01,"Jul 2025","Apartment",101,"Scss","Completions"
"24505",2025-07-01,"Jul 2025","All",128,"Scss","Completions"
"24505",2025-08-01,"Aug 2025","Single",28,"Scss","Completions"
"24505",2025-08-01,"Aug 2025","Semi-Detached",2,"Scss","Completions"
"24505",2025-08-01,"Aug 2025","Row",17,"Scss","Completions"
"24505",2025-08-01,"Aug 2025","Apartment",90,"Scss","Completions"
"24505",2025-08-01,"Aug 2025","All",137,"Scss","Completions"
"24505",2025-09-01,"Sep 2025","Single",16,"Scss","Completions"
"24505",2025-09-01,"Sep 2025","Semi-Detached",8,"Scss","Completions"
"24505",2025-09-01,"Sep 2025","Row",0,"Scss","Completions"
"24505",2025-09-01,"Sep 2025","Apartment",68,"Scss","Completions"
"24505",2025-09-01,"Sep 2025","All",92,"Scss","Completions"
"24505",2025-10-01,"Oct 2025","Single",35,"Scss","Completions"
"24505",2025-10-01,"Oct 2025","Semi-Detached",12,"Scss","Completions"
"24505",2025-10-01,"Oct 2025","Row",0,"Scss","Completions"
"24505",2025-10-01,"Oct 2025","Apartment",236,"Scss","Completions"
"24505",2025-10-01,"Oct 2025","All",283,"Scss","Completions"
"24505",2025-11-01,"Nov 2025","Single",45,"Scss","Completions"
"24505",2025-11-01,"Nov 2025","Semi-Detached",10,"Scss","Completions"
"24505",2025-11-01,"Nov 2025","Row",9,"Scss","Completions"
"24505",2025-11-01,"Nov 2025","Apartment",135,"Scss","Completions"
"24505",2025-11-01,"Nov 2025","All",199,"Scss","Completions"
"24505",2025-12-01,"Dec 2025","Single",29,"Scss","Completions"
"24505",2025-12-01,"Dec 2025","Semi-Detached",20,"Scss","Completions"
"24505",2025-12-01,"Dec 2025","Row",12,"Scss","Completions"
"24505",2025-12-01,"Dec 2025","Apartment",227,"Scss","Completions"
"24505",2025-12-01,"Dec 2025","All",288,"Scss","Completions"
"24505",2026-01-01,"Jan 2026","Single",6,"Scss","Completions"
"24505",2026-01-01,"Jan 2026","Semi-Detached",10,"Scss","Completions"
"24505",2026-01-01,"Jan 2026","Row",0,"Scss","Completions"
"24505",2026-01-01,"Jan 2026","Apartment",509,"Scss","Completions"
"24505",2026-01-01,"Jan 2026","All",525,"Scss","Completions"
"24505",2026-02-01,"Feb 2026","Single",11,"Scss","Completions"
"24505",2026-02-01,"Feb 2026","Semi-Detached",0,"Scss","Completions"
"24505",2026-02-01,"Feb 2026","Row",0,"Scss","Completions"
"24505",2026-02-01,"Feb 2026","Apartment",68,"Scss","Completions"
"24505",2026-02-01,"Feb 2026","All",79,"Scss","Completions"
