"Cube Title","Product Id","CANSIM Id",URL,"Cube Notes","Archive Status",Frequency,"Start Reference Period","End Reference Period","Total number of dimensions"
"Single and multiple residential property owners: Demographic data and value of properties owned, inactive","46100038",,"https://www150.statcan.gc.ca/t1/tbl1/en/tv.action?pid=4610003801",1;2;20;21;36,"ARCHIVED -  a cube publicly available but no longer being updated","Occasional","2018-01-01","2022-01-01","5",

"Dimension ID","Dimension name","Dimension Notes","Dimension Definitions"
"1","Geography",2,""
"2","Owner-occupied property type",4,""
"3","Number of residential properties owned",8,""
"4","Sex of property owner",,""
"5","Estimates",21,""

"Dimension ID","Member Name","Classification Code","Member ID","Parent Member ID",Terminated,"Member Notes","Member Definitions"
"1","Cape Breton, Census agglomeration (CA)","[225]","841","1","",,
"1","Kentville, Census agglomeration (CA)","[210]","842","1","",,
"1","New Glasgow, Census agglomeration (CA)","[220]","843","1","",,
"1","Truro, Census agglomeration (CA)","[215]","844","1","",,
"1","Halifax, Census metropolitan area (CMA)","[205]","2","1","",,
"1","Outside of census metropolitan areas (CMAs) and census agglomerations (CAs), Nova Scotia","","4","1","",,
"1","Halifax, Regional municipality","[1209034]","3","2","",,
"1","St. Mary's, Municipal district","[1213001]","61","4","",,
"1","Stewiacke, Town","[1210002]","63","4","",,
"1","Victoria, Subd. A, Subdivision of county municipality","[1218006]","66","4","",,
"1","Victoria, Subd. B, Subdivision of county municipality","[1218001]","67","4","",,
"1","West Hants, Municipal district","[1208001]","68","4","",,
"1","Windsor, Town","[1208002]","70","4","",,
"1","Wolfville, Town","[1207024]","71","4","",,
"1","Yarmouth, Municipal district","[1202004]","72","4","",,
"1","Yarmouth, Town","[1202006]","73","4","",,
"1","Oxford, Town","[1211012]","48","4","",,
"1","Parrsboro, Town","[1211002]","49","4","",,
"1","Pictou, Town","[1212004]","50","4","",,
"1","Pictou, Subd. A, Subdivision of county municipality","[1212001]","51","4","",,
"1","Port Hawkesbury, Town","[1215002]","54","4","",,
"1","Queens, Regional municipality","[1204010]","55","4","",,
"1","Richmond, Subd. A, Subdivision of county municipality","[1216006]","56","4","",,
"1","Richmond, Subd. B, Subdivision of county municipality","[1216011]","57","4","",,
"1","Richmond, Subd. C, Subdivision of county municipality","[1216001]","58","4","",,
"1","Shelburne, Municipal district","[1201006]","59","4","",,
"1","Shelburne, Town","[1201008]","60","4","",,
"1","Annapolis, Subd. D, Subdivision of county municipality","[1205001]","10","4","",,
"1","Antigonish, Town","[1214002]","11","4","",,
"1","Antigonish, Subd. A, Subdivision of county municipality","[1214001]","12","4","",,
"1","Antigonish, Subd. B, Subdivision of county municipality","[1214006]","13","4","",,
"1","Argyle, Municipal district","[1202001]","14","4","",,
"1","Barrington, Municipal district","[1201001]","15","4","",,
"1","Berwick, Town","[1207004]","16","4","",,
"1","Bridgewater, Town","[1206004]","17","4","",,
"1","Chester, Municipal district","[1206009]","19","4","",,
"1","Clare, Municipal district","[1203001]","20","4","",,
"1","Clark's Harbour, Town","[1201004]","21","4","",,
"1","Colchester, Subd. A, Subdivision of county municipality","[1210012]","22","4","",,
"1","Cumberland, Subd. A, Subdivision of county municipality","[1211001]","25","4","",,
"1","Cumberland, Subd. B, Subdivision of county municipality","[1211006]","26","4","",,
"1","Cumberland, Subd. C, Subdivision of county municipality","[1211009]","27","4","",,
"1","Cumberland, Subd. D, Subdivision of county municipality","[1211014]","28","4","",,
"1","Digby, Municipal district","[1203004]","29","4","",,
"1","Digby, Town","[1203006]","30","4","",,
"1","East Hants, Municipal district","[1208008]","31","4","",,
"1","Guysborough, Municipal district","[1213004]","32","4","",,
"1","Inverness, Subd. A, Subdivision of county municipality","[1215011]","33","4","",,
"1","Inverness, Subd. B, Subdivision of county municipality","[1215006]","34","4","",,
"1","Inverness, Subd. C, Subdivision of county municipality","[1215001]","35","4","",,
"1","Kings, Subd. A, Subdivision of county municipality","[1207001]","37","4","",,
"1","Kings, Subd. D, Subdivision of county municipality","[1207021]","40","4","",,
"1","Lockeport, Town","[1201009]","41","4","",,
"1","Lunenburg, Municipal district","[1206001]","42","4","",,
"1","Lunenburg, Town","[1206006]","43","4","",,
"1","Mahone Bay, Town","[1206008]","44","4","",,
"1","Middleton, Town","[1205016]","45","4","",,
"1","Mulgrave, Town","[1213008]","46","4","",,
"1","Amherst, Town","[1211011]","5","4","",,
"1","Annapolis Royal, Town","[1205008]","6","4","",,
"1","Annapolis, Subd. A, Subdivision of county municipality","[1205004]","7","4","",,
"1","Annapolis, Subd. B, Subdivision of county municipality","[1205009]","8","4","",,
"1","Annapolis, Subd. C, Subdivision of county municipality","[1205014]","9","4","",,
"1","Arnprior, Census agglomeration (CA)","[507]","1109","74","",,
"1","Brockville, Census agglomeration (CA)","[512]","1110","74","",,
"1","Carleton Place, Census agglomeration (CA)","[509]","1111","74","",,
"1","Centre Wellington, Census agglomeration (CA)","[531]","1112","74","",,
"1","Chatham-Kent, Census agglomeration (CA)","[556]","1113","74","",,
"1","Cobourg, Census agglomeration (CA)","[527]","1114","74","",,
"1","Collingwood, Census agglomeration (CA)","[567]","1115","74","",,
"1","Cornwall, Census agglomeration (CA)","[501]","1116","74","",,
"1","Elliot Lake, Census agglomeration (CA)","[582]","1117","74","",,
"1","Hawkesbury (Ontario part), Census agglomeration (CA) – provincial part","[35502]","1118","74","",,
"1","Ingersoll, Census agglomeration (CA)","[533]","1119","74","",,
"1","Kawartha Lakes, Census agglomeration (CA)","[530]","1120","74","",,
"1","Kenora, Census agglomeration (CA)","[598]","1121","74","",,
"1","Leamington, Census agglomeration (CA)","[557]","1122","74","",,
"1","Midland, Census agglomeration (CA)","[571]","1123","74","",,
"1","Norfolk, Census agglomeration (CA)","[547]","1124","74","",,
"1","North Bay, Census agglomeration (CA)","[575]","1125","74","",,
"1","Orillia, Census agglomeration (CA)","[569]","1126","74","",,
"1","Owen Sound, Census agglomeration (CA)","[566]","1127","74","",,
"1","Pembroke, Census agglomeration (CA)","[515]","1128","74","",,
"1","Petawawa, Census agglomeration (CA)","[516]","1129","74","",,
"1","Port Hope, Census agglomeration (CA)","[528]","1130","74","",,
"1","Sarnia, Census agglomeration (CA)","[562]","1131","74","",,
"1","Sault Ste. Marie, Census agglomeration (CA)","[590]","1132","74","",,
"1","Stratford, Census agglomeration (CA)","[553]","1133","74","",,
"1","Tillsonburg, Census agglomeration (CA)","[546]","1134","74","",,
"1","Timmins, Census agglomeration (CA)","[586]","1135","74","",,
"1","Wasaga Beach, Census agglomeration (CA)","[565]","1136","74","",,
"1","Woodstock, Census agglomeration (CA)","[544]","1137","74","",,
"1","St. Catharines - Niagara, Census metropolitan area (CMA)","[539]","134","74","",,
"1","Thunder Bay, Census metropolitan area (CMA)","[595]","145","74","",,
"1","Toronto, Census metropolitan area (CMA)","[535]","153","74","",,
"1","Windsor, Census metropolitan area (CMA)","[559]","177","74","",,
"1","Outside of census metropolitan areas (CMAs) and census agglomerations (CAs), Ontario","","183","74","",,
"1","Barrie, Census metropolitan area (CMA)","[568]","75","74","",,
"1","Belleville, Census metropolitan area (CMA)","[522]","79","74","",,
"1","Brantford, Census metropolitan area (CMA)","[543]","84","74","",,
"1","Greater Sudbury, Census metropolitan area (CMA)","[580]","87","74","",,
"1","Guelph, Census metropolitan area (CMA)","[550]","90","74","",,
"1","Hamilton, Census metropolitan area (CMA)","[537]","94","74","",,
"1","Kingston, Census metropolitan area (CMA)","[521]","98","74","",,
"1","Kitchener - Cambridge - Waterloo, Census metropolitan area (CMA)","[541]","103","74","",,
"1","London, Census metropolitan area (CMA)","[555]","110","74","",,
"1","Oshawa, Census metropolitan area (CMA)","[532]","119","74","",,
"1","Ottawa - Gatineau (Ontario part), Census metropolitan area (CMA) – provincial part","[35505]","123","74","",,
"1","Peterborough, Census metropolitan area (CMA)","[529]","128","74","",,
"1","Barrie, City","[3543042]","76","75","",,
"1","Innisfil, Town","[3543017]","77","75","",,
"1","Springwater, Township","[3543009]","78","75","",,
"1","Belleville, City","[3512005]","80","79","",,
"1","Quinte West, City","[3512015]","81","79","",,
"1","Stirling-Rawdon, Township","[3512020]","82","79","",,
"1","Tyendinaga, Township","[3512001]","83","79","",,
"1","Brant, City","[3529005]","85","84","",,
"1","Brantford, City","[3529006]","86","84","",,
"1","Greater Sudbury, City","[3553005]","88","87","",,
"1","Markstay-Warren, Municipality","[3552013]","89","87","",,
"1","Guelph, City","[3523008]","91","90","",,
"1","Guelph/Eramosa, Township","[3523009]","92","90","",,
"1","Puslinch, Township","[3523001]","93","90","",,
"1","Burlington, City","[3524002]","95","94","",,
"1","Grimsby, Town","[3526065]","96","94","",,
"1","Hamilton, City","[3525005]","97","94","",,
"1","Frontenac Islands, Township","[3510005]","99","98","",,
"1","Kingston, City","[3510010]","100","98","",,
"1","Loyalist, Township","[3511005]","101","98","",,
"1","South Frontenac, Township","[3510020]","102","98","",,
"1","Cambridge, City","[3530010]","104","103","",,
"1","Kitchener, City","[3530013]","105","103","",,
"1","North Dumfries, Township","[3530004]","106","103","",,
"1","Waterloo, City","[3530016]","107","103","",,
"1","Wilmot, Township","[3530020]","108","103","",,
"1","Woolwich, Township","[3530035]","109","103","",,
"1","Adelaide-Metcalfe, Township","[3539047]","111","110","",,
"1","Central Elgin, Municipality","[3534020]","112","110","",,
"1","London, City","[3539036]","113","110","",,
"1","Middlesex Centre, Municipality","[3539033]","114","110","",,
"1","Southwold, Township","[3534024]","115","110","",,
"1","St. Thomas, City","[3534021]","116","110","",,
"1","Strathroy-Caradoc, Municipality","[3539015]","117","110","",,
"1","Thames Centre, Municipality","[3539027]","118","110","",,
"1","Clarington, Municipality","[3518017]","120","119","",,
"1","Oshawa, City","[3518013]","121","119","",,
"1","Whitby, Town","[3518009]","122","119","",,
"1","Clarence-Rockland, City","[3502036]","124","123","",,
"1","North Grenville, Municipality","[3507065]","125","123","",,
"1","Ottawa, City","[3506008]","126","123","",,
"1","Russell, Township","[3502048]","127","123","",,
"1","Cavan Monaghan, Township","[3515013]","129","128","",,
"1","Douro-Dummer, Township","[3515023]","130","128","",,
"1","Otonabee-South Monaghan, Township","[3515005]","131","128","",,
"1","Peterborough, City","[3515014]","132","128","",,
"1","Selwyn, Township","[3515015]","133","128","",,
"1","Fort Erie, Town","[3526003]","135","134","",,
"1","Lincoln, Town","[3526057]","136","134","",,
"1","Niagara Falls, City","[3526043]","137","134","",,
"1","Niagara-on-the-Lake, Town","[3526047]","138","134","",,
"1","Pelham, Town","[3526028]","139","134","",,
"1","Port Colborne, City","[3526011]","140","134","",,
"1","St. Catharines, City","[3526053]","141","134","",,
"1","Thorold, City","[3526037]","142","134","",,
"1","Wainfleet, Township","[3526014]","143","134","",,
"1","Welland, City","[3526032]","144","134","",,
"1","Conmee, Township","[3558019]","146","145","",,
"1","Gillies, Township","[3558012]","147","145","",,
"1","Neebing, Municipality","[3558001]","148","145","",,
"1","O'Connor, Township","[3558016]","149","145","",,
"1","Oliver Paipoonge, Municipality","[3558011]","150","145","",,
"1","Shuniah, Municipality","[3558028]","151","145","",,
"1","Thunder Bay, City","[3558004]","152","145","",,
"1","Ajax, Town","[3518005]","154","153","",,
"1","Aurora, Town","[3519046]","155","153","",,
"1","Bradford West Gwillimbury, Town","[3543014]","156","153","",,
"1","Brampton, City","[3521010]","157","153","",,
"1","Caledon, Town","[3521024]","158","153","",,
"1","East Gwillimbury, Town","[3519054]","159","153","",,
"1","Georgina, Town","[3519070]","160","153","",,
"1","Halton Hills, Town","[3524015]","161","153","",,
"1","King, Township","[3519049]","162","153","",,
"1","Markham, City","[3519036]","163","153","",,
"1","Milton, Town","[3524009]","164","153","",,
"1","Mississauga, City","[3521005]","165","153","",,
"1","Mono, Town","[3522012]","166","153","",,
"1","New Tecumseth, Town","[3543007]","167","153","",,
"1","Newmarket, Town","[3519048]","168","153","",,
"1","Oakville, Town","[3524001]","169","153","",,
"1","Orangeville, Town","[3522014]","170","153","",,
"1","Pickering, City","[3518001]","171","153","",,
"1","Richmond Hill, Town","[3519038]","172","153","",,
"1","Toronto, City","[3520005]","173","153","",,
"1","Uxbridge, Township","[3518029]","174","153","",,
"1","Vaughan, City","[3519028]","175","153","",,
"1","Whitchurch-Stouffville, Town","[3519044]","176","153","",,
"1","Amherstburg, Town","[3537028]","178","177","",,
"1","Lakeshore, Town","[3537064]","179","177","",,
"1","LaSalle, Town","[3537034]","180","177","",,
"1","Tecumseh, Town","[3537048]","181","177","",,
"1","Windsor, City","[3537039]","182","177","",,
"1","Leeds and the Thousand Islands, Township","[3507021]","351","183","",,
"1","Limerick, Township","[3512051]","352","183","",,
"1","Lucan Biddulph, Township","[3539060]","353","183","",,
"1","Machar, Township","[3549054]","355","183","",,
"1","Machin, Municipality","[3560021]","356","183","",,
"1","Madawaska Valley, Township","[3547030]","357","183","",,
"1","Madoc, Township","[3512036]","358","183","",,
"1","Magnetawan, Municipality","[3549043]","359","183","",,
"1","Malahide, Township","[3534010]","360","183","",,
"1","Manitoulin, Unorganized, West Part, Unorganized","[3551094]","361","183","",,
"1","Manitouwadge, Township","[3558066]","362","183","",,
"1","Mapleton, Township","[3523033]","363","183","",,
"1","Marathon, Town","[3558059]","364","183","",,
"1","Marmora and Lake, Municipality","[3512046]","365","183","",,
"1","Matachewan, Township","[3554056]","366","183","",,
"1","Mattawa, Town","[3548021]","367","183","",,
"1","Mattawan, Township","[3548019]","368","183","",,
"1","Mattice-Val Côté, Township","[3556077]","369","183","",,
"1","McDougall, Municipality","[3549031]","370","183","",,
"1","McGarry, Township","[3554058]","371","183","",,
"1","McKellar, Township","[3549028]","372","183","",,
"1","McMurrich/Monteith, Township","[3549012]","373","183","",,
"1","Meaford, Municipality","[3542047]","375","183","",,
"1","Melancthon, Township","[3522019]","376","183","",,
"1","Merrickville-Wolford, Village","[3507052]","377","183","",,
"1","Minden Hills, Township","[3546015]","379","183","",,
"1","Minto, Town","[3523043]","380","183","",,
"1","Montague, Township","[3509001]","382","183","",,
"1","Moonbeam, Township","[3556056]","383","183","",,
"1","Moosonee, Town","[3556106]","384","183","",,
"1","Morley, Township","[3559031]","385","183","",,
"1","Morris-Turnberry, Municipality","[3540050]","386","183","",,
"1","Mulmur, Township","[3522016]","387","183","",,
"1","Muskoka Lakes, Township","[3544053]","388","183","",,
"1","Nairn and Hyman, Township","[3552031]","389","183","",,
"1","Newbury, Village","[3539002]","390","183","",,
"1","Nipigon, Township","[3558044]","391","183","",,
"1","North Algona Wilberforce, Township","[3547070]","395","183","",,
"1","North Dundas, Township","[3501030]","397","183","",,
"1","North Frontenac, Township","[3510045]","398","183","",,
"1","North Glengarry, Township","[3501050]","399","183","",,
"1","North Huron, Township","[3540055]","400","183","",,
"1","North Kawartha, Township","[3515037]","401","183","",,
"1","North Middlesex, Municipality","[3539041]","402","183","",,
"1","North Perth, Municipality","[3531040]","403","183","",,
"1","North Stormont, Township","[3501042]","404","183","",,
"1","Northeastern Manitoulin and the Islands, Municipality","[3551017]","405","183","",,
"1","Northern Bruce Peninsula, Municipality","[3541069]","406","183","",,
"1","Norwich, Township","[3532002]","407","183","",,
"1","Oil Springs, Village","[3538018]","408","183","",,
"1","Opasatika, Township","[3556073]","409","183","",,
"1","Oro-Medonte, Township","[3543023]","411","183","",,
"1","Papineau-Cameron, Township","[3548013]","413","183","",,
"1","Parry Sound, Town","[3549032]","414","183","",,
"1","Parry Sound, Unorganized, Centre Part, Unorganized","[3549096]","415","183","",,
"1","Pelee, Township","[3537001]","416","183","",,
"1","Perry, Township","[3549014]","419","183","",,
"1","Perth, Town","[3509021]","420","183","",,
"1","Perth East, Township","[3531030]","421","183","",,
"1","Perth South, Township","[3531013]","422","183","",,
"1","Petrolia, Town","[3538019]","424","183","",,
"1","Pickle Lake, Township","[3560049]","425","183","",,
"1","Plummer Additional, Township","[3557019]","426","183","",,
"1","Prescott, Town","[3507008]","431","183","",,
"1","Prince Edward County, City","[3513020]","433","183","",,
"1","Rainy River, Town","[3559042]","434","183","",,
"1","Rainy River, Unorganized, Unorganized","[3559090]","435","183","",,
"1","Ramara, Township","[3543019]","436","183","",,
"1","Red Lake, Municipality","[3560042]","437","183","",,
"1","Red Rock, Township","[3558041]","438","183","",,
"1","Renfrew, Town","[3547048]","439","183","",,
"1","Rideau Lakes, Township","[3507040]","440","183","",,
"1","Ryerson, Township","[3549024]","441","183","",,
"1","Sables-Spanish Rivers, Township","[3552023]","442","183","",,
"1","Saugeen Shores, Town","[3541045]","444","183","",,
"1","Schreiber, Township","[3558051]","446","183","",,
"1","Scugog, Township","[3518020]","447","183","",,
"1","Seguin, Township","[3549003]","448","183","",,
"1","Severn, Township","[3543015]","449","183","",,
"1","Shelburne, Town","[3522021]","450","183","",,
"1","Sioux Lookout, Municipality","[3560034]","451","183","",,
"1","Sioux Narrows-Nestor Falls, Township","[3560008]","452","183","",,
"1","Smiths Falls, Town","[3509004]","453","183","",,
"1","Smooth Rock Falls, Town","[3556048]","454","183","",,
"1","South Algonquin, Township","[3548001]","455","183","",,
"1","South Bruce, Municipality","[3541004]","456","183","",,
"1","South Bruce Peninsula, Town","[3541055]","457","183","",,
"1","South Dundas, Municipality","[3501020]","458","183","",,
"1","South Glengarry, Township","[3501005]","459","183","",,
"1","South Huron, Municipality","[3540005]","460","183","",,
"1","South River, Village","[3549056]","461","183","",,
"1","Southgate, Township","[3542005]","463","183","",,
"1","Southwest Middlesex, Municipality","[3539005]","464","183","",,
"1","South-West Oxford, Township","[3532012]","465","183","",,
"1","Spanish, Town","[3557039]","466","183","",,
"1","St. Joseph, Township","[3557008]","468","183","",,
"1","St. Marys, Town","[3531016]","469","183","",,
"1","St.-Charles, Municipality","[3552004]","470","183","",,
"1","Stone Mills, Township","[3511030]","471","183","",,
"1","Strong, Township","[3549046]","473","183","",,
"1","Sudbury, Unorganized, North Part, Unorganized","[3552093]","474","183","",,
"1","Sundridge, Village","[3549048]","475","183","",,
"1","Tarbutt and Tarbutt Additional, Township","[3557014]","476","183","",,
"1","Tay Valley, Township","[3509015]","478","183","",,
"1","Tehkummah, Township","[3551001]","479","183","",,
"1","Temagami, Municipality","[3548069]","480","183","",,
"1","Temiskaming Shores, City","[3554020]","481","183","",,
"1","Terrace Bay, Township","[3558054]","482","183","",,
"1","The Archipelago, Township","[3549005]","483","183","",,
"1","The Blue Mountains, Town","[3542045]","484","183","",,
"1","The Nation, Municipality","[3502025]","485","183","",,
"1","The North Shore, Township","[3557040]","486","183","",,
"1","Thessalon, Town","[3557028]","487","183","",,
"1","Thornloe, Village","[3554038]","488","183","",,
"1","Thunder Bay, Unorganized, Unorganized","[3558090]","489","183","",,
"1","Timiskaming, Unorganized, West Part, Unorganized","[3554094]","491","183","",,
"1","Tiny, Township","[3543068]","493","183","",,
"1","Trent Hills, Municipality","[3514045]","494","183","",,
"1","Trent Lakes, Municipality","[3515044]","495","183","",,
"1","Tudor and Cashel, Township","[3512048]","496","183","",,
"1","Tweed, Municipality","[3512030]","497","183","",,
"1","Val Rita-Harty, Township","[3556070]","498","183","",,
"1","Warwick, Township","[3538043]","499","183","",,
"1","Wawa, Municipality","[3557076]","501","183","",,
"1","Wellesley, Township","[3530027]","502","183","",,
"1","Wellington North, Township","[3523050]","503","183","",,
"1","West Elgin, Municipality","[3534042]","504","183","",,
"1","West Grey, Municipality","[3542004]","505","183","",,
"1","West Lincoln, Township","[3526021]","506","183","",,
"1","West Nipissing, Municipality","[3548055]","507","183","",,
"1","West Perth, Municipality","[3531025]","508","183","",,
"1","Westport, Village","[3507033]","509","183","",,
"1","White River, Township","[3557091]","510","183","",,
"1","Whitestone, Municipality","[3549039]","511","183","",,
"1","Whitewater Region, Township","[3547056]","512","183","",,
"1","Wollaston, Township","[3512054]","513","183","",,
"1","Zorra, Township","[3532027]","515","183","",,
"1","Fauquier-Strickland, Township","[3556052]","283","183","",,
"1","Fort Frances, Town","[3559012]","284","183","",,
"1","French River, Municipality","[3552001]","285","183","",,
"1","Front of Yonge, Township","[3507017]","286","183","",,
"1","Gananoque, Town","[3507024]","287","183","",,
"1","Gauthier, Township","[3554066]","288","183","",,
"1","Georgian Bay, Township","[3544065]","289","183","",,
"1","Goderich, Town","[3540028]","291","183","",,
"1","Gordon/Barrie Island, Municipality","[3551027]","292","183","",,
"1","Gore Bay, Town","[3551026]","293","183","",,
"1","Grand Valley, Town","[3522010]","294","183","",,
"1","Gravenhurst, Town","[3544002]","295","183","",,
"1","Greater Madawaska, Township","[3547008]","296","183","",,
"1","Greater Napanee, Town","[3511015]","297","183","",,
"1","Greenstone, Municipality","[3558075]","298","183","",,
"1","Grey Highlands, Municipality","[3542015]","299","183","",,
"1","Haldimand County, City","[3528018]","300","183","",,
"1","Hamilton, Township","[3514019]","301","183","",,
"1","Hanover, Town","[3542029]","302","183","",,
"1","Harley, Township","[3554026]","303","183","",,
"1","Harris, Township","[3554014]","304","183","",,
"1","Hastings Highlands, Municipality","[3512076]","305","183","",,
"1","Havelock-Belmont-Methuen, Township","[3515030]","306","183","",,
"1","Head, Clara and Maria, Township","[3547098]","308","183","",,
"1","Hearst, Town","[3556076]","309","183","",,
"1","Highlands East, Municipality","[3546005]","310","183","",,
"1","Hilliard, Township","[3554034]","311","183","",,
"1","Hilton, Township","[3557004]","312","183","",,
"1","Hilton Beach, Village","[3557006]","313","183","",,
"1","Hornepayne, Township","[3557096]","314","183","",,
"1","Horton, Township","[3547046]","315","183","",,
"1","Howick, Township","[3540046]","316","183","",,
"1","Hudson, Township","[3554021]","317","183","",,
"1","Huntsville, Town","[3544042]","318","183","",,
"1","Huron East, Municipality","[3540040]","319","183","",,
"1","Huron Shores, Municipality","[3557035]","320","183","",,
"1","Huron-Kinloss, Township","[3541015]","321","183","",,
"1","Ignace, Township","[3560001]","322","183","",,
"1","Iroquois Falls, Town","[3556031]","324","183","",,
"1","James, Township","[3554042]","325","183","",,
"1","Jocelyn, Township","[3557001]","326","183","",,
"1","Johnson, Township","[3557016]","327","183","",,
"1","Joly, Township","[3549051]","328","183","",,
"1","Kapuskasing, Town","[3556066]","329","183","",,
"1","Kearney, Town","[3549018]","331","183","",,
"1","Kenora, Unorganized, Unorganized","[3560090]","333","183","",,
"1","Kerns, Township","[3554024]","334","183","",,
"1","Killaloe, Hagarty and Richards, Township","[3547033]","335","183","",,
"1","Killarney, Municipality","[3552036]","336","183","",,
"1","Kincardine, Municipality","[3541024]","337","183","",,
"1","Kirkland Lake, Town","[3554068]","339","183","",,
"1","La Vallee, Township","[3559016]","340","183","",,
"1","Lake of Bays, Township","[3544027]","342","183","",,
"1","Lake of the Woods, Township","[3559047]","343","183","",,
"1","Lambton Shores, Municipality","[3538040]","344","183","",,
"1","Lanark Highlands, Township","[3509039]","345","183","",,
"1","Larder Lake, Township","[3554062]","346","183","",,
"1","Latchford, Town","[3554006]","347","183","",,
"1","Laurentian Hills, Town","[3547090]","348","183","",,
"1","Algoma, Unorganized, South East Part, Unorganized","[3557094]","1138","183","",,
"1","Cochrane, Unorganized, South East Part, Unorganized","[3556098]","1139","183","",,
"1","Cochrane, Unorganized, South West Part, Unorganized","[3556091]","1140","183","",,
"1","Lansdowne House, Indian Settlement","[3560081]","1141","183","",,
"1","McDowell Lake, Indian Settlement","[3560102]","1142","183","",,
"1","Nipissing, Unorganized, South Part, Unorganized","[3548091]","1143","183","",,
"1","Parry Sound, Unorganized, North East Part, Unorganized","[3549095]","1144","183","",,
"1","Peawanuck, Indian Settlement","[3560091]","1145","183","",,
"1","Slate Falls, Indian Settlement","[3560046]","1146","183","",,
"1","Summer Beaver, Indian Settlement","[3560086]","1147","183","",,
"1","Timiskaming, Unorganized, East Part, Unorganized","[3554091]","1148","183","",,
"1","Dutton/Dunwich, Municipality","[3534030]","264","183","",,
"1","Dysart et al, Municipality","[3546024]","265","183","",,
"1","Ear Falls, Township","[3560032]","266","183","",,
"1","East Garafraxa, Township","[3522001]","268","183","",,
"1","East Hawkesbury, Township","[3502001]","269","183","",,
"1","East Zorra-Tavistock, Township","[3532038]","270","183","",,
"1","Edwardsburgh/Cardinal, Township","[3507004]","271","183","",,
"1","Addington Highlands, Township","[3511035]","184","183","",,
"1","Adjala-Tosorontio, Township","[3543003]","185","183","",,
"1","Admaston/Bromley, Township","[3547043]","186","183","",,
"1","Alberton, Township","[3559011]","187","183","",,
"1","Alfred and Plantagenet, Township","[3502023]","188","183","",,
"1","Algoma, Unorganized, North Part, Unorganized","[3557095]","189","183","",,
"1","Algonquin Highlands, Township","[3546018]","190","183","",,
"1","Alnwick/Haldimand, Township","[3514024]","191","183","",,
"1","Amaranth, Township","[3522008]","192","183","",,
"1","Armour, Township","[3549019]","193","183","",,
"1","Armstrong, Township","[3554036]","194","183","",,
"1","Arran-Elderslie, Municipality","[3541043]","196","183","",,
"1","Ashfield-Colborne-Wawanosh, Township","[3540063]","197","183","",,
"1","Asphodel-Norwood, Township","[3515003]","198","183","",,
"1","Assiginack, Township","[3551011]","199","183","",,
"1","Athens, Township","[3507042]","200","183","",,
"1","Atikokan, Town","[3559001]","201","183","",,
"1","Aylmer, Town","[3534011]","203","183","",,
"1","Baldwin, Township","[3552028]","204","183","",,
"1","Bancroft, Town","[3512061]","205","183","",,
"1","Bayham, Municipality","[3534005]","206","183","",,
"1","Billings, Township","[3551021]","208","183","",,
"1","Black River-Matheson, Township","[3556014]","209","183","",,
"1","Blandford-Blenheim, Township","[3532045]","210","183","",,
"1","Blind River, Town","[3557038]","211","183","",,
"1","Bluewater, Municipality","[3540010]","212","183","",,
"1","Bonnechere Valley, Township","[3547035]","214","183","",,
"1","Bracebridge, Town","[3544018]","215","183","",,
"1","Brethour, Township","[3554032]","216","183","",,
"1","Brighton, Municipality","[3514004]","217","183","",,
"1","Brock, Township","[3518039]","218","183","",,
"1","Brockton, Municipality","[3541032]","219","183","",,
"1","Brooke-Alvinston, Municipality","[3538015]","221","183","",,
"1","Bruce Mines, Town","[3557021]","222","183","",,
"1","Brudenell, Lyndoch and Raglan, Township","[3547020]","223","183","",,
"1","Burk's Falls, Village","[3549022]","224","183","",,
"1","Burpee and Mills, Township","[3551028]","225","183","",,
"1","Calvin, Municipality","[3548022]","227","183","",,
"1","Carling, Township","[3549036]","229","183","",,
"1","Carlow/Mayo, Township","[3512065]","230","183","",,
"1","Casey, Township","[3554029]","231","183","",,
"1","Casselman, Village","[3502044]","232","183","",,
"1","Central Frontenac, Township","[3510035]","233","183","",,
"1","Central Huron, Municipality","[3540025]","234","183","",,
"1","Central Manitoulin, Municipality","[3551006]","235","183","",,
"1","Centre Hastings, Municipality","[3512026]","236","183","",,
"1","Chamberlain, Township","[3554054]","238","183","",,
"1","Champlain, Township","[3502010]","239","183","",,
"1","Chapleau, Township","[3552092]","240","183","",,
"1","Chapple, Township","[3559024]","241","183","",,
"1","Charlton and Dack, Municipality","[3554044]","242","183","",,
"1","Chatsworth, Township","[3542037]","244","183","",,
"1","Clearview, Township","[3543005]","246","183","",,
"1","Cobalt, Town","[3554008]","247","183","",,
"1","Cochrane, Town","[3556042]","249","183","",,
"1","Cochrane, Unorganized, North Part, Unorganized","[3556092]","250","183","",,
"1","Cockburn Island, Township","[3551034]","251","183","",,
"1","Coleman, Township","[3554001]","252","183","",,
"1","Cramahe, Township","[3514014]","255","183","",,
"1","Dawn-Euphemia, Township","[3538007]","256","183","",,
"1","Dawson, Township","[3559040]","257","183","",,
"1","Deep River, Town","[3547096]","258","183","",,
"1","Deseronto, Town","[3512002]","259","183","",,
"1","Dorion, Township","[3558034]","260","183","",,
"1","Drummond/North Elmsley, Township","[3509010]","261","183","",,
"1","Dryden, City","[3560027]","262","183","",,
"1","Dubreuilville, Township","[3557079]","263","183","",,
"1","Emo, Township","[3559019]","274","183","",,
"1","Englehart, Town","[3554052]","275","183","",,
"1","Enniskillen, Township","[3538016]","276","183","",,
"1","Erin, Town","[3523017]","277","183","",,
"1","Espanola, Town","[3552026]","278","183","",,
"1","Essa, Township","[3543021]","279","183","",,
"1","Essex, Town","[3537016]","280","183","",,
"1","Evanturel, Township","[3554049]","281","183","",,
"1","Faraday, Township","[3512058]","282","183","",,
"1","Dawson Creek, Census agglomeration (CA)","[975]","1153","516","",,
"1","Duncan, Census agglomeration (CA)","[937]","1154","516","",,
"1","Fort St. John, Census agglomeration (CA)","[977]","1155","516","",,
"1","Kamloops, Census agglomeration (CA)","[925]","1156","516","",,
"1","Nanaimo, Census agglomeration (CA)","[938]","1157","516","",,
"1","Nelson, Census agglomeration (CA)","[907]","1158","516","",,
"1","Parksville, Census agglomeration (CA)","[939]","1159","516","",,
"1","Penticton, Census agglomeration (CA)","[913]","1160","516","",,
"1","Port Alberni, Census agglomeration (CA)","[940]","1161","516","",,
"1","Powell River, Census agglomeration (CA)","[945]","1162","516","",,
"1","Prince George, Census agglomeration (CA)","[970]","1164","516","",,
"1","Prince Rupert, Census agglomeration (CA)","[955]","1165","516","",,
"1","Quesnel, Census agglomeration (CA)","[952]","1166","516","",,
"1","Salmon Arm, Census agglomeration (CA)","[920]","1167","516","",,
"1","Squamish, Census agglomeration (CA)","[934]","1168","516","",,
"1","Terrace, Census agglomeration (CA)","[965]","1169","516","",,
"1","Vernon, Census agglomeration (CA)","[918]","1170","516","",,
"1","Williams Lake, Census agglomeration (CA)","[950]","1171","516","",,
"1","Abbotsford - Mission, Census metropolitan area (CMA)","[932]","517","516","",,
"1","Kelowna, Census metropolitan area (CMA)","[915]","520","516","",,
"1","Vancouver, Census metropolitan area (CMA)","[933]","527","516","",,
"1","Victoria, Census metropolitan area (CMA)","[935]","550","516","",,
"1","Outside of census metropolitan areas (CMAs) and census agglomerations (CAs), British Columbia","","565","516","",,
"1","Campbell River, Census agglomeration (CA)","[944]","1149","516","",,
"1","Chilliwack, Census agglomeration (CA)","[930]","1150","516","",,
"1","Courtenay, Census agglomeration (CA)","[943]","1151","516","",,
"1","Cranbrook, Census agglomeration (CA)","[905]","1152","516","",,
"1","Abbotsford, City","[5909052]","518","517","",,
"1","Mission, District municipality","[5909056]","519","517","",,
"1","Central Okanagan, Regional district electoral area","[5935012]","521","520","",,
"1","Central Okanagan J, Regional district electoral area","[5935020]","522","520","",,
"1","Kelowna, City","[5935010]","523","520","",,
"1","Lake Country, District municipality","[5935016]","524","520","",,
"1","Peachland, District municipality","[5935018]","525","520","",,
"1","West Kelowna, District municipality","[5935029]","526","520","",,
"1","Anmore, Village","[5915038]","528","527","",,
"1","Belcarra, Village","[5915036]","529","527","",,
"1","Bowen Island, Island municipality","[5915062]","530","527","",,
"1","Burnaby, City","[5915025]","531","527","",,
"1","Coquitlam, City","[5915034]","532","527","",,
"1","Delta, District municipality","[5915011]","533","527","",,
"1","Langley, City","[5915002]","534","527","",,
"1","Langley, District municipality","[5915001]","535","527","",,
"1","Lions Bay, Village","[5915065]","536","527","",,
"1","Maple Ridge, City","[5915075]","537","527","",,
"1","Greater Vancouver A, Regional district electoral area","[5915020]","538","527","",,
"1","New Westminster, City","[5915029]","539","527","",,
"1","North Vancouver, City","[5915051]","540","527","",,
"1","North Vancouver, District municipality","[5915046]","541","527","",,
"1","Pitt Meadows, City","[5915070]","542","527","",,
"1","Port Coquitlam, City","[5915039]","543","527","",,
"1","Port Moody, City","[5915043]","544","527","",,
"1","Richmond, City","[5915015]","545","527","",,
"1","Surrey, City","[5915004]","546","527","",,
"1","Vancouver, City","[5915022]","547","527","",,
"1","West Vancouver, District municipality","[5915055]","548","527","",,
"1","White Rock, City","[5915007]","549","527","",,
"1","Central Saanich, District municipality","[5917015]","551","550","",,
"1","Colwood, City","[5917041]","552","550","",,
"1","Esquimalt, District municipality","[5917040]","553","550","",,
"1","Highlands, District municipality","[5917049]","554","550","",,
"1","Juan de Fuca (Part 1), Regional district electoral area","[5917054]","555","550","",,
"1","Langford, City","[5917044]","556","550","",,
"1","Metchosin, District municipality","[5917042]","557","550","",,
"1","North Saanich, District municipality","[5917005]","558","550","",,
"1","Oak Bay, District municipality","[5917030]","559","550","",,
"1","Saanich, District municipality","[5917021]","560","550","",,
"1","Sidney, Town","[5917010]","561","550","",,
"1","Sooke, District municipality","[5917052]","562","550","",,
"1","Victoria, City","[5917034]","563","550","",,
"1","View Royal, Town","[5917047]","564","550","",,
"1","Good Hope Lake, Indian Settlement","[5957804]","1172","565","",,
"1","Ingenika Point, Indian Settlement","[5955812]","1173","565","",,
"1","Lower Post, Indian Settlement","[5957813]","1174","565","",,
"1","Nisga'a, Nisga'a land","[5949035]","1175","565","",,
"1","Sechelt (Part), Indian government district","[5929803]","1176","565","",,
"1","Alberni-Clayoquot A, Regional district electoral area","[5923047]","566","565","",,
"1","Alberni-Clayoquot C, Regional district electoral area","[5923049]","568","565","",,
"1","Alert Bay, Village","[5943008]","572","565","",,
"1","Armstrong, City","[5937028]","573","565","",,
"1","Ashcroft, Village","[5933019]","574","565","",,
"1","Barriere, District municipality","[5933074]","575","565","",,
"1","Bulkley-Nechako A, Regional district electoral area","[5951051]","576","565","",,
"1","Bulkley-Nechako B, Regional district electoral area","[5951028]","577","565","",,
"1","Bulkley-Nechako C, Regional district electoral area","[5951015]","578","565","",,
"1","Bulkley-Nechako D, Regional district electoral area","[5951017]","579","565","",,
"1","Bulkley-Nechako E, Regional district electoral area","[5951031]","580","565","",,
"1","Bulkley-Nechako F, Regional district electoral area","[5951019]","581","565","",,
"1","Bulkley-Nechako G, Regional district electoral area","[5951053]","582","565","",,
"1","Burns Lake, Village","[5951022]","583","565","",,
"1","Cache Creek, Village","[5933024]","584","565","",,
"1","Canal Flats, Village","[5901043]","586","565","",,
"1","Cariboo F, Regional district electoral area","[5941014]","592","565","",,
"1","Cariboo G, Regional district electoral area","[5941015]","593","565","",,
"1","Cariboo H, Regional district electoral area","[5941016]","594","565","",,
"1","Cariboo J, Regional district electoral area","[5941039]","596","565","",,
"1","Cariboo K, Regional district electoral area","[5941041]","597","565","",,
"1","Cariboo L, Regional district electoral area","[5941017]","598","565","",,
"1","Castlegar, City","[5903045]","599","565","",,
"1","Central Coast A, Regional district electoral area","[5945006]","600","565","",,
"1","Central Coast C, Regional district electoral area","[5945010]","601","565","",,
"1","Central Coast D, Regional district electoral area","[5945012]","602","565","",,
"1","Central Coast E, Regional district electoral area","[5945014]","603","565","",,
"1","Central Kootenay A, Regional district electoral area","[5903010]","604","565","",,
"1","Central Kootenay B, Regional district electoral area","[5903013]","605","565","",,
"1","Central Kootenay C, Regional district electoral area","[5903017]","606","565","",,
"1","Central Kootenay D, Regional district electoral area","[5903039]","607","565","",,
"1","Central Kootenay G, Regional district electoral area","[5903047]","610","565","",,
"1","Central Kootenay H, Regional district electoral area","[5903052]","611","565","",,
"1","Central Kootenay I, Regional district electoral area","[5903056]","612","565","",,
"1","Central Kootenay J, Regional district electoral area","[5903058]","613","565","",,
"1","Central Kootenay K, Regional district electoral area","[5903060]","614","565","",,
"1","Chetwynd, District municipality","[5955010]","616","565","",,
"1","Clearwater, District municipality","[5933067]","618","565","",,
"1","Clinton, Village","[5933028]","619","565","",,
"1","Columbia-Shuswap A, Regional district electoral area","[5939011]","621","565","",,
"1","Columbia-Shuswap B, Regional district electoral area","[5939023]","622","565","",,
"1","Columbia-Shuswap C, Regional district electoral area","[5939037]","623","565","",,
"1","Columbia-Shuswap D, Regional district electoral area","[5939039]","624","565","",,
"1","Columbia-Shuswap E, Regional district electoral area","[5939043]","625","565","",,
"1","Columbia-Shuswap F, Regional district electoral area","[5939044]","626","565","",,
"1","Comox Valley C (Puntledge - Black Creek), Regional district electoral area","[5926024]","630","565","",,
"1","Cowichan Valley A, Regional district electoral area","[5919043]","632","565","",,
"1","Cowichan Valley B, Regional district electoral area","[5919046]","633","565","",,
"1","Cowichan Valley C, Regional district electoral area","[5919049]","634","565","",,
"1","Cowichan Valley F, Regional district electoral area","[5919033]","637","565","",,
"1","Cowichan Valley G, Regional district electoral area","[5919015]","638","565","",,
"1","Cowichan Valley H, Regional district electoral area","[5919017]","639","565","",,
"1","Cowichan Valley I, Regional district electoral area","[5919035]","640","565","",,
"1","Creston, Town","[5903004]","642","565","",,
"1","Cumberland, Village","[5926014]","643","565","",,
"1","East Kootenay A, Regional district electoral area","[5901017]","646","565","",,
"1","East Kootenay B, Regional district electoral area","[5901019]","647","565","",,
"1","East Kootenay E, Regional district electoral area","[5901037]","649","565","",,
"1","East Kootenay F, Regional district electoral area","[5901046]","650","565","",,
"1","East Kootenay G, Regional district electoral area","[5901048]","651","565","",,
"1","Elkford, District municipality","[5901003]","652","565","",,
"1","Enderby, City","[5937033]","653","565","",,
"1","Fernie, City","[5901012]","654","565","",,
"1","Fort St. James, District municipality","[5951013]","655","565","",,
"1","Fraser Lake, Village","[5951009]","657","565","",,
"1","Fraser Valley A, Regional district electoral area","[5909014]","658","565","",,
"1","Fraser Valley B, Regional district electoral area","[5909016]","659","565","",,
"1","Fraser Valley C, Regional district electoral area","[5909048]","660","565","",,
"1","Fraser Valley F, Regional district electoral area","[5909060]","663","565","",,
"1","Fraser Valley G, Regional district electoral area","[5909062]","664","565","",,
"1","Fraser-Fort George E, Regional district electoral area","[5953046]","669","565","",,
"1","Fraser-Fort George G, Regional district electoral area","[5953050]","671","565","",,
"1","Fraser-Fort George H, Regional district electoral area","[5953019]","672","565","",,
"1","Fruitvale, Village","[5905005]","673","565","",,
"1","Gibsons, Town","[5929005]","674","565","",,
"1","Gold River, Village","[5924025]","675","565","",,
"1","Golden, Town","[5939007]","676","565","",,
"1","Grand Forks, City","[5905032]","677","565","",,
"1","Granisle, Village","[5951032]","678","565","",,
"1","Greenwood, City","[5905042]","679","565","",,
"1","Hazelton, Village","[5949022]","681","565","",,
"1","Hope, District municipality","[5909009]","682","565","",,
"1","Houston, District municipality","[5951034]","683","565","",,
"1","Hudson's Hope, District municipality","[5955025]","684","565","",,
"1","Invermere, District municipality","[5901039]","685","565","",,
"1","Juan de Fuca (Part 2), Regional district electoral area","[5917056]","686","565","",,
"1","Kaslo, Village","[5903023]","688","565","",,
"1","Keremeos, Village","[5907009]","690","565","",,
"1","Kimberley, City","[5901028]","691","565","",,
"1","Kitimat, District municipality","[5949005]","692","565","",,
"1","Kitimat-Stikine A, Regional district electoral area","[5949039]","693","565","",,
"1","Kitimat-Stikine B, Regional district electoral area","[5949028]","694","565","",,
"1","Kitimat-Stikine C (Part 1), Regional district electoral area","[5949013]","695","565","",,
"1","Kitimat-Stikine C (Part 2), Regional district electoral area","[5949020]","696","565","",,
"1","Kitimat-Stikine D, Regional district electoral area","[5949041]","697","565","",,
"1","Kitimat-Stikine F, Regional district electoral area","[5949038]","699","565","",,
"1","Kootenay Boundary A, Regional district electoral area","[5905026]","700","565","",,
"1","Kootenay Boundary B / Lower Columbia-Old-Glory, Regional district electoral area","[5905030]","701","565","",,
"1","Kootenay Boundary C / Christina Lake, Regional district electoral area","[5905050]","702","565","",,
"1","Kootenay Boundary D / Rural Grand Forks, Regional district electoral area","[5905052]","703","565","",,
"1","Kootenay Boundary E / West Boundary, Regional district electoral area","[5905054]","704","565","",,
"1","Ladysmith, Town","[5919021]","705","565","",,
"1","Lake Cowichan, Town","[5919016]","706","565","",,
"1","Lillooet, District municipality","[5931026]","708","565","",,
"1","Lumby, Village","[5937005]","710","565","",,
"1","Lytton, Village","[5933015]","711","565","",,
"1","Mackenzie, District municipality","[5953033]","712","565","",,
"1","Masset, Village","[5947023]","713","565","",,
"1","McBride, Village","[5953012]","714","565","",,
"1","Merritt, City","[5933006]","715","565","",,
"1","Midway, Village","[5905037]","716","565","",,
"1","Montrose, Village","[5905009]","717","565","",,
"1","Mount Waddington A, Regional district electoral area","[5943037]","718","565","",,
"1","Mount Waddington B, Regional district electoral area","[5943027]","719","565","",,
"1","Mount Waddington C, Regional district electoral area","[5943031]","720","565","",,
"1","Mount Waddington D, Regional district electoral area","[5943033]","721","565","",,
"1","Nakusp, Village","[5903050]","722","565","",,
"1","Nanaimo B, Regional district electoral area","[5921014]","725","565","",,
"1","Nanaimo E, Regional district electoral area","[5921030]","727","565","",,
"1","Nanaimo F, Regional district electoral area","[5921032]","728","565","",,
"1","Nanaimo H, Regional district electoral area","[5921036]","730","565","",,
"1","New Denver, Village","[5903032]","732","565","",,
"1","New Hazelton, District municipality","[5949024]","733","565","",,
"1","Skeena-Queen Charlotte A, Regional district electoral area","[5947016]","734","565","",,
"1","Skeena-Queen Charlotte C, Regional district electoral area","[5947021]","735","565","",,
"1","Skeena-Queen Charlotte D, Regional district electoral area","[5947027]","736","565","",,
"1","Skeena-Queen Charlotte E, Regional district electoral area","[5947032]","737","565","",,
"1","North Okanagan D, Regional district electoral area","[5937022]","741","565","",,
"1","North Okanagan E, Regional district electoral area","[5937023]","742","565","",,
"1","North Okanagan F, Regional district electoral area","[5937041]","743","565","",,
"1","Northern Rockies, Regional municipality","[5959007]","744","565","",,
"1","Okanagan-Similkameen A, Regional district electoral area","[5907022]","745","565","",,
"1","Okanagan-Similkameen B, Regional district electoral area","[5907026]","746","565","",,
"1","Okanagan-Similkameen C, Regional district electoral area","[5907028]","747","565","",,
"1","Okanagan-Similkameen E, Regional district electoral area","[5907049]","749","565","",,
"1","Okanagan-Similkameen G, Regional district electoral area","[5907053]","751","565","",,
"1","Okanagan-Similkameen H, Regional district electoral area","[5907055]","752","565","",,
"1","Oliver, Town","[5907014]","753","565","",,
"1","One Hundred Mile House, District municipality","[5941005]","754","565","",,
"1","Osoyoos, Town","[5907005]","755","565","",,
"1","Peace River B, Regional district electoral area","[5955040]","757","565","",,
"1","Peace River D, Regional district electoral area","[5955021]","759","565","",,
"1","Peace River E, Regional district electoral area","[5955023]","760","565","",,
"1","Pemberton, Village","[5931012]","761","565","",,
"1","Port Alice, Village","[5943017]","764","565","",,
"1","Port Clements, Village","[5947030]","765","565","",,
"1","Port Hardy, District municipality","[5943023]","767","565","",,
"1","Port McNeill, Town","[5943012]","768","565","",,
"1","Pouce Coupe, Village","[5955005]","769","565","",,
"1","Powell River A, Regional district electoral area","[5927010]","771","565","",,
"1","Powell River D, Regional district electoral area","[5927018]","774","565","",,
"1","Powell River E, Regional district electoral area","[5927020]","775","565","",,
"1","Princeton, Town","[5907024]","778","565","",,
"1","Queen Charlotte, Village","[5947026]","780","565","",,
"1","Radium Hot Springs, Village","[5901040]","782","565","",,
"1","Revelstoke, City","[5939019]","783","565","",,
"1","Rossland, City","[5905023]","784","565","",,
"1","Salmo, Village","[5903011]","785","565","",,
"1","Saltspring Island, Regional district electoral area","[5917027]","787","565","",,
"1","Sayward, Village","[5924039]","788","565","",,
"1","Sechelt, District municipality","[5929011]","789","565","",,
"1","Sicamous, District municipality","[5939045]","790","565","",,
"1","Silverton, Village","[5903027]","791","565","",,
"1","Slocan, Village","[5903019]","792","565","",,
"1","Smithers, Town","[5951043]","793","565","",,
"1","Southern Gulf Islands, Regional district electoral area","[5917029]","794","565","",,
"1","Spallumcheen, District municipality","[5937024]","795","565","",,
"1","Sparwood, District municipality","[5901006]","796","565","",,
"1","Squamish-Lillooet A, Regional district electoral area","[5931032]","798","565","",,
"1","Squamish-Lillooet B, Regional district electoral area","[5931034]","799","565","",,
"1","Squamish-Lillooet C, Regional district electoral area","[5931017]","800","565","",,
"1","Squamish-Lillooet D, Regional district electoral area","[5931021]","801","565","",,
"1","Stewart, District municipality","[5949032]","802","565","",,
"1","Stikine Region, Regional district electoral area","[5957022]","803","565","",,
"1","Strathcona A, Regional district electoral area","[5924048]","804","565","",,
"1","Strathcona B, Regional district electoral area","[5924052]","805","565","",,
"1","Strathcona C, Regional district electoral area","[5924054]","806","565","",,
"1","Summerland, District municipality","[5907035]","808","565","",,
"1","Sunshine Coast A, Regional district electoral area","[5929018]","810","565","",,
"1","Sunshine Coast B, Regional district electoral area","[5929022]","811","565","",,
"1","Sunshine Coast D, Regional district electoral area","[5929024]","812","565","",,
"1","Sunshine Coast E, Regional district electoral area","[5929026]","813","565","",,
"1","Sunshine Coast F, Regional district electoral area","[5929028]","814","565","",,
"1","Tahsis, Village","[5924030]","815","565","",,
"1","Telkwa, Village","[5951038]","817","565","",,
"1","Thompson-Nicola A (Wells Gray Country), Regional district electoral area","[5933068]","819","565","",,
"1","Thompson-Nicola B (Thompson Headwaters), Regional district electoral area","[5933070]","820","565","",,
"1","Thompson-Nicola E (Bonaparte Plateau), Regional district electoral area","[5933032]","821","565","",,
"1","Thompson-Nicola I (Blue Sky Country), Regional district electoral area","[5933037]","822","565","",,
"1","Thompson-Nicola L (Grasslands), Regional district electoral area","[5933060]","824","565","",,
"1","Thompson-Nicola M (Beautiful Nicola Valley - North), Regional district electoral area","[5933008]","825","565","",,
"1","Thompson-Nicola N (Beautiful Nicola Valley - South), Regional district electoral area","[5933012]","826","565","",,
"1","Thompson-Nicola O (Lower North Thompson), Regional district electoral area","[5933072]","827","565","",,
"1","Tofino, District municipality","[5923025]","829","565","",,
"1","Trail, City","[5905014]","830","565","",,
"1","Tumbler Ridge, District municipality","[5955003]","831","565","",,
"1","Ucluelet, District municipality","[5923019]","832","565","",,
"1","Valemount, Village","[5953007]","833","565","",,
"1","Vanderhoof, District municipality","[5951007]","834","565","",,
"1","Warfield, Village","[5905018]","836","565","",,
"1","Whistler, District municipality","[5931020]","838","565","",,
"1","Zeballos, Village","[5924029]","840","565","",,
"1","Cape Breton, Regional municipality","[1217030]","18","841","",,
"1","Kentville, Town","[1207012]","36","842","",,
"1","Kings, Subd. B, Subdivision of county municipality","[1207016]","38","842","",,
"1","Kings, Subd. C, Subdivision of county municipality","[1207011]","39","842","",,
"1","Stellarton, Town","[1212009]","62","843","",,
"1","Trenton, Town","[1212016]","64","843","",,
"1","Westville, Town","[1212008]","69","843","",,
"1","Pictou, Subd. B, Subdivision of county municipality","[1212006]","52","843","",,
"1","Pictou, Subd. C, Subdivision of county municipality","[1212011]","53","843","",,
"1","New Glasgow, Town","[1212014]","47","843","",,
"1","Truro, Town","[1210006]","65","844","",,
"1","Colchester, Subd. B, Subdivision of county municipality","[1210008]","23","844","",,
"1","Colchester, Subd. C, Subdivision of county municipality","[1210001]","24","844","",,
"1","Bathurst, Census agglomeration (CA)","[328]","846","845","",,
"1","Campbellton (New Brunswick part), Census agglomeration (CA) – provincial part","[13330]","854","845","",,
"1","Edmundston, Census agglomeration (CA)","[335]","860","845","",,
"1","Fredericton, Census agglomeration (CA)","[320]","871","845","",,
"1","Miramichi, Census agglomeration (CA)","[329]","887","845","",,
"1","Moncton, Census metropolitan area (CMA)","[305]","896","845","",,
"1","Saint John, Census metropolitan area (CMA)","[310]","911","845","",,
"1","Outside of census metropolitan areas (CMAs) and census agglomerations (CAs), New Brunswick","","930","845","",,
"1","Bathurst, City","[1315011]","847","846","",,
"1","Bathurst, Parish","[1315008]","848","846","",,
"1","Beresford, Parish","[1315012]","849","846","",,
"1","Beresford, Town","[1315015]","850","846","",,
"1","Nigadoo, Village","[1315037]","851","846","",,
"1","Petit-Rocher, Village","[1315014]","852","846","",,
"1","Pointe-Verte, Village","[1315013]","853","846","",,
"1","Addington, Parish","[1314012]","855","854","",,
"1","Atholville, Village","[1314013]","856","854","",,
"1","Campbellton, City","[1314014]","857","854","",,
"1","Dalhousie, Parish","[1314008]","858","854","",,
"1","Tide Head, Village","[1314015]","859","854","",,
"1","Baker Brook, Parish","[1313034]","861","860","",,
"1","Baker-Brook, Village","[1313035]","862","860","",,
"1","Edmundston, City","[1313027]","863","860","",,
"1","Rivière-Verte, Parish","[1313015]","864","860","",,
"1","Rivière-Verte, Village","[1313014]","865","860","",,
"1","Saint-Basile, Parish","[1313018]","866","860","",,
"1","Saint-Hilaire, Parish","[1313032]","867","860","",,
"1","Saint-Jacques, Parish","[1313024]","868","860","",,
"1","Saint-Joseph, Parish","[1313022]","869","860","",,
"1","St. Hilaire, Village","[1313033]","870","860","",,
"1","Bright, Parish","[1310026]","872","871","",,
"1","Douglas, Parish","[1310028]","873","871","",,
"1","Fredericton, City","[1310032]","874","871","",,
"1","Gladstone, Parish","[1303004]","875","871","",,
"1","Hanwell, Rural community","[1310017]","876","871","",,
"1","Harvey, Village","[1310005]","877","871","",,
"1","Kingsclear, Parish","[1310018]","878","871","",,
"1","Lincoln, Parish","[1303008]","879","871","",,
"1","Manners Sutton, Parish","[1310004]","880","871","",,
"1","Maugerville, Parish","[1303016]","881","871","",,
"1","New Maryland, Parish","[1310001]","882","871","",,
"1","New Maryland, Village","[1310002]","883","871","",,
"1","Queensbury, Parish","[1310021]","884","871","",,
"1","Saint Marys, Parish","[1310031]","885","871","",,
"1","Tracy, Village","[1303005]","886","871","",,
"1","Chatham, Parish","[1309006]","888","887","",,
"1","Derby, Parish","[1309011]","889","887","",,
"1","Glenelg, Parish","[1309004]","890","887","",,
"1","Miramichi, City","[1309050]","891","887","",,
"1","Nelson, Parish","[1309014]","892","887","",,
"1","Newcastle, Parish","[1309031]","893","887","",,
"1","Northesk, Parish","[1309028]","894","887","",,
"1","Southesk, Parish","[1309026]","895","887","",,
"1","Coverdale, Parish","[1306014]","897","896","",,
"1","Dieppe, City","[1307045]","898","896","",,
"1","Dorchester, Parish","[1307011]","899","896","",,
"1","Dorchester, Village","[1307012]","900","896","",,
"1","Elgin, Parish","[1306008]","901","896","",,
"1","Hillsborough, Parish","[1306011]","902","896","",,
"1","Hillsborough, Village","[1306025]","903","896","",,
"1","Hopewell, Parish","[1306001]","904","896","",,
"1","Memramcook, Village","[1307013]","905","896","",,
"1","Moncton, City","[1307022]","906","896","",,
"1","Moncton, Parish","[1307019]","907","896","",,
"1","Riverview, Town","[1306020]","908","896","",,
"1","Saint-Paul, Parish","[1308008]","909","896","",,
"1","Salisbury, Village","[1307028]","910","896","",,
"1","Grand Bay-Westfield, Town","[1305015]","912","911","",,
"1","Greenwich, Parish","[1305038]","913","911","",,
"1","Hampton, Parish","[1305006]","914","911","",,
"1","Hampton, Town","[1305007]","915","911","",,
"1","Kingston, Parish","[1305014]","916","911","",,
"1","Lepreau, Parish","[1302008]","917","911","",,
"1","Musquash, Parish","[1301016]","918","911","",,
"1","Norton, Parish","[1305016]","919","911","",,
"1","Petersville, Parish","[1304001]","920","911","",,
"1","Quispamsis, Town","[1305057]","921","911","",,
"1","Rothesay, Parish","[1305008]","922","911","",,
"1","Rothesay, Town","[1305045]","923","911","",,
"1","Saint John, City","[1301006]","924","911","",,
"1","Saint Martins, Parish","[1301001]","925","911","",,
"1","Simonds, Parish","[1301004]","926","911","",,
"1","St. Martins, Village","[1301002]","927","911","",,
"1","Upham, Parish","[1305004]","928","911","",,
"1","Westfield, Parish","[1305011]","929","911","",,
"1","Aberdeen, Parish","[1311026]","931","930","",,
"1","Acadieville, Parish","[1308024]","932","930","",,
"1","Allardville, Parish","[1315006]","933","930","",,
"1","Alma, Parish","[1306007]","934","930","",,
"1","Alma, Village","[1306006]","935","930","",,
"1","Alnwick, Parish","[1309036]","936","930","",,
"1","Andover, Parish","[1312001]","937","930","",,
"1","Aroostook, Village","[1312002]","938","930","",,
"1","Balmoral, Parish","[1314005]","939","930","",,
"1","Balmoral, Village","[1314006]","940","930","",,
"1","Bas-Caraquet, Village","[1315027]","941","930","",,
"1","Bath, Village","[1311030]","942","930","",,
"1","Beaubassin East, Rural community","[1307005]","943","930","",,
"1","Belledune, Village","[1314025]","944","930","",,
"1","Bertrand, Village","[1315036]","945","930","",,
"1","Blacks Harbour, Village","[1302012]","946","930","",,
"1","Blackville, Parish","[1309018]","947","930","",,
"1","Blackville, Village","[1309019]","948","930","",,
"1","Blissfield, Parish","[1309021]","949","930","",,
"1","Blissville, Parish","[1303001]","950","930","",,
"1","Botsford, Parish","[1307004]","951","930","",,
"1","Bouctouche, Town","[1308005]","952","930","",,
"1","Brighton, Parish","[1311011]","953","930","",,
"1","Brunswick, Parish","[1304016]","954","930","",,
"1","Burton, Parish","[1303011]","955","930","",,
"1","Cambridge, Parish","[1304011]","956","930","",,
"1","Cambridge-Narrows, Village","[1304013]","957","930","",,
"1","Campobello Island, Rural community","[1302004]","958","930","",,
"1","Canning, Parish","[1304021]","959","930","",,
"1","Canterbury, Parish","[1310011]","960","930","",,
"1","Canterbury, Village","[1310012]","961","930","",,
"1","Cap-Pelé, Village","[1307007]","962","930","",,
"1","Caraquet, Parish","[1315026]","963","930","",,
"1","Caraquet, Town","[1315028]","964","930","",,
"1","Cardwell, Parish","[1305026]","965","930","",,
"1","Carleton, Parish","[1308026]","966","930","",,
"1","Centreville, Village","[1311019]","967","930","",,
"1","Charlo, Village","[1314004]","968","930","",,
"1","Chipman, Parish","[1304024]","969","930","",,
"1","Chipman, Village","[1304025]","970","930","",,
"1","Clair, Parish","[1313038]","971","930","",,
"1","Clair, Village","[1313039]","972","930","",,
"1","Clarendon, Parish","[1302014]","973","930","",,
"1","Cocagne, Rural community","[1308002]","974","930","",,
"1","Colborne, Parish","[1314003]","975","930","",,
"1","Dalhousie, Town","[1314017]","976","930","",,
"1","Denmark, Parish","[1312014]","977","930","",,
"1","Doaktown, Village","[1309022]","978","930","",,
"1","Drummond, Parish","[1312021]","979","930","",,
"1","Drummond, Village","[1312023]","980","930","",,
"1","Dufferin, Parish","[1302031]","981","930","",,
"1","Dumbarton, Parish","[1302044]","982","930","",,
"1","Dumfries, Parish","[1310014]","983","930","",,
"1","Dundas, Parish","[1308001]","984","930","",,
"1","Durham, Parish","[1314001]","985","930","",,
"1","Eel River Crossing, Village","[1314011]","986","930","",,
"1","Eldon, Parish","[1314016]","987","930","",,
"1","Florenceville-Bristol, Town","[1311027]","988","930","",,
"1","Fredericton Junction, Village","[1303006]","989","930","",,
"1","Gagetown, Parish","[1304004]","990","930","",,
"1","Gagetown, Village","[1304005]","991","930","",,
"1","Gordon, Parish","[1312008]","992","930","",,
"1","Grand Falls, Parish","[1312016]","993","930","",,
"1","Grand Falls, Town","[1312019]","994","930","",,
"1","Grand Manan, Parish","[1302001]","995","930","",,
"1","Grand Manan, Village","[1302052]","996","930","",,
"1","Grande-Anse, Village","[1315038]","997","930","",,
"1","Hammond, Parish","[1305001]","998","930","",,
"1","Hampstead, Parish","[1304006]","999","930","",,
"1","Harcourt, Parish","[1308010]","1000","930","",,
"1","Hardwicke, Parish","[1309001]","1001","930","",,
"1","Hartland, Town","[1311012]","1002","930","",,
"1","Harvey, Parish","[1306004]","1003","930","",,
"1","Havelock, Parish","[1305028]","1004","930","",,
"1","Huskisson, Parish","[1308012]","1005","930","",,
"1","Inkerman, Parish","[1315024]","1006","930","",,
"1","Johnston, Parish","[1304014]","1007","930","",,
"1","Kars, Parish","[1305036]","1008","930","",,
"1","Kedgwick, Rural community","[1314020]","1009","930","",,
"1","Kent, Parish","[1311028]","1010","930","",,
"1","Lac Baker, Village","[1313037]","1011","930","",,
"1","Lac-Baker, Parish","[1313036]","1012","930","",,
"1","Lamèque, Town","[1315032]","1013","930","",,
"1","Le Goulet, Village","[1315030]","1014","930","",,
"1","Lorne, Parish","[1312011]","1015","930","",,
"1","Madawaska, Parish","[1313028]","1016","930","",,
"1","Maisonnette, Village","[1315040]","1017","930","",,
"1","McAdam, Parish","[1310007]","1018","930","",,
"1","McAdam, Village","[1310006]","1019","930","",,
"1","Meductic, Village","[1310013]","1020","930","",,
"1","Millville, Village","[1310025]","1021","930","",,
"1","Minto, Village","[1304022]","1022","930","",,
"1","Nackawic, Town","[1310054]","1023","930","",,
"1","Neguac, Village","[1309038]","1024","930","",,
"1","New Bandon, Parish","[1315016]","1025","930","",,
"1","North Lake, Parish","[1310008]","1026","930","",,
"1","Northampton, Parish","[1311008]","1027","930","",,
"1","Northfield, Parish","[1303018]","1028","930","",,
"1","Norton, Village","[1305018]","1029","930","",,
"1","Notre-Dame-de-Lourdes, Parish","[1313008]","1030","930","",,
"1","Oromocto, Town","[1303012]","1031","930","",,
"1","Paquetville, Parish","[1315019]","1032","930","",,
"1","Paquetville, Village","[1315020]","1033","930","",,
"1","Peel, Parish","[1311024]","1034","930","",,
"1","Pennfield, Parish","[1302011]","1035","930","",,
"1","Perth, Parish","[1312004]","1036","930","",,
"1","Perth-Andover, Village","[1312006]","1037","930","",,
"1","Petitcodiac, Village","[1307029]","1038","930","",,
"1","Plaster Rock, Village","[1312009]","1039","930","",,
"1","Port Elgin, Village","[1307002]","1040","930","",,
"1","Prince William, Parish","[1310016]","1041","930","",,
"1","Rexton, Village","[1308017]","1042","930","",,
"1","Richibucto, Parish","[1308016]","1043","930","",,
"1","Richibucto, Town","[1308018]","1044","930","",,
"1","Richmond, Parish","[1311001]","1045","930","",,
"1","Riverside-Albert, Village","[1306003]","1046","930","",,
"1","Rogersville, Parish","[1309016]","1047","930","",,
"1","Rogersville, Village","[1309017]","1048","930","",,
"1","Sackville, Parish","[1307008]","1049","930","",,
"1","Sackville, Town","[1307009]","1050","930","",,
"1","Saint Andrews, Parish","[1302024]","1051","930","",,
"1","Saint Andrews, Town","[1302026]","1052","930","",,
"1","Saint Croix, Parish","[1302028]","1053","930","",,
"1","Saint David, Parish","[1302042]","1054","930","",,
"1","Saint George, Parish","[1302016]","1055","930","",,
"1","Saint James, Parish","[1302039]","1056","930","",,
"1","Saint Mary, Parish","[1308006]","1057","930","",,
"1","Saint Patrick, Parish","[1302021]","1058","930","",,
"1","Saint Stephen, Parish","[1302034]","1059","930","",,
"1","Saint-André, Parish","[1313001]","1060","930","",,
"1","Saint-André, Rural community","[1313002]","1061","930","",,
"1","Saint-Antoine, Village","[1308007]","1062","930","",,
"1","Saint-Charles, Parish","[1308019]","1063","930","",,
"1","Saint-François de Madawaska, Village","[1313042]","1064","930","",,
"1","Saint-François, Parish","[1313041]","1065","930","",,
"1","Saint-Isidore, Parish","[1315021]","1066","930","",,
"1","Saint-Isidore, Village","[1315022]","1067","930","",,
"1","Saint-Louis de Kent, Village","[1308022]","1068","930","",,
"1","Saint-Louis, Parish","[1308021]","1069","930","",,
"1","Saint-Léolin, Village","[1315017]","1070","930","",,
"1","Saint-Léonard, Parish","[1313004]","1071","930","",,
"1","Saint-Léonard, Town","[1313006]","1072","930","",,
"1","Saint-Quentin, Parish","[1314021]","1073","930","",,
"1","Saint-Quentin, Town","[1314022]","1074","930","",,
"1","Sainte-Anne, Parish","[1313011]","1075","930","",,
"1","Sainte-Anne-de-Madawaska, Village","[1313012]","1076","930","",,
"1","Sainte-Marie-Saint-Raphaël, Village","[1315033]","1077","930","",,
"1","Salisbury, Parish","[1307024]","1078","930","",,
"1","Shediac, Parish","[1307016]","1079","930","",,
"1","Shediac, Town","[1307052]","1080","930","",,
"1","Sheffield, Parish","[1303014]","1081","930","",,
"1","Shippagan, Parish","[1315029]","1082","930","",,
"1","Shippagan, Town","[1315031]","1083","930","",,
"1","Simonds, Parish","[1311021]","1084","930","",,
"1","Southampton, Parish","[1310024]","1085","930","",,
"1","Springfield, Parish","[1305034]","1086","930","",,
"1","St. George, Town","[1302018]","1087","930","",,
"1","St. Stephen, Town","[1302037]","1088","930","",,
"1","Stanley, Parish","[1310036]","1089","930","",,
"1","Stanley, Village","[1310037]","1090","930","",,
"1","Studholm, Parish","[1305031]","1091","930","",,
"1","Sussex Corner, Village","[1305023]","1092","930","",,
"1","Sussex, Parish","[1305021]","1093","930","",,
"1","Sussex, Town","[1305022]","1094","930","",,
"1","Tracadie, Regional municipality","[1315002]","1095","930","",,
"1","Upper Miramichi, Rural community","[1309027]","1096","930","",,
"1","Wakefield, Parish","[1311014]","1097","930","",,
"1","Waterborough, Parish","[1304018]","1098","930","",,
"1","Waterford, Parish","[1305024]","1099","930","",,
"1","Weldford, Parish","[1308014]","1100","930","",,
"1","Wellington, Parish","[1308004]","1101","930","",,
"1","West Isles, Parish","[1302006]","1102","930","",,
"1","Westmorland, Parish","[1307001]","1103","930","",,
"1","Wickham, Parish","[1304008]","1104","930","",,
"1","Wicklow, Parish","[1311031]","1105","930","",,
"1","Wilmot, Parish","[1311018]","1106","930","",,
"1","Woodstock, Parish","[1311004]","1107","930","",,
"1","Woodstock, Town","[1311006]","1108","930","",,
"1","McNab/Braeside, Township","[3547003]","374","1109","",,
"1","Arnprior, Town","[3547002]","195","1109","",,
"1","Elizabethtown-Kitley, Township","[3507014]","272","1110","",,
"1","Augusta, Township","[3507006]","202","1110","",,
"1","Brockville, City","[3507015]","220","1110","",,
"1","Mississippi Mills, Town","[3509030]","381","1111","",,
"1","Beckwith, Township","[3509024]","207","1111","",,
"1","Carleton Place, Town","[3509028]","228","1111","",,
"1","Centre Wellington, Township","[3523025]","237","1112","",,
"1","Chatham-Kent, Municipality","[3536020]","243","1113","",,
"1","Cobourg, Town","[3514021]","248","1114","",,
"1","Collingwood, Town","[3543031]","253","1115","",,
"1","South Stormont, Township","[3501011]","462","1116","",,
"1","Cornwall, City","[3501012]","254","1116","",,
"1","Elliot Lake, City","[3557041]","273","1117","",,
"1","Hawkesbury, Town","[3502008]","307","1118","",,
"1","Ingersoll, Town","[3532018]","323","1119","",,
"1","Kawartha Lakes, City","[3516010]","330","1120","",,
"1","Kenora, City","[3560010]","332","1121","",,
"1","Kingsville, Town","[3537013]","338","1122","",,
"1","Leamington, Municipality","[3537003]","350","1122","",,
"1","Midland, Town","[3543074]","378","1123","",,
"1","Penetanguishene, Town","[3543072]","418","1123","",,
"1","Tay, Township","[3543071]","477","1123","",,
"1","Norfolk County, City","[3528052]","394","1124","",,
"1","Nipissing, Township","[3549071]","392","1125","",,
"1","Nipissing, Unorganized, North Part, Unorganized","[3548094]","393","1125","",,
"1","North Bay, City","[3548044]","396","1125","",,
"1","Powassan, Municipality","[3549060]","430","1125","",,
"1","East Ferris, Municipality","[3548034]","267","1125","",,
"1","Bonfield, Township","[3548027]","213","1125","",,
"1","Callander, Municipality","[3549066]","226","1125","",,
"1","Chisholm, Township","[3548031]","245","1125","",,
"1","Orillia, City","[3543052]","410","1126","",,
"1","Owen Sound, City","[3542059]","412","1127","",,
"1","Georgian Bluffs, Township","[3542053]","290","1127","",,
"1","Pembroke, City","[3547064]","417","1128","",,
"1","Laurentian Valley, Township","[3547075]","349","1128","",,
"1","Petawawa, Town","[3547076]","423","1129","",,
"1","Port Hope, Municipality","[3514020]","429","1130","",,
"1","Plympton-Wyoming, Town","[3538035]","427","1131","",,
"1","Point Edward, Village","[3538031]","428","1131","",,
"1","Sarnia, City","[3538030]","443","1131","",,
"1","St. Clair, Township","[3538003]","467","1131","",,
"1","Macdonald, Meredith and Aberdeen Additional, Township","[3557051]","354","1132","",,
"1","Prince, Township","[3557066]","432","1132","",,
"1","Sault Ste. Marie, City","[3557061]","445","1132","",,
"1","Laird, Township","[3557011]","341","1132","",,
"1","Stratford, City","[3531011]","472","1133","",,
"1","Tillsonburg, Town","[3532004]","490","1134","",,
"1","Timmins, City","[3556027]","492","1135","",,
"1","Wasaga Beach, Town","[3543064]","500","1136","",,
"1","Woodstock, City","[3532042]","514","1137","",,
"1","Campbell River, City","[5924034]","585","1149","",,
"1","Strathcona D (Oyster Bay - Buttle Lake), Regional district electoral area","[5924042]","807","1149","",,
"1","Chilliwack, City","[5909020]","617","1150","",,
"1","Fraser Valley D, Regional district electoral area","[5909034]","661","1150","",,
"1","Fraser Valley E, Regional district electoral area","[5909036]","662","1150","",,
"1","Fraser Valley H, Regional district electoral area","[5909035]","665","1150","",,
"1","Harrison Hot Springs, Village","[5909027]","680","1150","",,
"1","Kent, District municipality","[5909032]","689","1150","",,
"1","Comox, Town","[5926005]","627","1151","",,
"1","Comox Valley A, Regional district electoral area","[5926021]","628","1151","",,
"1","Comox Valley B (Lazo North), Regional district electoral area","[5926022]","629","1151","",,
"1","Courtenay, City","[5926010]","631","1151","",,
"1","Cranbrook, City","[5901022]","641","1152","",,
"1","East Kootenay C, Regional district electoral area","[5901035]","648","1152","",,
"1","Dawson Creek, City","[5955014]","644","1153","",,
"1","Cowichan Valley D, Regional district electoral area","[5919013]","635","1154","",,
"1","Cowichan Valley E, Regional district electoral area","[5919051]","636","1154","",,
"1","Duncan, City","[5919012]","645","1154","",,
"1","North Cowichan, District municipality","[5919008]","738","1154","",,
"1","Fort St. John, City","[5955034]","656","1155","",,
"1","Peace River C, Regional district electoral area","[5955042]","758","1155","",,
"1","Taylor, District municipality","[5955030]","816","1155","",,
"1","Chase, Village","[5933054]","615","1156","",,
"1","Kamloops, City","[5933042]","687","1156","",,
"1","Logan Lake, District municipality","[5933035]","709","1156","",,
"1","Sun Peaks Mountain, Village","[5933045]","809","1156","",,
"1","Thompson-Nicola J (Copper Desert Country), Regional district electoral area","[5933039]","823","1156","",,
"1","Thompson-Nicola P (Rivers and the Peaks), Regional district electoral area","[5933044]","828","1156","",,
"1","Lantzville, District municipality","[5921008]","707","1157","",,
"1","Nanaimo, City","[5921007]","723","1157","",,
"1","Nanaimo A, Regional district electoral area","[5921010]","724","1157","",,
"1","Nanaimo C, Regional district electoral area","[5921016]","726","1157","",,
"1","Central Kootenay E, Regional district electoral area","[5903041]","608","1158","",,
"1","Central Kootenay F, Regional district electoral area","[5903043]","609","1158","",,
"1","Nelson, City","[5903015]","731","1158","",,
"1","Nanaimo G, Regional district electoral area","[5921034]","729","1159","",,
"1","Parksville, City","[5921018]","756","1159","",,
"1","Qualicum Beach, Town","[5921023]","779","1159","",,
"1","Okanagan-Similkameen D, Regional district electoral area","[5907047]","748","1160","",,
"1","Okanagan-Similkameen F, Regional district electoral area","[5907051]","750","1160","",,
"1","Penticton, City","[5907041]","762","1160","",,
"1","Alberni-Clayoquot B, Regional district electoral area","[5923033]","567","1161","",,
"1","Alberni-Clayoquot D, Regional district electoral area","[5923035]","569","1161","",,
"1","Alberni-Clayoquot E, Regional district electoral area","[5923037]","570","1161","",,
"1","Alberni-Clayoquot F, Regional district electoral area","[5923039]","571","1161","",,
"1","Port Alberni, City","[5923008]","763","1161","",,
"1","Sechelt (Part), Indian government district","[5927806]","1163","1162","",,
"1","Powell River, City","[5927008]","770","1162","",,
"1","Powell River B, Regional district electoral area","[5927012]","772","1162","",,
"1","Powell River C, Regional district electoral area","[5927016]","773","1162","",,
"1","Fraser-Fort George A, Regional district electoral area","[5953038]","666","1164","",,
"1","Fraser-Fort George C, Regional district electoral area","[5953042]","667","1164","",,
"1","Fraser-Fort George D, Regional district electoral area","[5953044]","668","1164","",,
"1","Fraser-Fort George F, Regional district electoral area","[5953048]","670","1164","",,
"1","Prince George, City","[5953023]","776","1164","",,
"1","Port Edward, District municipality","[5947007]","766","1165","",,
"1","Prince Rupert, City","[5947012]","777","1165","",,
"1","Cariboo A, Regional district electoral area","[5941019]","587","1166","",,
"1","Cariboo B, Regional district electoral area","[5941021]","588","1166","",,
"1","Cariboo C, Regional district electoral area","[5941026]","589","1166","",,
"1","Cariboo I, Regional district electoral area","[5941027]","595","1166","",,
"1","Quesnel, City","[5941013]","781","1166","",,
"1","Wells, District municipality","[5941025]","837","1166","",,
"1","Salmon Arm, City","[5939032]","786","1167","",,
"1","Squamish, District municipality","[5931006]","797","1168","",,
"1","Kitimat-Stikine E, Regional district electoral area","[5949018]","698","1169","",,
"1","Terrace, City","[5949011]","818","1169","",,
"1","Coldstream, District municipality","[5937010]","620","1170","",,
"1","North Okanagan B, Regional district electoral area","[5937017]","739","1170","",,
"1","North Okanagan C, Regional district electoral area","[5937021]","740","1170","",,
"1","Vernon, City","[5937014]","835","1170","",,
"1","Cariboo D, Regional district electoral area","[5941010]","590","1171","",,
"1","Cariboo E, Regional district electoral area","[5941012]","591","1171","",,
"1","Williams Lake, City","[5941009]","839","1171","",,
"1","Bay Roberts, Census agglomeration (CA)","[005]","1178","1177","",,
"1","Corner Brook, Census agglomeration (CA)","[015]","1184","1177","",,
"1","Gander, Census agglomeration (CA)","[011]","1197","1177","",,
"1","Grand Falls-Windsor, Census agglomeration (CA)","[010]","1202","1177","",,
"1","St. John's, Census metropolitan area (CMA)","[001]","1204","1177","",13;14;25,
"1","Outside of census metropolitan areas (CMAs) and census agglomerations (CAs), Newfoundland and Labrador","","1218","1177","",13,
"1","Bay Roberts, Town","[1001409]","1179","1178","",,
"1","Bishop's Cove, Town","[1001394]","1180","1178","",,
"1","North River, Town","[1001426]","1181","1178","",,
"1","Spaniard's Bay, Town","[1001396]","1182","1178","",,
"1","Upper Island Cove, Town","[1001385]","1183","1178","",,
"1","Corner Brook, City","[1005018]","1185","1184","",,
"1","Division No.  5, Subd. F, Subdivision of unorganized","[1005010]","1186","1184","",,
"1","Gillams, Town","[1005015]","1187","1184","",,
"1","Hughes Brook, Town","[1005028]","1188","1184","",,
"1","Humber Arm South, Town","[1005020]","1189","1184","",,
"1","Irishtown-Summerside, Town","[1005030]","1190","1184","",,
"1","Massey Drive, Town","[1005017]","1191","1184","",,
"1","McIvers, Town","[1005022]","1192","1184","",,
"1","Meadows, Town","[1005025]","1193","1184","",,
"1","Mount Moriah, Town","[1005033]","1194","1184","",,
"1","Pasadena, Town","[1005012]","1195","1184","",,
"1","Steady Brook, Town","[1005011]","1196","1184","",,
"1","Appleton, Town","[1006011]","1198","1197","",,
"1","Division No.  6, Subd. E, Subdivision of unorganized","[1006008]","1199","1197","",,
"1","Gander, Town","[1006009]","1200","1197","",,
"1","Glenwood, Town","[1006012]","1201","1197","",,
"1","Grand Falls-Windsor, Town","[1006017]","1203","1202","",,
"1","Bauline, Town","[1001512]","1205","1204","",,
"1","Bay Bulls, Town","[1001557]","1206","1204","",,
"1","Conception Bay South, Town","[1001485]","1207","1204","",,
"1","Flatrock, Town","[1001507]","1208","1204","",,
"1","Logy Bay-Middle Cove-Outer Cove, Town","[1001511]","1209","1204","",,
"1","Mount Pearl, City","[1001542]","1210","1204","",,
"1","Paradise, Town","[1001517]","1211","1204","",,
"1","Petty Harbour-Maddox Cove, Town","[1001551]","1212","1204","",,
"1","Portugal Cove-St. Philip's, Town","[1001504]","1213","1204","",,
"1","Pouch Cove, Town","[1001505]","1214","1204","",,
"1","St. John's, City","[1001519]","1215","1204","",14;25,
"1","Torbay, Town","[1001509]","1216","1204","",,
"1","Witless Bay, Town","[1001559]","1217","1204","",,
"1","Admirals Beach, Town","[1001186]","1219","1218","",,
"1","Anchor Point, Town","[1009023]","1220","1218","",,
"1","Aquaforte, Town","[1001144]","1221","1218","",,
"1","Arnold's Cove, Town","[1001270]","1222","1218","",,
"1","Avondale, Town","[1001464]","1223","1218","",,
"1","Badger, Town","[1006026]","1224","1218","",,
"1","Baie Verte, Town","[1008079]","1225","1218","",,
"1","Baine Harbour, Town","[1002040]","1226","1218","",,
"1","Bay L'Argent, Town","[1002027]","1227","1218","",,
"1","Bay de Verde, Town","[1001347]","1228","1218","",,
"1","Baytona, Town","[1008040]","1229","1218","",,
"1","Beachside, Town","[1008066]","1230","1218","",,
"1","Bellburns, Town","[1009042]","1231","1218","",,
"1","Belleoram, Town","[1003004]","1232","1218","",,
"1","Birchy Bay, Town","[1008038]","1233","1218","",,
"1","Bird Cove, Town","[1009026]","1234","1218","",,
"1","Bishop's Falls, Town","[1006019]","1235","1218","",,
"1","Bonavista, Town","[1007023]","1236","1218","",,
"1","Botwood, Town","[1006022]","1237","1218","",,
"1","Branch, Town","[1001219]","1238","1218","",,
"1","Brent's Cove, Town","[1008077]","1239","1218","",,
"1","Brighton, Town","[1008055]","1240","1218","",,
"1","Brigus, Town","[1001446]","1241","1218","",,
"1","Bryant's Cove, Town","[1001375]","1242","1218","",,
"1","Buchans, Town","[1006031]","1243","1218","",,
"1","Burgeo, Town","[1003028]","1244","1218","",,
"1","Burin, Town","[1002005]","1245","1218","",,
"1","Burlington, Town","[1008071]","1246","1218","",,
"1","Burnt Islands, Town","[1003033]","1247","1218","",,
"1","Campbellton, Town","[1008037]","1248","1218","",,
"1","Cape Broyle, Town","[1001126]","1249","1218","",,
"1","Cape St. George, Town","[1004033]","1250","1218","",,
"1","Carbonear, Town","[1001370]","1251","1218","",,
"1","Carmanville, Town","[1008011]","1252","1218","",,
"1","Cartwright, Labrador, Town","[1010012]","1253","1218","",,
"1","Centreville-Wareham-Trinity, Town","[1007050]","1254","1218","",,
"1","Chance Cove, Town","[1001281]","1255","1218","",,
"1","Change Islands, Town","[1008024]","1256","1218","",,
"1","Channel-Port aux Basques, Town","[1003034]","1257","1218","",,
"1","Chapel Arm, Town","[1001289]","1258","1218","",,
"1","Charlottetown (Labrador), Town","[1010013]","1259","1218","",,
"1","Clarenville, Town","[1007013]","1260","1218","",,
"1","Clarke's Beach, Town","[1001429]","1261","1218","",,
"1","Coachman's Cove, Town","[1008092]","1262","1218","",,
"1","Colinet, Town","[1001207]","1263","1218","",,
"1","Colliers, Town","[1001456]","1264","1218","",,
"1","Come By Chance, Town","[1001274]","1265","1218","",,
"1","Comfort Cove-Newstead, Town","[1008039]","1266","1218","",,
"1","Conception Harbour, Town","[1001461]","1267","1218","",,
"1","Conche, Town","[1009008]","1268","1218","",,
"1","Cook's Harbour, Town","[1009034]","1269","1218","",,
"1","Cormack, Town","[1005014]","1270","1218","",,
"1","Cottlesville, Town","[1008032]","1271","1218","",,
"1","Cow Head, Town","[1009016]","1272","1218","",,
"1","Cox's Cove, Town","[1005023]","1273","1218","",,
"1","Crow Head, Town","[1008029]","1274","1218","",,
"1","Cupids, Town","[1001437]","1275","1218","",,
"1","Daniel's Harbour, Town","[1009015]","1276","1218","",,
"1","Deer Lake, Town","[1005004]","1277","1218","",,
"1","Division No.  1, Subd. A, Subdivision of unorganized","[1001259]","1278","1218","",,
"1","Division No.  1, Subd. B, Subdivision of unorganized","[1001234]","1279","1218","",,
"1","Division No.  1, Subd. C, Subdivision of unorganized","[1001214]","1280","1218","",,
"1","Division No.  1, Subd. D, Subdivision of unorganized","[1001565]","1281","1218","",,
"1","Division No.  1, Subd. E, Subdivision of unorganized","[1001304]","1282","1218","",,
"1","Division No.  1, Subd. F, Subdivision of unorganized","[1001321]","1283","1218","",,
"1","Division No.  1, Subd. G, Subdivision of unorganized","[1001339]","1284","1218","",,
"1","Division No.  1, Subd. H, Subdivision of unorganized","[1001357]","1285","1218","",,
"1","Division No.  1, Subd. I, Subdivision of unorganized","[1001374]","1286","1218","",,
"1","Division No.  1, Subd. J, Subdivision of unorganized","[1001391]","1287","1218","",,
"1","Division No.  1, Subd. K, Subdivision of unorganized","[1001405]","1288","1218","",,
"1","Division No.  1, Subd. L, Subdivision of unorganized","[1001415]","1289","1218","",,
"1","Division No.  1, Subd. M, Subdivision of unorganized","[1001421]","1290","1218","",,
"1","Division No.  1, Subd. N, Subdivision of unorganized","[1001441]","1291","1218","",,
"1","Division No.  1, Subd. O, Subdivision of unorganized","[1001452]","1292","1218","",,
"1","Division No.  1, Subd. R, Subdivision of unorganized","[1001490]","1293","1218","",,
"1","Division No.  1, Subd. U, Subdivision of unorganized","[1001124]","1294","1218","",,
"1","Division No.  1, Subd. V, Subdivision of unorganized","[1001101]","1295","1218","",,
"1","Division No.  1, Subd. W, Subdivision of unorganized","[1001155]","1296","1218","",,
"1","Division No.  1, Subd. X, Subdivision of unorganized","[1001203]","1297","1218","",,
"1","Division No.  1, Subd. Y, Subdivision of unorganized","[1001293]","1298","1218","",,
"1","Division No.  2, Subd. C, Subdivision of unorganized","[1002031]","1299","1218","",,
"1","Division No.  2, Subd. D, Subdivision of unorganized","[1002022]","1300","1218","",,
"1","Division No.  2, Subd. E, Subdivision of unorganized","[1002001]","1301","1218","",,
"1","Division No.  2, Subd. F, Subdivision of unorganized","[1002006]","1302","1218","",,
"1","Division No.  2, Subd. G, Subdivision of unorganized","[1002009]","1303","1218","",,
"1","Division No.  2, Subd. H, Subdivision of unorganized","[1002016]","1304","1218","",,
"1","Division No.  2, Subd. I, Subdivision of unorganized","[1002026]","1305","1218","",,
"1","Division No.  2, Subd. J, Subdivision of unorganized","[1002029]","1306","1218","",,
"1","Division No.  2, Subd. K, Subdivision of unorganized","[1002048]","1307","1218","",,
"1","Division No.  2, Subd. L, Subdivision of unorganized","[1002044]","1308","1218","",,
"1","Division No.  3, Subd. A, Subdivision of unorganized","[1003001]","1309","1218","",,
"1","Division No.  3, Subd. B, Subdivision of unorganized","[1003006]","1310","1218","",,
"1","Division No.  3, Subd. C, Subdivision of unorganized","[1003009]","1311","1218","",,
"1","Division No.  3, Subd. D, Subdivision of unorganized","[1003014]","1312","1218","",,
"1","Division No.  3, Subd. E, Subdivision of unorganized","[1003021]","1313","1218","",,
"1","Division No.  3, Subd. F, Subdivision of unorganized","[1003024]","1314","1218","",,
"1","Division No.  3, Subd. H, Subdivision of unorganized","[1003031]","1315","1218","",,
"1","Division No.  3, Subd. I, Subdivision of unorganized","[1003038]","1316","1218","",,
"1","Division No.  3, Subd. J, Subdivision of unorganized","[1003042]","1317","1218","",,
"1","Division No.  4, Subd. A, Subdivision of unorganized","[1004001]","1318","1218","",,
"1","Division No.  4, Subd. B, Subdivision of unorganized","[1004006]","1319","1218","",,
"1","Division No.  4, Subd. C, Subdivision of unorganized","[1004011]","1320","1218","",,
"1","Division No.  4, Subd. D, Subdivision of unorganized","[1004016]","1321","1218","",,
"1","Division No.  4, Subd. E, Subdivision of unorganized","[1004022]","1322","1218","",,
"1","Division No.  5, Subd. A, Subdivision of unorganized","[1005001]","1323","1218","",,
"1","Division No.  5, Subd. C, Subdivision of unorganized","[1005016]","1324","1218","",,
"1","Division No.  5, Subd. D, Subdivision of unorganized","[1005019]","1325","1218","",,
"1","Division No.  5, Subd. E, Subdivision of unorganized","[1005007]","1326","1218","",,
"1","Division No.  5, Subd. G, Subdivision of unorganized","[1005003]","1327","1218","",,
"1","Division No.  6, Subd. A, Subdivision of unorganized","[1006029]","1328","1218","",,
"1","Division No.  6, Subd. C, Subdivision of unorganized","[1006014]","1329","1218","",,
"1","Division No.  6, Subd. D, Subdivision of unorganized","[1006001]","1330","1218","",,
"1","Division No.  7, Subd. A, Subdivision of unorganized","[1007056]","1331","1218","",,
"1","Division No.  7, Subd. B, Subdivision of unorganized","[1007051]","1332","1218","",,
"1","Division No.  7, Subd. D, Subdivision of unorganized","[1007038]","1333","1218","",,
"1","Division No.  7, Subd. E, Subdivision of unorganized","[1007031]","1334","1218","",,
"1","Division No.  7, Subd. F, Subdivision of unorganized","[1007028]","1335","1218","",,
"1","Division No.  7, Subd. G, Subdivision of unorganized","[1007024]","1336","1218","",,
"1","Division No.  7, Subd. I, Subdivision of unorganized","[1007018]","1337","1218","",,
"1","Division No.  7, Subd. J, Subdivision of unorganized","[1007014]","1338","1218","",,
"1","Division No.  7, Subd. K, Subdivision of unorganized","[1007009]","1339","1218","",,
"1","Division No.  7, Subd. L, Subdivision of unorganized","[1007006]","1340","1218","",,
"1","Division No.  7, Subd. M, Subdivision of unorganized","[1007001]","1341","1218","",,
"1","Division No.  7, Subd. N, Subdivision of unorganized","[1007045]","1342","1218","",,
"1","Division No.  8, Subd. A, Subdivision of unorganized","[1008074]","1343","1218","",,
"1","Division No.  8, Subd. C, Subdivision of unorganized","[1008058]","1344","1218","",,
"1","Division No.  8, Subd. D, Subdivision of unorganized","[1008052]","1345","1218","",,
"1","Division No.  8, Subd. E, Subdivision of unorganized","[1008046]","1346","1218","",,
"1","Division No.  8, Subd. F, Subdivision of unorganized","[1008042]","1347","1218","",,
"1","Division No.  8, Subd. G, Subdivision of unorganized","[1008036]","1348","1218","",,
"1","Division No.  8, Subd. H, Subdivision of unorganized","[1008031]","1349","1218","",,
"1","Division No.  8, Subd. I, Subdivision of unorganized","[1008026]","1350","1218","",,
"1","Division No.  8, Subd. L, Subdivision of unorganized","[1008008]","1351","1218","",,
"1","Division No.  8, Subd. M, Subdivision of unorganized","[1008001]","1352","1218","",,
"1","Division No.  8, Subd. O, Subdivision of unorganized","[1008067]","1353","1218","",,
"1","Division No.  8, Subd. P, Subdivision of unorganized","[1008065]","1354","1218","",,
"1","Division No.  9, Subd. A, Subdivision of unorganized","[1009009]","1355","1218","",,
"1","Division No.  9, Subd. C, Subdivision of unorganized","[1009021]","1356","1218","",,
"1","Division No.  9, Subd. D, Subdivision of unorganized","[1009031]","1357","1218","",,
"1","Division No.  9, Subd. F, Subdivision of unorganized","[1009001]","1358","1218","",,
"1","Division No.  9, Subd. G, Subdivision of unorganized","[1009047]","1359","1218","",,
"1","Division No.  9, Subd. H, Subdivision of unorganized","[1009041]","1360","1218","",,
"1","Division No. 10, Subd. A, Subdivision of unorganized","[1010001]","1361","1218","",,
"1","Division No. 10, Subd. B, Subdivision of unorganized","[1010008]","1362","1218","",,
"1","Division No. 10, Subd. C, Subdivision of unorganized","[1010020]","1363","1218","",,
"1","Division No. 10, Subd. D, Subdivision of unorganized","[1010029]","1364","1218","",,
"1","Division No. 10, Subd. E, Subdivision of unorganized","[1010042]","1365","1218","",,
"1","Division No. 11, Subd. C, Subdivision of unorganized","[1011005]","1366","1218","",,
"1","Division No. 11, Subd. E, Subdivision of unorganized","[1011040]","1367","1218","",,
"1","Dover, Town","[1007057]","1368","1218","",,
"1","Duntara, Town","[1007026]","1369","1218","",,
"1","Eastport, Town","[1007042]","1370","1218","",,
"1","Elliston, Town","[1007020]","1371","1218","",,
"1","Embree, Town","[1008043]","1372","1218","",,
"1","Englee, Town","[1009004]","1373","1218","",,
"1","English Harbour East, Town","[1002039]","1374","1218","",,
"1","Fermeuse, Town","[1001136]","1375","1218","",,
"1","Ferryland, Town","[1001149]","1376","1218","",,
"1","Fleur de Lys, Town","[1008075]","1377","1218","",,
"1","Flower's Cove, Town","[1009024]","1378","1218","",,
"1","Fogo Island, Town","[1008099]","1379","1218","",,
"1","Forteau, Town","[1010005]","1380","1218","",,
"1","Fortune, Town","[1002018]","1381","1218","",,
"1","Fox Cove-Mortier, Town","[1002025]","1382","1218","",,
"1","Fox Harbour, Town","[1001254]","1383","1218","",,
"1","Frenchman's Cove, Town","[1002017]","1384","1218","",,
"1","Gallants, Town","[1004017]","1385","1218","",,
"1","Gambo, Town","[1007047]","1386","1218","",,
"1","Garnish, Town","[1002021]","1387","1218","",,
"1","Gaskiers-Point La Haye, Town","[1001174]","1388","1218","",,
"1","Gaultois, Town","[1003012]","1389","1218","",,
"1","Glenburnie-Birchy Head-Shoal Brook, Town","[1009030]","1390","1218","",,
"1","Glovertown, Town","[1007044]","1391","1218","",,
"1","Goose Cove East, Town","[1009039]","1392","1218","",,
"1","Grand Bank, Town","[1002019]","1393","1218","",,
"1","Grand le Pierre, Town","[1002030]","1394","1218","",,
"1","Greenspond, Town","[1007054]","1395","1218","",,
"1","Hampden, Town","[1005008]","1396","1218","",,
"1","Hant's Harbour, Town","[1001335]","1397","1218","",,
"1","Happy Adventure, Town","[1007041]","1398","1218","",,
"1","Happy Valley-Goose Bay, Town","[1010025]","1399","1218","",,
"1","Harbour Breton, Town","[1003008]","1400","1218","",,
"1","Harbour Grace, Town","[1001379]","1401","1218","",,
"1","Harbour Main-Chapel's Cove-Lakeview, Town","[1001469]","1402","1218","",,
"1","Hare Bay, Town","[1007049]","1403","1218","",,
"1","Hawke's Bay, Town","[1009018]","1404","1218","",,
"1","Heart's Content, Town","[1001325]","1405","1218","",,
"1","Heart's Delight-Islington, Town","[1001312]","1406","1218","",,
"1","Heart's Desire, Town","[1001316]","1407","1218","",,
"1","Hermitage-Sandyville, Town","[1003011]","1408","1218","",,
"1","Holyrood, Town","[1001472]","1409","1218","",,
"1","Hopedale, Town","[1011030]","1410","1218","",,
"1","Howley, Town","[1005006]","1411","1218","",,
"1","Indian Bay, Town","[1007067]","1412","1218","",,
"1","Isle aux Morts, Town","[1003032]","1413","1218","",,
"1","Jackson's Arm, Town","[1005005]","1414","1218","",,
"1","Keels, Town","[1007025]","1415","1218","",,
"1","King's Cove, Town","[1007027]","1416","1218","",,
"1","King's Point, Town","[1008069]","1417","1218","",,
"1","Kippens, Town","[1004020]","1418","1218","",,
"1","L'Anse au Loup, Town","[1010002]","1419","1218","",,
"1","L'Anse-au-Clair, Town","[1010004]","1420","1218","",,
"1","LaScie, Town","[1008076]","1421","1218","",,
"1","Labrador City, Town","[1010032]","1422","1218","",,
"1","Lamaline, Town","[1002012]","1423","1218","",,
"1","Lark Harbour, Town","[1005024]","1424","1218","",,
"1","Lawn, Town","[1002011]","1425","1218","",,
"1","Leading Tickles, Town","[1008048]","1426","1218","",,
"1","Lewin's Cove, Town","[1002002]","1427","1218","",,
"1","Lewisporte, Town","[1008044]","1428","1218","",,
"1","Little Bay East, Town","[1002055]","1429","1218","",,
"1","Little Bay Islands, Town","[1008064]","1430","1218","",,
"1","Little Bay, Town","[1008063]","1431","1218","",,
"1","Little Burnt Bay, Town","[1008045]","1432","1218","",,
"1","Long Harbour-Mount Arlington Heights, Town","[1001263]","1433","1218","",,
"1","Lord's Cove, Town","[1002013]","1434","1218","",,
"1","Lourdes, Town","[1004037]","1435","1218","",,
"1","Lumsden, Town","[1008004]","1436","1218","",,
"1","Lushes Bight-Beaumont-Beaumont North, Town","[1008056]","1437","1218","",,
"1","Main Brook, Town","[1009028]","1438","1218","",,
"1","Makkovik, Town","[1011020]","1439","1218","",,
"1","Mary's Harbour, Town","[1010011]","1440","1218","",,
"1","Marystown, Town","[1002024]","1441","1218","",,
"1","Middle Arm, Town","[1008072]","1442","1218","",,
"1","Miles Cove, Town","[1008098]","1443","1218","",,
"1","Millertown, Town","[1006028]","1444","1218","",,
"1","Milltown-Head of Bay d'Espoir, Town","[1003018]","1445","1218","",,
"1","Ming's Bight, Town","[1008095]","1446","1218","",,
"1","Morrisville, Town","[1003020]","1447","1218","",,
"1","Mount Carmel-Mitchells Brook-St. Catherine's, Town","[1001197]","1448","1218","",,
"1","Musgrave Harbour, Town","[1008006]","1449","1218","",,
"1","Musgravetown, Town","[1007032]","1450","1218","",,
"1","Nain, Town","[1011035]","1451","1218","",,
"1","New Perlican, Town","[1001328]","1452","1218","",,
"1","New-Wes-Valley, Town","[1007060]","1453","1218","",,
"1","Nippers Harbour, Town","[1008070]","1454","1218","",,
"1","Norman's Cove-Long Cove, Town","[1001285]","1455","1218","",,
"1","Norris Arm, Town","[1006003]","1456","1218","",,
"1","Norris Point, Town","[1009012]","1457","1218","",,
"1","North West River, Town","[1010022]","1458","1218","",,
"1","Northern Arm, Town","[1006015]","1459","1218","",,
"1","Old Perlican, Town","[1001343]","1460","1218","",,
"1","Pacquet, Town","[1008078]","1461","1218","",,
"1","Parkers Cove, Town","[1002034]","1462","1218","",,
"1","Parson's Pond, Town","[1009017]","1463","1218","",,
"1","Peterview, Town","[1006021]","1464","1218","",,
"1","Pilley's Island, Town","[1008053]","1465","1218","",,
"1","Pinware, Town","[1010007]","1466","1218","",,
"1","Placentia, Town","[1001240]","1467","1218","",,
"1","Point Lance, Town","[1001225]","1468","1218","",,
"1","Point Leamington, Town","[1008049]","1469","1218","",,
"1","Point May, Town","[1002014]","1470","1218","",,
"1","Point au Gaul, Town","[1002015]","1471","1218","",,
"1","Point of Bay, Town","[1008047]","1472","1218","",,
"1","Pool's Cove, Town","[1003005]","1473","1218","",,
"1","Port Anson, Town","[1008062]","1474","1218","",,
"1","Port Blandford, Town","[1007036]","1475","1218","",,
"1","Port Hope Simpson, Town","[1010009]","1476","1218","",,
"1","Port Kirwan, Town","[1001140]","1477","1218","",,
"1","Port Rexton, Town","[1007016]","1478","1218","",,
"1","Port Saunders, Town","[1009019]","1479","1218","",,
"1","Port au Choix, Town","[1009022]","1480","1218","",,
"1","Port au Port East, Town","[1004021]","1481","1218","",,
"1","Port au Port West-Aguathuna-Felix Cove, Town","[1004042]","1482","1218","",,
"1","Portugal Cove South, Town","[1001105]","1483","1218","",,
"1","Postville, Town","[1011015]","1484","1218","",,
"1","Raleigh, Town","[1009035]","1485","1218","",,
"1","Ramea, Town","[1003026]","1486","1218","",,
"1","Red Bay, Town","[1010003]","1487","1218","",,
"1","Red Harbour, Town","[1002037]","1488","1218","",,
"1","Reidville, Town","[1005009]","1489","1218","",,
"1","Rencontre East, Town","[1003002]","1490","1218","",,
"1","Renews-Cappahayden, Town","[1001131]","1491","1218","",,
"1","Rigolet, Town","[1011010]","1492","1218","",,
"1","River of Ponds, Town","[1009048]","1493","1218","",,
"1","Riverhead, Town","[1001181]","1494","1218","",,
"1","Robert's Arm, Town","[1008060]","1495","1218","",,
"1","Rocky Harbour, Town","[1009013]","1496","1218","",,
"1","Roddickton-Bide Arm, Town","[1009007]","1497","1218","",,
"1","Rose Blanche-Harbour le Cou, Town","[1003045]","1498","1218","",,
"1","Rushoon, Town","[1002033]","1499","1218","",,
"1","Sally's Cove, Town","[1009037]","1500","1218","",,
"1","Salmon Cove, Town","[1001361]","1501","1218","",,
"1","Salvage, Town","[1007046]","1502","1218","",,
"1","Sandringham, Town","[1007043]","1503","1218","",,
"1","Sandy Cove, Town","[1007039]","1504","1218","",,
"1","Seal Cove (Fortune Bay), Town","[1003010]","1505","1218","",,
"1","Seal Cove (White Bay), Town","[1008091]","1506","1218","",,
"1","Small Point-Adam's Cove-Blackhead-Broad Cove, Town","[1001352]","1507","1218","",,
"1","South Brook, Town","[1008059]","1508","1218","",,
"1","South River, Town","[1001434]","1509","1218","",,
"1","Southern Harbour, Town","[1001267]","1510","1218","",,
"1","Springdale, Town","[1008061]","1511","1218","",,
"1","St. Alban's, Town","[1003019]","1512","1218","",,
"1","St. Anthony, Town","[1009029]","1513","1218","",,
"1","St. Bernard's-Jacques Fontaine, Town","[1002041]","1514","1218","",,
"1","St. Brendan's, Town","[1007048]","1515","1218","",,
"1","St. Bride's, Town","[1001228]","1516","1218","",,
"1","St. George's, Town","[1004013]","1517","1218","",,
"1","St. Jacques-Coomb's Cove, Town","[1003003]","1518","1218","",,
"1","St. Joseph's, Town","[1001192]","1519","1218","",,
"1","St. Lawrence, Town","[1002008]","1520","1218","",,
"1","St. Lewis, Town","[1010010]","1521","1218","",,
"1","St. Lunaire-Griquet, Town","[1009032]","1522","1218","",,
"1","St. Mary's, Town","[1001178]","1523","1218","",,
"1","St. Pauls, Town","[1009020]","1524","1218","",,
"1","St. Shott's, Town","[1001120]","1525","1218","",,
"1","St. Vincent's-St. Stephen's-Peter's River, Town","[1001169]","1526","1218","",,
"1","Stephenville Crossing, Town","[1004018]","1527","1218","",,
"1","Stephenville, Town","[1004019]","1528","1218","",,
"1","Summerford, Town","[1008033]","1529","1218","",,
"1","Sunnyside, Town","[1001277]","1530","1218","",,
"1","Terra Nova, Town","[1007040]","1531","1218","",,
"1","Terrenceville, Town","[1002036]","1532","1218","",,
"1","Tilt Cove, Town","[1008073]","1533","1218","",,
"1","Traytown, Town","[1007037]","1534","1218","",,
"1","Trepassey, Town","[1001113]","1535","1218","",,
"1","Trinity (Trinity Bay), Town","[1007015]","1536","1218","",,
"1","Trinity Bay North, Town","[1007022]","1537","1218","",,
"1","Triton, Town","[1008054]","1538","1218","",,
"1","Trout River, Town","[1009010]","1539","1218","",,
"1","Twillingate, Town","[1008035]","1540","1218","",,
"1","Victoria, Town","[1001365]","1541","1218","",,
"1","Wabana, Town","[1001494]","1542","1218","",,
"1","Wabush, Town","[1010034]","1543","1218","",,
"1","West St. Modeste, Town","[1010006]","1544","1218","",,
"1","Westport, Town","[1008093]","1545","1218","",,
"1","Whitbourne, Town","[1001298]","1546","1218","",,
"1","Whiteway, Town","[1001308]","1547","1218","",,
"1","Winterland, Town","[1002023]","1548","1218","",,
"1","Winterton, Town","[1001332]","1549","1218","",,
"1","Woodstock, Town","[1008096]","1550","1218","",,
"1","Woody Point, Bonne Bay, Town","[1009011]","1551","1218","",,
"1","York Harbour, Town","[1005035]","1552","1218","",,
"1","Whitehorse, Census agglomeration (CA)","[990]","1554","1553","",,
"1","Outside of census metropolitan areas (CMAs) and census agglomerations (CAs), Yukon","","1562","1553","",,
"1","Ibex Valley, Hamlet","[6001055]","1555","1554","",,
"1","Lake Laberge 1, Self-government","[6001010]","1556","1554","",,
"1","Macpherson-Grizzly Valley, Unorganized","[6001059]","1557","1554","",,
"1","Marsh Lake, Unorganized","[6001058]","1558","1554","",,
"1","Mt. Lorne, Hamlet","[6001044]","1559","1554","",,
"1","Whitehorse, City","[6001009]","1560","1554","",,
"1","Whitehorse, Unorganized, Unorganized","[6001060]","1561","1554","",,
"1","Beaver Creek, Settlement","[6001042]","1563","1562","",,
"1","Burwash Landing, Settlement","[6001039]","1564","1562","",,
"1","Carcross 4, Self-government","[6001008]","1565","1562","",,
"1","Carcross, Settlement","[6001048]","1566","1562","",,
"1","Carmacks, Village","[6001012]","1567","1562","",,
"1","Champagne Landing 10, Indian Settlement","[6001038]","1568","1562","",,
"1","Dawson, Town","[6001029]","1569","1562","",,
"1","Destruction Bay, Settlement","[6001049]","1570","1562","",,
"1","Faro, Town","[6001004]","1571","1562","",,
"1","Haines Junction, Village","[6001018]","1572","1562","",,
"1","Johnsons Crossing, Settlement","[6001047]","1573","1562","",,
"1","Keno Hill, Settlement","[6001052]","1574","1562","",,
"1","Kloo Lake, Indian Settlement","[6001019]","1575","1562","",,
"1","Klukshu, Indian Settlement","[6001016]","1576","1562","",,
"1","Mayo, Village","[6001022]","1577","1562","",,
"1","Moosehide Creek 2, Self-government","[6001031]","1578","1562","",,
"1","Old Crow, Settlement","[6001043]","1579","1562","",,
"1","Pelly Crossing, Settlement","[6001041]","1580","1562","",,
"1","Ross River, Settlement","[6001037]","1581","1562","",,
"1","Stewart Crossing, Settlement","[6001050]","1582","1562","",,
"1","Swift River, Settlement","[6001046]","1583","1562","",,
"1","Tagish, Settlement","[6001036]","1584","1562","",,
"1","Teslin Post 13, Self-government","[6001007]","1585","1562","",,
"1","Teslin, Teslin land","[6001057]","1586","1562","",,
"1","Teslin, Village","[6001006]","1587","1562","",,
"1","Two Mile and Two and One-Half Mile Village, Indian Settlement","[6001035]","1588","1562","",,
"1","Upper Liard, Settlement","[6001032]","1589","1562","",,
"1","Watson Lake, Town","[6001003]","1590","1562","",,
"1","Yukon, Unorganized, Unorganized","[6001045]","1591","1562","",,
"1","Yellowknife, Census agglomeration (CA)","[995]","1593","1592","",15;16,
"1","Outside of census metropolitan areas (CMAs) and census agglomerations (CAs), Northwest Territories","","1595","1592","",,
"1","Yellowknife, City","[6106023]","1594","1593","",,
"1","Aklavik, Hamlet","[6101025]","1596","1595","",,
"1","Behchokò, Community government","[6103031]","1597","1595","",,
"1","Colville Lake, Settlement","[6102012]","1598","1595","",,
"1","Detah, Settlement","[6106021]","1599","1595","",,
"1","Déline, Chartered community","[6102003]","1600","1595","",,
"1","Enterprise, Hamlet","[6105003]","1601","1595","",,
"1","Fort Good Hope, Chartered community","[6102009]","1602","1595","",,
"1","Fort Liard, Hamlet","[6104009]","1603","1595","",,
"1","Fort McPherson, Hamlet","[6101015]","1604","1595","",,
"1","Fort Providence, Hamlet","[6104014]","1605","1595","",,
"1","Fort Resolution, Hamlet","[6105018]","1606","1595","",,
"1","Fort Simpson, Village","[6104038]","1607","1595","",,
"1","Fort Smith, Town","[6105001]","1608","1595","",,
"1","Gamètì, Community government","[6103049]","1609","1595","",,
"1","Hay River, Town","[6105016]","1610","1595","",,
"1","Inuvik, Town","[6101017]","1611","1595","",,
"1","Jean Marie River, Settlement","[6104013]","1612","1595","",,
"1","Kakisa, Settlement","[6104005]","1613","1595","",,
"1","Lutselk'e, Settlement","[6105020]","1614","1595","",,
"1","Nahanni Butte, Settlement","[6104010]","1615","1595","",,
"1","Norman Wells, Town","[6102007]","1616","1595","",,
"1","Paulatuk, Hamlet","[6101014]","1617","1595","",,
"1","Region 1, Unorganized, Unorganized","[6101063]","1618","1595","",,
"1","Region 2, Unorganized, Unorganized","[6102063]","1619","1595","",,
"1","Region 3, Unorganized, Unorganized","[6103097]","1620","1595","",,
"1","Region 4, Unorganized, Unorganized","[6104097]","1621","1595","",,
"1","Region 5, Unorganized, Unorganized","[6105097]","1622","1595","",,
"1","Region 6, Unorganized, Unorganized","[6106097]","1623","1595","",,
"1","Reliance, Settlement","[6105026]","1624","1595","",,
"1","Sachs Harbour, Hamlet","[6101041]","1625","1595","",,
"1","Sambaa K'e, Settlement","[6104006]","1626","1595","",,
"1","Tsiigehtchic, Chartered community","[6101010]","1627","1595","",,
"1","Tuktoyaktuk, Hamlet","[6101036]","1628","1595","",,
"1","Tulita, Hamlet","[6102005]","1629","1595","",,
"1","Ulukhaktok, Hamlet","[6101095]","1630","1595","",,
"1","Wekweètì, Community government","[6103052]","1631","1595","",,
"1","Whatì, Community government","[6103034]","1632","1595","",,
"1","Wrigley, Settlement","[6104044]","1633","1595","",,
"1","Outside of census metropolitan areas (CMAs) and census agglomerations (CAs), Nunavut","","1635","1634","",,
"1","Arctic Bay, Hamlet","[6204018]","1636","1635","",,
"1","Arviat, Hamlet","[6205015]","1637","1635","",,
"1","Baffin, Unorganized, Unorganized","[6204030]","1638","1635","",,
"1","Baker Lake, Hamlet","[6205023]","1639","1635","",,
"1","Bathurst Inlet, Settlement","[6208065]","1640","1635","",,
"1","Cambridge Bay, Hamlet","[6208073]","1641","1635","",,
"1","Cape Dorset, Hamlet","[6204007]","1642","1635","",,
"1","Chesterfield Inlet, Hamlet","[6205019]","1643","1635","",,
"1","Clyde River, Hamlet","[6204015]","1644","1635","",,
"1","Coral Harbour, Hamlet","[6205014]","1645","1635","",,
"1","Gjoa Haven, Hamlet","[6208081]","1646","1635","",,
"1","Grise Fiord, Hamlet","[6204025]","1647","1635","",,
"1","Hall Beach, Hamlet","[6204011]","1648","1635","",,
"1","Igloolik, Hamlet","[6204012]","1649","1635","",,
"1","Iqaluit, City","[6204003]","1650","1635","",,
"1","Keewatin, Unorganized, Unorganized","[6205033]","1651","1635","",,
"1","Kimmirut, Hamlet","[6204005]","1652","1635","",,
"1","Kitikmeot, Unorganized, Unorganized","[6208098]","1653","1635","",,
"1","Kugaaruk, Hamlet","[6208047]","1654","1635","",,
"1","Kugluktuk, Hamlet","[6208059]","1655","1635","",,
"1","Nanisivik, Settlement","[6204019]","1656","1635","",,
"1","Naujaat, Hamlet","[6205027]","1657","1635","",,
"1","Pangnirtung, Hamlet","[6204009]","1658","1635","",,
"1","Pond Inlet, Hamlet","[6204020]","1659","1635","",,
"1","Qikiqtarjuaq, Hamlet","[6204010]","1660","1635","",,
"1","Rankin Inlet, Hamlet","[6205017]","1661","1635","",,
"1","Resolute, Hamlet","[6204022]","1662","1635","",,
"1","Sanikiluaq, Hamlet","[6204001]","1663","1635","",,
"1","Taloyoak, Hamlet","[6208087]","1664","1635","",,
"1","Umingmaktok, Settlement","[6208068]","1665","1635","",,
"1","Whale Cove, Hamlet","[6205016]","1666","1635","",,
"1","Brandon, Census agglomeration (CA)","[610]","1668","1667","",,
"1","Portage la Prairie, Census agglomeration (CA)","[607]","1674","1667","",,
"1","Steinbach, Census agglomeration (CA)","[605]","1676","1667","",,
"1","Thompson, Census agglomeration (CA)","[640]","1678","1667","",,
"1","Winkler, Census agglomeration (CA)","[603]","1680","1667","",,
"1","Winnipeg, Census metropolitan area (CMA)","[602]","1684","1667","",,
"1","Outside of census metropolitan areas (CMAs) and census agglomerations (CAs), Manitoba","","1696","1667","",,
"1","Brandon, City","[4607062]","1669","1668","",,
"1","Cornwallis, Rural municipality","[4607060]","1670","1668","",,
"1","Elton, Rural municipality","[4607071]","1671","1668","",,
"1","Oakland-Wawanesa, Municipality","[4607046]","1672","1668","",,
"1","Whitehead, Rural municipality","[4607057]","1673","1668","",,
"1","Portage la Prairie, City","[4609029]","1675","1674","",,
"1","Steinbach, City","[4602044]","1677","1676","",,
"1","Thompson, City","[4622026]","1679","1678","",,
"1","Morden, City","[4603053]","1681","1680","",,
"1","Stanley, Rural municipality","[4603047]","1682","1680","",,
"1","Winkler, City","[4603050]","1683","1680","",,
"1","East St. Paul, Rural municipality","[4613032]","1685","1684","",,
"1","Headingley, Rural municipality","[4611042]","1686","1684","",,
"1","Macdonald, Rural municipality","[4610035]","1687","1684","",,
"1","Ritchot, Rural municipality","[4602075]","1688","1684","",,
"1","Rosser, Rural municipality","[4614015]","1689","1684","",,
"1","Springfield, Rural municipality","[4612047]","1690","1684","",,
"1","St. Clements, Rural municipality","[4613056]","1691","1684","",,
"1","St. François Xavier, Rural municipality","[4610052]","1692","1684","",,
"1","Taché, Rural municipality","[4602069]","1693","1684","",,
"1","West St. Paul, Rural municipality","[4613037]","1694","1684","",,
"1","Winnipeg, City","[4611040]","1695","1684","",,
"1","Alexander, Rural municipality","[4601071]","1697","1696","",,
"1","Alonsa, Rural municipality","[4617026]","1698","1696","",,
"1","Altona, Town","[4603040]","1699","1696","",,
"1","Arborg, Town","[4618074]","1700","1696","",,
"1","Argyle, Rural municipality","[4604057]","1701","1696","",,
"1","Armstrong, Rural municipality","[4618037]","1702","1696","",,
"1","Beausejour, Town","[4612056]","1703","1696","",,
"1","Bifrost-Riverton, Municipality","[4618076]","1704","1696","",,
"1","Boissevain-Morton, Municipality","[4605032]","1705","1696","",,
"1","Brenda-Waskada, Municipality","[4605044]","1706","1696","",,
"1","Brokenhead, Rural municipality","[4612054]","1707","1696","",,
"1","Carberry, Town","[4607068]","1708","1696","",,
"1","Carman, Town","[4603074]","1709","1696","",,
"1","Cartier, Rural municipality","[4610043]","1710","1696","",,
"1","Cartwright-Roblin, Municipality","[4604052]","1711","1696","",,
"1","Churchill, Town","[4623056]","1712","1696","",,
"1","Clanwilliam-Erickson, Municipality","[4615092]","1713","1696","",,
"1","Coldwell, Rural municipality","[4618044]","1714","1696","",,
"1","Dauphin, City","[4617050]","1715","1696","",,
"1","Dauphin, Rural municipality","[4617048]","1716","1696","",,
"1","De Salaberry, Rural municipality","[4602032]","1717","1696","",,
"1","Deloraine-Winchester, Municipality","[4605038]","1718","1696","",,
"1","Division No.  1, Unorganized, Unorganized","[4601094]","1719","1696","",,
"1","Division No. 17, Unorganized, Unorganized","[4617092]","1720","1696","",,
"1","Division No. 18, Unorganized, East Part, Unorganized","[4618091]","1721","1696","",,
"1","Division No. 18, Unorganized, West Part, Unorganized","[4618093]","1722","1696","",,
"1","Division No. 19, Unorganized, Unorganized","[4619045]","1723","1696","",,
"1","Division No. 20, Unorganized, North Part, Unorganized","[4620069]","1724","1696","",,
"1","Division No. 20, Unorganized, South Part, Unorganized","[4620066]","1725","1696","",,
"1","Division No. 21, Unorganized, Unorganized","[4621078]","1726","1696","",,
"1","Division No. 22, Unorganized, Unorganized","[4622046]","1727","1696","",,
"1","Division No. 23, Unorganized, Unorganized","[4623062]","1728","1696","",,
"1","Dufferin, Rural municipality","[4603072]","1729","1696","",,
"1","Dunnottar, Village","[4613049]","1730","1696","",,
"1","Ellice-Archie, Rural municipality","[4615047]","1731","1696","",,
"1","Emerson-Franklin, Municipality","[4602024]","1732","1696","",,
"1","Ethelbert, Municipality","[4617064]","1733","1696","",,
"1","Fisher, Rural municipality","[4618068]","1734","1696","",,
"1","Flin Flon (Part), City","[4621064]","1735","1696","",,
"1","Gilbert Plains, Municipality","[4617054]","1736","1696","",,
"1","Gillam, Indian Settlement","[4623025]","1737","1696","",,
"1","Gillam, Town","[4623022]","1738","1696","",,
"1","Gimli, Rural municipality","[4618031]","1739","1696","",,
"1","Glenboro-South Cypress, Municipality","[4607039]","1740","1696","",,
"1","Glenella-Lansdowne, Municipality","[4608055]","1741","1696","",,
"1","Grahamdale, Rural municipality","[4618060]","1742","1696","",,
"1","Grand Rapids, Town","[4621025]","1743","1696","",,
"1","Grandview, Municipality","[4617058]","1744","1696","",,
"1","Granville Lake, Indian Settlement","[4623039]","1745","1696","",,
"1","Grassland, Municipality","[4605062]","1746","1696","",,
"1","Grey, Rural municipality","[4609018]","1747","1696","",,
"1","Hamiota, Municipality","[4615037]","1748","1696","",,
"1","Hanover, Rural municipality","[4602041]","1749","1696","",,
"1","Harrison Park, Municipality","[4615070]","1750","1696","",,
"1","Hillsburg-Roblin-Shell River, Municipality","[4616048]","1751","1696","",,
"1","Ilford, Indian Settlement","[4622064]","1752","1696","",,
"1","Kelsey, Rural municipality","[4621052]","1753","1696","",,
"1","Killarney - Turtle Mountain, Rural municipality","[4605025]","1754","1696","",,
"1","La Broquerie, Rural municipality","[4602053]","1755","1696","",,
"1","Lac du Bonnet, Rural municipality","[4601057]","1756","1696","",,
"1","Lac du Bonnet, Town","[4601060]","1757","1696","",,
"1","Lakeshore, Rural municipality","[4617075]","1758","1696","",,
"1","Leaf Rapids, Town","[4623034]","1759","1696","",,
"1","Lorne, Municipality","[4604064]","1760","1696","",,
"1","Louise, Municipality","[4604040]","1761","1696","",,
"1","Lynn Lake, Town","[4623047]","1762","1696","",,
"1","McCreary, Municipality","[4617035]","1763","1696","",,
"1","Melita, Town","[4605052]","1764","1696","",,
"1","Minitonas-Bowsman, Municipality","[4620051]","1765","1696","",,
"1","Minnedosa, Town","[4615075]","1766","1696","",,
"1","Minto-Odanah, Municipality","[4615074]","1767","1696","",,
"1","Montcalm, Rural municipality","[4603030]","1768","1696","",,
"1","Morris, Rural municipality","[4603065]","1769","1696","",,
"1","Morris, Town","[4603067]","1770","1696","",,
"1","Mossey River, Rural municipality","[4617072]","1771","1696","",,
"1","Mountain (North), Rural municipality","[4620055]","1772","1696","",,
"1","Mountain (South), Rural municipality","[4620032]","1773","1696","",,
"1","Mystery Lake, Local government district","[4622017]","1774","1696","",,
"1","Neepawa, Town","[4615020]","1775","1696","",,
"1","Niverville, Town","[4602046]","1776","1696","",,
"1","Norfolk-Treherne, Municipality","[4608032]","1777","1696","",,
"1","North Cypress-Langford, Municipality","[4607066]","1778","1696","",,
"1","North Norfolk, Municipality","[4608046]","1779","1696","",,
"1","Oakview, Rural municipality","[4615032]","1780","1696","",,
"1","Pembina, Municipality","[4604034]","1781","1696","",,
"1","Pinawa, Local government district","[4601051]","1782","1696","",,
"1","Piney, Rural municipality","[4601039]","1783","1696","",,
"1","Pipestone, Rural municipality","[4606023]","1784","1696","",,
"1","Portage la Prairie, Rural municipality","[4609024]","1785","1696","",,
"1","Powerview-Pine Falls, Town","[4601075]","1786","1696","",,
"1","Prairie Lakes, Rural municipality","[4605071]","1787","1696","",,
"1","Prairie View, Municipality","[4615056]","1788","1696","",,
"1","Reynolds, Rural municipality","[4601043]","1789","1696","",,
"1","Rhineland, Municipality","[4603041]","1790","1696","",,
"1","Riding Mountain West, Rural municipality","[4616020]","1791","1696","",,
"1","Riverdale, Municipality","[4607076]","1792","1696","",,
"1","Rockwood, Rural municipality","[4614036]","1793","1696","",,
"1","Roland, Rural municipality","[4603062]","1794","1696","",,
"1","Rosedale, Rural municipality","[4615078]","1795","1696","",,
"1","Rossburn, Municipality","[4616005]","1796","1696","",,
"1","Russell-Binscarth, Municipality","[4616030]","1797","1696","",,
"1","Selkirk, City","[4613047]","1798","1696","",,
"1","Sifton, Rural municipality","[4606016]","1799","1696","",,
"1","Snow Lake, Town","[4621071]","1800","1696","",,
"1","Souris-Glenwood, Municipality","[4607052]","1801","1696","",,
"1","South Indian Lake, Indian Settlement","[4623037]","1802","1696","",,
"1","St-Pierre-Jolys, Village","[4602037]","1803","1696","",,
"1","St. Andrews, Rural municipality","[4613043]","1804","1696","",,
"1","St. Laurent, Rural municipality","[4618040]","1805","1696","",,
"1","Ste. Anne, Rural municipality","[4602057]","1806","1696","",,
"1","Ste. Anne, Town","[4602061]","1807","1696","",,
"1","Ste. Rose, Municipality","[4617041]","1808","1696","",,
"1","Stonewall, Town","[4614039]","1809","1696","",,
"1","Stuartburn, Rural municipality","[4601035]","1810","1696","",,
"1","Swan River, Town","[4620048]","1811","1696","",,
"1","Swan Valley West, Municipality","[4620042]","1812","1696","",,
"1","Teulon, Town","[4614042]","1813","1696","",,
"1","The Pas, Town","[4621045]","1814","1696","",,
"1","Thompson, Rural municipality","[4603058]","1815","1696","",,
"1","Two Borders, Municipality","[4605056]","1816","1696","",,
"1","Victoria Beach, Rural municipality","[4601078]","1817","1696","",,
"1","Victoria, Rural municipality","[4608042]","1818","1696","",,
"1","Virden, Town","[4606034]","1819","1696","",,
"1","Wallace-Woodworth, Rural municipality","[4606031]","1820","1696","",,
"1","West Interlake, Municipality","[4618056]","1821","1696","",,
"1","WestLake-Gladstone, Municipality","[4608060]","1822","1696","",,
"1","Whitemouth, Rural municipality","[4601046]","1823","1696","",,
"1","Winnipeg Beach, Town","[4618034]","1824","1696","",,
"1","Woodlands, Rural municipality","[4614031]","1825","1696","",,
"1","Yellowhead, Rural municipality","[4615063]","1826","1696","",,
"1","Charlottetown, Census agglomeration (CA)","[105]","1828","1827","",,
"1","Summerside, Census agglomeration (CA)","[110]","1849","1827","",,
"1","Outside of census metropolitan areas (CMAs) and census agglomerations (CAs), Prince Edward Island","","1854","1827","",,
"1","Brackley, Community","[1102048]","1829","1828","",,
"1","Charlottetown, City","[1102075]","1830","1828","",,
"1","Clyde River, Community","[1102037]","1831","1828","",,
"1","Cornwall, Town","[1102085]","1832","1828","",,
"1","Lot 31, Township and royalty","[1102026]","1833","1828","",,
"1","Lot 33, Township and royalty","[1102049]","1834","1828","",,
"1","Lot 34, Township and royalty","[1102052]","1835","1828","",,
"1","Lot 35, Township and royalty","[1102054]","1836","1828","",,
"1","Lot 36, Township and royalty","[1102056]","1837","1828","",,
"1","Lot 37, Township and royalty","[1102058]","1838","1828","",,
"1","Lot 48, Township and royalty","[1102014]","1839","1828","",,
"1","Lot 49, Township and royalty","[1102012]","1840","1828","",,
"1","Lot 65, Township and royalty","[1102028]","1841","1828","",,
"1","Meadowbank, Community","[1102033]","1842","1828","",,
"1","Miltonvale Park, Community","[1102040]","1843","1828","",,
"1","Mount Stewart, Community","[1102059]","1844","1828","",,
"1","Stratford, Town","[1102080]","1845","1828","",,
"1","Union Road, Community","[1102050]","1846","1828","",,
"1","Warren Grove, Community","[1102070]","1847","1828","",,
"1","Winsloe South, Community","[1102065]","1848","1828","",,
"1","Linkletter, Community","[1103023]","1850","1849","",,
"1","Lot 17, Township and royalty","[1103019]","1851","1849","",,
"1","Miscouche, Community","[1103024]","1852","1849","",,
"1","Summerside, City","[1103025]","1853","1849","",,
"1","Abrams Village, Community","[1103027]","1855","1854","",,
"1","Alberton, Town","[1103052]","1856","1854","",,
"1","Bedeque and Area, Community","[1103015]","1857","1854","",,
"1","Borden-Carleton, Town","[1103005]","1858","1854","",,
"1","Breadalbane, Community","[1102051]","1859","1854","",,
"1","Cardigan, Community","[1101021]","1860","1854","",,
"1","Crapaud, Community","[1102034]","1861","1854","",,
"1","Georgetown, Town","[1101024]","1862","1854","",,
"1","Hunter River, Community","[1102043]","1863","1854","",,
"1","Kensington, Town","[1103014]","1864","1854","",,
"1","Kings, Royalty, Township and royalty","[1101022]","1865","1854","",,
"1","Kinkora, Community","[1103008]","1866","1854","",,
"1","Lot  1, Township and royalty","[1103058]","1867","1854","",,
"1","Lot  2, Township and royalty","[1103056]","1868","1854","",,
"1","Lot  3, Township and royalty","[1103054]","1869","1854","",,
"1","Lot  4, Township and royalty","[1103051]","1870","1854","",,
"1","Lot  5, Township and royalty","[1103049]","1871","1854","",,
"1","Lot  6, Township and royalty","[1103041]","1872","1854","",,
"1","Lot  7, Township and royalty","[1103048]","1873","1854","",,
"1","Lot  8, Township and royalty","[1103046]","1874","1854","",,
"1","Lot  9, Township and royalty","[1103044]","1875","1854","",,
"1","Lot 10, Township and royalty","[1103038]","1876","1854","",,
"1","Lot 11, Township and royalty","[1103036]","1877","1854","",,
"1","Lot 12, Township and royalty","[1103034]","1878","1854","",,
"1","Lot 13, Township and royalty","[1103032]","1879","1854","",,
"1","Lot 14, Township and royalty","[1103031]","1880","1854","",,
"1","Lot 15, Township and royalty","[1103026]","1881","1854","",,
"1","Lot 16, Township and royalty","[1103028]","1882","1854","",,
"1","Lot 18, Township and royalty","[1103016]","1883","1854","",,
"1","Lot 19, Township and royalty","[1103012]","1884","1854","",,
"1","Lot 20, Township and royalty","[1102038]","1885","1854","",,
"1","Lot 21, Township and royalty","[1102039]","1886","1854","",,
"1","Lot 22, Township and royalty","[1102041]","1887","1854","",,
"1","Lot 23, Township and royalty","[1102042]","1888","1854","",,
"1","Lot 24, Township and royalty","[1102044]","1889","1854","",,
"1","Lot 25, Township and royalty","[1103011]","1890","1854","",,
"1","Lot 26, Township and royalty","[1103009]","1891","1854","",,
"1","Lot 27, Township and royalty","[1103006]","1892","1854","",,
"1","Lot 28, Township and royalty","[1103001]","1893","1854","",,
"1","Lot 29, Township and royalty","[1102031]","1894","1854","",,
"1","Lot 30, Township and royalty","[1102029]","1895","1854","",,
"1","Lot 38, Township and royalty","[1101051]","1896","1854","",,
"1","Lot 39, Township and royalty","[1101049]","1897","1854","",,
"1","Lot 40, Township and royalty","[1101046]","1898","1854","",,
"1","Lot 41, Township and royalty","[1101042]","1899","1854","",,
"1","Lot 42, Township and royalty","[1101041]","1900","1854","",,
"1","Lot 43, Township and royalty","[1101031]","1901","1854","",,
"1","Lot 44, Township and royalty","[1101032]","1902","1854","",,
"1","Lot 45, Township and royalty","[1101034]","1903","1854","",,
"1","Lot 46, Township and royalty","[1101038]","1904","1854","",,
"1","Lot 47, Township and royalty","[1101039]","1905","1854","",,
"1","Lot 50, Township and royalty","[1102009]","1906","1854","",,
"1","Lot 51, Township and royalty","[1101014]","1907","1854","",,
"1","Lot 52, Township and royalty","[1101016]","1908","1854","",,
"1","Lot 53, Township and royalty","[1101019]","1909","1854","",,
"1","Lot 54, Township and royalty","[1101026]","1910","1854","",,
"1","Lot 55, Township and royalty","[1101028]","1911","1854","",,
"1","Lot 56, Township and royalty","[1101029]","1912","1854","",,
"1","Lot 57, Township and royalty","[1102008]","1913","1854","",,
"1","Lot 58, Township and royalty","[1102006]","1914","1854","",,
"1","Lot 59, Township and royalty","[1101009]","1915","1854","",,
"1","Lot 60, Township and royalty","[1102004]","1916","1854","",,
"1","Lot 61, Township and royalty","[1101008]","1917","1854","",,
"1","Lot 62, Township and royalty","[1102001]","1918","1854","",,
"1","Lot 63, Township and royalty","[1101006]","1919","1854","",,
"1","Lot 64, Township and royalty","[1101001]","1920","1854","",,
"1","Lot 66, Township and royalty","[1101011]","1921","1854","",,
"1","Lot 67, Township and royalty","[1102036]","1922","1854","",,
"1","Miminegash, Community","[1103062]","1923","1854","",,
"1","Montague, Town","[1101018]","1924","1854","",,
"1","Morell, Community","[1101048]","1925","1854","",,
"1","Murray Harbour, Community","[1101002]","1926","1854","",,
"1","Murray River, Community","[1101004]","1927","1854","",,
"1","North Rustico, Community","[1102046]","1928","1854","",,
"1","O'Leary, Community","[1103042]","1929","1854","",,
"1","Resort Mun. Stan.B.-Hope R.-Bayv.-Cavend.-N.Rust., Community","[1102045]","1930","1854","",,
"1","Sherbrooke, Community","[1103018]","1931","1854","",,
"1","Souris, Town","[1101036]","1932","1854","",,
"1","St. Louis, Community","[1103057]","1933","1854","",,
"1","St. Peters Bay, Community","[1101044]","1934","1854","",,
"1","Tignish, Community","[1103059]","1935","1854","",,
"1","Tyne Valley, Community","[1103033]","1936","1854","",,
"1","Victoria, Community","[1102032]","1937","1854","",,
"1","Wellington, Community","[1103029]","1938","1854","",,
"1","Lethbridge, Census metropolitan area (CMA)","[810]","1999","1939","",,
"1","Lloydminster (Alberta part), Census agglomeration (CA) – provincial part","[48840]","2007","1939","",,
"1","Medicine Hat, Census agglomeration (CA)","[805]","2009","1939","",,
"1","Okotoks, Census agglomeration (CA)","[820]","2013","1939","",,
"1","Red Deer, Census agglomeration (CA)","[830]","2015","1939","",,
"1","Strathmore, Census agglomeration (CA)","[826]","2017","1939","",,
"1","Sylvan Lake, Census agglomeration (CA)","[831]","2019","1939","",,
"1","Wetaskiwin, Census agglomeration (CA)","[865]","2023","1939","",,
"1","Wood Buffalo, Census agglomeration (CA)","[860]","2025","1939","",,
"1","Outside of census metropolitan areas (CMAs) and census agglomerations (CAs), Alberta","","2028","1939","",,
"1","Brooks, Census agglomeration (CA)","[806]","1940","1939","",,
"1","Calgary, Census metropolitan area (CMA)","[825]","1946","1939","",,
"1","Camrose, Census agglomeration (CA)","[833]","1955","1939","",,
"1","Canmore, Census agglomeration (CA)","[828]","1957","1939","",,
"1","Cold Lake, Census agglomeration (CA)","[845]","1959","1939","",,
"1","Edmonton, Census metropolitan area (CMA)","[835]","1961","1939","",,
"1","Grande Prairie, Census agglomeration (CA)","[850]","1993","1939","",,
"1","High River, Census agglomeration (CA)","[821]","1995","1939","",,
"1","Lacombe, Census agglomeration (CA)","[832]","1997","1939","",,
"1","Bassano, Town","[4802039]","1941","1940","",,
"1","Brooks, City","[4802034]","1942","1940","",,
"1","Duchess, Village","[4802036]","1943","1940","",,
"1","Newell County, Municipal district","[4802031]","1944","1940","",,
"1","Rosemary, Village","[4802038]","1945","1940","",,
"1","Airdrie, City","[4806021]","1947","1946","",,
"1","Beiseker, Village","[4806024]","1948","1946","",,
"1","Calgary, City","[4806016]","1949","1946","",,
"1","Chestermere, City","[4806017]","1950","1946","",,
"1","Cochrane, Town","[4806019]","1951","1946","",,
"1","Crossfield, Town","[4806026]","1952","1946","",,
"1","Irricana, Town","[4806022]","1953","1946","",,
"1","Rocky View County, Municipal district","[4806014]","1954","1946","",,
"1","Camrose, City","[4810011]","1956","1955","",,
"1","Canmore, Town","[4815023]","1958","1957","",,
"1","Cold Lake, City","[4812002]","1960","1959","",,
"1","Beaumont, Town","[4811013]","1962","1961","",,
"1","Betula Beach, Summer village","[4811039]","1963","1961","",,
"1","Bon Accord, Town","[4811066]","1964","1961","",,
"1","Bruderheim, Town","[4810066]","1965","1961","",,
"1","Calmar, Town","[4811019]","1966","1961","",,
"1","Devon, Town","[4811018]","1967","1961","",,
"1","Edmonton, City","[4811061]","1968","1961","",,
"1","Fort Saskatchewan, City","[4811056]","1969","1961","",,
"1","Gibbons, Town","[4811064]","1970","1961","",,
"1","Golden Days, Summer village","[4811023]","1971","1961","",,
"1","Itaska Beach, Summer village","[4811022]","1972","1961","",,
"1","Kapasiwin, Summer village","[4811044]","1973","1961","",,
"1","Lakeview, Summer village","[4811042]","1974","1961","",,
"1","Leduc County, Municipal district","[4811012]","1975","1961","",,
"1","Leduc, City","[4811016]","1976","1961","",,
"1","Legal, Town","[4811069]","1977","1961","",,
"1","Morinville, Town","[4811068]","1978","1961","",,
"1","Parkland County, Municipal district","[4811034]","1979","1961","",,
"1","Point Alison, Summer village","[4811041]","1980","1961","",,
"1","Redwater, Town","[4811065]","1981","1961","",,
"1","Seba Beach, Summer village","[4811038]","1982","1961","",,
"1","Spring Lake, Village","[4811046]","1983","1961","",,
"1","Spruce Grove, City","[4811049]","1984","1961","",,
"1","St. Albert, City","[4811062]","1985","1961","",,
"1","Stony Plain, Town","[4811048]","1986","1961","",,
"1","Strathcona County, Specialized municipality","[4811052]","1987","1961","",,
"1","Sturgeon County, Municipal district","[4811059]","1988","1961","",,
"1","Sundance Beach, Summer village","[4811020]","1989","1961","",,
"1","Thorsby, Village","[4811021]","1990","1961","",,
"1","Wabamun, Village","[4811045]","1991","1961","",,
"1","Warburg, Village","[4811024]","1992","1961","",,
"1","Grande Prairie, City","[4819012]","1994","1993","",,
"1","High River, Town","[4806006]","1996","1995","",,
"1","Lacombe, City","[4808031]","1998","1997","",,
"1","Barons, Village","[4802016]","2000","1999","",,
"1","Coaldale, Town","[4802019]","2001","1999","",,
"1","Coalhurst, Town","[4802013]","2002","1999","",,
"1","Lethbridge County, Municipal district","[4802011]","2003","1999","",,
"1","Lethbridge, City","[4802012]","2004","1999","",,
"1","Nobleford, Village","[4802014]","2005","1999","",,
"1","Picture Butte, Town","[4802018]","2006","1999","",,
"1","Lloydminster (Part), City","[4810039]","2008","2007","",,
"1","Cypress County, Municipal district","[4801003]","2010","2009","",,
"1","Medicine Hat, City","[4801006]","2011","2009","",,
"1","Redcliff, Town","[4801018]","2012","2009","",,
"1","Okotoks, Town","[4806012]","2014","2013","",,
"1","Red Deer, City","[4808011]","2016","2015","",,
"1","Strathmore, Town","[4805018]","2018","2017","",,
"1","Jarvis Bay, Summer village","[4808005]","2020","2019","",,
"1","Norglenwold, Summer village","[4808013]","2021","2019","",,
"1","Sylvan Lake, Town","[4808012]","2022","2019","",,
"1","Wetaskiwin, City","[4811002]","2024","2023","",,
"1","Fort Mackay, Indian Settlement","[4816859]","2026","2025","",,
"1","Wood Buffalo, Specialized municipality","[4816037]","2027","2025","",,
"1","Acadia No. 34, Municipal district","[4804001]","2029","2028","",,
"1","Acme, Village","[4805044]","2030","2028","",,
"1","Alberta Beach, Village","[4813012]","2031","2028","",,
"1","Alix, Village","[4808034]","2032","2028","",,
"1","Alliance, Village","[4807032]","2033","2028","",,
"1","Amisk, Village","[4807008]","2034","2028","",,
"1","Andrew, Village","[4810059]","2035","2028","",,
"1","Argentia Beach, Summer village","[4811003]","2036","2028","",,
"1","Arrowwood, Village","[4805011]","2037","2028","",,
"1","Athabasca County, Municipal district","[4813044]","2038","2028","",,
"1","Athabasca, Town","[4813048]","2039","2028","",,
"1","Banff, Town","[4815035]","2040","2028","",,
"1","Barnwell, Village","[4802023]","2041","2028","",,
"1","Barrhead County No. 11, Municipal district","[4813018]","2042","2028","",,
"1","Barrhead, Town","[4813019]","2043","2028","",,
"1","Bashaw, Town","[4810002]","2044","2028","",,
"1","Bawlf, Village","[4810009]","2045","2028","",,
"1","Beaver County, Municipal district","[4810016]","2046","2028","",,
"1","Beaverlodge, Town","[4819009]","2047","2028","",,
"1","Bentley, Town","[4808026]","2048","2028","",,
"1","Berwyn, Village","[4819072]","2049","2028","",,
"1","Big Lakes County, Municipal district","[4817027]","2050","2028","",,
"1","Big Valley, Village","[4807021]","2051","2028","",,
"1","Bighorn No. 8, Municipal district","[4815015]","2052","2028","",,
"1","Birch Cove, Summer village","[4813013]","2053","2028","",,
"1","Birch Hills County, Municipal district","[4819049]","2054","2028","",,
"1","Birchcliff, Summer village","[4808023]","2055","2028","",,
"1","Bittern Lake, Village","[4810012]","2056","2028","",,
"1","Black Diamond, Town","[4806011]","2057","2028","",,
"1","Blackfalds, Town","[4808029]","2058","2028","",,
"1","Bondiss, Summer village","[4813053]","2059","2028","",,
"1","Bonnyville Beach, Summer village","[4812011]","2060","2028","",,
"1","Bonnyville No. 87, Municipal district","[4812004]","2061","2028","",,
"1","Bonnyville, Town","[4812009]","2062","2028","",,
"1","Botha, Village","[4807024]","2063","2028","",,
"1","Bow Island, Town","[4801014]","2064","2028","",,
"1","Bowden, Town","[4808006]","2065","2028","",,
"1","Boyle, Village","[4813046]","2066","2028","",,
"1","Brazeau County, Municipal district","[4811032]","2067","2028","",,
"1","Breton, Village","[4811026]","2068","2028","",,
"1","Burnstick Lake, Summer village","[4809005]","2069","2028","",,
"1","Camrose County, Municipal district","[4810001]","2070","2028","",,
"1","Carbon, Village","[4805042]","2071","2028","",,
"1","Carcajou 187, Indian Settlement","[4817854]","2072","2028","",,
"1","Cardston County, Municipal district","[4803001]","2073","2028","",,
"1","Cardston, Town","[4803004]","2074","2028","",,
"1","Carmangay, Village","[4805002]","2075","2028","",,
"1","Caroline, Village","[4809010]","2076","2028","",,
"1","Carstairs, Town","[4806029]","2077","2028","",,
"1","Castle Island, Summer village","[4813009]","2078","2028","",,
"1","Castor, Town","[4807014]","2079","2028","",,
"1","Cereal, Village","[4804016]","2080","2028","",,
"1","Champion, Village","[4805004]","2081","2028","",,
"1","Chauvin, Village","[4807051]","2082","2028","",,
"1","Chipman, Village","[4810062]","2083","2028","",,
"1","Claresholm, Town","[4803022]","2084","2028","",,
"1","Clear Hills, Municipal district","[4817062]","2085","2028","",,
"1","Clearwater County, Municipal district","[4809002]","2086","2028","",,
"1","Clive, Village","[4808032]","2087","2028","",,
"1","Clyde, Village","[4813032]","2088","2028","",,
"1","Consort, Village","[4804022]","2089","2028","",,
"1","Coronation, Town","[4807012]","2090","2028","",,
"1","Coutts, Village","[4802002]","2091","2028","",,
"1","Cowley, Village","[4803016]","2092","2028","",,
"1","Cremona, Village","[4806031]","2093","2028","",,
"1","Crowsnest Pass, Specialized municipality","[4815007]","2094","2028","",,
"1","Crystal Springs, Summer village","[4811006]","2095","2028","",,
"1","Czar, Village","[4807004]","2096","2028","",,
"1","Daysland, Town","[4807039]","2097","2028","",,
"1","Delburne, Village","[4808004]","2098","2028","",,
"1","Delia, Village","[4805034]","2099","2028","",,
"1","Desmarais, Indian Settlement","[4817855]","2100","2028","",,
"1","Dewberry, Village","[4810046]","2101","2028","",,
"1","Didsbury, Town","[4806032]","2102","2028","",,
"1","Donalda, Village","[4807029]","2103","2028","",,
"1","Donnelly, Village","[4819044]","2104","2028","",,
"1","Drayton Valley, Town","[4811031]","2105","2028","",,
"1","Drumheller, Town","[4805026]","2106","2028","",,
"1","Eckville, Town","[4808024]","2107","2028","",,
"1","Edberg, Village","[4810006]","2108","2028","",,
"1","Edgerton, Village","[4807052]","2109","2028","",,
"1","Edson, Town","[4814024]","2110","2028","",,
"1","Elk Point, Town","[4812016]","2111","2028","",,
"1","Elnora, Village","[4808002]","2112","2028","",,
"1","Empress, Village","[4804006]","2113","2028","",,
"1","Fairview No. 136, Municipal district","[4819066]","2114","2028","",,
"1","Fairview, Town","[4819068]","2115","2028","",,
"1","Falher, Town","[4819046]","2116","2028","",,
"1","Ferintosh, Village","[4810004]","2117","2028","",,
"1","Flagstaff County, Municipal district","[4807031]","2118","2028","",,
"1","Foothills No. 31, Municipal district","[4806001]","2119","2028","",,
"1","Foremost, Village","[4801009]","2120","2028","",,
"1","Forestburg, Village","[4807036]","2121","2028","",,
"1","Fort Macleod, Town","[4803019]","2122","2028","",,
"1","Forty Mile County No. 8, Municipal district","[4801008]","2123","2028","",,
"1","Fox Creek, Town","[4818002]","2124","2028","",,
"1","Gadsby, Village","[4807022]","2125","2028","",,
"1","Ghost Lake, Summer village","[4815027]","2126","2028","",,
"1","Girouxville, Village","[4819048]","2127","2028","",,
"1","Glendon, Village","[4812012]","2128","2028","",,
"1","Glenwood, Village","[4803006]","2129","2028","",,
"1","Grande Cache, Town","[4818005]","2130","2028","",,
"1","Grande Prairie County No. 1, Municipal district","[4819006]","2131","2028","",,
"1","Grandview, Summer village","[4811004]","2132","2028","",,
"1","Granum, Town","[4803021]","2133","2028","",,
"1","Greenview No. 16, Municipal district","[4818015]","2134","2028","",,
"1","Grimshaw, Town","[4819074]","2135","2028","",,
"1","Gull Lake, Summer village","[4808028]","2136","2028","",,
"1","Half Moon Bay, Summer village","[4808025]","2137","2028","",,
"1","Halkirk, Village","[4807016]","2138","2028","",,
"1","Hanna, Town","[4804011]","2139","2028","",,
"1","Hardisty, Town","[4807048]","2140","2028","",,
"1","Hay Lakes, Village","[4810014]","2141","2028","",,
"1","Heisler, Village","[4807038]","2142","2028","",,
"1","High Level, Town","[4817093]","2143","2028","",,
"1","High Prairie, Town","[4817021]","2144","2028","",,
"1","Hill Spring, Village","[4803008]","2145","2028","",,
"1","Hines Creek, Village","[4817064]","2146","2028","",,
"1","Hinton, Town","[4814019]","2147","2028","",,
"1","Holden, Village","[4810021]","2148","2028","",,
"1","Horseshoe Bay, Summer village","[4812020]","2149","2028","",,
"1","Hughenden, Village","[4807006]","2150","2028","",,
"1","Hussar, Village","[4805019]","2151","2028","",,
"1","Hythe, Village","[4819008]","2152","2028","",,
"1","Improvement District No.  4 Waterton, Improvement district","[4803003]","2153","2028","",,
"1","Improvement District No.  9 Banff, Improvement district","[4815032]","2154","2028","",,
"1","Improvement District No. 12 Jasper Park, Improvement district","[4815037]","2155","2028","",,
"1","Improvement District No. 13 Elk Island, Improvement district","[4810068]","2156","2028","",,
"1","Improvement District No. 24 Wood Buffalo, Improvement district","[4816051]","2157","2028","",,
"1","Improvement District No. 25 Willmore Wilderness, Improvement district","[4814028]","2158","2028","",,
"1","Improvement District No. 349, Improvement district","[4812038]","2159","2028","",,
"1","Innisfail, Town","[4808008]","2160","2028","",,
"1","Innisfree, Village","[4810031]","2161","2028","",,
"1","Irma, Village","[4807056]","2162","2028","",,
"1","Island Lake South, Summer village","[4813051]","2163","2028","",,
"1","Island Lake, Summer village","[4813049]","2164","2028","",,
"1","Jasper, Specialized municipality","[4815033]","2165","2028","",,
"1","Kananaskis, Improvement district","[4815013]","2166","2028","",,
"1","Killam, Town","[4807042]","2167","2028","",,
"1","Kitscoty, Village","[4810041]","2168","2028","",,
"1","Kneehill County, Municipal district","[4805041]","2169","2028","",,
"1","Lac Ste. Anne County, Municipal district","[4813001]","2170","2028","",,
"1","Lac la Biche County, Municipal district","[4812037]","2171","2028","",,
"1","Lacombe County, Municipal district","[4808022]","2172","2028","",,
"1","Lamont County, Municipal district","[4810058]","2173","2028","",,
"1","Lamont, Town","[4810064]","2174","2028","",,
"1","Larkspur, Summer village","[4813033]","2175","2028","",,
"1","Lesser Slave River No.124, Municipal district","[4817033]","2176","2028","",,
"1","Linden, Village","[4805046]","2177","2028","",,
"1","Little Buffalo, Indian Settlement","[4817853]","2178","2028","",,
"1","Lomond, Village","[4805008]","2179","2028","",,
"1","Longview, Village","[4806008]","2180","2028","",,
"1","Lougheed, Village","[4807046]","2181","2028","",,
"1","Ma-Me-O Beach, Summer village","[4811008]","2182","2028","",,
"1","Mackenzie County, Specialized municipality","[4817095]","2183","2028","",,
"1","Magrath, Town","[4803002]","2184","2028","",,
"1","Manning, Town","[4817078]","2185","2028","",,
"1","Mannville, Village","[4810034]","2186","2028","",,
"1","Marwayne, Village","[4810044]","2187","2028","",,
"1","Mayerthorpe, Town","[4813002]","2188","2028","",,
"1","McLennan, Town","[4819042]","2189","2028","",,
"1","Mewatha Beach, Summer village","[4813045]","2190","2028","",,
"1","Milk River, Town","[4802004]","2191","2028","",,
"1","Millet, Town","[4811011]","2192","2028","",,
"1","Milo, Village","[4805009]","2193","2028","",,
"1","Minburn County No. 27, Municipal district","[4810026]","2194","2028","",,
"1","Morrin, Village","[4805038]","2195","2028","",,
"1","Mountain View County, Municipal district","[4806028]","2196","2028","",,
"1","Mundare, Town","[4810061]","2197","2028","",,
"1","Munson, Village","[4805036]","2198","2028","",,
"1","Myrnam, Village","[4810051]","2199","2028","",,
"1","Nakamun Park, Summer village","[4813003]","2200","2028","",,
"1","Nampa, Village","[4817039]","2201","2028","",,
"1","Nanton, Town","[4803026]","2202","2028","",,
"1","Norris Beach, Summer village","[4811007]","2203","2028","",,
"1","Northern Lights County, Municipal district","[4817076]","2204","2028","",,
"1","Northern Sunrise County, Municipal district","[4817026]","2205","2028","",,
"1","Olds, Town","[4806034]","2206","2028","",,
"1","Onoway, Town","[4813014]","2207","2028","",,
"1","Opportunity No. 17, Municipal district","[4817031]","2208","2028","",,
"1","Oyen, Town","[4804014]","2209","2028","",,
"1","Paintearth County No. 18, Municipal district","[4807011]","2210","2028","",,
"1","Paradise Valley, Village","[4810038]","2211","2028","",,
"1","Parkland Beach, Summer village","[4808042]","2212","2028","",,
"1","Peace No. 135, Municipal district","[4819071]","2213","2028","",,
"1","Peace River, Town","[4819038]","2214","2028","",,
"1","Pelican Narrows, Summer village","[4812013]","2215","2028","",,
"1","Penhold, Town","[4808009]","2216","2028","",,
"1","Pincher Creek No. 9, Municipal district","[4803011]","2217","2028","",,
"1","Pincher Creek, Town","[4803014]","2218","2028","",,
"1","Ponoka County, Municipal district","[4808038]","2219","2028","",,
"1","Ponoka, Town","[4808039]","2220","2028","",,
"1","Poplar Bay, Summer village","[4811005]","2221","2028","",,
"1","Provost No. 52, Municipal district","[4807001]","2222","2028","",,
"1","Provost, Town","[4807002]","2223","2028","",,
"1","Rainbow Lake, Town","[4817097]","2224","2028","",,
"1","Ranchland No. 66, Municipal district","[4815045]","2225","2028","",,
"1","Raymond, Town","[4802008]","2226","2028","",,
"1","Red Deer County, Municipal district","[4808001]","2227","2028","",,
"1","Rimbey, Town","[4808044]","2228","2028","",,
"1","Rochon Sands, Summer village","[4807028]","2229","2028","",,
"1","Rocky Mountain House, Town","[4809015]","2230","2028","",,
"1","Rockyford, Village","[4805022]","2231","2028","",,
"1","Rosalind, Village","[4810003]","2232","2028","",,
"1","Ross Haven, Summer village","[4813008]","2233","2028","",,
"1","Rycroft, Village","[4819056]","2234","2028","",,
"1","Ryley, Village","[4810019]","2235","2028","",,
"1","Saddle Hills County, Municipal district","[4819059]","2236","2028","",,
"1","Sandy Beach, Summer village","[4813016]","2237","2028","",,
"1","Sedgewick, Town","[4807044]","2238","2028","",,
"1","Sexsmith, Town","[4819014]","2239","2028","",,
"1","Silver Beach, Summer village","[4811009]","2240","2028","",,
"1","Silver Sands, Summer village","[4813010]","2241","2028","",,
"1","Slave Lake, Town","[4817029]","2242","2028","",,
"1","Smoky Lake County, Municipal district","[4812022]","2243","2028","",,
"1","Smoky Lake, Town","[4812029]","2244","2028","",,
"1","Smoky River No. 130, Municipal district","[4819041]","2245","2028","",,
"1","South Baptiste, Summer village","[4813055]","2246","2028","",,
"1","South View, Summer village","[4813015]","2247","2028","",,
"1","Special Area No. 2, Special area","[4804004]","2248","2028","",,
"1","Special Area No. 3, Special area","[4804012]","2249","2028","",,
"1","Special Area No. 4, Special area","[4804020]","2250","2028","",,
"1","Spirit River No. 133, Municipal district","[4819054]","2251","2028","",,
"1","Spirit River, Town","[4819058]","2252","2028","",,
"1","St. Paul County No. 19, Municipal district","[4812014]","2253","2028","",,
"1","St. Paul, Town","[4812018]","2254","2028","",,
"1","Standard, Village","[4805021]","2255","2028","",,
"1","Starland County, Municipal district","[4805031]","2256","2028","",,
"1","Stavely, Town","[4803024]","2257","2028","",,
"1","Stettler County No. 6, Municipal district","[4807019]","2258","2028","",,
"1","Stettler, Town","[4807026]","2259","2028","",,
"1","Stirling, Village","[4802009]","2260","2028","",,
"1","Sunbreaker Cove, Summer village","[4808027]","2261","2028","",,
"1","Sundre, Town","[4806036]","2262","2028","",,
"1","Sunrise Beach, Summer village","[4813017]","2263","2028","",,
"1","Sunset Beach, Summer village","[4813047]","2264","2028","",,
"1","Sunset Point, Summer village","[4813011]","2265","2028","",,
"1","Swan Hills, Town","[4817024]","2266","2028","",,
"1","Taber, Municipal district","[4802021]","2267","2028","",,
"1","Taber, Town","[4802022]","2268","2028","",,
"1","Thorhild County, Municipal district","[4813036]","2269","2028","",,
"1","Three Hills, Town","[4805048]","2270","2028","",,
"1","Tofield, Town","[4810018]","2271","2028","",,
"1","Trochu, Town","[4805049]","2272","2028","",,
"1","Turner Valley, Town","[4806009]","2273","2028","",,
"1","Two Hills County No. 21, Municipal district","[4810048]","2274","2028","",,
"1","Two Hills, Town","[4810052]","2275","2028","",,
"1","Val Quentin, Summer village","[4813005]","2276","2028","",,
"1","Valleyview, Town","[4818018]","2277","2028","",,
"1","Vauxhall, Town","[4802029]","2278","2028","",,
"1","Vegreville, Town","[4810028]","2279","2028","",,
"1","Vermilion River County, Municipal district","[4810036]","2280","2028","",,
"1","Vermilion, Town","[4810042]","2281","2028","",,
"1","Veteran, Village","[4804021]","2282","2028","",,
"1","Viking, Town","[4810022]","2283","2028","",,
"1","Vilna, Village","[4812024]","2284","2028","",,
"1","Vulcan County, Municipal district","[4805001]","2285","2028","",,
"1","Vulcan, Town","[4805006]","2286","2028","",,
"1","Wainwright No. 61, Municipal district","[4807049]","2287","2028","",,
"1","Wainwright, Town","[4807054]","2288","2028","",,
"1","Waiparous, Summer village","[4815030]","2289","2028","",,
"1","Warner County No. 5, Municipal district","[4802001]","2290","2028","",,
"1","Warner, Village","[4802006]","2291","2028","",,
"1","Waskatenau, Village","[4812026]","2292","2028","",,
"1","Wembley, Town","[4819011]","2293","2028","",,
"1","West Baptiste, Summer village","[4813057]","2294","2028","",,
"1","West Cove, Summer village","[4813006]","2295","2028","",,
"1","Westlock County, Municipal district","[4813028]","2296","2028","",,
"1","Westlock, Town","[4813031]","2297","2028","",,
"1","Wetaskiwin County No. 10, Municipal district","[4811001]","2298","2028","",,
"1","Wheatland County, Municipal district","[4805012]","2299","2028","",,
"1","Whispering Hills, Summer village","[4813061]","2300","2028","",,
"1","White Sands, Summer village","[4807027]","2301","2028","",,
"1","Whitecourt, Town","[4813030]","2302","2028","",,
"1","Willingdon, Village","[4810056]","2303","2028","",,
"1","Willow Creek No. 26, Municipal district","[4803018]","2304","2028","",,
"1","Woodlands County, Municipal district","[4813029]","2305","2028","",,
"1","Yellowhead County, Municipal district","[4814003]","2306","2028","",,
"1","Yellowstone, Summer village","[4813007]","2307","2028","",,
"1","Youngstown, Village","[4804019]","2308","2028","",,
"1","Newfoundland and Labrador","[10]","1177","","",13;14;25,
"1","British Columbia","[59]","516","","",29,
"1","Yukon","[60]","1553","","",,
"1","Northwest Territories","[61]","1592","","",15;16,
"1","Nunavut","[62]","1634","","",17;18,
"1","Manitoba","[46]","1667","","",24;27;30,
"1","New Brunswick","[13]","845","","",31;32,
"1","Prince Edward Island","[11]","1827","","",33;34,
"1","Alberta","[48]","1939","","",35,
"1","Ontario","[35]","74","","",28,
"1","Nova Scotia","[12]","1","","",26,
"2","Single-detached house","","2","1","",,
"2","Semi-detached house","","3","1","",,
"2","Row house","","4","1","",,
"2","Condominium apartment","","5","1","",5,
"2","Property with multiple residential units","","6","1","",6,
"2","Other property type","","7","1","",7,
"2","Mobile home","","8","1","",11,
"2","Total, all owner-occupied property types","","1","","",,
"3","Single-property owner","","2","1","",,
"3","Multiple-property owner","","4","1","",,
"3","Owns one property","","3","2","",,
"3","Owns two properties","","5","4","",,
"3","Owns three properties","","6","4","",,
"3","Owns four or more properties","","7","4","",,
"3","Total, all number of properties owned categories","","1","","",,
"4","Male","","2","1","",,
"4","Female","","3","1","",,
"4","Unspecified sex","","4","1","",,
"4","Total, all sex of property owner categories","","1","","",,
"5","Proportion of owners by geography","","1","","",3;23,
"5","Proportion of owners by property type","","2","","",3,
"5","Proportion of owners by number of residential properties owned","","3","","",3,
"5","Proportion of owners by sex","","4","","",3,
"5","Average assessment value of the owner-occupied property","","5","","",9;18;22,
"5","Median assessment value of the owner-occupied property","","6","","",9;18;22,
"5","Average total assessment value of all the owner's properties","","7","","",9;10;22,
"5","Median total assessment value of all the owner's properties","","8","","",9;10;22,
"5","Average age of property owner","","9","","",22,
"5","Median age of property owner","","10","","",22,
"5","Average total income of property owner","","11","","",12;22,
"5","Median total income of property owner","","12","","",12;22,
"5","Number of property owners","","13","","",3;19;23,

Symbol Legend
Description,Symbol
"not available for a specific reference period","..",
"less than the limit of detection","<LOD",
"value rounded to 0 (zero) where there is a meaningful distinction between true zero and the value that was rounded","0s",
"data quality: excellent","A",
"data quality: very good","B",
"data quality: good","C",
"data quality: acceptable","D",
"use with caution","E",
"too unreliable to be published","F",
"not applicable","...",
"preliminary","p",
"revised","r",
"suppressed to meet the confidentiality requirements of the Statistics Act","x",
"terminated","t",

"Survey Code","Survey Name"
"5257","Canadian Housing Statistics Program"

"Subject Code","Subject Name"
"46","Housing"

"Note ID",Note
1,"The universe of this table is restricted to resident owners who are persons occupying a residential property. An owner's geographic location is determined by the location of the occupied property for both single- and multiple-property owners. A residential property refers to all land and structures intended for private dwelling purposes, whether on a permanent or a temporary basis."
2,"The geographic boundaries used in this table are the 2016 census subdivisions boundaries."
3,"Counts undergo random rounding, a process that transforms all raw counts into randomly rounded counts. This reduces the possibility of identifying property owners in the tabulations. All percentages are derived from rounded counts, subtotals and totals may not exactly equal the sum of components due to system rounding."
4,""Property type" refers to property characteristics and/or dwelling configuration, on which there can be one or more residential structures. Property types include single-detached houses, semi-detached houses, condominium apartments, mobile homes, other property types, properties with multiple residential units, and vacant land."
5,"A "condominium apartment" refers to a set of living quarters that is owned individually, while land and common elements are held in joint ownership with others."
6,"A "property with multiple residential units" refers to a property containing more than one set of living quarters owned by the same owner(s), as is the case for an apartment building or a duplex."
7,"An "other property type" refers to a property where the structure has a single dwelling unit in a mixed-use building and does not fall into any of the other categories, or where the structure type is unknown."
8,"The number of properties owned by the property owner is limited to residential properties that are within a given province."
9,""Assessment value" refers to the assessed value of the property for the purposes of determining property taxes. It is important to note that the assessed value does not necessarily represent the market value. Given that different provinces and territories have their own assessment periods and durations of the valuation roll, it is difficult to make accurate comparisons of similar properties from one province or territory to another. For properties that are being utilized for both residential and non-residential purposes, only the residential portion's value has been taken into account. The reference years of the assessment values by province or territory are available here: <a href="https://www.statcan.gc.ca/en/statistical-programs/document/5257_D2_V7" rel="external noopener noreferrer" target="_blank">Canadian Housing Statistics Program (CHSP) 2022<span class="wb-inv"> - opens in a new browser window</span></a>."
10,""Total assessment value" represents the sum of the assessment values of all residential properties owned by an owner within a given province."
11,"A "mobile home" is a single dwelling, designed and constructed to be transported on its own chassis and capable of being moved to a new location on short notice. It may be placed temporarily on a foundation pad and may be covered by a skirt. This category may also include houseboats and mini homes."
12,""Total income of person" refers to the total income of a property owner, before deductions for income taxes, during the previous year. This income measure is the sum of market income and government transfers. Market income includes employment income, investment income, private retirement income and other income from market sources during the previous year. Government transfers refer to all cash benefits received from federal, provincial, territorial or municipal governments during the previous year."
13,"Newfoundland and Labrador estimates are not available at the provincial level and for the category "Outside of census metropolitan areas (CMAs) and census agglomerations (CAs)"."
14,"Estimates by property type in Newfoundland and Labrador are only available in the census subdivision of St. John’s."
15,"Northwest Territories estimates are only available in the census agglomeration of Yellowknife."
16,"Estimates by property type in Northwest Territories are not available."
17,"Estimates by property type in Nunavut are not available."
18,"For Nunavut, the property use indicator is not available, the universe of this table includes all resident owners who are persons. For owners with multiple properties, the geographic location and type of property comes from the residential property with the highest assessment value."
19,"The number of property owners estimates are not available for the 2018 reference period."
20,"Previous reference period estimates are subject to revision."
21,"The Composite Quality Indicator (CQI) shown in this table is created by combining many individual quality indicators, each one representing the quality of different Canadian Housing Statistics Program (CHSP) data processing steps (for example: coding, geocoding, linkage and imputation) and includes the following values: A - Excellent: All domain variables and the variable of interest are of excellent quality. B - Very good: All domain variables and the variable of interest are of very good to excellent quality. C - Good: The quality of some of the domain variables or the variable of interest is considered good while all the other variables are of very good to excellent quality. D - Acceptable: The quality of some of the domain variables or the variable of interest is considered acceptable while all the other variables are of good to excellent quality. E - Use with caution: Several domain variables or the variable of interest are of poor quality. F - Too unreliable to be published. The CQIs are available starting with the reference period of 2020, except for the Northwest Territories where they are available from 2019 reference period."
22,"Averages and medians are calculated using values greater than zero for the variables of interest."
23,"The number of owners should be used with caution outside of census metropolitan areas (CMAs) and census agglomerations (CAs), as well as the proportion of owners by geography. This note does not apply to Nunavut."
24,"The breakdown of property types between semi-detached and row houses is not available in Manitoba for the reference period 2020."
25,"In Newfoundland and Labrador, the methodology for identifying property type has improved in 2021. This resulted in the reclassification of some properties that were "mobile home" to "single-detached house" in the census subdivision of St. John’s."
26,"In Nova Scotia, the methodology for identifying property type has improved in 2021. This resulted in a break in the series of owner counts between 2020 and 2021 for "row house", "condominium apartment", and "other property types"."
27,"In Manitoba, the owners of 1.8% of residential properties were not identified in 2020. This percentage is reduced to just 0.1% in 2021. As a result, longitudinal comparison of the number of owners between 2020 and 2021 is not recommended."
28,"In Ontario, assessment value for the most recent construction period is available for the first time in 2022. Therefore, users are advised to limit comparisons of assessment value estimates with reference periods before 2022. "
29,"For the reference period 2022, the methodology for identifying property type in British Columbia has improved. Consequently, users are advised to limit longitudinal comparison of row houses and condominium apartments between 2022 and previous reference periods. "
30,"In Manitoba, the methodology for identifying property type continued to improve in 2022. This resulted in 48% of row houses to become condominium apartments. Consequently, longitudinal comparison between 2022 and previous reference periods of these structures is not recommended. "
31,"For the reference period 2022, the methodology for identifying property type has improved in New Brunswick. Consequently, users are advised to limit longitudinal comparison of estimates per property type between 2022 and previous reference periods."
32,"In New Brunswick, the proportion of owners for variables related to unspecified characteristics of owners is reduced from 2.9% to 1.7%. This is the result of improved linkage and better data quality. As a result, longitudinal comparison of the number of owners between 2021 and 2022 is not recommended for variables related to owner characteristics."
33,"In Prince Edward Island, the owners of 0.4% of residential properties were not identified in 2022. Therefore, the estimates of the number of owners in this table may be underestimated."
34,"In Prince Edward Island, better data quality in 2022 resulted in changes in several owner variables. Therefore, longitudinal comparison of estimates is not recommended."
35,"For the reference period of 2022, the methodology for identifying property types has improved in Alberta. This resulted in the reclassification of some properties. Consequently, users are advised to limit longitudinal comparison of estimates per property type between 2022 and 2021."
36,"This table has been archived. Please consult table <a href="https://www150.statcan.gc.ca/t1/tbl1/en/tv.action?pid=4610009601&request_locale=en" rel="external noopener noreferrer" target="_blank"> 46-10-0096-01 (opens new window)</a> for more recent data."

"Correction ID","Correction Date","Correction Note"
